"year","month","day","ordinal_day","min_temp","scenario"
2025,3,1,60,-15.461964966,"1"
2025,3,2,61,-14.909588442,"1"
2025,3,3,62,-13.575950094,"1"
2025,3,4,63,-13.090713258,"1"
2025,3,5,64,-12.104980566,"1"
2025,3,6,65,-10.984968498,"1"
2025,3,7,66,-10.563819546,"1"
2025,3,8,67,-10.182344046,"1"
2025,3,9,68,-10.463110014,"1"
2025,3,10,69,-10.695047118,"1"
2025,3,11,70,-10.875103554,"1"
2025,3,12,71,-10.289157186,"1"
2025,3,13,72,-10.579078566,"1"
2025,3,14,73,-11.216905602,"1"
2025,3,15,74,-12.919812234,"1"
2025,3,16,75,-11.201646582,"1"
2025,3,17,76,-8.162049798,"1"
2025,3,18,77,-8.836498482,"1"
2025,3,19,78,-9.370564182,"1"
2025,3,20,79,-9.349201554,"1"
2025,3,21,80,-9.465170106,"1"
2025,3,22,81,-7.707331002,"1"
2025,3,23,82,-6.288242142,"1"
2025,3,24,83,-7.792781514,"1"
2025,3,25,84,-6.773478978,"1"
2025,3,26,85,-4.954603794,"1"
2025,3,27,86,-4.518195822,"1"
2025,3,28,87,-4.344242994,"1"
2025,3,29,88,-5.772487266,"1"
2025,3,30,89,-4.542610254,"1"
2025,3,31,90,-4.496833194,"1"
2026,3,1,60,-13.35927201,"1"
2026,3,2,61,-13.493551386,"1"
2026,3,3,62,-13.49660319,"1"
2026,3,4,63,-12.455938026,"1"
2026,3,5,64,-14.131378422,"1"
2026,3,6,65,-13.087661454,"1"
2026,3,7,66,-12.85572435,"1"
2026,3,8,67,-12.004271034,"1"
2026,3,9,68,-12.074462526,"1"
2026,3,10,69,-11.476308942,"1"
2026,3,11,70,-11.265734466,"1"
2026,3,12,71,-8.625924006,"1"
2026,3,13,72,-8.314639998,"1"
2026,3,14,73,-9.922940706,"1"
2026,3,15,74,-11.387806626,"1"
2026,3,16,75,-10.365452286,"1"
2026,3,17,76,-10.133515182,"1"
2026,3,18,77,-9.608604894,"1"
2026,3,19,78,-11.067367206,"1"
2026,3,20,79,-9.72762525,"1"
2026,3,21,80,-8.558784318,"1"
2026,3,22,81,-7.582207038,"1"
2026,3,23,82,-8.213930466,"1"
2026,3,24,83,-6.449987754,"1"
2026,3,25,84,-5.387959962,"1"
2026,3,26,85,-6.453039558,"1"
2026,3,27,86,-7.185472518,"1"
2026,3,28,87,-5.711451186,"1"
2026,3,29,88,-5.558860986,"1"
2026,3,30,89,-4.197756402,"1"
2026,3,31,90,-4.759288338,"1"
2027,3,1,60,-13.041884394,"1"
2027,3,2,61,-13.80178359,"1"
2027,3,3,62,-13.057143414,"1"
2027,3,4,63,-12.39795375,"1"
2027,3,5,64,-12.297244218,"1"
2027,3,6,65,-13.185319182,"1"
2027,3,7,66,-13.936062966,"1"
2027,3,8,67,-12.889294194,"1"
2027,3,9,68,-13.179215574,"1"
2027,3,10,69,-13.990995438,"1"
2027,3,11,70,-13.691918646,"1"
2027,3,12,71,-11.244371838,"1"
2027,3,13,72,-10.179292242,"1"
2027,3,14,73,-9.999235806,"1"
2027,3,15,74,-10.768290414,"1"
2027,3,16,75,-10.167085026,"1"
2027,3,17,76,-9.718469838,"1"
2027,3,18,77,-9.45296289,"1"
2027,3,19,78,-8.097961914,"1"
2027,3,20,79,-8.314639998,"1"
2027,3,21,80,-8.17120521,"1"
2027,3,22,81,-8.012511402,"1"
2027,3,23,82,-7.692071982,"1"
2027,3,24,83,-6.90470655,"1"
2027,3,25,84,-6.96574263,"1"
2027,3,26,85,-6.071564058,"1"
2027,3,27,86,-5.384908158,"1"
2027,3,28,87,-4.628060766,"1"
2027,3,29,88,-5.815212522,"1"
2027,3,30,89,-3.642328074,"1"
2027,3,31,90,-4.03601079,"1"
2028,3,1,61,-15.211717038,"1"
2028,3,2,62,-15.501638418,"1"
2028,3,3,63,-12.635994462,"1"
2028,3,4,64,-11.647209966,"1"
2028,3,5,65,-10.560767742,"1"
2028,3,6,66,-10.862896338,"1"
2028,3,7,67,-13.597312722,"1"
2028,3,8,68,-13.060195218,"1"
2028,3,9,69,-10.829326494,"1"
2028,3,10,70,-9.321735318,"1"
2028,3,11,71,-8.65949385,"1"
2028,3,12,72,-9.019606722,"1"
2028,3,13,73,-9.196611354,"1"
2028,3,14,74,-9.84969741,"1"
2028,3,15,75,-9.050124762,"1"
2028,3,16,76,-7.277026638,"1"
2028,3,17,77,-8.244448506,"1"
2028,3,18,78,-9.205766766,"1"
2028,3,19,79,-8.119324542,"1"
2028,3,20,80,-7.017623298,"1"
2028,3,21,81,-6.254672298,"1"
2028,3,22,82,-5.735865618,"1"
2028,3,23,83,-6.974898042,"1"
2028,3,24,84,-6.688028466,"1"
2028,3,25,85,-5.940336486,"1"
2028,3,26,86,-5.568016398,"1"
2028,3,27,87,-4.332035778,"1"
2028,3,28,88,-3.160143042,"1"
2028,3,29,89,-3.169298454,"1"
2028,3,30,90,-4.225222638,"1"
2028,3,31,91,-4.38696825,"1"
2029,3,1,60,-14.326693878,"1"
2029,3,2,61,-14.024565282,"1"
2029,3,3,62,-11.839473618,"1"
2029,3,4,63,-12.724496778,"1"
2029,3,5,64,-14.140533834,"1"
2029,3,6,65,-12.419316378,"1"
2029,3,7,66,-11.75707491,"1"
2029,3,8,67,-12.645149874,"1"
2029,3,9,68,-13.057143414,"1"
2029,3,10,69,-12.79468827,"1"
2029,3,11,70,-11.943234954,"1"
2029,3,12,71,-10.74997959,"1"
2029,3,13,72,-12.419316378,"1"
2029,3,14,73,-12.910656822,"1"
2029,3,15,74,-11.839473618,"1"
2029,3,16,75,-9.645226542,"1"
2029,3,17,76,-8.299380978,"1"
2029,3,18,77,-8.345158038,"1"
2029,3,19,78,-8.070495678,"1"
2029,3,20,79,-8.192567838,"1"
2029,3,21,80,-8.393986902,"1"
2029,3,22,81,-10.615700214,"1"
2029,3,23,82,-8.96467425,"1"
2029,3,24,83,-7.310596482,"1"
2029,3,25,84,-7.008467886,"1"
2029,3,26,85,-5.74502103,"1"
2029,3,27,86,-3.459219834,"1"
2029,3,28,87,-2.955672174,"1"
2029,3,29,88,-2.858014446,"1"
2029,3,30,89,-2.180513958,"1"
2029,3,31,90,-2.803081974,"1"
2030,3,1,60,-13.591209114,"1"
2030,3,2,61,-15.544363674,"1"
2030,3,3,62,-13.203630006,"1"
2030,3,4,63,-11.598381102,"1"
2030,3,5,64,-11.583122082,"1"
2030,3,6,65,-12.07751433,"1"
2030,3,7,66,-11.49767157,"1"
2030,3,8,67,-11.198594778,"1"
2030,3,9,68,-12.32165865,"1"
2030,3,10,69,-12.837413526,"1"
2030,3,11,70,-12.04699629,"1"
2030,3,12,71,-11.580070278,"1"
2030,3,13,72,-9.66658917,"1"
2030,3,14,73,-8.973829662,"1"
2030,3,15,74,-10.341037854,"1"
2030,3,16,75,-9.379719594,"1"
2030,3,17,76,-10.81101567,"1"
2030,3,18,77,-9.022658526,"1"
2030,3,19,78,-8.052184854,"1"
2030,3,20,79,-8.30853639,"1"
2030,3,21,80,-8.097961914,"1"
2030,3,22,81,-7.038985926,"1"
2030,3,23,82,-6.214998846,"1"
2030,3,24,83,-6.291293946,"1"
2030,3,25,84,-5.186540898,"1"
2030,3,26,85,-4.930189362,"1"
2030,3,27,86,-5.726710206,"1"
2030,3,28,87,-4.98207003,"1"
2030,3,29,88,-4.731822102,"1"
2030,3,30,89,-5.006484462,"1"
2030,3,31,90,-3.94445667,"1"
2031,3,1,60,-12.53528493,"1"
2031,3,2,61,-12.761118426,"1"
2031,3,3,62,-11.491567962,"1"
2031,3,4,63,-11.125351482,"1"
2031,3,5,64,-12.79468827,"1"
2031,3,6,65,-11.769282126,"1"
2031,3,7,66,-10.057220082,"1"
2031,3,8,67,-10.240328322,"1"
2031,3,9,68,-11.860836246,"1"
2031,3,10,69,-13.704125862,"1"
2031,3,11,70,-12.327762258,"1"
2031,3,12,71,-10.341037854,"1"
2031,3,13,72,-8.82734307,"1"
2031,3,14,73,-9.584190462,"1"
2031,3,15,74,-8.943311622,"1"
2031,3,16,75,-8.122376346,"1"
2031,3,17,76,-6.868084902,"1"
2031,3,18,77,-6.944380002,"1"
2031,3,19,78,-6.648355014,"1"
2031,3,20,79,-6.739909134,"1"
2031,3,21,80,-7.899594654,"1"
2031,3,22,81,-7.130540046,"1"
2031,3,23,82,-7.14885087,"1"
2031,3,24,83,-7.80498873,"1"
2031,3,25,84,-6.501868422,"1"
2031,3,26,85,-5.998320762,"1"
2031,3,27,86,-6.30960477,"1"
2031,3,28,87,-5.955595506,"1"
2031,3,29,88,-4.11230589,"1"
2031,3,30,89,-3.343251282,"1"
2031,3,31,90,-2.93736135,"1"
2032,3,1,61,-12.281985198,"1"
2032,3,2,62,-13.05409161,"1"
2032,3,3,63,-13.334857578,"1"
2032,3,4,64,-12.800791878,"1"
2032,3,5,65,-14.039824302,"1"
2032,3,6,66,-14.070342342,"1"
2032,3,7,67,-13.197526398,"1"
2032,3,8,68,-12.266726178,"1"
2032,3,9,69,-10.777445826,"1"
2032,3,10,70,-10.27694997,"1"
2032,3,11,71,-10.862896338,"1"
2032,3,12,72,-9.196611354,"1"
2032,3,13,73,-8.82734307,"1"
2032,3,14,74,-9.394978614,"1"
2032,3,15,75,-10.762186806,"1"
2032,3,16,76,-9.272906454,"1"
2032,3,17,77,-8.799876834,"1"
2032,3,18,78,-9.440755674,"1"
2032,3,19,79,-9.211870374,"1"
2032,3,20,80,-9.20881857,"1"
2032,3,21,81,-7.936216302,"1"
2032,3,22,82,-5.873196798,"1"
2032,3,23,83,-4.670786022,"1"
2032,3,24,84,-5.024795286,"1"
2032,3,25,85,-5.21095533,"1"
2032,3,26,86,-6.007476174,"1"
2032,3,27,87,-5.647363302,"1"
2032,3,28,88,-3.831539922,"1"
2032,3,29,89,-3.035019078,"1"
2032,3,30,90,-3.94445667,"1"
2032,3,31,91,-3.260852574,"1"
2033,3,1,60,-11.403065646,"1"
2033,3,2,61,-11.430531882,"1"
2033,3,3,62,-12.849620742,"1"
2033,3,4,63,-12.09277335,"1"
2033,3,5,64,-10.82627469,"1"
2033,3,6,65,-8.836498482,"1"
2033,3,7,66,-9.54451701,"1"
2033,3,8,67,-10.066375494,"1"
2033,3,9,68,-10.252535538,"1"
2033,3,10,69,-7.844662182,"1"
2033,3,11,70,-8.207826858,"1"
2033,3,12,71,-7.945371714,"1"
2033,3,13,72,-8.61371679,"1"
2033,3,14,73,-6.85892949,"1"
2033,3,15,74,-6.352330026,"1"
2033,3,16,75,-5.186540898,"1"
2033,3,17,76,-5.006484462,"1"
2033,3,18,77,-4.628060766,"1"
2033,3,19,78,-6.300449358,"1"
2033,3,20,79,-7.664605746,"1"
2033,3,21,80,-8.021666814,"1"
2033,3,22,81,-7.609673274,"1"
2033,3,23,82,-8.314639998,"1"
2033,3,24,83,-9.077590998,"1"
2033,3,25,84,-7.701227394,"1"
2033,3,26,85,-7.765315278,"1"
2033,3,27,86,-7.319751894,"1"
2033,3,28,87,-6.794841606,"1"
2033,3,29,88,-5.77553907,"1"
2033,3,30,89,-3.53246313,"1"
2033,3,31,90,-3.80712549,"1"
2034,3,1,60,-16.093688394,"1"
2034,3,2,61,-15.440602338,"1"
2034,3,3,62,-13.90859673,"1"
2034,3,4,63,-13.722436686,"1"
2034,3,5,64,-13.957425594,"1"
2034,3,6,65,-13.48134417,"1"
2034,3,7,66,-13.133438514,"1"
2034,3,8,67,-12.224000922,"1"
2034,3,9,68,-13.337909382,"1"
2034,3,10,69,-11.692987026,"1"
2034,3,11,70,-9.755091486,"1"
2034,3,12,71,-9.700159014,"1"
2034,3,13,72,-8.82734307,"1"
2034,3,14,73,-9.236284806,"1"
2034,3,15,74,-9.550620618,"1"
2034,3,16,75,-8.952467034,"1"
2034,3,17,76,-7.817195946,"1"
2034,3,18,77,-6.230257866,"1"
2034,3,19,78,-5.690088558,"1"
2034,3,20,79,-4.518195822,"1"
2034,3,21,80,-5.445944238,"1"
2034,3,22,81,-4.078736046,"1"
2034,3,23,82,-4.02075177,"1"
2034,3,24,83,-4.704355866,"1"
2034,3,25,84,-4.939344774,"1"
2034,3,26,85,-3.892576002,"1"
2034,3,27,86,-3.892576002,"1"
2034,3,28,87,-4.194704598,"1"
2034,3,29,88,-3.88342059,"1"
2034,3,30,89,-4.209963618,"1"
2034,3,31,90,-5.40932259,"1"
2035,3,1,60,-9.81917937,"1"
2035,3,2,61,-12.434575398,"1"
2035,3,3,62,-13.368427422,"1"
2035,3,4,63,-13.54238025,"1"
2035,3,5,64,-15.324633786,"1"
2035,3,6,65,-16.33478091,"1"
2035,3,7,66,-14.164948266,"1"
2035,3,8,67,-13.167008358,"1"
2035,3,9,68,-12.828258114,"1"
2035,3,10,69,-10.594337586,"1"
2035,3,11,70,-8.848705698,"1"
2035,3,12,71,-9.428548458,"1"
2035,3,13,72,-9.97176957,"1"
2035,3,14,73,-8.67475287,"1"
2035,3,15,74,-8.778514206,"1"
2035,3,16,75,-7.023726906,"1"
2035,3,17,76,-5.201799918,"1"
2035,3,18,77,-6.343174614,"1"
2035,3,19,78,-6.75211635,"1"
2035,3,20,79,-6.123444726,"1"
2035,3,21,80,-7.582207038,"1"
2035,3,22,81,-7.780574298,"1"
2035,3,23,82,-6.27908673,"1"
2035,3,24,83,-5.05836513,"1"
2035,3,25,84,-5.162126466,"1"
2035,3,26,85,-4.072632438,"1"
2035,3,27,86,-2.973982998,"1"
2035,3,28,87,-3.59349921,"1"
2035,3,29,88,-3.672846114,"1"
2035,3,30,89,-3.459219834,"1"
2035,3,31,90,-3.688105134,"1"
2036,3,1,61,-13.743799314,"1"
2036,3,2,62,-13.630882566,"1"
2036,3,3,63,-11.400013842,"1"
2036,3,4,64,-11.073470814,"1"
2036,3,5,65,-12.297244218,"1"
2036,3,6,66,-11.473257138,"1"
2036,3,7,67,-12.730600386,"1"
2036,3,8,68,-12.846568938,"1"
2036,3,9,69,-11.488516158,"1"
2036,3,10,70,-9.272906454,"1"
2036,3,11,71,-9.587242266,"1"
2036,3,12,72,-9.828334782,"1"
2036,3,13,73,-10.106048946,"1"
2036,3,14,74,-8.940259818,"1"
2036,3,15,75,-9.401082222,"1"
2036,3,16,76,-12.217897314,"1"
2036,3,17,77,-9.05622837,"1"
2036,3,18,78,-7.548637194,"1"
2036,3,19,79,-7.88128383,"1"
2036,3,20,80,-6.071564058,"1"
2036,3,21,81,-4.933241166,"1"
2036,3,22,82,-6.120392922,"1"
2036,3,23,83,-6.956587218,"1"
2036,3,24,84,-5.323872078,"1"
2036,3,25,85,-4.542610254,"1"
2036,3,26,86,-4.869153282,"1"
2036,3,27,87,-3.514152306,"1"
2036,3,28,88,-3.62401725,"1"
2036,3,29,89,-3.459219834,"1"
2036,3,30,90,-4.191652794,"1"
2036,3,31,91,-3.31883685,"1"
2037,3,1,60,-14.531164746,"1"
2037,3,2,61,-13.676659626,"1"
2037,3,3,62,-11.323718742,"1"
2037,3,4,63,-10.316623422,"1"
2037,3,5,64,-9.94125153,"1"
2037,3,6,65,-11.549552238,"1"
2037,3,7,66,-10.670632686,"1"
2037,3,8,67,-10.615700214,"1"
2037,3,9,68,-10.70420253,"1"
2037,3,10,69,-9.596397678,"1"
2037,3,11,70,-11.555655846,"1"
2037,3,12,71,-11.415272862,"1"
2037,3,13,72,-9.965665962,"1"
2037,3,14,73,-10.280001774,"1"
2037,3,15,74,-8.870068326,"1"
2037,3,16,75,-7.215990558,"1"
2037,3,17,76,-6.636147798,"1"
2037,3,18,77,-7.34721813,"1"
2037,3,19,78,-8.723581734,"1"
2037,3,20,79,-8.680856478,"1"
2037,3,21,80,-6.608681562,"1"
2037,3,22,81,-6.929120982,"1"
2037,3,23,82,-5.40932259,"1"
2037,3,24,83,-6.69108027,"1"
2037,3,25,84,-5.445944238,"1"
2037,3,26,85,-4.847790654,"1"
2037,3,27,86,-4.579231902,"1"
2037,3,28,87,-3.398183754,"1"
2037,3,29,88,-3.056381706,"1"
2037,3,30,89,-3.76134843,"1"
2037,3,31,90,-3.56298117,"1"
2038,3,1,60,-10.88731077,"1"
2038,3,2,61,-10.502783466,"1"
2038,3,3,62,-12.23010453,"1"
2038,3,4,63,-12.617683638,"1"
2038,3,5,64,-11.143662306,"1"
2038,3,6,65,-11.323718742,"1"
2038,3,7,66,-9.892422666,"1"
2038,3,8,67,-8.20172325,"1"
2038,3,9,68,-9.074539194,"1"
2038,3,10,69,-9.52925799,"1"
2038,3,11,70,-9.108109038,"1"
2038,3,12,71,-8.891430954,"1"
2038,3,13,72,-7.740900846,"1"
2038,3,14,73,-7.25566401,"1"
2038,3,15,74,-7.34721813,"1"
2038,3,16,75,-7.167161694,"1"
2038,3,17,76,-8.299380978,"1"
2038,3,18,77,-7.313648286,"1"
2038,3,19,78,-6.800945214,"1"
2038,3,20,79,-6.794841606,"1"
2038,3,21,80,-4.46326335,"1"
2038,3,22,81,-3.324940458,"1"
2038,3,23,82,-4.917982146,"1"
2038,3,24,83,-3.953612082,"1"
2038,3,25,84,-3.48668607,"1"
2038,3,26,85,-3.474478854,"1"
2038,3,27,86,-4.789806378,"1"
2038,3,28,87,-4.20386001,"1"
2038,3,29,88,-2.989242018,"1"
2038,3,30,89,-2.717631462,"1"
2038,3,31,90,-2.14389231,"1"
2039,3,1,60,-12.416264574,"1"
2039,3,2,61,-12.050048094,"1"
2039,3,3,62,-10.55161233,"1"
2039,3,4,63,-9.932096118,"1"
2039,3,5,64,-9.840541998,"1"
2039,3,6,65,-11.851680834,"1"
2039,3,7,66,-11.338977762,"1"
2039,3,8,67,-7.975889754,"1"
2039,3,9,68,-8.149842582,"1"
2039,3,10,69,-9.822231174,"1"
2039,3,11,70,-10.960554066,"1"
2039,3,12,71,-10.392918522,"1"
2039,3,13,72,-9.37666779,"1"
2039,3,14,73,-9.46822191,"1"
2039,3,15,74,-7.53032637,"1"
2039,3,16,75,-8.259707526,"1"
2039,3,17,76,-8.070495678,"1"
2039,3,18,77,-9.868008234,"1"
2039,3,19,78,-10.478369034,"1"
2039,3,20,79,-8.876171934,"1"
2039,3,21,80,-7.029830514,"1"
2039,3,22,81,-6.392003478,"1"
2039,3,23,82,-7.237353186,"1"
2039,3,24,83,-7.768367082,"1"
2039,3,25,84,-6.379796262,"1"
2039,3,26,85,-6.605629758,"1"
2039,3,27,86,-5.534446554,"1"
2039,3,28,87,-4.734873906,"1"
2039,3,29,88,-4.826428026,"1"
2039,3,30,89,-4.026855378,"1"
2039,3,31,90,-5.021743482,"1"
2040,3,1,61,-10.884258966,"1"
2040,3,2,62,-8.763255186,"1"
2040,3,3,63,-9.724573446,"1"
2040,3,4,64,-9.733728858,"1"
2040,3,5,65,-12.095825154,"1"
2040,3,6,66,-9.31563171,"1"
2040,3,7,67,-8.30853639,"1"
2040,3,8,68,-10.890362574,"1"
2040,3,9,69,-10.957502262,"1"
2040,3,10,70,-8.836498482,"1"
2040,3,11,71,-9.044021154,"1"
2040,3,12,72,-8.574043338,"1"
2040,3,13,73,-7.145799066,"1"
2040,3,14,74,-7.142747262,"1"
2040,3,15,75,-6.926069178,"1"
2040,3,16,76,-6.41641791,"1"
2040,3,17,77,-7.386891582,"1"
2040,3,18,78,-5.491721298,"1"
2040,3,19,79,-4.032958986,"1"
2040,3,20,80,-4.46326335,"1"
2040,3,21,81,-6.12649653,"1"
2040,3,22,82,-7.368580758,"1"
2040,3,23,83,-5.824367934,"1"
2040,3,24,84,-3.843747138,"1"
2040,3,25,85,-3.453116226,"1"
2040,3,26,86,-4.530403038,"1"
2040,3,27,87,-5.049209718,"1"
2040,3,28,88,-4.808117202,"1"
2040,3,29,89,-4.838635242,"1"
2040,3,30,90,-3.172350258,"1"
2040,3,31,91,-3.581291994,"1"
2041,3,1,60,-14.39688537,"1"
2041,3,2,61,-14.726480202,"1"
2041,3,3,62,-13.624778958,"1"
2041,3,4,63,-13.200578202,"1"
2041,3,5,64,-11.647209966,"1"
2041,3,6,65,-11.705194242,"1"
2041,3,7,66,-14.039824302,"1"
2041,3,8,67,-13.582053702,"1"
2041,3,9,68,-11.48241255,"1"
2041,3,10,69,-9.471273714,"1"
2041,3,11,70,-10.316623422,"1"
2041,3,12,71,-10.32272703,"1"
2041,3,13,72,-9.608604894,"1"
2041,3,14,73,-9.294269082,"1"
2041,3,15,74,-11.342029566,"1"
2041,3,16,75,-10.685891706,"1"
2041,3,17,76,-10.969709478,"1"
2041,3,18,77,-9.919888902,"1"
2041,3,19,78,-9.343097946,"1"
2041,3,20,79,-7.341114522,"1"
2041,3,21,80,-6.221102454,"1"
2041,3,22,81,-6.81315243,"1"
2041,3,23,82,-6.596474346,"1"
2041,3,24,83,-5.168230074,"1"
2041,3,25,84,-5.491721298,"1"
2041,3,26,85,-4.185549186,"1"
2041,3,27,86,-4.075684242,"1"
2041,3,28,87,-2.241550038,"1"
2041,3,29,88,-2.949568566,"1"
2041,3,30,89,-3.428701794,"1"
2041,3,31,90,-4.136720322,"1"
2042,3,1,60,-14.35110831,"1"
2042,3,2,61,-12.867931566,"1"
2042,3,3,62,-10.61264841,"1"
2042,3,4,63,-11.351184978,"1"
2042,3,5,64,-13.002210942,"1"
2042,3,6,65,-12.782481054,"1"
2042,3,7,66,-11.445790902,"1"
2042,3,8,67,-10.136566986,"1"
2042,3,9,68,-9.553672422,"1"
2042,3,10,69,-9.84969741,"1"
2042,3,11,70,-10.61264841,"1"
2042,3,12,71,-10.243380126,"1"
2042,3,13,72,-9.739832466,"1"
2042,3,14,73,-9.852749214,"1"
2042,3,15,74,-8.809032246,"1"
2042,3,16,75,-8.152894386,"1"
2042,3,17,76,-8.363468862,"1"
2042,3,18,77,-7.032882318,"1"
2042,3,19,78,-7.136643654,"1"
2042,3,20,79,-6.977949846,"1"
2042,3,21,80,-7.371632562,"1"
2042,3,22,81,-6.742960938,"1"
2042,3,23,82,-7.811092338,"1"
2042,3,24,83,-6.78263439,"1"
2042,3,25,84,-6.684976662,"1"
2042,3,26,85,-4.252688874,"1"
2042,3,27,86,-4.21911903,"1"
2042,3,28,87,-3.916990434,"1"
2042,3,29,88,-4.267947894,"1"
2042,3,30,89,-3.126573198,"1"
2042,3,31,90,-3.703364154,"1"
2043,3,1,60,-14.399937174,"1"
2043,3,2,61,-13.990995438,"1"
2043,3,3,62,-12.571906578,"1"
2043,3,4,63,-10.457006406,"1"
2043,3,5,64,-9.816127566,"1"
2043,3,6,65,-9.291217278,"1"
2043,3,7,66,-8.586250554,"1"
2043,3,8,67,-9.28511367,"1"
2043,3,9,68,-8.882275542,"1"
2043,3,10,69,-8.320743606,"1"
2043,3,11,70,-9.007399506,"1"
2043,3,12,71,-8.555732514,"1"
2043,3,13,72,-7.77447069,"1"
2043,3,14,73,-8.152894386,"1"
2043,3,15,74,-7.609673274,"1"
2043,3,16,75,-7.841610378,"1"
2043,3,17,76,-7.673761158,"1"
2043,3,18,77,-6.773478978,"1"
2043,3,19,78,-6.99626067,"1"
2043,3,20,79,-8.143738974,"1"
2043,3,21,80,-8.516059062,"1"
2043,3,22,81,-8.43060855,"1"
2043,3,23,82,-6.03494241,"1"
2043,3,24,83,-5.357441922,"1"
2043,3,25,84,-6.456091362,"1"
2043,3,26,85,-5.915922054,"1"
2043,3,27,86,-4.686045042,"1"
2043,3,28,87,-4.335087582,"1"
2043,3,29,88,-3.086899746,"1"
2043,3,30,89,-2.012664738,"1"
2043,3,31,90,-2.812237386,"1"
2044,3,1,61,-13.582053702,"1"
2044,3,2,62,-15.48027579,"1"
2044,3,3,63,-14.537268354,"1"
2044,3,4,64,-13.63393437,"1"
2044,3,5,65,-14.369419134,"1"
2044,3,6,66,-10.33798605,"1"
2044,3,7,67,-10.62790743,"1"
2044,3,8,68,-10.527197898,"1"
2044,3,9,69,-9.92599251,"1"
2044,3,10,70,-9.916837098,"1"
2044,3,11,71,-9.843593802,"1"
2044,3,12,72,-11.021590146,"1"
2044,3,13,73,-8.982985074,"1"
2044,3,14,74,-9.358356966,"1"
2044,3,15,75,-9.373615986,"1"
2044,3,16,76,-8.11016913,"1"
2044,3,17,77,-7.62188049,"1"
2044,3,18,78,-8.711374518,"1"
2044,3,19,79,-8.418401334,"1"
2044,3,20,80,-7.969786146,"1"
2044,3,21,81,-9.08674641,"1"
2044,3,22,82,-7.908750066,"1"
2044,3,23,83,-6.73685733,"1"
2044,3,24,84,-5.690088558,"1"
2044,3,25,85,-5.421529806,"1"
2044,3,26,86,-5.558860986,"1"
2044,3,27,87,-5.284198626,"1"
2044,3,28,88,-6.163118178,"1"
2044,3,29,89,-4.805065398,"1"
2044,3,30,90,-3.993285534,"1"
2044,3,31,91,-5.137712034,"1"
2045,3,1,60,-12.068358918,"1"
2045,3,2,61,-13.426411698,"1"
2045,3,3,62,-15.056075034,"1"
2045,3,4,63,-13.859767866,"1"
2045,3,5,64,-11.717401458,"1"
2045,3,6,65,-11.607536514,"1"
2045,3,7,66,-12.083617938,"1"
2045,3,8,67,-12.043944486,"1"
2045,3,9,68,-12.48950787,"1"
2045,3,10,69,-9.871060038,"1"
2045,3,11,70,-10.59738939,"1"
2045,3,12,71,-11.387806626,"1"
2045,3,13,72,-12.761118426,"1"
2045,3,14,73,-10.87205175,"1"
2045,3,15,74,-10.685891706,"1"
2045,3,16,75,-10.435643778,"1"
2045,3,17,76,-10.942243242,"1"
2045,3,18,77,-10.386814914,"1"
2045,3,19,78,-8.976881466,"1"
2045,3,20,79,-8.741892558,"1"
2045,3,21,80,-9.062331978,"1"
2045,3,22,81,-8.595405966,"1"
2045,3,23,82,-9.568931442,"1"
2045,3,24,83,-9.022658526,"1"
2045,3,25,84,-9.080642802,"1"
2045,3,26,85,-8.93415621,"1"
2045,3,27,86,-8.40009051,"1"
2045,3,28,87,-6.93522459,"1"
2045,3,29,88,-5.21095533,"1"
2045,3,30,89,-5.34828651,"1"
2045,3,31,90,-4.606698138,"1"
2046,3,1,60,-9.022658526,"1"
2046,3,2,61,-11.583122082,"1"
2046,3,3,62,-11.49767157,"1"
2046,3,4,63,-9.825282978,"1"
2046,3,5,64,-10.395970326,"1"
2046,3,6,65,-11.821162794,"1"
2046,3,7,66,-10.020598434,"1"
2046,3,8,67,-9.831386586,"1"
2046,3,9,68,-9.022658526,"1"
2046,3,10,69,-9.416341242,"1"
2046,3,11,70,-9.706262622,"1"
2046,3,12,71,-9.272906454,"1"
2046,3,13,72,-9.16304151,"1"
2046,3,14,73,-6.437780538,"1"
2046,3,15,74,-6.819256038,"1"
2046,3,16,75,-6.852825882,"1"
2046,3,17,76,-8.351261646,"1"
2046,3,18,77,-7.264819422,"1"
2046,3,19,78,-5.66872593,"1"
2046,3,20,79,-6.636147798,"1"
2046,3,21,80,-6.102082098,"1"
2046,3,22,81,-6.327915594,"1"
2046,3,23,82,-6.535438266,"1"
2046,3,24,83,-5.89761123,"1"
2046,3,25,84,-5.796901698,"1"
2046,3,26,85,-4.429693506,"1"
2046,3,27,86,-4.61585355,"1"
2046,3,28,87,-4.37170923,"1"
2046,3,29,88,-3.590447406,"1"
2046,3,30,89,-4.490729586,"1"
2046,3,31,90,-3.709467762,"1"
2047,3,1,60,-14.186310894,"1"
2047,3,2,61,-12.986951922,"1"
2047,3,3,62,-13.00831455,"1"
2047,3,4,63,-11.13145509,"1"
2047,3,5,64,-10.331882442,"1"
2047,3,6,65,-10.646218254,"1"
2047,3,7,66,-12.59632101,"1"
2047,3,8,67,-11.622795534,"1"
2047,3,9,68,-10.991072106,"1"
2047,3,10,69,-12.52002591,"1"
2047,3,11,70,-10.432591974,"1"
2047,3,12,71,-10.481420838,"1"
2047,3,13,72,-11.174180346,"1"
2047,3,14,73,-11.412221058,"1"
2047,3,15,74,-10.21591389,"1"
2047,3,16,75,-9.868008234,"1"
2047,3,17,76,-8.702219106,"1"
2047,3,18,77,-8.693063694,"1"
2047,3,19,78,-8.281070154,"1"
2047,3,20,79,-6.840618666,"1"
2047,3,21,80,-6.321811986,"1"
2047,3,22,81,-7.093918398,"1"
2047,3,23,82,-5.772487266,"1"
2047,3,24,83,-6.620888778,"1"
2047,3,25,84,-6.272983122,"1"
2047,3,26,85,-6.501868422,"1"
2047,3,27,86,-5.314716666,"1"
2047,3,28,87,-3.895627806,"1"
2047,3,29,88,-4.414434486,"1"
2047,3,30,89,-3.523307718,"1"
2047,3,31,90,-3.352406694,"1"
2048,3,1,61,-13.072402434,"1"
2048,3,2,62,-12.013426446,"1"
2048,3,3,63,-11.103988854,"1"
2048,3,4,64,-9.825282978,"1"
2048,3,5,65,-10.344089658,"1"
2048,3,6,66,-8.711374518,"1"
2048,3,7,67,-10.472265426,"1"
2048,3,8,68,-10.530249702,"1"
2048,3,9,69,-9.17830053,"1"
2048,3,10,70,-10.52109429,"1"
2048,3,11,71,-9.687951798,"1"
2048,3,12,72,-7.478445702,"1"
2048,3,13,73,-9.126419862,"1"
2048,3,14,74,-9.214922178,"1"
2048,3,15,75,-8.967726054,"1"
2048,3,16,76,-7.417409622,"1"
2048,3,17,77,-7.411306014,"1"
2048,3,18,78,-7.37773617,"1"
2048,3,19,79,-8.836498482,"1"
2048,3,20,80,-9.059280174,"1"
2048,3,21,81,-7.322803698,"1"
2048,3,22,82,-5.793849894,"1"
2048,3,23,83,-5.89761123,"1"
2048,3,24,84,-4.618905354,"1"
2048,3,25,85,-4.05126981,"1"
2048,3,26,86,-4.92103395,"1"
2048,3,27,87,-4.322880366,"1"
2048,3,28,88,-3.51720411,"1"
2048,3,29,89,-3.727778586,"1"
2048,3,30,90,-3.434805402,"1"
2048,3,31,91,-2.247653646,"1"
2049,3,1,60,-12.892345998,"1"
2049,3,2,61,-10.469213622,"1"
2049,3,3,62,-11.485464354,"1"
2049,3,4,63,-11.622795534,"1"
2049,3,5,64,-11.256579054,"1"
2049,3,6,65,-11.595329298,"1"
2049,3,7,66,-11.961545778,"1"
2049,3,8,67,-10.936139634,"1"
2049,3,9,68,-9.065383782,"1"
2049,3,10,69,-11.000227518,"1"
2049,3,11,70,-11.244371838,"1"
2049,3,12,71,-9.639122934,"1"
2049,3,13,72,-10.328830638,"1"
2049,3,14,73,-12.358280298,"1"
2049,3,15,74,-12.12329139,"1"
2049,3,16,75,-11.006331126,"1"
2049,3,17,76,-10.36850409,"1"
2049,3,18,77,-9.462118302,"1"
2049,3,19,78,-8.351261646,"1"
2049,3,20,79,-7.17936891,"1"
2049,3,21,80,-5.284198626,"1"
2049,3,22,81,-5.326923882,"1"
2049,3,23,82,-5.342182902,"1"
2049,3,24,83,-5.534446554,"1"
2049,3,25,84,-5.42458161,"1"
2049,3,26,85,-4.792858182,"1"
2049,3,27,86,-4.515144018,"1"
2049,3,28,87,-3.727778586,"1"
2049,3,29,88,-4.14282393,"1"
2049,3,30,89,-4.06652883,"1"
2049,3,31,90,-3.019760058,"1"
2050,3,1,60,-15.440602338,"1"
2050,3,2,61,-14.934002874,"1"
2050,3,3,62,-14.174103678,"1"
2050,3,4,63,-14.668495926,"1"
2050,3,5,64,-13.994047242,"1"
2050,3,6,65,-12.574958382,"1"
2050,3,7,66,-10.76523861,"1"
2050,3,8,67,-10.68894351,"1"
2050,3,9,68,-10.511938878,"1"
2050,3,10,69,-11.128403286,"1"
2050,3,11,70,-9.935147922,"1"
2050,3,12,71,-10.347141462,"1"
2050,3,13,72,-8.854809306,"1"
2050,3,14,73,-8.955518838,"1"
2050,3,15,74,-9.077590998,"1"
2050,3,16,75,-9.46822191,"1"
2050,3,17,76,-8.006407794,"1"
2050,3,18,77,-6.196688022,"1"
2050,3,19,78,-6.092926686,"1"
2050,3,20,79,-5.732813814,"1"
2050,3,21,80,-7.466238486,"1"
2050,3,22,81,-6.84367047,"1"
2050,3,23,82,-5.72976201,"1"
2050,3,24,83,-4.63111257,"1"
2050,3,25,84,-6.47745399,"1"
2050,3,26,85,-6.633095994,"1"
2050,3,27,86,-5.619897066,"1"
2050,3,28,87,-4.637216178,"1"
2050,3,29,88,-3.71557137,"1"
2050,3,30,89,-2.711527854,"1"
2050,3,31,90,-2.400243846,"1"
2051,3,1,60,-11.72655687,"1"
2051,3,2,61,-11.049056382,"1"
2051,3,3,62,-8.97993327,"1"
2051,3,4,63,-10.392918522,"1"
2051,3,5,64,-10.789653042,"1"
2051,3,6,65,-9.745936074,"1"
2051,3,7,66,-8.35431345,"1"
2051,3,8,67,-9.858852822,"1"
2051,3,9,68,-10.591285782,"1"
2051,3,10,69,-8.885327346,"1"
2051,3,11,70,-10.319675226,"1"
2051,3,12,71,-11.610588318,"1"
2051,3,13,72,-10.99412391,"1"
2051,3,14,73,-10.310519814,"1"
2051,3,15,74,-12.486456066,"1"
2051,3,16,75,-11.790644754,"1"
2051,3,17,76,-9.587242266,"1"
2051,3,18,77,-9.730677054,"1"
2051,3,19,78,-9.550620618,"1"
2051,3,20,79,-7.65239853,"1"
2051,3,21,80,-5.723658402,"1"
2051,3,22,81,-6.11123751,"1"
2051,3,23,82,-6.425573322,"1"
2051,3,24,83,-6.755168154,"1"
2051,3,25,84,-5.741969226,"1"
2051,3,26,85,-3.843747138,"1"
2051,3,27,86,-4.148927538,"1"
2051,3,28,87,-5.250628782,"1"
2051,3,29,88,-4.728770298,"1"
2051,3,30,89,-3.840695334,"1"
2051,3,31,90,-3.022811862,"1"
2052,3,1,61,-9.889370862,"1"
2052,3,2,62,-10.197603066,"1"
2052,3,3,63,-11.00938293,"1"
2052,3,4,64,-12.037840878,"1"
2052,3,5,65,-13.22194083,"1"
2052,3,6,66,-13.273821498,"1"
2052,3,7,67,-11.81811099,"1"
2052,3,8,68,-12.449834418,"1"
2052,3,9,69,-11.842525422,"1"
2052,3,10,70,-11.015486538,"1"
2052,3,11,71,-9.724573446,"1"
2052,3,12,72,-7.017623298,"1"
2052,3,13,73,-7.19462793,"1"
2052,3,14,74,-8.757151578,"1"
2052,3,15,75,-9.053176566,"1"
2052,3,16,76,-7.710382806,"1"
2052,3,17,77,-6.108185706,"1"
2052,3,18,78,-4.597542726,"1"
2052,3,19,79,-4.307621346,"1"
2052,3,20,80,-5.555809182,"1"
2052,3,21,81,-5.934232878,"1"
2052,3,22,82,-5.860989582,"1"
2052,3,23,83,-5.88235221,"1"
2052,3,24,84,-5.824367934,"1"
2052,3,25,85,-3.385976538,"1"
2052,3,26,86,-2.955672174,"1"
2052,3,27,87,-1.80819387,"1"
2052,3,28,88,-1.896696186,"1"
2052,3,29,89,-1.82345289,"1"
2052,3,30,90,-2.745097698,"1"
2052,3,31,91,-1.673914494,"1"
2053,3,1,60,-12.986951922,"1"
2053,3,2,61,-13.377582834,"1"
2053,3,3,62,-13.261614282,"1"
2053,3,4,63,-11.280993486,"1"
2053,3,5,64,-12.324710454,"1"
2053,3,6,65,-12.42847179,"1"
2053,3,7,66,-9.69710721,"1"
2053,3,8,67,-10.496679858,"1"
2053,3,9,68,-9.953458746,"1"
2053,3,10,69,-7.960630734,"1"
2053,3,11,70,-7.176317106,"1"
2053,3,12,71,-8.595405966,"1"
2053,3,13,72,-8.134583562,"1"
2053,3,14,73,-8.36957247,"1"
2053,3,15,74,-7.844662182,"1"
2053,3,16,75,-6.288242142,"1"
2053,3,17,76,-7.887387438,"1"
2053,3,18,77,-7.655450334,"1"
2053,3,19,78,-6.819256038,"1"
2053,3,20,79,-6.153962766,"1"
2053,3,21,80,-6.58426713,"1"
2053,3,22,81,-6.392003478,"1"
2053,3,23,82,-5.168230074,"1"
2053,3,24,83,-4.948500186,"1"
2053,3,25,84,-5.39406357,"1"
2053,3,26,85,-5.964750918,"1"
2053,3,27,86,-5.412374394,"1"
2053,3,28,87,-4.567024686,"1"
2053,3,29,88,-3.050278098,"1"
2053,3,30,89,-3.056381706,"1"
2053,3,31,90,-3.18150567,"1"
2054,3,1,60,-9.489584538,"1"
2054,3,2,61,-10.377659502,"1"
2054,3,3,62,-10.746927786,"1"
2054,3,4,63,-12.07751433,"1"
2054,3,5,64,-11.515982394,"1"
2054,3,6,65,-10.569923154,"1"
2054,3,7,66,-8.638131222,"1"
2054,3,8,67,-9.23933661,"1"
2054,3,9,68,-9.767298702,"1"
2054,3,10,69,-10.01754663,"1"
2054,3,11,70,-8.32379541,"1"
2054,3,12,71,-8.152894386,"1"
2054,3,13,72,-9.791713134,"1"
2054,3,14,73,-9.782557722,"1"
2054,3,15,74,-8.592354162,"1"
2054,3,16,75,-9.764246898,"1"
2054,3,17,76,-9.471273714,"1"
2054,3,18,77,-9.72762525,"1"
2054,3,19,78,-8.393986902,"1"
2054,3,20,79,-6.41641791,"1"
2054,3,21,80,-5.619897066,"1"
2054,3,22,81,-6.559852698,"1"
2054,3,23,82,-6.87418851,"1"
2054,3,24,83,-6.001372566,"1"
2054,3,25,84,-6.498816618,"1"
2054,3,26,85,-5.723658402,"1"
2054,3,27,86,-5.064468738,"1"
2054,3,28,87,-3.312733242,"1"
2054,3,29,88,-3.678949722,"1"
2054,3,30,89,-3.678949722,"1"
2054,3,31,90,-3.724726782,"1"
2055,3,1,60,-14.073394146,"1"
2055,3,2,61,-13.86281967,"1"
2055,3,3,62,-13.859767866,"1"
2055,3,4,63,-13.902493122,"1"
2055,3,5,64,-12.635994462,"1"
2055,3,6,65,-12.394901946,"1"
2055,3,7,66,-10.820171082,"1"
2055,3,8,67,-10.136566986,"1"
2055,3,9,68,-10.664529078,"1"
2055,3,10,69,-9.669640974,"1"
2055,3,11,70,-8.671701066,"1"
2055,3,12,71,-7.27092303,"1"
2055,3,13,72,-7.582207038,"1"
2055,3,14,73,-7.341114522,"1"
2055,3,15,74,-8.912793582,"1"
2055,3,16,75,-8.448919374,"1"
2055,3,17,76,-7.136643654,"1"
2055,3,18,77,-6.861981294,"1"
2055,3,19,78,-6.12649653,"1"
2055,3,20,79,-5.113297602,"1"
2055,3,21,80,-5.406270786,"1"
2055,3,22,81,-4.85999787,"1"
2055,3,23,82,-4.667734218,"1"
2055,3,24,83,-3.727778586,"1"
2055,3,25,84,-5.22621435,"1"
2055,3,26,85,-5.140763838,"1"
2055,3,27,86,-4.57007649,"1"
2055,3,28,87,-3.767452038,"1"
2055,3,29,88,-3.675897918,"1"
2055,3,30,89,-3.086899746,"1"
2055,3,31,90,-2.558937654,"1"
2056,3,1,61,-12.364383906,"1"
2056,3,2,62,-12.193482882,"1"
2056,3,3,63,-10.545508722,"1"
2056,3,4,64,-13.02357357,"1"
2056,3,5,65,-11.998167426,"1"
2056,3,6,66,-11.976804798,"1"
2056,3,7,67,-10.707254334,"1"
2056,3,8,68,-9.684899994,"1"
2056,3,9,69,-10.267794558,"1"
2056,3,10,70,-10.707254334,"1"
2056,3,11,71,-10.97886489,"1"
2056,3,12,72,-11.454946314,"1"
2056,3,13,73,-9.968717766,"1"
2056,3,14,74,-9.257647434,"1"
2056,3,15,75,-7.518119154,"1"
2056,3,16,76,-7.814144142,"1"
2056,3,17,77,-7.631035902,"1"
2056,3,18,78,-9.14778249,"1"
2056,3,19,79,-9.456014694,"1"
2056,3,20,80,-7.219042362,"1"
2056,3,21,81,-5.796901698,"1"
2056,3,22,82,-6.27908673,"1"
2056,3,23,83,-5.98916535,"1"
2056,3,24,84,-5.21095533,"1"
2056,3,25,85,-5.48561769,"1"
2056,3,26,86,-4.039062594,"1"
2056,3,27,87,-3.453116226,"1"
2056,3,28,88,-3.74608941,"1"
2056,3,29,89,-4.612801746,"1"
2056,3,30,90,-4.032958986,"1"
2056,3,31,91,-3.361562106,"1"
2057,3,1,60,-12.867931566,"1"
2057,3,2,61,-13.58815731,"1"
2057,3,3,62,-12.53528493,"1"
2057,3,4,63,-11.686883418,"1"
2057,3,5,64,-11.073470814,"1"
2057,3,6,65,-10.310519814,"1"
2057,3,7,66,-10.960554066,"1"
2057,3,8,67,-10.319675226,"1"
2057,3,9,68,-11.89440609,"1"
2057,3,10,69,-12.523077714,"1"
2057,3,11,70,-9.550620618,"1"
2057,3,12,71,-9.388875006,"1"
2057,3,13,72,-8.686960086,"1"
2057,3,14,73,-8.509955454,"1"
2057,3,15,74,-9.974821374,"1"
2057,3,16,75,-9.71236623,"1"
2057,3,17,76,-9.31563171,"1"
2057,3,18,77,-8.52216267,"1"
2057,3,19,78,-7.994200578,"1"
2057,3,20,79,-6.999312474,"1"
2057,3,21,80,-6.63004419,"1"
2057,3,22,81,-6.166169982,"1"
2057,3,23,82,-6.29434575,"1"
2057,3,24,83,-4.908826734,"1"
2057,3,25,84,-5.14991925,"1"
2057,3,26,85,-4.99732905,"1"
2057,3,27,86,-3.556877562,"1"
2057,3,28,87,-4.826428026,"1"
2057,3,29,88,-3.886472394,"1"
2057,3,30,89,-3.889524198,"1"
2057,3,31,90,-3.163194846,"1"
2058,3,1,60,-12.10803237,"1"
2058,3,2,61,-14.430455214,"1"
2058,3,3,62,-12.028685466,"1"
2058,3,4,63,-11.174180346,"1"
2058,3,5,64,-9.358356966,"1"
2058,3,6,65,-9.953458746,"1"
2058,3,7,66,-9.639122934,"1"
2058,3,8,67,-8.833446678,"1"
2058,3,9,68,-8.467230198,"1"
2058,3,10,69,-8.14068717,"1"
2058,3,11,70,-8.113220934,"1"
2058,3,12,71,-9.806972154,"1"
2058,3,13,72,-10.191499458,"1"
2058,3,14,73,-10.762186806,"1"
2058,3,15,74,-9.535361598,"1"
2058,3,16,75,-9.257647434,"1"
2058,3,17,76,-6.147859158,"1"
2058,3,18,77,-6.871136706,"1"
2058,3,19,78,-7.518119154,"1"
2058,3,20,79,-6.532386462,"1"
2058,3,21,80,-6.175325394,"1"
2058,3,22,81,-6.34012281,"1"
2058,3,23,82,-6.382848066,"1"
2058,3,24,83,-6.544593678,"1"
2058,3,25,84,-6.230257866,"1"
2058,3,26,85,-5.793849894,"1"
2058,3,27,86,-5.934232878,"1"
2058,3,28,87,-5.079727758,"1"
2058,3,29,88,-3.965819298,"1"
2058,3,30,89,-3.764400234,"1"
2058,3,31,90,-1.969939482,"1"
2059,3,1,60,-13.884182298,"1"
2059,3,2,61,-11.912716914,"1"
2059,3,3,62,-11.72655687,"1"
2059,3,4,63,-11.586173886,"1"
2059,3,5,64,-8.299380978,"1"
2059,3,6,65,-9.532309794,"1"
2059,3,7,66,-10.240328322,"1"
2059,3,8,67,-10.545508722,"1"
2059,3,9,68,-11.415272862,"1"
2059,3,10,69,-12.68787513,"1"
2059,3,11,70,-10.64316645,"1"
2059,3,12,71,-10.548560526,"1"
2059,3,13,72,-10.853740926,"1"
2059,3,14,73,-7.902646458,"1"
2059,3,15,74,-6.318760182,"1"
2059,3,16,75,-7.34721813,"1"
2059,3,17,76,-6.602577954,"1"
2059,3,18,77,-8.09491011,"1"
2059,3,19,78,-10.10910075,"1"
2059,3,20,79,-8.046081246,"1"
2059,3,21,80,-5.787746286,"1"
2059,3,22,81,-4.954603794,"1"
2059,3,23,82,-3.239489946,"1"
2059,3,24,83,-5.07362415,"1"
2059,3,25,84,-5.641259694,"1"
2059,3,26,85,-5.888455818,"1"
2059,3,27,86,-5.36354553,"1"
2059,3,28,87,-4.850842458,"1"
2059,3,29,88,-3.401235558,"1"
2059,3,30,89,-3.926145846,"1"
2059,3,31,90,-3.205920102,"1"
2060,3,1,61,-11.52818961,"1"
2060,3,2,62,-10.539405114,"1"
2060,3,3,63,-12.391850142,"1"
2060,3,4,64,-12.922864038,"1"
2060,3,5,65,-13.325702166,"1"
2060,3,6,66,-12.623787246,"1"
2060,3,7,67,-11.912716914,"1"
2060,3,8,68,-10.884258966,"1"
2060,3,9,69,-10.09384173,"1"
2060,3,10,70,-10.087738122,"1"
2060,3,11,71,-8.708322714,"1"
2060,3,12,72,-9.547568814,"1"
2060,3,13,73,-9.092850018,"1"
2060,3,14,74,-9.602501286,"1"
2060,3,15,75,-7.521170958,"1"
2060,3,16,76,-8.372624274,"1"
2060,3,17,77,-8.809032246,"1"
2060,3,18,78,-8.589302358,"1"
2060,3,19,79,-5.708399382,"1"
2060,3,20,80,-4.002440946,"1"
2060,3,21,81,-4.40222727,"1"
2060,3,22,82,-3.89867961,"1"
2060,3,23,83,-5.68398495,"1"
2060,3,24,84,-5.723658402,"1"
2060,3,25,85,-6.349278222,"1"
2060,3,26,86,-5.159074662,"1"
2060,3,27,87,-4.136720322,"1"
2060,3,28,88,-3.367665714,"1"
2060,3,29,89,-3.071640726,"1"
2060,3,30,90,-3.416494578,"1"
2060,3,31,91,-3.15098763,"1"
2061,3,1,60,-11.110092462,"1"
2061,3,2,61,-10.936139634,"1"
2061,3,3,62,-10.240328322,"1"
2061,3,4,63,-11.995115622,"1"
2061,3,5,64,-11.537345022,"1"
2061,3,6,65,-10.997175714,"1"
2061,3,7,66,-9.495688146,"1"
2061,3,8,67,-8.027770422,"1"
2061,3,9,68,-8.40009051,"1"
2061,3,10,69,-8.17120521,"1"
2061,3,11,70,-7.844662182,"1"
2061,3,12,71,-7.14885087,"1"
2061,3,13,72,-5.250628782,"1"
2061,3,14,73,-5.644311498,"1"
2061,3,15,74,-7.249560402,"1"
2061,3,16,75,-5.766383658,"1"
2061,3,17,76,-5.201799918,"1"
2061,3,18,77,-7.368580758,"1"
2061,3,19,78,-7.130540046,"1"
2061,3,20,79,-7.505911938,"1"
2061,3,21,80,-7.096970202,"1"
2061,3,22,81,-6.23330967,"1"
2061,3,23,82,-7.222094166,"1"
2061,3,24,83,-6.01968339,"1"
2061,3,25,84,-5.723658402,"1"
2061,3,26,85,-4.896619518,"1"
2061,3,27,86,-3.526359522,"1"
2061,3,28,87,-4.414434486,"1"
2061,3,29,88,-4.048218006,"1"
2061,3,30,89,-3.66979431,"1"
2061,3,31,90,-3.996337338,"1"
2062,3,1,60,-12.147705822,"1"
2062,3,2,61,-13.249407066,"1"
2062,3,3,62,-13.936062966,"1"
2062,3,4,63,-12.803843682,"1"
2062,3,5,64,-11.714349654,"1"
2062,3,6,65,-12.71839317,"1"
2062,3,7,66,-11.961545778,"1"
2062,3,8,67,-10.554664134,"1"
2062,3,9,68,-9.324787122,"1"
2062,3,10,69,-10.469213622,"1"
2062,3,11,70,-12.462041634,"1"
2062,3,12,71,-12.037840878,"1"
2062,3,13,72,-10.939191438,"1"
2062,3,14,73,-8.708322714,"1"
2062,3,15,74,-7.444875858,"1"
2062,3,16,75,-7.563896214,"1"
2062,3,17,76,-7.112229222,"1"
2062,3,18,77,-6.575111718,"1"
2062,3,19,78,-6.337071006,"1"
2062,3,20,79,-6.550697286,"1"
2062,3,21,80,-7.176317106,"1"
2062,3,22,81,-7.173265302,"1"
2062,3,23,82,-7.466238486,"1"
2062,3,24,83,-7.353321738,"1"
2062,3,25,84,-5.522239338,"1"
2062,3,26,85,-4.911878538,"1"
2062,3,27,86,-3.785762862,"1"
2062,3,28,87,-2.980086606,"1"
2062,3,29,88,-2.64743997,"1"
2062,3,30,89,-2.415502866,"1"
2062,3,31,90,-2.366674002,"1"
2063,3,1,60,-11.19249117,"1"
2063,3,2,61,-10.823222886,"1"
2063,3,3,62,-10.33798605,"1"
2063,3,4,63,-10.041961062,"1"
2063,3,5,64,-8.723581734,"1"
2063,3,6,65,-10.646218254,"1"
2063,3,7,66,-10.41428115,"1"
2063,3,8,67,-9.501791754,"1"
2063,3,9,68,-8.56793973,"1"
2063,3,10,69,-9.01045131,"1"
2063,3,11,70,-10.771342218,"1"
2063,3,12,71,-11.08567803,"1"
2063,3,13,72,-10.020598434,"1"
2063,3,14,73,-8.59845777,"1"
2063,3,15,74,-6.987105258,"1"
2063,3,16,75,-5.80605711,"1"
2063,3,17,76,-4.63111257,"1"
2063,3,18,77,-3.880368786,"1"
2063,3,19,78,-5.091934974,"1"
2063,3,20,79,-5.122453014,"1"
2063,3,21,80,-5.162126466,"1"
2063,3,22,81,-4.328983974,"1"
2063,3,23,82,-4.270999698,"1"
2063,3,24,83,-4.518195822,"1"
2063,3,25,84,-4.963759206,"1"
2063,3,26,85,-2.894636094,"1"
2063,3,27,86,-1.155107814,"1"
2063,3,28,87,-1.744105986,"1"
2063,3,29,88,-1.631189238,"1"
2063,3,30,89,-2.400243846,"1"
2063,3,31,90,-2.149995918,"1"
2064,3,1,61,-10.00228761,"1"
2064,3,2,62,-9.886319058,"1"
2064,3,3,63,-10.652321862,"1"
2064,3,4,64,-9.977873178,"1"
2064,3,5,65,-7.551688998,"1"
2064,3,6,66,-7.090866594,"1"
2064,3,7,67,-6.260775906,"1"
2064,3,8,68,-7.328907306,"1"
2064,3,9,69,-7.62188049,"1"
2064,3,10,70,-7.402150602,"1"
2064,3,11,71,-8.375676078,"1"
2064,3,12,72,-8.958570642,"1"
2064,3,13,73,-9.761195094,"1"
2064,3,14,74,-8.818187658,"1"
2064,3,15,75,-5.717554794,"1"
2064,3,16,76,-6.495764814,"1"
2064,3,17,77,-5.949491898,"1"
2064,3,18,78,-5.357441922,"1"
2064,3,19,79,-4.332035778,"1"
2064,3,20,80,-4.43274531,"1"
2064,3,21,81,-6.440832342,"1"
2064,3,22,82,-5.986113546,"1"
2064,3,23,83,-6.379796262,"1"
2064,3,24,84,-5.903714838,"1"
2064,3,25,85,-4.869153282,"1"
2064,3,26,86,-3.859006158,"1"
2064,3,27,87,-2.476538946,"1"
2064,3,28,88,-3.82238451,"1"
2064,3,29,89,-2.409399258,"1"
2064,3,30,90,-1.588463982,"1"
2064,3,31,91,-0.66376737,"1"
2065,3,1,60,-10.853740926,"1"
2065,3,2,61,-11.647209966,"1"
2065,3,3,62,-12.544440342,"1"
2065,3,4,63,-11.19249117,"1"
2065,3,5,64,-12.29114061,"1"
2065,3,6,65,-10.804912062,"1"
2065,3,7,66,-9.098953626,"1"
2065,3,8,67,-9.211870374,"1"
2065,3,9,68,-9.83443839,"1"
2065,3,10,69,-9.39192681,"1"
2065,3,11,70,-8.406194118,"1"
2065,3,12,71,-8.097961914,"1"
2065,3,13,72,-8.702219106,"1"
2065,3,14,73,-9.074539194,"1"
2065,3,15,74,-10.03280565,"1"
2065,3,16,75,-8.149842582,"1"
2065,3,17,76,-7.14885087,"1"
2065,3,18,77,-5.72976201,"1"
2065,3,19,78,-5.891507622,"1"
2065,3,20,79,-5.534446554,"1"
2065,3,21,80,-5.253680586,"1"
2065,3,22,81,-4.643319786,"1"
2065,3,23,82,-4.527351234,"1"
2065,3,24,83,-3.083847942,"1"
2065,3,25,84,-4.042114398,"1"
2065,3,26,85,-4.24963707,"1"
2065,3,27,86,-3.154039434,"1"
2065,3,28,87,-1.353475074,"1"
2065,3,29,88,-2.681009814,"1"
2065,3,30,89,-3.30357783,"1"
2065,3,31,90,-2.504005182,"1"
2066,3,1,60,-11.821162794,"1"
2066,3,2,61,-12.208741902,"1"
2066,3,3,62,-11.274889878,"1"
2066,3,4,63,-11.860836246,"1"
2066,3,5,64,-12.266726178,"1"
2066,3,6,65,-12.74891121,"1"
2066,3,7,66,-11.366443998,"1"
2066,3,8,67,-8.424504942,"1"
2066,3,9,68,-9.333942534,"1"
2066,3,10,69,-9.358356966,"1"
2066,3,11,70,-9.532309794,"1"
2066,3,12,71,-9.477377322,"1"
2066,3,13,72,-9.684899994,"1"
2066,3,14,73,-9.068435586,"1"
2066,3,15,74,-9.532309794,"1"
2066,3,16,75,-6.913861962,"1"
2066,3,17,76,-8.366520666,"1"
2066,3,18,77,-7.740900846,"1"
2066,3,19,78,-6.544593678,"1"
2066,3,20,79,-7.051193142,"1"
2066,3,21,80,-6.028838802,"1"
2066,3,22,81,-6.099030294,"1"
2066,3,23,82,-5.845730562,"1"
2066,3,24,83,-4.820324418,"1"
2066,3,25,84,-4.057373418,"1"
2066,3,26,85,-4.527351234,"1"
2066,3,27,86,-5.86709319,"1"
2066,3,28,87,-4.991225442,"1"
2066,3,29,88,-4.70740767,"1"
2066,3,30,89,-3.590447406,"1"
2066,3,31,90,-3.27305979,"1"
2067,3,1,60,-11.26878627,"1"
2067,3,2,61,-12.233156334,"1"
2067,3,3,62,-13.029677178,"1"
2067,3,4,63,-11.915768718,"1"
2067,3,5,64,-11.097885246,"1"
2067,3,6,65,-9.538413402,"1"
2067,3,7,66,-9.52925799,"1"
2067,3,8,67,-10.026702042,"1"
2067,3,9,68,-9.535361598,"1"
2067,3,10,69,-9.724573446,"1"
2067,3,11,70,-10.136566986,"1"
2067,3,12,71,-9.413289438,"1"
2067,3,13,72,-9.230181198,"1"
2067,3,14,73,-8.62897581,"1"
2067,3,15,74,-9.245440218,"1"
2067,3,16,75,-8.311588194,"1"
2067,3,17,76,-6.459143166,"1"
2067,3,18,77,-6.971846238,"1"
2067,3,19,78,-6.642251406,"1"
2067,3,20,79,-7.130540046,"1"
2067,3,21,80,-5.665674126,"1"
2067,3,22,81,-4.731822102,"1"
2067,3,23,82,-4.63111257,"1"
2067,3,24,83,-4.594490922,"1"
2067,3,25,84,-3.312733242,"1"
2067,3,26,85,-3.749141214,"1"
2067,3,27,86,-4.048218006,"1"
2067,3,28,87,-4.130616714,"1"
2067,3,29,88,-3.416494578,"1"
2067,3,30,89,-3.810177294,"1"
2067,3,31,90,-3.18150567,"1"
2068,3,1,61,-14.833293342,"1"
2068,3,2,62,-13.173111966,"1"
2068,3,3,63,-13.264666086,"1"
2068,3,4,64,-13.136490318,"1"
2068,3,5,65,-13.057143414,"1"
2068,3,6,66,-8.96467425,"1"
2068,3,7,67,-7.862973006,"1"
2068,3,8,68,-8.62897581,"1"
2068,3,9,69,-8.955518838,"1"
2068,3,10,70,-8.897534562,"1"
2068,3,11,71,-8.702219106,"1"
2068,3,12,72,-9.016554918,"1"
2068,3,13,73,-9.761195094,"1"
2068,3,14,74,-10.487524446,"1"
2068,3,15,75,-9.398030418,"1"
2068,3,16,76,-8.793773226,"1"
2068,3,17,77,-9.062331978,"1"
2068,3,18,78,-9.199663158,"1"
2068,3,19,79,-8.12542815,"1"
2068,3,20,80,-6.37064085,"1"
2068,3,21,81,-6.022735194,"1"
2068,3,22,82,-6.395055282,"1"
2068,3,23,83,-5.888455818,"1"
2068,3,24,84,-5.320820274,"1"
2068,3,25,85,-5.320820274,"1"
2068,3,26,86,-5.082779562,"1"
2068,3,27,87,-4.313724954,"1"
2068,3,28,88,-3.389028342,"1"
2068,3,29,89,-3.889524198,"1"
2068,3,30,90,-3.895627806,"1"
2068,3,31,91,-3.773555646,"1"
2069,3,1,60,-11.995115622,"1"
2069,3,2,61,-12.376591122,"1"
2069,3,3,62,-12.294192414,"1"
2069,3,4,63,-10.191499458,"1"
2069,3,5,64,-10.411229346,"1"
2069,3,6,65,-11.546500434,"1"
2069,3,7,66,-11.335925958,"1"
2069,3,8,67,-12.639046266,"1"
2069,3,9,68,-12.129394998,"1"
2069,3,10,69,-11.003279322,"1"
2069,3,11,70,-10.899517986,"1"
2069,3,12,71,-12.724496778,"1"
2069,3,13,72,-11.342029566,"1"
2069,3,14,73,-10.478369034,"1"
2069,3,15,74,-10.81101567,"1"
2069,3,16,75,-10.020598434,"1"
2069,3,17,76,-10.081634514,"1"
2069,3,18,77,-8.906689974,"1"
2069,3,19,78,-8.635079418,"1"
2069,3,20,79,-8.555732514,"1"
2069,3,21,80,-7.37773617,"1"
2069,3,22,81,-6.132600138,"1"
2069,3,23,82,-5.247576978,"1"
2069,3,24,83,-3.239489946,"1"
2069,3,25,84,-3.007552842,"1"
2069,3,26,85,-3.813229098,"1"
2069,3,27,86,-5.003432658,"1"
2069,3,28,87,-4.438848918,"1"
2069,3,29,88,-3.422598186,"1"
2069,3,30,89,-3.834591726,"1"
2069,3,31,90,-3.651483486,"1"
2070,3,1,60,-11.46715353,"1"
2070,3,2,61,-11.631950946,"1"
2070,3,3,62,-11.290148898,"1"
2070,3,4,63,-11.540396826,"1"
2070,3,5,64,-9.645226542,"1"
2070,3,6,65,-10.487524446,"1"
2070,3,7,66,-9.877163646,"1"
2070,3,8,67,-9.364460574,"1"
2070,3,9,68,-9.336994338,"1"
2070,3,10,69,-8.741892558,"1"
2070,3,11,70,-9.770350506,"1"
2070,3,12,71,-9.199663158,"1"
2070,3,13,72,-8.668649262,"1"
2070,3,14,73,-8.763255186,"1"
2070,3,15,74,-7.631035902,"1"
2070,3,16,75,-8.943311622,"1"
2070,3,17,76,-7.78972971,"1"
2070,3,18,77,-8.250552114,"1"
2070,3,19,78,-9.20881857,"1"
2070,3,20,79,-9.837490194,"1"
2070,3,21,80,-7.841610378,"1"
2070,3,22,81,-5.76028005,"1"
2070,3,23,82,-5.116349406,"1"
2070,3,24,83,-4.634164374,"1"
2070,3,25,84,-4.14282393,"1"
2070,3,26,85,-3.752193018,"1"
2070,3,27,86,-5.018691678,"1"
2070,3,28,87,-5.094986778,"1"
2070,3,29,88,-4.728770298,"1"
2070,3,30,89,-3.236438142,"1"
2070,3,31,90,-2.641336362,"1"
2071,3,1,60,-13.234148046,"1"
2071,3,2,61,-13.240251654,"1"
2071,3,3,62,-12.639046266,"1"
2071,3,4,63,-11.882198874,"1"
2071,3,5,64,-11.29930431,"1"
2071,3,6,65,-10.356296874,"1"
2071,3,7,66,-10.179292242,"1"
2071,3,8,67,-10.875103554,"1"
2071,3,9,68,-9.037917546,"1"
2071,3,10,69,-8.26275933,"1"
2071,3,11,70,-9.251543826,"1"
2071,3,12,71,-9.45296289,"1"
2071,3,13,72,-9.43770387,"1"
2071,3,14,73,-9.16304151,"1"
2071,3,15,74,-9.416341242,"1"
2071,3,16,75,-8.101013718,"1"
2071,3,17,76,-8.101013718,"1"
2071,3,18,77,-9.806972154,"1"
2071,3,19,78,-10.542456918,"1"
2071,3,20,79,-7.798885122,"1"
2071,3,21,80,-5.82131613,"1"
2071,3,22,81,-6.18753261,"1"
2071,3,23,82,-7.325855502,"1"
2071,3,24,83,-5.915922054,"1"
2071,3,25,84,-3.504996894,"1"
2071,3,26,85,-2.763408522,"1"
2071,3,27,86,-3.993285534,"1"
2071,3,28,87,-4.03601079,"1"
2071,3,29,88,-4.496833194,"1"
2071,3,30,89,-4.637216178,"1"
2071,3,31,90,-4.267947894,"1"
2072,3,1,61,-10.30746801,"1"
2072,3,2,62,-10.685891706,"1"
2072,3,3,63,-12.614631834,"1"
2072,3,4,64,-12.248415354,"1"
2072,3,5,65,-10.762186806,"1"
2072,3,6,66,-11.457998118,"1"
2072,3,7,67,-9.404134026,"1"
2072,3,8,68,-8.726633538,"1"
2072,3,9,69,-9.129471666,"1"
2072,3,10,70,-10.32272703,"1"
2072,3,11,71,-9.510947166,"1"
2072,3,12,72,-9.004347702,"1"
2072,3,13,73,-9.97176957,"1"
2072,3,14,74,-10.264742754,"1"
2072,3,15,75,-9.001295898,"1"
2072,3,16,76,-8.332950822,"1"
2072,3,17,77,-9.434652066,"1"
2072,3,18,78,-9.114212646,"1"
2072,3,19,79,-7.420461426,"1"
2072,3,20,80,-6.871136706,"1"
2072,3,21,81,-5.223162546,"1"
2072,3,22,82,-4.750132926,"1"
2072,3,23,83,-5.833523346,"1"
2072,3,24,84,-5.116349406,"1"
2072,3,25,85,-4.496833194,"1"
2072,3,26,86,-4.14282393,"1"
2072,3,27,87,-4.658578806,"1"
2072,3,28,88,-4.24963707,"1"
2072,3,29,89,-3.706415958,"1"
2072,3,30,90,-4.02075177,"1"
2072,3,31,91,-3.514152306,"1"
2073,3,1,60,-11.259630858,"1"
2073,3,2,61,-9.846645606,"1"
2073,3,3,62,-9.983976786,"1"
2073,3,4,63,-11.747919498,"1"
2073,3,5,64,-9.968717766,"1"
2073,3,6,65,-9.571983246,"1"
2073,3,7,66,-9.874111842,"1"
2073,3,8,67,-9.709314426,"1"
2073,3,9,68,-9.410237634,"1"
2073,3,10,69,-9.14778249,"1"
2073,3,11,70,-10.560767742,"1"
2073,3,12,71,-9.996184002,"1"
2073,3,13,72,-10.252535538,"1"
2073,3,14,73,-8.418401334,"1"
2073,3,15,74,-5.635156086,"1"
2073,3,16,75,-5.723658402,"1"
2073,3,17,76,-6.688028466,"1"
2073,3,18,77,-7.231249578,"1"
2073,3,19,78,-7.563896214,"1"
2073,3,20,79,-5.754176442,"1"
2073,3,21,80,-5.433737022,"1"
2073,3,22,81,-4.924085754,"1"
2073,3,23,82,-3.337147674,"1"
2073,3,24,83,-3.932249454,"1"
2073,3,25,84,-5.497824906,"1"
2073,3,26,85,-5.253680586,"1"
2073,3,27,86,-4.55481747,"1"
2073,3,28,87,-4.139772126,"1"
2073,3,29,88,-2.964827586,"1"
2073,3,30,89,-2.272068078,"1"
2073,3,31,90,-2.29648251,"1"
2074,3,1,60,-10.890362574,"1"
2074,3,2,61,-11.256579054,"1"
2074,3,3,62,-13.240251654,"1"
2074,3,4,63,-12.416264574,"1"
2074,3,5,64,-12.013426446,"1"
2074,3,6,65,-11.32982235,"1"
2074,3,7,66,-9.748987878,"1"
2074,3,8,67,-10.136566986,"1"
2074,3,9,68,-9.776454114,"1"
2074,3,10,69,-10.362400482,"1"
2074,3,11,70,-9.190507746,"1"
2074,3,12,71,-7.74395265,"1"
2074,3,13,72,-8.519110866,"1"
2074,3,14,73,-7.924009086,"1"
2074,3,15,74,-7.954527126,"1"
2074,3,16,75,-7.252612206,"1"
2074,3,17,76,-7.539481782,"1"
2074,3,18,77,-8.220034074,"1"
2074,3,19,78,-7.557792606,"1"
2074,3,20,79,-6.892499334,"1"
2074,3,21,80,-6.816204234,"1"
2074,3,22,81,-6.91996557,"1"
2074,3,23,82,-5.006484462,"1"
2074,3,24,83,-3.114365982,"1"
2074,3,25,84,-3.544670346,"1"
2074,3,26,85,-2.476538946,"1"
2074,3,27,86,-2.821392798,"1"
2074,3,28,87,-2.381933022,"1"
2074,3,29,88,-2.500953378,"1"
2074,3,30,89,-2.247653646,"1"
2074,3,31,90,-2.711527854,"1"
2075,3,1,60,-11.29930431,"1"
2075,3,2,61,-12.797740074,"1"
2075,3,3,62,-11.049056382,"1"
2075,3,4,63,-10.768290414,"1"
2075,3,5,64,-11.534293218,"1"
2075,3,6,65,-11.128403286,"1"
2075,3,7,66,-12.190431078,"1"
2075,3,8,67,-10.59738939,"1"
2075,3,9,68,-8.744944362,"1"
2075,3,10,69,-7.844662182,"1"
2075,3,11,70,-9.05622837,"1"
2075,3,12,71,-9.72762525,"1"
2075,3,13,72,-9.150834294,"1"
2075,3,14,73,-8.931104406,"1"
2075,3,15,74,-9.42244485,"1"
2075,3,16,75,-9.581138658,"1"
2075,3,17,76,-8.305484586,"1"
2075,3,18,77,-6.941328198,"1"
2075,3,19,78,-6.453039558,"1"
2075,3,20,79,-6.85892949,"1"
2075,3,21,80,-7.01151969,"1"
2075,3,22,81,-6.565956306,"1"
2075,3,23,82,-6.15701457,"1"
2075,3,24,83,-5.564964594,"1"
2075,3,25,84,-5.427633414,"1"
2075,3,26,85,-6.092926686,"1"
2075,3,27,86,-5.11940121,"1"
2075,3,28,87,-4.37170923,"1"
2075,3,29,88,-2.610818322,"1"
2075,3,30,89,-3.56298117,"1"
2075,3,31,90,-2.84580723,"1"
2076,3,1,61,-12.202638294,"1"
2076,3,2,62,-11.143662306,"1"
2076,3,3,63,-10.606544802,"1"
2076,3,4,64,-8.641183026,"1"
2076,3,5,65,-9.474325518,"1"
2076,3,6,66,-10.12435977,"1"
2076,3,7,67,-10.081634514,"1"
2076,3,8,68,-10.649270058,"1"
2076,3,9,69,-10.267794558,"1"
2076,3,10,70,-9.425496654,"1"
2076,3,11,71,-9.410237634,"1"
2076,3,12,72,-7.42351323,"1"
2076,3,13,73,-7.472342094,"1"
2076,3,14,74,-8.229189486,"1"
2076,3,15,75,-7.536429978,"1"
2076,3,16,76,-7.054244946,"1"
2076,3,17,77,-6.587318934,"1"
2076,3,18,78,-6.846722274,"1"
2076,3,19,79,-6.865033098,"1"
2076,3,20,80,-7.032882318,"1"
2076,3,21,81,-6.63004419,"1"
2076,3,22,82,-5.02784709,"1"
2076,3,23,83,-4.902723126,"1"
2076,3,24,84,-4.985121834,"1"
2076,3,25,85,-4.17334197,"1"
2076,3,26,86,-4.954603794,"1"
2076,3,27,87,-4.298465934,"1"
2076,3,28,88,-4.713511278,"1"
2076,3,29,89,-3.935301258,"1"
2076,3,30,90,-3.605706426,"1"
2076,3,31,91,-2.351414982,"1"
2077,3,1,60,-12.538336734,"1"
2077,3,2,61,-12.364383906,"1"
2077,3,3,62,-12.53528493,"1"
2077,3,4,63,-12.187379274,"1"
2077,3,5,64,-11.775385734,"1"
2077,3,6,65,-10.862896338,"1"
2077,3,7,66,-9.74288427,"1"
2077,3,8,67,-7.396046994,"1"
2077,3,9,68,-8.18646423,"1"
2077,3,10,69,-8.241396702,"1"
2077,3,11,70,-8.97993327,"1"
2077,3,12,71,-8.925000798,"1"
2077,3,13,72,-9.04096935,"1"
2077,3,14,73,-8.638131222,"1"
2077,3,15,74,-8.738840754,"1"
2077,3,16,75,-8.96467425,"1"
2077,3,17,76,-8.311588194,"1"
2077,3,18,77,-8.558784318,"1"
2077,3,19,78,-7.69817559,"1"
2077,3,20,79,-6.465246774,"1"
2077,3,21,80,-6.150910962,"1"
2077,3,22,81,-5.870144994,"1"
2077,3,23,82,-6.190584414,"1"
2077,3,24,83,-5.549705574,"1"
2077,3,25,84,-3.572136582,"1"
2077,3,26,85,-3.76134843,"1"
2077,3,27,86,-4.979018226,"1"
2077,3,28,87,-4.771495554,"1"
2077,3,29,88,-4.682993238,"1"
2077,3,30,89,-3.163194846,"1"
2077,3,31,90,-3.31883685,"1"
2078,3,1,60,-12.339969474,"1"
2078,3,2,61,-14.299227642,"1"
2078,3,3,62,-12.97779651,"1"
2078,3,4,63,-11.659417182,"1"
2078,3,5,64,-11.927975934,"1"
2078,3,6,65,-11.442739098,"1"
2078,3,7,66,-11.732660478,"1"
2078,3,8,67,-11.216905602,"1"
2078,3,9,68,-10.386814914,"1"
2078,3,10,69,-9.855801018,"1"
2078,3,11,70,-10.707254334,"1"
2078,3,12,71,-10.203706674,"1"
2078,3,13,72,-9.779505918,"1"
2078,3,14,73,-7.92706089,"1"
2078,3,15,74,-7.65239853,"1"
2078,3,16,75,-7.582207038,"1"
2078,3,17,76,-7.325855502,"1"
2078,3,18,77,-6.285190338,"1"
2078,3,19,78,-7.97283795,"1"
2078,3,20,79,-7.646294922,"1"
2078,3,21,80,-8.210878662,"1"
2078,3,22,81,-6.73685733,"1"
2078,3,23,82,-5.891507622,"1"
2078,3,24,83,-4.975966422,"1"
2078,3,25,84,-3.218127318,"1"
2078,3,26,85,-3.48668607,"1"
2078,3,27,86,-4.362553818,"1"
2078,3,28,87,-3.291370614,"1"
2078,3,29,88,-3.24254175,"1"
2078,3,30,89,-3.889524198,"1"
2078,3,31,90,-2.751201306,"1"
2079,3,1,60,-13.981840026,"1"
2079,3,2,61,-14.35110831,"1"
2079,3,3,62,-14.448766038,"1"
2079,3,4,63,-13.64919339,"1"
2079,3,5,64,-10.890362574,"1"
2079,3,6,65,-10.127411574,"1"
2079,3,7,66,-8.723581734,"1"
2079,3,8,67,-8.870068326,"1"
2079,3,9,68,-9.78866133,"1"
2079,3,10,69,-9.672692778,"1"
2079,3,11,70,-8.189516034,"1"
2079,3,12,71,-7.875180222,"1"
2079,3,13,72,-10.850689122,"1"
2079,3,14,73,-10.18539585,"1"
2079,3,15,74,-7.978941558,"1"
2079,3,16,75,-6.617836974,"1"
2079,3,17,76,-7.115281026,"1"
2079,3,18,77,-7.600517862,"1"
2079,3,19,78,-8.104065522,"1"
2079,3,20,79,-6.102082098,"1"
2079,3,21,80,-5.842678758,"1"
2079,3,22,81,-5.040054306,"1"
2079,3,23,82,-4.808117202,"1"
2079,3,24,83,-4.213015422,"1"
2079,3,25,84,-4.316776758,"1"
2079,3,26,85,-3.855954354,"1"
2079,3,27,86,-2.735942286,"1"
2079,3,28,87,-2.885480682,"1"
2079,3,29,88,-3.245593554,"1"
2079,3,30,89,-3.541618542,"1"
2079,3,31,90,-3.636224466,"1"
2080,3,1,61,-10.130463378,"1"
2080,3,2,62,-11.51293059,"1"
2080,3,3,63,-12.007322838,"1"
2080,3,4,64,-11.418324666,"1"
2080,3,5,65,-10.710306138,"1"
2080,3,6,66,-8.30853639,"1"
2080,3,7,67,-9.36140877,"1"
2080,3,8,68,-12.025633662,"1"
2080,3,9,69,-12.324710454,"1"
2080,3,10,70,-11.311511526,"1"
2080,3,11,71,-9.257647434,"1"
2080,3,12,72,-8.863964718,"1"
2080,3,13,73,-9.20881857,"1"
2080,3,14,74,-8.802928638,"1"
2080,3,15,75,-8.348209842,"1"
2080,3,16,76,-9.370564182,"1"
2080,3,17,77,-7.82024775,"1"
2080,3,18,78,-6.160066374,"1"
2080,3,19,79,-6.69108027,"1"
2080,3,20,80,-8.848705698,"1"
2080,3,21,81,-8.168153406,"1"
2080,3,22,82,-7.206835146,"1"
2080,3,23,83,-5.467306866,"1"
2080,3,24,84,-5.140763838,"1"
2080,3,25,85,-5.076675954,"1"
2080,3,26,86,-4.963759206,"1"
2080,3,27,87,-5.082779562,"1"
2080,3,28,88,-5.168230074,"1"
2080,3,29,89,-5.000380854,"1"
2080,3,30,90,-3.450064422,"1"
2080,3,31,91,-4.240481658,"1"
2081,3,1,60,-11.866939854,"1"
2081,3,2,61,-13.783472766,"1"
2081,3,3,62,-13.621727154,"1"
2081,3,4,63,-14.83939695,"1"
2081,3,5,64,-15.516897438,"1"
2081,3,6,65,-14.317538466,"1"
2081,3,7,66,-12.510870498,"1"
2081,3,8,67,-12.690926934,"1"
2081,3,9,68,-11.052108186,"1"
2081,3,10,69,-9.602501286,"1"
2081,3,11,70,-8.534369886,"1"
2081,3,12,71,-8.000304186,"1"
2081,3,13,72,-8.662545654,"1"
2081,3,14,73,-8.207826858,"1"
2081,3,15,74,-8.012511402,"1"
2081,3,16,75,-6.596474346,"1"
2081,3,17,76,-6.153962766,"1"
2081,3,18,77,-6.013579782,"1"
2081,3,19,78,-5.738917422,"1"
2081,3,20,79,-6.76737537,"1"
2081,3,21,80,-5.80605711,"1"
2081,3,22,81,-4.039062594,"1"
2081,3,23,82,-4.805065398,"1"
2081,3,24,83,-3.981078318,"1"
2081,3,25,84,-4.148927538,"1"
2081,3,26,85,-5.732813814,"1"
2081,3,27,86,-5.296405842,"1"
2081,3,28,87,-4.67688963,"1"
2081,3,29,88,-4.43274531,"1"
2081,3,30,89,-4.655527002,"1"
2081,3,31,90,-4.908826734,"1"
2082,3,1,60,-11.75707491,"1"
2082,3,2,61,-11.949338562,"1"
2082,3,3,62,-11.580070278,"1"
2082,3,4,63,-10.350193266,"1"
2082,3,5,64,-10.18539585,"1"
2082,3,6,65,-8.96467425,"1"
2082,3,7,66,-8.397038706,"1"
2082,3,8,67,-7.002364278,"1"
2082,3,9,68,-8.162049798,"1"
2082,3,10,69,-7.463186682,"1"
2082,3,11,70,-7.585258842,"1"
2082,3,12,71,-9.419393046,"1"
2082,3,13,72,-8.921948994,"1"
2082,3,14,73,-9.034865742,"1"
2082,3,15,74,-8.26275933,"1"
2082,3,16,75,-7.533378174,"1"
2082,3,17,76,-7.914853674,"1"
2082,3,18,77,-8.082702894,"1"
2082,3,19,78,-8.180360622,"1"
2082,3,20,79,-8.40009051,"1"
2082,3,21,80,-6.544593678,"1"
2082,3,22,81,-4.81422081,"1"
2082,3,23,82,-5.980009938,"1"
2082,3,24,83,-4.960707402,"1"
2082,3,25,84,-5.24147337,"1"
2082,3,26,85,-4.856946066,"1"
2082,3,27,86,-3.59349921,"1"
2082,3,28,87,-4.655527002,"1"
2082,3,29,88,-3.504996894,"1"
2082,3,30,89,-3.361562106,"1"
2082,3,31,90,-2.214083802,"1"
2083,3,1,60,-12.09277335,"1"
2083,3,2,61,-9.660485562,"1"
2083,3,3,62,-9.34614975,"1"
2083,3,4,63,-9.672692778,"1"
2083,3,5,64,-10.145722398,"1"
2083,3,6,65,-10.508887074,"1"
2083,3,7,66,-10.545508722,"1"
2083,3,8,67,-11.128403286,"1"
2083,3,9,68,-10.380711306,"1"
2083,3,10,69,-9.492636342,"1"
2083,3,11,70,-9.013503114,"1"
2083,3,12,71,-10.283053578,"1"
2083,3,13,72,-8.650338438,"1"
2083,3,14,73,-7.673761158,"1"
2083,3,15,74,-7.490652918,"1"
2083,3,16,75,-6.968794434,"1"
2083,3,17,76,-7.463186682,"1"
2083,3,18,77,-6.865033098,"1"
2083,3,19,78,-6.407262498,"1"
2083,3,20,79,-4.942396578,"1"
2083,3,21,80,-4.747081122,"1"
2083,3,22,81,-6.78263439,"1"
2083,3,23,82,-8.030822226,"1"
2083,3,24,83,-7.234301382,"1"
2083,3,25,84,-5.54665377,"1"
2083,3,26,85,-4.46326335,"1"
2083,3,27,86,-3.697260546,"1"
2083,3,28,87,-4.057373418,"1"
2083,3,29,88,-4.155031146,"1"
2083,3,30,89,-3.923094042,"1"
2083,3,31,90,-3.483634266,"1"
2084,3,1,61,-11.869991658,"1"
2084,3,2,62,-12.144654018,"1"
2084,3,3,63,-11.812007382,"1"
2084,3,4,64,-9.913785294,"1"
2084,3,5,65,-8.677804674,"1"
2084,3,6,66,-9.440755674,"1"
2084,3,7,67,-11.52818961,"1"
2084,3,8,68,-12.349124886,"1"
2084,3,9,69,-11.992063818,"1"
2084,3,10,70,-9.892422666,"1"
2084,3,11,71,-8.363468862,"1"
2084,3,12,72,-9.196611354,"1"
2084,3,13,73,-9.465170106,"1"
2084,3,14,74,-7.92706089,"1"
2084,3,15,75,-8.976881466,"1"
2084,3,16,76,-7.685968374,"1"
2084,3,17,77,-7.664605746,"1"
2084,3,18,78,-7.14885087,"1"
2084,3,19,79,-6.514075638,"1"
2084,3,20,80,-5.25673239,"1"
2084,3,21,81,-4.67688963,"1"
2084,3,22,82,-4.484625978,"1"
2084,3,23,83,-5.14991925,"1"
2084,3,24,84,-4.496833194,"1"
2084,3,25,85,-3.663690702,"1"
2084,3,26,86,-3.04417449,"1"
2084,3,27,87,-1.86922995,"1"
2084,3,28,88,-0.926222514,"1"
2084,3,29,89,-1.74715779,"1"
2084,3,30,90,-1.07576091,"1"
2084,3,31,91,-0.971999574,"1"
2085,3,1,60,-12.819102702,"1"
2085,3,2,61,-11.400013842,"1"
2085,3,3,62,-11.113144266,"1"
2085,3,4,63,-12.022581858,"1"
2085,3,5,64,-13.243303458,"1"
2085,3,6,65,-12.669564306,"1"
2085,3,7,66,-11.77233393,"1"
2085,3,8,67,-12.968641098,"1"
2085,3,9,68,-12.602424618,"1"
2085,3,10,69,-11.979856602,"1"
2085,3,11,70,-11.549552238,"1"
2085,3,12,71,-9.929044314,"1"
2085,3,13,72,-9.629967522,"1"
2085,3,14,73,-9.94125153,"1"
2085,3,15,74,-5.76028005,"1"
2085,3,16,75,-5.162126466,"1"
2085,3,17,76,-5.665674126,"1"
2085,3,18,77,-5.879300406,"1"
2085,3,19,78,-6.55374909,"1"
2085,3,20,79,-6.724650114,"1"
2085,3,21,80,-4.725718494,"1"
2085,3,22,81,-5.10414219,"1"
2085,3,23,82,-5.238421566,"1"
2085,3,24,83,-3.987181926,"1"
2085,3,25,84,-3.340199478,"1"
2085,3,26,85,-3.599602818,"1"
2085,3,27,86,-3.141832218,"1"
2085,3,28,87,-2.806133778,"1"
2085,3,29,88,-3.99023373,"1"
2085,3,30,89,-3.706415958,"1"
2085,3,31,90,-4.00549275,"1"
2086,3,1,60,-12.889294194,"1"
2086,3,2,61,-13.533224838,"1"
2086,3,3,62,-12.739755798,"1"
2086,3,4,63,-10.624855626,"1"
2086,3,5,64,-9.578086854,"1"
2086,3,6,65,-9.703210818,"1"
2086,3,7,66,-11.07041901,"1"
2086,3,8,67,-10.91782881,"1"
2086,3,9,68,-11.174180346,"1"
2086,3,10,69,-11.412221058,"1"
2086,3,11,70,-11.631950946,"1"
2086,3,12,71,-10.554664134,"1"
2086,3,13,72,-9.562827834,"1"
2086,3,14,73,-9.156937902,"1"
2086,3,15,74,-9.694055406,"1"
2086,3,16,75,-8.146790778,"1"
2086,3,17,76,-5.934232878,"1"
2086,3,18,77,-4.820324418,"1"
2086,3,19,78,-4.786754574,"1"
2086,3,20,79,-4.37170923,"1"
2086,3,21,80,-5.558860986,"1"
2086,3,22,81,-4.014648162,"1"
2086,3,23,82,-4.37170923,"1"
2086,3,24,83,-5.107193994,"1"
2086,3,25,84,-3.602654622,"1"
2086,3,26,85,-3.801021882,"1"
2086,3,27,86,-4.55481747,"1"
2086,3,28,87,-4.878308694,"1"
2086,3,29,88,-2.980086606,"1"
2086,3,30,89,-2.964827586,"1"
2086,3,31,90,-2.67795801,"1"
2087,3,1,60,-11.296252506,"1"
2087,3,2,61,-12.101928762,"1"
2087,3,3,62,-11.400013842,"1"
2087,3,4,63,-9.810023958,"1"
2087,3,5,64,-8.076599286,"1"
2087,3,6,65,-9.211870374,"1"
2087,3,7,66,-11.81811099,"1"
2087,3,8,67,-10.234224714,"1"
2087,3,9,68,-9.718469838,"1"
2087,3,10,69,-11.107040658,"1"
2087,3,11,70,-13.197526398,"1"
2087,3,12,71,-12.404057358,"1"
2087,3,13,72,-12.233156334,"1"
2087,3,14,73,-10.102997142,"1"
2087,3,15,74,-8.18646423,"1"
2087,3,16,75,-8.168153406,"1"
2087,3,17,76,-7.817195946,"1"
2087,3,18,77,-6.852825882,"1"
2087,3,19,78,-6.70633929,"1"
2087,3,20,79,-5.696192166,"1"
2087,3,21,80,-6.901654746,"1"
2087,3,22,81,-8.424504942,"1"
2087,3,23,82,-8.622872202,"1"
2087,3,24,83,-8.546577102,"1"
2087,3,25,84,-6.840618666,"1"
2087,3,26,85,-4.817272614,"1"
2087,3,27,86,-3.739985802,"1"
2087,3,28,87,-3.657587094,"1"
2087,3,29,88,-4.37170923,"1"
2087,3,30,89,-2.610818322,"1"
2087,3,31,90,-1.606774806,"1"
2088,3,1,61,-11.958493974,"1"
2088,3,2,62,-11.26878627,"1"
2088,3,3,63,-10.46005821,"1"
2088,3,4,64,-10.026702042,"1"
2088,3,5,65,-9.266802846,"1"
2088,3,6,66,-11.461049922,"1"
2088,3,7,67,-12.837413526,"1"
2088,3,8,68,-12.190431078,"1"
2088,3,9,69,-12.68787513,"1"
2088,3,10,70,-10.029753846,"1"
2088,3,11,71,-9.111160842,"1"
2088,3,12,72,-9.877163646,"1"
2088,3,13,73,-10.402073934,"1"
2088,3,14,74,-10.280001774,"1"
2088,3,15,75,-10.890362574,"1"
2088,3,16,76,-10.374607698,"1"
2088,3,17,77,-9.214922178,"1"
2088,3,18,78,-5.830471542,"1"
2088,3,19,79,-4.85999787,"1"
2088,3,20,80,-4.930189362,"1"
2088,3,21,81,-4.759288338,"1"
2088,3,22,82,-4.365605622,"1"
2088,3,23,83,-4.084839654,"1"
2088,3,24,84,-4.682993238,"1"
2088,3,25,85,-3.337147674,"1"
2088,3,26,86,-3.85290255,"1"
2088,3,27,87,-4.069580634,"1"
2088,3,28,88,-4.090943262,"1"
2088,3,29,89,-3.428701794,"1"
2088,3,30,90,-2.03707917,"1"
2088,3,31,91,-2.543678634,"1"
2089,3,1,60,-12.043944486,"1"
2089,3,2,61,-10.53635331,"1"
2089,3,3,62,-10.341037854,"1"
2089,3,4,63,-11.641106358,"1"
2089,3,5,64,-10.26169095,"1"
2089,3,6,65,-10.588233978,"1"
2089,3,7,66,-10.334934246,"1"
2089,3,8,67,-11.967649386,"1"
2089,3,9,68,-10.930036026,"1"
2089,3,10,69,-10.832378298,"1"
2089,3,11,70,-10.786601238,"1"
2089,3,12,71,-10.530249702,"1"
2089,3,13,72,-11.003279322,"1"
2089,3,14,73,-10.579078566,"1"
2089,3,15,74,-8.931104406,"1"
2089,3,16,75,-9.633019326,"1"
2089,3,17,76,-10.539405114,"1"
2089,3,18,77,-8.564887926,"1"
2089,3,19,78,-6.49271301,"1"
2089,3,20,79,-5.964750918,"1"
2089,3,21,80,-6.52323105,"1"
2089,3,22,81,-6.321811986,"1"
2089,3,23,82,-6.819256038,"1"
2089,3,24,83,-6.456091362,"1"
2089,3,25,84,-5.375752746,"1"
2089,3,26,85,-4.621957158,"1"
2089,3,27,86,-3.749141214,"1"
2089,3,28,87,-3.358510302,"1"
2089,3,29,88,-2.793926562,"1"
2089,3,30,89,-3.022811862,"1"
2089,3,31,90,-2.146944114,"1"
2090,3,1,60,-10.893414378,"1"
2090,3,2,61,-11.915768718,"1"
2090,3,3,62,-13.19142279,"1"
2090,3,4,63,-14.042876106,"1"
2090,3,5,64,-12.15380943,"1"
2090,3,6,65,-11.63500275,"1"
2090,3,7,66,-11.052108186,"1"
2090,3,8,67,-11.259630858,"1"
2090,3,9,68,-10.255587342,"1"
2090,3,10,69,-11.464101726,"1"
2090,3,11,70,-11.033797362,"1"
2090,3,12,71,-9.922940706,"1"
2090,3,13,72,-10.023650238,"1"
2090,3,14,73,-8.46112659,"1"
2090,3,15,74,-7.960630734,"1"
2090,3,16,75,-7.975889754,"1"
2090,3,17,76,-9.736780662,"1"
2090,3,18,77,-9.776454114,"1"
2090,3,19,78,-8.662545654,"1"
2090,3,20,79,-8.35431345,"1"
2090,3,21,80,-7.631035902,"1"
2090,3,22,81,-6.437780538,"1"
2090,3,23,82,-5.632104282,"1"
2090,3,24,83,-4.85999787,"1"
2090,3,25,84,-4.762340142,"1"
2090,3,26,85,-5.403218982,"1"
2090,3,27,86,-4.484625978,"1"
2090,3,28,87,-4.579231902,"1"
2090,3,29,88,-2.760356718,"1"
2090,3,30,89,-1.97604309,"1"
2090,3,31,90,-2.305637922,"1"
2091,3,1,60,-11.601432906,"1"
2091,3,2,61,-11.921872326,"1"
2091,3,3,62,-12.025633662,"1"
2091,3,4,63,-10.939191438,"1"
2091,3,5,64,-11.805903774,"1"
2091,3,6,65,-13.865871474,"1"
2091,3,7,66,-11.824214598,"1"
2091,3,8,67,-11.180283954,"1"
2091,3,9,68,-10.240328322,"1"
2091,3,10,69,-9.181352334,"1"
2091,3,11,70,-9.474325518,"1"
2091,3,12,71,-9.111160842,"1"
2091,3,13,72,-8.030822226,"1"
2091,3,14,73,-8.815135854,"1"
2091,3,15,74,-8.32379541,"1"
2091,3,16,75,-9.538413402,"1"
2091,3,17,76,-9.007399506,"1"
2091,3,18,77,-7.432668642,"1"
2091,3,19,78,-7.91180187,"1"
2091,3,20,79,-8.290225566,"1"
2091,3,21,80,-7.145799066,"1"
2091,3,22,81,-6.923017374,"1"
2091,3,23,82,-6.773478978,"1"
2091,3,24,83,-5.650415106,"1"
2091,3,25,84,-5.479514082,"1"
2091,3,26,85,-3.849850746,"1"
2091,3,27,86,-3.794918274,"1"
2091,3,28,87,-4.866101478,"1"
2091,3,29,88,-5.967802722,"1"
2091,3,30,89,-4.435797114,"1"
2091,3,31,90,-3.73083039,"1"
2092,3,1,61,-11.412221058,"1"
2092,3,2,62,-11.74181589,"1"
2092,3,3,63,-12.745859406,"1"
2092,3,4,64,-12.385746534,"1"
2092,3,5,65,-11.46715353,"1"
2092,3,6,66,-12.724496778,"1"
2092,3,7,67,-11.149765914,"1"
2092,3,8,68,-10.087738122,"1"
2092,3,9,69,-8.500800042,"1"
2092,3,10,70,-8.531318082,"1"
2092,3,11,71,-7.780574298,"1"
2092,3,12,72,-8.043029442,"1"
2092,3,13,73,-8.372624274,"1"
2092,3,14,74,-7.78972971,"1"
2092,3,15,75,-6.977949846,"1"
2092,3,16,76,-6.868084902,"1"
2092,3,17,77,-8.162049798,"1"
2092,3,18,78,-7.704279198,"1"
2092,3,19,79,-6.352330026,"1"
2092,3,20,80,-6.712442898,"1"
2092,3,21,81,-6.61478517,"1"
2092,3,22,82,-6.58426713,"1"
2092,3,23,83,-5.326923882,"1"
2092,3,24,84,-4.087891458,"1"
2092,3,25,85,-3.88342059,"1"
2092,3,26,86,-4.47852237,"1"
2092,3,27,87,-3.575188386,"1"
2092,3,28,88,-4.185549186,"1"
2092,3,29,89,-3.352406694,"1"
2092,3,30,90,-1.857022734,"1"
2092,3,31,91,-1.811245674,"1"
2093,3,1,60,-14.540320158,"1"
2093,3,2,61,-14.42740341,"1"
2093,3,3,62,-13.899441318,"1"
2093,3,4,63,-13.536276642,"1"
2093,3,5,64,-12.129394998,"1"
2093,3,6,65,-9.733728858,"1"
2093,3,7,66,-9.047072958,"1"
2093,3,8,67,-8.403142314,"1"
2093,3,9,68,-7.536429978,"1"
2093,3,10,69,-7.72869363,"1"
2093,3,11,70,-9.245440218,"1"
2093,3,12,71,-9.037917546,"1"
2093,3,13,72,-7.975889754,"1"
2093,3,14,73,-7.853817594,"1"
2093,3,15,74,-8.69001189,"1"
2093,3,16,75,-9.748987878,"1"
2093,3,17,76,-8.11016913,"1"
2093,3,18,77,-7.917905478,"1"
2093,3,19,78,-7.353321738,"1"
2093,3,20,79,-6.742960938,"1"
2093,3,21,80,-5.677881342,"1"
2093,3,22,81,-4.994277246,"1"
2093,3,23,82,-6.617836974,"1"
2093,3,24,83,-6.581215326,"1"
2093,3,25,84,-6.593422542,"1"
2093,3,26,85,-5.278095018,"1"
2093,3,27,86,-3.611810034,"1"
2093,3,28,87,-3.001449234,"1"
2093,3,29,88,-2.60166291,"1"
2093,3,30,89,-1.698328926,"1"
2093,3,31,90,-2.650491774,"1"
2094,3,1,60,-12.303347826,"1"
2094,3,2,61,-11.549552238,"1"
2094,3,3,62,-10.371555894,"1"
2094,3,4,63,-9.98702859,"1"
2094,3,5,64,-9.001295898,"1"
2094,3,6,65,-8.067443874,"1"
2094,3,7,66,-6.907758354,"1"
2094,3,8,67,-9.135575274,"1"
2094,3,9,68,-10.447850994,"1"
2094,3,10,69,-9.761195094,"1"
2094,3,11,70,-9.977873178,"1"
2094,3,12,71,-9.199663158,"1"
2094,3,13,72,-8.26275933,"1"
2094,3,14,73,-8.299380978,"1"
2094,3,15,74,-8.015563206,"1"
2094,3,16,75,-7.215990558,"1"
2094,3,17,76,-6.773478978,"1"
2094,3,18,77,-5.784694482,"1"
2094,3,19,78,-6.620888778,"1"
2094,3,20,79,-6.504920226,"1"
2094,3,21,80,-6.092926686,"1"
2094,3,22,81,-6.007476174,"1"
2094,3,23,82,-3.489737874,"1"
2094,3,24,83,-2.943464958,"1"
2094,3,25,84,-3.758296626,"1"
2094,3,26,85,-4.960707402,"1"
2094,3,27,86,-4.50904041,"1"
2094,3,28,87,-4.151979342,"1"
2094,3,29,88,-3.892576002,"1"
2094,3,30,89,-3.175402062,"1"
2094,3,31,90,-2.729838678,"1"
2095,3,1,60,-13.865871474,"1"
2095,3,2,61,-15.181198998,"1"
2095,3,3,62,-15.504690222,"1"
2095,3,4,63,-12.938123058,"1"
2095,3,5,64,-11.485464354,"1"
2095,3,6,65,-9.767298702,"1"
2095,3,7,66,-9.60555309,"1"
2095,3,8,67,-9.077590998,"1"
2095,3,9,68,-9.169145118,"1"
2095,3,10,69,-10.164033222,"1"
2095,3,11,70,-8.93415621,"1"
2095,3,12,71,-9.892422666,"1"
2095,3,13,72,-8.738840754,"1"
2095,3,14,73,-8.59845777,"1"
2095,3,15,74,-7.277026638,"1"
2095,3,16,75,-7.203783342,"1"
2095,3,17,76,-6.81315243,"1"
2095,3,18,77,-6.425573322,"1"
2095,3,19,78,-6.083771274,"1"
2095,3,20,79,-7.582207038,"1"
2095,3,21,80,-7.191576126,"1"
2095,3,22,81,-6.578163522,"1"
2095,3,23,82,-5.900663034,"1"
2095,3,24,83,-5.934232878,"1"
2095,3,25,84,-5.207903526,"1"
2095,3,26,85,-4.469366958,"1"
2095,3,27,86,-4.048218006,"1"
2095,3,28,87,-3.340199478,"1"
2095,3,29,88,-2.90684331,"1"
2095,3,30,89,-4.02075177,"1"
2095,3,31,90,-4.383916446,"1"
2096,3,1,61,-11.049056382,"1"
2096,3,2,62,-9.535361598,"1"
2096,3,3,63,-9.202714962,"1"
2096,3,4,64,-8.833446678,"1"
2096,3,5,65,-8.833446678,"1"
2096,3,6,66,-9.080642802,"1"
2096,3,7,67,-8.192567838,"1"
2096,3,8,68,-8.329899018,"1"
2096,3,9,69,-10.563819546,"1"
2096,3,10,70,-9.663537366,"1"
2096,3,11,71,-8.650338438,"1"
2096,3,12,72,-9.236284806,"1"
2096,3,13,73,-9.260699238,"1"
2096,3,14,74,-10.969709478,"1"
2096,3,15,75,-9.43770387,"1"
2096,3,16,76,-9.474325518,"1"
2096,3,17,77,-7.649346726,"1"
2096,3,18,78,-6.269931318,"1"
2096,3,19,79,-6.364537242,"1"
2096,3,20,80,-6.428625126,"1"
2096,3,21,81,-5.381856354,"1"
2096,3,22,82,-5.244525174,"1"
2096,3,23,83,-6.12649653,"1"
2096,3,24,84,-4.151979342,"1"
2096,3,25,85,-4.69214865,"1"
2096,3,26,86,-4.496833194,"1"
2096,3,27,87,-3.63927627,"1"
2096,3,28,88,-3.611810034,"1"
2096,3,29,89,-3.584343798,"1"
2096,3,30,90,-4.283206914,"1"
2096,3,31,91,-2.516212398,"1"
2097,3,1,60,-11.232164622,"1"
2097,3,2,61,-12.272829786,"1"
2097,3,3,62,-11.409169254,"1"
2097,3,4,63,-11.747919498,"1"
2097,3,5,64,-11.274889878,"1"
2097,3,6,65,-10.576026762,"1"
2097,3,7,66,-10.38376311,"1"
2097,3,8,67,-10.386814914,"1"
2097,3,9,68,-9.962614158,"1"
2097,3,10,69,-8.940259818,"1"
2097,3,11,70,-7.948423518,"1"
2097,3,12,71,-8.44586757,"1"
2097,3,13,72,-9.065383782,"1"
2097,3,14,73,-10.450902798,"1"
2097,3,15,74,-7.615776882,"1"
2097,3,16,75,-5.860989582,"1"
2097,3,17,76,-5.320820274,"1"
2097,3,18,77,-5.320820274,"1"
2097,3,19,78,-5.232317958,"1"
2097,3,20,79,-6.413366106,"1"
2097,3,21,80,-4.887464106,"1"
2097,3,22,81,-4.960707402,"1"
2097,3,23,82,-4.76844375,"1"
2097,3,24,83,-3.65453529,"1"
2097,3,25,84,-3.428701794,"1"
2097,3,26,85,-4.12756491,"1"
2097,3,27,86,-5.903714838,"1"
2097,3,28,87,-4.11230589,"1"
2097,3,29,88,-2.653543578,"1"
2097,3,30,89,-1.768520418,"1"
2097,3,31,90,-2.095063446,"1"
2098,3,1,60,-13.51186221,"1"
2098,3,2,61,-15.05302323,"1"
2098,3,3,62,-14.44266243,"1"
2098,3,4,63,-11.738764086,"1"
2098,3,5,64,-12.379642926,"1"
2098,3,6,65,-12.355228494,"1"
2098,3,7,66,-12.45898983,"1"
2098,3,8,67,-11.702142438,"1"
2098,3,9,68,-11.427480078,"1"
2098,3,10,69,-10.164033222,"1"
2098,3,11,70,-11.369495802,"1"
2098,3,12,71,-11.046004578,"1"
2098,3,13,72,-10.380711306,"1"
2098,3,14,73,-7.960630734,"1"
2098,3,15,74,-7.884335634,"1"
2098,3,16,75,-8.61371679,"1"
2098,3,17,76,-9.446859282,"1"
2098,3,18,77,-9.373615986,"1"
2098,3,19,78,-8.01861501,"1"
2098,3,20,79,-7.283130246,"1"
2098,3,21,80,-5.970854526,"1"
2098,3,22,81,-5.98916535,"1"
2098,3,23,82,-6.361485438,"1"
2098,3,24,83,-5.68398495,"1"
2098,3,25,84,-5.787746286,"1"
2098,3,26,85,-5.21095533,"1"
2098,3,27,86,-5.311664862,"1"
2098,3,28,87,-5.314716666,"1"
2098,3,29,88,-4.304569542,"1"
2098,3,30,89,-3.923094042,"1"
2098,3,31,90,-3.221179122,"1"
2099,3,1,60,-14.830241538,"1"
2099,3,2,61,-13.835353434,"1"
2099,3,3,62,-13.319598558,"1"
2099,3,4,63,-11.80285197,"1"
2099,3,5,64,-10.59738939,"1"
2099,3,6,65,-11.229112818,"1"
2099,3,7,66,-10.966657674,"1"
2099,3,8,67,-9.587242266,"1"
2099,3,9,68,-10.054168278,"1"
2099,3,10,69,-11.14671411,"1"
2099,3,11,70,-9.379719594,"1"
2099,3,12,71,-8.982985074,"1"
2099,3,13,72,-8.290225566,"1"
2099,3,14,73,-10.008391218,"1"
2099,3,15,74,-10.783549434,"1"
2099,3,16,75,-9.962614158,"1"
2099,3,17,76,-10.591285782,"1"
2099,3,18,77,-11.210801994,"1"
2099,3,19,78,-10.868999946,"1"
2099,3,20,79,-10.899517986,"1"
2099,3,21,80,-10.142670594,"1"
2099,3,22,81,-7.487601114,"1"
2099,3,23,82,-6.837566862,"1"
2099,3,24,83,-7.524222762,"1"
2099,3,25,84,-6.028838802,"1"
2099,3,26,85,-5.741969226,"1"
2099,3,27,86,-4.527351234,"1"
2099,3,28,87,-4.344242994,"1"
2099,3,29,88,-3.739985802,"1"
2099,3,30,89,-5.217058938,"1"
2099,3,31,90,-2.156099526,"1"
2100,3,1,60,-12.990003726,"1"
2100,3,2,61,-12.059203506,"1"
2100,3,3,62,-13.307391342,"1"
2100,3,4,63,-12.156861234,"1"
2100,3,5,64,-12.089721546,"1"
2100,3,6,65,-11.448842706,"1"
2100,3,7,66,-10.73472057,"1"
2100,3,8,67,-10.267794558,"1"
2100,3,9,68,-12.257570766,"1"
2100,3,10,69,-13.52712123,"1"
2100,3,11,70,-10.594337586,"1"
2100,3,12,71,-10.713357942,"1"
2100,3,13,72,-12.62683905,"1"
2100,3,14,73,-11.372547606,"1"
2100,3,15,74,-9.944303334,"1"
2100,3,16,75,-9.394978614,"1"
2100,3,17,76,-9.571983246,"1"
2100,3,18,77,-9.36140877,"1"
2100,3,19,78,-9.84969741,"1"
2100,3,20,79,-8.564887926,"1"
2100,3,21,80,-7.197679734,"1"
2100,3,22,81,-6.75211635,"1"
2100,3,23,82,-6.29434575,"1"
2100,3,24,83,-7.01151969,"1"
2100,3,25,84,-5.903714838,"1"
2100,3,26,85,-4.869153282,"1"
2100,3,27,86,-6.327915594,"1"
2100,3,28,87,-5.83657515,"1"
2100,3,29,88,-3.76134843,"1"
2100,3,30,89,-3.987181926,"1"
2100,3,31,90,-4.756236534,"1"
2025,4,1,91,-5.171281878,"1"
2025,4,2,92,-5.061416934,"1"
2025,4,3,93,-4.869153282,"1"
2025,4,4,94,-3.97497471,"1"
2025,4,5,95,-2.375829414,"1"
2025,4,6,96,-2.687113422,"1"
2025,4,7,97,-3.18150567,"1"
2025,4,8,98,-3.877316982,"1"
2025,4,9,99,-4.191652794,"1"
2025,4,10,100,-3.962767494,"1"
2025,4,11,101,-3.016708254,"1"
2025,4,12,102,-2.211031998,"1"
2025,4,13,103,-1.948576854,"1"
2025,4,14,104,-1.130693382,"1"
2025,4,15,105,-0.508125366,"1"
2025,4,16,106,0.239566614,"1"
2025,4,17,107,-0.367742382,"1"
2025,4,18,108,0.34332795,"1"
2025,4,19,109,1.18257405,"1"
2025,4,20,110,0.14496069,"1"
2025,4,21,111,0.575265054,"1"
2025,4,22,112,2.644388166,"1"
2025,4,23,113,2.650491774,"1"
2025,4,24,114,2.485694358,"1"
2025,4,25,115,2.34225957,"1"
2025,4,26,116,3.114365982,"1"
2025,4,27,117,3.24254175,"1"
2025,4,28,118,3.706415958,"1"
2025,4,29,119,4.307621346,"1"
2025,4,30,120,3.602654622,"1"
2026,4,1,91,-7.350269934,"1"
2026,4,2,92,-6.926069178,"1"
2026,4,3,93,-5.71450299,"1"
2026,4,4,94,-5.43984063,"1"
2026,4,5,95,-4.298465934,"1"
2026,4,6,96,-3.97497471,"1"
2026,4,7,97,-2.934309546,"1"
2026,4,8,98,-2.626077342,"1"
2026,4,9,99,-2.806133778,"1"
2026,4,10,100,-2.63218095,"1"
2026,4,11,101,-1.463340018,"1"
2026,4,12,102,-2.430761886,"1"
2026,4,13,103,-2.339207766,"1"
2026,4,14,104,-2.375829414,"1"
2026,4,15,105,-2.085908034,"1"
2026,4,16,106,-1.768520418,"1"
2026,4,17,107,-1.673914494,"1"
2026,4,18,108,-1.048294674,"1"
2026,4,19,109,0.291447282,"1"
2026,4,20,110,0.41962305,"1"
2026,4,21,111,0.242618418,"1"
2026,4,22,112,0.001525902,"1"
2026,4,23,113,-0.331120734,"1"
2026,4,24,114,1.56404955,"1"
2026,4,25,115,3.068588922,"1"
2026,4,26,116,2.06759721,"1"
2026,4,27,117,2.528419614,"1"
2026,4,28,118,2.565041262,"1"
2026,4,29,119,2.092011642,"1"
2026,4,30,120,3.202868298,"1"
2027,4,1,91,-7.063400358,"1"
2027,4,2,92,-7.478445702,"1"
2027,4,3,93,-5.711451186,"1"
2027,4,4,94,-5.360493726,"1"
2027,4,5,95,-4.774547358,"1"
2027,4,6,96,-4.490729586,"1"
2027,4,7,97,-4.41748629,"1"
2027,4,8,98,-3.154039434,"1"
2027,4,9,99,-3.126573198,"1"
2027,4,10,100,-2.629129146,"1"
2027,4,11,101,-2.528419614,"1"
2027,4,12,102,-2.348363178,"1"
2027,4,13,103,-3.477530658,"1"
2027,4,14,104,-1.100175342,"1"
2027,4,15,105,-0.563057838,"1"
2027,4,16,106,-0.532539798,"1"
2027,4,17,107,-0.050354766,"1"
2027,4,18,108,-0.093080022,"1"
2027,4,19,109,0.288395478,"1"
2027,4,20,110,-0.001525902,"1"
2027,4,21,111,0.57221325,"1"
2027,4,22,112,1.081864518,"1"
2027,4,23,113,1.820401086,"1"
2027,4,24,114,0.38910501,"1"
2027,4,25,115,0.61799031,"1"
2027,4,26,116,1.161211422,"1"
2027,4,27,117,2.43381369,"1"
2027,4,28,118,2.488746162,"1"
2027,4,29,119,2.96787939,"1"
2027,4,30,120,2.729838678,"1"
2028,4,1,92,-6.73685733,"1"
2028,4,2,93,-6.620888778,"1"
2028,4,3,94,-7.341114522,"1"
2028,4,4,95,-6.471350382,"1"
2028,4,5,96,-4.689096846,"1"
2028,4,6,97,-4.383916446,"1"
2028,4,7,98,-4.319828562,"1"
2028,4,8,99,-4.713511278,"1"
2028,4,9,100,-3.727778586,"1"
2028,4,10,101,-2.90684331,"1"
2028,4,11,102,-3.025863666,"1"
2028,4,12,103,-2.043182778,"1"
2028,4,13,104,-3.038070882,"1"
2028,4,14,105,-3.495841482,"1"
2028,4,15,106,-3.504996894,"1"
2028,4,16,107,-1.164263226,"1"
2028,4,17,108,-0.779735922,"1"
2028,4,18,109,-0.901808082,"1"
2028,4,19,110,0.227359398,"1"
2028,4,20,111,0.303654498,"1"
2028,4,21,112,0.273136458,"1"
2028,4,22,113,0.19073775,"1"
2028,4,23,114,0.38910501,"1"
2028,4,24,115,1.246661934,"1"
2028,4,25,116,2.659647186,"1"
2028,4,26,117,3.001449234,"1"
2028,4,27,118,3.553825758,"1"
2028,4,28,119,4.985121834,"1"
2028,4,29,120,3.343251282,"1"
2028,4,30,121,3.07469253,"1"
2029,4,1,91,-3.260852574,"1"
2029,4,2,92,-2.943464958,"1"
2029,4,3,93,-3.688105134,"1"
2029,4,4,94,-3.447012618,"1"
2029,4,5,95,-3.385976538,"1"
2029,4,6,96,-3.572136582,"1"
2029,4,7,97,-3.093003354,"1"
2029,4,8,98,-3.633172662,"1"
2029,4,9,99,-2.598611106,"1"
2029,4,10,100,-2.070649014,"1"
2029,4,11,101,-2.308689726,"1"
2029,4,12,102,-1.637292846,"1"
2029,4,13,103,-1.692225318,"1"
2029,4,14,104,-1.817349282,"1"
2029,4,15,105,-1.881437166,"1"
2029,4,16,106,-0.929274318,"1"
2029,4,17,107,0.386053206,"1"
2029,4,18,108,0.553902426,"1"
2029,4,19,109,0.810253962,"1"
2029,4,20,110,0.584420466,"1"
2029,4,21,111,1.890592578,"1"
2029,4,22,112,2.269016274,"1"
2029,4,23,113,1.57930857,"1"
2029,4,24,114,1.667810886,"1"
2029,4,25,115,2.015716542,"1"
2029,4,26,116,1.59456759,"1"
2029,4,27,117,1.872281754,"1"
2029,4,28,118,4.063477026,"1"
2029,4,29,119,4.820324418,"1"
2029,4,30,120,4.38696825,"1"
2030,4,1,91,-5.003432658,"1"
2030,4,2,92,-4.957655598,"1"
2030,4,3,93,-5.467306866,"1"
2030,4,4,94,-4.67688963,"1"
2030,4,5,95,-4.359502014,"1"
2030,4,6,96,-3.16624665,"1"
2030,4,7,97,-1.799038458,"1"
2030,4,8,98,-2.180513958,"1"
2030,4,9,99,-1.048294674,"1"
2030,4,10,100,-0.761425098,"1"
2030,4,11,101,-0.917067102,"1"
2030,4,12,102,-0.987258594,"1"
2030,4,13,103,-1.42671837,"1"
2030,4,14,104,-1.667810886,"1"
2030,4,15,105,-0.379949598,"1"
2030,4,16,106,0.733958862,"1"
2030,4,17,107,0.196841358,"1"
2030,4,18,108,2.088959838,"1"
2030,4,19,109,0.712596234,"1"
2030,4,20,110,0.416571246,"1"
2030,4,21,111,0.971999574,"1"
2030,4,22,112,1.646448258,"1"
2030,4,23,113,1.905851598,"1"
2030,4,24,114,2.537575026,"1"
2030,4,25,115,1.719691554,"1"
2030,4,26,116,1.774624026,"1"
2030,4,27,117,1.59456759,"1"
2030,4,28,118,1.875333558,"1"
2030,4,29,119,3.224230926,"1"
2030,4,30,120,5.33302749,"1"
2031,4,1,91,-5.037002502,"1"
2031,4,2,92,-5.458151454,"1"
2031,4,3,93,-5.543601966,"1"
2031,4,4,94,-5.067520542,"1"
2031,4,5,95,-4.103150478,"1"
2031,4,6,96,-3.706415958,"1"
2031,4,7,97,-4.164186558,"1"
2031,4,8,98,-3.144884022,"1"
2031,4,9,99,-3.16624665,"1"
2031,4,10,100,-1.417562958,"1"
2031,4,11,101,-1.191729462,"1"
2031,4,12,102,-1.664759082,"1"
2031,4,13,103,-1.972991286,"1"
2031,4,14,104,-0.498969954,"1"
2031,4,15,105,0.398260422,"1"
2031,4,16,106,0.593575878,"1"
2031,4,17,107,0.071717394,"1"
2031,4,18,108,0.044251158,"1"
2031,4,19,109,0.303654498,"1"
2031,4,20,110,-0.349431558,"1"
2031,4,21,111,0.627145722,"1"
2031,4,22,112,1.475547234,"1"
2031,4,23,113,2.003509326,"1"
2031,4,24,114,1.41145935,"1"
2031,4,25,115,1.631189238,"1"
2031,4,26,116,1.316853426,"1"
2031,4,27,117,3.263904378,"1"
2031,4,28,118,4.09704687,"1"
2031,4,29,119,3.437857206,"1"
2031,4,30,120,4.039062594,"1"
2032,4,1,92,-6.41641791,"1"
2032,4,2,93,-5.009536266,"1"
2032,4,3,94,-5.122453014,"1"
2032,4,4,95,-4.06652883,"1"
2032,4,5,96,-4.408330878,"1"
2032,4,6,97,-4.55481747,"1"
2032,4,7,98,-3.89867961,"1"
2032,4,8,99,-3.169298454,"1"
2032,4,9,100,-2.955672174,"1"
2032,4,10,101,-2.491797966,"1"
2032,4,11,102,-2.110322466,"1"
2032,4,12,103,-1.28938719,"1"
2032,4,13,104,-1.292438994,"1"
2032,4,14,105,-1.560997746,"1"
2032,4,15,106,-0.880445454,"1"
2032,4,16,107,-0.96894777,"1"
2032,4,17,108,-1.53353151,"1"
2032,4,18,109,-1.667810886,"1"
2032,4,19,110,-0.764476902,"1"
2032,4,20,111,-0.810253962,"1"
2032,4,21,112,0.111390846,"1"
2032,4,22,113,0.703440822,"1"
2032,4,23,114,0.569161446,"1"
2032,4,24,115,0.737010666,"1"
2032,4,25,116,1.560997746,"1"
2032,4,26,117,1.585412178,"1"
2032,4,27,118,2.43381369,"1"
2032,4,28,119,3.050278098,"1"
2032,4,29,120,3.28831881,"1"
2032,4,30,121,3.825436314,"1"
2033,4,1,91,-6.022735194,"1"
2033,4,2,92,-4.34119119,"1"
2033,4,3,93,-4.350346602,"1"
2033,4,4,94,-4.164186558,"1"
2033,4,5,95,-3.739985802,"1"
2033,4,6,96,-3.752193018,"1"
2033,4,7,97,-5.183489094,"1"
2033,4,8,98,-4.67688963,"1"
2033,4,9,99,-4.701304062,"1"
2033,4,10,100,-3.215075514,"1"
2033,4,11,101,-2.348363178,"1"
2033,4,12,102,-2.455176318,"1"
2033,4,13,103,-2.140840506,"1"
2033,4,14,104,-2.110322466,"1"
2033,4,15,105,-1.692225318,"1"
2033,4,16,106,-1.97604309,"1"
2033,4,17,107,-1.133745186,"1"
2033,4,18,108,-0.178530534,"1"
2033,4,19,109,0.294499086,"1"
2033,4,20,110,-0.163271514,"1"
2033,4,21,111,0.212100378,"1"
2033,4,22,112,0.245670222,"1"
2033,4,23,113,0.242618418,"1"
2033,4,24,114,0.41962305,"1"
2033,4,25,115,1.847867322,"1"
2033,4,26,116,2.09811525,"1"
2033,4,27,117,2.314793334,"1"
2033,4,28,118,2.934309546,"1"
2033,4,29,119,3.285267006,"1"
2033,4,30,120,4.350346602,"1"
2034,4,1,91,-5.74502103,"1"
2034,4,2,92,-5.757228246,"1"
2034,4,3,93,-5.403218982,"1"
2034,4,4,94,-5.564964594,"1"
2034,4,5,95,-4.756236534,"1"
2034,4,6,96,-3.76134843,"1"
2034,4,7,97,-4.255740678,"1"
2034,4,8,98,-4.063477026,"1"
2034,4,9,99,-3.834591726,"1"
2034,4,10,100,-3.50194509,"1"
2034,4,11,101,-3.175402062,"1"
2034,4,12,102,-2.986190214,"1"
2034,4,13,103,-2.055389994,"1"
2034,4,14,104,-1.780727634,"1"
2034,4,15,105,-0.791943138,"1"
2034,4,16,106,-0.636301134,"1"
2034,4,17,107,-1.203936678,"1"
2034,4,18,108,-0.379949598,"1"
2034,4,19,109,-0.071717394,"1"
2034,4,20,110,-0.132753474,"1"
2034,4,21,111,0.563057838,"1"
2034,4,22,112,0.993362202,"1"
2034,4,23,113,0.83161659,"1"
2034,4,24,114,1.203936678,"1"
2034,4,25,115,2.623025538,"1"
2034,4,26,116,4.246585266,"1"
2034,4,27,117,3.245593554,"1"
2034,4,28,118,2.552834046,"1"
2034,4,29,119,4.420538094,"1"
2034,4,30,120,4.41748629,"1"
2035,4,1,91,-5.189592702,"1"
2035,4,2,92,-3.25780077,"1"
2035,4,3,93,-3.794918274,"1"
2035,4,4,94,-3.859006158,"1"
2035,4,5,95,-4.414434486,"1"
2035,4,6,96,-4.133668518,"1"
2035,4,7,97,-4.130616714,"1"
2035,4,8,98,-3.889524198,"1"
2035,4,9,99,-3.068588922,"1"
2035,4,10,100,-3.31883685,"1"
2035,4,11,101,-2.580300282,"1"
2035,4,12,102,-1.652551866,"1"
2035,4,13,103,-0.636301134,"1"
2035,4,14,104,-0.218203986,"1"
2035,4,15,105,-0.605783094,"1"
2035,4,16,106,-1.15205601,"1"
2035,4,17,107,-0.910963494,"1"
2035,4,18,108,0.367742382,"1"
2035,4,19,109,0.157167906,"1"
2035,4,20,110,0.395208618,"1"
2035,4,21,111,0.819409374,"1"
2035,4,22,112,0.98420679,"1"
2035,4,23,113,1.10627895,"1"
2035,4,24,114,1.57930857,"1"
2035,4,25,115,1.902799794,"1"
2035,4,26,116,2.156099526,"1"
2035,4,27,117,2.57114487,"1"
2035,4,28,118,3.709467762,"1"
2035,4,29,119,4.00549275,"1"
2035,4,30,120,2.061493602,"1"
2036,4,1,92,-4.792858182,"1"
2036,4,2,93,-4.518195822,"1"
2036,4,3,94,-4.536506646,"1"
2036,4,4,95,-4.039062594,"1"
2036,4,5,96,-4.338139386,"1"
2036,4,6,97,-5.406270786,"1"
2036,4,7,98,-5.009536266,"1"
2036,4,8,99,-3.804073686,"1"
2036,4,9,100,-3.880368786,"1"
2036,4,10,101,-3.736933998,"1"
2036,4,11,102,-1.91500701,"1"
2036,4,12,103,-1.44197739,"1"
2036,4,13,104,-1.118486166,"1"
2036,4,14,105,-0.971999574,"1"
2036,4,15,106,-0.001525902,"1"
2036,4,16,107,-0.52643619,"1"
2036,4,17,108,0.532539798,"1"
2036,4,18,109,0.059510178,"1"
2036,4,19,110,0.233463006,"1"
2036,4,20,111,0.45014109,"1"
2036,4,21,112,0.706492626,"1"
2036,4,22,113,1.240558326,"1"
2036,4,23,114,1.82345289,"1"
2036,4,24,115,2.375829414,"1"
2036,4,25,116,2.775615738,"1"
2036,4,26,117,2.915998722,"1"
2036,4,27,118,1.826504694,"1"
2036,4,28,119,3.071640726,"1"
2036,4,29,120,4.576180098,"1"
2036,4,30,121,5.192644506,"1"
2037,4,1,91,-7.237353186,"1"
2037,4,2,92,-6.037994214,"1"
2037,4,3,93,-4.344242994,"1"
2037,4,4,94,-3.907835022,"1"
2037,4,5,95,-1.820401086,"1"
2037,4,6,96,-2.839703622,"1"
2037,4,7,97,-3.13572861,"1"
2037,4,8,98,-2.674906206,"1"
2037,4,9,99,-2.381933022,"1"
2037,4,10,100,-2.424658278,"1"
2037,4,11,101,-2.211031998,"1"
2037,4,12,102,-2.424658278,"1"
2037,4,13,103,-1.634241042,"1"
2037,4,14,104,-1.16731503,"1"
2037,4,15,105,-1.65560367,"1"
2037,4,16,106,-1.750209594,"1"
2037,4,17,107,-1.036087458,"1"
2037,4,18,108,-0.447089286,"1"
2037,4,19,109,1.149004206,"1"
2037,4,20,110,1.445029194,"1"
2037,4,21,111,1.423666566,"1"
2037,4,22,112,1.811245674,"1"
2037,4,23,113,1.585412178,"1"
2037,4,24,114,1.667810886,"1"
2037,4,25,115,1.478599038,"1"
2037,4,26,116,1.704432534,"1"
2037,4,27,117,3.202868298,"1"
2037,4,28,118,3.306629634,"1"
2037,4,29,119,4.216067226,"1"
2037,4,30,120,2.44907271,"1"
2038,4,1,91,-3.306629634,"1"
2038,4,2,92,-3.813229098,"1"
2038,4,3,93,-4.55481747,"1"
2038,4,4,94,-4.817272614,"1"
2038,4,5,95,-3.001449234,"1"
2038,4,6,96,-2.681009814,"1"
2038,4,7,97,-2.705424246,"1"
2038,4,8,98,-2.848859034,"1"
2038,4,9,99,-2.583352086,"1"
2038,4,10,100,-1.966887678,"1"
2038,4,11,101,-1.445029194,"1"
2038,4,12,102,-1.377889506,"1"
2038,4,13,103,-1.622033826,"1"
2038,4,14,104,0.044251158,"1"
2038,4,15,105,-0.535591602,"1"
2038,4,16,106,-0.978103182,"1"
2038,4,17,107,-0.325017126,"1"
2038,4,18,108,1.005569418,"1"
2038,4,19,109,1.252765542,"1"
2038,4,20,110,1.33516425,"1"
2038,4,21,111,1.210040286,"1"
2038,4,22,112,1.661707278,"1"
2038,4,23,113,1.88448897,"1"
2038,4,24,114,2.171358546,"1"
2038,4,25,115,0.74006247,"1"
2038,4,26,116,1.338216054,"1"
2038,4,27,117,2.253757254,"1"
2038,4,28,118,3.117417786,"1"
2038,4,29,119,4.444952526,"1"
2038,4,30,120,4.625008962,"1"
2039,4,1,91,-5.647363302,"1"
2039,4,2,92,-4.795909986,"1"
2039,4,3,93,-5.262835998,"1"
2039,4,4,94,-5.064468738,"1"
2039,4,5,95,-4.643319786,"1"
2039,4,6,96,-3.86816157,"1"
2039,4,7,97,-4.228274442,"1"
2039,4,8,98,-2.58640389,"1"
2039,4,9,99,-2.732890482,"1"
2039,4,10,100,-2.37277761,"1"
2039,4,11,101,-2.473487142,"1"
2039,4,12,102,-1.21309209,"1"
2039,4,13,103,-0.67902639,"1"
2039,4,14,104,-1.155107814,"1"
2039,4,15,105,-1.210040286,"1"
2039,4,16,106,-1.094071734,"1"
2039,4,17,107,-0.215152182,"1"
2039,4,18,108,-0.224307594,"1"
2039,4,19,109,1.01472483,"1"
2039,4,20,110,0.80109855,"1"
2039,4,21,111,0.013733118,"1"
2039,4,22,112,0.19073775,"1"
2039,4,23,113,0.825512982,"1"
2039,4,24,114,2.262912666,"1"
2039,4,25,115,1.466391822,"1"
2039,4,26,116,2.015716542,"1"
2039,4,27,117,2.705424246,"1"
2039,4,28,118,2.055389994,"1"
2039,4,29,119,2.244601842,"1"
2039,4,30,120,2.522316006,"1"
2040,4,1,92,-6.288242142,"1"
2040,4,2,93,-5.177385486,"1"
2040,4,3,94,-5.464255062,"1"
2040,4,4,95,-6.047149626,"1"
2040,4,5,96,-6.700235682,"1"
2040,4,6,97,-6.044097822,"1"
2040,4,7,98,-4.43274531,"1"
2040,4,8,99,-4.582283706,"1"
2040,4,9,100,-2.73899409,"1"
2040,4,10,101,-2.714579658,"1"
2040,4,11,102,-1.805142066,"1"
2040,4,12,103,-0.871290042,"1"
2040,4,13,104,-0.672922782,"1"
2040,4,14,105,-1.316853426,"1"
2040,4,15,106,-0.697337214,"1"
2040,4,16,107,0.81635757,"1"
2040,4,17,108,0.840772002,"1"
2040,4,18,109,0.407415834,"1"
2040,4,19,110,0.575265054,"1"
2040,4,20,111,0.743114274,"1"
2040,4,21,112,0.300602694,"1"
2040,4,22,113,1.527427902,"1"
2040,4,23,114,1.277179974,"1"
2040,4,24,115,1.219195698,"1"
2040,4,25,116,1.83871191,"1"
2040,4,26,117,2.516212398,"1"
2040,4,27,118,3.401235558,"1"
2040,4,28,119,2.29648251,"1"
2040,4,29,120,3.53246313,"1"
2040,4,30,121,4.23437805,"1"
2041,4,1,91,-6.025786998,"1"
2041,4,2,92,-5.198748114,"1"
2041,4,3,93,-5.14991925,"1"
2041,4,4,94,-4.872205086,"1"
2041,4,5,95,-3.599602818,"1"
2041,4,6,96,-2.84580723,"1"
2041,4,7,97,-2.299534314,"1"
2041,4,8,98,-2.244601842,"1"
2041,4,9,99,-1.707484338,"1"
2041,4,10,100,-1.597619394,"1"
2041,4,11,101,-0.941481534,"1"
2041,4,12,102,-0.889600866,"1"
2041,4,13,103,-1.68612171,"1"
2041,4,14,104,-0.444037482,"1"
2041,4,15,105,0.544747014,"1"
2041,4,16,106,-0.550850622,"1"
2041,4,17,107,-0.798046746,"1"
2041,4,18,108,-0.865186434,"1"
2041,4,19,109,-0.29755089,"1"
2041,4,20,110,0.169375122,"1"
2041,4,21,111,1.393148526,"1"
2041,4,22,112,2.153047722,"1"
2041,4,23,113,2.793926562,"1"
2041,4,24,114,2.623025538,"1"
2041,4,25,115,2.278171686,"1"
2041,4,26,116,2.699320638,"1"
2041,4,27,117,2.568093066,"1"
2041,4,28,118,1.982146698,"1"
2041,4,29,119,2.23544643,"1"
2041,4,30,120,3.877316982,"1"
2042,4,1,91,-5.284198626,"1"
2042,4,2,92,-3.492789678,"1"
2042,4,3,93,-2.406347454,"1"
2042,4,4,94,-2.644388166,"1"
2042,4,5,95,-2.470435338,"1"
2042,4,6,96,-2.17441035,"1"
2042,4,7,97,-1.93026603,"1"
2042,4,8,98,-1.506065274,"1"
2042,4,9,99,-0.914015298,"1"
2042,4,10,100,-0.700389018,"1"
2042,4,11,101,-0.379949598,"1"
2042,4,12,102,-0.392156814,"1"
2042,4,13,103,-0.642404742,"1"
2042,4,14,104,0.117494454,"1"
2042,4,15,105,-0.230411202,"1"
2042,4,16,106,-0.148012494,"1"
2042,4,17,107,0.395208618,"1"
2042,4,18,108,0.218203986,"1"
2042,4,19,109,1.07576091,"1"
2042,4,20,110,1.530479706,"1"
2042,4,21,111,0.95368875,"1"
2042,4,22,112,2.25070545,"1"
2042,4,23,113,1.82345289,"1"
2042,4,24,114,1.908903402,"1"
2042,4,25,115,2.607766518,"1"
2042,4,26,116,2.83054821,"1"
2042,4,27,117,3.022811862,"1"
2042,4,28,118,4.908826734,"1"
2042,4,29,119,5.830471542,"1"
2042,4,30,120,5.787746286,"1"
2043,4,1,91,-4.106202282,"1"
2043,4,2,92,-4.332035778,"1"
2043,4,3,93,-3.05943351,"1"
2043,4,4,94,-3.260852574,"1"
2043,4,5,95,-3.721674978,"1"
2043,4,6,96,-2.583352086,"1"
2043,4,7,97,-2.476538946,"1"
2043,4,8,98,-2.41855467,"1"
2043,4,9,99,-2.23544643,"1"
2043,4,10,100,-2.11337427,"1"
2043,4,11,101,-1.481650842,"1"
2043,4,12,102,-1.963835874,"1"
2043,4,13,103,-1.371785898,"1"
2043,4,14,104,-1.88448897,"1"
2043,4,15,105,-1.539635118,"1"
2043,4,16,106,0.016784922,"1"
2043,4,17,107,1.185625854,"1"
2043,4,18,108,0.96894777,"1"
2043,4,19,109,1.466391822,"1"
2043,4,20,110,2.430761886,"1"
2043,4,21,111,3.47142705,"1"
2043,4,22,112,3.038070882,"1"
2043,4,23,113,3.129625002,"1"
2043,4,24,114,4.124513106,"1"
2043,4,25,115,4.20386001,"1"
2043,4,26,116,5.51613573,"1"
2043,4,27,117,4.136720322,"1"
2043,4,28,118,3.886472394,"1"
2043,4,29,119,3.520255914,"1"
2043,4,30,120,5.000380854,"1"
2044,4,1,92,-7.182420714,"1"
2044,4,2,93,-6.52323105,"1"
2044,4,3,94,-8.076599286,"1"
2044,4,4,95,-5.34828651,"1"
2044,4,5,96,-4.365605622,"1"
2044,4,6,97,-3.477530658,"1"
2044,4,7,98,-3.050278098,"1"
2044,4,8,99,-2.711527854,"1"
2044,4,9,100,-1.67086269,"1"
2044,4,10,101,-0.993362202,"1"
2044,4,11,102,-1.567101354,"1"
2044,4,12,103,-0.45014109,"1"
2044,4,13,104,0.270084654,"1"
2044,4,14,105,-0.285343674,"1"
2044,4,15,106,-0.523384386,"1"
2044,4,16,107,0.05340657,"1"
2044,4,17,108,-0.196841358,"1"
2044,4,18,109,-0.041199354,"1"
2044,4,19,110,-0.163271514,"1"
2044,4,20,111,0.743114274,"1"
2044,4,21,112,0.492866346,"1"
2044,4,22,113,0.428778462,"1"
2044,4,23,114,0.355535166,"1"
2044,4,24,115,1.19783307,"1"
2044,4,25,116,1.707484338,"1"
2044,4,26,117,2.742045894,"1"
2044,4,27,118,2.92210233,"1"
2044,4,28,119,3.309681438,"1"
2044,4,29,120,3.66979431,"1"
2044,4,30,121,4.023803574,"1"
2045,4,1,91,-5.63820789,"1"
2045,4,2,92,-5.42458161,"1"
2045,4,3,93,-4.634164374,"1"
2045,4,4,94,-3.553825758,"1"
2045,4,5,95,-3.416494578,"1"
2045,4,6,96,-2.73899409,"1"
2045,4,7,97,-2.137788702,"1"
2045,4,8,98,-3.508048698,"1"
2045,4,9,99,-2.442969102,"1"
2045,4,10,100,-1.329060642,"1"
2045,4,11,101,-1.722743358,"1"
2045,4,12,102,-1.683069906,"1"
2045,4,13,103,-1.084916322,"1"
2045,4,14,104,-0.788891334,"1"
2045,4,15,105,-0.28229187,"1"
2045,4,16,106,-0.523384386,"1"
2045,4,17,107,-0.120546258,"1"
2045,4,18,108,-0.096131826,"1"
2045,4,19,109,-0.428778462,"1"
2045,4,20,110,0.233463006,"1"
2045,4,21,111,1.597619394,"1"
2045,4,22,112,1.88448897,"1"
2045,4,23,113,0.901808082,"1"
2045,4,24,114,0.917067102,"1"
2045,4,25,115,1.22835111,"1"
2045,4,26,116,2.015716542,"1"
2045,4,27,117,2.52536781,"1"
2045,4,28,118,3.07469253,"1"
2045,4,29,119,3.25780077,"1"
2045,4,30,120,3.340199478,"1"
2046,4,1,91,-4.689096846,"1"
2046,4,2,92,-2.955672174,"1"
2046,4,3,93,-3.404287362,"1"
2046,4,4,94,-3.16624665,"1"
2046,4,5,95,-3.672846114,"1"
2046,4,6,96,-3.56298117,"1"
2046,4,7,97,-2.391088434,"1"
2046,4,8,98,-3.053329902,"1"
2046,4,9,99,-3.535514934,"1"
2046,4,10,100,-2.858014446,"1"
2046,4,11,101,-2.168306742,"1"
2046,4,12,102,-1.005569418,"1"
2046,4,13,103,-2.092011642,"1"
2046,4,14,104,-0.733958862,"1"
2046,4,15,105,0.721751646,"1"
2046,4,16,106,1.219195698,"1"
2046,4,17,107,1.301594406,"1"
2046,4,18,108,1.24361013,"1"
2046,4,19,109,1.219195698,"1"
2046,4,20,110,1.387044918,"1"
2046,4,21,111,0.761425098,"1"
2046,4,22,112,1.85397093,"1"
2046,4,23,113,1.933317834,"1"
2046,4,24,114,2.070649014,"1"
2046,4,25,115,3.126573198,"1"
2046,4,26,116,4.50904041,"1"
2046,4,27,117,3.712519566,"1"
2046,4,28,118,3.739985802,"1"
2046,4,29,119,4.725718494,"1"
2046,4,30,120,5.748072834,"1"
2047,4,1,91,-4.429693506,"1"
2047,4,2,92,-5.763331854,"1"
2047,4,3,93,-5.940336486,"1"
2047,4,4,94,-5.415426198,"1"
2047,4,5,95,-5.137712034,"1"
2047,4,6,96,-3.614861838,"1"
2047,4,7,97,-3.99023373,"1"
2047,4,8,98,-3.370717518,"1"
2047,4,9,99,-3.218127318,"1"
2047,4,10,100,-1.454184606,"1"
2047,4,11,101,-1.451132802,"1"
2047,4,12,102,-2.80003017,"1"
2047,4,13,103,-1.933317834,"1"
2047,4,14,104,-1.591515786,"1"
2047,4,15,105,-0.257877438,"1"
2047,4,16,106,-0.135805278,"1"
2047,4,17,107,-0.355535166,"1"
2047,4,18,108,-0.035095746,"1"
2047,4,19,109,-0.093080022,"1"
2047,4,20,110,0.813305766,"1"
2047,4,21,111,1.017776634,"1"
2047,4,22,112,2.09811525,"1"
2047,4,23,113,1.707484338,"1"
2047,4,24,114,2.18966937,"1"
2047,4,25,115,1.80819387,"1"
2047,4,26,116,2.619973734,"1"
2047,4,27,117,3.132676806,"1"
2047,4,28,118,3.035019078,"1"
2047,4,29,119,2.87632527,"1"
2047,4,30,120,5.223162546,"1"
2048,4,1,92,-4.46326335,"1"
2048,4,2,93,-4.093995066,"1"
2048,4,3,94,-4.213015422,"1"
2048,4,4,95,-3.846798942,"1"
2048,4,5,96,-2.406347454,"1"
2048,4,6,97,-3.385976538,"1"
2048,4,7,98,-3.97497471,"1"
2048,4,8,99,-3.077744334,"1"
2048,4,9,100,-2.51010879,"1"
2048,4,10,101,-2.375829414,"1"
2048,4,11,102,-1.094071734,"1"
2048,4,12,103,-1.524376098,"1"
2048,4,13,104,-0.306706302,"1"
2048,4,14,105,-0.352483362,"1"
2048,4,15,106,-0.651560154,"1"
2048,4,16,107,-0.080872806,"1"
2048,4,17,108,-0.184634142,"1"
2048,4,18,109,0.379949598,"1"
2048,4,19,110,0.410467638,"1"
2048,4,20,111,0.64850835,"1"
2048,4,21,112,1.466391822,"1"
2048,4,22,113,2.519264202,"1"
2048,4,23,114,2.897687898,"1"
2048,4,24,115,3.367665714,"1"
2048,4,25,116,3.285267006,"1"
2048,4,26,117,3.187609278,"1"
2048,4,27,118,3.910886826,"1"
2048,4,28,119,3.718623174,"1"
2048,4,29,120,2.809185582,"1"
2048,4,30,121,2.995345626,"1"
2049,4,1,91,-4.139772126,"1"
2049,4,2,92,-4.496833194,"1"
2049,4,3,93,-4.32593217,"1"
2049,4,4,94,-2.458228122,"1"
2049,4,5,95,-3.385976538,"1"
2049,4,6,96,-3.474478854,"1"
2049,4,7,97,-4.536506646,"1"
2049,4,8,98,-4.011596358,"1"
2049,4,9,99,-1.280231778,"1"
2049,4,10,100,-2.104218858,"1"
2049,4,11,101,-2.14389231,"1"
2049,4,12,102,-0.733958862,"1"
2049,4,13,103,0.016784922,"1"
2049,4,14,104,0.364690578,"1"
2049,4,15,105,-0.386053206,"1"
2049,4,16,106,-0.178530534,"1"
2049,4,17,107,-1.536583314,"1"
2049,4,18,108,-0.569161446,"1"
2049,4,19,109,0.74006247,"1"
2049,4,20,110,-0.071717394,"1"
2049,4,21,111,0.971999574,"1"
2049,4,22,112,0.804150354,"1"
2049,4,23,113,1.25886915,"1"
2049,4,24,114,1.756313202,"1"
2049,4,25,115,2.015716542,"1"
2049,4,26,116,1.768520418,"1"
2049,4,27,117,1.451132802,"1"
2049,4,28,118,1.097123538,"1"
2049,4,29,119,2.772563934,"1"
2049,4,30,120,5.259784194,"1"
2050,4,1,91,-4.93629297,"1"
2050,4,2,92,-4.948500186,"1"
2050,4,3,93,-5.387959962,"1"
2050,4,4,94,-4.99732905,"1"
2050,4,5,95,-4.454107938,"1"
2050,4,6,96,-4.258792482,"1"
2050,4,7,97,-3.910886826,"1"
2050,4,8,98,-3.065537118,"1"
2050,4,9,99,-1.74715779,"1"
2050,4,10,100,-1.078812714,"1"
2050,4,11,101,-1.002517614,"1"
2050,4,12,102,-0.84687561,"1"
2050,4,13,103,-0.386053206,"1"
2050,4,14,104,-0.050354766,"1"
2050,4,15,105,-0.263981046,"1"
2050,4,16,106,-0.047302962,"1"
2050,4,17,107,0.624093918,"1"
2050,4,18,108,0.682078194,"1"
2050,4,19,109,1.155107814,"1"
2050,4,20,110,1.231402914,"1"
2050,4,21,111,1.48775445,"1"
2050,4,22,112,1.301594406,"1"
2050,4,23,113,2.003509326,"1"
2050,4,24,114,2.470435338,"1"
2050,4,25,115,2.345311374,"1"
2050,4,26,116,1.246661934,"1"
2050,4,27,117,1.89974799,"1"
2050,4,28,118,2.81528919,"1"
2050,4,29,119,3.07469253,"1"
2050,4,30,120,3.694208742,"1"
2051,4,1,91,-4.621957158,"1"
2051,4,2,92,-3.984130122,"1"
2051,4,3,93,-2.742045894,"1"
2051,4,4,94,-2.870221662,"1"
2051,4,5,95,-3.553825758,"1"
2051,4,6,96,-3.340199478,"1"
2051,4,7,97,-4.106202282,"1"
2051,4,8,98,-3.581291994,"1"
2051,4,9,99,-2.391088434,"1"
2051,4,10,100,-2.195772978,"1"
2051,4,11,101,-1.896696186,"1"
2051,4,12,102,-1.069657302,"1"
2051,4,13,103,-1.414511154,"1"
2051,4,14,104,-1.139848794,"1"
2051,4,15,105,-0.184634142,"1"
2051,4,16,106,-0.102235434,"1"
2051,4,17,107,1.484702646,"1"
2051,4,18,108,0.93842973,"1"
2051,4,19,109,1.295490798,"1"
2051,4,20,110,0.642404742,"1"
2051,4,21,111,1.506065274,"1"
2051,4,22,112,1.969939482,"1"
2051,4,23,113,1.109330754,"1"
2051,4,24,114,2.52536781,"1"
2051,4,25,115,3.294422418,"1"
2051,4,26,116,3.407339166,"1"
2051,4,27,117,3.370717518,"1"
2051,4,28,118,3.550773954,"1"
2051,4,29,119,2.821392798,"1"
2051,4,30,120,3.553825758,"1"
2052,4,1,92,-3.57824019,"1"
2052,4,2,93,-3.62401725,"1"
2052,4,3,94,-3.450064422,"1"
2052,4,4,95,-2.81528919,"1"
2052,4,5,96,-2.714579658,"1"
2052,4,6,97,-2.22018741,"1"
2052,4,7,98,-3.279163398,"1"
2052,4,8,99,-3.297474222,"1"
2052,4,9,100,-2.238498234,"1"
2052,4,10,101,-1.67086269,"1"
2052,4,11,102,-1.704432534,"1"
2052,4,12,103,-1.887540774,"1"
2052,4,13,104,-1.622033826,"1"
2052,4,14,105,-0.566109642,"1"
2052,4,15,106,0.810253962,"1"
2052,4,16,107,-0.157167906,"1"
2052,4,17,108,0.077821002,"1"
2052,4,18,109,1.618982022,"1"
2052,4,19,110,1.417562958,"1"
2052,4,20,111,1.19783307,"1"
2052,4,21,112,1.185625854,"1"
2052,4,22,113,1.841763714,"1"
2052,4,23,114,2.531471418,"1"
2052,4,24,115,3.038070882,"1"
2052,4,25,116,3.773555646,"1"
2052,4,26,117,2.848859034,"1"
2052,4,27,118,2.668802598,"1"
2052,4,28,119,2.668802598,"1"
2052,4,29,120,2.17441035,"1"
2052,4,30,121,2.476538946,"1"
2053,4,1,91,-4.078736046,"1"
2053,4,2,92,-4.55481747,"1"
2053,4,3,93,-4.133668518,"1"
2053,4,4,94,-3.413442774,"1"
2053,4,5,95,-2.607766518,"1"
2053,4,6,96,-3.44090901,"1"
2053,4,7,97,-3.355458498,"1"
2053,4,8,98,-1.857022734,"1"
2053,4,9,99,-1.71663975,"1"
2053,4,10,100,-1.982146698,"1"
2053,4,11,101,-1.844815518,"1"
2053,4,12,102,-1.988250306,"1"
2053,4,13,103,-1.643396454,"1"
2053,4,14,104,-1.277179974,"1"
2053,4,15,105,-0.93842973,"1"
2053,4,16,106,-0.810253962,"1"
2053,4,17,107,-0.263981046,"1"
2053,4,18,108,0.059510178,"1"
2053,4,19,109,0.379949598,"1"
2053,4,20,110,1.24361013,"1"
2053,4,21,111,1.222247502,"1"
2053,4,22,112,1.188677658,"1"
2053,4,23,113,1.12153797,"1"
2053,4,24,114,2.162203134,"1"
2053,4,25,115,2.40329565,"1"
2053,4,26,116,2.470435338,"1"
2053,4,27,117,2.812237386,"1"
2053,4,28,118,4.078736046,"1"
2053,4,29,119,4.08178785,"1"
2053,4,30,120,4.200808206,"1"
2054,4,1,91,-5.955595506,"1"
2054,4,2,92,-4.924085754,"1"
2054,4,3,93,-5.079727758,"1"
2054,4,4,94,-4.243533462,"1"
2054,4,5,95,-4.283206914,"1"
2054,4,6,96,-3.92919765,"1"
2054,4,7,97,-2.641336362,"1"
2054,4,8,98,-1.554894138,"1"
2054,4,9,99,-2.162203134,"1"
2054,4,10,100,-1.30464621,"1"
2054,4,11,101,-1.634241042,"1"
2054,4,12,102,-1.100175342,"1"
2054,4,13,103,-1.47249543,"1"
2054,4,14,104,-1.667810886,"1"
2054,4,15,105,-0.550850622,"1"
2054,4,16,106,-0.944533338,"1"
2054,4,17,107,-0.730907058,"1"
2054,4,18,108,-0.12970167,"1"
2054,4,19,109,1.13679699,"1"
2054,4,20,110,0.41962305,"1"
2054,4,21,111,0.16021971,"1"
2054,4,22,112,0.920118906,"1"
2054,4,23,113,1.42671837,"1"
2054,4,24,114,2.842755426,"1"
2054,4,25,115,2.653543578,"1"
2054,4,26,116,1.857022734,"1"
2054,4,27,117,2.67795801,"1"
2054,4,28,118,2.729838678,"1"
2054,4,29,119,2.821392798,"1"
2054,4,30,120,3.965819298,"1"
2055,4,1,91,-4.017699966,"1"
2055,4,2,92,-3.007552842,"1"
2055,4,3,93,-3.04417449,"1"
2055,4,4,94,-3.63927627,"1"
2055,4,5,95,-3.797970078,"1"
2055,4,6,96,-4.15808295,"1"
2055,4,7,97,-4.270999698,"1"
2055,4,8,98,-3.24254175,"1"
2055,4,9,99,-2.552834046,"1"
2055,4,10,100,-2.415502866,"1"
2055,4,11,101,-2.476538946,"1"
2055,4,12,102,-1.362630486,"1"
2055,4,13,103,-0.880445454,"1"
2055,4,14,104,0.148012494,"1"
2055,4,15,105,-0.138857082,"1"
2055,4,16,106,0.035095746,"1"
2055,4,17,107,-0.517280778,"1"
2055,4,18,108,-0.355535166,"1"
2055,4,19,109,0.187685946,"1"
2055,4,20,110,1.484702646,"1"
2055,4,21,111,3.48668607,"1"
2055,4,22,112,2.842755426,"1"
2055,4,23,113,3.175402062,"1"
2055,4,24,114,3.080796138,"1"
2055,4,25,115,2.015716542,"1"
2055,4,26,116,3.389028342,"1"
2055,4,27,117,3.880368786,"1"
2055,4,28,118,3.321888654,"1"
2055,4,29,119,3.605706426,"1"
2055,4,30,120,4.164186558,"1"
2056,4,1,92,-5.421529806,"1"
2056,4,2,93,-5.656518714,"1"
2056,4,3,94,-4.621957158,"1"
2056,4,4,95,-3.941404866,"1"
2056,4,5,96,-3.602654622,"1"
2056,4,6,97,-2.64743997,"1"
2056,4,7,98,-2.397192042,"1"
2056,4,8,99,-1.680018102,"1"
2056,4,9,100,-1.194781266,"1"
2056,4,10,101,0.132753474,"1"
2056,4,11,102,-2.827496406,"1"
2056,4,12,103,-3.218127318,"1"
2056,4,13,104,-2.467383534,"1"
2056,4,14,105,-1.292438994,"1"
2056,4,15,106,-0.749217882,"1"
2056,4,16,107,-1.383993114,"1"
2056,4,17,108,-0.184634142,"1"
2056,4,18,109,1.707484338,"1"
2056,4,19,110,2.000457522,"1"
2056,4,20,111,2.381933022,"1"
2056,4,21,112,2.397192042,"1"
2056,4,22,113,2.088959838,"1"
2056,4,23,114,1.957732266,"1"
2056,4,24,115,1.79293485,"1"
2056,4,25,116,3.19676469,"1"
2056,4,26,117,3.483634266,"1"
2056,4,27,118,4.197756402,"1"
2056,4,28,119,4.835583438,"1"
2056,4,29,120,4.710459474,"1"
2056,4,30,121,4.484625978,"1"
2057,4,1,91,-5.51613573,"1"
2057,4,2,92,-4.811169006,"1"
2057,4,3,93,-4.374761034,"1"
2057,4,4,94,-3.935301258,"1"
2057,4,5,95,-3.88342059,"1"
2057,4,6,96,-2.903791506,"1"
2057,4,7,97,-3.86816157,"1"
2057,4,8,98,-4.155031146,"1"
2057,4,9,99,-3.892576002,"1"
2057,4,10,100,-2.549782242,"1"
2057,4,11,101,-1.033035654,"1"
2057,4,12,102,-1.347371466,"1"
2057,4,13,103,-1.237506522,"1"
2057,4,14,104,-0.407415834,"1"
2057,4,15,105,-0.285343674,"1"
2057,4,16,106,0.395208618,"1"
2057,4,17,107,-0.508125366,"1"
2057,4,18,108,0.422674854,"1"
2057,4,19,109,1.515220686,"1"
2057,4,20,110,0.758373294,"1"
2057,4,21,111,0.761425098,"1"
2057,4,22,112,0.859082826,"1"
2057,4,23,113,1.643396454,"1"
2057,4,24,114,1.908903402,"1"
2057,4,25,115,1.261920954,"1"
2057,4,26,116,1.811245674,"1"
2057,4,27,117,2.790874758,"1"
2057,4,28,118,2.714579658,"1"
2057,4,29,119,3.483634266,"1"
2057,4,30,120,3.910886826,"1"
2058,4,1,91,-4.26489609,"1"
2058,4,2,92,-4.14282393,"1"
2058,4,3,93,-5.34828651,"1"
2058,4,4,94,-5.442892434,"1"
2058,4,5,95,-4.499884998,"1"
2058,4,6,96,-3.886472394,"1"
2058,4,7,97,-3.437857206,"1"
2058,4,8,98,-2.51010879,"1"
2058,4,9,99,-2.366674002,"1"
2058,4,10,100,-2.580300282,"1"
2058,4,11,101,-3.633172662,"1"
2058,4,12,102,-2.894636094,"1"
2058,4,13,103,-2.57114487,"1"
2058,4,14,104,-1.615930218,"1"
2058,4,15,105,-2.232394626,"1"
2058,4,16,106,-1.002517614,"1"
2058,4,17,107,-0.428778462,"1"
2058,4,18,108,0.154116102,"1"
2058,4,19,109,1.264972758,"1"
2058,4,20,110,1.835660106,"1"
2058,4,21,111,0.78583953,"1"
2058,4,22,112,0.141908886,"1"
2058,4,23,113,0.547798818,"1"
2058,4,24,114,0.224307594,"1"
2058,4,25,115,1.310749818,"1"
2058,4,26,116,2.092011642,"1"
2058,4,27,117,2.86106625,"1"
2058,4,28,118,2.275119882,"1"
2058,4,29,119,2.726786874,"1"
2058,4,30,120,4.115357694,"1"
2059,4,1,91,-5.125504818,"1"
2059,4,2,92,-4.499884998,"1"
2059,4,3,93,-4.380864642,"1"
2059,4,4,94,-4.20386001,"1"
2059,4,5,95,-4.136720322,"1"
2059,4,6,96,-3.312733242,"1"
2059,4,7,97,-2.973982998,"1"
2059,4,8,98,-2.207980194,"1"
2059,4,9,99,-1.115434362,"1"
2059,4,10,100,-0.413519442,"1"
2059,4,11,101,-0.55695423,"1"
2059,4,12,102,-2.055389994,"1"
2059,4,13,103,-1.130693382,"1"
2059,4,14,104,-0.492866346,"1"
2059,4,15,105,-0.669870978,"1"
2059,4,16,106,-0.621042114,"1"
2059,4,17,107,-0.505073562,"1"
2059,4,18,108,0.398260422,"1"
2059,4,19,109,0.645456546,"1"
2059,4,20,110,0.57221325,"1"
2059,4,21,111,0.49591815,"1"
2059,4,22,112,0.49591815,"1"
2059,4,23,113,0.904859886,"1"
2059,4,24,114,1.557945942,"1"
2059,4,25,115,2.915998722,"1"
2059,4,26,116,3.315785046,"1"
2059,4,27,117,4.002440946,"1"
2059,4,28,118,3.950560278,"1"
2059,4,29,119,3.34935489,"1"
2059,4,30,120,3.126573198,"1"
2060,4,1,92,-3.80712549,"1"
2060,4,2,93,-3.27305979,"1"
2060,4,3,94,-3.66979431,"1"
2060,4,4,95,-3.630120858,"1"
2060,4,5,96,-3.697260546,"1"
2060,4,6,97,-3.773555646,"1"
2060,4,7,98,-2.092011642,"1"
2060,4,8,99,-1.24361013,"1"
2060,4,9,100,-1.591515786,"1"
2060,4,10,101,-1.866178146,"1"
2060,4,11,102,-1.805142066,"1"
2060,4,12,103,-0.962844162,"1"
2060,4,13,104,-1.493858058,"1"
2060,4,14,105,-0.975051378,"1"
2060,4,15,106,0.32806893,"1"
2060,4,16,107,1.25886915,"1"
2060,4,17,108,0.624093918,"1"
2060,4,18,109,0.779735922,"1"
2060,4,19,110,1.451132802,"1"
2060,4,20,111,3.016708254,"1"
2060,4,21,112,1.911955206,"1"
2060,4,22,113,1.722743358,"1"
2060,4,23,114,1.698328926,"1"
2060,4,24,115,3.12046959,"1"
2060,4,25,116,4.11230589,"1"
2060,4,26,117,4.527351234,"1"
2060,4,27,118,5.21095533,"1"
2060,4,28,119,5.799953502,"1"
2060,4,29,120,6.09597849,"1"
2060,4,30,121,6.318760182,"1"
2061,4,1,91,-5.519187534,"1"
2061,4,2,92,-4.551765666,"1"
2061,4,3,93,-4.087891458,"1"
2061,4,4,94,-3.230334534,"1"
2061,4,5,95,-3.523307718,"1"
2061,4,6,96,-2.842755426,"1"
2061,4,7,97,-2.055389994,"1"
2061,4,8,98,-0.660715566,"1"
2061,4,9,99,-2.269016274,"1"
2061,4,10,100,-1.512168882,"1"
2061,4,11,101,-0.874341846,"1"
2061,4,12,102,-1.50301347,"1"
2061,4,13,103,-0.32806893,"1"
2061,4,14,104,-0.437933874,"1"
2061,4,15,105,-0.883497258,"1"
2061,4,16,106,0.276188262,"1"
2061,4,17,107,0.29755089,"1"
2061,4,18,108,-0.196841358,"1"
2061,4,19,109,-0.199893162,"1"
2061,4,20,110,1.161211422,"1"
2061,4,21,111,1.988250306,"1"
2061,4,22,112,2.12863329,"1"
2061,4,23,113,1.185625854,"1"
2061,4,24,114,3.239489946,"1"
2061,4,25,115,3.41039097,"1"
2061,4,26,116,3.251697162,"1"
2061,4,27,117,3.367665714,"1"
2061,4,28,118,3.358510302,"1"
2061,4,29,119,2.903791506,"1"
2061,4,30,120,2.925154134,"1"
2062,4,1,91,-4.332035778,"1"
2062,4,2,92,-5.357441922,"1"
2062,4,3,93,-5.27199141,"1"
2062,4,4,94,-5.198748114,"1"
2062,4,5,95,-6.18753261,"1"
2062,4,6,96,-5.177385486,"1"
2062,4,7,97,-3.581291994,"1"
2062,4,8,98,-1.53353151,"1"
2062,4,9,99,-0.718699842,"1"
2062,4,10,100,-0.111390846,"1"
2062,4,11,101,-0.303654498,"1"
2062,4,12,102,-0.642404742,"1"
2062,4,13,103,-1.216143894,"1"
2062,4,14,104,0.459296502,"1"
2062,4,15,105,0.990310398,"1"
2062,4,16,106,0.028992138,"1"
2062,4,17,107,1.22835111,"1"
2062,4,18,108,0.898756278,"1"
2062,4,19,109,0.428778462,"1"
2062,4,20,110,0.74006247,"1"
2062,4,21,111,0.730907058,"1"
2062,4,22,112,2.516212398,"1"
2062,4,23,113,1.811245674,"1"
2062,4,24,114,1.872281754,"1"
2062,4,25,115,3.614861838,"1"
2062,4,26,116,3.620965446,"1"
2062,4,27,117,2.803081974,"1"
2062,4,28,118,2.89158429,"1"
2062,4,29,119,4.054321614,"1"
2062,4,30,120,4.322880366,"1"
2063,4,1,91,-4.81422081,"1"
2063,4,2,92,-3.526359522,"1"
2063,4,3,93,-4.481574174,"1"
2063,4,4,94,-3.92919765,"1"
2063,4,5,95,-3.788814666,"1"
2063,4,6,96,-3.389028342,"1"
2063,4,7,97,-3.117417786,"1"
2063,4,8,98,-2.76951213,"1"
2063,4,9,99,-2.378881218,"1"
2063,4,10,100,-1.728846966,"1"
2063,4,11,101,-0.575265054,"1"
2063,4,12,102,0.651560154,"1"
2063,4,13,103,0.804150354,"1"
2063,4,14,104,0.654611958,"1"
2063,4,15,105,0.575265054,"1"
2063,4,16,106,0.849927414,"1"
2063,4,17,107,1.054398282,"1"
2063,4,18,108,1.22835111,"1"
2063,4,19,109,1.560997746,"1"
2063,4,20,110,1.692225318,"1"
2063,4,21,111,2.833600014,"1"
2063,4,22,112,3.86816157,"1"
2063,4,23,113,3.788814666,"1"
2063,4,24,114,4.246585266,"1"
2063,4,25,115,4.499884998,"1"
2063,4,26,116,4.695200454,"1"
2063,4,27,117,4.06652883,"1"
2063,4,28,118,4.917982146,"1"
2063,4,29,119,4.50904041,"1"
2063,4,30,120,5.033950698,"1"
2064,4,1,92,-3.447012618,"1"
2064,4,2,93,-3.41039097,"1"
2064,4,3,94,-2.391088434,"1"
2064,4,4,95,-1.222247502,"1"
2064,4,5,96,-1.600671198,"1"
2064,4,6,97,-1.600671198,"1"
2064,4,7,98,-1.249713738,"1"
2064,4,8,99,-0.798046746,"1"
2064,4,9,100,-1.42671837,"1"
2064,4,10,101,-1.417562958,"1"
2064,4,11,102,-0.920118906,"1"
2064,4,12,103,0.111390846,"1"
2064,4,13,104,0.447089286,"1"
2064,4,14,105,0.178530534,"1"
2064,4,15,106,-0.468451914,"1"
2064,4,16,107,1.420614762,"1"
2064,4,17,108,1.118486166,"1"
2064,4,18,109,0.538643406,"1"
2064,4,19,110,1.417562958,"1"
2064,4,20,111,2.34225957,"1"
2064,4,21,112,2.384984826,"1"
2064,4,22,113,2.613870126,"1"
2064,4,23,114,2.06759721,"1"
2064,4,24,115,1.994353914,"1"
2064,4,25,116,2.03707917,"1"
2064,4,26,117,2.836651818,"1"
2064,4,27,118,3.871213374,"1"
2064,4,28,119,3.859006158,"1"
2064,4,29,120,2.858014446,"1"
2064,4,30,121,2.958723978,"1"
2065,4,1,91,-6.23330967,"1"
2065,4,2,92,-6.556800894,"1"
2065,4,3,93,-4.869153282,"1"
2065,4,4,94,-4.283206914,"1"
2065,4,5,95,-3.70031235,"1"
2065,4,6,96,-2.961775782,"1"
2065,4,7,97,-1.927214226,"1"
2065,4,8,98,-1.002517614,"1"
2065,4,9,99,-1.002517614,"1"
2065,4,10,100,-0.898756278,"1"
2065,4,11,101,-0.90791169,"1"
2065,4,12,102,-0.782787726,"1"
2065,4,13,103,0.12970167,"1"
2065,4,14,104,-0.807202158,"1"
2065,4,15,105,-0.849927414,"1"
2065,4,16,106,-0.138857082,"1"
2065,4,17,107,0.819409374,"1"
2065,4,18,108,1.023880242,"1"
2065,4,19,109,0.718699842,"1"
2065,4,20,110,1.01472483,"1"
2065,4,21,111,1.359578682,"1"
2065,4,22,112,1.322957034,"1"
2065,4,23,113,1.637292846,"1"
2065,4,24,114,2.473487142,"1"
2065,4,25,115,3.31883685,"1"
2065,4,26,116,3.62401725,"1"
2065,4,27,117,3.712519566,"1"
2065,4,28,118,3.459219834,"1"
2065,4,29,119,2.858014446,"1"
2065,4,30,120,4.40222727,"1"
2066,4,1,91,-4.34119119,"1"
2066,4,2,92,-4.182497382,"1"
2066,4,3,93,-4.43274531,"1"
2066,4,4,94,-4.191652794,"1"
2066,4,5,95,-3.697260546,"1"
2066,4,6,96,-2.595559302,"1"
2066,4,7,97,-2.702372442,"1"
2066,4,8,98,-2.351414982,"1"
2066,4,9,99,-2.03707917,"1"
2066,4,10,100,-1.948576854,"1"
2066,4,11,101,-0.581368662,"1"
2066,4,12,102,-1.316853426,"1"
2066,4,13,103,-1.734950574,"1"
2066,4,14,104,-1.02998385,"1"
2066,4,15,105,-0.520332582,"1"
2066,4,16,106,0.474555522,"1"
2066,4,17,107,1.417562958,"1"
2066,4,18,108,1.756313202,"1"
2066,4,19,109,1.994353914,"1"
2066,4,20,110,1.24361013,"1"
2066,4,21,111,1.649500062,"1"
2066,4,22,112,2.085908034,"1"
2066,4,23,113,2.803081974,"1"
2066,4,24,114,3.025863666,"1"
2066,4,25,115,3.657587094,"1"
2066,4,26,116,3.483634266,"1"
2066,4,27,117,2.897687898,"1"
2066,4,28,118,3.321888654,"1"
2066,4,29,119,3.999389142,"1"
2066,4,30,120,4.383916446,"1"
2067,4,1,91,-5.595482634,"1"
2067,4,2,92,-4.927137558,"1"
2067,4,3,93,-3.813229098,"1"
2067,4,4,94,-4.136720322,"1"
2067,4,5,95,-2.275119882,"1"
2067,4,6,96,-1.527427902,"1"
2067,4,7,97,-1.176470442,"1"
2067,4,8,98,-1.087968126,"1"
2067,4,9,99,-0.779735922,"1"
2067,4,10,100,-1.158159618,"1"
2067,4,11,101,-0.624093918,"1"
2067,4,12,102,-0.703440822,"1"
2067,4,13,103,-1.466391822,"1"
2067,4,14,104,-1.026932046,"1"
2067,4,15,105,0.895704474,"1"
2067,4,16,106,0.993362202,"1"
2067,4,17,107,-0.25177383,"1"
2067,4,18,108,0.364690578,"1"
2067,4,19,109,2.549782242,"1"
2067,4,20,110,2.278171686,"1"
2067,4,21,111,1.475547234,"1"
2067,4,22,112,1.536583314,"1"
2067,4,23,113,3.184557474,"1"
2067,4,24,114,3.733882194,"1"
2067,4,25,115,3.941404866,"1"
2067,4,26,116,2.345311374,"1"
2067,4,27,117,3.828488118,"1"
2067,4,28,118,5.11940121,"1"
2067,4,29,119,5.766383658,"1"
2067,4,30,120,4.85999787,"1"
2068,4,1,92,-4.75318473,"1"
2068,4,2,93,-6.044097822,"1"
2068,4,3,94,-4.76844375,"1"
2068,4,4,95,-3.862057962,"1"
2068,4,5,96,-2.735942286,"1"
2068,4,6,97,-2.125581486,"1"
2068,4,7,98,-2.446020906,"1"
2068,4,8,99,-1.539635118,"1"
2068,4,9,100,-0.914015298,"1"
2068,4,10,101,-1.802090262,"1"
2068,4,11,102,-0.593575878,"1"
2068,4,12,103,-0.065613786,"1"
2068,4,13,104,-0.346379754,"1"
2068,4,14,105,0.392156814,"1"
2068,4,15,106,-0.529487994,"1"
2068,4,16,107,-0.364690578,"1"
2068,4,17,108,0.285343674,"1"
2068,4,18,109,0.309758106,"1"
2068,4,19,110,0.886549062,"1"
2068,4,20,111,1.463340018,"1"
2068,4,21,112,1.622033826,"1"
2068,4,22,113,1.41145935,"1"
2068,4,23,114,1.002517614,"1"
2068,4,24,115,1.93026603,"1"
2068,4,25,116,3.45616803,"1"
2068,4,26,117,3.889524198,"1"
2068,4,27,118,3.355458498,"1"
2068,4,28,119,4.191652794,"1"
2068,4,29,120,5.061416934,"1"
2068,4,30,121,6.135651942,"1"
2069,4,1,91,-5.31776847,"1"
2069,4,2,92,-5.494773102,"1"
2069,4,3,93,-5.049209718,"1"
2069,4,4,94,-4.332035778,"1"
2069,4,5,95,-2.674906206,"1"
2069,4,6,96,-3.407339166,"1"
2069,4,7,97,-3.266956182,"1"
2069,4,8,98,-2.41855467,"1"
2069,4,9,99,-1.356526878,"1"
2069,4,10,100,-1.338216054,"1"
2069,4,11,101,-0.66376737,"1"
2069,4,12,102,-1.15205601,"1"
2069,4,13,103,-1.612878414,"1"
2069,4,14,104,-0.169375122,"1"
2069,4,15,105,-0.52643619,"1"
2069,4,16,106,0.093080022,"1"
2069,4,17,107,0.49591815,"1"
2069,4,18,108,0.52643619,"1"
2069,4,19,109,0.904859886,"1"
2069,4,20,110,0.263981046,"1"
2069,4,21,111,1.585412178,"1"
2069,4,22,112,2.72373507,"1"
2069,4,23,113,2.363622198,"1"
2069,4,24,114,2.046234582,"1"
2069,4,25,115,2.55588585,"1"
2069,4,26,116,3.651483486,"1"
2069,4,27,117,2.674906206,"1"
2069,4,28,118,2.824444602,"1"
2069,4,29,119,4.078736046,"1"
2069,4,30,120,4.579231902,"1"
2070,4,1,91,-3.981078318,"1"
2070,4,2,92,-4.496833194,"1"
2070,4,3,93,-4.67688963,"1"
2070,4,4,94,-3.373769322,"1"
2070,4,5,95,-2.705424246,"1"
2070,4,6,96,-1.383993114,"1"
2070,4,7,97,-1.802090262,"1"
2070,4,8,98,-2.491797966,"1"
2070,4,9,99,-2.751201306,"1"
2070,4,10,100,-1.13679699,"1"
2070,4,11,101,-1.109330754,"1"
2070,4,12,102,-0.743114274,"1"
2070,4,13,103,-0.782787726,"1"
2070,4,14,104,-0.70954443,"1"
2070,4,15,105,0.20599677,"1"
2070,4,16,106,0.263981046,"1"
2070,4,17,107,0.169375122,"1"
2070,4,18,108,0.566109642,"1"
2070,4,19,109,0.593575878,"1"
2070,4,20,110,0.895704474,"1"
2070,4,21,111,0.489814542,"1"
2070,4,22,112,1.206988482,"1"
2070,4,23,113,1.383993114,"1"
2070,4,24,114,2.375829414,"1"
2070,4,25,115,3.27305979,"1"
2070,4,26,116,3.88342059,"1"
2070,4,27,117,4.319828562,"1"
2070,4,28,118,4.258792482,"1"
2070,4,29,119,4.747081122,"1"
2070,4,30,120,4.878308694,"1"
2071,4,1,91,-5.091934974,"1"
2071,4,2,92,-4.686045042,"1"
2071,4,3,93,-4.365605622,"1"
2071,4,4,94,-3.874265178,"1"
2071,4,5,95,-3.62401725,"1"
2071,4,6,96,-2.192721174,"1"
2071,4,7,97,-1.893644382,"1"
2071,4,8,98,-0.962844162,"1"
2071,4,9,99,-1.725795162,"1"
2071,4,10,100,-0.868238238,"1"
2071,4,11,101,-0.90791169,"1"
2071,4,12,102,-0.733958862,"1"
2071,4,13,103,-0.904859886,"1"
2071,4,14,104,-0.263981046,"1"
2071,4,15,105,-0.35858697,"1"
2071,4,16,106,-0.187685946,"1"
2071,4,17,107,-0.837720198,"1"
2071,4,18,108,-0.367742382,"1"
2071,4,19,109,-1.017776634,"1"
2071,4,20,110,-0.331120734,"1"
2071,4,21,111,0.386053206,"1"
2071,4,22,112,0.422674854,"1"
2071,4,23,113,0.383001402,"1"
2071,4,24,114,1.16731503,"1"
2071,4,25,115,1.30464621,"1"
2071,4,26,116,2.314793334,"1"
2071,4,27,117,3.541618542,"1"
2071,4,28,118,2.87632527,"1"
2071,4,29,119,2.882428878,"1"
2071,4,30,120,4.744029318,"1"
2072,4,1,92,-5.299457646,"1"
2072,4,2,93,-3.62401725,"1"
2072,4,3,94,-3.511100502,"1"
2072,4,4,95,-4.518195822,"1"
2072,4,5,96,-4.176393774,"1"
2072,4,6,97,-3.373769322,"1"
2072,4,7,98,-2.775615738,"1"
2072,4,8,99,-1.997405718,"1"
2072,4,9,100,-1.97604309,"1"
2072,4,10,101,-2.03707917,"1"
2072,4,11,102,-1.164263226,"1"
2072,4,12,103,-1.89974799,"1"
2072,4,13,104,-0.370794186,"1"
2072,4,14,105,0.975051378,"1"
2072,4,15,106,0.498969954,"1"
2072,4,16,107,-0.166323318,"1"
2072,4,17,108,0.69428541,"1"
2072,4,18,109,1.005569418,"1"
2072,4,19,110,0.654611958,"1"
2072,4,20,111,1.695277122,"1"
2072,4,21,112,1.094071734,"1"
2072,4,22,113,0.96894777,"1"
2072,4,23,114,1.597619394,"1"
2072,4,24,115,2.92210233,"1"
2072,4,25,116,3.331044066,"1"
2072,4,26,117,4.069580634,"1"
2072,4,27,118,2.851910838,"1"
2072,4,28,119,2.397192042,"1"
2072,4,29,120,3.782711058,"1"
2072,4,30,121,4.048218006,"1"
2073,4,1,91,-4.11230589,"1"
2073,4,2,92,-3.923094042,"1"
2073,4,3,93,-3.31883685,"1"
2073,4,4,94,-3.42564999,"1"
2073,4,5,95,-2.278171686,"1"
2073,4,6,96,-2.64743997,"1"
2073,4,7,97,-2.08285623,"1"
2073,4,8,98,-2.442969102,"1"
2073,4,9,99,-2.207980194,"1"
2073,4,10,100,-1.91500701,"1"
2073,4,11,101,-1.97604309,"1"
2073,4,12,102,-1.19783307,"1"
2073,4,13,103,-0.981154986,"1"
2073,4,14,104,-0.077821002,"1"
2073,4,15,105,-0.645456546,"1"
2073,4,16,106,-1.24361013,"1"
2073,4,17,107,-0.263981046,"1"
2073,4,18,108,0.75532149,"1"
2073,4,19,109,0.956740554,"1"
2073,4,20,110,1.499961666,"1"
2073,4,21,111,2.183565762,"1"
2073,4,22,112,1.618982022,"1"
2073,4,23,113,1.783779438,"1"
2073,4,24,114,2.207980194,"1"
2073,4,25,115,3.315785046,"1"
2073,4,26,116,3.053329902,"1"
2073,4,27,117,3.327992262,"1"
2073,4,28,118,3.688105134,"1"
2073,4,29,119,4.216067226,"1"
2073,4,30,120,3.801021882,"1"
2074,4,1,91,-4.026855378,"1"
2074,4,2,92,-3.132676806,"1"
2074,4,3,93,-2.735942286,"1"
2074,4,4,94,-3.71557137,"1"
2074,4,5,95,-3.962767494,"1"
2074,4,6,96,-2.38803663,"1"
2074,4,7,97,-1.451132802,"1"
2074,4,8,98,-1.438925586,"1"
2074,4,9,99,-2.180513958,"1"
2074,4,10,100,-1.383993114,"1"
2074,4,11,101,-0.563057838,"1"
2074,4,12,102,0.288395478,"1"
2074,4,13,103,-0.05340657,"1"
2074,4,14,104,-0.43488207,"1"
2074,4,15,105,-0.367742382,"1"
2074,4,16,106,0.685129998,"1"
2074,4,17,107,1.972991286,"1"
2074,4,18,108,1.264972758,"1"
2074,4,19,109,2.156099526,"1"
2074,4,20,110,2.406347454,"1"
2074,4,21,111,1.570153158,"1"
2074,4,22,112,2.317845138,"1"
2074,4,23,113,3.422598186,"1"
2074,4,24,114,4.429693506,"1"
2074,4,25,115,4.713511278,"1"
2074,4,26,116,5.732813814,"1"
2074,4,27,117,4.289310522,"1"
2074,4,28,118,4.213015422,"1"
2074,4,29,119,4.99732905,"1"
2074,4,30,120,5.80605711,"1"
2075,4,1,91,-3.782711058,"1"
2075,4,2,92,-4.557869274,"1"
2075,4,3,93,-3.480582462,"1"
2075,4,4,94,-3.340199478,"1"
2075,4,5,95,-3.978026514,"1"
2075,4,6,96,-3.245593554,"1"
2075,4,7,97,-1.878385362,"1"
2075,4,8,98,-2.641336362,"1"
2075,4,9,99,-1.551842334,"1"
2075,4,10,100,-1.04524287,"1"
2075,4,11,101,-0.81635757,"1"
2075,4,12,102,-0.981154986,"1"
2075,4,13,103,-0.29755089,"1"
2075,4,14,104,0.02288853,"1"
2075,4,15,105,0.108339042,"1"
2075,4,16,106,0.636301134,"1"
2075,4,17,107,0.538643406,"1"
2075,4,18,108,0.834668394,"1"
2075,4,19,109,1.18257405,"1"
2075,4,20,110,0.837720198,"1"
2075,4,21,111,-0.120546258,"1"
2075,4,22,112,1.417562958,"1"
2075,4,23,113,2.149995918,"1"
2075,4,24,114,3.901731414,"1"
2075,4,25,115,3.279163398,"1"
2075,4,26,116,3.15098763,"1"
2075,4,27,117,4.374761034,"1"
2075,4,28,118,4.014648162,"1"
2075,4,29,119,4.67688963,"1"
2075,4,30,120,6.196688022,"1"
2076,4,1,92,-4.277103306,"1"
2076,4,2,93,-5.644311498,"1"
2076,4,3,94,-4.118409498,"1"
2076,4,4,95,-3.886472394,"1"
2076,4,5,96,-3.205920102,"1"
2076,4,6,97,-3.169298454,"1"
2076,4,7,98,-3.382924734,"1"
2076,4,8,99,-3.42564999,"1"
2076,4,9,100,-3.627069054,"1"
2076,4,10,101,-3.19676469,"1"
2076,4,11,102,-2.211031998,"1"
2076,4,12,103,-0.807202158,"1"
2076,4,13,104,-0.941481534,"1"
2076,4,14,105,-0.621042114,"1"
2076,4,15,106,-0.398260422,"1"
2076,4,16,107,0.138857082,"1"
2076,4,17,108,-1.097123538,"1"
2076,4,18,109,-0.636301134,"1"
2076,4,19,110,1.646448258,"1"
2076,4,20,111,1.38094131,"1"
2076,4,21,112,0.61799031,"1"
2076,4,22,113,1.36568229,"1"
2076,4,23,114,0.49591815,"1"
2076,4,24,115,2.05233819,"1"
2076,4,25,116,2.873273466,"1"
2076,4,26,117,2.653543578,"1"
2076,4,27,118,2.702372442,"1"
2076,4,28,119,3.270007986,"1"
2076,4,29,120,3.117417786,"1"
2076,4,30,121,4.933241166,"1"
2077,4,1,91,-5.54665377,"1"
2077,4,2,92,-4.979018226,"1"
2077,4,3,93,-4.896619518,"1"
2077,4,4,94,-4.136720322,"1"
2077,4,5,95,-3.51720411,"1"
2077,4,6,96,-3.559929366,"1"
2077,4,7,97,-2.81528919,"1"
2077,4,8,98,-2.363622198,"1"
2077,4,9,99,-2.168306742,"1"
2077,4,10,100,-1.551842334,"1"
2077,4,11,101,-0.72480345,"1"
2077,4,12,102,-0.440985678,"1"
2077,4,13,103,-1.612878414,"1"
2077,4,14,104,-0.993362202,"1"
2077,4,15,105,0.03814755,"1"
2077,4,16,106,0.300602694,"1"
2077,4,17,107,0.492866346,"1"
2077,4,18,108,1.41145935,"1"
2077,4,19,109,2.73899409,"1"
2077,4,20,110,3.187609278,"1"
2077,4,21,111,2.763408522,"1"
2077,4,22,112,2.558937654,"1"
2077,4,23,113,1.780727634,"1"
2077,4,24,114,2.84580723,"1"
2077,4,25,115,3.126573198,"1"
2077,4,26,116,3.056381706,"1"
2077,4,27,117,2.192721174,"1"
2077,4,28,118,2.229342822,"1"
2077,4,29,119,2.64743997,"1"
2077,4,30,120,4.847790654,"1"
2078,4,1,91,-2.470435338,"1"
2078,4,2,92,-1.759365006,"1"
2078,4,3,93,-3.581291994,"1"
2078,4,4,94,-3.047226294,"1"
2078,4,5,95,-2.226291018,"1"
2078,4,6,96,-2.406347454,"1"
2078,4,7,97,-2.665750794,"1"
2078,4,8,98,-2.308689726,"1"
2078,4,9,99,-2.070649014,"1"
2078,4,10,100,-1.50301347,"1"
2078,4,11,101,-1.689173514,"1"
2078,4,12,102,-1.728846966,"1"
2078,4,13,103,-0.181582338,"1"
2078,4,14,104,0.904859886,"1"
2078,4,15,105,0.645456546,"1"
2078,4,16,106,0.98420679,"1"
2078,4,17,107,0.86213463,"1"
2078,4,18,108,2.580300282,"1"
2078,4,19,109,1.921110618,"1"
2078,4,20,110,1.377889506,"1"
2078,4,21,111,2.366674002,"1"
2078,4,22,112,2.763408522,"1"
2078,4,23,113,1.600671198,"1"
2078,4,24,114,1.393148526,"1"
2078,4,25,115,2.207980194,"1"
2078,4,26,116,2.674906206,"1"
2078,4,27,117,2.986190214,"1"
2078,4,28,118,3.08995155,"1"
2078,4,29,119,3.968871102,"1"
2078,4,30,120,3.422598186,"1"
2079,4,1,91,-5.71450299,"1"
2079,4,2,92,-5.107193994,"1"
2079,4,3,93,-3.65453529,"1"
2079,4,4,94,-2.919050526,"1"
2079,4,5,95,-2.970931194,"1"
2079,4,6,96,-3.871213374,"1"
2079,4,7,97,-3.758296626,"1"
2079,4,8,98,-2.961775782,"1"
2079,4,9,99,-1.789883046,"1"
2079,4,10,100,-1.02998385,"1"
2079,4,11,101,-1.316853426,"1"
2079,4,12,102,-2.635232754,"1"
2079,4,13,103,-1.478599038,"1"
2079,4,14,104,-0.859082826,"1"
2079,4,15,105,-1.326008838,"1"
2079,4,16,106,0.044251158,"1"
2079,4,17,107,1.042191066,"1"
2079,4,18,108,2.775615738,"1"
2079,4,19,109,2.272068078,"1"
2079,4,20,110,2.665750794,"1"
2079,4,21,111,3.260852574,"1"
2079,4,22,112,3.270007986,"1"
2079,4,23,113,2.546730438,"1"
2079,4,24,114,2.018768346,"1"
2079,4,25,115,1.817349282,"1"
2079,4,26,116,3.587395602,"1"
2079,4,27,117,3.187609278,"1"
2079,4,28,118,3.218127318,"1"
2079,4,29,119,3.910886826,"1"
2079,4,30,120,4.759288338,"1"
2080,4,1,92,-5.360493726,"1"
2080,4,2,93,-4.988173638,"1"
2080,4,3,94,-4.411382682,"1"
2080,4,4,95,-4.518195822,"1"
2080,4,5,96,-4.530403038,"1"
2080,4,6,97,-2.915998722,"1"
2080,4,7,98,-2.681009814,"1"
2080,4,8,99,-3.315785046,"1"
2080,4,9,100,-3.361562106,"1"
2080,4,10,101,-2.455176318,"1"
2080,4,11,102,-1.438925586,"1"
2080,4,12,103,-1.359578682,"1"
2080,4,13,104,-0.782787726,"1"
2080,4,14,105,-1.054398282,"1"
2080,4,15,106,-1.313801622,"1"
2080,4,16,107,-0.883497258,"1"
2080,4,17,108,0.010681314,"1"
2080,4,18,109,0.416571246,"1"
2080,4,19,110,0.535591602,"1"
2080,4,20,111,0.69428541,"1"
2080,4,21,112,0.843823806,"1"
2080,4,22,113,1.036087458,"1"
2080,4,23,114,1.38094131,"1"
2080,4,24,115,2.41855467,"1"
2080,4,25,116,2.421606474,"1"
2080,4,26,117,2.336155962,"1"
2080,4,27,118,2.650491774,"1"
2080,4,28,119,4.698252258,"1"
2080,4,29,120,4.612801746,"1"
2080,4,30,121,5.63820789,"1"
2081,4,1,91,-4.026855378,"1"
2081,4,2,92,-2.84580723,"1"
2081,4,3,93,-4.18860099,"1"
2081,4,4,94,-4.359502014,"1"
2081,4,5,95,-3.987181926,"1"
2081,4,6,96,-3.071640726,"1"
2081,4,7,97,-3.581291994,"1"
2081,4,8,98,-2.879377074,"1"
2081,4,9,99,-4.191652794,"1"
2081,4,10,100,-3.83764353,"1"
2081,4,11,101,-2.171358546,"1"
2081,4,12,102,-1.115434362,"1"
2081,4,13,103,-2.076752622,"1"
2081,4,14,104,-2.186617566,"1"
2081,4,15,105,-1.65560367,"1"
2081,4,16,106,-0.807202158,"1"
2081,4,17,107,-0.184634142,"1"
2081,4,18,108,0.642404742,"1"
2081,4,19,109,1.011673026,"1"
2081,4,20,110,0.752269686,"1"
2081,4,21,111,1.149004206,"1"
2081,4,22,112,1.805142066,"1"
2081,4,23,113,2.278171686,"1"
2081,4,24,114,2.421606474,"1"
2081,4,25,115,2.95262037,"1"
2081,4,26,116,3.309681438,"1"
2081,4,27,117,3.404287362,"1"
2081,4,28,118,3.770503842,"1"
2081,4,29,119,4.487677782,"1"
2081,4,30,120,6.068512254,"1"
2082,4,1,91,-3.675897918,"1"
2082,4,2,92,-2.867169858,"1"
2082,4,3,93,-3.636224466,"1"
2082,4,4,94,-3.63927627,"1"
2082,4,5,95,-2.516212398,"1"
2082,4,6,96,-3.02891547,"1"
2082,4,7,97,-3.535514934,"1"
2082,4,8,98,-2.641336362,"1"
2082,4,9,99,-2.269016274,"1"
2082,4,10,100,-1.44197739,"1"
2082,4,11,101,-1.22835111,"1"
2082,4,12,102,-0.883497258,"1"
2082,4,13,103,-1.240558326,"1"
2082,4,14,104,0.096131826,"1"
2082,4,15,105,0.09918363,"1"
2082,4,16,106,1.435873782,"1"
2082,4,17,107,1.74715779,"1"
2082,4,18,108,1.377889506,"1"
2082,4,19,109,1.997405718,"1"
2082,4,20,110,1.12153797,"1"
2082,4,21,111,1.011673026,"1"
2082,4,22,112,0.975051378,"1"
2082,4,23,113,1.957732266,"1"
2082,4,24,114,2.467383534,"1"
2082,4,25,115,2.409399258,"1"
2082,4,26,116,2.500953378,"1"
2082,4,27,117,3.718623174,"1"
2082,4,28,118,4.695200454,"1"
2082,4,29,119,4.28015511,"1"
2082,4,30,120,3.566032974,"1"
2083,4,1,91,-4.197756402,"1"
2083,4,2,92,-4.23437805,"1"
2083,4,3,93,-4.12756491,"1"
2083,4,4,94,-5.049209718,"1"
2083,4,5,95,-5.320820274,"1"
2083,4,6,96,-3.855954354,"1"
2083,4,7,97,-3.587395602,"1"
2083,4,8,98,-2.940413154,"1"
2083,4,9,99,-2.894636094,"1"
2083,4,10,100,-2.381933022,"1"
2083,4,11,101,-1.734950574,"1"
2083,4,12,102,-1.560997746,"1"
2083,4,13,103,-1.203936678,"1"
2083,4,14,104,-1.59456759,"1"
2083,4,15,105,-1.454184606,"1"
2083,4,16,106,-1.77767583,"1"
2083,4,17,107,-1.005569418,"1"
2083,4,18,108,0.645456546,"1"
2083,4,19,109,1.524376098,"1"
2083,4,20,110,1.698328926,"1"
2083,4,21,111,2.504005182,"1"
2083,4,22,112,2.317845138,"1"
2083,4,23,113,1.97604309,"1"
2083,4,24,114,2.400243846,"1"
2083,4,25,115,3.08995155,"1"
2083,4,26,116,2.348363178,"1"
2083,4,27,117,3.447012618,"1"
2083,4,28,118,3.489737874,"1"
2083,4,29,119,3.346303086,"1"
2083,4,30,120,3.862057962,"1"
2084,4,1,92,-3.816280902,"1"
2084,4,2,93,-2.650491774,"1"
2084,4,3,94,-1.957732266,"1"
2084,4,4,95,-3.495841482,"1"
2084,4,5,96,-3.233386338,"1"
2084,4,6,97,-3.24254175,"1"
2084,4,7,98,-3.535514934,"1"
2084,4,8,99,-2.391088434,"1"
2084,4,9,100,-1.25886915,"1"
2084,4,10,101,-1.887540774,"1"
2084,4,11,102,-2.37277761,"1"
2084,4,12,103,-2.52536781,"1"
2084,4,13,104,-1.066605498,"1"
2084,4,14,105,-0.233463006,"1"
2084,4,15,106,-0.920118906,"1"
2084,4,16,107,-0.60273129,"1"
2084,4,17,108,0.28229187,"1"
2084,4,18,109,-0.285343674,"1"
2084,4,19,110,0.276188262,"1"
2084,4,20,111,1.658655474,"1"
2084,4,21,112,3.480582462,"1"
2084,4,22,113,2.37277761,"1"
2084,4,23,114,1.832608302,"1"
2084,4,24,115,2.088959838,"1"
2084,4,25,116,2.421606474,"1"
2084,4,26,117,1.71663975,"1"
2084,4,27,118,2.229342822,"1"
2084,4,28,119,3.114365982,"1"
2084,4,29,120,4.835583438,"1"
2084,4,30,121,3.99023373,"1"
2085,4,1,91,-6.08071947,"1"
2085,4,2,92,-5.43984063,"1"
2085,4,3,93,-5.049209718,"1"
2085,4,4,94,-3.865109766,"1"
2085,4,5,95,-4.124513106,"1"
2085,4,6,96,-4.61585355,"1"
2085,4,7,97,-3.614861838,"1"
2085,4,8,98,-3.071640726,"1"
2085,4,9,99,-3.068588922,"1"
2085,4,10,100,-2.742045894,"1"
2085,4,11,101,-2.043182778,"1"
2085,4,12,102,-1.887540774,"1"
2085,4,13,103,-1.249713738,"1"
2085,4,14,104,-0.92317071,"1"
2085,4,15,105,-0.062561982,"1"
2085,4,16,106,0.514228974,"1"
2085,4,17,107,-0.08392461,"1"
2085,4,18,108,-0.514228974,"1"
2085,4,19,109,0.376897794,"1"
2085,4,20,110,1.185625854,"1"
2085,4,21,111,1.64034465,"1"
2085,4,22,112,1.878385362,"1"
2085,4,23,113,1.118486166,"1"
2085,4,24,114,1.658655474,"1"
2085,4,25,115,3.129625002,"1"
2085,4,26,116,3.233386338,"1"
2085,4,27,117,3.30357783,"1"
2085,4,28,118,3.996337338,"1"
2085,4,29,119,4.536506646,"1"
2085,4,30,120,4.457159742,"1"
2086,4,1,91,-4.911878538,"1"
2086,4,2,92,-4.136720322,"1"
2086,4,3,93,-3.553825758,"1"
2086,4,4,94,-3.47142705,"1"
2086,4,5,95,-3.389028342,"1"
2086,4,6,96,-3.938353062,"1"
2086,4,7,97,-1.606774806,"1"
2086,4,8,98,-1.646448258,"1"
2086,4,9,99,-1.371785898,"1"
2086,4,10,100,-1.622033826,"1"
2086,4,11,101,-0.950636946,"1"
2086,4,12,102,-0.560006034,"1"
2086,4,13,103,-0.48065913,"1"
2086,4,14,104,-0.672922782,"1"
2086,4,15,105,-0.428778462,"1"
2086,4,16,106,0.349431558,"1"
2086,4,17,107,1.069657302,"1"
2086,4,18,108,1.326008838,"1"
2086,4,19,109,1.206988482,"1"
2086,4,20,110,0.856031022,"1"
2086,4,21,111,1.835660106,"1"
2086,4,22,112,2.589455694,"1"
2086,4,23,113,2.973982998,"1"
2086,4,24,114,2.223239214,"1"
2086,4,25,115,1.826504694,"1"
2086,4,26,116,2.29648251,"1"
2086,4,27,117,3.263904378,"1"
2086,4,28,118,2.955672174,"1"
2086,4,29,119,3.743037606,"1"
2086,4,30,120,5.140763838,"1"
2087,4,1,91,-4.213015422,"1"
2087,4,2,92,-4.66163061,"1"
2087,4,3,93,-3.50194509,"1"
2087,4,4,94,-2.015716542,"1"
2087,4,5,95,-1.109330754,"1"
2087,4,6,96,-1.860074538,"1"
2087,4,7,97,-0.956740554,"1"
2087,4,8,98,-2.027923758,"1"
2087,4,9,99,-1.872281754,"1"
2087,4,10,100,-1.30464621,"1"
2087,4,11,101,-1.036087458,"1"
2087,4,12,102,-1.225299306,"1"
2087,4,13,103,-1.316853426,"1"
2087,4,14,104,-0.675974586,"1"
2087,4,15,105,-0.376897794,"1"
2087,4,16,106,-1.200884874,"1"
2087,4,17,107,0.056458374,"1"
2087,4,18,108,0.730907058,"1"
2087,4,19,109,0.89265267,"1"
2087,4,20,110,1.79293485,"1"
2087,4,21,111,1.570153158,"1"
2087,4,22,112,0.444037482,"1"
2087,4,23,113,0.773632314,"1"
2087,4,24,114,2.15915133,"1"
2087,4,25,115,2.610818322,"1"
2087,4,26,116,2.867169858,"1"
2087,4,27,117,4.350346602,"1"
2087,4,28,118,3.892576002,"1"
2087,4,29,119,3.434805402,"1"
2087,4,30,120,3.36461391,"1"
2088,4,1,92,-2.49484977,"1"
2088,4,2,93,-3.544670346,"1"
2088,4,3,94,-4.139772126,"1"
2088,4,4,95,-5.284198626,"1"
2088,4,5,96,-3.590447406,"1"
2088,4,6,97,-2.57114487,"1"
2088,4,7,98,-0.89265267,"1"
2088,4,8,99,-0.837720198,"1"
2088,4,9,100,-1.185625854,"1"
2088,4,10,101,-1.277179974,"1"
2088,4,11,102,-0.22125579,"1"
2088,4,12,103,-0.889600866,"1"
2088,4,13,104,-1.191729462,"1"
2088,4,14,105,0.212100378,"1"
2088,4,15,106,-0.51117717,"1"
2088,4,16,107,0.78583953,"1"
2088,4,17,108,-0.69428541,"1"
2088,4,18,109,-0.17547873,"1"
2088,4,19,110,0.544747014,"1"
2088,4,20,111,1.200884874,"1"
2088,4,21,112,1.268024562,"1"
2088,4,22,113,1.353475074,"1"
2088,4,23,114,2.745097698,"1"
2088,4,24,115,2.690165226,"1"
2088,4,25,116,2.040130974,"1"
2088,4,26,117,1.896696186,"1"
2088,4,27,118,2.60166291,"1"
2088,4,28,119,2.992293822,"1"
2088,4,29,120,4.426641702,"1"
2088,4,30,121,4.545662058,"1"
2089,4,1,91,-5.711451186,"1"
2089,4,2,92,-5.656518714,"1"
2089,4,3,93,-5.891507622,"1"
2089,4,4,94,-4.841687046,"1"
2089,4,5,95,-5.19569631,"1"
2089,4,6,96,-5.01258807,"1"
2089,4,7,97,-2.897687898,"1"
2089,4,8,98,-3.331044066,"1"
2089,4,9,99,-3.205920102,"1"
2089,4,10,100,-4.942396578,"1"
2089,4,11,101,-3.57824019,"1"
2089,4,12,102,-1.951628658,"1"
2089,4,13,103,-0.520332582,"1"
2089,4,14,104,-0.611886702,"1"
2089,4,15,105,0.233463006,"1"
2089,4,16,106,-0.242618418,"1"
2089,4,17,107,0.028992138,"1"
2089,4,18,108,0.318913518,"1"
2089,4,19,109,0.78583953,"1"
2089,4,20,110,0.202944966,"1"
2089,4,21,111,1.62508563,"1"
2089,4,22,112,2.915998722,"1"
2089,4,23,113,3.627069054,"1"
2089,4,24,114,2.992293822,"1"
2089,4,25,115,2.86106625,"1"
2089,4,26,116,3.260852574,"1"
2089,4,27,117,3.282215202,"1"
2089,4,28,118,4.332035778,"1"
2089,4,29,119,4.95155199,"1"
2089,4,30,120,4.228274442,"1"
2090,4,1,91,-4.881360498,"1"
2090,4,2,92,-5.610741654,"1"
2090,4,3,93,-5.97390633,"1"
2090,4,4,94,-6.456091362,"1"
2090,4,5,95,-4.838635242,"1"
2090,4,6,96,-2.253757254,"1"
2090,4,7,97,-2.711527854,"1"
2090,4,8,98,-3.093003354,"1"
2090,4,9,99,-1.939421442,"1"
2090,4,10,100,-1.020828438,"1"
2090,4,11,101,-1.359578682,"1"
2090,4,12,102,-1.087968126,"1"
2090,4,13,103,-0.041199354,"1"
2090,4,14,104,-0.202944966,"1"
2090,4,15,105,0.06866559,"1"
2090,4,16,106,-0.047302962,"1"
2090,4,17,107,-0.044251158,"1"
2090,4,18,108,0.03814755,"1"
2090,4,19,109,0.19073775,"1"
2090,4,20,110,1.515220686,"1"
2090,4,21,111,1.048294674,"1"
2090,4,22,112,2.98313841,"1"
2090,4,23,113,3.04417449,"1"
2090,4,24,114,2.565041262,"1"
2090,4,25,115,1.979094894,"1"
2090,4,26,116,2.946516762,"1"
2090,4,27,117,3.987181926,"1"
2090,4,28,118,4.115357694,"1"
2090,4,29,119,3.321888654,"1"
2090,4,30,120,3.752193018,"1"
2091,4,1,91,-4.841687046,"1"
2091,4,2,92,-4.725718494,"1"
2091,4,3,93,-4.246585266,"1"
2091,4,4,94,-3.022811862,"1"
2091,4,5,95,-4.164186558,"1"
2091,4,6,96,-5.467306866,"1"
2091,4,7,97,-2.604714714,"1"
2091,4,8,98,-2.226291018,"1"
2091,4,9,99,-2.592507498,"1"
2091,4,10,100,-2.455176318,"1"
2091,4,11,101,-2.38803663,"1"
2091,4,12,102,-1.744105986,"1"
2091,4,13,103,-2.03707917,"1"
2091,4,14,104,-1.036087458,"1"
2091,4,15,105,0.642404742,"1"
2091,4,16,106,0.181582338,"1"
2091,4,17,107,0.84687561,"1"
2091,4,18,108,2.058441798,"1"
2091,4,19,109,2.08285623,"1"
2091,4,20,110,1.567101354,"1"
2091,4,21,111,1.496909862,"1"
2091,4,22,112,3.254748966,"1"
2091,4,23,113,4.18860099,"1"
2091,4,24,114,3.614861838,"1"
2091,4,25,115,4.490729586,"1"
2091,4,26,116,4.679941434,"1"
2091,4,27,117,4.744029318,"1"
2091,4,28,118,5.680933146,"1"
2091,4,29,119,4.640267982,"1"
2091,4,30,120,3.89867961,"1"
2092,4,1,92,-3.172350258,"1"
2092,4,2,93,-2.641336362,"1"
2092,4,3,94,-3.697260546,"1"
2092,4,4,95,-2.543678634,"1"
2092,4,5,96,-3.590447406,"1"
2092,4,6,97,-3.190661082,"1"
2092,4,7,98,-2.333104158,"1"
2092,4,8,99,-1.67086269,"1"
2092,4,9,100,-1.017776634,"1"
2092,4,10,101,-0.730907058,"1"
2092,4,11,102,-0.428778462,"1"
2092,4,12,103,-0.859082826,"1"
2092,4,13,104,-1.063553694,"1"
2092,4,14,105,-1.423666566,"1"
2092,4,15,106,-1.01472483,"1"
2092,4,16,107,0.245670222,"1"
2092,4,17,108,0.688181802,"1"
2092,4,18,109,1.820401086,"1"
2092,4,19,110,2.757304914,"1"
2092,4,20,111,2.08285623,"1"
2092,4,21,112,1.506065274,"1"
2092,4,22,113,2.198824782,"1"
2092,4,23,114,2.09811525,"1"
2092,4,24,115,3.05943351,"1"
2092,4,25,116,3.025863666,"1"
2092,4,26,117,4.200808206,"1"
2092,4,27,118,3.630120858,"1"
2092,4,28,119,2.671854402,"1"
2092,4,29,120,4.069580634,"1"
2092,4,30,121,4.667734218,"1"
2093,4,1,91,-4.881360498,"1"
2093,4,2,92,-3.682001526,"1"
2093,4,3,93,-3.184557474,"1"
2093,4,4,94,-3.144884022,"1"
2093,4,5,95,-4.05126981,"1"
2093,4,6,96,-3.047226294,"1"
2093,4,7,97,-2.72373507,"1"
2093,4,8,98,-1.692225318,"1"
2093,4,9,99,-0.978103182,"1"
2093,4,10,100,-1.27412817,"1"
2093,4,11,101,-1.484702646,"1"
2093,4,12,102,-0.712596234,"1"
2093,4,13,103,0.334172538,"1"
2093,4,14,104,-0.730907058,"1"
2093,4,15,105,-1.25886915,"1"
2093,4,16,106,-0.80109855,"1"
2093,4,17,107,-0.428778462,"1"
2093,4,18,108,0.401312226,"1"
2093,4,19,109,1.554894138,"1"
2093,4,20,110,1.972991286,"1"
2093,4,21,111,2.684061618,"1"
2093,4,22,112,3.062485314,"1"
2093,4,23,113,2.543678634,"1"
2093,4,24,114,2.763408522,"1"
2093,4,25,115,3.254748966,"1"
2093,4,26,116,3.794918274,"1"
2093,4,27,117,3.733882194,"1"
2093,4,28,118,4.55481747,"1"
2093,4,29,119,4.405279074,"1"
2093,4,30,120,4.701304062,"1"
2094,4,1,91,-4.231326246,"1"
2094,4,2,92,-2.986190214,"1"
2094,4,3,93,-2.406347454,"1"
2094,4,4,94,-3.01365645,"1"
2094,4,5,95,-2.14389231,"1"
2094,4,6,96,-3.025863666,"1"
2094,4,7,97,-3.489737874,"1"
2094,4,8,98,-2.665750794,"1"
2094,4,9,99,-2.394140238,"1"
2094,4,10,100,-1.753261398,"1"
2094,4,11,101,-1.948576854,"1"
2094,4,12,102,-1.16731503,"1"
2094,4,13,103,-1.081864518,"1"
2094,4,14,104,-0.425726658,"1"
2094,4,15,105,0.096131826,"1"
2094,4,16,106,1.033035654,"1"
2094,4,17,107,0.431830266,"1"
2094,4,18,108,-0.38910501,"1"
2094,4,19,109,0.49591815,"1"
2094,4,20,110,0.422674854,"1"
2094,4,21,111,1.80819387,"1"
2094,4,22,112,1.74715779,"1"
2094,4,23,113,3.068588922,"1"
2094,4,24,114,3.086899746,"1"
2094,4,25,115,0.901808082,"1"
2094,4,26,116,1.42671837,"1"
2094,4,27,117,2.574196674,"1"
2094,4,28,118,3.312733242,"1"
2094,4,29,119,3.523307718,"1"
2094,4,30,120,4.240481658,"1"
2095,4,1,91,-5.955595506,"1"
2095,4,2,92,-5.54665377,"1"
2095,4,3,93,-4.579231902,"1"
2095,4,4,94,-5.299457646,"1"
2095,4,5,95,-4.744029318,"1"
2095,4,6,96,-4.872205086,"1"
2095,4,7,97,-5.01258807,"1"
2095,4,8,98,-4.57007649,"1"
2095,4,9,99,-3.001449234,"1"
2095,4,10,100,-2.54062683,"1"
2095,4,11,101,-3.672846114,"1"
2095,4,12,102,-2.821392798,"1"
2095,4,13,103,-1.802090262,"1"
2095,4,14,104,-1.771572222,"1"
2095,4,15,105,-0.920118906,"1"
2095,4,16,106,-0.688181802,"1"
2095,4,17,107,0.370794186,"1"
2095,4,18,108,0.64850835,"1"
2095,4,19,109,2.333104158,"1"
2095,4,20,110,1.179522246,"1"
2095,4,21,111,0.447089286,"1"
2095,4,22,112,1.347371466,"1"
2095,4,23,113,2.61692193,"1"
2095,4,24,114,3.270007986,"1"
2095,4,25,115,2.522316006,"1"
2095,4,26,116,2.973982998,"1"
2095,4,27,117,3.401235558,"1"
2095,4,28,118,4.307621346,"1"
2095,4,29,119,5.198748114,"1"
2095,4,30,120,4.100098674,"1"
2096,4,1,92,-4.811169006,"1"
2096,4,2,93,-4.701304062,"1"
2096,4,3,94,-4.38696825,"1"
2096,4,4,95,-3.556877562,"1"
2096,4,5,96,-3.901731414,"1"
2096,4,6,97,-3.74608941,"1"
2096,4,7,98,-3.965819298,"1"
2096,4,8,99,-3.605706426,"1"
2096,4,9,100,-3.663690702,"1"
2096,4,10,101,-3.37987293,"1"
2096,4,11,102,-3.352406694,"1"
2096,4,12,103,-2.015716542,"1"
2096,4,13,104,-1.237506522,"1"
2096,4,14,105,-0.108339042,"1"
2096,4,15,106,-0.395208618,"1"
2096,4,16,107,-0.193789554,"1"
2096,4,17,108,0.209048574,"1"
2096,4,18,109,-0.196841358,"1"
2096,4,19,110,0.93842973,"1"
2096,4,20,111,0.489814542,"1"
2096,4,21,112,2.149995918,"1"
2096,4,22,113,2.232394626,"1"
2096,4,23,114,2.90684331,"1"
2096,4,24,115,2.928205938,"1"
2096,4,25,116,2.833600014,"1"
2096,4,26,117,3.620965446,"1"
2096,4,27,118,2.995345626,"1"
2096,4,28,119,4.042114398,"1"
2096,4,29,120,4.277103306,"1"
2096,4,30,121,3.901731414,"1"
2097,4,1,91,-3.50194509,"1"
2097,4,2,92,-2.775615738,"1"
2097,4,3,93,-2.626077342,"1"
2097,4,4,94,-2.397192042,"1"
2097,4,5,95,-2.705424246,"1"
2097,4,6,96,-2.473487142,"1"
2097,4,7,97,-2.308689726,"1"
2097,4,8,98,-2.165254938,"1"
2097,4,9,99,-2.467383534,"1"
2097,4,10,100,-1.44197739,"1"
2097,4,11,101,-1.194781266,"1"
2097,4,12,102,-0.852979218,"1"
2097,4,13,103,-0.944533338,"1"
2097,4,14,104,-0.352483362,"1"
2097,4,15,105,-0.83161659,"1"
2097,4,16,106,0.325017126,"1"
2097,4,17,107,0.013733118,"1"
2097,4,18,108,-0.209048574,"1"
2097,4,19,109,1.155107814,"1"
2097,4,20,110,1.832608302,"1"
2097,4,21,111,2.12863329,"1"
2097,4,22,112,3.245593554,"1"
2097,4,23,113,3.422598186,"1"
2097,4,24,114,3.15098763,"1"
2097,4,25,115,3.327992262,"1"
2097,4,26,116,3.544670346,"1"
2097,4,27,117,3.691156938,"1"
2097,4,28,118,3.270007986,"1"
2097,4,29,119,3.739985802,"1"
2097,4,30,120,4.563972882,"1"
2098,4,1,91,-6.062408646,"1"
2098,4,2,92,-6.34012281,"1"
2098,4,3,93,-6.056305038,"1"
2098,4,4,94,-4.884412302,"1"
2098,4,5,95,-3.642328074,"1"
2098,4,6,96,-3.648431682,"1"
2098,4,7,97,-3.85290255,"1"
2098,4,8,98,-2.87632527,"1"
2098,4,9,99,-3.163194846,"1"
2098,4,10,100,-3.968871102,"1"
2098,4,11,101,-2.687113422,"1"
2098,4,12,102,-1.878385362,"1"
2098,4,13,103,-0.730907058,"1"
2098,4,14,104,-0.035095746,"1"
2098,4,15,105,0.78583953,"1"
2098,4,16,106,0.035095746,"1"
2098,4,17,107,0.102235434,"1"
2098,4,18,108,0.138857082,"1"
2098,4,19,109,0.80109855,"1"
2098,4,20,110,1.21309209,"1"
2098,4,21,111,1.383993114,"1"
2098,4,22,112,0.965895966,"1"
2098,4,23,113,1.219195698,"1"
2098,4,24,114,1.759365006,"1"
2098,4,25,115,3.208971906,"1"
2098,4,26,116,4.03601079,"1"
2098,4,27,117,3.859006158,"1"
2098,4,28,118,3.642328074,"1"
2098,4,29,119,2.473487142,"1"
2098,4,30,120,3.794918274,"1"
2099,4,1,91,-4.670786022,"1"
2099,4,2,92,-3.938353062,"1"
2099,4,3,93,-4.078736046,"1"
2099,4,4,94,-3.407339166,"1"
2099,4,5,95,-2.076752622,"1"
2099,4,6,96,-2.293430706,"1"
2099,4,7,97,-3.932249454,"1"
2099,4,8,98,-3.346303086,"1"
2099,4,9,99,-2.192721174,"1"
2099,4,10,100,-1.835660106,"1"
2099,4,11,101,-0.669870978,"1"
2099,4,12,102,-0.550850622,"1"
2099,4,13,103,-0.773632314,"1"
2099,4,14,104,-1.710536142,"1"
2099,4,15,105,-2.284275294,"1"
2099,4,16,106,-1.957732266,"1"
2099,4,17,107,-0.730907058,"1"
2099,4,18,108,0.337224342,"1"
2099,4,19,109,0.154116102,"1"
2099,4,20,110,0.99946581,"1"
2099,4,21,111,0.975051378,"1"
2099,4,22,112,1.979094894,"1"
2099,4,23,113,1.054398282,"1"
2099,4,24,114,1.118486166,"1"
2099,4,25,115,1.933317834,"1"
2099,4,26,116,3.208971906,"1"
2099,4,27,117,4.67688963,"1"
2099,4,28,118,4.377812838,"1"
2099,4,29,119,4.335087582,"1"
2099,4,30,120,4.261844286,"1"
2100,4,1,91,-5.305561254,"1"
2100,4,2,92,-5.000380854,"1"
2100,4,3,93,-5.494773102,"1"
2100,4,4,94,-6.392003478,"1"
2100,4,5,95,-5.906766642,"1"
2100,4,6,96,-4.35645021,"1"
2100,4,7,97,-3.187609278,"1"
2100,4,8,98,-3.096055158,"1"
2100,4,9,99,-3.382924734,"1"
2100,4,10,100,-2.29648251,"1"
2100,4,11,101,-2.980086606,"1"
2100,4,12,102,-2.583352086,"1"
2100,4,13,103,-2.030975562,"1"
2100,4,14,104,-1.94552505,"1"
2100,4,15,105,-0.575265054,"1"
2100,4,16,106,-0.257877438,"1"
2100,4,17,107,0.733958862,"1"
2100,4,18,108,0.578316858,"1"
2100,4,19,109,0.904859886,"1"
2100,4,20,110,2.140840506,"1"
2100,4,21,111,1.631189238,"1"
2100,4,22,112,2.44907271,"1"
2100,4,23,113,1.54879053,"1"
2100,4,24,114,2.073700818,"1"
2100,4,25,115,2.47959075,"1"
2100,4,26,116,2.192721174,"1"
2100,4,27,117,1.942473246,"1"
2100,4,28,118,1.103227146,"1"
2100,4,29,119,2.537575026,"1"
2100,4,30,120,3.697260546,"1"
2025,5,1,121,0.46540011,"1"
2025,5,2,122,0.84687561,"1"
2025,5,3,123,2.12863329,"1"
2025,5,4,124,2.070649014,"1"
2025,5,5,125,2.482642554,"1"
2025,5,6,126,3.300526026,"1"
2025,5,7,127,3.849850746,"1"
2025,5,8,128,4.048218006,"1"
2025,5,9,129,4.698252258,"1"
2025,5,10,130,3.80712549,"1"
2025,5,11,131,3.886472394,"1"
2025,5,12,132,4.042114398,"1"
2025,5,13,133,3.221179122,"1"
2025,5,14,134,3.538566738,"1"
2025,5,15,135,4.618905354,"1"
2025,5,16,136,4.454107938,"1"
2025,5,17,137,4.805065398,"1"
2025,5,18,138,5.171281878,"1"
2025,5,19,139,6.511023834,"1"
2025,5,20,140,6.785686194,"1"
2025,5,21,141,6.623940582,"1"
2025,5,22,142,7.234301382,"1"
2025,5,23,143,6.35538183,"1"
2025,5,24,144,5.30250945,"1"
2025,5,25,145,6.349278222,"1"
2025,5,26,146,7.386891582,"1"
2025,5,27,147,7.924009086,"1"
2025,5,28,148,8.65949385,"1"
2025,5,29,149,8.47638561,"1"
2025,5,30,150,8.921948994,"1"
2025,5,31,151,7.594414254,"1"
2026,5,1,121,1.02998385,"1"
2026,5,2,122,0.349431558,"1"
2026,5,3,123,1.16731503,"1"
2026,5,4,124,1.25886915,"1"
2026,5,5,125,1.506065274,"1"
2026,5,6,126,1.139848794,"1"
2026,5,7,127,1.139848794,"1"
2026,5,8,128,2.870221662,"1"
2026,5,9,129,2.80003017,"1"
2026,5,10,130,1.951628658,"1"
2026,5,11,131,2.89158429,"1"
2026,5,12,132,4.588387314,"1"
2026,5,13,133,5.571068202,"1"
2026,5,14,134,4.35645021,"1"
2026,5,15,135,3.599602818,"1"
2026,5,16,136,4.368657426,"1"
2026,5,17,137,5.232317958,"1"
2026,5,18,138,5.69924397,"1"
2026,5,19,139,5.76028005,"1"
2026,5,20,140,7.124436438,"1"
2026,5,21,141,6.395055282,"1"
2026,5,22,142,6.703287486,"1"
2026,5,23,143,6.715494702,"1"
2026,5,24,144,7.472342094,"1"
2026,5,25,145,7.304492874,"1"
2026,5,26,146,8.085754698,"1"
2026,5,27,147,7.737849042,"1"
2026,5,28,148,7.902646458,"1"
2026,5,29,149,8.107117326,"1"
2026,5,30,150,8.20172325,"1"
2026,5,31,151,8.683908282,"1"
2027,5,1,121,0.883497258,"1"
2027,5,2,122,1.509117078,"1"
2027,5,3,123,1.728846966,"1"
2027,5,4,124,0.730907058,"1"
2027,5,5,125,1.142900598,"1"
2027,5,6,126,2.54062683,"1"
2027,5,7,127,2.278171686,"1"
2027,5,8,128,2.345311374,"1"
2027,5,9,129,3.18150567,"1"
2027,5,10,130,2.912946918,"1"
2027,5,11,131,4.161134754,"1"
2027,5,12,132,4.429693506,"1"
2027,5,13,133,3.999389142,"1"
2027,5,14,134,5.33302749,"1"
2027,5,15,135,6.007476174,"1"
2027,5,16,136,7.109177418,"1"
2027,5,17,137,8.329899018,"1"
2027,5,18,138,8.015563206,"1"
2027,5,19,139,7.557792606,"1"
2027,5,20,140,7.524222762,"1"
2027,5,21,141,7.01151969,"1"
2027,5,22,142,7.14885087,"1"
2027,5,23,143,7.487601114,"1"
2027,5,24,144,8.708322714,"1"
2027,5,25,145,8.067443874,"1"
2027,5,26,146,7.80498873,"1"
2027,5,27,147,7.89654285,"1"
2027,5,28,148,8.754099774,"1"
2027,5,29,149,9.059280174,"1"
2027,5,30,150,9.48348093,"1"
2027,5,31,151,8.946363426,"1"
2028,5,1,122,0.61799031,"1"
2028,5,2,123,1.460288214,"1"
2028,5,3,124,2.427710082,"1"
2028,5,4,125,1.60982661,"1"
2028,5,5,126,1.292438994,"1"
2028,5,6,127,1.68612171,"1"
2028,5,7,128,2.946516762,"1"
2028,5,8,129,2.66269899,"1"
2028,5,9,130,3.016708254,"1"
2028,5,10,131,3.978026514,"1"
2028,5,11,132,3.541618542,"1"
2028,5,12,133,2.89158429,"1"
2028,5,13,134,3.590447406,"1"
2028,5,14,135,5.540550162,"1"
2028,5,15,136,4.359502014,"1"
2028,5,16,137,4.09704687,"1"
2028,5,17,138,5.458151454,"1"
2028,5,18,139,6.297397554,"1"
2028,5,19,140,6.114289314,"1"
2028,5,20,141,5.16517827,"1"
2028,5,21,142,5.183489094,"1"
2028,5,22,143,5.80605711,"1"
2028,5,23,144,7.231249578,"1"
2028,5,24,145,9.687951798,"1"
2028,5,25,146,10.450902798,"1"
2028,5,26,147,9.675744582,"1"
2028,5,27,148,8.714426322,"1"
2028,5,28,149,8.131531758,"1"
2028,5,29,150,8.11016913,"1"
2028,5,30,151,8.091858306,"1"
2028,5,31,152,10.234224714,"1"
2029,5,1,121,2.05233819,"1"
2029,5,2,122,1.554894138,"1"
2029,5,3,123,1.692225318,"1"
2029,5,4,124,1.127641578,"1"
2029,5,5,125,2.369725806,"1"
2029,5,6,126,2.049286386,"1"
2029,5,7,127,2.949568566,"1"
2029,5,8,128,3.038070882,"1"
2029,5,9,129,3.141832218,"1"
2029,5,10,130,3.144884022,"1"
2029,5,11,131,4.31067315,"1"
2029,5,12,132,3.877316982,"1"
2029,5,13,133,3.941404866,"1"
2029,5,14,134,5.448996042,"1"
2029,5,15,135,4.945448382,"1"
2029,5,16,136,5.171281878,"1"
2029,5,17,137,5.397115374,"1"
2029,5,18,138,6.52323105,"1"
2029,5,19,139,7.139695458,"1"
2029,5,20,140,6.837566862,"1"
2029,5,21,141,6.175325394,"1"
2029,5,22,142,7.405202406,"1"
2029,5,23,143,8.174257014,"1"
2029,5,24,144,8.409245922,"1"
2029,5,25,145,7.450979466,"1"
2029,5,26,146,8.641183026,"1"
2029,5,27,147,7.737849042,"1"
2029,5,28,148,7.426565034,"1"
2029,5,29,149,7.716486414,"1"
2029,5,30,150,9.065383782,"1"
2029,5,31,151,8.99519229,"1"
2030,5,1,121,0.276188262,"1"
2030,5,2,122,0.334172538,"1"
2030,5,3,123,1.683069906,"1"
2030,5,4,124,1.521324294,"1"
2030,5,5,125,2.269016274,"1"
2030,5,6,126,2.473487142,"1"
2030,5,7,127,2.766460326,"1"
2030,5,8,128,4.209963618,"1"
2030,5,9,129,3.892576002,"1"
2030,5,10,130,3.691156938,"1"
2030,5,11,131,4.100098674,"1"
2030,5,12,132,5.473410474,"1"
2030,5,13,133,5.63820789,"1"
2030,5,14,134,4.838635242,"1"
2030,5,15,135,5.812160718,"1"
2030,5,16,136,5.925077466,"1"
2030,5,17,137,6.334019202,"1"
2030,5,18,138,6.376744458,"1"
2030,5,19,139,6.941328198,"1"
2030,5,20,140,6.764323566,"1"
2030,5,21,141,5.79079809,"1"
2030,5,22,142,7.029830514,"1"
2030,5,23,143,7.215990558,"1"
2030,5,24,144,7.502860134,"1"
2030,5,25,145,7.298389266,"1"
2030,5,26,146,7.42351323,"1"
2030,5,27,147,7.124436438,"1"
2030,5,28,148,7.481497506,"1"
2030,5,29,149,7.05729675,"1"
2030,5,30,150,8.11016913,"1"
2030,5,31,151,7.72869363,"1"
2031,5,1,121,0.880445454,"1"
2031,5,2,122,0.431830266,"1"
2031,5,3,123,0.285343674,"1"
2031,5,4,124,1.18257405,"1"
2031,5,5,125,2.903791506,"1"
2031,5,6,126,2.470435338,"1"
2031,5,7,127,2.320896942,"1"
2031,5,8,128,3.633172662,"1"
2031,5,9,129,2.909895114,"1"
2031,5,10,130,3.358510302,"1"
2031,5,11,131,3.657587094,"1"
2031,5,12,132,4.79896179,"1"
2031,5,13,133,5.656518714,"1"
2031,5,14,134,4.92103395,"1"
2031,5,15,135,6.06546045,"1"
2031,5,16,136,6.010527978,"1"
2031,5,17,137,5.97390633,"1"
2031,5,18,138,7.04203773,"1"
2031,5,19,139,6.123444726,"1"
2031,5,20,140,6.672769446,"1"
2031,5,21,141,7.02677871,"1"
2031,5,22,142,6.855877686,"1"
2031,5,23,143,7.096970202,"1"
2031,5,24,144,6.272983122,"1"
2031,5,25,145,7.22514597,"1"
2031,5,26,146,7.924009086,"1"
2031,5,27,147,8.729685342,"1"
2031,5,28,148,9.510947166,"1"
2031,5,29,149,8.03387403,"1"
2031,5,30,150,8.882275542,"1"
2031,5,31,151,9.367512378,"1"
2032,5,1,122,1.493858058,"1"
2032,5,2,123,1.463340018,"1"
2032,5,3,124,1.59456759,"1"
2032,5,4,125,2.015716542,"1"
2032,5,5,126,3.141832218,"1"
2032,5,6,127,3.251697162,"1"
2032,5,7,128,2.766460326,"1"
2032,5,8,129,3.422598186,"1"
2032,5,9,130,4.710459474,"1"
2032,5,10,131,4.774547358,"1"
2032,5,11,132,4.64637159,"1"
2032,5,12,133,3.825436314,"1"
2032,5,13,134,5.156022858,"1"
2032,5,14,135,5.79079809,"1"
2032,5,15,136,5.50087671,"1"
2032,5,16,137,6.993208866,"1"
2032,5,17,138,6.318760182,"1"
2032,5,18,139,6.272983122,"1"
2032,5,19,140,6.276034926,"1"
2032,5,20,141,6.306552966,"1"
2032,5,21,142,6.79789341,"1"
2032,5,22,143,7.219042362,"1"
2032,5,23,144,7.34721813,"1"
2032,5,24,145,8.35431345,"1"
2032,5,25,146,8.387883294,"1"
2032,5,26,147,7.737849042,"1"
2032,5,27,148,8.540473494,"1"
2032,5,28,149,8.09491011,"1"
2032,5,29,150,9.373615986,"1"
2032,5,30,151,9.825282978,"1"
2032,5,31,152,9.98702859,"1"
2033,5,1,121,1.667810886,"1"
2033,5,2,122,2.284275294,"1"
2033,5,3,123,2.339207766,"1"
2033,5,4,124,1.988250306,"1"
2033,5,5,125,1.017776634,"1"
2033,5,6,126,1.942473246,"1"
2033,5,7,127,2.351414982,"1"
2033,5,8,128,2.90684331,"1"
2033,5,9,129,3.282215202,"1"
2033,5,10,130,4.02075177,"1"
2033,5,11,131,3.80712549,"1"
2033,5,12,132,4.411382682,"1"
2033,5,13,133,4.322880366,"1"
2033,5,14,134,3.703364154,"1"
2033,5,15,135,4.118409498,"1"
2033,5,16,136,4.670786022,"1"
2033,5,17,137,5.342182902,"1"
2033,5,18,138,7.319751894,"1"
2033,5,19,139,8.006407794,"1"
2033,5,20,140,7.136643654,"1"
2033,5,21,141,7.643243118,"1"
2033,5,22,142,7.048141338,"1"
2033,5,23,143,5.360493726,"1"
2033,5,24,144,5.626000674,"1"
2033,5,25,145,6.611733366,"1"
2033,5,26,146,7.246508598,"1"
2033,5,27,147,7.380787974,"1"
2033,5,28,148,8.464178394,"1"
2033,5,29,149,9.855801018,"1"
2033,5,30,150,9.523154382,"1"
2033,5,31,151,9.098953626,"1"
2034,5,1,121,1.896696186,"1"
2034,5,2,122,1.298542602,"1"
2034,5,3,123,1.149004206,"1"
2034,5,4,124,1.719691554,"1"
2034,5,5,125,1.478599038,"1"
2034,5,6,126,1.933317834,"1"
2034,5,7,127,2.384984826,"1"
2034,5,8,128,2.314793334,"1"
2034,5,9,129,1.979094894,"1"
2034,5,10,130,3.39513195,"1"
2034,5,11,131,4.24963707,"1"
2034,5,12,132,4.313724954,"1"
2034,5,13,133,5.702295774,"1"
2034,5,14,134,5.68398495,"1"
2034,5,15,135,4.777599162,"1"
2034,5,16,136,4.896619518,"1"
2034,5,17,137,6.596474346,"1"
2034,5,18,138,7.005416082,"1"
2034,5,19,139,5.934232878,"1"
2034,5,20,140,6.559852698,"1"
2034,5,21,141,7.283130246,"1"
2034,5,22,142,7.88128383,"1"
2034,5,23,143,8.604561378,"1"
2034,5,24,144,9.355305162,"1"
2034,5,25,145,8.174257014,"1"
2034,5,26,146,7.30144107,"1"
2034,5,27,147,7.783626102,"1"
2034,5,28,148,8.729685342,"1"
2034,5,29,149,8.534369886,"1"
2034,5,30,150,8.281070154,"1"
2034,5,31,151,8.12542815,"1"
2035,5,1,121,1.133745186,"1"
2035,5,2,122,1.57930857,"1"
2035,5,3,123,1.795986654,"1"
2035,5,4,124,1.750209594,"1"
2035,5,5,125,1.51827249,"1"
2035,5,6,126,1.936369638,"1"
2035,5,7,127,2.766460326,"1"
2035,5,8,128,3.602654622,"1"
2035,5,9,129,4.658578806,"1"
2035,5,10,130,5.833523346,"1"
2035,5,11,131,5.583275418,"1"
2035,5,12,132,5.278095018,"1"
2035,5,13,133,5.009536266,"1"
2035,5,14,134,4.216067226,"1"
2035,5,15,135,4.673837826,"1"
2035,5,16,136,5.83657515,"1"
2035,5,17,137,6.468298578,"1"
2035,5,18,138,5.909818446,"1"
2035,5,19,139,6.297397554,"1"
2035,5,20,140,7.280078442,"1"
2035,5,21,141,7.490652918,"1"
2035,5,22,142,7.801936926,"1"
2035,5,23,143,8.436712158,"1"
2035,5,24,144,9.59029407,"1"
2035,5,25,145,9.642174738,"1"
2035,5,26,146,7.78972971,"1"
2035,5,27,147,8.500800042,"1"
2035,5,28,148,8.091858306,"1"
2035,5,29,149,8.744944362,"1"
2035,5,30,150,8.876171934,"1"
2035,5,31,151,8.17120521,"1"
2036,5,1,122,1.676966298,"1"
2036,5,2,123,2.757304914,"1"
2036,5,3,124,2.299534314,"1"
2036,5,4,125,1.41145935,"1"
2036,5,5,126,1.878385362,"1"
2036,5,6,127,2.946516762,"1"
2036,5,7,128,3.572136582,"1"
2036,5,8,129,3.163194846,"1"
2036,5,9,130,3.846798942,"1"
2036,5,10,131,3.099106962,"1"
2036,5,11,132,4.216067226,"1"
2036,5,12,133,4.374761034,"1"
2036,5,13,134,5.082779562,"1"
2036,5,14,135,6.086823078,"1"
2036,5,15,136,6.047149626,"1"
2036,5,16,137,4.780650966,"1"
2036,5,17,138,5.571068202,"1"
2036,5,18,139,6.79789341,"1"
2036,5,19,140,6.483557598,"1"
2036,5,20,141,5.299457646,"1"
2036,5,21,142,5.534446554,"1"
2036,5,22,143,6.465246774,"1"
2036,5,23,144,8.519110866,"1"
2036,5,24,145,7.405202406,"1"
2036,5,25,146,8.027770422,"1"
2036,5,26,147,8.027770422,"1"
2036,5,27,148,8.763255186,"1"
2036,5,28,149,7.908750066,"1"
2036,5,29,150,8.955518838,"1"
2036,5,30,151,9.752039682,"1"
2036,5,31,152,9.861904626,"1"
2037,5,1,121,-0.651560154,"1"
2037,5,2,122,1.063553694,"1"
2037,5,3,123,2.580300282,"1"
2037,5,4,124,2.561989458,"1"
2037,5,5,125,1.448080998,"1"
2037,5,6,126,1.689173514,"1"
2037,5,7,127,2.638284558,"1"
2037,5,8,128,3.071640726,"1"
2037,5,9,129,3.953612082,"1"
2037,5,10,130,3.477530658,"1"
2037,5,11,131,3.572136582,"1"
2037,5,12,132,4.57007649,"1"
2037,5,13,133,4.55481747,"1"
2037,5,14,134,4.042114398,"1"
2037,5,15,135,3.721674978,"1"
2037,5,16,136,4.069580634,"1"
2037,5,17,137,4.87525689,"1"
2037,5,18,138,6.486609402,"1"
2037,5,19,139,7.569999822,"1"
2037,5,20,140,6.959639022,"1"
2037,5,21,141,7.689020178,"1"
2037,5,22,142,8.329899018,"1"
2037,5,23,143,8.665597458,"1"
2037,5,24,144,8.439763962,"1"
2037,5,25,145,6.718546506,"1"
2037,5,26,146,6.617836974,"1"
2037,5,27,147,8.723581734,"1"
2037,5,28,148,9.78866133,"1"
2037,5,29,149,8.741892558,"1"
2037,5,30,150,9.806972154,"1"
2037,5,31,151,9.977873178,"1"
2038,5,1,121,2.384984826,"1"
2038,5,2,122,2.992293822,"1"
2038,5,3,123,2.824444602,"1"
2038,5,4,124,2.543678634,"1"
2038,5,5,125,3.431753598,"1"
2038,5,6,126,2.470435338,"1"
2038,5,7,127,2.427710082,"1"
2038,5,8,128,3.843747138,"1"
2038,5,9,129,5.079727758,"1"
2038,5,10,130,4.64637159,"1"
2038,5,11,131,4.695200454,"1"
2038,5,12,132,5.97390633,"1"
2038,5,13,133,6.09597849,"1"
2038,5,14,134,4.896619518,"1"
2038,5,15,135,4.148927538,"1"
2038,5,16,136,5.98916535,"1"
2038,5,17,137,7.22514597,"1"
2038,5,18,138,6.730753722,"1"
2038,5,19,139,6.102082098,"1"
2038,5,20,140,7.243456794,"1"
2038,5,21,141,8.464178394,"1"
2038,5,22,142,8.381779686,"1"
2038,5,23,143,7.750056258,"1"
2038,5,24,144,6.849774078,"1"
2038,5,25,145,7.533378174,"1"
2038,5,26,146,8.085754698,"1"
2038,5,27,147,8.107117326,"1"
2038,5,28,148,9.404134026,"1"
2038,5,29,149,8.665597458,"1"
2038,5,30,150,8.747996166,"1"
2038,5,31,151,9.51399897,"1"
2039,5,1,121,0.627145722,"1"
2039,5,2,122,0.700389018,"1"
2039,5,3,123,0.99946581,"1"
2039,5,4,124,1.161211422,"1"
2039,5,5,125,0.993362202,"1"
2039,5,6,126,2.009612934,"1"
2039,5,7,127,2.714579658,"1"
2039,5,8,128,2.867169858,"1"
2039,5,9,129,1.91500701,"1"
2039,5,10,130,2.772563934,"1"
2039,5,11,131,3.312733242,"1"
2039,5,12,132,4.55481747,"1"
2039,5,13,133,4.911878538,"1"
2039,5,14,134,5.571068202,"1"
2039,5,15,135,6.303501162,"1"
2039,5,16,136,5.458151454,"1"
2039,5,17,137,4.567024686,"1"
2039,5,18,138,5.644311498,"1"
2039,5,19,139,5.854885974,"1"
2039,5,20,140,6.254672298,"1"
2039,5,21,141,7.289233854,"1"
2039,5,22,142,7.035934122,"1"
2039,5,23,143,8.009459598,"1"
2039,5,24,144,8.403142314,"1"
2039,5,25,145,7.884335634,"1"
2039,5,26,146,8.982985074,"1"
2039,5,27,147,8.503851846,"1"
2039,5,28,148,6.694132074,"1"
2039,5,29,149,6.788737998,"1"
2039,5,30,150,9.062331978,"1"
2039,5,31,151,9.404134026,"1"
2040,5,1,122,1.551842334,"1"
2040,5,2,123,1.936369638,"1"
2040,5,3,124,2.09811525,"1"
2040,5,4,125,2.894636094,"1"
2040,5,5,126,2.86106625,"1"
2040,5,6,127,2.183565762,"1"
2040,5,7,128,3.117417786,"1"
2040,5,8,129,2.549782242,"1"
2040,5,9,130,4.026855378,"1"
2040,5,10,131,5.146867446,"1"
2040,5,11,132,4.82947983,"1"
2040,5,12,133,4.243533462,"1"
2040,5,13,134,4.423589898,"1"
2040,5,14,135,5.049209718,"1"
2040,5,15,136,4.887464106,"1"
2040,5,16,137,5.629052478,"1"
2040,5,17,138,6.144807354,"1"
2040,5,18,139,6.489661206,"1"
2040,5,19,140,6.90470655,"1"
2040,5,20,141,8.366520666,"1"
2040,5,21,142,8.378727882,"1"
2040,5,22,143,7.40825421,"1"
2040,5,23,144,8.805980442,"1"
2040,5,24,145,8.876171934,"1"
2040,5,25,146,7.368580758,"1"
2040,5,26,147,8.20172325,"1"
2040,5,27,148,9.297320886,"1"
2040,5,28,149,8.693063694,"1"
2040,5,29,150,9.120316254,"1"
2040,5,30,151,9.428548458,"1"
2040,5,31,152,7.908750066,"1"
2041,5,1,121,1.50301347,"1"
2041,5,2,122,3.60875823,"1"
2041,5,3,123,2.656595382,"1"
2041,5,4,124,1.615930218,"1"
2041,5,5,125,3.035019078,"1"
2041,5,6,126,2.96787939,"1"
2041,5,7,127,3.617913642,"1"
2041,5,8,128,4.353398406,"1"
2041,5,9,129,4.957655598,"1"
2041,5,10,130,5.308613058,"1"
2041,5,11,131,5.803005306,"1"
2041,5,12,132,4.582283706,"1"
2041,5,13,133,5.42458161,"1"
2041,5,14,134,5.488669494,"1"
2041,5,15,135,5.60768985,"1"
2041,5,16,136,5.641259694,"1"
2041,5,17,137,6.803997018,"1"
2041,5,18,138,6.120392922,"1"
2041,5,19,139,6.17227359,"1"
2041,5,20,140,6.392003478,"1"
2041,5,21,141,6.666665838,"1"
2041,5,22,142,7.45403127,"1"
2041,5,23,143,7.10307381,"1"
2041,5,24,144,7.36247715,"1"
2041,5,25,145,6.822307842,"1"
2041,5,26,146,6.831463254,"1"
2041,5,27,147,7.219042362,"1"
2041,5,28,148,8.427556746,"1"
2041,5,29,149,9.114212646,"1"
2041,5,30,150,9.355305162,"1"
2041,5,31,151,9.324787122,"1"
2042,5,1,121,1.77767583,"1"
2042,5,2,122,1.704432534,"1"
2042,5,3,123,1.969939482,"1"
2042,5,4,124,2.149995918,"1"
2042,5,5,125,2.92210233,"1"
2042,5,6,126,3.175402062,"1"
2042,5,7,127,2.595559302,"1"
2042,5,8,128,2.549782242,"1"
2042,5,9,129,3.324940458,"1"
2042,5,10,130,4.365605622,"1"
2042,5,11,131,4.170290166,"1"
2042,5,12,132,4.06652883,"1"
2042,5,13,133,3.480582462,"1"
2042,5,14,134,2.955672174,"1"
2042,5,15,135,3.996337338,"1"
2042,5,16,136,4.14282393,"1"
2042,5,17,137,5.781642678,"1"
2042,5,18,138,5.009536266,"1"
2042,5,19,139,5.854885974,"1"
2042,5,20,140,6.41641791,"1"
2042,5,21,141,6.819256038,"1"
2042,5,22,142,7.249560402,"1"
2042,5,23,143,8.436712158,"1"
2042,5,24,144,8.97993327,"1"
2042,5,25,145,8.11016913,"1"
2042,5,26,146,7.704279198,"1"
2042,5,27,147,8.149842582,"1"
2042,5,28,148,8.610664986,"1"
2042,5,29,149,8.821239462,"1"
2042,5,30,150,9.312579906,"1"
2042,5,31,151,10.160981418,"1"
2043,5,1,121,1.707484338,"1"
2043,5,2,122,1.387044918,"1"
2043,5,3,123,1.957732266,"1"
2043,5,4,124,2.366674002,"1"
2043,5,5,125,3.886472394,"1"
2043,5,6,126,5.305561254,"1"
2043,5,7,127,5.015639874,"1"
2043,5,8,128,4.679941434,"1"
2043,5,9,129,5.098038582,"1"
2043,5,10,130,4.423589898,"1"
2043,5,11,131,5.296405842,"1"
2043,5,12,132,4.765391946,"1"
2043,5,13,133,5.693140362,"1"
2043,5,14,134,6.474402186,"1"
2043,5,15,135,5.79079809,"1"
2043,5,16,136,6.404210694,"1"
2043,5,17,137,7.100022006,"1"
2043,5,18,138,7.069503966,"1"
2043,5,19,139,6.880292118,"1"
2043,5,20,140,6.95048361,"1"
2043,5,21,141,6.883343922,"1"
2043,5,22,142,6.404210694,"1"
2043,5,23,143,8.158997994,"1"
2043,5,24,144,7.95757893,"1"
2043,5,25,145,8.375676078,"1"
2043,5,26,146,9.489584538,"1"
2043,5,27,147,9.92599251,"1"
2043,5,28,148,9.584190462,"1"
2043,5,29,149,9.892422666,"1"
2043,5,30,150,10.325778834,"1"
2043,5,31,151,10.133515182,"1"
2044,5,1,122,1.887540774,"1"
2044,5,2,123,1.405355742,"1"
2044,5,3,124,1.860074538,"1"
2044,5,4,125,1.911955206,"1"
2044,5,5,126,3.45616803,"1"
2044,5,6,127,3.694208742,"1"
2044,5,7,128,4.640267982,"1"
2044,5,8,129,4.023803574,"1"
2044,5,9,130,3.947508474,"1"
2044,5,10,131,4.808117202,"1"
2044,5,11,132,4.197756402,"1"
2044,5,12,133,4.426641702,"1"
2044,5,13,134,4.307621346,"1"
2044,5,14,135,4.258792482,"1"
2044,5,15,136,4.805065398,"1"
2044,5,16,137,5.116349406,"1"
2044,5,17,138,5.690088558,"1"
2044,5,18,139,5.464255062,"1"
2044,5,19,140,6.395055282,"1"
2044,5,20,141,6.419469714,"1"
2044,5,21,142,7.624932294,"1"
2044,5,22,143,7.417409622,"1"
2044,5,23,144,8.412297726,"1"
2044,5,24,145,8.15594619,"1"
2044,5,25,146,7.832454966,"1"
2044,5,26,147,8.07965109,"1"
2044,5,27,148,8.287173762,"1"
2044,5,28,149,8.006407794,"1"
2044,5,29,150,8.830394874,"1"
2044,5,30,151,8.93415621,"1"
2044,5,31,152,9.181352334,"1"
2045,5,1,121,0.810253962,"1"
2045,5,2,122,0.935377926,"1"
2045,5,3,123,0.990310398,"1"
2045,5,4,124,1.185625854,"1"
2045,5,5,125,1.972991286,"1"
2045,5,6,126,1.963835874,"1"
2045,5,7,127,2.467383534,"1"
2045,5,8,128,3.236438142,"1"
2045,5,9,129,3.56298117,"1"
2045,5,10,130,4.85999787,"1"
2045,5,11,131,5.18043729,"1"
2045,5,12,132,4.14282393,"1"
2045,5,13,133,3.599602818,"1"
2045,5,14,134,4.72266669,"1"
2045,5,15,135,5.525291142,"1"
2045,5,16,136,5.494773102,"1"
2045,5,17,137,5.616845262,"1"
2045,5,18,138,6.41641791,"1"
2045,5,19,139,6.32486379,"1"
2045,5,20,140,7.579155234,"1"
2045,5,21,141,7.862973006,"1"
2045,5,22,142,8.351261646,"1"
2045,5,23,143,7.374684366,"1"
2045,5,24,144,7.08781479,"1"
2045,5,25,145,7.386891582,"1"
2045,5,26,146,7.512015546,"1"
2045,5,27,147,7.862973006,"1"
2045,5,28,148,8.53742169,"1"
2045,5,29,149,8.76630699,"1"
2045,5,30,150,8.320743606,"1"
2045,5,31,151,9.480429126,"1"
2046,5,1,121,3.447012618,"1"
2046,5,2,122,2.09811525,"1"
2046,5,3,123,2.507056986,"1"
2046,5,4,124,2.729838678,"1"
2046,5,5,125,2.824444602,"1"
2046,5,6,126,3.18150567,"1"
2046,5,7,127,2.149995918,"1"
2046,5,8,128,2.165254938,"1"
2046,5,9,129,2.73899409,"1"
2046,5,10,130,4.008544554,"1"
2046,5,11,131,4.609749942,"1"
2046,5,12,132,3.099106962,"1"
2046,5,13,133,3.82238451,"1"
2046,5,14,134,4.390020054,"1"
2046,5,15,135,4.026855378,"1"
2046,5,16,136,5.40932259,"1"
2046,5,17,137,5.86709319,"1"
2046,5,18,138,6.09597849,"1"
2046,5,19,139,5.48561769,"1"
2046,5,20,140,5.534446554,"1"
2046,5,21,141,6.053253234,"1"
2046,5,22,142,6.651406818,"1"
2046,5,23,143,6.73685733,"1"
2046,5,24,144,7.032882318,"1"
2046,5,25,145,7.185472518,"1"
2046,5,26,146,7.151902674,"1"
2046,5,27,147,6.440832342,"1"
2046,5,28,148,8.070495678,"1"
2046,5,29,149,8.00335599,"1"
2046,5,30,150,6.90470655,"1"
2046,5,31,151,7.51506735,"1"
2047,5,1,121,3.21202371,"1"
2047,5,2,122,2.500953378,"1"
2047,5,3,123,3.492789678,"1"
2047,5,4,124,3.160143042,"1"
2047,5,5,125,3.416494578,"1"
2047,5,6,126,3.022811862,"1"
2047,5,7,127,3.477530658,"1"
2047,5,8,128,3.590447406,"1"
2047,5,9,129,2.711527854,"1"
2047,5,10,130,4.64637159,"1"
2047,5,11,131,4.698252258,"1"
2047,5,12,132,4.802013594,"1"
2047,5,13,133,5.357441922,"1"
2047,5,14,134,4.774547358,"1"
2047,5,15,135,4.46326335,"1"
2047,5,16,136,4.53955845,"1"
2047,5,17,137,5.726710206,"1"
2047,5,18,138,6.837566862,"1"
2047,5,19,139,7.77447069,"1"
2047,5,20,140,6.224154258,"1"
2047,5,21,141,6.779582586,"1"
2047,5,22,142,6.404210694,"1"
2047,5,23,143,7.295337462,"1"
2047,5,24,144,9.013503114,"1"
2047,5,25,145,9.89547447,"1"
2047,5,26,146,8.574043338,"1"
2047,5,27,147,8.412297726,"1"
2047,5,28,148,9.205766766,"1"
2047,5,29,149,8.668649262,"1"
2047,5,30,150,9.050124762,"1"
2047,5,31,151,9.57503505,"1"
2048,5,1,122,0.703440822,"1"
2048,5,2,123,1.011673026,"1"
2048,5,3,124,0.962844162,"1"
2048,5,4,125,2.015716542,"1"
2048,5,5,126,1.499961666,"1"
2048,5,6,127,2.66269899,"1"
2048,5,7,128,3.886472394,"1"
2048,5,8,129,2.775615738,"1"
2048,5,9,130,3.569084778,"1"
2048,5,10,131,4.96681101,"1"
2048,5,11,132,6.221102454,"1"
2048,5,12,133,6.58426713,"1"
2048,5,13,134,6.727701918,"1"
2048,5,14,135,6.181429002,"1"
2048,5,15,136,4.777599162,"1"
2048,5,16,137,5.067520542,"1"
2048,5,17,138,5.687036754,"1"
2048,5,18,139,7.20988695,"1"
2048,5,19,140,7.731745434,"1"
2048,5,20,141,7.307544678,"1"
2048,5,21,142,6.95048361,"1"
2048,5,22,143,7.59136245,"1"
2048,5,23,144,7.624932294,"1"
2048,5,24,145,8.604561378,"1"
2048,5,25,146,8.076599286,"1"
2048,5,26,147,7.57610343,"1"
2048,5,27,148,7.411306014,"1"
2048,5,28,149,8.12542815,"1"
2048,5,29,150,8.61371679,"1"
2048,5,30,151,10.112152554,"1"
2048,5,31,152,10.316623422,"1"
2049,5,1,121,0.416571246,"1"
2049,5,2,122,1.417562958,"1"
2049,5,3,123,1.881437166,"1"
2049,5,4,124,2.455176318,"1"
2049,5,5,125,2.970931194,"1"
2049,5,6,126,3.398183754,"1"
2049,5,7,127,3.282215202,"1"
2049,5,8,128,3.44090901,"1"
2049,5,9,129,4.222170834,"1"
2049,5,10,130,5.268939606,"1"
2049,5,11,131,3.764400234,"1"
2049,5,12,132,4.35645021,"1"
2049,5,13,133,5.125504818,"1"
2049,5,14,134,6.037994214,"1"
2049,5,15,135,5.687036754,"1"
2049,5,16,136,6.083771274,"1"
2049,5,17,137,5.626000674,"1"
2049,5,18,138,6.67582125,"1"
2049,5,19,139,7.780574298,"1"
2049,5,20,140,7.573051626,"1"
2049,5,21,141,7.411306014,"1"
2049,5,22,142,7.43877225,"1"
2049,5,23,143,7.884335634,"1"
2049,5,24,144,9.321735318,"1"
2049,5,25,145,9.596397678,"1"
2049,5,26,146,9.65133015,"1"
2049,5,27,147,10.783549434,"1"
2049,5,28,148,10.817119278,"1"
2049,5,29,149,10.00228761,"1"
2049,5,30,150,10.081634514,"1"
2049,5,31,151,10.804912062,"1"
2050,5,1,121,1.417562958,"1"
2050,5,2,122,1.82345289,"1"
2050,5,3,123,2.211031998,"1"
2050,5,4,124,2.668802598,"1"
2050,5,5,125,2.116426074,"1"
2050,5,6,126,3.28831881,"1"
2050,5,7,127,3.492789678,"1"
2050,5,8,128,3.31883685,"1"
2050,5,9,129,3.99023373,"1"
2050,5,10,130,4.625008962,"1"
2050,5,11,131,4.914930342,"1"
2050,5,12,132,4.490729586,"1"
2050,5,13,133,4.350346602,"1"
2050,5,14,134,3.282215202,"1"
2050,5,15,135,3.712519566,"1"
2050,5,16,136,4.856946066,"1"
2050,5,17,137,6.453039558,"1"
2050,5,18,138,5.735865618,"1"
2050,5,19,139,5.857937778,"1"
2050,5,20,140,6.428625126,"1"
2050,5,21,141,7.447927662,"1"
2050,5,22,142,7.780574298,"1"
2050,5,23,143,8.332950822,"1"
2050,5,24,144,8.122376346,"1"
2050,5,25,145,8.174257014,"1"
2050,5,26,146,8.580146946,"1"
2050,5,27,147,8.09491011,"1"
2050,5,28,148,8.55268071,"1"
2050,5,29,149,8.90363817,"1"
2050,5,30,150,10.035857454,"1"
2050,5,31,151,10.457006406,"1"
2051,5,1,121,0.654611958,"1"
2051,5,2,122,0.810253962,"1"
2051,5,3,123,1.734950574,"1"
2051,5,4,124,2.809185582,"1"
2051,5,5,125,1.73189877,"1"
2051,5,6,126,2.711527854,"1"
2051,5,7,127,3.70031235,"1"
2051,5,8,128,4.090943262,"1"
2051,5,9,129,5.22621435,"1"
2051,5,10,130,5.461203258,"1"
2051,5,11,131,5.427633414,"1"
2051,5,12,132,4.771495554,"1"
2051,5,13,133,4.487677782,"1"
2051,5,14,134,4.499884998,"1"
2051,5,15,135,5.473410474,"1"
2051,5,16,136,5.156022858,"1"
2051,5,17,137,4.899671322,"1"
2051,5,18,138,5.769435462,"1"
2051,5,19,139,6.501868422,"1"
2051,5,20,140,7.380787974,"1"
2051,5,21,141,7.936216302,"1"
2051,5,22,142,7.862973006,"1"
2051,5,23,143,7.95757893,"1"
2051,5,24,144,8.516059062,"1"
2051,5,25,145,9.306476298,"1"
2051,5,26,146,8.607613182,"1"
2051,5,27,147,8.250552114,"1"
2051,5,28,148,8.29327737,"1"
2051,5,29,149,8.35431345,"1"
2051,5,30,150,8.574043338,"1"
2051,5,31,151,9.456014694,"1"
2052,5,1,122,0.050354766,"1"
2052,5,2,123,0.807202158,"1"
2052,5,3,124,0.889600866,"1"
2052,5,4,125,1.60982661,"1"
2052,5,5,126,2.397192042,"1"
2052,5,6,127,3.21202371,"1"
2052,5,7,128,3.285267006,"1"
2052,5,8,129,4.58533551,"1"
2052,5,9,130,5.177385486,"1"
2052,5,10,131,6.196688022,"1"
2052,5,11,132,6.321811986,"1"
2052,5,12,133,4.914930342,"1"
2052,5,13,134,4.72266669,"1"
2052,5,14,135,5.510032122,"1"
2052,5,15,136,5.40932259,"1"
2052,5,16,137,5.467306866,"1"
2052,5,17,138,5.842678758,"1"
2052,5,18,139,5.65346691,"1"
2052,5,19,140,5.86709319,"1"
2052,5,20,141,6.330967398,"1"
2052,5,21,142,8.403142314,"1"
2052,5,22,143,7.734797238,"1"
2052,5,23,144,7.722590022,"1"
2052,5,24,145,8.165101602,"1"
2052,5,25,146,8.85786111,"1"
2052,5,26,147,8.357365254,"1"
2052,5,27,148,8.699167302,"1"
2052,5,28,149,9.86495643,"1"
2052,5,29,150,9.776454114,"1"
2052,5,30,151,10.164033222,"1"
2052,5,31,152,9.977873178,"1"
2053,5,1,121,0.889600866,"1"
2053,5,2,122,1.463340018,"1"
2053,5,3,123,2.058441798,"1"
2053,5,4,124,1.576256766,"1"
2053,5,5,125,2.153047722,"1"
2053,5,6,126,1.924162422,"1"
2053,5,7,127,2.317845138,"1"
2053,5,8,128,2.851910838,"1"
2053,5,9,129,3.691156938,"1"
2053,5,10,130,4.078736046,"1"
2053,5,11,131,3.895627806,"1"
2053,5,12,132,3.697260546,"1"
2053,5,13,133,4.881360498,"1"
2053,5,14,134,6.025786998,"1"
2053,5,15,135,5.543601966,"1"
2053,5,16,136,4.95155199,"1"
2053,5,17,137,4.872205086,"1"
2053,5,18,138,6.190584414,"1"
2053,5,19,139,6.14175555,"1"
2053,5,20,140,5.80605711,"1"
2053,5,21,141,5.448996042,"1"
2053,5,22,142,6.58426713,"1"
2053,5,23,143,6.831463254,"1"
2053,5,24,144,8.44586757,"1"
2053,5,25,145,9.340046142,"1"
2053,5,26,146,8.976881466,"1"
2053,5,27,147,9.187455942,"1"
2053,5,28,148,9.233233002,"1"
2053,5,29,149,9.324787122,"1"
2053,5,30,150,9.84969741,"1"
2053,5,31,151,11.644158162,"1"
2054,5,1,121,1.161211422,"1"
2054,5,2,122,1.155107814,"1"
2054,5,3,123,1.44197739,"1"
2054,5,4,124,1.588463982,"1"
2054,5,5,125,1.173418638,"1"
2054,5,6,126,2.583352086,"1"
2054,5,7,127,3.352406694,"1"
2054,5,8,128,3.950560278,"1"
2054,5,9,129,3.401235558,"1"
2054,5,10,130,3.764400234,"1"
2054,5,11,131,3.920042238,"1"
2054,5,12,132,3.504996894,"1"
2054,5,13,133,4.15808295,"1"
2054,5,14,134,4.670786022,"1"
2054,5,15,135,5.000380854,"1"
2054,5,16,136,6.163118178,"1"
2054,5,17,137,5.299457646,"1"
2054,5,18,138,5.281146822,"1"
2054,5,19,139,6.474402186,"1"
2054,5,20,140,6.059356842,"1"
2054,5,21,141,6.242465082,"1"
2054,5,22,142,6.007476174,"1"
2054,5,23,143,7.862973006,"1"
2054,5,24,144,8.01861501,"1"
2054,5,25,145,8.000304186,"1"
2054,5,26,146,8.436712158,"1"
2054,5,27,147,8.85786111,"1"
2054,5,28,148,9.477377322,"1"
2054,5,29,149,8.33905443,"1"
2054,5,30,150,8.882275542,"1"
2054,5,31,151,9.523154382,"1"
2055,5,1,121,0.325017126,"1"
2055,5,2,122,1.039139262,"1"
2055,5,3,123,1.71663975,"1"
2055,5,4,124,2.28122349,"1"
2055,5,5,125,2.44907271,"1"
2055,5,6,126,2.702372442,"1"
2055,5,7,127,3.413442774,"1"
2055,5,8,128,4.246585266,"1"
2055,5,9,129,3.663690702,"1"
2055,5,10,130,3.169298454,"1"
2055,5,11,131,3.37987293,"1"
2055,5,12,132,4.270999698,"1"
2055,5,13,133,3.94445667,"1"
2055,5,14,134,4.396123662,"1"
2055,5,15,135,5.56191279,"1"
2055,5,16,136,5.079727758,"1"
2055,5,17,137,5.04310611,"1"
2055,5,18,138,5.864041386,"1"
2055,5,19,139,6.49271301,"1"
2055,5,20,140,5.238421566,"1"
2055,5,21,141,5.51613573,"1"
2055,5,22,142,7.481497506,"1"
2055,5,23,143,7.100022006,"1"
2055,5,24,144,6.834515058,"1"
2055,5,25,145,7.948423518,"1"
2055,5,26,146,9.214922178,"1"
2055,5,27,147,8.390935098,"1"
2055,5,28,148,7.762263474,"1"
2055,5,29,149,6.46219497,"1"
2055,5,30,150,8.577095142,"1"
2055,5,31,151,9.401082222,"1"
2056,5,1,122,1.969939482,"1"
2056,5,2,123,2.092011642,"1"
2056,5,3,124,3.169298454,"1"
2056,5,4,125,3.416494578,"1"
2056,5,5,126,3.443960814,"1"
2056,5,6,127,2.964827586,"1"
2056,5,7,128,2.763408522,"1"
2056,5,8,129,4.109254086,"1"
2056,5,9,130,3.910886826,"1"
2056,5,10,131,5.091934974,"1"
2056,5,11,132,4.38696825,"1"
2056,5,12,133,4.191652794,"1"
2056,5,13,134,4.75318473,"1"
2056,5,14,135,4.84473885,"1"
2056,5,15,136,5.479514082,"1"
2056,5,16,137,4.991225442,"1"
2056,5,17,138,6.102082098,"1"
2056,5,18,139,7.154954478,"1"
2056,5,19,140,7.344166326,"1"
2056,5,20,141,7.658502138,"1"
2056,5,21,142,8.802928638,"1"
2056,5,22,143,9.166093314,"1"
2056,5,23,144,9.062331978,"1"
2056,5,24,145,8.85786111,"1"
2056,5,25,146,7.847713986,"1"
2056,5,26,147,8.07965109,"1"
2056,5,27,148,7.808040534,"1"
2056,5,28,149,8.412297726,"1"
2056,5,29,150,8.467230198,"1"
2056,5,30,151,9.65133015,"1"
2056,5,31,152,8.543525298,"1"
2057,5,1,121,0.563057838,"1"
2057,5,2,122,1.036087458,"1"
2057,5,3,123,1.646448258,"1"
2057,5,4,124,1.374837702,"1"
2057,5,5,125,1.399252134,"1"
2057,5,6,126,2.897687898,"1"
2057,5,7,127,2.84580723,"1"
2057,5,8,128,2.323948746,"1"
2057,5,9,129,2.262912666,"1"
2057,5,10,130,3.376821126,"1"
2057,5,11,131,3.739985802,"1"
2057,5,12,132,3.843747138,"1"
2057,5,13,133,4.84473885,"1"
2057,5,14,134,4.713511278,"1"
2057,5,15,135,4.81422081,"1"
2057,5,16,136,6.245516886,"1"
2057,5,17,137,6.593422542,"1"
2057,5,18,138,5.671777734,"1"
2057,5,19,139,5.342182902,"1"
2057,5,20,140,5.381856354,"1"
2057,5,21,141,6.611733366,"1"
2057,5,22,142,6.703287486,"1"
2057,5,23,143,7.466238486,"1"
2057,5,24,144,7.124436438,"1"
2057,5,25,145,7.182420714,"1"
2057,5,26,146,7.048141338,"1"
2057,5,27,147,7.11833283,"1"
2057,5,28,148,8.677804674,"1"
2057,5,29,149,9.535361598,"1"
2057,5,30,150,10.07858271,"1"
2057,5,31,151,11.183335758,"1"
2058,5,1,121,1.86922995,"1"
2058,5,2,122,1.585412178,"1"
2058,5,3,123,2.473487142,"1"
2058,5,4,124,2.262912666,"1"
2058,5,5,125,1.695277122,"1"
2058,5,6,126,2.076752622,"1"
2058,5,7,127,3.157091238,"1"
2058,5,8,128,3.675897918,"1"
2058,5,9,129,4.283206914,"1"
2058,5,10,130,3.779659254,"1"
2058,5,11,131,3.74608941,"1"
2058,5,12,132,4.060425222,"1"
2058,5,13,133,4.698252258,"1"
2058,5,14,134,5.626000674,"1"
2058,5,15,135,6.349278222,"1"
2058,5,16,136,5.595482634,"1"
2058,5,17,137,5.488669494,"1"
2058,5,18,138,5.037002502,"1"
2058,5,19,139,5.848782366,"1"
2058,5,20,140,6.819256038,"1"
2058,5,21,141,8.030822226,"1"
2058,5,22,142,7.823299554,"1"
2058,5,23,143,7.902646458,"1"
2058,5,24,144,8.921948994,"1"
2058,5,25,145,9.190507746,"1"
2058,5,26,146,8.03387403,"1"
2058,5,27,147,8.198671446,"1"
2058,5,28,148,7.487601114,"1"
2058,5,29,149,9.91073349,"1"
2058,5,30,150,11.015486538,"1"
2058,5,31,151,11.323718742,"1"
2059,5,1,121,0.871290042,"1"
2059,5,2,122,2.153047722,"1"
2059,5,3,123,1.872281754,"1"
2059,5,4,124,1.646448258,"1"
2059,5,5,125,2.351414982,"1"
2059,5,6,126,3.89867961,"1"
2059,5,7,127,5.18043729,"1"
2059,5,8,128,5.885404014,"1"
2059,5,9,129,6.016631586,"1"
2059,5,10,130,5.284198626,"1"
2059,5,11,131,6.511023834,"1"
2059,5,12,132,5.726710206,"1"
2059,5,13,133,5.970854526,"1"
2059,5,14,134,6.11123751,"1"
2059,5,15,135,6.895551138,"1"
2059,5,16,136,8.342106234,"1"
2059,5,17,137,6.30960477,"1"
2059,5,18,138,6.06546045,"1"
2059,5,19,139,7.090866594,"1"
2059,5,20,140,8.030822226,"1"
2059,5,21,141,8.570991534,"1"
2059,5,22,142,8.635079418,"1"
2059,5,23,143,7.557792606,"1"
2059,5,24,144,8.387883294,"1"
2059,5,25,145,9.11726445,"1"
2059,5,26,146,8.500800042,"1"
2059,5,27,147,9.013503114,"1"
2059,5,28,148,8.473333806,"1"
2059,5,29,149,9.507895362,"1"
2059,5,30,150,9.541465206,"1"
2059,5,31,151,9.889370862,"1"
2060,5,1,122,2.467383534,"1"
2060,5,2,123,1.921110618,"1"
2060,5,3,124,2.076752622,"1"
2060,5,4,125,2.75425311,"1"
2060,5,5,126,3.160143042,"1"
2060,5,6,127,3.254748966,"1"
2060,5,7,128,2.89158429,"1"
2060,5,8,129,3.44090901,"1"
2060,5,9,130,3.675897918,"1"
2060,5,10,131,3.44090901,"1"
2060,5,11,132,3.816280902,"1"
2060,5,12,133,4.93629297,"1"
2060,5,13,134,5.766383658,"1"
2060,5,14,135,5.671777734,"1"
2060,5,15,136,5.574120006,"1"
2060,5,16,137,5.308613058,"1"
2060,5,17,138,5.052261522,"1"
2060,5,18,139,6.044097822,"1"
2060,5,19,140,8.439763962,"1"
2060,5,20,141,8.635079418,"1"
2060,5,21,142,8.09491011,"1"
2060,5,22,143,8.378727882,"1"
2060,5,23,144,7.997252382,"1"
2060,5,24,145,7.573051626,"1"
2060,5,25,146,8.082702894,"1"
2060,5,26,147,8.686960086,"1"
2060,5,27,148,9.187455942,"1"
2060,5,28,149,8.952467034,"1"
2060,5,29,150,9.538413402,"1"
2060,5,30,151,10.65842547,"1"
2060,5,31,152,8.967726054,"1"
2061,5,1,121,-0.599679486,"1"
2061,5,2,122,0.990310398,"1"
2061,5,3,123,1.38094131,"1"
2061,5,4,124,1.71663975,"1"
2061,5,5,125,1.908903402,"1"
2061,5,6,126,1.512168882,"1"
2061,5,7,127,1.493858058,"1"
2061,5,8,128,3.202868298,"1"
2061,5,9,129,4.70740767,"1"
2061,5,10,130,3.99023373,"1"
2061,5,11,131,4.429693506,"1"
2061,5,12,132,5.076675954,"1"
2061,5,13,133,5.687036754,"1"
2061,5,14,134,5.116349406,"1"
2061,5,15,135,5.22621435,"1"
2061,5,16,136,5.049209718,"1"
2061,5,17,137,6.626992386,"1"
2061,5,18,138,7.679864766,"1"
2061,5,19,139,7.100022006,"1"
2061,5,20,140,7.243456794,"1"
2061,5,21,141,8.41534953,"1"
2061,5,22,142,8.345158038,"1"
2061,5,23,143,8.763255186,"1"
2061,5,24,144,7.655450334,"1"
2061,5,25,145,7.60662147,"1"
2061,5,26,146,7.92706089,"1"
2061,5,27,147,7.890439242,"1"
2061,5,28,148,8.62897581,"1"
2061,5,29,149,9.410237634,"1"
2061,5,30,150,9.800868546,"1"
2061,5,31,151,8.226137682,"1"
2062,5,1,121,1.149004206,"1"
2062,5,2,122,0.608834898,"1"
2062,5,3,123,0.28229187,"1"
2062,5,4,124,0.508125366,"1"
2062,5,5,125,1.680018102,"1"
2062,5,6,126,3.27305979,"1"
2062,5,7,127,4.472418762,"1"
2062,5,8,128,4.283206914,"1"
2062,5,9,129,4.832531634,"1"
2062,5,10,130,4.557869274,"1"
2062,5,11,131,4.991225442,"1"
2062,5,12,132,5.555809182,"1"
2062,5,13,133,5.305561254,"1"
2062,5,14,134,5.397115374,"1"
2062,5,15,135,5.372700942,"1"
2062,5,16,136,6.022735194,"1"
2062,5,17,137,6.724650114,"1"
2062,5,18,138,6.321811986,"1"
2062,5,19,139,5.787746286,"1"
2062,5,20,140,6.602577954,"1"
2062,5,21,141,6.15701457,"1"
2062,5,22,142,5.97390633,"1"
2062,5,23,143,5.873196798,"1"
2062,5,24,144,7.905698262,"1"
2062,5,25,145,7.981993362,"1"
2062,5,26,146,9.098953626,"1"
2062,5,27,147,8.595405966,"1"
2062,5,28,148,9.776454114,"1"
2062,5,29,149,9.367512378,"1"
2062,5,30,150,8.876171934,"1"
2062,5,31,151,7.954527126,"1"
2063,5,1,121,2.894636094,"1"
2063,5,2,122,3.675897918,"1"
2063,5,3,123,5.259784194,"1"
2063,5,4,124,5.030898894,"1"
2063,5,5,125,4.618905354,"1"
2063,5,6,126,4.50904041,"1"
2063,5,7,127,4.795909986,"1"
2063,5,8,128,5.296405842,"1"
2063,5,9,129,5.177385486,"1"
2063,5,10,130,4.988173638,"1"
2063,5,11,131,4.908826734,"1"
2063,5,12,132,5.45509965,"1"
2063,5,13,133,5.91287025,"1"
2063,5,14,134,5.201799918,"1"
2063,5,15,135,5.091934974,"1"
2063,5,16,136,5.69924397,"1"
2063,5,17,137,6.358433634,"1"
2063,5,18,138,7.59136245,"1"
2063,5,19,139,8.409245922,"1"
2063,5,20,140,8.50690365,"1"
2063,5,21,141,7.420461426,"1"
2063,5,22,142,7.017623298,"1"
2063,5,23,143,7.524222762,"1"
2063,5,24,144,8.464178394,"1"
2063,5,25,145,7.627984098,"1"
2063,5,26,146,8.192567838,"1"
2063,5,27,147,8.88837915,"1"
2063,5,28,148,9.645226542,"1"
2063,5,29,149,8.833446678,"1"
2063,5,30,150,9.33089073,"1"
2063,5,31,151,9.077590998,"1"
2064,5,1,122,0.16021971,"1"
2064,5,2,123,1.618982022,"1"
2064,5,3,124,2.088959838,"1"
2064,5,4,125,1.713587946,"1"
2064,5,5,126,3.495841482,"1"
2064,5,6,127,2.928205938,"1"
2064,5,7,128,2.537575026,"1"
2064,5,8,129,1.835660106,"1"
2064,5,9,130,3.859006158,"1"
2064,5,10,131,4.484625978,"1"
2064,5,11,132,4.542610254,"1"
2064,5,12,133,4.591439118,"1"
2064,5,13,134,4.969862814,"1"
2064,5,14,135,4.85999787,"1"
2064,5,15,136,4.725718494,"1"
2064,5,16,137,5.48561769,"1"
2064,5,17,138,5.986113546,"1"
2064,5,18,139,6.312656574,"1"
2064,5,19,140,7.670709354,"1"
2064,5,20,141,7.411306014,"1"
2064,5,21,142,8.223085878,"1"
2064,5,22,143,7.539481782,"1"
2064,5,23,144,7.420461426,"1"
2064,5,24,145,7.25566401,"1"
2064,5,25,146,7.222094166,"1"
2064,5,26,147,8.36957247,"1"
2064,5,27,148,9.129471666,"1"
2064,5,28,149,9.752039682,"1"
2064,5,29,150,10.746927786,"1"
2064,5,30,151,10.411229346,"1"
2064,5,31,152,9.135575274,"1"
2065,5,1,121,2.223239214,"1"
2065,5,2,122,2.034027366,"1"
2065,5,3,123,2.461279926,"1"
2065,5,4,124,2.192721174,"1"
2065,5,5,125,2.522316006,"1"
2065,5,6,126,2.043182778,"1"
2065,5,7,127,2.424658278,"1"
2065,5,8,128,2.99839743,"1"
2065,5,9,129,3.416494578,"1"
2065,5,10,130,3.660638898,"1"
2065,5,11,131,4.28015511,"1"
2065,5,12,132,4.46326335,"1"
2065,5,13,133,4.484625978,"1"
2065,5,14,134,5.122453014,"1"
2065,5,15,135,6.343174614,"1"
2065,5,16,136,7.811092338,"1"
2065,5,17,137,8.091858306,"1"
2065,5,18,138,6.819256038,"1"
2065,5,19,139,6.803997018,"1"
2065,5,20,140,7.731745434,"1"
2065,5,21,141,7.792781514,"1"
2065,5,22,142,7.43877225,"1"
2065,5,23,143,8.11016913,"1"
2065,5,24,144,7.020675102,"1"
2065,5,25,145,7.753108062,"1"
2065,5,26,146,8.265811134,"1"
2065,5,27,147,9.60555309,"1"
2065,5,28,148,9.919888902,"1"
2065,5,29,149,9.419393046,"1"
2065,5,30,150,8.235293094,"1"
2065,5,31,151,8.357365254,"1"
2066,5,1,121,0.962844162,"1"
2066,5,2,122,0.852979218,"1"
2066,5,3,123,1.268024562,"1"
2066,5,4,124,2.409399258,"1"
2066,5,5,125,3.813229098,"1"
2066,5,6,126,4.121461302,"1"
2066,5,7,127,2.439917298,"1"
2066,5,8,128,3.019760058,"1"
2066,5,9,129,3.523307718,"1"
2066,5,10,130,3.337147674,"1"
2066,5,11,131,3.407339166,"1"
2066,5,12,132,3.492789678,"1"
2066,5,13,133,5.50087671,"1"
2066,5,14,134,6.562904502,"1"
2066,5,15,135,5.491721298,"1"
2066,5,16,136,4.792858182,"1"
2066,5,17,137,5.659570518,"1"
2066,5,18,138,6.517127442,"1"
2066,5,19,139,5.91287025,"1"
2066,5,20,140,7.243456794,"1"
2066,5,21,141,8.012511402,"1"
2066,5,22,142,7.853817594,"1"
2066,5,23,143,6.968794434,"1"
2066,5,24,144,8.540473494,"1"
2066,5,25,145,8.65949385,"1"
2066,5,26,146,9.843593802,"1"
2066,5,27,147,9.169145118,"1"
2066,5,28,148,9.364460574,"1"
2066,5,29,149,9.907681686,"1"
2066,5,30,150,8.931104406,"1"
2066,5,31,151,8.790721422,"1"
2067,5,1,121,0.63324933,"1"
2067,5,2,122,1.539635118,"1"
2067,5,3,123,2.516212398,"1"
2067,5,4,124,2.803081974,"1"
2067,5,5,125,3.834591726,"1"
2067,5,6,126,4.121461302,"1"
2067,5,7,127,4.664682414,"1"
2067,5,8,128,5.18043729,"1"
2067,5,9,129,4.969862814,"1"
2067,5,10,130,5.754176442,"1"
2067,5,11,131,6.956587218,"1"
2067,5,12,132,7.115281026,"1"
2067,5,13,133,7.197679734,"1"
2067,5,14,134,6.987105258,"1"
2067,5,15,135,6.068512254,"1"
2067,5,16,136,5.674829538,"1"
2067,5,17,137,6.29434575,"1"
2067,5,18,138,7.11833283,"1"
2067,5,19,139,7.420461426,"1"
2067,5,20,140,7.969786146,"1"
2067,5,21,141,8.616768594,"1"
2067,5,22,142,8.213930466,"1"
2067,5,23,143,7.396046994,"1"
2067,5,24,144,6.517127442,"1"
2067,5,25,145,7.19462793,"1"
2067,5,26,146,6.877240314,"1"
2067,5,27,147,9.504843558,"1"
2067,5,28,148,8.213930466,"1"
2067,5,29,149,9.611656698,"1"
2067,5,30,150,9.617760306,"1"
2067,5,31,151,8.683908282,"1"
2068,5,1,122,1.707484338,"1"
2068,5,2,123,1.28938719,"1"
2068,5,3,124,1.756313202,"1"
2068,5,4,125,2.946516762,"1"
2068,5,5,126,3.041122686,"1"
2068,5,6,127,3.54772215,"1"
2068,5,7,128,3.239489946,"1"
2068,5,8,129,2.81528919,"1"
2068,5,9,130,2.287327098,"1"
2068,5,10,131,2.879377074,"1"
2068,5,11,132,4.252688874,"1"
2068,5,12,133,4.750132926,"1"
2068,5,13,134,4.887464106,"1"
2068,5,14,135,5.778590874,"1"
2068,5,15,136,5.903714838,"1"
2068,5,16,137,6.623940582,"1"
2068,5,17,138,7.322803698,"1"
2068,5,18,139,6.55374909,"1"
2068,5,19,140,6.254672298,"1"
2068,5,20,141,6.535438266,"1"
2068,5,21,142,6.788737998,"1"
2068,5,22,143,6.803997018,"1"
2068,5,23,144,7.161058086,"1"
2068,5,24,145,8.183412426,"1"
2068,5,25,146,8.70527091,"1"
2068,5,26,147,8.546577102,"1"
2068,5,27,148,9.78866133,"1"
2068,5,28,149,10.081634514,"1"
2068,5,29,150,11.049056382,"1"
2068,5,30,151,9.913785294,"1"
2068,5,31,152,8.317691802,"1"
2069,5,1,121,0.822461178,"1"
2069,5,2,122,1.203936678,"1"
2069,5,3,123,2.183565762,"1"
2069,5,4,124,2.269016274,"1"
2069,5,5,125,2.806133778,"1"
2069,5,6,126,3.004501038,"1"
2069,5,7,127,4.222170834,"1"
2069,5,8,128,3.828488118,"1"
2069,5,9,129,4.26489609,"1"
2069,5,10,130,4.795909986,"1"
2069,5,11,131,5.842678758,"1"
2069,5,12,132,6.47745399,"1"
2069,5,13,133,6.059356842,"1"
2069,5,14,134,5.754176442,"1"
2069,5,15,135,7.356373542,"1"
2069,5,16,136,8.265811134,"1"
2069,5,17,137,8.021666814,"1"
2069,5,18,138,8.00335599,"1"
2069,5,19,139,7.435720446,"1"
2069,5,20,140,7.612725078,"1"
2069,5,21,141,7.615776882,"1"
2069,5,22,142,8.439763962,"1"
2069,5,23,143,8.525214474,"1"
2069,5,24,144,9.144730686,"1"
2069,5,25,145,9.752039682,"1"
2069,5,26,146,9.80392035,"1"
2069,5,27,147,9.990080394,"1"
2069,5,28,148,10.356296874,"1"
2069,5,29,149,11.659417182,"1"
2069,5,30,150,10.450902798,"1"
2069,5,31,151,9.752039682,"1"
2070,5,1,121,1.524376098,"1"
2070,5,2,122,1.97604309,"1"
2070,5,3,123,2.073700818,"1"
2070,5,4,124,2.156099526,"1"
2070,5,5,125,2.269016274,"1"
2070,5,6,126,3.086899746,"1"
2070,5,7,127,2.275119882,"1"
2070,5,8,128,3.39513195,"1"
2070,5,9,129,3.468375246,"1"
2070,5,10,130,3.801021882,"1"
2070,5,11,131,4.316776758,"1"
2070,5,12,132,5.204851722,"1"
2070,5,13,133,4.634164374,"1"
2070,5,14,134,4.643319786,"1"
2070,5,15,135,5.268939606,"1"
2070,5,16,136,7.386891582,"1"
2070,5,17,137,7.261767618,"1"
2070,5,18,138,6.089874882,"1"
2070,5,19,139,4.82947983,"1"
2070,5,20,140,5.442892434,"1"
2070,5,21,141,6.272983122,"1"
2070,5,22,142,7.060348554,"1"
2070,5,23,143,8.296329174,"1"
2070,5,24,144,7.747004454,"1"
2070,5,25,145,7.234301382,"1"
2070,5,26,146,7.39299519,"1"
2070,5,27,147,7.94231991,"1"
2070,5,28,148,9.556724226,"1"
2070,5,29,149,10.402073934,"1"
2070,5,30,150,10.344089658,"1"
2070,5,31,151,11.470205334,"1"
2071,5,1,121,0.941481534,"1"
2071,5,2,122,1.53353151,"1"
2071,5,3,123,1.643396454,"1"
2071,5,4,124,3.755244822,"1"
2071,5,5,125,3.666742506,"1"
2071,5,6,126,3.373769322,"1"
2071,5,7,127,2.323948746,"1"
2071,5,8,128,3.48668607,"1"
2071,5,9,129,3.819332706,"1"
2071,5,10,130,3.468375246,"1"
2071,5,11,131,3.245593554,"1"
2071,5,12,132,3.95971569,"1"
2071,5,13,133,5.107193994,"1"
2071,5,14,134,6.09597849,"1"
2071,5,15,135,6.138703746,"1"
2071,5,16,136,5.665674126,"1"
2071,5,17,137,5.857937778,"1"
2071,5,18,138,6.150910962,"1"
2071,5,19,139,6.230257866,"1"
2071,5,20,140,6.959639022,"1"
2071,5,21,141,8.085754698,"1"
2071,5,22,142,8.464178394,"1"
2071,5,23,143,8.14068717,"1"
2071,5,24,144,8.165101602,"1"
2071,5,25,145,7.780574298,"1"
2071,5,26,146,9.089798214,"1"
2071,5,27,147,9.312579906,"1"
2071,5,28,148,9.81917937,"1"
2071,5,29,149,10.646218254,"1"
2071,5,30,150,9.88021545,"1"
2071,5,31,151,8.952467034,"1"
2072,5,1,122,2.146944114,"1"
2072,5,2,123,2.595559302,"1"
2072,5,3,124,2.259860862,"1"
2072,5,4,125,2.134736898,"1"
2072,5,5,126,2.873273466,"1"
2072,5,6,127,2.009612934,"1"
2072,5,7,128,3.312733242,"1"
2072,5,8,129,3.584343798,"1"
2072,5,9,130,3.92919765,"1"
2072,5,10,131,3.724726782,"1"
2072,5,11,132,4.353398406,"1"
2072,5,12,133,6.010527978,"1"
2072,5,13,134,6.074615862,"1"
2072,5,14,135,5.79079809,"1"
2072,5,15,136,5.030898894,"1"
2072,5,16,137,5.604638046,"1"
2072,5,17,138,6.559852698,"1"
2072,5,18,139,7.396046994,"1"
2072,5,19,140,7.249560402,"1"
2072,5,20,141,7.719538218,"1"
2072,5,21,142,8.381779686,"1"
2072,5,22,143,7.786677906,"1"
2072,5,23,144,7.48454931,"1"
2072,5,24,145,6.648355014,"1"
2072,5,25,146,6.41641791,"1"
2072,5,26,147,7.402150602,"1"
2072,5,27,148,8.311588194,"1"
2072,5,28,149,9.129471666,"1"
2072,5,29,150,9.965665962,"1"
2072,5,30,151,8.577095142,"1"
2072,5,31,152,8.747996166,"1"
2073,5,1,121,1.750209594,"1"
2073,5,2,122,2.81528919,"1"
2073,5,3,123,2.012664738,"1"
2073,5,4,124,3.47142705,"1"
2073,5,5,125,3.73083039,"1"
2073,5,6,126,3.889524198,"1"
2073,5,7,127,5.217058938,"1"
2073,5,8,128,6.041046018,"1"
2073,5,9,129,5.326923882,"1"
2073,5,10,130,4.017699966,"1"
2073,5,11,131,4.698252258,"1"
2073,5,12,132,4.698252258,"1"
2073,5,13,133,4.100098674,"1"
2073,5,14,134,4.41748629,"1"
2073,5,15,135,5.461203258,"1"
2073,5,16,136,7.219042362,"1"
2073,5,17,137,7.289233854,"1"
2073,5,18,138,6.898602942,"1"
2073,5,19,139,7.704279198,"1"
2073,5,20,140,7.313648286,"1"
2073,5,21,141,7.856869398,"1"
2073,5,22,142,8.482489218,"1"
2073,5,23,143,8.451971178,"1"
2073,5,24,144,8.143738974,"1"
2073,5,25,145,8.503851846,"1"
2073,5,26,146,9.629967522,"1"
2073,5,27,147,10.041961062,"1"
2073,5,28,148,8.989088682,"1"
2073,5,29,149,10.298312598,"1"
2073,5,30,150,10.041961062,"1"
2073,5,31,151,9.75814329,"1"
2074,5,1,121,2.336155962,"1"
2074,5,2,122,2.412451062,"1"
2074,5,3,123,2.092011642,"1"
2074,5,4,124,2.165254938,"1"
2074,5,5,125,3.035019078,"1"
2074,5,6,126,2.912946918,"1"
2074,5,7,127,3.093003354,"1"
2074,5,8,128,3.82238451,"1"
2074,5,9,129,3.077744334,"1"
2074,5,10,130,3.42564999,"1"
2074,5,11,131,3.736933998,"1"
2074,5,12,132,3.968871102,"1"
2074,5,13,133,4.11230589,"1"
2074,5,14,134,3.74608941,"1"
2074,5,15,135,4.319828562,"1"
2074,5,16,136,4.57007649,"1"
2074,5,17,137,5.799953502,"1"
2074,5,18,138,6.120392922,"1"
2074,5,19,139,6.269931318,"1"
2074,5,20,140,6.846722274,"1"
2074,5,21,141,7.798885122,"1"
2074,5,22,142,7.512015546,"1"
2074,5,23,143,7.417409622,"1"
2074,5,24,144,8.317691802,"1"
2074,5,25,145,8.891430954,"1"
2074,5,26,146,7.673761158,"1"
2074,5,27,147,7.77447069,"1"
2074,5,28,148,8.699167302,"1"
2074,5,29,149,9.044021154,"1"
2074,5,30,150,9.907681686,"1"
2074,5,31,151,9.916837098,"1"
2075,5,1,121,2.452124514,"1"
2075,5,2,122,2.03707917,"1"
2075,5,3,123,2.351414982,"1"
2075,5,4,124,2.381933022,"1"
2075,5,5,125,2.012664738,"1"
2075,5,6,126,2.592507498,"1"
2075,5,7,127,2.81528919,"1"
2075,5,8,128,2.867169858,"1"
2075,5,9,129,2.943464958,"1"
2075,5,10,130,3.422598186,"1"
2075,5,11,131,4.011596358,"1"
2075,5,12,132,3.355458498,"1"
2075,5,13,133,4.124513106,"1"
2075,5,14,134,5.66872593,"1"
2075,5,15,135,5.244525174,"1"
2075,5,16,136,5.070572346,"1"
2075,5,17,137,5.48561769,"1"
2075,5,18,138,8.143738974,"1"
2075,5,19,139,7.991148774,"1"
2075,5,20,140,7.014571494,"1"
2075,5,21,141,7.710382806,"1"
2075,5,22,142,7.475393898,"1"
2075,5,23,143,7.069503966,"1"
2075,5,24,144,8.088806502,"1"
2075,5,25,145,9.019606722,"1"
2075,5,26,146,8.982985074,"1"
2075,5,27,147,6.977949846,"1"
2075,5,28,148,7.37773617,"1"
2075,5,29,149,8.351261646,"1"
2075,5,30,150,10.481420838,"1"
2075,5,31,151,10.59738939,"1"
2076,5,1,122,2.363622198,"1"
2076,5,2,123,2.833600014,"1"
2076,5,3,124,4.40222727,"1"
2076,5,4,125,3.709467762,"1"
2076,5,5,126,3.797970078,"1"
2076,5,6,127,3.358510302,"1"
2076,5,7,128,4.823376222,"1"
2076,5,8,129,5.037002502,"1"
2076,5,9,130,4.017699966,"1"
2076,5,10,131,3.739985802,"1"
2076,5,11,132,4.34119119,"1"
2076,5,12,133,3.938353062,"1"
2076,5,13,134,4.927137558,"1"
2076,5,14,135,6.30960477,"1"
2076,5,15,136,6.44693595,"1"
2076,5,16,137,6.129548334,"1"
2076,5,17,138,6.916913766,"1"
2076,5,18,139,7.673761158,"1"
2076,5,19,140,7.167161694,"1"
2076,5,20,141,6.877240314,"1"
2076,5,21,142,7.78972971,"1"
2076,5,22,143,8.235293094,"1"
2076,5,23,144,7.487601114,"1"
2076,5,24,145,8.488592826,"1"
2076,5,25,146,8.122376346,"1"
2076,5,26,147,9.336994338,"1"
2076,5,27,148,9.816127566,"1"
2076,5,28,149,9.095901822,"1"
2076,5,29,150,8.595405966,"1"
2076,5,30,151,10.206758478,"1"
2076,5,31,152,10.197603066,"1"
2077,5,1,121,2.93736135,"1"
2077,5,2,122,2.284275294,"1"
2077,5,3,123,3.462271638,"1"
2077,5,4,124,2.47959075,"1"
2077,5,5,125,2.22018741,"1"
2077,5,6,126,4.60059453,"1"
2077,5,7,127,4.115357694,"1"
2077,5,8,128,4.270999698,"1"
2077,5,9,129,3.254748966,"1"
2077,5,10,130,3.187609278,"1"
2077,5,11,131,3.849850746,"1"
2077,5,12,132,5.116349406,"1"
2077,5,13,133,5.314716666,"1"
2077,5,14,134,5.583275418,"1"
2077,5,15,135,6.504920226,"1"
2077,5,16,136,7.032882318,"1"
2077,5,17,137,7.582207038,"1"
2077,5,18,138,5.82131613,"1"
2077,5,19,139,5.458151454,"1"
2077,5,20,140,6.529334658,"1"
2077,5,21,141,7.83550677,"1"
2077,5,22,142,7.875180222,"1"
2077,5,23,143,8.564887926,"1"
2077,5,24,144,8.134583562,"1"
2077,5,25,145,8.073547482,"1"
2077,5,26,146,7.661553942,"1"
2077,5,27,147,7.841610378,"1"
2077,5,28,148,8.213930466,"1"
2077,5,29,149,8.885327346,"1"
2077,5,30,150,10.380711306,"1"
2077,5,31,151,11.149765914,"1"
2078,5,1,121,0.767528706,"1"
2078,5,2,122,1.264972758,"1"
2078,5,3,123,2.516212398,"1"
2078,5,4,124,3.47142705,"1"
2078,5,5,125,3.30357783,"1"
2078,5,6,126,4.228274442,"1"
2078,5,7,127,4.08178785,"1"
2078,5,8,128,4.139772126,"1"
2078,5,9,129,3.804073686,"1"
2078,5,10,130,4.762340142,"1"
2078,5,11,131,5.522239338,"1"
2078,5,12,132,6.32486379,"1"
2078,5,13,133,7.206835146,"1"
2078,5,14,134,6.666665838,"1"
2078,5,15,135,6.501868422,"1"
2078,5,16,136,7.200731538,"1"
2078,5,17,137,7.19462793,"1"
2078,5,18,138,6.663614034,"1"
2078,5,19,139,5.22621435,"1"
2078,5,20,140,6.181429002,"1"
2078,5,21,141,6.26382771,"1"
2078,5,22,142,7.16410989,"1"
2078,5,23,143,6.196688022,"1"
2078,5,24,144,6.953535414,"1"
2078,5,25,145,7.215990558,"1"
2078,5,26,146,8.305484586,"1"
2078,5,27,147,9.001295898,"1"
2078,5,28,148,9.843593802,"1"
2078,5,29,149,9.504843558,"1"
2078,5,30,150,8.81208405,"1"
2078,5,31,151,10.029753846,"1"
2079,5,1,121,2.299534314,"1"
2079,5,2,122,2.763408522,"1"
2079,5,3,123,2.473487142,"1"
2079,5,4,124,3.16624665,"1"
2079,5,5,125,3.010604646,"1"
2079,5,6,126,3.657587094,"1"
2079,5,7,127,3.25780077,"1"
2079,5,8,128,3.617913642,"1"
2079,5,9,129,4.103150478,"1"
2079,5,10,130,5.08888317,"1"
2079,5,11,131,3.794918274,"1"
2079,5,12,132,4.11230589,"1"
2079,5,13,133,4.579231902,"1"
2079,5,14,134,5.83657515,"1"
2079,5,15,135,6.09597849,"1"
2079,5,16,136,5.937284682,"1"
2079,5,17,137,5.339131098,"1"
2079,5,18,138,6.181429002,"1"
2079,5,19,139,7.341114522,"1"
2079,5,20,140,7.829403162,"1"
2079,5,21,141,9.291217278,"1"
2079,5,22,142,10.405125738,"1"
2079,5,23,143,9.059280174,"1"
2079,5,24,144,8.11016913,"1"
2079,5,25,145,8.738840754,"1"
2079,5,26,146,9.764246898,"1"
2079,5,27,147,9.474325518,"1"
2079,5,28,148,9.962614158,"1"
2079,5,29,149,10.127411574,"1"
2079,5,30,150,9.523154382,"1"
2079,5,31,151,9.410237634,"1"
2080,5,1,122,2.687113422,"1"
2080,5,2,123,2.22018741,"1"
2080,5,3,124,2.742045894,"1"
2080,5,4,125,1.307698014,"1"
2080,5,5,126,0.981154986,"1"
2080,5,6,127,1.744105986,"1"
2080,5,7,128,2.485694358,"1"
2080,5,8,129,2.714579658,"1"
2080,5,9,130,3.086899746,"1"
2080,5,10,131,3.483634266,"1"
2080,5,11,132,4.261844286,"1"
2080,5,12,133,3.215075514,"1"
2080,5,13,134,4.002440946,"1"
2080,5,14,135,3.678949722,"1"
2080,5,15,136,4.673837826,"1"
2080,5,16,137,5.452047846,"1"
2080,5,17,138,6.501868422,"1"
2080,5,18,139,6.657510426,"1"
2080,5,19,140,7.283130246,"1"
2080,5,20,141,7.518119154,"1"
2080,5,21,142,6.871136706,"1"
2080,5,22,143,7.158006282,"1"
2080,5,23,144,8.503851846,"1"
2080,5,24,145,9.877163646,"1"
2080,5,25,146,9.633019326,"1"
2080,5,26,147,9.504843558,"1"
2080,5,27,148,10.197603066,"1"
2080,5,28,149,10.365452286,"1"
2080,5,29,150,10.035857454,"1"
2080,5,30,151,10.10910075,"1"
2080,5,31,152,10.118256162,"1"
2081,5,1,121,3.50194509,"1"
2081,5,2,122,1.863126342,"1"
2081,5,3,123,1.377889506,"1"
2081,5,4,124,0.508125366,"1"
2081,5,5,125,1.322957034,"1"
2081,5,6,126,2.455176318,"1"
2081,5,7,127,3.27305979,"1"
2081,5,8,128,3.535514934,"1"
2081,5,9,129,3.550773954,"1"
2081,5,10,130,4.23437805,"1"
2081,5,11,131,5.903714838,"1"
2081,5,12,132,5.558860986,"1"
2081,5,13,133,5.848782366,"1"
2081,5,14,134,6.520179246,"1"
2081,5,15,135,6.486609402,"1"
2081,5,16,136,6.03494241,"1"
2081,5,17,137,6.013579782,"1"
2081,5,18,138,6.016631586,"1"
2081,5,19,139,6.047149626,"1"
2081,5,20,140,6.269931318,"1"
2081,5,21,141,6.941328198,"1"
2081,5,22,142,8.744944362,"1"
2081,5,23,143,10.222017498,"1"
2081,5,24,144,8.586250554,"1"
2081,5,25,145,7.875180222,"1"
2081,5,26,146,8.717478126,"1"
2081,5,27,147,9.770350506,"1"
2081,5,28,148,8.802928638,"1"
2081,5,29,149,8.815135854,"1"
2081,5,30,150,9.279010062,"1"
2081,5,31,151,8.604561378,"1"
2082,5,1,121,1.200884874,"1"
2082,5,2,122,1.316853426,"1"
2082,5,3,123,3.071640726,"1"
2082,5,4,124,2.14389231,"1"
2082,5,5,125,2.153047722,"1"
2082,5,6,126,3.407339166,"1"
2082,5,7,127,4.698252258,"1"
2082,5,8,128,4.444952526,"1"
2082,5,9,129,4.560921078,"1"
2082,5,10,130,3.971922906,"1"
2082,5,11,131,5.05836513,"1"
2082,5,12,132,6.465246774,"1"
2082,5,13,133,5.644311498,"1"
2082,5,14,134,5.94338829,"1"
2082,5,15,135,5.94338829,"1"
2082,5,16,136,6.544593678,"1"
2082,5,17,137,6.84367047,"1"
2082,5,18,138,7.991148774,"1"
2082,5,19,139,8.586250554,"1"
2082,5,20,140,8.336002626,"1"
2082,5,21,141,8.32379541,"1"
2082,5,22,142,8.726633538,"1"
2082,5,23,143,8.546577102,"1"
2082,5,24,144,8.146790778,"1"
2082,5,25,145,9.211870374,"1"
2082,5,26,146,9.71236623,"1"
2082,5,27,147,10.426488366,"1"
2082,5,28,148,10.44479919,"1"
2082,5,29,149,9.31563171,"1"
2082,5,30,150,9.75814329,"1"
2082,5,31,151,8.235293094,"1"
2083,5,1,121,1.283283582,"1"
2083,5,2,122,1.676966298,"1"
2083,5,3,123,2.430761886,"1"
2083,5,4,124,2.934309546,"1"
2083,5,5,125,2.989242018,"1"
2083,5,6,126,3.239489946,"1"
2083,5,7,127,3.57824019,"1"
2083,5,8,128,3.66979431,"1"
2083,5,9,129,4.002440946,"1"
2083,5,10,130,4.090943262,"1"
2083,5,11,131,4.09704687,"1"
2083,5,12,132,6.144807354,"1"
2083,5,13,133,5.986113546,"1"
2083,5,14,134,6.016631586,"1"
2083,5,15,135,6.132600138,"1"
2083,5,16,136,7.283130246,"1"
2083,5,17,137,7.600517862,"1"
2083,5,18,138,6.779582586,"1"
2083,5,19,139,6.70633929,"1"
2083,5,20,140,7.969786146,"1"
2083,5,21,141,7.466238486,"1"
2083,5,22,142,7.792781514,"1"
2083,5,23,143,7.536429978,"1"
2083,5,24,144,8.439763962,"1"
2083,5,25,145,8.513007258,"1"
2083,5,26,146,9.828334782,"1"
2083,5,27,147,9.236284806,"1"
2083,5,28,148,9.510947166,"1"
2083,5,29,149,9.736780662,"1"
2083,5,30,150,10.099945338,"1"
2083,5,31,151,10.07858271,"1"
2084,5,1,122,1.356526878,"1"
2084,5,2,123,1.994353914,"1"
2084,5,3,124,1.368734094,"1"
2084,5,4,125,1.454184606,"1"
2084,5,5,126,2.186617566,"1"
2084,5,6,127,2.278171686,"1"
2084,5,7,128,3.483634266,"1"
2084,5,8,129,4.863049674,"1"
2084,5,9,130,5.65346691,"1"
2084,5,10,131,5.494773102,"1"
2084,5,11,132,5.336079294,"1"
2084,5,12,133,5.05836513,"1"
2084,5,13,134,4.57007649,"1"
2084,5,14,135,4.725718494,"1"
2084,5,15,136,3.76134843,"1"
2084,5,16,137,4.24963707,"1"
2084,5,17,138,5.641259694,"1"
2084,5,18,139,5.995268958,"1"
2084,5,19,140,6.593422542,"1"
2084,5,20,141,7.096970202,"1"
2084,5,21,142,5.83657515,"1"
2084,5,22,143,6.282138534,"1"
2084,5,23,144,5.854885974,"1"
2084,5,24,145,6.184480806,"1"
2084,5,25,146,7.536429978,"1"
2084,5,26,147,7.100022006,"1"
2084,5,27,148,7.786677906,"1"
2084,5,28,149,7.740900846,"1"
2084,5,29,150,8.607613182,"1"
2084,5,30,151,9.822231174,"1"
2084,5,31,152,8.921948994,"1"
2085,5,1,121,1.615930218,"1"
2085,5,2,122,2.915998722,"1"
2085,5,3,123,2.52536781,"1"
2085,5,4,124,2.70847605,"1"
2085,5,5,125,2.186617566,"1"
2085,5,6,126,2.742045894,"1"
2085,5,7,127,4.274051502,"1"
2085,5,8,128,3.813229098,"1"
2085,5,9,129,4.972914618,"1"
2085,5,10,130,4.655527002,"1"
2085,5,11,131,3.862057962,"1"
2085,5,12,132,4.344242994,"1"
2085,5,13,133,6.147859158,"1"
2085,5,14,134,7.600517862,"1"
2085,5,15,135,6.724650114,"1"
2085,5,16,136,5.857937778,"1"
2085,5,17,137,5.47035867,"1"
2085,5,18,138,6.810100626,"1"
2085,5,19,139,7.991148774,"1"
2085,5,20,140,8.40009051,"1"
2085,5,21,141,8.53742169,"1"
2085,5,22,142,8.641183026,"1"
2085,5,23,143,8.714426322,"1"
2085,5,24,144,8.595405966,"1"
2085,5,25,145,8.12542815,"1"
2085,5,26,146,7.902646458,"1"
2085,5,27,147,9.419393046,"1"
2085,5,28,148,9.25459563,"1"
2085,5,29,149,9.996184002,"1"
2085,5,30,150,9.94125153,"1"
2085,5,31,151,9.74288427,"1"
2086,5,1,121,1.905851598,"1"
2086,5,2,122,1.783779438,"1"
2086,5,3,123,2.595559302,"1"
2086,5,4,124,2.46433173,"1"
2086,5,5,125,2.986190214,"1"
2086,5,6,126,3.263904378,"1"
2086,5,7,127,3.688105134,"1"
2086,5,8,128,3.590447406,"1"
2086,5,9,129,4.603646334,"1"
2086,5,10,130,4.85999787,"1"
2086,5,11,131,6.239413278,"1"
2086,5,12,132,6.52323105,"1"
2086,5,13,133,5.931181074,"1"
2086,5,14,134,7.457083074,"1"
2086,5,15,135,6.495764814,"1"
2086,5,16,136,5.220110742,"1"
2086,5,17,137,5.540550162,"1"
2086,5,18,138,4.557869274,"1"
2086,5,19,139,6.517127442,"1"
2086,5,20,140,7.783626102,"1"
2086,5,21,141,6.626992386,"1"
2086,5,22,142,7.176317106,"1"
2086,5,23,143,7.273974834,"1"
2086,5,24,144,8.96467425,"1"
2086,5,25,145,9.013503114,"1"
2086,5,26,146,9.172196922,"1"
2086,5,27,147,9.523154382,"1"
2086,5,28,148,11.091781638,"1"
2086,5,29,149,10.789653042,"1"
2086,5,30,150,10.435643778,"1"
2086,5,31,151,11.204698386,"1"
2087,5,1,121,0.621042114,"1"
2087,5,2,122,1.438925586,"1"
2087,5,3,123,2.592507498,"1"
2087,5,4,124,3.59349921,"1"
2087,5,5,125,2.412451062,"1"
2087,5,6,126,2.95262037,"1"
2087,5,7,127,2.079804426,"1"
2087,5,8,128,2.934309546,"1"
2087,5,9,129,3.566032974,"1"
2087,5,10,130,5.107193994,"1"
2087,5,11,131,4.515144018,"1"
2087,5,12,132,4.719614886,"1"
2087,5,13,133,5.598534438,"1"
2087,5,14,134,5.92812927,"1"
2087,5,15,135,6.044097822,"1"
2087,5,16,136,6.974898042,"1"
2087,5,17,137,6.886395726,"1"
2087,5,18,138,7.51506735,"1"
2087,5,19,139,7.661553942,"1"
2087,5,20,140,7.649346726,"1"
2087,5,21,141,7.249560402,"1"
2087,5,22,142,6.428625126,"1"
2087,5,23,143,6.129548334,"1"
2087,5,24,144,7.933164498,"1"
2087,5,25,145,9.022658526,"1"
2087,5,26,146,7.31670009,"1"
2087,5,27,147,7.829403162,"1"
2087,5,28,148,8.763255186,"1"
2087,5,29,149,8.158997994,"1"
2087,5,30,150,8.165101602,"1"
2087,5,31,151,8.564887926,"1"
2088,5,1,122,2.461279926,"1"
2088,5,2,123,2.122529682,"1"
2088,5,3,124,2.711527854,"1"
2088,5,4,125,2.57114487,"1"
2088,5,5,126,2.253757254,"1"
2088,5,6,127,3.111314178,"1"
2088,5,7,128,2.848859034,"1"
2088,5,8,129,3.208971906,"1"
2088,5,9,130,3.260852574,"1"
2088,5,10,131,4.499884998,"1"
2088,5,11,132,4.231326246,"1"
2088,5,12,133,4.756236534,"1"
2088,5,13,134,5.296405842,"1"
2088,5,14,135,5.601586242,"1"
2088,5,15,136,5.888455818,"1"
2088,5,16,137,5.778590874,"1"
2088,5,17,138,6.50797203,"1"
2088,5,18,139,7.490652918,"1"
2088,5,19,140,7.512015546,"1"
2088,5,20,141,7.872128418,"1"
2088,5,21,142,7.914853674,"1"
2088,5,22,143,7.997252382,"1"
2088,5,23,144,7.435720446,"1"
2088,5,24,145,7.78972971,"1"
2088,5,25,146,7.038985926,"1"
2088,5,26,147,8.000304186,"1"
2088,5,27,148,8.509955454,"1"
2088,5,28,149,9.221025786,"1"
2088,5,29,150,9.291217278,"1"
2088,5,30,151,10.020598434,"1"
2088,5,31,152,11.049056382,"1"
2089,5,1,121,0.761425098,"1"
2089,5,2,122,1.002517614,"1"
2089,5,3,123,0.971999574,"1"
2089,5,4,124,0.791943138,"1"
2089,5,5,125,0.294499086,"1"
2089,5,6,126,2.17441035,"1"
2089,5,7,127,3.785762862,"1"
2089,5,8,128,4.18860099,"1"
2089,5,9,129,3.385976538,"1"
2089,5,10,130,4.350346602,"1"
2089,5,11,131,3.370717518,"1"
2089,5,12,132,5.033950698,"1"
2089,5,13,133,5.22621435,"1"
2089,5,14,134,6.132600138,"1"
2089,5,15,135,6.12649653,"1"
2089,5,16,136,6.526282854,"1"
2089,5,17,137,7.685968374,"1"
2089,5,18,138,7.447927662,"1"
2089,5,19,139,6.623940582,"1"
2089,5,20,140,7.002364278,"1"
2089,5,21,141,8.021666814,"1"
2089,5,22,142,8.052184854,"1"
2089,5,23,143,8.332950822,"1"
2089,5,24,144,9.242388414,"1"
2089,5,25,145,9.39192681,"1"
2089,5,26,146,9.098953626,"1"
2089,5,27,147,9.69710721,"1"
2089,5,28,148,9.687951798,"1"
2089,5,29,149,7.978941558,"1"
2089,5,30,150,8.632027614,"1"
2089,5,31,151,9.932096118,"1"
2090,5,1,121,1.048294674,"1"
2090,5,2,122,2.378881218,"1"
2090,5,3,123,2.928205938,"1"
2090,5,4,124,3.358510302,"1"
2090,5,5,125,3.764400234,"1"
2090,5,6,126,3.266956182,"1"
2090,5,7,127,3.102158766,"1"
2090,5,8,128,2.80003017,"1"
2090,5,9,129,3.266956182,"1"
2090,5,10,130,4.405279074,"1"
2090,5,11,131,5.061416934,"1"
2090,5,12,132,5.381856354,"1"
2090,5,13,133,5.568016398,"1"
2090,5,14,134,5.400167178,"1"
2090,5,15,135,5.436788826,"1"
2090,5,16,136,5.22621435,"1"
2090,5,17,137,5.778590874,"1"
2090,5,18,138,6.715494702,"1"
2090,5,19,139,7.914853674,"1"
2090,5,20,140,7.512015546,"1"
2090,5,21,141,6.639199602,"1"
2090,5,22,142,5.992217154,"1"
2090,5,23,143,6.596474346,"1"
2090,5,24,144,7.66765755,"1"
2090,5,25,145,9.022658526,"1"
2090,5,26,146,9.54451701,"1"
2090,5,27,147,9.263751042,"1"
2090,5,28,148,8.619820398,"1"
2090,5,29,149,8.30853639,"1"
2090,5,30,150,8.47638561,"1"
2090,5,31,151,9.340046142,"1"
2091,5,1,121,1.139848794,"1"
2091,5,2,122,1.225299306,"1"
2091,5,3,123,1.89974799,"1"
2091,5,4,124,2.256809058,"1"
2091,5,5,125,3.538566738,"1"
2091,5,6,126,3.056381706,"1"
2091,5,7,127,2.34225957,"1"
2091,5,8,128,3.068588922,"1"
2091,5,9,129,3.99023373,"1"
2091,5,10,130,4.591439118,"1"
2091,5,11,131,4.591439118,"1"
2091,5,12,132,5.497824906,"1"
2091,5,13,133,5.497824906,"1"
2091,5,14,134,4.853894262,"1"
2091,5,15,135,4.603646334,"1"
2091,5,16,136,6.398107086,"1"
2091,5,17,137,7.368580758,"1"
2091,5,18,138,5.693140362,"1"
2091,5,19,139,5.555809182,"1"
2091,5,20,140,5.174333682,"1"
2091,5,21,141,6.456091362,"1"
2091,5,22,142,8.009459598,"1"
2091,5,23,143,8.665597458,"1"
2091,5,24,144,8.778514206,"1"
2091,5,25,145,8.879223738,"1"
2091,5,26,146,8.317691802,"1"
2091,5,27,147,8.525214474,"1"
2091,5,28,148,8.601509574,"1"
2091,5,29,149,8.220034074,"1"
2091,5,30,150,8.244448506,"1"
2091,5,31,151,10.362400482,"1"
2092,5,1,122,2.168306742,"1"
2092,5,2,123,2.766460326,"1"
2092,5,3,124,2.720683266,"1"
2092,5,4,125,2.934309546,"1"
2092,5,5,126,3.297474222,"1"
2092,5,6,127,4.328983974,"1"
2092,5,7,128,5.122453014,"1"
2092,5,8,129,4.563972882,"1"
2092,5,9,130,4.267947894,"1"
2092,5,10,131,4.76844375,"1"
2092,5,11,132,5.842678758,"1"
2092,5,12,133,4.649423394,"1"
2092,5,13,134,5.931181074,"1"
2092,5,14,135,5.619897066,"1"
2092,5,15,136,6.199739826,"1"
2092,5,16,137,5.763331854,"1"
2092,5,17,138,6.32486379,"1"
2092,5,18,139,5.53139475,"1"
2092,5,19,140,5.885404014,"1"
2092,5,20,141,6.227206062,"1"
2092,5,21,142,7.991148774,"1"
2092,5,22,143,8.433660354,"1"
2092,5,23,144,8.714426322,"1"
2092,5,24,145,9.810023958,"1"
2092,5,25,146,9.355305162,"1"
2092,5,26,147,8.436712158,"1"
2092,5,27,148,7.685968374,"1"
2092,5,28,149,8.210878662,"1"
2092,5,29,150,8.900586366,"1"
2092,5,30,151,8.38483149,"1"
2092,5,31,152,9.26985465,"1"
2093,5,1,121,1.493858058,"1"
2093,5,2,122,1.557945942,"1"
2093,5,3,123,1.893644382,"1"
2093,5,4,124,2.72373507,"1"
2093,5,5,125,2.665750794,"1"
2093,5,6,126,3.27305979,"1"
2093,5,7,127,4.530403038,"1"
2093,5,8,128,4.713511278,"1"
2093,5,9,129,4.899671322,"1"
2093,5,10,130,4.46326335,"1"
2093,5,11,131,4.475470566,"1"
2093,5,12,132,4.96681101,"1"
2093,5,13,133,6.099030294,"1"
2093,5,14,134,4.957655598,"1"
2093,5,15,135,5.110245798,"1"
2093,5,16,136,5.098038582,"1"
2093,5,17,137,5.738917422,"1"
2093,5,18,138,5.827419738,"1"
2093,5,19,139,6.746012742,"1"
2093,5,20,140,7.917905478,"1"
2093,5,21,141,7.914853674,"1"
2093,5,22,142,6.932172786,"1"
2093,5,23,143,6.971846238,"1"
2093,5,24,144,8.479437414,"1"
2093,5,25,145,9.25459563,"1"
2093,5,26,146,8.97993327,"1"
2093,5,27,147,9.434652066,"1"
2093,5,28,148,10.618752018,"1"
2093,5,29,149,9.883267254,"1"
2093,5,30,150,10.679788098,"1"
2093,5,31,151,11.158921326,"1"
2094,5,1,121,1.844815518,"1"
2094,5,2,122,2.806133778,"1"
2094,5,3,123,2.931257742,"1"
2094,5,4,124,1.780727634,"1"
2094,5,5,125,1.30464621,"1"
2094,5,6,126,2.52536781,"1"
2094,5,7,127,3.096055158,"1"
2094,5,8,128,2.574196674,"1"
2094,5,9,129,3.947508474,"1"
2094,5,10,130,4.048218006,"1"
2094,5,11,131,4.963759206,"1"
2094,5,12,132,5.635156086,"1"
2094,5,13,133,4.838635242,"1"
2094,5,14,134,5.418478002,"1"
2094,5,15,135,5.418478002,"1"
2094,5,16,136,6.495764814,"1"
2094,5,17,137,5.89761123,"1"
2094,5,18,138,5.223162546,"1"
2094,5,19,139,6.144807354,"1"
2094,5,20,140,6.41641791,"1"
2094,5,21,141,6.602577954,"1"
2094,5,22,142,6.437780538,"1"
2094,5,23,143,7.295337462,"1"
2094,5,24,144,7.823299554,"1"
2094,5,25,145,7.46929029,"1"
2094,5,26,146,7.69817559,"1"
2094,5,27,147,9.092850018,"1"
2094,5,28,148,8.619820398,"1"
2094,5,29,149,8.754099774,"1"
2094,5,30,150,9.028762134,"1"
2094,5,31,151,11.470205334,"1"
2095,5,1,121,0.230411202,"1"
2095,5,2,122,1.39620033,"1"
2095,5,3,123,1.255817346,"1"
2095,5,4,124,0.721751646,"1"
2095,5,5,125,1.576256766,"1"
2095,5,6,126,2.946516762,"1"
2095,5,7,127,3.437857206,"1"
2095,5,8,128,4.423589898,"1"
2095,5,9,129,3.749141214,"1"
2095,5,10,130,4.301517738,"1"
2095,5,11,131,4.682993238,"1"
2095,5,12,132,4.728770298,"1"
2095,5,13,133,6.053253234,"1"
2095,5,14,134,6.34012281,"1"
2095,5,15,135,5.290302234,"1"
2095,5,16,136,5.86709319,"1"
2095,5,17,137,6.474402186,"1"
2095,5,18,138,5.293354038,"1"
2095,5,19,139,6.175325394,"1"
2095,5,20,140,5.92812927,"1"
2095,5,21,141,7.554740802,"1"
2095,5,22,142,7.97283795,"1"
2095,5,23,143,6.96574263,"1"
2095,5,24,144,7.161058086,"1"
2095,5,25,145,7.786677906,"1"
2095,5,26,146,6.779582586,"1"
2095,5,27,147,8.256655722,"1"
2095,5,28,148,8.650338438,"1"
2095,5,29,149,8.513007258,"1"
2095,5,30,150,9.068435586,"1"
2095,5,31,151,8.610664986,"1"
2096,5,1,122,0.49591815,"1"
2096,5,2,123,1.155107814,"1"
2096,5,3,124,2.61692193,"1"
2096,5,4,125,3.477530658,"1"
2096,5,5,126,2.626077342,"1"
2096,5,6,127,3.154039434,"1"
2096,5,7,128,3.27305979,"1"
2096,5,8,129,3.355458498,"1"
2096,5,9,130,3.89867961,"1"
2096,5,10,131,4.072632438,"1"
2096,5,11,132,4.09704687,"1"
2096,5,12,133,3.300526026,"1"
2096,5,13,134,4.621957158,"1"
2096,5,14,135,6.083771274,"1"
2096,5,15,136,6.37064085,"1"
2096,5,16,137,5.564964594,"1"
2096,5,17,138,5.870144994,"1"
2096,5,18,139,6.288242142,"1"
2096,5,19,140,6.849774078,"1"
2096,5,20,141,5.952543702,"1"
2096,5,21,142,7.127488242,"1"
2096,5,22,143,7.869076614,"1"
2096,5,23,144,8.26275933,"1"
2096,5,24,145,7.359425346,"1"
2096,5,25,146,8.174257014,"1"
2096,5,26,147,7.95757893,"1"
2096,5,27,148,8.244448506,"1"
2096,5,28,149,9.691003602,"1"
2096,5,29,150,9.623863914,"1"
2096,5,30,151,9.550620618,"1"
2096,5,31,152,8.754099774,"1"
2097,5,1,121,2.040130974,"1"
2097,5,2,122,2.589455694,"1"
2097,5,3,123,3.053329902,"1"
2097,5,4,124,3.266956182,"1"
2097,5,5,125,2.943464958,"1"
2097,5,6,126,3.294422418,"1"
2097,5,7,127,3.79186647,"1"
2097,5,8,128,4.194704598,"1"
2097,5,9,129,3.154039434,"1"
2097,5,10,130,2.485694358,"1"
2097,5,11,131,3.94445667,"1"
2097,5,12,132,4.933241166,"1"
2097,5,13,133,5.055313326,"1"
2097,5,14,134,5.680933146,"1"
2097,5,15,135,5.22621435,"1"
2097,5,16,136,5.27199141,"1"
2097,5,17,137,6.55374909,"1"
2097,5,18,138,5.97390633,"1"
2097,5,19,139,6.837566862,"1"
2097,5,20,140,6.41641791,"1"
2097,5,21,141,6.437780538,"1"
2097,5,22,142,6.956587218,"1"
2097,5,23,143,8.073547482,"1"
2097,5,24,144,7.85076579,"1"
2097,5,25,145,8.027770422,"1"
2097,5,26,146,9.71236623,"1"
2097,5,27,147,10.374607698,"1"
2097,5,28,148,9.828334782,"1"
2097,5,29,149,10.057220082,"1"
2097,5,30,150,10.884258966,"1"
2097,5,31,151,10.347141462,"1"
2098,5,1,121,2.302586118,"1"
2098,5,2,122,2.491797966,"1"
2098,5,3,123,2.40329565,"1"
2098,5,4,124,3.114365982,"1"
2098,5,5,125,3.358510302,"1"
2098,5,6,126,3.31883685,"1"
2098,5,7,127,5.497824906,"1"
2098,5,8,128,5.336079294,"1"
2098,5,9,129,5.50087671,"1"
2098,5,10,130,5.986113546,"1"
2098,5,11,131,6.282138534,"1"
2098,5,12,132,6.419469714,"1"
2098,5,13,133,5.482565886,"1"
2098,5,14,134,4.09704687,"1"
2098,5,15,135,4.350346602,"1"
2098,5,16,136,4.744029318,"1"
2098,5,17,137,7.273974834,"1"
2098,5,18,138,7.676812962,"1"
2098,5,19,139,7.478445702,"1"
2098,5,20,140,7.07255577,"1"
2098,5,21,141,6.877240314,"1"
2098,5,22,142,6.718546506,"1"
2098,5,23,143,7.01151969,"1"
2098,5,24,144,7.981993362,"1"
2098,5,25,145,7.707331002,"1"
2098,5,26,146,8.821239462,"1"
2098,5,27,147,8.46112659,"1"
2098,5,28,148,8.146790778,"1"
2098,5,29,149,8.683908282,"1"
2098,5,30,150,10.52109429,"1"
2098,5,31,151,11.430531882,"1"
2099,5,1,121,1.301594406,"1"
2099,5,2,122,1.277179974,"1"
2099,5,3,123,2.360570394,"1"
2099,5,4,124,2.674906206,"1"
2099,5,5,125,3.25780077,"1"
2099,5,6,126,2.940413154,"1"
2099,5,7,127,2.424658278,"1"
2099,5,8,128,3.706415958,"1"
2099,5,9,129,3.636224466,"1"
2099,5,10,130,4.780650966,"1"
2099,5,11,131,3.993285534,"1"
2099,5,12,132,3.739985802,"1"
2099,5,13,133,4.893567714,"1"
2099,5,14,134,4.811169006,"1"
2099,5,15,135,4.521247626,"1"
2099,5,16,136,6.27908673,"1"
2099,5,17,137,6.803997018,"1"
2099,5,18,138,5.497824906,"1"
2099,5,19,139,5.412374394,"1"
2099,5,20,140,5.259784194,"1"
2099,5,21,141,6.068512254,"1"
2099,5,22,142,6.816204234,"1"
2099,5,23,143,6.465246774,"1"
2099,5,24,144,6.53849007,"1"
2099,5,25,145,7.905698262,"1"
2099,5,26,146,9.80392035,"1"
2099,5,27,147,9.669640974,"1"
2099,5,28,148,9.251543826,"1"
2099,5,29,149,8.90363817,"1"
2099,5,30,150,9.379719594,"1"
2099,5,31,151,9.434652066,"1"
2100,5,1,121,0.337224342,"1"
2100,5,2,122,1.301594406,"1"
2100,5,3,123,0.706492626,"1"
2100,5,4,124,1.039139262,"1"
2100,5,5,125,1.33516425,"1"
2100,5,6,126,1.35042327,"1"
2100,5,7,127,1.893644382,"1"
2100,5,8,128,2.89158429,"1"
2100,5,9,129,4.06652883,"1"
2100,5,10,130,3.65453529,"1"
2100,5,11,131,3.260852574,"1"
2100,5,12,132,3.95971569,"1"
2100,5,13,133,4.185549186,"1"
2100,5,14,134,5.003432658,"1"
2100,5,15,135,4.579231902,"1"
2100,5,16,136,4.023803574,"1"
2100,5,17,137,4.209963618,"1"
2100,5,18,138,5.537498358,"1"
2100,5,19,139,7.261767618,"1"
2100,5,20,140,7.127488242,"1"
2100,5,21,141,6.803997018,"1"
2100,5,22,142,7.112229222,"1"
2100,5,23,143,7.646294922,"1"
2100,5,24,144,7.85076579,"1"
2100,5,25,145,7.27092303,"1"
2100,5,26,146,7.676812962,"1"
2100,5,27,147,7.493704722,"1"
2100,5,28,148,8.27801835,"1"
2100,5,29,149,9.114212646,"1"
2100,5,30,150,8.723581734,"1"
2100,5,31,151,9.358356966,"1"
2025,3,1,60,-14.622718866,"2"
2025,3,2,61,-14.79361989,"2"
2025,3,3,62,-13.899441318,"2"
2025,3,4,63,-12.61158003,"2"
2025,3,5,64,-12.285037002,"2"
2025,3,6,65,-11.134506894,"2"
2025,3,7,66,-9.721521642,"2"
2025,3,8,67,-10.344089658,"2"
2025,3,9,68,-10.493628054,"2"
2025,3,10,69,-9.97176957,"2"
2025,3,11,70,-8.763255186,"2"
2025,3,12,71,-9.388875006,"2"
2025,3,13,72,-10.463110014,"2"
2025,3,14,73,-10.380711306,"2"
2025,3,15,74,-8.882275542,"2"
2025,3,16,75,-9.16304151,"2"
2025,3,17,76,-8.299380978,"2"
2025,3,18,77,-8.62897581,"2"
2025,3,19,78,-9.17830053,"2"
2025,3,20,79,-9.49873995,"2"
2025,3,21,80,-7.783626102,"2"
2025,3,22,81,-6.70633929,"2"
2025,3,23,82,-8.03387403,"2"
2025,3,24,83,-8.70527091,"2"
2025,3,25,84,-7.801936926,"2"
2025,3,26,85,-6.495764814,"2"
2025,3,27,86,-7.396046994,"2"
2025,3,28,87,-6.395055282,"2"
2025,3,29,88,-5.110245798,"2"
2025,3,30,89,-6.166169982,"2"
2025,3,31,90,-6.407262498,"2"
2026,3,1,60,-12.126343194,"2"
2026,3,2,61,-12.513922302,"2"
2026,3,3,62,-13.914700338,"2"
2026,3,4,63,-12.941174862,"2"
2026,3,5,64,-14.555579178,"2"
2026,3,6,65,-14.25955419,"2"
2026,3,7,66,-13.920803946,"2"
2026,3,8,67,-11.60448471,"2"
2026,3,9,68,-12.09277335,"2"
2026,3,10,69,-10.777445826,"2"
2026,3,11,70,-9.782557722,"2"
2026,3,12,71,-9.883267254,"2"
2026,3,13,72,-9.309528102,"2"
2026,3,14,73,-9.791713134,"2"
2026,3,15,74,-9.19355955,"2"
2026,3,16,75,-8.274966546,"2"
2026,3,17,76,-7.527274566,"2"
2026,3,18,77,-6.90470655,"2"
2026,3,19,78,-7.74395265,"2"
2026,3,20,79,-8.845653894,"2"
2026,3,21,80,-8.693063694,"2"
2026,3,22,81,-7.322803698,"2"
2026,3,23,82,-5.268939606,"2"
2026,3,24,83,-5.305561254,"2"
2026,3,25,84,-5.680933146,"2"
2026,3,26,85,-5.857937778,"2"
2026,3,27,86,-5.860989582,"2"
2026,3,28,87,-3.999389142,"2"
2026,3,29,88,-2.812237386,"2"
2026,3,30,89,-3.45616803,"2"
2026,3,31,90,-3.50194509,"2"
2027,3,1,60,-14.56473459,"2"
2027,3,2,61,-14.13748203,"2"
2027,3,3,62,-14.421299802,"2"
2027,3,4,63,-13.597312722,"2"
2027,3,5,64,-12.114135978,"2"
2027,3,6,65,-11.000227518,"2"
2027,3,7,66,-11.22300921,"2"
2027,3,8,67,-10.725565158,"2"
2027,3,9,68,-9.764246898,"2"
2027,3,10,69,-9.797816742,"2"
2027,3,11,70,-9.718469838,"2"
2027,3,12,71,-9.48348093,"2"
2027,3,13,72,-9.907681686,"2"
2027,3,14,73,-9.34614975,"2"
2027,3,15,74,-9.98702859,"2"
2027,3,16,75,-10.97886489,"2"
2027,3,17,76,-8.744944362,"2"
2027,3,18,77,-9.22407759,"2"
2027,3,19,78,-8.653390242,"2"
2027,3,20,79,-7.722590022,"2"
2027,3,21,80,-8.271914742,"2"
2027,3,22,81,-6.913861962,"2"
2027,3,23,82,-5.818264326,"2"
2027,3,24,83,-5.976958134,"2"
2027,3,25,84,-6.24856869,"2"
2027,3,26,85,-4.399175466,"2"
2027,3,27,86,-5.000380854,"2"
2027,3,28,87,-5.76028005,"2"
2027,3,29,88,-6.11123751,"2"
2027,3,30,89,-4.914930342,"2"
2027,3,31,90,-4.093995066,"2"
2028,3,1,61,-14.329745682,"2"
2028,3,2,62,-14.308383054,"2"
2028,3,3,63,-12.715341366,"2"
2028,3,4,64,-12.431523594,"2"
2028,3,5,65,-10.145722398,"2"
2028,3,6,66,-8.671701066,"2"
2028,3,7,67,-8.717478126,"2"
2028,3,8,68,-8.107117326,"2"
2028,3,9,69,-8.622872202,"2"
2028,3,10,70,-8.424504942,"2"
2028,3,11,71,-6.254672298,"2"
2028,3,12,72,-5.525291142,"2"
2028,3,13,73,-6.037994214,"2"
2028,3,14,74,-7.078659378,"2"
2028,3,15,75,-8.046081246,"2"
2028,3,16,76,-7.277026638,"2"
2028,3,17,77,-8.348209842,"2"
2028,3,18,78,-8.799876834,"2"
2028,3,19,79,-8.805980442,"2"
2028,3,20,80,-9.629967522,"2"
2028,3,21,81,-7.872128418,"2"
2028,3,22,82,-6.364537242,"2"
2028,3,23,83,-7.188524322,"2"
2028,3,24,84,-7.069503966,"2"
2028,3,25,85,-6.880292118,"2"
2028,3,26,86,-5.27199141,"2"
2028,3,27,87,-4.563972882,"2"
2028,3,28,88,-3.315785046,"2"
2028,3,29,89,-2.589455694,"2"
2028,3,30,90,-2.610818322,"2"
2028,3,31,91,-3.39513195,"2"
2029,3,1,60,-12.782481054,"2"
2029,3,2,61,-14.845500558,"2"
2029,3,3,62,-14.32059027,"2"
2029,3,4,63,-12.956433882,"2"
2029,3,5,64,-13.075454238,"2"
2029,3,6,65,-12.144654018,"2"
2029,3,7,66,-12.208741902,"2"
2029,3,8,67,-11.140610502,"2"
2029,3,9,68,-11.488516158,"2"
2029,3,10,69,-10.560767742,"2"
2029,3,11,70,-12.587165598,"2"
2029,3,12,71,-12.90150141,"2"
2029,3,13,72,-13.51186221,"2"
2029,3,14,73,-11.357288586,"2"
2029,3,15,74,-8.830394874,"2"
2029,3,16,75,-8.207826858,"2"
2029,3,17,76,-9.63607113,"2"
2029,3,18,77,-9.159989706,"2"
2029,3,19,78,-8.381779686,"2"
2029,3,20,79,-8.290225566,"2"
2029,3,21,80,-7.72869363,"2"
2029,3,22,81,-6.605629758,"2"
2029,3,23,82,-6.007476174,"2"
2029,3,24,83,-6.49271301,"2"
2029,3,25,84,-5.82131613,"2"
2029,3,26,85,-5.528342946,"2"
2029,3,27,86,-5.22621435,"2"
2029,3,28,87,-4.34119119,"2"
2029,3,29,88,-5.583275418,"2"
2029,3,30,89,-5.68398495,"2"
2029,3,31,90,-4.597542726,"2"
2030,3,1,60,-13.325702166,"2"
2030,3,2,61,-14.134430226,"2"
2030,3,3,62,-12.660408894,"2"
2030,3,4,63,-13.365375618,"2"
2030,3,5,64,-12.803843682,"2"
2030,3,6,65,-10.435643778,"2"
2030,3,7,66,-10.240328322,"2"
2030,3,8,67,-12.343021278,"2"
2030,3,9,68,-11.13145509,"2"
2030,3,10,69,-11.805903774,"2"
2030,3,11,70,-11.912716914,"2"
2030,3,12,71,-10.829326494,"2"
2030,3,13,72,-10.637062842,"2"
2030,3,14,73,-11.08567803,"2"
2030,3,15,74,-10.676736294,"2"
2030,3,16,75,-8.213930466,"2"
2030,3,17,76,-8.345158038,"2"
2030,3,18,77,-9.303424494,"2"
2030,3,19,78,-10.804912062,"2"
2030,3,20,79,-8.464178394,"2"
2030,3,21,80,-7.704279198,"2"
2030,3,22,81,-7.588310646,"2"
2030,3,23,82,-7.30144107,"2"
2030,3,24,83,-6.413366106,"2"
2030,3,25,84,-6.901654746,"2"
2030,3,26,85,-5.537498358,"2"
2030,3,27,86,-5.503928514,"2"
2030,3,28,87,-5.824367934,"2"
2030,3,29,88,-7.429616838,"2"
2030,3,30,89,-6.193636218,"2"
2030,3,31,90,-5.186540898,"2"
2031,3,1,60,-11.262682662,"2"
2031,3,2,61,-13.14564573,"2"
2031,3,3,62,-13.14564573,"2"
2031,3,4,63,-10.725565158,"2"
2031,3,5,64,-11.503775178,"2"
2031,3,6,65,-9.840541998,"2"
2031,3,7,66,-8.99519229,"2"
2031,3,8,67,-10.328830638,"2"
2031,3,9,68,-9.123368058,"2"
2031,3,10,69,-8.241396702,"2"
2031,3,11,70,-8.851757502,"2"
2031,3,12,71,-9.645226542,"2"
2031,3,13,72,-10.36850409,"2"
2031,3,14,73,-9.166093314,"2"
2031,3,15,74,-9.410237634,"2"
2031,3,16,75,-9.520102578,"2"
2031,3,17,76,-8.296329174,"2"
2031,3,18,77,-6.227206062,"2"
2031,3,19,78,-5.452047846,"2"
2031,3,20,79,-5.748072834,"2"
2031,3,21,80,-5.574120006,"2"
2031,3,22,81,-5.021743482,"2"
2031,3,23,82,-5.69924397,"2"
2031,3,24,83,-5.448996042,"2"
2031,3,25,84,-4.740977514,"2"
2031,3,26,85,-5.259784194,"2"
2031,3,27,86,-4.957655598,"2"
2031,3,28,87,-4.46326335,"2"
2031,3,29,88,-4.701304062,"2"
2031,3,30,89,-3.251697162,"2"
2031,3,31,90,-2.873273466,"2"
2032,3,1,61,-13.615623546,"2"
2032,3,2,62,-14.805827106,"2"
2032,3,3,63,-14.143585638,"2"
2032,3,4,64,-13.185319182,"2"
2032,3,5,65,-13.447774326,"2"
2032,3,6,66,-13.95437379,"2"
2032,3,7,67,-12.32165865,"2"
2032,3,8,68,-10.759135002,"2"
2032,3,9,69,-10.267794558,"2"
2032,3,10,70,-10.984968498,"2"
2032,3,11,71,-10.371555894,"2"
2032,3,12,72,-10.106048946,"2"
2032,3,13,73,-10.76523861,"2"
2032,3,14,74,-8.693063694,"2"
2032,3,15,75,-8.47638561,"2"
2032,3,16,76,-7.252612206,"2"
2032,3,17,77,-8.284121958,"2"
2032,3,18,78,-8.268862938,"2"
2032,3,19,79,-8.23224129,"2"
2032,3,20,80,-7.084762986,"2"
2032,3,21,81,-6.166169982,"2"
2032,3,22,82,-6.086823078,"2"
2032,3,23,83,-6.800945214,"2"
2032,3,24,84,-7.762263474,"2"
2032,3,25,85,-6.117341118,"2"
2032,3,26,86,-5.140763838,"2"
2032,3,27,87,-5.259784194,"2"
2032,3,28,88,-4.472418762,"2"
2032,3,29,89,-3.331044066,"2"
2032,3,30,90,-2.995345626,"2"
2032,3,31,91,-2.748149502,"2"
2033,3,1,60,-15.565726302,"2"
2033,3,2,61,-13.752954726,"2"
2033,3,3,62,-13.844508846,"2"
2033,3,4,63,-12.877086978,"2"
2033,3,5,64,-14.250398778,"2"
2033,3,6,65,-14.360263722,"2"
2033,3,7,66,-13.136490318,"2"
2033,3,8,67,-13.179215574,"2"
2033,3,9,68,-12.343021278,"2"
2033,3,10,69,-10.679788098,"2"
2033,3,11,70,-11.705194242,"2"
2033,3,12,71,-10.84153371,"2"
2033,3,13,72,-8.320743606,"2"
2033,3,14,73,-7.417409622,"2"
2033,3,15,74,-6.831463254,"2"
2033,3,16,75,-6.990157062,"2"
2033,3,17,76,-7.112229222,"2"
2033,3,18,77,-5.198748114,"2"
2033,3,19,78,-6.742960938,"2"
2033,3,20,79,-6.102082098,"2"
2033,3,21,80,-4.292362326,"2"
2033,3,22,81,-5.430685218,"2"
2033,3,23,82,-5.009536266,"2"
2033,3,24,83,-4.927137558,"2"
2033,3,25,84,-4.011596358,"2"
2033,3,26,85,-4.667734218,"2"
2033,3,27,86,-5.85183417,"2"
2033,3,28,87,-5.586327222,"2"
2033,3,29,88,-3.846798942,"2"
2033,3,30,89,-3.233386338,"2"
2033,3,31,90,-3.321888654,"2"
2034,3,1,60,-16.569769818,"2"
2034,3,2,61,-14.79361989,"2"
2034,3,3,62,-12.803843682,"2"
2034,3,4,63,-13.548483858,"2"
2034,3,5,64,-13.273821498,"2"
2034,3,6,65,-13.774317354,"2"
2034,3,7,66,-12.693978738,"2"
2034,3,8,67,-13.154801142,"2"
2034,3,9,68,-12.529181322,"2"
2034,3,10,69,-11.165024934,"2"
2034,3,11,70,-10.127411574,"2"
2034,3,12,71,-9.852749214,"2"
2034,3,13,72,-9.596397678,"2"
2034,3,14,73,-10.176240438,"2"
2034,3,15,74,-9.031813938,"2"
2034,3,16,75,-5.74502103,"2"
2034,3,17,76,-6.11123751,"2"
2034,3,18,77,-7.07255577,"2"
2034,3,19,78,-7.82024775,"2"
2034,3,20,79,-5.278095018,"2"
2034,3,21,80,-3.498893286,"2"
2034,3,22,81,-2.76951213,"2"
2034,3,23,82,-3.163194846,"2"
2034,3,24,83,-3.74608941,"2"
2034,3,25,84,-5.235369762,"2"
2034,3,26,85,-4.011596358,"2"
2034,3,27,86,-3.157091238,"2"
2034,3,28,87,-3.300526026,"2"
2034,3,29,88,-4.603646334,"2"
2034,3,30,89,-3.758296626,"2"
2034,3,31,90,-3.804073686,"2"
2035,3,1,60,-11.003279322,"2"
2035,3,2,61,-11.021590146,"2"
2035,3,3,62,-12.510870498,"2"
2035,3,4,63,-15.248338686,"2"
2035,3,5,64,-13.246355262,"2"
2035,3,6,65,-12.23010453,"2"
2035,3,7,66,-11.616691926,"2"
2035,3,8,67,-11.091781638,"2"
2035,3,9,68,-9.947355138,"2"
2035,3,10,69,-10.554664134,"2"
2035,3,11,70,-11.079574422,"2"
2035,3,12,71,-10.960554066,"2"
2035,3,13,72,-10.991072106,"2"
2035,3,14,73,-10.594337586,"2"
2035,3,15,74,-10.527197898,"2"
2035,3,16,75,-10.55161233,"2"
2035,3,17,76,-11.198594778,"2"
2035,3,18,77,-7.692071982,"2"
2035,3,19,78,-6.465246774,"2"
2035,3,20,79,-6.90470655,"2"
2035,3,21,80,-5.85183417,"2"
2035,3,22,81,-5.641259694,"2"
2035,3,23,82,-5.754176442,"2"
2035,3,24,83,-5.009536266,"2"
2035,3,25,84,-5.540550162,"2"
2035,3,26,85,-5.705347578,"2"
2035,3,27,86,-4.881360498,"2"
2035,3,28,87,-4.109254086,"2"
2035,3,29,88,-4.34119119,"2"
2035,3,30,89,-4.29541413,"2"
2035,3,31,90,-4.145875734,"2"
2036,3,1,61,-12.272829786,"2"
2036,3,2,62,-13.960477398,"2"
2036,3,3,63,-13.86281967,"2"
2036,3,4,64,-12.556647558,"2"
2036,3,5,65,-12.935071254,"2"
2036,3,6,66,-13.179215574,"2"
2036,3,7,67,-10.563819546,"2"
2036,3,8,68,-8.961622446,"2"
2036,3,9,69,-10.026702042,"2"
2036,3,10,70,-10.78049763,"2"
2036,3,11,71,-10.389866718,"2"
2036,3,12,72,-9.806972154,"2"
2036,3,13,73,-9.053176566,"2"
2036,3,14,74,-8.500800042,"2"
2036,3,15,75,-7.676812962,"2"
2036,3,16,76,-8.717478126,"2"
2036,3,17,77,-11.244371838,"2"
2036,3,18,78,-8.915845386,"2"
2036,3,19,79,-7.609673274,"2"
2036,3,20,80,-7.609673274,"2"
2036,3,21,81,-6.773478978,"2"
2036,3,22,82,-5.91287025,"2"
2036,3,23,83,-7.612725078,"2"
2036,3,24,84,-7.710382806,"2"
2036,3,25,85,-5.14991925,"2"
2036,3,26,86,-4.49378139,"2"
2036,3,27,87,-4.429693506,"2"
2036,3,28,88,-4.063477026,"2"
2036,3,29,89,-4.008544554,"2"
2036,3,30,90,-2.84580723,"2"
2036,3,31,91,-3.678949722,"2"
2037,3,1,60,-13.881130494,"2"
2037,3,2,61,-13.209733614,"2"
2037,3,3,62,-10.588233978,"2"
2037,3,4,63,-12.373539318,"2"
2037,3,5,64,-13.047988002,"2"
2037,3,6,65,-11.241320034,"2"
2037,3,7,66,-11.171128542,"2"
2037,3,8,67,-10.954450458,"2"
2037,3,9,68,-10.832378298,"2"
2037,3,10,69,-10.67368449,"2"
2037,3,11,70,-10.64316645,"2"
2037,3,12,71,-10.386814914,"2"
2037,3,13,72,-9.54451701,"2"
2037,3,14,73,-9.806972154,"2"
2037,3,15,74,-9.922940706,"2"
2037,3,16,75,-9.962614158,"2"
2037,3,17,76,-8.894482758,"2"
2037,3,18,77,-8.314639998,"2"
2037,3,19,78,-8.67475287,"2"
2037,3,20,79,-8.482489218,"2"
2037,3,21,80,-6.05020143,"2"
2037,3,22,81,-5.79079809,"2"
2037,3,23,82,-5.427633414,"2"
2037,3,24,83,-4.576180098,"2"
2037,3,25,84,-4.145875734,"2"
2037,3,26,85,-5.137712034,"2"
2037,3,27,86,-4.197756402,"2"
2037,3,28,87,-4.505988606,"2"
2037,3,29,88,-4.682993238,"2"
2037,3,30,89,-3.172350258,"2"
2037,3,31,90,-3.068588922,"2"
2038,3,1,60,-14.384678154,"2"
2038,3,2,61,-12.990003726,"2"
2038,3,3,62,-11.454946314,"2"
2038,3,4,63,-12.312503238,"2"
2038,3,5,64,-13.240251654,"2"
2038,3,6,65,-11.622795534,"2"
2038,3,7,66,-11.403065646,"2"
2038,3,8,67,-9.990080394,"2"
2038,3,9,68,-11.32982235,"2"
2038,3,10,69,-12.767222034,"2"
2038,3,11,70,-11.689935222,"2"
2038,3,12,71,-10.61264841,"2"
2038,3,13,72,-7.63713951,"2"
2038,3,14,73,-7.237353186,"2"
2038,3,15,74,-7.051193142,"2"
2038,3,16,75,-5.146867446,"2"
2038,3,17,76,-6.504920226,"2"
2038,3,18,77,-6.59952615,"2"
2038,3,19,78,-5.284198626,"2"
2038,3,20,79,-4.31067315,"2"
2038,3,21,80,-4.79896179,"2"
2038,3,22,81,-4.206911814,"2"
2038,3,23,82,-5.131608426,"2"
2038,3,24,83,-5.375752746,"2"
2038,3,25,84,-5.571068202,"2"
2038,3,26,85,-4.841687046,"2"
2038,3,27,86,-3.205920102,"2"
2038,3,28,87,-2.760356718,"2"
2038,3,29,88,-3.099106962,"2"
2038,3,30,89,-3.13572861,"2"
2038,3,31,90,-2.40329565,"2"
2039,3,1,60,-11.74181589,"2"
2039,3,2,61,-11.40611745,"2"
2039,3,3,62,-11.296252506,"2"
2039,3,4,63,-11.74181589,"2"
2039,3,5,64,-13.124283102,"2"
2039,3,6,65,-12.697030542,"2"
2039,3,7,66,-11.628899142,"2"
2039,3,8,67,-10.377659502,"2"
2039,3,9,68,-9.996184002,"2"
2039,3,10,69,-8.116272738,"2"
2039,3,11,70,-9.272906454,"2"
2039,3,12,71,-11.519034198,"2"
2039,3,13,72,-11.705194242,"2"
2039,3,14,73,-10.585182174,"2"
2039,3,15,74,-10.121307966,"2"
2039,3,16,75,-8.122376346,"2"
2039,3,17,76,-8.952467034,"2"
2039,3,18,77,-7.405202406,"2"
2039,3,19,78,-6.474402186,"2"
2039,3,20,79,-6.895551138,"2"
2039,3,21,80,-7.371632562,"2"
2039,3,22,81,-7.020675102,"2"
2039,3,23,82,-5.674829538,"2"
2039,3,24,83,-5.265887802,"2"
2039,3,25,84,-5.217058938,"2"
2039,3,26,85,-4.05126981,"2"
2039,3,27,86,-4.087891458,"2"
2039,3,28,87,-3.224230926,"2"
2039,3,29,88,-2.824444602,"2"
2039,3,30,89,-2.534523222,"2"
2039,3,31,90,-3.489737874,"2"
2040,3,1,61,-12.187379274,"2"
2040,3,2,62,-10.606544802,"2"
2040,3,3,63,-10.41428115,"2"
2040,3,4,64,-11.210801994,"2"
2040,3,5,65,-8.256655722,"2"
2040,3,6,66,-9.349201554,"2"
2040,3,7,67,-10.188447654,"2"
2040,3,8,68,-9.66658917,"2"
2040,3,9,69,-11.049056382,"2"
2040,3,10,70,-9.810023958,"2"
2040,3,11,71,-9.340046142,"2"
2040,3,12,72,-9.642174738,"2"
2040,3,13,73,-8.345158038,"2"
2040,3,14,74,-8.88837915,"2"
2040,3,15,75,-9.126419862,"2"
2040,3,16,76,-9.465170106,"2"
2040,3,17,77,-9.141678882,"2"
2040,3,18,78,-8.601509574,"2"
2040,3,19,79,-8.970777858,"2"
2040,3,20,80,-6.456091362,"2"
2040,3,21,81,-5.345234706,"2"
2040,3,22,82,-5.748072834,"2"
2040,3,23,83,-6.590370738,"2"
2040,3,24,84,-6.379796262,"2"
2040,3,25,85,-6.288242142,"2"
2040,3,26,86,-3.459219834,"2"
2040,3,27,87,-3.605706426,"2"
2040,3,28,88,-4.176393774,"2"
2040,3,29,89,-4.991225442,"2"
2040,3,30,90,-3.938353062,"2"
2040,3,31,91,-2.504005182,"2"
2041,3,1,60,-14.65628871,"2"
2041,3,2,61,-13.615623546,"2"
2041,3,3,62,-11.83337001,"2"
2041,3,4,63,-9.962614158,"2"
2041,3,5,64,-9.486532734,"2"
2041,3,6,65,-9.932096118,"2"
2041,3,7,66,-10.365452286,"2"
2041,3,8,67,-9.486532734,"2"
2041,3,9,68,-10.615700214,"2"
2041,3,10,69,-11.17723215,"2"
2041,3,11,70,-9.916837098,"2"
2041,3,12,71,-9.52925799,"2"
2041,3,13,72,-10.023650238,"2"
2041,3,14,73,-9.78866133,"2"
2041,3,15,74,-8.845653894,"2"
2041,3,16,75,-8.760203382,"2"
2041,3,17,76,-9.428548458,"2"
2041,3,18,77,-8.976881466,"2"
2041,3,19,78,-9.340046142,"2"
2041,3,20,79,-8.876171934,"2"
2041,3,21,80,-7.01151969,"2"
2041,3,22,81,-5.146867446,"2"
2041,3,23,82,-5.040054306,"2"
2041,3,24,83,-4.750132926,"2"
2041,3,25,84,-5.214007134,"2"
2041,3,26,85,-4.832531634,"2"
2041,3,27,86,-3.846798942,"2"
2041,3,28,87,-4.61585355,"2"
2041,3,29,88,-4.579231902,"2"
2041,3,30,89,-3.886472394,"2"
2041,3,31,90,-3.840695334,"2"
2042,3,1,60,-11.372547606,"2"
2042,3,2,61,-13.289080518,"2"
2042,3,3,62,-13.579001898,"2"
2042,3,4,63,-13.286028714,"2"
2042,3,5,64,-11.60448471,"2"
2042,3,6,65,-11.277941682,"2"
2042,3,7,66,-9.25459563,"2"
2042,3,8,67,-9.031813938,"2"
2042,3,9,68,-8.793773226,"2"
2042,3,10,69,-9.37666779,"2"
2042,3,11,70,-9.129471666,"2"
2042,3,12,71,-8.204775054,"2"
2042,3,13,72,-10.624855626,"2"
2042,3,14,73,-10.234224714,"2"
2042,3,15,74,-9.187455942,"2"
2042,3,16,75,-8.632027614,"2"
2042,3,17,76,-8.513007258,"2"
2042,3,18,77,-8.17120521,"2"
2042,3,19,78,-7.353321738,"2"
2042,3,20,79,-5.91287025,"2"
2042,3,21,80,-7.151902674,"2"
2042,3,22,81,-5.909818446,"2"
2042,3,23,82,-4.795909986,"2"
2042,3,24,83,-3.147935826,"2"
2042,3,25,84,-3.279163398,"2"
2042,3,26,85,-3.404287362,"2"
2042,3,27,86,-4.048218006,"2"
2042,3,28,87,-5.217058938,"2"
2042,3,29,88,-5.320820274,"2"
2042,3,30,89,-4.695200454,"2"
2042,3,31,90,-3.617913642,"2"
2043,3,1,60,-12.468145242,"2"
2043,3,2,61,-11.168076738,"2"
2043,3,3,62,-9.510947166,"2"
2043,3,4,63,-11.964597582,"2"
2043,3,5,64,-11.830318206,"2"
2043,3,6,65,-11.34508137,"2"
2043,3,7,66,-11.439687294,"2"
2043,3,8,67,-10.850689122,"2"
2043,3,9,68,-10.997175714,"2"
2043,3,10,69,-9.654381954,"2"
2043,3,11,70,-9.144730686,"2"
2043,3,12,71,-7.859921202,"2"
2043,3,13,72,-6.880292118,"2"
2043,3,14,73,-8.119324542,"2"
2043,3,15,74,-8.870068326,"2"
2043,3,16,75,-9.089798214,"2"
2043,3,17,76,-9.599449482,"2"
2043,3,18,77,-9.092850018,"2"
2043,3,19,78,-7.948423518,"2"
2043,3,20,79,-8.183412426,"2"
2043,3,21,80,-8.366520666,"2"
2043,3,22,81,-6.535438266,"2"
2043,3,23,82,-4.655527002,"2"
2043,3,24,83,-4.49378139,"2"
2043,3,25,84,-4.908826734,"2"
2043,3,26,85,-4.994277246,"2"
2043,3,27,86,-5.262835998,"2"
2043,3,28,87,-4.52429943,"2"
2043,3,29,88,-4.316776758,"2"
2043,3,30,89,-3.755244822,"2"
2043,3,31,90,-3.514152306,"2"
2044,3,1,61,-13.456929738,"2"
2044,3,2,62,-10.835430102,"2"
2044,3,3,63,-11.400013842,"2"
2044,3,4,64,-11.735712282,"2"
2044,3,5,65,-12.80994729,"2"
2044,3,6,66,-13.286028714,"2"
2044,3,7,67,-11.49767157,"2"
2044,3,8,68,-10.713357942,"2"
2044,3,9,69,-8.82734307,"2"
2044,3,10,70,-8.04913305,"2"
2044,3,11,71,-9.709314426,"2"
2044,3,12,72,-9.272906454,"2"
2044,3,13,73,-9.474325518,"2"
2044,3,14,74,-9.37666779,"2"
2044,3,15,75,-8.830394874,"2"
2044,3,16,76,-6.99626067,"2"
2044,3,17,77,-6.993208866,"2"
2044,3,18,78,-6.718546506,"2"
2044,3,19,79,-5.015639874,"2"
2044,3,20,80,-5.62294887,"2"
2044,3,21,81,-6.257724102,"2"
2044,3,22,82,-6.55374909,"2"
2044,3,23,83,-7.25566401,"2"
2044,3,24,84,-5.430685218,"2"
2044,3,25,85,-4.164186558,"2"
2044,3,26,86,-2.52536781,"2"
2044,3,27,87,-2.629129146,"2"
2044,3,28,88,-3.312733242,"2"
2044,3,29,89,-4.319828562,"2"
2044,3,30,90,-5.113297602,"2"
2044,3,31,91,-3.880368786,"2"
2045,3,1,60,-11.363392194,"2"
2045,3,2,61,-12.925915842,"2"
2045,3,3,62,-11.586173886,"2"
2045,3,4,63,-11.598381102,"2"
2045,3,5,64,-9.63607113,"2"
2045,3,6,65,-9.980924982,"2"
2045,3,7,66,-10.023650238,"2"
2045,3,8,67,-10.899517986,"2"
2045,3,9,68,-10.530249702,"2"
2045,3,10,69,-8.638131222,"2"
2045,3,11,70,-8.555732514,"2"
2045,3,12,71,-8.082702894,"2"
2045,3,13,72,-5.781642678,"2"
2045,3,14,73,-5.827419738,"2"
2045,3,15,74,-6.175325394,"2"
2045,3,16,75,-7.19462793,"2"
2045,3,17,76,-7.22514597,"2"
2045,3,18,77,-6.556800894,"2"
2045,3,19,78,-4.588387314,"2"
2045,3,20,79,-5.342182902,"2"
2045,3,21,80,-6.87418851,"2"
2045,3,22,81,-5.754176442,"2"
2045,3,23,82,-4.521247626,"2"
2045,3,24,83,-3.926145846,"2"
2045,3,25,84,-4.731822102,"2"
2045,3,26,85,-5.311664862,"2"
2045,3,27,86,-4.484625978,"2"
2045,3,28,87,-4.243533462,"2"
2045,3,29,88,-2.565041262,"2"
2045,3,30,89,-2.198824782,"2"
2045,3,31,90,-2.83054821,"2"
2046,3,1,60,-13.304339538,"2"
2046,3,2,61,-13.475240562,"2"
2046,3,3,62,-13.585105506,"2"
2046,3,4,63,-13.331805774,"2"
2046,3,5,64,-12.675667914,"2"
2046,3,6,65,-12.547492146,"2"
2046,3,7,66,-12.098876958,"2"
2046,3,8,67,-12.87098337,"2"
2046,3,9,68,-10.798808454,"2"
2046,3,10,69,-8.56793973,"2"
2046,3,11,70,-7.231249578,"2"
2046,3,12,71,-7.780574298,"2"
2046,3,13,72,-9.449911086,"2"
2046,3,14,73,-11.372547606,"2"
2046,3,15,74,-9.199663158,"2"
2046,3,16,75,-8.116272738,"2"
2046,3,17,76,-7.826351358,"2"
2046,3,18,77,-9.733728858,"2"
2046,3,19,78,-8.192567838,"2"
2046,3,20,79,-7.435720446,"2"
2046,3,21,80,-8.046081246,"2"
2046,3,22,81,-8.418401334,"2"
2046,3,23,82,-6.382848066,"2"
2046,3,24,83,-4.457159742,"2"
2046,3,25,84,-5.177385486,"2"
2046,3,26,85,-5.326923882,"2"
2046,3,27,86,-6.013579782,"2"
2046,3,28,87,-4.802013594,"2"
2046,3,29,88,-3.636224466,"2"
2046,3,30,89,-3.489737874,"2"
2046,3,31,90,-3.236438142,"2"
2047,3,1,60,-11.546500434,"2"
2047,3,2,61,-12.233156334,"2"
2047,3,3,62,-11.94018315,"2"
2047,3,4,63,-11.369495802,"2"
2047,3,5,64,-11.174180346,"2"
2047,3,6,65,-11.134506894,"2"
2047,3,7,66,-10.774394022,"2"
2047,3,8,67,-11.165024934,"2"
2047,3,9,68,-10.823222886,"2"
2047,3,10,69,-10.356296874,"2"
2047,3,11,70,-8.70527091,"2"
2047,3,12,71,-9.977873178,"2"
2047,3,13,72,-9.144730686,"2"
2047,3,14,73,-8.586250554,"2"
2047,3,15,74,-8.747996166,"2"
2047,3,16,75,-9.08674641,"2"
2047,3,17,76,-8.226137682,"2"
2047,3,18,77,-8.53742169,"2"
2047,3,19,78,-9.462118302,"2"
2047,3,20,79,-8.195619642,"2"
2047,3,21,80,-6.358433634,"2"
2047,3,22,81,-6.303501162,"2"
2047,3,23,82,-5.894559426,"2"
2047,3,24,83,-4.28015511,"2"
2047,3,25,84,-4.420538094,"2"
2047,3,26,85,-4.121461302,"2"
2047,3,27,86,-5.74502103,"2"
2047,3,28,87,-4.100098674,"2"
2047,3,29,88,-3.694208742,"2"
2047,3,30,89,-3.727778586,"2"
2047,3,31,90,-3.840695334,"2"
2048,3,1,61,-11.92492413,"2"
2048,3,2,62,-11.216905602,"2"
2048,3,3,63,-11.766230322,"2"
2048,3,4,64,-12.358280298,"2"
2048,3,5,65,-12.318606846,"2"
2048,3,6,66,-14.329745682,"2"
2048,3,7,67,-12.541388538,"2"
2048,3,8,68,-11.064315402,"2"
2048,3,9,69,-10.70420253,"2"
2048,3,10,70,-11.076522618,"2"
2048,3,11,71,-11.256579054,"2"
2048,3,12,72,-10.539405114,"2"
2048,3,13,73,-9.205766766,"2"
2048,3,14,74,-6.871136706,"2"
2048,3,15,75,-4.728770298,"2"
2048,3,16,76,-5.229266154,"2"
2048,3,17,77,-6.330967398,"2"
2048,3,18,78,-6.495764814,"2"
2048,3,19,79,-6.66056223,"2"
2048,3,20,80,-6.501868422,"2"
2048,3,21,81,-5.201799918,"2"
2048,3,22,82,-5.171281878,"2"
2048,3,23,83,-3.60875823,"2"
2048,3,24,84,-3.85290255,"2"
2048,3,25,85,-6.32486379,"2"
2048,3,26,86,-5.845730562,"2"
2048,3,27,87,-4.744029318,"2"
2048,3,28,88,-4.99732905,"2"
2048,3,29,89,-4.573128294,"2"
2048,3,30,90,-4.551765666,"2"
2048,3,31,91,-3.996337338,"2"
2049,3,1,60,-14.805827106,"2"
2049,3,2,61,-13.310443146,"2"
2049,3,3,62,-12.349124886,"2"
2049,3,4,63,-11.381703018,"2"
2049,3,5,64,-11.860836246,"2"
2049,3,6,65,-11.537345022,"2"
2049,3,7,66,-11.021590146,"2"
2049,3,8,67,-11.19249117,"2"
2049,3,9,68,-10.310519814,"2"
2049,3,10,69,-8.912793582,"2"
2049,3,11,70,-10.679788098,"2"
2049,3,12,71,-10.237276518,"2"
2049,3,13,72,-9.623863914,"2"
2049,3,14,73,-8.46112659,"2"
2049,3,15,74,-9.33089073,"2"
2049,3,16,75,-8.220034074,"2"
2049,3,17,76,-6.556800894,"2"
2049,3,18,77,-6.926069178,"2"
2049,3,19,78,-8.41534953,"2"
2049,3,20,79,-9.004347702,"2"
2049,3,21,80,-8.833446678,"2"
2049,3,22,81,-6.642251406,"2"
2049,3,23,82,-4.649423394,"2"
2049,3,24,83,-5.894559426,"2"
2049,3,25,84,-5.268939606,"2"
2049,3,26,85,-5.613793458,"2"
2049,3,27,86,-5.342182902,"2"
2049,3,28,87,-3.297474222,"2"
2049,3,29,88,-2.415502866,"2"
2049,3,30,89,-3.706415958,"2"
2049,3,31,90,-4.405279074,"2"
2050,3,1,60,-12.892345998,"2"
2050,3,2,61,-13.536276642,"2"
2050,3,3,62,-12.172120254,"2"
2050,3,4,63,-11.674676202,"2"
2050,3,5,64,-10.38376311,"2"
2050,3,6,65,-9.764246898,"2"
2050,3,7,66,-9.007399506,"2"
2050,3,8,67,-11.766230322,"2"
2050,3,9,68,-12.669564306,"2"
2050,3,10,69,-10.579078566,"2"
2050,3,11,70,-8.253603918,"2"
2050,3,12,71,-7.344166326,"2"
2050,3,13,72,-8.226137682,"2"
2050,3,14,73,-5.827419738,"2"
2050,3,15,74,-8.030822226,"2"
2050,3,16,75,-7.59136245,"2"
2050,3,17,76,-8.403142314,"2"
2050,3,18,77,-7.814144142,"2"
2050,3,19,78,-7.960630734,"2"
2050,3,20,79,-8.976881466,"2"
2050,3,21,80,-8.458074786,"2"
2050,3,22,81,-6.76737537,"2"
2050,3,23,82,-6.18753261,"2"
2050,3,24,83,-4.58533551,"2"
2050,3,25,84,-3.025863666,"2"
2050,3,26,85,-2.76951213,"2"
2050,3,27,86,-2.70847605,"2"
2050,3,28,87,-1.738002378,"2"
2050,3,29,88,-1.649500062,"2"
2050,3,30,89,-2.488746162,"2"
2050,3,31,90,-1.82345289,"2"
2051,3,1,60,-11.226061014,"2"
2051,3,2,61,-12.791636466,"2"
2051,3,3,62,-13.06935063,"2"
2051,3,4,63,-12.297244218,"2"
2051,3,5,64,-10.875103554,"2"
2051,3,6,65,-9.825282978,"2"
2051,3,7,66,-10.807963866,"2"
2051,3,8,67,-10.12435977,"2"
2051,3,9,68,-8.955518838,"2"
2051,3,10,69,-7.655450334,"2"
2051,3,11,70,-10.68894351,"2"
2051,3,12,71,-11.860836246,"2"
2051,3,13,72,-10.804912062,"2"
2051,3,14,73,-9.547568814,"2"
2051,3,15,74,-9.578086854,"2"
2051,3,16,75,-7.893491046,"2"
2051,3,17,76,-8.863964718,"2"
2051,3,18,77,-7.063400358,"2"
2051,3,19,78,-6.14175555,"2"
2051,3,20,79,-6.593422542,"2"
2051,3,21,80,-6.834515058,"2"
2051,3,22,81,-7.719538218,"2"
2051,3,23,82,-5.818264326,"2"
2051,3,24,83,-5.223162546,"2"
2051,3,25,84,-4.335087582,"2"
2051,3,26,85,-5.000380854,"2"
2051,3,27,86,-4.365605622,"2"
2051,3,28,87,-3.016708254,"2"
2051,3,29,88,-2.43381369,"2"
2051,3,30,89,-3.111314178,"2"
2051,3,31,90,-4.512092214,"2"
2052,3,1,61,-12.355228494,"2"
2052,3,2,62,-11.723505066,"2"
2052,3,3,63,-12.892345998,"2"
2052,3,4,64,-10.853740926,"2"
2052,3,5,65,-10.191499458,"2"
2052,3,6,66,-10.691995314,"2"
2052,3,7,67,-11.998167426,"2"
2052,3,8,68,-12.999159138,"2"
2052,3,9,69,-12.15380943,"2"
2052,3,10,70,-10.484472642,"2"
2052,3,11,71,-10.218965694,"2"
2052,3,12,72,-10.157929614,"2"
2052,3,13,73,-9.974821374,"2"
2052,3,14,74,-9.144730686,"2"
2052,3,15,75,-8.833446678,"2"
2052,3,16,76,-8.570991534,"2"
2052,3,17,77,-6.605629758,"2"
2052,3,18,78,-7.594414254,"2"
2052,3,19,79,-7.231249578,"2"
2052,3,20,80,-5.854885974,"2"
2052,3,21,81,-7.569999822,"2"
2052,3,22,82,-6.929120982,"2"
2052,3,23,83,-6.001372566,"2"
2052,3,24,84,-4.73792571,"2"
2052,3,25,85,-2.888532486,"2"
2052,3,26,86,-4.353398406,"2"
2052,3,27,87,-5.799953502,"2"
2052,3,28,88,-4.762340142,"2"
2052,3,29,89,-3.447012618,"2"
2052,3,30,90,-2.610818322,"2"
2052,3,31,91,-4.750132926,"2"
2053,3,1,60,-11.021590146,"2"
2053,3,2,61,-11.674676202,"2"
2053,3,3,62,-11.198594778,"2"
2053,3,4,63,-9.950406942,"2"
2053,3,5,64,-11.387806626,"2"
2053,3,6,65,-12.767222034,"2"
2053,3,7,66,-12.507818694,"2"
2053,3,8,67,-9.288165474,"2"
2053,3,9,68,-8.296329174,"2"
2053,3,10,69,-7.518119154,"2"
2053,3,11,70,-7.899594654,"2"
2053,3,12,71,-6.953535414,"2"
2053,3,13,72,-6.407262498,"2"
2053,3,14,73,-7.924009086,"2"
2053,3,15,74,-6.90470655,"2"
2053,3,16,75,-6.663614034,"2"
2053,3,17,76,-7.88128383,"2"
2053,3,18,77,-7.704279198,"2"
2053,3,19,78,-5.76028005,"2"
2053,3,20,79,-5.037002502,"2"
2053,3,21,80,-5.11940121,"2"
2053,3,22,81,-4.444952526,"2"
2053,3,23,82,-5.18043729,"2"
2053,3,24,83,-5.000380854,"2"
2053,3,25,84,-3.584343798,"2"
2053,3,26,85,-2.54062683,"2"
2053,3,27,86,-3.19676469,"2"
2053,3,28,87,-2.00656113,"2"
2053,3,29,88,-1.22835111,"2"
2053,3,30,89,-1.71663975,"2"
2053,3,31,90,-2.027923758,"2"
2054,3,1,60,-10.466161818,"2"
2054,3,2,61,-11.577018474,"2"
2054,3,3,62,-11.86388805,"2"
2054,3,4,63,-8.921948994,"2"
2054,3,5,64,-9.358356966,"2"
2054,3,6,65,-10.58213037,"2"
2054,3,7,66,-10.975813086,"2"
2054,3,8,67,-10.356296874,"2"
2054,3,9,68,-9.562827834,"2"
2054,3,10,69,-9.980924982,"2"
2054,3,11,70,-9.26985465,"2"
2054,3,12,71,-6.453039558,"2"
2054,3,13,72,-5.677881342,"2"
2054,3,14,73,-7.07255577,"2"
2054,3,15,74,-8.717478126,"2"
2054,3,16,75,-8.336002626,"2"
2054,3,17,76,-6.50797203,"2"
2054,3,18,77,-6.724650114,"2"
2054,3,19,78,-6.581215326,"2"
2054,3,20,79,-5.864041386,"2"
2054,3,21,80,-4.191652794,"2"
2054,3,22,81,-3.54772215,"2"
2054,3,23,82,-4.328983974,"2"
2054,3,24,83,-3.340199478,"2"
2054,3,25,84,-4.292362326,"2"
2054,3,26,85,-3.553825758,"2"
2054,3,27,86,-3.74608941,"2"
2054,3,28,87,-3.154039434,"2"
2054,3,29,88,-1.91500701,"2"
2054,3,30,89,-2.110322466,"2"
2054,3,31,90,-3.282215202,"2"
2055,3,1,60,-14.543371962,"2"
2055,3,2,61,-13.54238025,"2"
2055,3,3,62,-10.380711306,"2"
2055,3,4,63,-10.493628054,"2"
2055,3,5,64,-12.449834418,"2"
2055,3,6,65,-12.76417023,"2"
2055,3,7,66,-12.144654018,"2"
2055,3,8,67,-11.219957406,"2"
2055,3,9,68,-10.603492998,"2"
2055,3,10,69,-9.907681686,"2"
2055,3,11,70,-10.04806467,"2"
2055,3,12,71,-9.547568814,"2"
2055,3,13,72,-9.654381954,"2"
2055,3,14,73,-7.838558574,"2"
2055,3,15,74,-8.052184854,"2"
2055,3,16,75,-9.16304151,"2"
2055,3,17,76,-9.245440218,"2"
2055,3,18,77,-6.59952615,"2"
2055,3,19,78,-5.629052478,"2"
2055,3,20,79,-6.657510426,"2"
2055,3,21,80,-6.90470655,"2"
2055,3,22,81,-6.810100626,"2"
2055,3,23,82,-6.404210694,"2"
2055,3,24,83,-6.819256038,"2"
2055,3,25,84,-5.922025662,"2"
2055,3,26,85,-5.464255062,"2"
2055,3,27,86,-5.583275418,"2"
2055,3,28,87,-4.12756491,"2"
2055,3,29,88,-3.559929366,"2"
2055,3,30,89,-4.350346602,"2"
2055,3,31,90,-2.522316006,"2"
2056,3,1,61,-12.983900118,"2"
2056,3,2,62,-12.257570766,"2"
2056,3,3,63,-13.981840026,"2"
2056,3,4,64,-13.304339538,"2"
2056,3,5,65,-10.133515182,"2"
2056,3,6,66,-9.019606722,"2"
2056,3,7,67,-9.51399897,"2"
2056,3,8,68,-9.767298702,"2"
2056,3,9,69,-9.288165474,"2"
2056,3,10,70,-11.165024934,"2"
2056,3,11,71,-10.725565158,"2"
2056,3,12,72,-10.463110014,"2"
2056,3,13,73,-10.218965694,"2"
2056,3,14,74,-10.859844534,"2"
2056,3,15,75,-11.25352725,"2"
2056,3,16,76,-9.593345874,"2"
2056,3,17,77,-7.777522494,"2"
2056,3,18,78,-6.880292118,"2"
2056,3,19,79,-7.161058086,"2"
2056,3,20,80,-5.473410474,"2"
2056,3,21,81,-6.025786998,"2"
2056,3,22,82,-5.229266154,"2"
2056,3,23,83,-4.551765666,"2"
2056,3,24,84,-4.945448382,"2"
2056,3,25,85,-4.594490922,"2"
2056,3,26,86,-4.991225442,"2"
2056,3,27,87,-4.255740678,"2"
2056,3,28,88,-3.163194846,"2"
2056,3,29,89,-2.879377074,"2"
2056,3,30,90,-1.683069906,"2"
2056,3,31,91,-1.70138073,"2"
2057,3,1,60,-11.55870765,"2"
2057,3,2,61,-11.98596021,"2"
2057,3,3,62,-12.913708626,"2"
2057,3,4,63,-11.989012014,"2"
2057,3,5,64,-10.936139634,"2"
2057,3,6,65,-10.560767742,"2"
2057,3,7,66,-8.894482758,"2"
2057,3,8,67,-8.15594619,"2"
2057,3,9,68,-9.901578078,"2"
2057,3,10,69,-9.242388414,"2"
2057,3,11,70,-8.479437414,"2"
2057,3,12,71,-7.295337462,"2"
2057,3,13,72,-6.681924858,"2"
2057,3,14,73,-6.23330967,"2"
2057,3,15,74,-7.203783342,"2"
2057,3,16,75,-6.190584414,"2"
2057,3,17,76,-6.169221786,"2"
2057,3,18,77,-6.062408646,"2"
2057,3,19,78,-6.26382771,"2"
2057,3,20,79,-4.560921078,"2"
2057,3,21,80,-5.192644506,"2"
2057,3,22,81,-4.658578806,"2"
2057,3,23,82,-5.082779562,"2"
2057,3,24,83,-6.501868422,"2"
2057,3,25,84,-5.320820274,"2"
2057,3,26,85,-4.744029318,"2"
2057,3,27,86,-4.92103395,"2"
2057,3,28,87,-4.087891458,"2"
2057,3,29,88,-3.315785046,"2"
2057,3,30,89,-2.171358546,"2"
2057,3,31,90,-1.536583314,"2"
2058,3,1,60,-11.125351482,"2"
2058,3,2,61,-11.583122082,"2"
2058,3,3,62,-12.364383906,"2"
2058,3,4,63,-11.778437538,"2"
2058,3,5,64,-9.806972154,"2"
2058,3,6,65,-9.825282978,"2"
2058,3,7,66,-8.73578895,"2"
2058,3,8,67,-10.823222886,"2"
2058,3,9,68,-9.861904626,"2"
2058,3,10,69,-9.57503505,"2"
2058,3,11,70,-8.268862938,"2"
2058,3,12,71,-9.97176957,"2"
2058,3,13,72,-8.860912914,"2"
2058,3,14,73,-8.43060855,"2"
2058,3,15,74,-9.291217278,"2"
2058,3,16,75,-9.755091486,"2"
2058,3,17,76,-6.819256038,"2"
2058,3,18,77,-6.620888778,"2"
2058,3,19,78,-6.61478517,"2"
2058,3,20,79,-5.015639874,"2"
2058,3,21,80,-5.54665377,"2"
2058,3,22,81,-5.906766642,"2"
2058,3,23,82,-5.674829538,"2"
2058,3,24,83,-6.453039558,"2"
2058,3,25,84,-5.574120006,"2"
2058,3,26,85,-4.98207003,"2"
2058,3,27,86,-4.664682414,"2"
2058,3,28,87,-3.373769322,"2"
2058,3,29,88,-2.17441035,"2"
2058,3,30,89,-1.341267858,"2"
2058,3,31,90,-0.367742382,"2"
2059,3,1,60,-13.423359894,"2"
2059,3,2,61,-14.784464478,"2"
2059,3,3,62,-13.411152678,"2"
2059,3,4,63,-11.83337001,"2"
2059,3,5,64,-12.29114061,"2"
2059,3,6,65,-12.584113794,"2"
2059,3,7,66,-11.470205334,"2"
2059,3,8,67,-11.439687294,"2"
2059,3,9,68,-11.277941682,"2"
2059,3,10,69,-10.344089658,"2"
2059,3,11,70,-9.816127566,"2"
2059,3,12,71,-10.194551262,"2"
2059,3,13,72,-10.060271886,"2"
2059,3,14,73,-8.314639998,"2"
2059,3,15,74,-7.084762986,"2"
2059,3,16,75,-6.868084902,"2"
2059,3,17,76,-7.289233854,"2"
2059,3,18,77,-6.529334658,"2"
2059,3,19,78,-6.132600138,"2"
2059,3,20,79,-6.230257866,"2"
2059,3,21,80,-5.76028005,"2"
2059,3,22,81,-4.856946066,"2"
2059,3,23,82,-3.434805402,"2"
2059,3,24,83,-3.920042238,"2"
2059,3,25,84,-3.85290255,"2"
2059,3,26,85,-3.767452038,"2"
2059,3,27,86,-3.89867961,"2"
2059,3,28,87,-2.20492839,"2"
2059,3,29,88,-1.33516425,"2"
2059,3,30,89,-2.058441798,"2"
2059,3,31,90,-2.519264202,"2"
2060,3,1,61,-10.29220899,"2"
2060,3,2,62,-9.715418034,"2"
2060,3,3,63,-10.03280565,"2"
2060,3,4,64,-11.149765914,"2"
2060,3,5,65,-9.51399897,"2"
2060,3,6,66,-8.015563206,"2"
2060,3,7,67,-7.88128383,"2"
2060,3,8,68,-6.773478978,"2"
2060,3,9,69,-5.876248602,"2"
2060,3,10,70,-6.794841606,"2"
2060,3,11,71,-8.152894386,"2"
2060,3,12,72,-8.97993327,"2"
2060,3,13,73,-7.096970202,"2"
2060,3,14,74,-7.139695458,"2"
2060,3,15,75,-7.66765755,"2"
2060,3,16,76,-6.605629758,"2"
2060,3,17,77,-4.307621346,"2"
2060,3,18,78,-3.978026514,"2"
2060,3,19,79,-4.502936802,"2"
2060,3,20,80,-4.771495554,"2"
2060,3,21,81,-4.695200454,"2"
2060,3,22,82,-5.250628782,"2"
2060,3,23,83,-5.793849894,"2"
2060,3,24,84,-3.47142705,"2"
2060,3,25,85,-4.53955845,"2"
2060,3,26,86,-5.778590874,"2"
2060,3,27,87,-5.000380854,"2"
2060,3,28,88,-2.726786874,"2"
2060,3,29,89,-2.223239214,"2"
2060,3,30,90,-1.783779438,"2"
2060,3,31,91,-2.589455694,"2"
2061,3,1,60,-12.938123058,"2"
2061,3,2,61,-12.36743571,"2"
2061,3,3,62,-11.55870765,"2"
2061,3,4,63,-11.998167426,"2"
2061,3,5,64,-11.89440609,"2"
2061,3,6,65,-12.56580297,"2"
2061,3,7,66,-10.905621594,"2"
2061,3,8,67,-11.26878627,"2"
2061,3,9,68,-10.90256979,"2"
2061,3,10,69,-9.587242266,"2"
2061,3,11,70,-10.07858271,"2"
2061,3,12,71,-9.517050774,"2"
2061,3,13,72,-9.581138658,"2"
2061,3,14,73,-8.96467425,"2"
2061,3,15,74,-7.97283795,"2"
2061,3,16,75,-7.100022006,"2"
2061,3,17,76,-6.733805526,"2"
2061,3,18,77,-8.287173762,"2"
2061,3,19,78,-8.046081246,"2"
2061,3,20,79,-7.33195911,"2"
2061,3,21,80,-6.120392922,"2"
2061,3,22,81,-5.061416934,"2"
2061,3,23,82,-4.914930342,"2"
2061,3,24,83,-5.510032122,"2"
2061,3,25,84,-4.786754574,"2"
2061,3,26,85,-4.106202282,"2"
2061,3,27,86,-4.322880366,"2"
2061,3,28,87,-4.078736046,"2"
2061,3,29,88,-2.89158429,"2"
2061,3,30,89,-2.772563934,"2"
2061,3,31,90,-2.116426074,"2"
2062,3,1,60,-7.322803698,"2"
2062,3,2,61,-6.95048361,"2"
2062,3,3,62,-7.808040534,"2"
2062,3,4,63,-6.831463254,"2"
2062,3,5,64,-6.520179246,"2"
2062,3,6,65,-7.701227394,"2"
2062,3,7,66,-8.223085878,"2"
2062,3,8,67,-8.531318082,"2"
2062,3,9,68,-9.016554918,"2"
2062,3,10,69,-9.034865742,"2"
2062,3,11,70,-8.213930466,"2"
2062,3,12,71,-6.770427174,"2"
2062,3,13,72,-7.411306014,"2"
2062,3,14,73,-7.734797238,"2"
2062,3,15,74,-6.459143166,"2"
2062,3,16,75,-5.980009938,"2"
2062,3,17,76,-5.552757378,"2"
2062,3,18,77,-5.635156086,"2"
2062,3,19,78,-4.664682414,"2"
2062,3,20,79,-3.926145846,"2"
2062,3,21,80,-4.60059453,"2"
2062,3,22,81,-3.859006158,"2"
2062,3,23,82,-3.614861838,"2"
2062,3,24,83,-3.57824019,"2"
2062,3,25,84,-3.254748966,"2"
2062,3,26,85,-1.741054182,"2"
2062,3,27,86,-1.85397093,"2"
2062,3,28,87,-2.31174153,"2"
2062,3,29,88,-2.473487142,"2"
2062,3,30,89,-2.851910838,"2"
2062,3,31,90,-1.826504694,"2"
2063,3,1,60,-12.401005554,"2"
2063,3,2,61,-10.243380126,"2"
2063,3,3,62,-9.568931442,"2"
2063,3,4,63,-10.70420253,"2"
2063,3,5,64,-9.935147922,"2"
2063,3,6,65,-10.197603066,"2"
2063,3,7,66,-11.186387562,"2"
2063,3,8,67,-10.84153371,"2"
2063,3,9,68,-11.305407918,"2"
2063,3,10,69,-10.560767742,"2"
2063,3,11,70,-8.729685342,"2"
2063,3,12,71,-9.45296289,"2"
2063,3,13,72,-9.623863914,"2"
2063,3,14,73,-8.397038706,"2"
2063,3,15,74,-8.580146946,"2"
2063,3,16,75,-6.947431806,"2"
2063,3,17,76,-4.78370277,"2"
2063,3,18,77,-4.762340142,"2"
2063,3,19,78,-4.032958986,"2"
2063,3,20,79,-4.139772126,"2"
2063,3,21,80,-4.774547358,"2"
2063,3,22,81,-6.27908673,"2"
2063,3,23,82,-5.528342946,"2"
2063,3,24,83,-3.993285534,"2"
2063,3,25,84,-4.093995066,"2"
2063,3,26,85,-3.538566738,"2"
2063,3,27,86,-3.77660745,"2"
2063,3,28,87,-2.879377074,"2"
2063,3,29,88,-1.542686922,"2"
2063,3,30,89,-0.398260422,"2"
2063,3,31,90,-0.932326122,"2"
2064,3,1,61,-11.338977762,"2"
2064,3,2,62,-9.355305162,"2"
2064,3,3,63,-9.599449482,"2"
2064,3,4,64,-9.04096935,"2"
2064,3,5,65,-8.189516034,"2"
2064,3,6,66,-7.289233854,"2"
2064,3,7,67,-7.145799066,"2"
2064,3,8,68,-7.960630734,"2"
2064,3,9,69,-8.24750031,"2"
2064,3,10,70,-7.615776882,"2"
2064,3,11,71,-5.754176442,"2"
2064,3,12,72,-6.81315243,"2"
2064,3,13,73,-5.476462278,"2"
2064,3,14,74,-5.284198626,"2"
2064,3,15,75,-4.603646334,"2"
2064,3,16,76,-3.978026514,"2"
2064,3,17,77,-4.89051591,"2"
2064,3,18,78,-6.196688022,"2"
2064,3,19,79,-5.909818446,"2"
2064,3,20,80,-6.541541874,"2"
2064,3,21,81,-5.152971054,"2"
2064,3,22,82,-4.667734218,"2"
2064,3,23,83,-6.315708378,"2"
2064,3,24,84,-5.323872078,"2"
2064,3,25,85,-5.62294887,"2"
2064,3,26,86,-6.062408646,"2"
2064,3,27,87,-6.181429002,"2"
2064,3,28,88,-4.747081122,"2"
2064,3,29,89,-2.613870126,"2"
2064,3,30,90,-2.31174153,"2"
2064,3,31,91,-1.713587946,"2"
2065,3,1,60,-13.682763234,"2"
2065,3,2,61,-13.539328446,"2"
2065,3,3,62,-13.102920474,"2"
2065,3,4,63,-12.751963014,"2"
2065,3,5,64,-11.866939854,"2"
2065,3,6,65,-12.416264574,"2"
2065,3,7,66,-12.495611478,"2"
2065,3,8,67,-10.621803822,"2"
2065,3,9,68,-10.356296874,"2"
2065,3,10,69,-9.648278346,"2"
2065,3,11,70,-8.931104406,"2"
2065,3,12,71,-7.46929029,"2"
2065,3,13,72,-8.93415621,"2"
2065,3,14,73,-7.46929029,"2"
2065,3,15,74,-6.993208866,"2"
2065,3,16,75,-7.77447069,"2"
2065,3,17,76,-9.20881857,"2"
2065,3,18,77,-8.558784318,"2"
2065,3,19,78,-6.34012281,"2"
2065,3,20,79,-6.312656574,"2"
2065,3,21,80,-5.046157914,"2"
2065,3,22,81,-3.236438142,"2"
2065,3,23,82,-3.727778586,"2"
2065,3,24,83,-4.649423394,"2"
2065,3,25,84,-4.948500186,"2"
2065,3,26,85,-3.102158766,"2"
2065,3,27,86,-1.341267858,"2"
2065,3,28,87,-2.244601842,"2"
2065,3,29,88,-1.83871191,"2"
2065,3,30,89,-2.690165226,"2"
2065,3,31,90,-3.141832218,"2"
2066,3,1,60,-11.174180346,"2"
2066,3,2,61,-10.194551262,"2"
2066,3,3,62,-8.387883294,"2"
2066,3,4,63,-11.763178518,"2"
2066,3,5,64,-12.101928762,"2"
2066,3,6,65,-10.90256979,"2"
2066,3,7,66,-10.39902213,"2"
2066,3,8,67,-9.446859282,"2"
2066,3,9,68,-8.88837915,"2"
2066,3,10,69,-8.732737146,"2"
2066,3,11,70,-9.263751042,"2"
2066,3,12,71,-8.793773226,"2"
2066,3,13,72,-8.403142314,"2"
2066,3,14,73,-6.959639022,"2"
2066,3,15,74,-7.36247715,"2"
2066,3,16,75,-6.526282854,"2"
2066,3,17,76,-4.689096846,"2"
2066,3,18,77,-4.985121834,"2"
2066,3,19,78,-6.105133902,"2"
2066,3,20,79,-5.967802722,"2"
2066,3,21,80,-7.142747262,"2"
2066,3,22,81,-6.465246774,"2"
2066,3,23,82,-5.635156086,"2"
2066,3,24,83,-5.253680586,"2"
2066,3,25,84,-4.817272614,"2"
2066,3,26,85,-4.20386001,"2"
2066,3,27,86,-3.47142705,"2"
2066,3,28,87,-4.460211546,"2"
2066,3,29,88,-2.726786874,"2"
2066,3,30,89,-2.787822954,"2"
2066,3,31,90,-1.890592578,"2"
2067,3,1,60,-11.244371838,"2"
2067,3,2,61,-14.067290538,"2"
2067,3,3,62,-11.305407918,"2"
2067,3,4,63,-9.74288427,"2"
2067,3,5,64,-12.544440342,"2"
2067,3,6,65,-12.501715086,"2"
2067,3,7,66,-11.219957406,"2"
2067,3,8,67,-9.08674641,"2"
2067,3,9,68,-9.791713134,"2"
2067,3,10,69,-7.91180187,"2"
2067,3,11,70,-7.405202406,"2"
2067,3,12,71,-6.376744458,"2"
2067,3,13,72,-6.779582586,"2"
2067,3,14,73,-7.22514597,"2"
2067,3,15,74,-7.298389266,"2"
2067,3,16,75,-6.672769446,"2"
2067,3,17,76,-6.239413278,"2"
2067,3,18,77,-6.025786998,"2"
2067,3,19,78,-7.100022006,"2"
2067,3,20,79,-5.995268958,"2"
2067,3,21,80,-6.877240314,"2"
2067,3,22,81,-6.67582125,"2"
2067,3,23,82,-6.211947042,"2"
2067,3,24,83,-6.636147798,"2"
2067,3,25,84,-6.764323566,"2"
2067,3,26,85,-6.022735194,"2"
2067,3,27,86,-3.85290255,"2"
2067,3,28,87,-2.885480682,"2"
2067,3,29,88,-1.35042327,"2"
2067,3,30,89,-2.061493602,"2"
2067,3,31,90,-2.467383534,"2"
2068,3,1,61,-9.471273714,"2"
2068,3,2,62,-8.64423483,"2"
2068,3,3,63,-8.747996166,"2"
2068,3,4,64,-11.168076738,"2"
2068,3,5,65,-9.913785294,"2"
2068,3,6,66,-8.78156601,"2"
2068,3,7,67,-8.650338438,"2"
2068,3,8,68,-10.136566986,"2"
2068,3,9,69,-8.360417058,"2"
2068,3,10,70,-7.658502138,"2"
2068,3,11,71,-8.580146946,"2"
2068,3,12,72,-7.615776882,"2"
2068,3,13,73,-7.826351358,"2"
2068,3,14,74,-7.508963742,"2"
2068,3,15,75,-7.151902674,"2"
2068,3,16,76,-6.483557598,"2"
2068,3,17,77,-4.396123662,"2"
2068,3,18,78,-5.406270786,"2"
2068,3,19,79,-6.971846238,"2"
2068,3,20,80,-5.778590874,"2"
2068,3,21,81,-6.633095994,"2"
2068,3,22,82,-6.205843434,"2"
2068,3,23,83,-5.45509965,"2"
2068,3,24,84,-5.427633414,"2"
2068,3,25,85,-5.595482634,"2"
2068,3,26,86,-5.369649138,"2"
2068,3,27,87,-4.521247626,"2"
2068,3,28,88,-3.587395602,"2"
2068,3,29,89,-2.629129146,"2"
2068,3,30,90,-1.07576091,"2"
2068,3,31,91,-0.788891334,"2"
2069,3,1,60,-12.620735442,"2"
2069,3,2,61,-11.967649386,"2"
2069,3,3,62,-13.19142279,"2"
2069,3,4,63,-13.658348802,"2"
2069,3,5,64,-11.906613306,"2"
2069,3,6,65,-11.622795534,"2"
2069,3,7,66,-11.338977762,"2"
2069,3,8,67,-10.725565158,"2"
2069,3,9,68,-12.431523594,"2"
2069,3,10,69,-11.457998118,"2"
2069,3,11,70,-11.14671411,"2"
2069,3,12,71,-10.380711306,"2"
2069,3,13,72,-8.79682503,"2"
2069,3,14,73,-8.738840754,"2"
2069,3,15,74,-8.363468862,"2"
2069,3,16,75,-9.343097946,"2"
2069,3,17,76,-8.220034074,"2"
2069,3,18,77,-7.48454931,"2"
2069,3,19,78,-6.794841606,"2"
2069,3,20,79,-6.276034926,"2"
2069,3,21,80,-5.314716666,"2"
2069,3,22,81,-4.563972882,"2"
2069,3,23,82,-4.426641702,"2"
2069,3,24,83,-3.590447406,"2"
2069,3,25,84,-4.286258718,"2"
2069,3,26,85,-3.651483486,"2"
2069,3,27,86,-4.625008962,"2"
2069,3,28,87,-4.774547358,"2"
2069,3,29,88,-2.336155962,"2"
2069,3,30,89,-0.187685946,"2"
2069,3,31,90,-0.764476902,"2"
2070,3,1,60,-13.194474594,"2"
2070,3,2,61,-12.330814062,"2"
2070,3,3,62,-12.91676043,"2"
2070,3,4,63,-10.991072106,"2"
2070,3,5,64,-9.443807478,"2"
2070,3,6,65,-9.846645606,"2"
2070,3,7,66,-10.789653042,"2"
2070,3,8,67,-12.819102702,"2"
2070,3,9,68,-12.666512502,"2"
2070,3,10,69,-13.624778958,"2"
2070,3,11,70,-11.427480078,"2"
2070,3,12,71,-10.38376311,"2"
2070,3,13,72,-9.578086854,"2"
2070,3,14,73,-9.675744582,"2"
2070,3,15,74,-9.507895362,"2"
2070,3,16,75,-8.58319875,"2"
2070,3,17,76,-6.428625126,"2"
2070,3,18,77,-5.650415106,"2"
2070,3,19,78,-6.239413278,"2"
2070,3,20,79,-4.945448382,"2"
2070,3,21,80,-5.201799918,"2"
2070,3,22,81,-5.54665377,"2"
2070,3,23,82,-6.144807354,"2"
2070,3,24,83,-5.143815642,"2"
2070,3,25,84,-5.735865618,"2"
2070,3,26,85,-6.05020143,"2"
2070,3,27,86,-4.84473885,"2"
2070,3,28,87,-2.92210233,"2"
2070,3,29,88,-2.076752622,"2"
2070,3,30,89,-1.649500062,"2"
2070,3,31,90,-0.871290042,"2"
2071,3,1,60,-11.296252506,"2"
2071,3,2,61,-11.729608674,"2"
2071,3,3,62,-11.387806626,"2"
2071,3,4,63,-10.286105382,"2"
2071,3,5,64,-9.776454114,"2"
2071,3,6,65,-11.418324666,"2"
2071,3,7,66,-11.836421814,"2"
2071,3,8,67,-11.503775178,"2"
2071,3,9,68,-12.040892682,"2"
2071,3,10,69,-9.541465206,"2"
2071,3,11,70,-7.386891582,"2"
2071,3,12,71,-8.04913305,"2"
2071,3,13,72,-11.125351482,"2"
2071,3,14,73,-11.866939854,"2"
2071,3,15,74,-9.04096935,"2"
2071,3,16,75,-7.48454931,"2"
2071,3,17,76,-8.271914742,"2"
2071,3,18,77,-7.258715814,"2"
2071,3,19,78,-7.264819422,"2"
2071,3,20,79,-7.304492874,"2"
2071,3,21,80,-5.967802722,"2"
2071,3,22,81,-5.79079809,"2"
2071,3,23,82,-6.611733366,"2"
2071,3,24,83,-5.970854526,"2"
2071,3,25,84,-5.677881342,"2"
2071,3,26,85,-5.171281878,"2"
2071,3,27,86,-5.05836513,"2"
2071,3,28,87,-4.090943262,"2"
2071,3,29,88,-4.179445578,"2"
2071,3,30,89,-2.900739702,"2"
2071,3,31,90,-1.652551866,"2"
2072,3,1,61,-8.882275542,"2"
2072,3,2,62,-8.455022982,"2"
2072,3,3,63,-9.388875006,"2"
2072,3,4,64,-10.878155358,"2"
2072,3,5,65,-11.720453262,"2"
2072,3,6,66,-9.846645606,"2"
2072,3,7,67,-9.813075762,"2"
2072,3,8,68,-10.350193266,"2"
2072,3,9,69,-9.166093314,"2"
2072,3,10,70,-10.008391218,"2"
2072,3,11,71,-9.196611354,"2"
2072,3,12,72,-8.134583562,"2"
2072,3,13,73,-7.85076579,"2"
2072,3,14,74,-7.01151969,"2"
2072,3,15,75,-6.358433634,"2"
2072,3,16,76,-6.831463254,"2"
2072,3,17,77,-7.359425346,"2"
2072,3,18,78,-6.092926686,"2"
2072,3,19,79,-6.053253234,"2"
2072,3,20,80,-6.776530782,"2"
2072,3,21,81,-6.395055282,"2"
2072,3,22,82,-5.778590874,"2"
2072,3,23,83,-5.879300406,"2"
2072,3,24,84,-4.823376222,"2"
2072,3,25,85,-4.67688963,"2"
2072,3,26,86,-4.197756402,"2"
2072,3,27,87,-3.904783218,"2"
2072,3,28,88,-4.05126981,"2"
2072,3,29,89,-3.483634266,"2"
2072,3,30,90,-2.424658278,"2"
2072,3,31,91,-2.043182778,"2"
2073,3,1,60,-10.33798605,"2"
2073,3,2,61,-10.038909258,"2"
2073,3,3,62,-9.30037269,"2"
2073,3,4,63,-9.10200543,"2"
2073,3,5,64,-9.465170106,"2"
2073,3,6,65,-9.428548458,"2"
2073,3,7,66,-8.961622446,"2"
2073,3,8,67,-7.335010914,"2"
2073,3,9,68,-7.05729675,"2"
2073,3,10,69,-8.287173762,"2"
2073,3,11,70,-7.83550677,"2"
2073,3,12,71,-7.36247715,"2"
2073,3,13,72,-7.95757893,"2"
2073,3,14,73,-8.348209842,"2"
2073,3,15,74,-8.165101602,"2"
2073,3,16,75,-7.59136245,"2"
2073,3,17,76,-6.09597849,"2"
2073,3,18,77,-5.452047846,"2"
2073,3,19,78,-5.323872078,"2"
2073,3,20,79,-5.000380854,"2"
2073,3,21,80,-5.656518714,"2"
2073,3,22,81,-5.983061742,"2"
2073,3,23,82,-6.379796262,"2"
2073,3,24,83,-6.395055282,"2"
2073,3,25,84,-5.900663034,"2"
2073,3,26,85,-5.784694482,"2"
2073,3,27,86,-3.874265178,"2"
2073,3,28,87,-3.63927627,"2"
2073,3,29,88,-1.847867322,"2"
2073,3,30,89,-1.811245674,"2"
2073,3,31,90,-1.033035654,"2"
2074,3,1,60,-9.730677054,"2"
2074,3,2,61,-10.151826006,"2"
2074,3,3,62,-9.825282978,"2"
2074,3,4,63,-9.965665962,"2"
2074,3,5,64,-11.821162794,"2"
2074,3,6,65,-9.828334782,"2"
2074,3,7,66,-8.744944362,"2"
2074,3,8,67,-8.90363817,"2"
2074,3,9,68,-9.913785294,"2"
2074,3,10,69,-10.252535538,"2"
2074,3,11,70,-8.458074786,"2"
2074,3,12,71,-7.829403162,"2"
2074,3,13,72,-8.165101602,"2"
2074,3,14,73,-6.971846238,"2"
2074,3,15,74,-6.27908673,"2"
2074,3,16,75,-7.008467886,"2"
2074,3,17,76,-6.871136706,"2"
2074,3,18,77,-6.288242142,"2"
2074,3,19,78,-6.077667666,"2"
2074,3,20,79,-5.644311498,"2"
2074,3,21,80,-5.491721298,"2"
2074,3,22,81,-5.665674126,"2"
2074,3,23,82,-3.51720411,"2"
2074,3,24,83,-3.096055158,"2"
2074,3,25,84,-3.450064422,"2"
2074,3,26,85,-3.010604646,"2"
2074,3,27,86,-2.854962642,"2"
2074,3,28,87,-1.875333558,"2"
2074,3,29,88,-2.714579658,"2"
2074,3,30,89,-3.950560278,"2"
2074,3,31,90,-3.559929366,"2"
2075,3,1,60,-12.660408894,"2"
2075,3,2,61,-11.750971302,"2"
2075,3,3,62,-11.366443998,"2"
2075,3,4,63,-9.571983246,"2"
2075,3,5,64,-9.309528102,"2"
2075,3,6,65,-11.644158162,"2"
2075,3,7,66,-11.55870765,"2"
2075,3,8,67,-11.808955578,"2"
2075,3,9,68,-10.53635331,"2"
2075,3,10,69,-8.299380978,"2"
2075,3,11,70,-6.32486379,"2"
2075,3,12,71,-6.749064546,"2"
2075,3,13,72,-9.709314426,"2"
2075,3,14,73,-10.07858271,"2"
2075,3,15,74,-8.387883294,"2"
2075,3,16,75,-8.290225566,"2"
2075,3,17,76,-7.252612206,"2"
2075,3,18,77,-8.104065522,"2"
2075,3,19,78,-7.631035902,"2"
2075,3,20,79,-6.443884146,"2"
2075,3,21,80,-6.08071947,"2"
2075,3,22,81,-5.19569631,"2"
2075,3,23,82,-4.658578806,"2"
2075,3,24,83,-4.548713862,"2"
2075,3,25,84,-3.971922906,"2"
2075,3,26,85,-3.56298117,"2"
2075,3,27,86,-3.556877562,"2"
2075,3,28,87,-2.394140238,"2"
2075,3,29,88,-2.34225957,"2"
2075,3,30,89,-2.241550038,"2"
2075,3,31,90,-2.912946918,"2"
2076,3,1,61,-11.51293059,"2"
2076,3,2,62,-9.272906454,"2"
2076,3,3,63,-9.626915718,"2"
2076,3,4,64,-10.173188634,"2"
2076,3,5,65,-10.814067474,"2"
2076,3,6,66,-12.059203506,"2"
2076,3,7,67,-11.19249117,"2"
2076,3,8,68,-9.456014694,"2"
2076,3,9,69,-8.363468862,"2"
2076,3,10,70,-7.829403162,"2"
2076,3,11,71,-8.570991534,"2"
2076,3,12,72,-8.04913305,"2"
2076,3,13,73,-7.182420714,"2"
2076,3,14,74,-6.791789802,"2"
2076,3,15,75,-6.147859158,"2"
2076,3,16,76,-7.371632562,"2"
2076,3,17,77,-6.718546506,"2"
2076,3,18,78,-6.214998846,"2"
2076,3,19,79,-6.392003478,"2"
2076,3,20,80,-6.059356842,"2"
2076,3,21,81,-4.487677782,"2"
2076,3,22,82,-2.69321703,"2"
2076,3,23,83,-1.310749818,"2"
2076,3,24,84,-2.650491774,"2"
2076,3,25,85,-3.831539922,"2"
2076,3,26,86,-2.00656113,"2"
2076,3,27,87,-1.99130211,"2"
2076,3,28,88,-2.171358546,"2"
2076,3,29,89,-1.47249543,"2"
2076,3,30,90,-0.965895966,"2"
2076,3,31,91,-1.298542602,"2"
2077,3,1,60,-14.497594902,"2"
2077,3,2,61,-13.43556711,"2"
2077,3,3,62,-12.132446802,"2"
2077,3,4,63,-11.54344863,"2"
2077,3,5,64,-10.899517986,"2"
2077,3,6,65,-10.606544802,"2"
2077,3,7,66,-10.286105382,"2"
2077,3,8,67,-8.78156601,"2"
2077,3,9,68,-6.929120982,"2"
2077,3,10,69,-6.23330967,"2"
2077,3,11,70,-7.295337462,"2"
2077,3,12,71,-7.588310646,"2"
2077,3,13,72,-7.884335634,"2"
2077,3,14,73,-6.23330967,"2"
2077,3,15,74,-7.038985926,"2"
2077,3,16,75,-8.555732514,"2"
2077,3,17,76,-8.128479954,"2"
2077,3,18,77,-6.422521518,"2"
2077,3,19,78,-5.583275418,"2"
2077,3,20,79,-5.091934974,"2"
2077,3,21,80,-6.742960938,"2"
2077,3,22,81,-8.421453138,"2"
2077,3,23,82,-7.33195911,"2"
2077,3,24,83,-6.480505794,"2"
2077,3,25,84,-5.97390633,"2"
2077,3,26,85,-5.68398495,"2"
2077,3,27,86,-4.304569542,"2"
2077,3,28,87,-3.984130122,"2"
2077,3,29,88,-3.08995155,"2"
2077,3,30,89,-3.80712549,"2"
2077,3,31,90,-2.369725806,"2"
2078,3,1,60,-10.157929614,"2"
2078,3,2,61,-9.083694606,"2"
2078,3,3,62,-8.610664986,"2"
2078,3,4,63,-9.001295898,"2"
2078,3,5,64,-8.693063694,"2"
2078,3,6,65,-8.717478126,"2"
2078,3,7,66,-8.589302358,"2"
2078,3,8,67,-9.184404138,"2"
2078,3,9,68,-9.477377322,"2"
2078,3,10,69,-7.46929029,"2"
2078,3,11,70,-7.31670009,"2"
2078,3,12,71,-7.72869363,"2"
2078,3,13,72,-6.245516886,"2"
2078,3,14,73,-5.778590874,"2"
2078,3,15,74,-5.21095533,"2"
2078,3,16,75,-5.293354038,"2"
2078,3,17,76,-5.952543702,"2"
2078,3,18,77,-5.946440094,"2"
2078,3,19,78,-5.293354038,"2"
2078,3,20,79,-5.375752746,"2"
2078,3,21,80,-4.283206914,"2"
2078,3,22,81,-4.11230589,"2"
2078,3,23,82,-3.154039434,"2"
2078,3,24,83,-3.401235558,"2"
2078,3,25,84,-3.83764353,"2"
2078,3,26,85,-4.200808206,"2"
2078,3,27,86,-3.721674978,"2"
2078,3,28,87,-2.079804426,"2"
2078,3,29,88,-1.835660106,"2"
2078,3,30,89,-1.322957034,"2"
2078,3,31,90,0.75532149,"2"
2079,3,1,60,-11.122299678,"2"
2079,3,2,61,-9.797816742,"2"
2079,3,3,62,-9.898526274,"2"
2079,3,4,63,-8.24750031,"2"
2079,3,5,64,-8.412297726,"2"
2079,3,6,65,-9.694055406,"2"
2079,3,7,66,-11.638054554,"2"
2079,3,8,67,-9.730677054,"2"
2079,3,9,68,-8.162049798,"2"
2079,3,10,69,-8.043029442,"2"
2079,3,11,70,-9.309528102,"2"
2079,3,12,71,-9.028762134,"2"
2079,3,13,72,-8.793773226,"2"
2079,3,14,73,-6.620888778,"2"
2079,3,15,74,-7.16410989,"2"
2079,3,16,75,-8.058288462,"2"
2079,3,17,76,-6.266879514,"2"
2079,3,18,77,-5.479514082,"2"
2079,3,19,78,-6.58426713,"2"
2079,3,20,79,-7.902646458,"2"
2079,3,21,80,-6.404210694,"2"
2079,3,22,81,-5.040054306,"2"
2079,3,23,82,-4.435797114,"2"
2079,3,24,83,-3.083847942,"2"
2079,3,25,84,-3.514152306,"2"
2079,3,26,85,-2.528419614,"2"
2079,3,27,86,-2.986190214,"2"
2079,3,28,87,-2.52536781,"2"
2079,3,29,88,-2.95262037,"2"
2079,3,30,89,-2.412451062,"2"
2079,3,31,90,-4.170290166,"2"
2080,3,1,61,-13.017469962,"2"
2080,3,2,62,-10.801860258,"2"
2080,3,3,63,-10.646218254,"2"
2080,3,4,64,-11.378651214,"2"
2080,3,5,65,-11.491567962,"2"
2080,3,6,66,-10.344089658,"2"
2080,3,7,67,-7.88128383,"2"
2080,3,8,68,-9.785609526,"2"
2080,3,9,69,-8.021666814,"2"
2080,3,10,70,-7.994200578,"2"
2080,3,11,71,-8.06439207,"2"
2080,3,12,72,-7.536429978,"2"
2080,3,13,73,-6.236361474,"2"
2080,3,14,74,-6.834515058,"2"
2080,3,15,75,-7.246508598,"2"
2080,3,16,76,-6.547645482,"2"
2080,3,17,77,-5.583275418,"2"
2080,3,18,78,-4.359502014,"2"
2080,3,19,79,-3.483634266,"2"
2080,3,20,80,-4.118409498,"2"
2080,3,21,81,-3.099106962,"2"
2080,3,22,82,-4.167238362,"2"
2080,3,23,83,-5.146867446,"2"
2080,3,24,84,-4.872205086,"2"
2080,3,25,85,-4.093995066,"2"
2080,3,26,86,-4.81422081,"2"
2080,3,27,87,-3.89867961,"2"
2080,3,28,88,-1.53353151,"2"
2080,3,29,89,-0.492866346,"2"
2080,3,30,90,-1.277179974,"2"
2080,3,31,91,-2.162203134,"2"
2081,3,1,60,-10.621803822,"2"
2081,3,2,61,-10.075530906,"2"
2081,3,3,62,-10.423436562,"2"
2081,3,4,63,-9.596397678,"2"
2081,3,5,64,-9.044021154,"2"
2081,3,6,65,-8.821239462,"2"
2081,3,7,66,-7.71343461,"2"
2081,3,8,67,-6.901654746,"2"
2081,3,9,68,-8.393986902,"2"
2081,3,10,69,-8.43060855,"2"
2081,3,11,70,-7.612725078,"2"
2081,3,12,71,-5.95864731,"2"
2081,3,13,72,-6.715494702,"2"
2081,3,14,73,-5.08888317,"2"
2081,3,15,74,-5.998320762,"2"
2081,3,16,75,-6.800945214,"2"
2081,3,17,76,-5.934232878,"2"
2081,3,18,77,-5.204851722,"2"
2081,3,19,78,-3.666742506,"2"
2081,3,20,79,-3.144884022,"2"
2081,3,21,80,-4.11230589,"2"
2081,3,22,81,-4.155031146,"2"
2081,3,23,82,-3.25780077,"2"
2081,3,24,83,-3.132676806,"2"
2081,3,25,84,-3.389028342,"2"
2081,3,26,85,-3.178453866,"2"
2081,3,27,86,-1.997405718,"2"
2081,3,28,87,-1.191729462,"2"
2081,3,29,88,-1.109330754,"2"
2081,3,30,89,-0.950636946,"2"
2081,3,31,90,-1.832608302,"2"
2082,3,1,60,-10.435643778,"2"
2082,3,2,61,-10.533301506,"2"
2082,3,3,62,-12.629890854,"2"
2082,3,4,63,-12.858776154,"2"
2082,3,5,64,-9.663537366,"2"
2082,3,6,65,-10.316623422,"2"
2082,3,7,66,-10.32272703,"2"
2082,3,8,67,-9.776454114,"2"
2082,3,9,68,-9.202714962,"2"
2082,3,10,69,-8.717478126,"2"
2082,3,11,70,-7.765315278,"2"
2082,3,12,71,-8.448919374,"2"
2082,3,13,72,-9.187455942,"2"
2082,3,14,73,-7.737849042,"2"
2082,3,15,74,-6.297397554,"2"
2082,3,16,75,-5.464255062,"2"
2082,3,17,76,-5.540550162,"2"
2082,3,18,77,-6.688028466,"2"
2082,3,19,78,-4.301517738,"2"
2082,3,20,79,-2.18966937,"2"
2082,3,21,80,-2.52536781,"2"
2082,3,22,81,-3.520255914,"2"
2082,3,23,82,-4.84473885,"2"
2082,3,24,83,-4.121461302,"2"
2082,3,25,84,-3.526359522,"2"
2082,3,26,85,-3.355458498,"2"
2082,3,27,86,-2.101167054,"2"
2082,3,28,87,-1.329060642,"2"
2082,3,29,88,-1.103227146,"2"
2082,3,30,89,-1.307698014,"2"
2082,3,31,90,-0.84687561,"2"
2083,3,1,60,-11.503775178,"2"
2083,3,2,61,-10.853740926,"2"
2083,3,3,62,-11.232164622,"2"
2083,3,4,63,-9.599449482,"2"
2083,3,5,64,-10.084686318,"2"
2083,3,6,65,-11.168076738,"2"
2083,3,7,66,-10.524146094,"2"
2083,3,8,67,-10.188447654,"2"
2083,3,9,68,-8.90363817,"2"
2083,3,10,69,-8.836498482,"2"
2083,3,11,70,-7.924009086,"2"
2083,3,12,71,-8.174257014,"2"
2083,3,13,72,-9.07148739,"2"
2083,3,14,73,-8.815135854,"2"
2083,3,15,74,-8.006407794,"2"
2083,3,16,75,-7.502860134,"2"
2083,3,17,76,-6.82841145,"2"
2083,3,18,77,-6.69108027,"2"
2083,3,19,78,-6.63004419,"2"
2083,3,20,79,-6.330967398,"2"
2083,3,21,80,-5.33302749,"2"
2083,3,22,81,-4.274051502,"2"
2083,3,23,82,-4.011596358,"2"
2083,3,24,83,-3.648431682,"2"
2083,3,25,84,-2.955672174,"2"
2083,3,26,85,-2.57114487,"2"
2083,3,27,86,-1.875333558,"2"
2083,3,28,87,-2.076752622,"2"
2083,3,29,88,-2.153047722,"2"
2083,3,30,89,-3.233386338,"2"
2083,3,31,90,-3.34935489,"2"
2084,3,1,61,-11.68077981,"2"
2084,3,2,62,-13.020521766,"2"
2084,3,3,63,-12.053099898,"2"
2084,3,4,64,-10.777445826,"2"
2084,3,5,65,-11.262682662,"2"
2084,3,6,66,-9.828334782,"2"
2084,3,7,67,-8.909741778,"2"
2084,3,8,68,-8.52216267,"2"
2084,3,9,69,-8.711374518,"2"
2084,3,10,70,-10.53635331,"2"
2084,3,11,71,-9.80392035,"2"
2084,3,12,72,-10.530249702,"2"
2084,3,13,73,-9.84969741,"2"
2084,3,14,74,-9.520102578,"2"
2084,3,15,75,-10.52109429,"2"
2084,3,16,76,-8.732737146,"2"
2084,3,17,77,-6.337071006,"2"
2084,3,18,78,-6.196688022,"2"
2084,3,19,79,-5.696192166,"2"
2084,3,20,80,-5.116349406,"2"
2084,3,21,81,-5.354390118,"2"
2084,3,22,82,-5.85183417,"2"
2084,3,23,83,-4.502936802,"2"
2084,3,24,84,-4.87525689,"2"
2084,3,25,85,-5.07362415,"2"
2084,3,26,86,-4.802013594,"2"
2084,3,27,87,-3.758296626,"2"
2084,3,28,88,-2.909895114,"2"
2084,3,29,89,-4.289310522,"2"
2084,3,30,90,-3.428701794,"2"
2084,3,31,91,-2.894636094,"2"
2085,3,1,60,-12.486456066,"2"
2085,3,2,61,-11.338977762,"2"
2085,3,3,62,-10.20065487,"2"
2085,3,4,63,-9.419393046,"2"
2085,3,5,64,-10.222017498,"2"
2085,3,6,65,-8.714426322,"2"
2085,3,7,66,-6.865033098,"2"
2085,3,8,67,-8.46112659,"2"
2085,3,9,68,-7.77447069,"2"
2085,3,10,69,-8.113220934,"2"
2085,3,11,70,-7.618828686,"2"
2085,3,12,71,-6.764323566,"2"
2085,3,13,72,-6.221102454,"2"
2085,3,14,73,-5.079727758,"2"
2085,3,15,74,-4.603646334,"2"
2085,3,16,75,-6.834515058,"2"
2085,3,17,76,-7.017623298,"2"
2085,3,18,77,-6.90470655,"2"
2085,3,19,78,-6.071564058,"2"
2085,3,20,79,-5.88235221,"2"
2085,3,21,80,-5.04310611,"2"
2085,3,22,81,-4.319828562,"2"
2085,3,23,82,-4.243533462,"2"
2085,3,24,83,-2.873273466,"2"
2085,3,25,84,-2.180513958,"2"
2085,3,26,85,-2.345311374,"2"
2085,3,27,86,-2.302586118,"2"
2085,3,28,87,-2.83054821,"2"
2085,3,29,88,-2.781719346,"2"
2085,3,30,89,-0.212100378,"2"
2085,3,31,90,0.428778462,"2"
2086,3,1,60,-10.527197898,"2"
2086,3,2,61,-10.82627469,"2"
2086,3,3,62,-10.252535538,"2"
2086,3,4,63,-10.04806467,"2"
2086,3,5,64,-10.896466182,"2"
2086,3,6,65,-10.405125738,"2"
2086,3,7,66,-9.20881857,"2"
2086,3,8,67,-9.297320886,"2"
2086,3,9,68,-7.634087706,"2"
2086,3,10,69,-7.966734342,"2"
2086,3,11,70,-8.439763962,"2"
2086,3,12,71,-7.899594654,"2"
2086,3,13,72,-6.14175555,"2"
2086,3,14,73,-7.002364278,"2"
2086,3,15,74,-6.977949846,"2"
2086,3,16,75,-6.166169982,"2"
2086,3,17,76,-5.769435462,"2"
2086,3,18,77,-5.384908158,"2"
2086,3,19,78,-4.756236534,"2"
2086,3,20,79,-5.033950698,"2"
2086,3,21,80,-4.042114398,"2"
2086,3,22,81,-4.73792571,"2"
2086,3,23,82,-3.154039434,"2"
2086,3,24,83,-3.434805402,"2"
2086,3,25,84,-2.696268834,"2"
2086,3,26,85,-3.178453866,"2"
2086,3,27,86,-3.205920102,"2"
2086,3,28,87,-3.001449234,"2"
2086,3,29,88,-3.30357783,"2"
2086,3,30,89,-2.595559302,"2"
2086,3,31,90,-0.971999574,"2"
2087,3,1,60,-10.823222886,"2"
2087,3,2,61,-9.25459563,"2"
2087,3,3,62,-9.813075762,"2"
2087,3,4,63,-9.578086854,"2"
2087,3,5,64,-8.387883294,"2"
2087,3,6,65,-8.128479954,"2"
2087,3,7,66,-9.034865742,"2"
2087,3,8,67,-9.068435586,"2"
2087,3,9,68,-7.57610343,"2"
2087,3,10,69,-6.00442437,"2"
2087,3,11,70,-6.617836974,"2"
2087,3,12,71,-6.593422542,"2"
2087,3,13,72,-4.728770298,"2"
2087,3,14,73,-6.144807354,"2"
2087,3,15,74,-7.054244946,"2"
2087,3,16,75,-8.436712158,"2"
2087,3,17,76,-8.311588194,"2"
2087,3,18,77,-7.71343461,"2"
2087,3,19,78,-6.434728734,"2"
2087,3,20,79,-6.977949846,"2"
2087,3,21,80,-5.53139475,"2"
2087,3,22,81,-3.193712886,"2"
2087,3,23,82,-3.129625002,"2"
2087,3,24,83,-3.54772215,"2"
2087,3,25,84,-4.069580634,"2"
2087,3,26,85,-3.080796138,"2"
2087,3,27,86,-2.589455694,"2"
2087,3,28,87,-2.034027366,"2"
2087,3,29,88,-1.67086269,"2"
2087,3,30,89,-0.11444265,"2"
2087,3,31,90,-0.041199354,"2"
2088,3,1,61,-12.608528226,"2"
2088,3,2,62,-12.312503238,"2"
2088,3,3,63,-9.84969741,"2"
2088,3,4,64,-9.291217278,"2"
2088,3,5,65,-9.547568814,"2"
2088,3,6,66,-10.255587342,"2"
2088,3,7,67,-9.953458746,"2"
2088,3,8,68,-9.199663158,"2"
2088,3,9,69,-9.425496654,"2"
2088,3,10,70,-8.348209842,"2"
2088,3,11,71,-7.585258842,"2"
2088,3,12,72,-7.646294922,"2"
2088,3,13,73,-8.036925834,"2"
2088,3,14,74,-6.269931318,"2"
2088,3,15,75,-7.450979466,"2"
2088,3,16,76,-6.40115889,"2"
2088,3,17,77,-6.193636218,"2"
2088,3,18,78,-6.318760182,"2"
2088,3,19,79,-4.017699966,"2"
2088,3,20,80,-4.17334197,"2"
2088,3,21,81,-2.888532486,"2"
2088,3,22,82,-2.531471418,"2"
2088,3,23,83,-3.337147674,"2"
2088,3,24,84,-2.394140238,"2"
2088,3,25,85,-1.972991286,"2"
2088,3,26,86,-2.69321703,"2"
2088,3,27,87,-2.836651818,"2"
2088,3,28,88,-2.424658278,"2"
2088,3,29,89,-1.664759082,"2"
2088,3,30,90,-1.112382558,"2"
2088,3,31,91,-0.132753474,"2"
2089,3,1,60,-11.241320034,"2"
2089,3,2,61,-10.167085026,"2"
2089,3,3,62,-8.91889719,"2"
2089,3,4,63,-8.610664986,"2"
2089,3,5,64,-7.707331002,"2"
2089,3,6,65,-9.05622837,"2"
2089,3,7,66,-9.49873995,"2"
2089,3,8,67,-9.031813938,"2"
2089,3,9,68,-9.626915718,"2"
2089,3,10,69,-9.72762525,"2"
2089,3,11,70,-9.401082222,"2"
2089,3,12,71,-9.45296289,"2"
2089,3,13,72,-8.073547482,"2"
2089,3,14,73,-7.768367082,"2"
2089,3,15,74,-9.45296289,"2"
2089,3,16,75,-9.370564182,"2"
2089,3,17,76,-8.143738974,"2"
2089,3,18,77,-9.037917546,"2"
2089,3,19,78,-9.17830053,"2"
2089,3,20,79,-6.459143166,"2"
2089,3,21,80,-6.30960477,"2"
2089,3,22,81,-6.56900811,"2"
2089,3,23,82,-4.084839654,"2"
2089,3,24,83,-4.454107938,"2"
2089,3,25,84,-3.569084778,"2"
2089,3,26,85,-2.854962642,"2"
2089,3,27,86,-3.18150567,"2"
2089,3,28,87,-2.15915133,"2"
2089,3,29,88,-2.915998722,"2"
2089,3,30,89,-3.340199478,"2"
2089,3,31,90,-2.848859034,"2"
2090,3,1,60,-9.077590998,"2"
2090,3,2,61,-10.579078566,"2"
2090,3,3,62,-10.56687135,"2"
2090,3,4,63,-10.862896338,"2"
2090,3,5,64,-9.642174738,"2"
2090,3,6,65,-8.451971178,"2"
2090,3,7,66,-7.762263474,"2"
2090,3,8,67,-7.48454931,"2"
2090,3,9,68,-6.239413278,"2"
2090,3,10,69,-6.764323566,"2"
2090,3,11,70,-6.61478517,"2"
2090,3,12,71,-6.373692654,"2"
2090,3,13,72,-7.563896214,"2"
2090,3,14,73,-6.334019202,"2"
2090,3,15,74,-5.732813814,"2"
2090,3,16,75,-7.280078442,"2"
2090,3,17,76,-5.571068202,"2"
2090,3,18,77,-4.179445578,"2"
2090,3,19,78,-3.904783218,"2"
2090,3,20,79,-5.159074662,"2"
2090,3,21,80,-6.123444726,"2"
2090,3,22,81,-6.068512254,"2"
2090,3,23,82,-5.48561769,"2"
2090,3,24,83,-5.024795286,"2"
2090,3,25,84,-3.12046959,"2"
2090,3,26,85,-2.565041262,"2"
2090,3,27,86,-2.796978366,"2"
2090,3,28,87,-3.923094042,"2"
2090,3,29,88,-3.331044066,"2"
2090,3,30,89,-2.137788702,"2"
2090,3,31,90,-1.985198502,"2"
2091,3,1,60,-10.38376311,"2"
2091,3,2,61,-10.27694997,"2"
2091,3,3,62,-9.489584538,"2"
2091,3,4,63,-8.332950822,"2"
2091,3,5,64,-7.228197774,"2"
2091,3,6,65,-8.839550286,"2"
2091,3,7,66,-7.981993362,"2"
2091,3,8,67,-7.716486414,"2"
2091,3,9,68,-7.048141338,"2"
2091,3,10,69,-7.33195911,"2"
2091,3,11,70,-7.017623298,"2"
2091,3,12,71,-8.027770422,"2"
2091,3,13,72,-7.527274566,"2"
2091,3,14,73,-5.754176442,"2"
2091,3,15,74,-6.291293946,"2"
2091,3,16,75,-7.234301382,"2"
2091,3,17,76,-5.146867446,"2"
2091,3,18,77,-4.283206914,"2"
2091,3,19,78,-4.911878538,"2"
2091,3,20,79,-5.506980318,"2"
2091,3,21,80,-3.907835022,"2"
2091,3,22,81,-3.141832218,"2"
2091,3,23,82,-4.148927538,"2"
2091,3,24,83,-4.682993238,"2"
2091,3,25,84,-4.145875734,"2"
2091,3,26,85,-2.623025538,"2"
2091,3,27,86,-2.272068078,"2"
2091,3,28,87,-2.653543578,"2"
2091,3,29,88,-2.497901574,"2"
2091,3,30,89,-2.085908034,"2"
2091,3,31,90,-1.591515786,"2"
2092,3,1,61,-9.608604894,"2"
2092,3,2,62,-8.799876834,"2"
2092,3,3,63,-9.08674641,"2"
2092,3,4,64,-7.869076614,"2"
2092,3,5,65,-7.222094166,"2"
2092,3,6,66,-6.514075638,"2"
2092,3,7,67,-9.855801018,"2"
2092,3,8,68,-9.660485562,"2"
2092,3,9,69,-9.578086854,"2"
2092,3,10,70,-8.46112659,"2"
2092,3,11,71,-8.253603918,"2"
2092,3,12,72,-8.882275542,"2"
2092,3,13,73,-7.411306014,"2"
2092,3,14,74,-5.522239338,"2"
2092,3,15,75,-5.827419738,"2"
2092,3,16,76,-5.626000674,"2"
2092,3,17,77,-6.245516886,"2"
2092,3,18,78,-5.290302234,"2"
2092,3,19,79,-4.228274442,"2"
2092,3,20,80,-3.117417786,"2"
2092,3,21,81,-3.620965446,"2"
2092,3,22,82,-3.80712549,"2"
2092,3,23,83,-3.114365982,"2"
2092,3,24,84,-2.943464958,"2"
2092,3,25,85,-2.488746162,"2"
2092,3,26,86,-2.375829414,"2"
2092,3,27,87,-1.68612171,"2"
2092,3,28,88,-2.116426074,"2"
2092,3,29,89,-2.711527854,"2"
2092,3,30,90,-2.516212398,"2"
2092,3,31,91,-3.248645358,"2"
2093,3,1,60,-9.419393046,"2"
2093,3,2,61,-10.408177542,"2"
2093,3,3,62,-9.602501286,"2"
2093,3,4,63,-9.291217278,"2"
2093,3,5,64,-8.122376346,"2"
2093,3,6,65,-8.809032246,"2"
2093,3,7,66,-8.815135854,"2"
2093,3,8,67,-8.97993327,"2"
2093,3,9,68,-8.714426322,"2"
2093,3,10,69,-7.731745434,"2"
2093,3,11,70,-7.389943386,"2"
2093,3,12,71,-7.066452162,"2"
2093,3,13,72,-7.51506735,"2"
2093,3,14,73,-7.374684366,"2"
2093,3,15,74,-7.97283795,"2"
2093,3,16,75,-7.627984098,"2"
2093,3,17,76,-6.785686194,"2"
2093,3,18,77,-5.964750918,"2"
2093,3,19,78,-5.113297602,"2"
2093,3,20,79,-4.231326246,"2"
2093,3,21,80,-3.874265178,"2"
2093,3,22,81,-5.015639874,"2"
2093,3,23,82,-4.771495554,"2"
2093,3,24,83,-3.538566738,"2"
2093,3,25,84,-3.80712549,"2"
2093,3,26,85,-2.720683266,"2"
2093,3,27,86,-2.55588585,"2"
2093,3,28,87,-3.758296626,"2"
2093,3,29,88,-3.489737874,"2"
2093,3,30,89,-2.345311374,"2"
2093,3,31,90,-0.895704474,"2"
2094,3,1,60,-11.52818961,"2"
2094,3,2,61,-10.79575665,"2"
2094,3,3,62,-11.369495802,"2"
2094,3,4,63,-11.34508137,"2"
2094,3,5,64,-10.463110014,"2"
2094,3,6,65,-9.794764938,"2"
2094,3,7,66,-11.51293059,"2"
2094,3,8,67,-10.36850409,"2"
2094,3,9,68,-10.029753846,"2"
2094,3,10,69,-7.463186682,"2"
2094,3,11,70,-5.92812927,"2"
2094,3,12,71,-5.006484462,"2"
2094,3,13,72,-5.436788826,"2"
2094,3,14,73,-5.110245798,"2"
2094,3,15,74,-6.245516886,"2"
2094,3,16,75,-6.129548334,"2"
2094,3,17,76,-5.159074662,"2"
2094,3,18,77,-5.198748114,"2"
2094,3,19,78,-5.50087671,"2"
2094,3,20,79,-5.11940121,"2"
2094,3,21,80,-3.538566738,"2"
2094,3,22,81,-2.809185582,"2"
2094,3,23,82,-3.53246313,"2"
2094,3,24,83,-2.705424246,"2"
2094,3,25,84,-3.697260546,"2"
2094,3,26,85,-1.780727634,"2"
2094,3,27,86,-2.05233819,"2"
2094,3,28,87,-0.428778462,"2"
2094,3,29,88,0.11444265,"2"
2094,3,30,89,-1.918058814,"2"
2094,3,31,90,-1.79293485,"2"
2095,3,1,60,-13.057143414,"2"
2095,3,2,61,-12.114135978,"2"
2095,3,3,62,-11.564811258,"2"
2095,3,4,63,-10.844585514,"2"
2095,3,5,64,-10.222017498,"2"
2095,3,6,65,-9.327838926,"2"
2095,3,7,66,-9.65133015,"2"
2095,3,8,67,-9.617760306,"2"
2095,3,9,68,-9.306476298,"2"
2095,3,10,69,-8.790721422,"2"
2095,3,11,70,-8.204775054,"2"
2095,3,12,71,-8.070495678,"2"
2095,3,13,72,-7.777522494,"2"
2095,3,14,73,-8.015563206,"2"
2095,3,15,74,-7.151902674,"2"
2095,3,16,75,-6.56900811,"2"
2095,3,17,76,-6.330967398,"2"
2095,3,18,77,-4.298465934,"2"
2095,3,19,78,-4.332035778,"2"
2095,3,20,79,-4.319828562,"2"
2095,3,21,80,-5.107193994,"2"
2095,3,22,81,-4.899671322,"2"
2095,3,23,82,-3.886472394,"2"
2095,3,24,83,-4.139772126,"2"
2095,3,25,84,-3.663690702,"2"
2095,3,26,85,-2.931257742,"2"
2095,3,27,86,-2.38803663,"2"
2095,3,28,87,-3.096055158,"2"
2095,3,29,88,-2.99839743,"2"
2095,3,30,89,-2.888532486,"2"
2095,3,31,90,-2.497901574,"2"
2096,3,1,61,-9.980924982,"2"
2096,3,2,62,-10.695047118,"2"
2096,3,3,63,-11.23826823,"2"
2096,3,4,64,-9.459066498,"2"
2096,3,5,65,-10.112152554,"2"
2096,3,6,66,-9.831386586,"2"
2096,3,7,67,-11.155869522,"2"
2096,3,8,68,-11.186387562,"2"
2096,3,9,69,-9.370564182,"2"
2096,3,10,70,-9.95651055,"2"
2096,3,11,71,-10.496679858,"2"
2096,3,12,72,-8.610664986,"2"
2096,3,13,73,-6.877240314,"2"
2096,3,14,74,-5.766383658,"2"
2096,3,15,75,-6.40115889,"2"
2096,3,16,76,-5.381856354,"2"
2096,3,17,77,-5.696192166,"2"
2096,3,18,78,-5.583275418,"2"
2096,3,19,79,-4.130616714,"2"
2096,3,20,80,-4.090943262,"2"
2096,3,21,81,-4.017699966,"2"
2096,3,22,82,-3.92919765,"2"
2096,3,23,83,-3.233386338,"2"
2096,3,24,84,-2.247653646,"2"
2096,3,25,85,-3.068588922,"2"
2096,3,26,86,-4.673837826,"2"
2096,3,27,87,-3.34935489,"2"
2096,3,28,88,-2.552834046,"2"
2096,3,29,89,-1.86922995,"2"
2096,3,30,90,-1.86922995,"2"
2096,3,31,91,-1.637292846,"2"
2097,3,1,60,-9.913785294,"2"
2097,3,2,61,-10.966657674,"2"
2097,3,3,62,-11.54344863,"2"
2097,3,4,63,-9.919888902,"2"
2097,3,5,64,-9.074539194,"2"
2097,3,6,65,-8.952467034,"2"
2097,3,7,66,-8.870068326,"2"
2097,3,8,67,-8.168153406,"2"
2097,3,9,68,-5.299457646,"2"
2097,3,10,69,-6.581215326,"2"
2097,3,11,70,-7.48454931,"2"
2097,3,12,71,-8.686960086,"2"
2097,3,13,72,-7.396046994,"2"
2097,3,14,73,-6.453039558,"2"
2097,3,15,74,-5.250628782,"2"
2097,3,16,75,-6.66056223,"2"
2097,3,17,76,-5.937284682,"2"
2097,3,18,77,-5.265887802,"2"
2097,3,19,78,-5.693140362,"2"
2097,3,20,79,-6.056305038,"2"
2097,3,21,80,-3.773555646,"2"
2097,3,22,81,-3.02891547,"2"
2097,3,23,82,-2.458228122,"2"
2097,3,24,83,-3.617913642,"2"
2097,3,25,84,-3.099106962,"2"
2097,3,26,85,-1.576256766,"2"
2097,3,27,86,-2.653543578,"2"
2097,3,28,87,-2.125581486,"2"
2097,3,29,88,-1.524376098,"2"
2097,3,30,89,-0.599679486,"2"
2097,3,31,90,-1.359578682,"2"
2098,3,1,60,-10.069427298,"2"
2098,3,2,61,-10.06332369,"2"
2098,3,3,62,-10.511938878,"2"
2098,3,4,63,-10.426488366,"2"
2098,3,5,64,-10.438695582,"2"
2098,3,6,65,-9.675744582,"2"
2098,3,7,66,-6.834515058,"2"
2098,3,8,67,-6.35538183,"2"
2098,3,9,68,-6.764323566,"2"
2098,3,10,69,-6.150910962,"2"
2098,3,11,70,-7.02677871,"2"
2098,3,12,71,-7.365528954,"2"
2098,3,13,72,-6.764323566,"2"
2098,3,14,73,-6.657510426,"2"
2098,3,15,74,-5.711451186,"2"
2098,3,16,75,-5.98916535,"2"
2098,3,17,76,-6.358433634,"2"
2098,3,18,77,-6.672769446,"2"
2098,3,19,78,-5.589379026,"2"
2098,3,20,79,-4.869153282,"2"
2098,3,21,80,-4.838635242,"2"
2098,3,22,81,-4.362553818,"2"
2098,3,23,82,-3.859006158,"2"
2098,3,24,83,-3.828488118,"2"
2098,3,25,84,-3.300526026,"2"
2098,3,26,85,-2.735942286,"2"
2098,3,27,86,-1.786831242,"2"
2098,3,28,87,-1.42671837,"2"
2098,3,29,88,-1.377889506,"2"
2098,3,30,89,-1.96078407,"2"
2098,3,31,90,-1.673914494,"2"
2099,3,1,60,-13.545432054,"2"
2099,3,2,61,-13.063247022,"2"
2099,3,3,62,-10.685891706,"2"
2099,3,4,63,-10.106048946,"2"
2099,3,5,64,-10.969709478,"2"
2099,3,6,65,-10.325778834,"2"
2099,3,7,66,-9.822231174,"2"
2099,3,8,67,-9.642174738,"2"
2099,3,9,68,-9.062331978,"2"
2099,3,10,69,-7.258715814,"2"
2099,3,11,70,-7.69817559,"2"
2099,3,12,71,-7.747004454,"2"
2099,3,13,72,-7.032882318,"2"
2099,3,14,73,-7.267871226,"2"
2099,3,15,74,-4.66163061,"2"
2099,3,16,75,-2.488746162,"2"
2099,3,17,76,-3.520255914,"2"
2099,3,18,77,-5.232317958,"2"
2099,3,19,78,-4.319828562,"2"
2099,3,20,79,-3.413442774,"2"
2099,3,21,80,-4.945448382,"2"
2099,3,22,81,-3.093003354,"2"
2099,3,23,82,-2.293430706,"2"
2099,3,24,83,-2.745097698,"2"
2099,3,25,84,-2.458228122,"2"
2099,3,26,85,-3.413442774,"2"
2099,3,27,86,-3.355458498,"2"
2099,3,28,87,-2.259860862,"2"
2099,3,29,88,-0.895704474,"2"
2099,3,30,89,-1.646448258,"2"
2099,3,31,90,-1.835660106,"2"
2100,3,1,60,-12.990003726,"2"
2100,3,2,61,-11.842525422,"2"
2100,3,3,62,-11.63500275,"2"
2100,3,4,63,-12.584113794,"2"
2100,3,5,64,-10.188447654,"2"
2100,3,6,65,-9.459066498,"2"
2100,3,7,66,-9.526206186,"2"
2100,3,8,67,-9.230181198,"2"
2100,3,9,68,-10.225069302,"2"
2100,3,10,69,-9.205766766,"2"
2100,3,11,70,-9.736780662,"2"
2100,3,12,71,-9.578086854,"2"
2100,3,13,72,-7.740900846,"2"
2100,3,14,73,-7.930112694,"2"
2100,3,15,74,-8.253603918,"2"
2100,3,16,75,-8.119324542,"2"
2100,3,17,76,-7.417409622,"2"
2100,3,18,77,-8.027770422,"2"
2100,3,19,78,-8.036925834,"2"
2100,3,20,79,-5.830471542,"2"
2100,3,21,80,-4.55481747,"2"
2100,3,22,81,-4.89051591,"2"
2100,3,23,82,-5.885404014,"2"
2100,3,24,83,-6.236361474,"2"
2100,3,25,84,-5.262835998,"2"
2100,3,26,85,-4.255740678,"2"
2100,3,27,86,-3.392080146,"2"
2100,3,28,87,-1.924162422,"2"
2100,3,29,88,-1.936369638,"2"
2100,3,30,89,-0.871290042,"2"
2100,3,31,90,-1.722743358,"2"
2025,4,1,91,-6.34012281,"2"
2025,4,2,92,-5.168230074,"2"
2025,4,3,93,-5.494773102,"2"
2025,4,4,94,-5.284198626,"2"
2025,4,5,95,-5.085831366,"2"
2025,4,6,96,-3.950560278,"2"
2025,4,7,97,-4.472418762,"2"
2025,4,8,98,-2.497901574,"2"
2025,4,9,99,-1.814297478,"2"
2025,4,10,100,-1.664759082,"2"
2025,4,11,101,-2.63218095,"2"
2025,4,12,102,-1.82345289,"2"
2025,4,13,103,-2.232394626,"2"
2025,4,14,104,-1.707484338,"2"
2025,4,15,105,-2.156099526,"2"
2025,4,16,106,-0.904859886,"2"
2025,4,17,107,-0.25177383,"2"
2025,4,18,108,-0.975051378,"2"
2025,4,19,109,-1.527427902,"2"
2025,4,20,110,-0.990310398,"2"
2025,4,21,111,0.102235434,"2"
2025,4,22,112,-0.392156814,"2"
2025,4,23,113,0.749217882,"2"
2025,4,24,114,1.789883046,"2"
2025,4,25,115,2.67795801,"2"
2025,4,26,116,1.268024562,"2"
2025,4,27,117,1.179522246,"2"
2025,4,28,118,2.488746162,"2"
2025,4,29,119,2.909895114,"2"
2025,4,30,120,2.909895114,"2"
2026,4,1,91,-5.473410474,"2"
2026,4,2,92,-5.479514082,"2"
2026,4,3,93,-4.444952526,"2"
2026,4,4,94,-3.782711058,"2"
2026,4,5,95,-4.82947983,"2"
2026,4,6,96,-4.637216178,"2"
2026,4,7,97,-3.691156938,"2"
2026,4,8,98,-4.914930342,"2"
2026,4,9,99,-3.74608941,"2"
2026,4,10,100,-3.016708254,"2"
2026,4,11,101,-1.927214226,"2"
2026,4,12,102,-1.399252134,"2"
2026,4,13,103,-1.338216054,"2"
2026,4,14,104,-2.214083802,"2"
2026,4,15,105,-2.796978366,"2"
2026,4,16,106,-1.857022734,"2"
2026,4,17,107,-1.689173514,"2"
2026,4,18,108,-0.645456546,"2"
2026,4,19,109,-0.529487994,"2"
2026,4,20,110,-0.047302962,"2"
2026,4,21,111,0.218203986,"2"
2026,4,22,112,1.203936678,"2"
2026,4,23,113,0.901808082,"2"
2026,4,24,114,0.29755089,"2"
2026,4,25,115,0.810253962,"2"
2026,4,26,116,0.944533338,"2"
2026,4,27,117,1.811245674,"2"
2026,4,28,118,3.08995155,"2"
2026,4,29,119,3.086899746,"2"
2026,4,30,120,3.337147674,"2"
2027,4,1,91,-4.261844286,"2"
2027,4,2,92,-4.53955845,"2"
2027,4,3,93,-4.536506646,"2"
2027,4,4,94,-3.324940458,"2"
2027,4,5,95,-3.035019078,"2"
2027,4,6,96,-2.476538946,"2"
2027,4,7,97,-4.155031146,"2"
2027,4,8,98,-3.331044066,"2"
2027,4,9,99,-2.366674002,"2"
2027,4,10,100,-1.50301347,"2"
2027,4,11,101,-2.269016274,"2"
2027,4,12,102,-1.53353151,"2"
2027,4,13,103,-0.508125366,"2"
2027,4,14,104,-0.447089286,"2"
2027,4,15,105,-0.749217882,"2"
2027,4,16,106,-0.560006034,"2"
2027,4,17,107,-0.349431558,"2"
2027,4,18,108,0.077821002,"2"
2027,4,19,109,1.25886915,"2"
2027,4,20,110,0.486762738,"2"
2027,4,21,111,0.926222514,"2"
2027,4,22,112,1.908903402,"2"
2027,4,23,113,2.580300282,"2"
2027,4,24,114,2.467383534,"2"
2027,4,25,115,1.73189877,"2"
2027,4,26,116,2.17441035,"2"
2027,4,27,117,3.31883685,"2"
2027,4,28,118,3.276111594,"2"
2027,4,29,119,2.879377074,"2"
2027,4,30,120,2.970931194,"2"
2028,4,1,92,-5.262835998,"2"
2028,4,2,93,-5.290302234,"2"
2028,4,3,94,-4.359502014,"2"
2028,4,4,95,-4.37170923,"2"
2028,4,5,96,-5.067520542,"2"
2028,4,6,97,-3.785762862,"2"
2028,4,7,98,-3.431753598,"2"
2028,4,8,99,-1.795986654,"2"
2028,4,9,100,-1.76241681,"2"
2028,4,10,101,-2.72373507,"2"
2028,4,11,102,-1.820401086,"2"
2028,4,12,103,-1.493858058,"2"
2028,4,13,104,-0.828564786,"2"
2028,4,14,105,-0.682078194,"2"
2028,4,15,106,-0.285343674,"2"
2028,4,16,107,0.688181802,"2"
2028,4,17,108,0.834668394,"2"
2028,4,18,109,0.840772002,"2"
2028,4,19,110,0.682078194,"2"
2028,4,20,111,0.49591815,"2"
2028,4,21,112,0.48065913,"2"
2028,4,22,113,0.596627682,"2"
2028,4,23,114,0.764476902,"2"
2028,4,24,115,0.852979218,"2"
2028,4,25,116,0.49591815,"2"
2028,4,26,117,1.051346478,"2"
2028,4,27,118,1.954680462,"2"
2028,4,28,119,2.47959075,"2"
2028,4,29,120,3.877316982,"2"
2028,4,30,121,4.49378139,"2"
2029,4,1,91,-4.774547358,"2"
2029,4,2,92,-5.534446554,"2"
2029,4,3,93,-5.418478002,"2"
2029,4,4,94,-5.56191279,"2"
2029,4,5,95,-4.820324418,"2"
2029,4,6,96,-4.100098674,"2"
2029,4,7,97,-3.895627806,"2"
2029,4,8,98,-4.771495554,"2"
2029,4,9,99,-4.908826734,"2"
2029,4,10,100,-3.85290255,"2"
2029,4,11,101,-2.915998722,"2"
2029,4,12,102,-2.915998722,"2"
2029,4,13,103,-3.175402062,"2"
2029,4,14,104,-2.711527854,"2"
2029,4,15,105,-1.860074538,"2"
2029,4,16,106,-1.866178146,"2"
2029,4,17,107,-1.139848794,"2"
2029,4,18,108,-0.95368875,"2"
2029,4,19,109,-0.151064298,"2"
2029,4,20,110,-0.123598062,"2"
2029,4,21,111,-0.700389018,"2"
2029,4,22,112,0.035095746,"2"
2029,4,23,113,0.437933874,"2"
2029,4,24,114,0.126649866,"2"
2029,4,25,115,0.636301134,"2"
2029,4,26,116,1.545738726,"2"
2029,4,27,117,2.384984826,"2"
2029,4,28,118,1.713587946,"2"
2029,4,29,119,2.687113422,"2"
2029,4,30,120,2.757304914,"2"
2030,4,1,91,-5.818264326,"2"
2030,4,2,92,-5.864041386,"2"
2030,4,3,93,-5.275043214,"2"
2030,4,4,94,-4.682993238,"2"
2030,4,5,95,-3.233386338,"2"
2030,4,6,96,-2.26596447,"2"
2030,4,7,97,-3.190661082,"2"
2030,4,8,98,-3.407339166,"2"
2030,4,9,99,-2.83054821,"2"
2030,4,10,100,-1.393148526,"2"
2030,4,11,101,-1.039139262,"2"
2030,4,12,102,-1.805142066,"2"
2030,4,13,103,-2.314793334,"2"
2030,4,14,104,-2.22018741,"2"
2030,4,15,105,-1.231402914,"2"
2030,4,16,106,-1.09101993,"2"
2030,4,17,107,-0.29755089,"2"
2030,4,18,108,0.123598062,"2"
2030,4,19,109,-0.08392461,"2"
2030,4,20,110,0.764476902,"2"
2030,4,21,111,0.392156814,"2"
2030,4,22,112,0.498969954,"2"
2030,4,23,113,1.771572222,"2"
2030,4,24,114,2.873273466,"2"
2030,4,25,115,3.327992262,"2"
2030,4,26,116,3.724726782,"2"
2030,4,27,117,3.938353062,"2"
2030,4,28,118,4.573128294,"2"
2030,4,29,119,4.289310522,"2"
2030,4,30,120,4.698252258,"2"
2031,4,1,91,-3.910886826,"2"
2031,4,2,92,-4.18860099,"2"
2031,4,3,93,-4.319828562,"2"
2031,4,4,94,-3.675897918,"2"
2031,4,5,95,-4.167238362,"2"
2031,4,6,96,-4.332035778,"2"
2031,4,7,97,-3.755244822,"2"
2031,4,8,98,-2.879377074,"2"
2031,4,9,99,-0.95368875,"2"
2031,4,10,100,-0.914015298,"2"
2031,4,11,101,-0.92317071,"2"
2031,4,12,102,-1.31990523,"2"
2031,4,13,103,-1.15205601,"2"
2031,4,14,104,-2.101167054,"2"
2031,4,15,105,-1.83871191,"2"
2031,4,16,106,-1.420614762,"2"
2031,4,17,107,-1.173418638,"2"
2031,4,18,108,-0.950636946,"2"
2031,4,19,109,-0.32806893,"2"
2031,4,20,110,-0.453192894,"2"
2031,4,21,111,-0.035095746,"2"
2031,4,22,112,0.99946581,"2"
2031,4,23,113,1.22835111,"2"
2031,4,24,114,1.020828438,"2"
2031,4,25,115,1.683069906,"2"
2031,4,26,116,1.844815518,"2"
2031,4,27,117,2.93736135,"2"
2031,4,28,118,3.035019078,"2"
2031,4,29,119,2.653543578,"2"
2031,4,30,120,2.60166291,"2"
2032,4,1,92,-4.136720322,"2"
2032,4,2,93,-3.620965446,"2"
2032,4,3,94,-3.59349921,"2"
2032,4,4,95,-3.859006158,"2"
2032,4,5,96,-3.157091238,"2"
2032,4,6,97,-2.778667542,"2"
2032,4,7,98,-2.873273466,"2"
2032,4,8,99,-3.129625002,"2"
2032,4,9,100,-2.748149502,"2"
2032,4,10,101,-3.19676469,"2"
2032,4,11,102,-3.022811862,"2"
2032,4,12,103,-3.355458498,"2"
2032,4,13,104,-2.088959838,"2"
2032,4,14,105,-2.391088434,"2"
2032,4,15,106,-1.905851598,"2"
2032,4,16,107,-0.72480345,"2"
2032,4,17,108,-0.486762738,"2"
2032,4,18,109,-0.071717394,"2"
2032,4,19,110,1.033035654,"2"
2032,4,20,111,1.719691554,"2"
2032,4,21,112,2.09811525,"2"
2032,4,22,113,1.554894138,"2"
2032,4,23,114,2.867169858,"2"
2032,4,24,115,2.83054821,"2"
2032,4,25,116,2.027923758,"2"
2032,4,26,117,2.125581486,"2"
2032,4,27,118,3.434805402,"2"
2032,4,28,119,4.03601079,"2"
2032,4,29,120,3.236438142,"2"
2032,4,30,121,4.38696825,"2"
2033,4,1,91,-5.68398495,"2"
2033,4,2,92,-6.697183878,"2"
2033,4,3,93,-5.311664862,"2"
2033,4,4,94,-4.414434486,"2"
2033,4,5,95,-4.542610254,"2"
2033,4,6,96,-3.904783218,"2"
2033,4,7,97,-2.284275294,"2"
2033,4,8,98,-1.799038458,"2"
2033,4,9,99,-1.76241681,"2"
2033,4,10,100,-1.271076366,"2"
2033,4,11,101,-1.863126342,"2"
2033,4,12,102,-2.259860862,"2"
2033,4,13,103,-1.908903402,"2"
2033,4,14,104,-1.225299306,"2"
2033,4,15,105,0.666819174,"2"
2033,4,16,106,-0.407415834,"2"
2033,4,17,107,0.849927414,"2"
2033,4,18,108,0.569161446,"2"
2033,4,19,109,0.05340657,"2"
2033,4,20,110,1.100175342,"2"
2033,4,21,111,1.420614762,"2"
2033,4,22,112,2.180513958,"2"
2033,4,23,113,1.817349282,"2"
2033,4,24,114,1.695277122,"2"
2033,4,25,115,3.282215202,"2"
2033,4,26,116,3.416494578,"2"
2033,4,27,117,4.133668518,"2"
2033,4,28,118,4.148927538,"2"
2033,4,29,119,4.12756491,"2"
2033,4,30,120,5.778590874,"2"
2034,4,1,91,-6.114289314,"2"
2034,4,2,92,-4.786754574,"2"
2034,4,3,93,-4.087891458,"2"
2034,4,4,94,-4.261844286,"2"
2034,4,5,95,-5.537498358,"2"
2034,4,6,96,-3.34935489,"2"
2034,4,7,97,-2.140840506,"2"
2034,4,8,98,-3.392080146,"2"
2034,4,9,99,-3.648431682,"2"
2034,4,10,100,-2.543678634,"2"
2034,4,11,101,-1.844815518,"2"
2034,4,12,102,-2.93736135,"2"
2034,4,13,103,-2.439917298,"2"
2034,4,14,104,-2.528419614,"2"
2034,4,15,105,-1.829556498,"2"
2034,4,16,106,-0.856031022,"2"
2034,4,17,107,-0.02288853,"2"
2034,4,18,108,0.932326122,"2"
2034,4,19,109,0.99946581,"2"
2034,4,20,110,1.542686922,"2"
2034,4,21,111,1.826504694,"2"
2034,4,22,112,1.387044918,"2"
2034,4,23,113,0.840772002,"2"
2034,4,24,114,1.902799794,"2"
2034,4,25,115,2.699320638,"2"
2034,4,26,116,2.589455694,"2"
2034,4,27,117,1.844815518,"2"
2034,4,28,118,1.374837702,"2"
2034,4,29,119,2.223239214,"2"
2034,4,30,120,4.243533462,"2"
2035,4,1,91,-5.528342946,"2"
2035,4,2,92,-5.125504818,"2"
2035,4,3,93,-6.214998846,"2"
2035,4,4,94,-5.006484462,"2"
2035,4,5,95,-5.717554794,"2"
2035,4,6,96,-4.228274442,"2"
2035,4,7,97,-3.617913642,"2"
2035,4,8,98,-2.055389994,"2"
2035,4,9,99,-1.768520418,"2"
2035,4,10,100,-1.866178146,"2"
2035,4,11,101,-1.582360374,"2"
2035,4,12,102,-0.87739365,"2"
2035,4,13,103,-0.703440822,"2"
2035,4,14,104,-0.959792358,"2"
2035,4,15,105,-0.52643619,"2"
2035,4,16,106,-0.148012494,"2"
2035,4,17,107,0.447089286,"2"
2035,4,18,108,0.218203986,"2"
2035,4,19,109,0.48065913,"2"
2035,4,20,110,0.688181802,"2"
2035,4,21,111,0.868238238,"2"
2035,4,22,112,1.246661934,"2"
2035,4,23,113,1.634241042,"2"
2035,4,24,114,1.164263226,"2"
2035,4,25,115,2.302586118,"2"
2035,4,26,116,3.340199478,"2"
2035,4,27,117,3.727778586,"2"
2035,4,28,118,2.96787939,"2"
2035,4,29,119,4.396123662,"2"
2035,4,30,120,4.579231902,"2"
2036,4,1,92,-5.796901698,"2"
2036,4,2,93,-5.467306866,"2"
2036,4,3,94,-4.209963618,"2"
2036,4,4,95,-3.190661082,"2"
2036,4,5,96,-2.360570394,"2"
2036,4,6,97,-2.870221662,"2"
2036,4,7,98,-1.481650842,"2"
2036,4,8,99,-1.707484338,"2"
2036,4,9,100,-2.259860862,"2"
2036,4,10,101,-1.618982022,"2"
2036,4,11,102,-1.329060642,"2"
2036,4,12,103,-2.424658278,"2"
2036,4,13,104,-2.37277761,"2"
2036,4,14,105,-1.28938719,"2"
2036,4,15,106,-0.041199354,"2"
2036,4,16,107,0.120546258,"2"
2036,4,17,108,0.376897794,"2"
2036,4,18,109,1.103227146,"2"
2036,4,19,110,0.37384599,"2"
2036,4,20,111,-0.270084654,"2"
2036,4,21,112,-0.321965322,"2"
2036,4,22,113,0.584420466,"2"
2036,4,23,114,0.99946581,"2"
2036,4,24,115,0.669870978,"2"
2036,4,25,116,1.139848794,"2"
2036,4,26,117,2.064545406,"2"
2036,4,27,118,3.462271638,"2"
2036,4,28,119,3.666742506,"2"
2036,4,29,120,3.321888654,"2"
2036,4,30,121,3.953612082,"2"
2037,4,1,91,-5.168230074,"2"
2037,4,2,92,-4.957655598,"2"
2037,4,3,93,-4.744029318,"2"
2037,4,4,94,-4.924085754,"2"
2037,4,5,95,-4.026855378,"2"
2037,4,6,96,-3.971922906,"2"
2037,4,7,97,-4.17334197,"2"
2037,4,8,98,-4.316776758,"2"
2037,4,9,99,-4.975966422,"2"
2037,4,10,100,-3.25780077,"2"
2037,4,11,101,-2.43381369,"2"
2037,4,12,102,-1.79293485,"2"
2037,4,13,103,-1.368734094,"2"
2037,4,14,104,-1.420614762,"2"
2037,4,15,105,-1.64034465,"2"
2037,4,16,106,-1.615930218,"2"
2037,4,17,107,-0.575265054,"2"
2037,4,18,108,0.077821002,"2"
2037,4,19,109,-0.605783094,"2"
2037,4,20,110,-0.117494454,"2"
2037,4,21,111,1.051346478,"2"
2037,4,22,112,0.834668394,"2"
2037,4,23,113,0.959792358,"2"
2037,4,24,114,1.719691554,"2"
2037,4,25,115,2.561989458,"2"
2037,4,26,116,3.459219834,"2"
2037,4,27,117,2.284275294,"2"
2037,4,28,118,2.882428878,"2"
2037,4,29,119,3.739985802,"2"
2037,4,30,120,4.686045042,"2"
2038,4,1,91,-5.43984063,"2"
2038,4,2,92,-4.750132926,"2"
2038,4,3,93,-3.419546382,"2"
2038,4,4,94,-2.168306742,"2"
2038,4,5,95,-2.085908034,"2"
2038,4,6,96,-2.427710082,"2"
2038,4,7,97,-3.21202371,"2"
2038,4,8,98,-2.543678634,"2"
2038,4,9,99,-1.795986654,"2"
2038,4,10,100,-1.698328926,"2"
2038,4,11,101,-0.80109855,"2"
2038,4,12,102,-1.200884874,"2"
2038,4,13,103,-0.230411202,"2"
2038,4,14,104,-1.002517614,"2"
2038,4,15,105,-1.155107814,"2"
2038,4,16,106,-1.008621222,"2"
2038,4,17,107,0.08392461,"2"
2038,4,18,108,-0.383001402,"2"
2038,4,19,109,1.313801622,"2"
2038,4,20,110,0.514228974,"2"
2038,4,21,111,0.456244698,"2"
2038,4,22,112,0.611886702,"2"
2038,4,23,113,0.944533338,"2"
2038,4,24,114,1.023880242,"2"
2038,4,25,115,4.270999698,"2"
2038,4,26,116,4.072632438,"2"
2038,4,27,117,3.42564999,"2"
2038,4,28,118,2.134736898,"2"
2038,4,29,119,3.94445667,"2"
2038,4,30,120,4.869153282,"2"
2039,4,1,91,-5.125504818,"2"
2039,4,2,92,-3.538566738,"2"
2039,4,3,93,-3.85290255,"2"
2039,4,4,94,-3.24254175,"2"
2039,4,5,95,-1.988250306,"2"
2039,4,6,96,-2.040130974,"2"
2039,4,7,97,-2.41855467,"2"
2039,4,8,98,-1.924162422,"2"
2039,4,9,99,-0.84687561,"2"
2039,4,10,100,-0.758373294,"2"
2039,4,11,101,-2.140840506,"2"
2039,4,12,102,-1.234454718,"2"
2039,4,13,103,-0.843823806,"2"
2039,4,14,104,-0.596627682,"2"
2039,4,15,105,-0.599679486,"2"
2039,4,16,106,0.318913518,"2"
2039,4,17,107,-0.69428541,"2"
2039,4,18,108,-1.063553694,"2"
2039,4,19,109,-0.776684118,"2"
2039,4,20,110,0.346379754,"2"
2039,4,21,111,0.691233606,"2"
2039,4,22,112,1.506065274,"2"
2039,4,23,113,1.939421442,"2"
2039,4,24,114,2.009612934,"2"
2039,4,25,115,2.897687898,"2"
2039,4,26,116,2.720683266,"2"
2039,4,27,117,3.111314178,"2"
2039,4,28,118,2.867169858,"2"
2039,4,29,119,3.10521057,"2"
2039,4,30,120,4.335087582,"2"
2040,4,1,92,-6.27908673,"2"
2040,4,2,93,-5.36354553,"2"
2040,4,3,94,-4.383916446,"2"
2040,4,4,95,-3.627069054,"2"
2040,4,5,96,-3.019760058,"2"
2040,4,6,97,-2.171358546,"2"
2040,4,7,98,-1.41145935,"2"
2040,4,8,99,-0.99946581,"2"
2040,4,9,100,-1.783779438,"2"
2040,4,10,101,-2.229342822,"2"
2040,4,11,102,-2.461279926,"2"
2040,4,12,103,-2.439917298,"2"
2040,4,13,104,-1.356526878,"2"
2040,4,14,105,-0.257877438,"2"
2040,4,15,106,-0.52643619,"2"
2040,4,16,107,-1.649500062,"2"
2040,4,17,108,-0.352483362,"2"
2040,4,18,109,0.703440822,"2"
2040,4,19,110,0.263981046,"2"
2040,4,20,111,0.880445454,"2"
2040,4,21,112,2.226291018,"2"
2040,4,22,113,2.38803663,"2"
2040,4,23,114,3.282215202,"2"
2040,4,24,115,2.89158429,"2"
2040,4,25,116,2.323948746,"2"
2040,4,26,117,2.58640389,"2"
2040,4,27,118,3.34935489,"2"
2040,4,28,119,4.115357694,"2"
2040,4,29,120,4.258792482,"2"
2040,4,30,121,4.170290166,"2"
2041,4,1,91,-5.018691678,"2"
2041,4,2,92,-4.765391946,"2"
2041,4,3,93,-4.09704687,"2"
2041,4,4,94,-3.093003354,"2"
2041,4,5,95,-2.41855467,"2"
2041,4,6,96,-1.997405718,"2"
2041,4,7,97,-2.955672174,"2"
2041,4,8,98,-1.463340018,"2"
2041,4,9,99,-1.039139262,"2"
2041,4,10,100,-0.96894777,"2"
2041,4,11,101,-1.94552505,"2"
2041,4,12,102,-2.735942286,"2"
2041,4,13,103,-2.201876586,"2"
2041,4,14,104,-1.408407546,"2"
2041,4,15,105,-0.166323318,"2"
2041,4,16,106,0.569161446,"2"
2041,4,17,107,-0.141908886,"2"
2041,4,18,108,-0.199893162,"2"
2041,4,19,109,0.03814755,"2"
2041,4,20,110,0.386053206,"2"
2041,4,21,111,2.012664738,"2"
2041,4,22,112,1.118486166,"2"
2041,4,23,113,0.254825634,"2"
2041,4,24,114,1.383993114,"2"
2041,4,25,115,2.51010879,"2"
2041,4,26,116,2.961775782,"2"
2041,4,27,117,2.406347454,"2"
2041,4,28,118,3.111314178,"2"
2041,4,29,119,3.31883685,"2"
2041,4,30,120,4.23437805,"2"
2042,4,1,91,-5.281146822,"2"
2042,4,2,92,-5.122453014,"2"
2042,4,3,93,-4.408330878,"2"
2042,4,4,94,-4.00549275,"2"
2042,4,5,95,-2.73899409,"2"
2042,4,6,96,-2.641336362,"2"
2042,4,7,97,-2.25070545,"2"
2042,4,8,98,-1.44197739,"2"
2042,4,9,99,-1.771572222,"2"
2042,4,10,100,-2.912946918,"2"
2042,4,11,101,-1.939421442,"2"
2042,4,12,102,-1.786831242,"2"
2042,4,13,103,-1.704432534,"2"
2042,4,14,104,-2.333104158,"2"
2042,4,15,105,-1.68612171,"2"
2042,4,16,106,-2.058441798,"2"
2042,4,17,107,-1.722743358,"2"
2042,4,18,108,-0.874341846,"2"
2042,4,19,109,-1.338216054,"2"
2042,4,20,110,-0.752269686,"2"
2042,4,21,111,0.529487994,"2"
2042,4,22,112,2.119477878,"2"
2042,4,23,113,1.170366834,"2"
2042,4,24,114,0.55695423,"2"
2042,4,25,115,1.466391822,"2"
2042,4,26,116,2.92210233,"2"
2042,4,27,117,2.760356718,"2"
2042,4,28,118,3.782711058,"2"
2042,4,29,119,4.194704598,"2"
2042,4,30,120,5.152971054,"2"
2043,4,1,91,-5.19569631,"2"
2043,4,2,92,-4.786754574,"2"
2043,4,3,93,-4.377812838,"2"
2043,4,4,94,-3.797970078,"2"
2043,4,5,95,-2.943464958,"2"
2043,4,6,96,-3.175402062,"2"
2043,4,7,97,-1.942473246,"2"
2043,4,8,98,-2.46433173,"2"
2043,4,9,99,-2.943464958,"2"
2043,4,10,100,-1.44197739,"2"
2043,4,11,101,-2.348363178,"2"
2043,4,12,102,-0.798046746,"2"
2043,4,13,103,-1.002517614,"2"
2043,4,14,104,-0.810253962,"2"
2043,4,15,105,-1.292438994,"2"
2043,4,16,106,-0.456244698,"2"
2043,4,17,107,0.721751646,"2"
2043,4,18,108,0.96894777,"2"
2043,4,19,109,0.914015298,"2"
2043,4,20,110,2.336155962,"2"
2043,4,21,111,2.659647186,"2"
2043,4,22,112,1.768520418,"2"
2043,4,23,113,2.073700818,"2"
2043,4,24,114,2.195772978,"2"
2043,4,25,115,2.72373507,"2"
2043,4,26,116,3.178453866,"2"
2043,4,27,117,4.084839654,"2"
2043,4,28,118,4.41748629,"2"
2043,4,29,119,2.55588585,"2"
2043,4,30,120,3.270007986,"2"
2044,4,1,92,-4.90577493,"2"
2044,4,2,93,-4.011596358,"2"
2044,4,3,94,-4.57007649,"2"
2044,4,4,95,-3.465323442,"2"
2044,4,5,96,-4.466315154,"2"
2044,4,6,97,-3.270007986,"2"
2044,4,7,98,-3.08995155,"2"
2044,4,8,99,-3.324940458,"2"
2044,4,9,100,-3.022811862,"2"
2044,4,10,101,-2.153047722,"2"
2044,4,11,102,-1.722743358,"2"
2044,4,12,103,-0.532539798,"2"
2044,4,13,104,-1.127641578,"2"
2044,4,14,105,-0.730907058,"2"
2044,4,15,106,0.013733118,"2"
2044,4,16,107,-0.624093918,"2"
2044,4,17,108,-0.874341846,"2"
2044,4,18,109,-0.187685946,"2"
2044,4,19,110,1.017776634,"2"
2044,4,20,111,1.145952402,"2"
2044,4,21,112,0.166323318,"2"
2044,4,22,113,-0.06866559,"2"
2044,4,23,114,0.95368875,"2"
2044,4,24,115,0.52643619,"2"
2044,4,25,116,1.12153797,"2"
2044,4,26,117,2.421606474,"2"
2044,4,27,118,2.873273466,"2"
2044,4,28,119,2.766460326,"2"
2044,4,29,120,3.752193018,"2"
2044,4,30,121,4.090943262,"2"
2045,4,1,91,-4.866101478,"2"
2045,4,2,92,-4.209963618,"2"
2045,4,3,93,-3.846798942,"2"
2045,4,4,94,-3.968871102,"2"
2045,4,5,95,-4.286258718,"2"
2045,4,6,96,-3.767452038,"2"
2045,4,7,97,-3.007552842,"2"
2045,4,8,98,-3.187609278,"2"
2045,4,9,99,-2.69321703,"2"
2045,4,10,100,-1.753261398,"2"
2045,4,11,101,-1.417562958,"2"
2045,4,12,102,-1.896696186,"2"
2045,4,13,103,-1.753261398,"2"
2045,4,14,104,-1.011673026,"2"
2045,4,15,105,-0.703440822,"2"
2045,4,16,106,-0.920118906,"2"
2045,4,17,107,0.96894777,"2"
2045,4,18,108,1.664759082,"2"
2045,4,19,109,1.039139262,"2"
2045,4,20,110,1.249713738,"2"
2045,4,21,111,2.51010879,"2"
2045,4,22,112,2.928205938,"2"
2045,4,23,113,3.315785046,"2"
2045,4,24,114,2.623025538,"2"
2045,4,25,115,2.412451062,"2"
2045,4,26,116,4.054321614,"2"
2045,4,27,117,3.962767494,"2"
2045,4,28,118,3.251697162,"2"
2045,4,29,119,2.943464958,"2"
2045,4,30,120,4.487677782,"2"
2046,4,1,91,-5.442892434,"2"
2046,4,2,92,-4.08178785,"2"
2046,4,3,93,-2.61692193,"2"
2046,4,4,94,-2.989242018,"2"
2046,4,5,95,-3.239489946,"2"
2046,4,6,96,-3.462271638,"2"
2046,4,7,97,-3.147935826,"2"
2046,4,8,98,-2.049286386,"2"
2046,4,9,99,-2.262912666,"2"
2046,4,10,100,-2.034027366,"2"
2046,4,11,101,-2.030975562,"2"
2046,4,12,102,-2.323948746,"2"
2046,4,13,103,-1.417562958,"2"
2046,4,14,104,-0.025940334,"2"
2046,4,15,105,-0.257877438,"2"
2046,4,16,106,-0.285343674,"2"
2046,4,17,107,1.47249543,"2"
2046,4,18,108,2.024871954,"2"
2046,4,19,109,1.118486166,"2"
2046,4,20,110,1.445029194,"2"
2046,4,21,111,0.98420679,"2"
2046,4,22,112,-0.041199354,"2"
2046,4,23,113,1.313801622,"2"
2046,4,24,114,3.764400234,"2"
2046,4,25,115,3.544670346,"2"
2046,4,26,116,3.843747138,"2"
2046,4,27,117,3.83764353,"2"
2046,4,28,118,3.938353062,"2"
2046,4,29,119,4.548713862,"2"
2046,4,30,120,5.281146822,"2"
2047,4,1,91,-5.122453014,"2"
2047,4,2,92,-3.312733242,"2"
2047,4,3,93,-3.141832218,"2"
2047,4,4,94,-4.38696825,"2"
2047,4,5,95,-2.742045894,"2"
2047,4,6,96,-3.138780414,"2"
2047,4,7,97,-1.948576854,"2"
2047,4,8,98,-2.763408522,"2"
2047,4,9,99,-2.104218858,"2"
2047,4,10,100,-0.944533338,"2"
2047,4,11,101,-0.990310398,"2"
2047,4,12,102,-1.966887678,"2"
2047,4,13,103,-1.622033826,"2"
2047,4,14,104,-1.329060642,"2"
2047,4,15,105,-1.069657302,"2"
2047,4,16,106,-0.422674854,"2"
2047,4,17,107,0.14496069,"2"
2047,4,18,108,-0.02288853,"2"
2047,4,19,109,0.840772002,"2"
2047,4,20,110,-0.03814755,"2"
2047,4,21,111,0.926222514,"2"
2047,4,22,112,1.44197739,"2"
2047,4,23,113,2.23544643,"2"
2047,4,24,114,1.597619394,"2"
2047,4,25,115,2.519264202,"2"
2047,4,26,116,2.973982998,"2"
2047,4,27,117,3.50194509,"2"
2047,4,28,118,3.108262374,"2"
2047,4,29,119,3.163194846,"2"
2047,4,30,120,4.332035778,"2"
2048,4,1,92,-5.128556622,"2"
2048,4,2,93,-3.80712549,"2"
2048,4,3,94,-4.332035778,"2"
2048,4,4,95,-5.778590874,"2"
2048,4,5,96,-5.766383658,"2"
2048,4,6,97,-4.73792571,"2"
2048,4,7,98,-4.429693506,"2"
2048,4,8,99,-3.53246313,"2"
2048,4,9,100,-2.81528919,"2"
2048,4,10,101,-2.256809058,"2"
2048,4,11,102,-2.415502866,"2"
2048,4,12,103,-1.420614762,"2"
2048,4,13,104,0.08392461,"2"
2048,4,14,105,-0.300602694,"2"
2048,4,15,106,-0.505073562,"2"
2048,4,16,107,-0.077821002,"2"
2048,4,17,108,-0.401312226,"2"
2048,4,18,109,0.248722026,"2"
2048,4,19,110,1.237506522,"2"
2048,4,20,111,1.423666566,"2"
2048,4,21,112,1.188677658,"2"
2048,4,22,113,1.753261398,"2"
2048,4,23,114,1.93026603,"2"
2048,4,24,115,1.493858058,"2"
2048,4,25,116,3.208971906,"2"
2048,4,26,117,2.766460326,"2"
2048,4,27,118,3.404287362,"2"
2048,4,28,119,3.965819298,"2"
2048,4,29,120,4.704355866,"2"
2048,4,30,121,4.625008962,"2"
2049,4,1,91,-4.582283706,"2"
2049,4,2,92,-5.091934974,"2"
2049,4,3,93,-4.313724954,"2"
2049,4,4,94,-4.344242994,"2"
2049,4,5,95,-4.475470566,"2"
2049,4,6,96,-3.10521057,"2"
2049,4,7,97,-1.86922995,"2"
2049,4,8,98,-1.179522246,"2"
2049,4,9,99,-1.06050189,"2"
2049,4,10,100,-0.64850835,"2"
2049,4,11,101,-0.254825634,"2"
2049,4,12,102,-0.032043942,"2"
2049,4,13,103,1.18257405,"2"
2049,4,14,104,0.581368662,"2"
2049,4,15,105,0.990310398,"2"
2049,4,16,106,0.871290042,"2"
2049,4,17,107,0.102235434,"2"
2049,4,18,108,-0.044251158,"2"
2049,4,19,109,0.166323318,"2"
2049,4,20,110,1.615930218,"2"
2049,4,21,111,2.269016274,"2"
2049,4,22,112,1.463340018,"2"
2049,4,23,113,1.234454718,"2"
2049,4,24,114,1.786831242,"2"
2049,4,25,115,3.37987293,"2"
2049,4,26,116,3.096055158,"2"
2049,4,27,117,2.973982998,"2"
2049,4,28,118,3.901731414,"2"
2049,4,29,119,3.66979431,"2"
2049,4,30,120,4.286258718,"2"
2050,4,1,91,-4.255740678,"2"
2050,4,2,92,-3.892576002,"2"
2050,4,3,93,-4.728770298,"2"
2050,4,4,94,-3.706415958,"2"
2050,4,5,95,-3.523307718,"2"
2050,4,6,96,-3.88342059,"2"
2050,4,7,97,-2.87632527,"2"
2050,4,8,98,-2.046234582,"2"
2050,4,9,99,-1.222247502,"2"
2050,4,10,100,-0.520332582,"2"
2050,4,11,101,-0.81635757,"2"
2050,4,12,102,-0.367742382,"2"
2050,4,13,103,0.651560154,"2"
2050,4,14,104,-0.016784922,"2"
2050,4,15,105,-0.642404742,"2"
2050,4,16,106,-0.041199354,"2"
2050,4,17,107,0.193789554,"2"
2050,4,18,108,-0.45014109,"2"
2050,4,19,109,-0.138857082,"2"
2050,4,20,110,0.367742382,"2"
2050,4,21,111,1.417562958,"2"
2050,4,22,112,0.706492626,"2"
2050,4,23,113,1.04524287,"2"
2050,4,24,114,1.057450086,"2"
2050,4,25,115,2.369725806,"2"
2050,4,26,116,2.293430706,"2"
2050,4,27,117,2.98313841,"2"
2050,4,28,118,3.102158766,"2"
2050,4,29,119,3.453116226,"2"
2050,4,30,120,4.100098674,"2"
2051,4,1,91,-4.270999698,"2"
2051,4,2,92,-4.90577493,"2"
2051,4,3,93,-4.393071858,"2"
2051,4,4,94,-5.412374394,"2"
2051,4,5,95,-3.892576002,"2"
2051,4,6,96,-2.504005182,"2"
2051,4,7,97,-2.87632527,"2"
2051,4,8,98,-2.195772978,"2"
2051,4,9,99,-2.580300282,"2"
2051,4,10,100,-2.400243846,"2"
2051,4,11,101,-1.435873782,"2"
2051,4,12,102,-0.752269686,"2"
2051,4,13,103,-1.206988482,"2"
2051,4,14,104,-0.279240066,"2"
2051,4,15,105,-0.880445454,"2"
2051,4,16,106,-0.102235434,"2"
2051,4,17,107,0.852979218,"2"
2051,4,18,108,1.445029194,"2"
2051,4,19,109,1.77767583,"2"
2051,4,20,110,0.41962305,"2"
2051,4,21,111,1.536583314,"2"
2051,4,22,112,1.100175342,"2"
2051,4,23,113,0.553902426,"2"
2051,4,24,114,1.445029194,"2"
2051,4,25,115,3.163194846,"2"
2051,4,26,116,3.477530658,"2"
2051,4,27,117,4.084839654,"2"
2051,4,28,118,3.901731414,"2"
2051,4,29,119,4.298465934,"2"
2051,4,30,120,5.192644506,"2"
2052,4,1,92,-5.82131613,"2"
2052,4,2,93,-5.018691678,"2"
2052,4,3,94,-4.594490922,"2"
2052,4,4,95,-3.981078318,"2"
2052,4,5,96,-4.451056134,"2"
2052,4,6,97,-4.209963618,"2"
2052,4,7,98,-2.55588585,"2"
2052,4,8,99,-2.012664738,"2"
2052,4,9,100,-2.674906206,"2"
2052,4,10,101,-2.34225957,"2"
2052,4,11,102,-2.470435338,"2"
2052,4,12,103,-2.226291018,"2"
2052,4,13,104,-1.231402914,"2"
2052,4,14,105,-0.306706302,"2"
2052,4,15,106,-0.181582338,"2"
2052,4,16,107,1.460288214,"2"
2052,4,17,108,1.054398282,"2"
2052,4,18,109,-0.386053206,"2"
2052,4,19,110,0.852979218,"2"
2052,4,20,111,1.698328926,"2"
2052,4,21,112,1.60982661,"2"
2052,4,22,113,1.124589774,"2"
2052,4,23,114,1.695277122,"2"
2052,4,24,115,2.165254938,"2"
2052,4,25,116,2.589455694,"2"
2052,4,26,117,2.879377074,"2"
2052,4,27,118,3.361562106,"2"
2052,4,28,119,2.18966937,"2"
2052,4,29,120,2.592507498,"2"
2052,4,30,121,4.35645021,"2"
2053,4,1,91,-3.401235558,"2"
2053,4,2,92,-2.732890482,"2"
2053,4,3,93,-2.430761886,"2"
2053,4,4,94,-3.581291994,"2"
2053,4,5,95,-4.11230589,"2"
2053,4,6,96,-3.697260546,"2"
2053,4,7,97,-2.638284558,"2"
2053,4,8,98,-1.515220686,"2"
2053,4,9,99,-1.826504694,"2"
2053,4,10,100,-2.012664738,"2"
2053,4,11,101,-1.47249543,"2"
2053,4,12,102,-0.86213463,"2"
2053,4,13,103,-0.32806893,"2"
2053,4,14,104,-0.41962305,"2"
2053,4,15,105,-0.245670222,"2"
2053,4,16,106,0.212100378,"2"
2053,4,17,107,0.700389018,"2"
2053,4,18,108,1.133745186,"2"
2053,4,19,109,2.095063446,"2"
2053,4,20,110,0.383001402,"2"
2053,4,21,111,0.566109642,"2"
2053,4,22,112,1.939421442,"2"
2053,4,23,113,1.676966298,"2"
2053,4,24,114,3.111314178,"2"
2053,4,25,115,3.343251282,"2"
2053,4,26,116,3.352406694,"2"
2053,4,27,117,3.602654622,"2"
2053,4,28,118,5.040054306,"2"
2053,4,29,119,4.866101478,"2"
2053,4,30,120,5.238421566,"2"
2054,4,1,91,-5.497824906,"2"
2054,4,2,92,-3.666742506,"2"
2054,4,3,93,-3.764400234,"2"
2054,4,4,94,-2.592507498,"2"
2054,4,5,95,-1.484702646,"2"
2054,4,6,96,-1.36568229,"2"
2054,4,7,97,-1.115434362,"2"
2054,4,8,98,-1.643396454,"2"
2054,4,9,99,-0.669870978,"2"
2054,4,10,100,-1.298542602,"2"
2054,4,11,101,-1.383993114,"2"
2054,4,12,102,-0.453192894,"2"
2054,4,13,103,-0.840772002,"2"
2054,4,14,104,-0.257877438,"2"
2054,4,15,105,-0.004577706,"2"
2054,4,16,106,-0.273136458,"2"
2054,4,17,107,0.69428541,"2"
2054,4,18,108,1.02998385,"2"
2054,4,19,109,0.425726658,"2"
2054,4,20,110,-0.294499086,"2"
2054,4,21,111,0.834668394,"2"
2054,4,22,112,2.088959838,"2"
2054,4,23,113,1.02998385,"2"
2054,4,24,114,1.438925586,"2"
2054,4,25,115,1.979094894,"2"
2054,4,26,116,1.88448897,"2"
2054,4,27,117,1.618982022,"2"
2054,4,28,118,3.398183754,"2"
2054,4,29,119,3.739985802,"2"
2054,4,30,120,3.984130122,"2"
2055,4,1,91,-3.770503842,"2"
2055,4,2,92,-2.70847605,"2"
2055,4,3,93,-2.806133778,"2"
2055,4,4,94,-3.114365982,"2"
2055,4,5,95,-3.633172662,"2"
2055,4,6,96,-4.002440946,"2"
2055,4,7,97,-3.279163398,"2"
2055,4,8,98,-2.314793334,"2"
2055,4,9,99,-3.187609278,"2"
2055,4,10,100,-2.995345626,"2"
2055,4,11,101,-1.115434362,"2"
2055,4,12,102,-2.030975562,"2"
2055,4,13,103,-1.73189877,"2"
2055,4,14,104,-1.234454718,"2"
2055,4,15,105,-0.773632314,"2"
2055,4,16,106,0.843823806,"2"
2055,4,17,107,0.721751646,"2"
2055,4,18,108,0.019836726,"2"
2055,4,19,109,-0.120546258,"2"
2055,4,20,110,1.39620033,"2"
2055,4,21,111,1.698328926,"2"
2055,4,22,112,1.841763714,"2"
2055,4,23,113,2.027923758,"2"
2055,4,24,114,1.74715779,"2"
2055,4,25,115,2.879377074,"2"
2055,4,26,116,3.337147674,"2"
2055,4,27,117,3.138780414,"2"
2055,4,28,118,4.67688963,"2"
2055,4,29,119,5.174333682,"2"
2055,4,30,120,4.026855378,"2"
2056,4,1,92,-5.528342946,"2"
2056,4,2,93,-5.049209718,"2"
2056,4,3,94,-4.274051502,"2"
2056,4,4,95,-3.739985802,"2"
2056,4,5,96,-3.007552842,"2"
2056,4,6,97,-2.546730438,"2"
2056,4,7,98,-2.320896942,"2"
2056,4,8,99,-2.949568566,"2"
2056,4,9,100,-1.89974799,"2"
2056,4,10,101,0.157167906,"2"
2056,4,11,102,0.920118906,"2"
2056,4,12,103,-0.166323318,"2"
2056,4,13,104,-0.61799031,"2"
2056,4,14,105,-0.917067102,"2"
2056,4,15,106,-1.774624026,"2"
2056,4,16,107,-1.234454718,"2"
2056,4,17,108,0.300602694,"2"
2056,4,18,109,0.730907058,"2"
2056,4,19,110,1.390096722,"2"
2056,4,20,111,1.542686922,"2"
2056,4,21,112,0.78583953,"2"
2056,4,22,113,1.512168882,"2"
2056,4,23,114,1.59456759,"2"
2056,4,24,115,2.949568566,"2"
2056,4,25,116,2.47959075,"2"
2056,4,26,117,2.650491774,"2"
2056,4,27,118,3.755244822,"2"
2056,4,28,119,5.28725043,"2"
2056,4,29,120,5.809108914,"2"
2056,4,30,121,5.22621435,"2"
2057,4,1,91,-5.186540898,"2"
2057,4,2,92,-5.909818446,"2"
2057,4,3,93,-5.482565886,"2"
2057,4,4,94,-4.70740767,"2"
2057,4,5,95,-3.950560278,"2"
2057,4,6,96,-3.071640726,"2"
2057,4,7,97,-1.997405718,"2"
2057,4,8,98,-2.473487142,"2"
2057,4,9,99,-3.041122686,"2"
2057,4,10,100,-1.951628658,"2"
2057,4,11,101,-1.756313202,"2"
2057,4,12,102,-2.140840506,"2"
2057,4,13,103,-2.095063446,"2"
2057,4,14,104,-0.804150354,"2"
2057,4,15,105,-0.804150354,"2"
2057,4,16,106,-0.462348306,"2"
2057,4,17,107,1.28938719,"2"
2057,4,18,108,1.179522246,"2"
2057,4,19,109,0.193789554,"2"
2057,4,20,110,0.898756278,"2"
2057,4,21,111,2.629129146,"2"
2057,4,22,112,2.375829414,"2"
2057,4,23,113,2.867169858,"2"
2057,4,24,114,2.824444602,"2"
2057,4,25,115,2.308689726,"2"
2057,4,26,116,2.305637922,"2"
2057,4,27,117,3.758296626,"2"
2057,4,28,118,3.932249454,"2"
2057,4,29,119,4.042114398,"2"
2057,4,30,120,4.689096846,"2"
2058,4,1,91,-3.511100502,"2"
2058,4,2,92,-3.13572861,"2"
2058,4,3,93,-3.147935826,"2"
2058,4,4,94,-4.26489609,"2"
2058,4,5,95,-4.805065398,"2"
2058,4,6,96,-4.274051502,"2"
2058,4,7,97,-2.61692193,"2"
2058,4,8,98,-2.44907271,"2"
2058,4,9,99,-2.015716542,"2"
2058,4,10,100,-1.612878414,"2"
2058,4,11,101,-0.51117717,"2"
2058,4,12,102,-0.468451914,"2"
2058,4,13,103,-1.194781266,"2"
2058,4,14,104,-0.309758106,"2"
2058,4,15,105,0.148012494,"2"
2058,4,16,106,0.410467638,"2"
2058,4,17,107,0.141908886,"2"
2058,4,18,108,1.728846966,"2"
2058,4,19,109,3.13572861,"2"
2058,4,20,110,3.468375246,"2"
2058,4,21,111,3.584343798,"2"
2058,4,22,112,3.51720411,"2"
2058,4,23,113,3.956663886,"2"
2058,4,24,114,3.324940458,"2"
2058,4,25,115,3.19676469,"2"
2058,4,26,116,3.987181926,"2"
2058,4,27,117,4.649423394,"2"
2058,4,28,118,4.69214865,"2"
2058,4,29,119,4.972914618,"2"
2058,4,30,120,5.296405842,"2"
2059,4,1,91,-4.457159742,"2"
2059,4,2,92,-3.132676806,"2"
2059,4,3,93,-2.51010879,"2"
2059,4,4,94,-3.160143042,"2"
2059,4,5,95,-3.132676806,"2"
2059,4,6,96,-2.516212398,"2"
2059,4,7,97,-2.207980194,"2"
2059,4,8,98,-2.06759721,"2"
2059,4,9,99,-3.657587094,"2"
2059,4,10,100,-2.641336362,"2"
2059,4,11,101,-2.543678634,"2"
2059,4,12,102,-1.603723002,"2"
2059,4,13,103,-1.255817346,"2"
2059,4,14,104,-0.93842973,"2"
2059,4,15,105,-1.179522246,"2"
2059,4,16,106,-1.795986654,"2"
2059,4,17,107,-1.210040286,"2"
2059,4,18,108,0.16021971,"2"
2059,4,19,109,-0.154116102,"2"
2059,4,20,110,0.712596234,"2"
2059,4,21,111,1.875333558,"2"
2059,4,22,112,2.003509326,"2"
2059,4,23,113,2.293430706,"2"
2059,4,24,114,1.588463982,"2"
2059,4,25,115,2.516212398,"2"
2059,4,26,116,2.961775782,"2"
2059,4,27,117,3.392080146,"2"
2059,4,28,118,4.557869274,"2"
2059,4,29,119,5.436788826,"2"
2059,4,30,120,5.461203258,"2"
2060,4,1,92,-3.465323442,"2"
2060,4,2,93,-3.190661082,"2"
2060,4,3,94,-2.854962642,"2"
2060,4,4,95,-2.507056986,"2"
2060,4,5,96,-2.363622198,"2"
2060,4,6,97,-2.299534314,"2"
2060,4,7,98,-1.676966298,"2"
2060,4,8,99,-1.921110618,"2"
2060,4,9,100,-2.122529682,"2"
2060,4,10,101,-1.393148526,"2"
2060,4,11,102,-1.087968126,"2"
2060,4,12,103,-0.279240066,"2"
2060,4,13,104,0.151064298,"2"
2060,4,14,105,0.401312226,"2"
2060,4,15,106,-0.062561982,"2"
2060,4,16,107,0.718699842,"2"
2060,4,17,108,1.127641578,"2"
2060,4,18,109,1.127641578,"2"
2060,4,19,110,-0.193789554,"2"
2060,4,20,111,0.013733118,"2"
2060,4,21,112,1.051346478,"2"
2060,4,22,113,2.09811525,"2"
2060,4,23,114,3.114365982,"2"
2060,4,24,115,2.851910838,"2"
2060,4,25,116,2.796978366,"2"
2060,4,26,117,3.21202371,"2"
2060,4,27,118,3.617913642,"2"
2060,4,28,119,3.276111594,"2"
2060,4,29,120,4.14282393,"2"
2060,4,30,121,5.253680586,"2"
2061,4,1,91,-3.062485314,"2"
2061,4,2,92,-3.587395602,"2"
2061,4,3,93,-3.86816157,"2"
2061,4,4,94,-3.422598186,"2"
2061,4,5,95,-1.878385362,"2"
2061,4,6,96,-2.812237386,"2"
2061,4,7,97,-2.491797966,"2"
2061,4,8,98,-3.300526026,"2"
2061,4,9,99,-1.933317834,"2"
2061,4,10,100,-0.947585142,"2"
2061,4,11,101,-0.29755089,"2"
2061,4,12,102,-0.959792358,"2"
2061,4,13,103,-1.271076366,"2"
2061,4,14,104,-2.43381369,"2"
2061,4,15,105,-1.19783307,"2"
2061,4,16,106,-0.92317071,"2"
2061,4,17,107,-0.642404742,"2"
2061,4,18,108,0.975051378,"2"
2061,4,19,109,1.814297478,"2"
2061,4,20,110,1.820401086,"2"
2061,4,21,111,1.802090262,"2"
2061,4,22,112,2.72373507,"2"
2061,4,23,113,2.302586118,"2"
2061,4,24,114,1.722743358,"2"
2061,4,25,115,2.577248478,"2"
2061,4,26,116,3.022811862,"2"
2061,4,27,117,3.886472394,"2"
2061,4,28,118,4.61585355,"2"
2061,4,29,119,3.941404866,"2"
2061,4,30,120,4.704355866,"2"
2062,4,1,91,-3.840695334,"2"
2062,4,2,92,-3.859006158,"2"
2062,4,3,93,-2.854962642,"2"
2062,4,4,94,-3.355458498,"2"
2062,4,5,95,-2.595559302,"2"
2062,4,6,96,-2.415502866,"2"
2062,4,7,97,-1.881437166,"2"
2062,4,8,98,-3.126573198,"2"
2062,4,9,99,-3.13572861,"2"
2062,4,10,100,-0.856031022,"2"
2062,4,11,101,-0.00762951,"2"
2062,4,12,102,-0.41962305,"2"
2062,4,13,103,-1.445029194,"2"
2062,4,14,104,-0.285343674,"2"
2062,4,15,105,0.077821002,"2"
2062,4,16,106,-0.004577706,"2"
2062,4,17,107,-0.337224342,"2"
2062,4,18,108,0.813305766,"2"
2062,4,19,109,1.377889506,"2"
2062,4,20,110,1.24361013,"2"
2062,4,21,111,2.03707917,"2"
2062,4,22,112,2.26596447,"2"
2062,4,23,113,1.872281754,"2"
2062,4,24,114,1.216143894,"2"
2062,4,25,115,2.73899409,"2"
2062,4,26,116,3.587395602,"2"
2062,4,27,117,3.95971569,"2"
2062,4,28,118,4.286258718,"2"
2062,4,29,119,4.60059453,"2"
2062,4,30,120,4.597542726,"2"
2063,4,1,91,-3.224230926,"2"
2063,4,2,92,-1.89974799,"2"
2063,4,3,93,-1.966887678,"2"
2063,4,4,94,-2.461279926,"2"
2063,4,5,95,-2.626077342,"2"
2063,4,6,96,-2.467383534,"2"
2063,4,7,97,-2.430761886,"2"
2063,4,8,98,-2.31174153,"2"
2063,4,9,99,-1.310749818,"2"
2063,4,10,100,-0.584420466,"2"
2063,4,11,101,-0.32806893,"2"
2063,4,12,102,0.477607326,"2"
2063,4,13,103,1.051346478,"2"
2063,4,14,104,0.383001402,"2"
2063,4,15,105,0.560006034,"2"
2063,4,16,106,0.697337214,"2"
2063,4,17,107,0.599679486,"2"
2063,4,18,108,1.115434362,"2"
2063,4,19,109,2.25070545,"2"
2063,4,20,110,1.985198502,"2"
2063,4,21,111,1.24361013,"2"
2063,4,22,112,1.881437166,"2"
2063,4,23,113,3.086899746,"2"
2063,4,24,114,3.938353062,"2"
2063,4,25,115,2.89158429,"2"
2063,4,26,116,3.416494578,"2"
2063,4,27,117,3.981078318,"2"
2063,4,28,118,4.161134754,"2"
2063,4,29,119,5.656518714,"2"
2063,4,30,120,5.98916535,"2"
2064,4,1,92,-4.011596358,"2"
2064,4,2,93,-4.55481747,"2"
2064,4,3,94,-2.900739702,"2"
2064,4,4,95,-1.612878414,"2"
2064,4,5,96,-2.732890482,"2"
2064,4,6,97,-3.126573198,"2"
2064,4,7,98,-0.917067102,"2"
2064,4,8,99,-0.529487994,"2"
2064,4,9,100,0.019836726,"2"
2064,4,10,101,-0.462348306,"2"
2064,4,11,102,-1.551842334,"2"
2064,4,12,103,-0.468451914,"2"
2064,4,13,104,1.01472483,"2"
2064,4,14,105,0.715648038,"2"
2064,4,15,106,0.376897794,"2"
2064,4,16,107,1.280231778,"2"
2064,4,17,108,0.819409374,"2"
2064,4,18,109,0.660715566,"2"
2064,4,19,110,1.127641578,"2"
2064,4,20,111,1.219195698,"2"
2064,4,21,112,2.153047722,"2"
2064,4,22,113,1.79293485,"2"
2064,4,23,114,1.795986654,"2"
2064,4,24,115,2.522316006,"2"
2064,4,25,116,2.839703622,"2"
2064,4,26,117,3.36461391,"2"
2064,4,27,118,4.557869274,"2"
2064,4,28,119,5.098038582,"2"
2064,4,29,120,5.63820789,"2"
2064,4,30,121,5.40932259,"2"
2065,4,1,91,-3.739985802,"2"
2065,4,2,92,-3.724726782,"2"
2065,4,3,93,-5.473410474,"2"
2065,4,4,94,-4.81422081,"2"
2065,4,5,95,-3.938353062,"2"
2065,4,6,96,-3.36461391,"2"
2065,4,7,97,-1.820401086,"2"
2065,4,8,98,-1.872281754,"2"
2065,4,9,99,-2.244601842,"2"
2065,4,10,100,-1.799038458,"2"
2065,4,11,101,-1.06050189,"2"
2065,4,12,102,-0.77058051,"2"
2065,4,13,103,-2.552834046,"2"
2065,4,14,104,-1.390096722,"2"
2065,4,15,105,-0.93842973,"2"
2065,4,16,106,-0.37384599,"2"
2065,4,17,107,-0.57221325,"2"
2065,4,18,108,-0.462348306,"2"
2065,4,19,109,0.782787726,"2"
2065,4,20,110,2.345311374,"2"
2065,4,21,111,3.132676806,"2"
2065,4,22,112,3.508048698,"2"
2065,4,23,113,2.35751859,"2"
2065,4,24,114,2.742045894,"2"
2065,4,25,115,4.148927538,"2"
2065,4,26,116,4.167238362,"2"
2065,4,27,117,3.981078318,"2"
2065,4,28,118,4.734873906,"2"
2065,4,29,119,4.878308694,"2"
2065,4,30,120,4.426641702,"2"
2066,4,1,91,-4.05126981,"2"
2066,4,2,92,-3.971922906,"2"
2066,4,3,93,-3.703364154,"2"
2066,4,4,94,-2.607766518,"2"
2066,4,5,95,-2.360570394,"2"
2066,4,6,96,-2.024871954,"2"
2066,4,7,97,-2.452124514,"2"
2066,4,8,98,-2.046234582,"2"
2066,4,9,99,-1.087968126,"2"
2066,4,10,100,-0.822461178,"2"
2066,4,11,101,0.16021971,"2"
2066,4,12,102,-0.315861714,"2"
2066,4,13,103,0.468451914,"2"
2066,4,14,104,0.523384386,"2"
2066,4,15,105,0.514228974,"2"
2066,4,16,106,1.667810886,"2"
2066,4,17,107,1.860074538,"2"
2066,4,18,108,1.393148526,"2"
2066,4,19,109,1.857022734,"2"
2066,4,20,110,0.852979218,"2"
2066,4,21,111,1.264972758,"2"
2066,4,22,112,3.15098763,"2"
2066,4,23,113,1.786831242,"2"
2066,4,24,114,1.478599038,"2"
2066,4,25,115,1.97604309,"2"
2066,4,26,116,3.370717518,"2"
2066,4,27,117,5.000380854,"2"
2066,4,28,118,5.207903526,"2"
2066,4,29,119,4.652475198,"2"
2066,4,30,120,5.494773102,"2"
2067,4,1,91,-4.887464106,"2"
2067,4,2,92,-3.358510302,"2"
2067,4,3,93,-3.245593554,"2"
2067,4,4,94,-3.36461391,"2"
2067,4,5,95,-2.656595382,"2"
2067,4,6,96,-2.195772978,"2"
2067,4,7,97,-1.933317834,"2"
2067,4,8,98,-1.432821978,"2"
2067,4,9,99,-0.721751646,"2"
2067,4,10,100,-0.666819174,"2"
2067,4,11,101,-0.669870978,"2"
2067,4,12,102,0.004577706,"2"
2067,4,13,103,-0.086976414,"2"
2067,4,14,104,-1.017776634,"2"
2067,4,15,105,-0.544747014,"2"
2067,4,16,106,-0.245670222,"2"
2067,4,17,107,0.978103182,"2"
2067,4,18,108,0.49591815,"2"
2067,4,19,109,0.80109855,"2"
2067,4,20,110,0.904859886,"2"
2067,4,21,111,2.214083802,"2"
2067,4,22,112,2.488746162,"2"
2067,4,23,113,2.31174153,"2"
2067,4,24,114,2.69321703,"2"
2067,4,25,115,2.378881218,"2"
2067,4,26,116,2.973982998,"2"
2067,4,27,117,3.645379878,"2"
2067,4,28,118,4.475470566,"2"
2067,4,29,119,4.045166202,"2"
2067,4,30,120,4.64637159,"2"
2068,4,1,92,-2.73899409,"2"
2068,4,2,93,-2.500953378,"2"
2068,4,3,94,-1.12153797,"2"
2068,4,4,95,-2.198824782,"2"
2068,4,5,96,-2.943464958,"2"
2068,4,6,97,-2.925154134,"2"
2068,4,7,98,-1.35042327,"2"
2068,4,8,99,-1.628137434,"2"
2068,4,9,100,-2.381933022,"2"
2068,4,10,101,-1.225299306,"2"
2068,4,11,102,-0.956740554,"2"
2068,4,12,103,-1.13679699,"2"
2068,4,13,104,-0.050354766,"2"
2068,4,14,105,-1.020828438,"2"
2068,4,15,106,0.453192894,"2"
2068,4,16,107,0.67902639,"2"
2068,4,17,108,1.28938719,"2"
2068,4,18,109,2.299534314,"2"
2068,4,19,110,0.437933874,"2"
2068,4,20,111,1.588463982,"2"
2068,4,21,112,2.400243846,"2"
2068,4,22,113,2.003509326,"2"
2068,4,23,114,3.016708254,"2"
2068,4,24,115,2.964827586,"2"
2068,4,25,116,2.87632527,"2"
2068,4,26,117,3.59349921,"2"
2068,4,27,118,3.605706426,"2"
2068,4,28,119,3.59349921,"2"
2068,4,29,120,4.576180098,"2"
2068,4,30,121,5.799953502,"2"
2069,4,1,91,-2.919050526,"2"
2069,4,2,92,-3.60875823,"2"
2069,4,3,93,-3.291370614,"2"
2069,4,4,94,-3.306629634,"2"
2069,4,5,95,-2.442969102,"2"
2069,4,6,96,-2.925154134,"2"
2069,4,7,97,-1.698328926,"2"
2069,4,8,98,-1.078812714,"2"
2069,4,9,99,0.065613786,"2"
2069,4,10,100,-1.164263226,"2"
2069,4,11,101,0.657663762,"2"
2069,4,12,102,1.667810886,"2"
2069,4,13,103,1.60982661,"2"
2069,4,14,104,1.759365006,"2"
2069,4,15,105,1.268024562,"2"
2069,4,16,106,1.210040286,"2"
2069,4,17,107,1.68612171,"2"
2069,4,18,108,2.095063446,"2"
2069,4,19,109,1.448080998,"2"
2069,4,20,110,2.41855467,"2"
2069,4,21,111,3.764400234,"2"
2069,4,22,112,2.882428878,"2"
2069,4,23,113,2.28122349,"2"
2069,4,24,114,2.482642554,"2"
2069,4,25,115,4.026855378,"2"
2069,4,26,116,4.441900722,"2"
2069,4,27,117,4.588387314,"2"
2069,4,28,118,4.930189362,"2"
2069,4,29,119,6.117341118,"2"
2069,4,30,120,5.85183417,"2"
2070,4,1,91,-4.484625978,"2"
2070,4,2,92,-5.732813814,"2"
2070,4,3,93,-4.457159742,"2"
2070,4,4,94,-4.60059453,"2"
2070,4,5,95,-4.237429854,"2"
2070,4,6,96,-3.941404866,"2"
2070,4,7,97,-3.117417786,"2"
2070,4,8,98,-3.21202371,"2"
2070,4,9,99,-3.346303086,"2"
2070,4,10,100,-1.969939482,"2"
2070,4,11,101,-2.153047722,"2"
2070,4,12,102,-2.018768346,"2"
2070,4,13,103,-0.636301134,"2"
2070,4,14,104,-0.401312226,"2"
2070,4,15,105,0.09918363,"2"
2070,4,16,106,0.395208618,"2"
2070,4,17,107,-0.654611958,"2"
2070,4,18,108,-0.025940334,"2"
2070,4,19,109,0.578316858,"2"
2070,4,20,110,0.529487994,"2"
2070,4,21,111,1.329060642,"2"
2070,4,22,112,1.051346478,"2"
2070,4,23,113,2.177462154,"2"
2070,4,24,114,2.088959838,"2"
2070,4,25,115,1.817349282,"2"
2070,4,26,116,3.947508474,"2"
2070,4,27,117,4.634164374,"2"
2070,4,28,118,5.305561254,"2"
2070,4,29,119,5.864041386,"2"
2070,4,30,120,5.77553907,"2"
2071,4,1,91,-3.263904378,"2"
2071,4,2,92,-2.83054821,"2"
2071,4,3,93,-2.793926562,"2"
2071,4,4,94,-2.735942286,"2"
2071,4,5,95,-1.890592578,"2"
2071,4,6,96,-2.275119882,"2"
2071,4,7,97,-1.911955206,"2"
2071,4,8,98,-1.997405718,"2"
2071,4,9,99,-1.039139262,"2"
2071,4,10,100,-0.880445454,"2"
2071,4,11,101,-0.202944966,"2"
2071,4,12,102,-0.721751646,"2"
2071,4,13,103,-1.100175342,"2"
2071,4,14,104,-1.295490798,"2"
2071,4,15,105,-0.257877438,"2"
2071,4,16,106,0.700389018,"2"
2071,4,17,107,2.107270662,"2"
2071,4,18,108,0.303654498,"2"
2071,4,19,109,1.347371466,"2"
2071,4,20,110,2.473487142,"2"
2071,4,21,111,3.550773954,"2"
2071,4,22,112,4.164186558,"2"
2071,4,23,113,3.801021882,"2"
2071,4,24,114,4.695200454,"2"
2071,4,25,115,4.655527002,"2"
2071,4,26,116,4.115357694,"2"
2071,4,27,117,3.504996894,"2"
2071,4,28,118,4.167238362,"2"
2071,4,29,119,4.344242994,"2"
2071,4,30,120,4.57007649,"2"
2072,4,1,92,-4.716563082,"2"
2072,4,2,93,-2.806133778,"2"
2072,4,3,94,-2.262912666,"2"
2072,4,4,95,-3.553825758,"2"
2072,4,5,96,-3.33409587,"2"
2072,4,6,97,-4.133668518,"2"
2072,4,7,98,-3.294422418,"2"
2072,4,8,99,-2.314793334,"2"
2072,4,9,100,-2.455176318,"2"
2072,4,10,101,-1.24361013,"2"
2072,4,11,102,-0.75532149,"2"
2072,4,12,103,-0.834668394,"2"
2072,4,13,104,-0.605783094,"2"
2072,4,14,105,-0.367742382,"2"
2072,4,15,106,0.84687561,"2"
2072,4,16,107,0.605783094,"2"
2072,4,17,108,0.505073562,"2"
2072,4,18,109,0.260929242,"2"
2072,4,19,110,-0.059510178,"2"
2072,4,20,111,0.941481534,"2"
2072,4,21,112,1.866178146,"2"
2072,4,22,113,2.748149502,"2"
2072,4,23,114,3.154039434,"2"
2072,4,24,115,2.925154134,"2"
2072,4,25,116,3.385976538,"2"
2072,4,26,117,3.202868298,"2"
2072,4,27,118,3.703364154,"2"
2072,4,28,119,3.376821126,"2"
2072,4,29,120,3.132676806,"2"
2072,4,30,121,3.31883685,"2"
2073,4,1,91,-3.935301258,"2"
2073,4,2,92,-3.743037606,"2"
2073,4,3,93,-3.828488118,"2"
2073,4,4,94,-2.534523222,"2"
2073,4,5,95,-0.935377926,"2"
2073,4,6,96,-1.109330754,"2"
2073,4,7,97,-0.349431558,"2"
2073,4,8,98,0.227359398,"2"
2073,4,9,99,-0.001525902,"2"
2073,4,10,100,-0.40436403,"2"
2073,4,11,101,-0.06866559,"2"
2073,4,12,102,0.230411202,"2"
2073,4,13,103,-0.791943138,"2"
2073,4,14,104,0.956740554,"2"
2073,4,15,105,1.22835111,"2"
2073,4,16,106,0.798046746,"2"
2073,4,17,107,1.573204962,"2"
2073,4,18,108,2.095063446,"2"
2073,4,19,109,1.176470442,"2"
2073,4,20,110,1.298542602,"2"
2073,4,21,111,1.829556498,"2"
2073,4,22,112,2.720683266,"2"
2073,4,23,113,3.431753598,"2"
2073,4,24,114,4.301517738,"2"
2073,4,25,115,5.427633414,"2"
2073,4,26,116,4.957655598,"2"
2073,4,27,117,4.487677782,"2"
2073,4,28,118,5.879300406,"2"
2073,4,29,119,5.781642678,"2"
2073,4,30,120,5.24147337,"2"
2074,4,1,91,-4.527351234,"2"
2074,4,2,92,-1.799038458,"2"
2074,4,3,93,-2.995345626,"2"
2074,4,4,94,-3.706415958,"2"
2074,4,5,95,-3.361562106,"2"
2074,4,6,96,-2.458228122,"2"
2074,4,7,97,-2.25070545,"2"
2074,4,8,98,-1.573204962,"2"
2074,4,9,99,-0.456244698,"2"
2074,4,10,100,-0.06866559,"2"
2074,4,11,101,-1.12153797,"2"
2074,4,12,102,-1.36568229,"2"
2074,4,13,103,-0.782787726,"2"
2074,4,14,104,1.048294674,"2"
2074,4,15,105,1.417562958,"2"
2074,4,16,106,0.947585142,"2"
2074,4,17,107,0.978103182,"2"
2074,4,18,108,0.813305766,"2"
2074,4,19,109,1.91500701,"2"
2074,4,20,110,1.231402914,"2"
2074,4,21,111,2.241550038,"2"
2074,4,22,112,4.12756491,"2"
2074,4,23,113,4.76844375,"2"
2074,4,24,114,3.965819298,"2"
2074,4,25,115,4.06652883,"2"
2074,4,26,116,5.156022858,"2"
2074,4,27,117,4.179445578,"2"
2074,4,28,118,4.942396578,"2"
2074,4,29,119,6.306552966,"2"
2074,4,30,120,6.69108027,"2"
2075,4,1,91,-3.569084778,"2"
2075,4,2,92,-3.932249454,"2"
2075,4,3,93,-3.382924734,"2"
2075,4,4,94,-3.230334534,"2"
2075,4,5,95,-1.985198502,"2"
2075,4,6,96,-2.110322466,"2"
2075,4,7,97,-1.759365006,"2"
2075,4,8,98,-0.605783094,"2"
2075,4,9,99,-1.240558326,"2"
2075,4,10,100,-1.25886915,"2"
2075,4,11,101,-1.185625854,"2"
2075,4,12,102,-1.118486166,"2"
2075,4,13,103,-1.316853426,"2"
2075,4,14,104,0.730907058,"2"
2075,4,15,105,0.947585142,"2"
2075,4,16,106,1.707484338,"2"
2075,4,17,107,2.20492839,"2"
2075,4,18,108,1.91500701,"2"
2075,4,19,109,2.146944114,"2"
2075,4,20,110,1.405355742,"2"
2075,4,21,111,1.338216054,"2"
2075,4,22,112,2.394140238,"2"
2075,4,23,113,3.123521394,"2"
2075,4,24,114,4.911878538,"2"
2075,4,25,115,5.406270786,"2"
2075,4,26,116,5.101090386,"2"
2075,4,27,117,4.301517738,"2"
2075,4,28,118,4.231326246,"2"
2075,4,29,119,5.201799918,"2"
2075,4,30,120,5.812160718,"2"
2076,4,1,92,-3.169298454,"2"
2076,4,2,93,-2.925154134,"2"
2076,4,3,94,-3.666742506,"2"
2076,4,4,95,-2.430761886,"2"
2076,4,5,96,-2.320896942,"2"
2076,4,6,97,-1.799038458,"2"
2076,4,7,98,-2.00656113,"2"
2076,4,8,99,-0.868238238,"2"
2076,4,9,100,-0.474555522,"2"
2076,4,10,101,-0.508125366,"2"
2076,4,11,102,-0.306706302,"2"
2076,4,12,103,-0.856031022,"2"
2076,4,13,104,-1.161211422,"2"
2076,4,14,105,0.489814542,"2"
2076,4,15,106,1.371785898,"2"
2076,4,16,107,1.307698014,"2"
2076,4,17,108,1.051346478,"2"
2076,4,18,109,1.139848794,"2"
2076,4,19,110,1.460288214,"2"
2076,4,20,111,1.664759082,"2"
2076,4,21,112,3.843747138,"2"
2076,4,22,113,4.99732905,"2"
2076,4,23,114,4.515144018,"2"
2076,4,24,115,4.695200454,"2"
2076,4,25,116,4.832531634,"2"
2076,4,26,117,4.23437805,"2"
2076,4,27,118,4.795909986,"2"
2076,4,28,119,6.041046018,"2"
2076,4,29,120,6.086823078,"2"
2076,4,30,121,4.695200454,"2"
2077,4,1,91,-3.41039097,"2"
2077,4,2,92,-2.497901574,"2"
2077,4,3,93,-3.169298454,"2"
2077,4,4,94,-2.381933022,"2"
2077,4,5,95,-1.512168882,"2"
2077,4,6,96,-3.297474222,"2"
2077,4,7,97,-3.42564999,"2"
2077,4,8,98,-3.160143042,"2"
2077,4,9,99,-3.18150567,"2"
2077,4,10,100,-2.446020906,"2"
2077,4,11,101,-1.33516425,"2"
2077,4,12,102,0.077821002,"2"
2077,4,13,103,-0.047302962,"2"
2077,4,14,104,-0.544747014,"2"
2077,4,15,105,0.489814542,"2"
2077,4,16,106,-0.035095746,"2"
2077,4,17,107,0.990310398,"2"
2077,4,18,108,0.849927414,"2"
2077,4,19,109,0.584420466,"2"
2077,4,20,110,2.149995918,"2"
2077,4,21,111,4.441900722,"2"
2077,4,22,112,4.115357694,"2"
2077,4,23,113,4.042114398,"2"
2077,4,24,114,3.965819298,"2"
2077,4,25,115,3.71557137,"2"
2077,4,26,116,4.252688874,"2"
2077,4,27,117,4.50904041,"2"
2077,4,28,118,5.418478002,"2"
2077,4,29,119,5.223162546,"2"
2077,4,30,120,6.50797203,"2"
2078,4,1,91,-2.717631462,"2"
2078,4,2,92,-3.260852574,"2"
2078,4,3,93,-2.08285623,"2"
2078,4,4,94,-2.122529682,"2"
2078,4,5,95,-2.513160594,"2"
2078,4,6,96,-2.766460326,"2"
2078,4,7,97,-1.954680462,"2"
2078,4,8,98,-1.475547234,"2"
2078,4,9,99,-1.21309209,"2"
2078,4,10,100,-0.758373294,"2"
2078,4,11,101,-0.54169521,"2"
2078,4,12,102,-0.28229187,"2"
2078,4,13,103,1.316853426,"2"
2078,4,14,104,1.078812714,"2"
2078,4,15,105,1.200884874,"2"
2078,4,16,106,0.86213463,"2"
2078,4,17,107,0.233463006,"2"
2078,4,18,108,0.51117717,"2"
2078,4,19,109,1.100175342,"2"
2078,4,20,110,1.219195698,"2"
2078,4,21,111,2.748149502,"2"
2078,4,22,112,3.846798942,"2"
2078,4,23,113,3.401235558,"2"
2078,4,24,114,3.218127318,"2"
2078,4,25,115,2.656595382,"2"
2078,4,26,116,3.19676469,"2"
2078,4,27,117,3.999389142,"2"
2078,4,28,118,5.458151454,"2"
2078,4,29,119,6.224154258,"2"
2078,4,30,120,5.677881342,"2"
2079,4,1,91,-3.70031235,"2"
2079,4,2,92,-2.699320638,"2"
2079,4,3,93,-1.887540774,"2"
2079,4,4,94,-2.18966937,"2"
2079,4,5,95,-2.595559302,"2"
2079,4,6,96,-1.88448897,"2"
2079,4,7,97,-1.683069906,"2"
2079,4,8,98,-0.86213463,"2"
2079,4,9,99,-0.135805278,"2"
2079,4,10,100,-0.593575878,"2"
2079,4,11,101,-1.50301347,"2"
2079,4,12,102,0.001525902,"2"
2079,4,13,103,0.959792358,"2"
2079,4,14,104,1.383993114,"2"
2079,4,15,105,0.794994942,"2"
2079,4,16,106,0.993362202,"2"
2079,4,17,107,0.691233606,"2"
2079,4,18,108,0.700389018,"2"
2079,4,19,109,1.493858058,"2"
2079,4,20,110,2.272068078,"2"
2079,4,21,111,1.71663975,"2"
2079,4,22,112,2.024871954,"2"
2079,4,23,113,3.019760058,"2"
2079,4,24,114,3.382924734,"2"
2079,4,25,115,3.111314178,"2"
2079,4,26,116,2.986190214,"2"
2079,4,27,117,3.389028342,"2"
2079,4,28,118,3.523307718,"2"
2079,4,29,119,4.06652883,"2"
2079,4,30,120,4.426641702,"2"
2080,4,1,92,-4.786754574,"2"
2080,4,2,93,-3.010604646,"2"
2080,4,3,94,-2.507056986,"2"
2080,4,4,95,-2.81528919,"2"
2080,4,5,96,-3.248645358,"2"
2080,4,6,97,-2.732890482,"2"
2080,4,7,98,-1.908903402,"2"
2080,4,8,99,-1.155107814,"2"
2080,4,9,100,-1.19783307,"2"
2080,4,10,101,-1.618982022,"2"
2080,4,11,102,-1.158159618,"2"
2080,4,12,103,-0.105287238,"2"
2080,4,13,104,1.066605498,"2"
2080,4,14,105,-0.154116102,"2"
2080,4,15,106,-0.303654498,"2"
2080,4,16,107,0.840772002,"2"
2080,4,17,108,1.951628658,"2"
2080,4,18,109,1.423666566,"2"
2080,4,19,110,2.214083802,"2"
2080,4,20,111,3.520255914,"2"
2080,4,21,112,3.453116226,"2"
2080,4,22,113,2.28122349,"2"
2080,4,23,114,3.086899746,"2"
2080,4,24,115,4.817272614,"2"
2080,4,25,116,5.189592702,"2"
2080,4,26,117,5.253680586,"2"
2080,4,27,118,5.040054306,"2"
2080,4,28,119,5.83657515,"2"
2080,4,29,120,6.153962766,"2"
2080,4,30,121,5.845730562,"2"
2081,4,1,91,-4.383916446,"2"
2081,4,2,92,-3.187609278,"2"
2081,4,3,93,-2.217135606,"2"
2081,4,4,94,-2.272068078,"2"
2081,4,5,95,-2.537575026,"2"
2081,4,6,96,-2.08285623,"2"
2081,4,7,97,-0.492866346,"2"
2081,4,8,98,-0.508125366,"2"
2081,4,9,99,-0.444037482,"2"
2081,4,10,100,-0.035095746,"2"
2081,4,11,101,0.25177383,"2"
2081,4,12,102,0.834668394,"2"
2081,4,13,103,0.965895966,"2"
2081,4,14,104,1.54879053,"2"
2081,4,15,105,1.719691554,"2"
2081,4,16,106,1.09101993,"2"
2081,4,17,107,1.93026603,"2"
2081,4,18,108,2.253757254,"2"
2081,4,19,109,3.76134843,"2"
2081,4,20,110,3.773555646,"2"
2081,4,21,111,3.648431682,"2"
2081,4,22,112,4.704355866,"2"
2081,4,23,113,4.58533551,"2"
2081,4,24,114,4.335087582,"2"
2081,4,25,115,4.161134754,"2"
2081,4,26,116,5.803005306,"2"
2081,4,27,117,5.763331854,"2"
2081,4,28,118,5.616845262,"2"
2081,4,29,119,5.98916535,"2"
2081,4,30,120,6.251620494,"2"
2082,4,1,91,-2.699320638,"2"
2082,4,2,92,-1.957732266,"2"
2082,4,3,93,-1.536583314,"2"
2082,4,4,94,-2.034027366,"2"
2082,4,5,95,-0.944533338,"2"
2082,4,6,96,0.154116102,"2"
2082,4,7,97,0.047302962,"2"
2082,4,8,98,-0.260929242,"2"
2082,4,9,99,-0.248722026,"2"
2082,4,10,100,0.080872806,"2"
2082,4,11,101,0.965895966,"2"
2082,4,12,102,0.944533338,"2"
2082,4,13,103,1.139848794,"2"
2082,4,14,104,1.698328926,"2"
2082,4,15,105,1.908903402,"2"
2082,4,16,106,1.738002378,"2"
2082,4,17,107,1.857022734,"2"
2082,4,18,108,1.615930218,"2"
2082,4,19,109,2.119477878,"2"
2082,4,20,110,2.320896942,"2"
2082,4,21,111,2.977034802,"2"
2082,4,22,112,2.89158429,"2"
2082,4,23,113,3.358510302,"2"
2082,4,24,114,4.429693506,"2"
2082,4,25,115,3.865109766,"2"
2082,4,26,116,3.202868298,"2"
2082,4,27,117,4.76844375,"2"
2082,4,28,118,6.022735194,"2"
2082,4,29,119,6.739909134,"2"
2082,4,30,120,6.53849007,"2"
2083,4,1,91,-4.58533551,"2"
2083,4,2,92,-3.706415958,"2"
2083,4,3,93,-2.34225957,"2"
2083,4,4,94,-2.812237386,"2"
2083,4,5,95,-1.530479706,"2"
2083,4,6,96,-1.448080998,"2"
2083,4,7,97,-2.482642554,"2"
2083,4,8,98,-2.192721174,"2"
2083,4,9,99,-2.519264202,"2"
2083,4,10,100,-0.245670222,"2"
2083,4,11,101,-0.569161446,"2"
2083,4,12,102,-0.78583953,"2"
2083,4,13,103,0.440985678,"2"
2083,4,14,104,1.118486166,"2"
2083,4,15,105,0.532539798,"2"
2083,4,16,106,0.279240066,"2"
2083,4,17,107,0.868238238,"2"
2083,4,18,108,0.03814755,"2"
2083,4,19,109,2.02182015,"2"
2083,4,20,110,3.108262374,"2"
2083,4,21,111,3.54772215,"2"
2083,4,22,112,2.626077342,"2"
2083,4,23,113,3.050278098,"2"
2083,4,24,114,2.75425311,"2"
2083,4,25,115,1.908903402,"2"
2083,4,26,116,3.523307718,"2"
2083,4,27,117,4.255740678,"2"
2083,4,28,118,5.299457646,"2"
2083,4,29,119,4.469366958,"2"
2083,4,30,120,6.501868422,"2"
2084,4,1,92,-4.521247626,"2"
2084,4,2,93,-3.978026514,"2"
2084,4,3,94,-3.614861838,"2"
2084,4,4,95,-2.467383534,"2"
2084,4,5,96,-1.42671837,"2"
2084,4,6,97,-1.881437166,"2"
2084,4,7,98,-1.789883046,"2"
2084,4,8,99,-1.890592578,"2"
2084,4,9,100,-1.695277122,"2"
2084,4,10,101,-1.374837702,"2"
2084,4,11,102,-0.752269686,"2"
2084,4,12,103,-0.66376737,"2"
2084,4,13,104,-0.135805278,"2"
2084,4,14,105,0.120546258,"2"
2084,4,15,106,0.09918363,"2"
2084,4,16,107,1.466391822,"2"
2084,4,17,108,1.332112446,"2"
2084,4,18,109,1.268024562,"2"
2084,4,19,110,0.813305766,"2"
2084,4,20,111,1.41145935,"2"
2084,4,21,112,2.552834046,"2"
2084,4,22,113,2.980086606,"2"
2084,4,23,114,3.584343798,"2"
2084,4,24,115,2.99839743,"2"
2084,4,25,116,3.270007986,"2"
2084,4,26,117,4.093995066,"2"
2084,4,27,118,3.611810034,"2"
2084,4,28,119,3.675897918,"2"
2084,4,29,120,4.286258718,"2"
2084,4,30,121,5.870144994,"2"
2085,4,1,91,-1.496909862,"2"
2085,4,2,92,-1.966887678,"2"
2085,4,3,93,-1.725795162,"2"
2085,4,4,94,-1.57930857,"2"
2085,4,5,95,-0.468451914,"2"
2085,4,6,96,-0.462348306,"2"
2085,4,7,97,0.352483362,"2"
2085,4,8,98,-0.041199354,"2"
2085,4,9,99,-1.039139262,"2"
2085,4,10,100,-1.277179974,"2"
2085,4,11,101,-0.599679486,"2"
2085,4,12,102,0.355535166,"2"
2085,4,13,103,0.718699842,"2"
2085,4,14,104,0.346379754,"2"
2085,4,15,105,0.367742382,"2"
2085,4,16,106,1.521324294,"2"
2085,4,17,107,1.54879053,"2"
2085,4,18,108,2.198824782,"2"
2085,4,19,109,1.939421442,"2"
2085,4,20,110,2.247653646,"2"
2085,4,21,111,3.556877562,"2"
2085,4,22,112,4.826428026,"2"
2085,4,23,113,4.826428026,"2"
2085,4,24,114,4.61585355,"2"
2085,4,25,115,4.838635242,"2"
2085,4,26,116,5.796901698,"2"
2085,4,27,117,5.934232878,"2"
2085,4,28,118,5.68398495,"2"
2085,4,29,119,5.37880455,"2"
2085,4,30,120,6.23330967,"2"
2086,4,1,91,-1.997405718,"2"
2086,4,2,92,-0.87739365,"2"
2086,4,3,93,-1.28938719,"2"
2086,4,4,94,-1.496909862,"2"
2086,4,5,95,-0.825512982,"2"
2086,4,6,96,-0.395208618,"2"
2086,4,7,97,-0.407415834,"2"
2086,4,8,98,0.248722026,"2"
2086,4,9,99,0.28229187,"2"
2086,4,10,100,0.315861714,"2"
2086,4,11,101,-0.172426926,"2"
2086,4,12,102,-0.520332582,"2"
2086,4,13,103,-0.51117717,"2"
2086,4,14,104,1.219195698,"2"
2086,4,15,105,2.735942286,"2"
2086,4,16,106,1.756313202,"2"
2086,4,17,107,1.353475074,"2"
2086,4,18,108,1.951628658,"2"
2086,4,19,109,2.519264202,"2"
2086,4,20,110,3.718623174,"2"
2086,4,21,111,3.28831881,"2"
2086,4,22,112,2.73899409,"2"
2086,4,23,113,3.590447406,"2"
2086,4,24,114,3.996337338,"2"
2086,4,25,115,4.322880366,"2"
2086,4,26,116,5.189592702,"2"
2086,4,27,117,5.101090386,"2"
2086,4,28,118,5.207903526,"2"
2086,4,29,119,5.986113546,"2"
2086,4,30,120,6.15701457,"2"
2087,4,1,91,-2.427710082,"2"
2087,4,2,92,-2.421606474,"2"
2087,4,3,93,-0.978103182,"2"
2087,4,4,94,-0.03814755,"2"
2087,4,5,95,-0.926222514,"2"
2087,4,6,96,-0.788891334,"2"
2087,4,7,97,-0.407415834,"2"
2087,4,8,98,0.163271514,"2"
2087,4,9,99,-0.72480345,"2"
2087,4,10,100,-0.517280778,"2"
2087,4,11,101,-0.196841358,"2"
2087,4,12,102,1.460288214,"2"
2087,4,13,103,1.536583314,"2"
2087,4,14,104,2.458228122,"2"
2087,4,15,105,2.378881218,"2"
2087,4,16,106,1.53353151,"2"
2087,4,17,107,1.86922995,"2"
2087,4,18,108,3.056381706,"2"
2087,4,19,109,1.997405718,"2"
2087,4,20,110,2.034027366,"2"
2087,4,21,111,3.45616803,"2"
2087,4,22,112,3.666742506,"2"
2087,4,23,113,5.064468738,"2"
2087,4,24,114,4.423589898,"2"
2087,4,25,115,5.86709319,"2"
2087,4,26,116,5.763331854,"2"
2087,4,27,117,5.000380854,"2"
2087,4,28,118,4.70740767,"2"
2087,4,29,119,4.972914618,"2"
2087,4,30,120,5.89761123,"2"
2088,4,1,92,-1.54879053,"2"
2088,4,2,93,-1.048294674,"2"
2088,4,3,94,-3.215075514,"2"
2088,4,4,95,-2.757304914,"2"
2088,4,5,96,-1.707484338,"2"
2088,4,6,97,-1.70138073,"2"
2088,4,7,98,-1.332112446,"2"
2088,4,8,99,-1.811245674,"2"
2088,4,9,100,-3.010604646,"2"
2088,4,10,101,-1.896696186,"2"
2088,4,11,102,-1.89974799,"2"
2088,4,12,103,-0.544747014,"2"
2088,4,13,104,-0.230411202,"2"
2088,4,14,105,-0.019836726,"2"
2088,4,15,106,0.43488207,"2"
2088,4,16,107,0.410467638,"2"
2088,4,17,108,-0.00762951,"2"
2088,4,18,109,0.25177383,"2"
2088,4,19,110,0.376897794,"2"
2088,4,20,111,1.948576854,"2"
2088,4,21,112,2.046234582,"2"
2088,4,22,113,2.81528919,"2"
2088,4,23,114,3.962767494,"2"
2088,4,24,115,4.185549186,"2"
2088,4,25,116,4.014648162,"2"
2088,4,26,117,3.083847942,"2"
2088,4,27,118,3.300526026,"2"
2088,4,28,119,3.459219834,"2"
2088,4,29,120,3.10521057,"2"
2088,4,30,121,5.961699114,"2"
2089,4,1,91,-5.140763838,"2"
2089,4,2,92,-4.551765666,"2"
2089,4,3,93,-3.733882194,"2"
2089,4,4,94,-3.926145846,"2"
2089,4,5,95,-3.514152306,"2"
2089,4,6,96,-3.599602818,"2"
2089,4,7,97,-3.172350258,"2"
2089,4,8,98,-2.018768346,"2"
2089,4,9,99,-1.081864518,"2"
2089,4,10,100,-1.942473246,"2"
2089,4,11,101,-1.176470442,"2"
2089,4,12,102,-0.712596234,"2"
2089,4,13,103,-0.93842973,"2"
2089,4,14,104,-0.98420679,"2"
2089,4,15,105,1.118486166,"2"
2089,4,16,106,0.584420466,"2"
2089,4,17,107,-0.425726658,"2"
2089,4,18,108,0.227359398,"2"
2089,4,19,109,0.43488207,"2"
2089,4,20,110,1.585412178,"2"
2089,4,21,111,1.939421442,"2"
2089,4,22,112,1.005569418,"2"
2089,4,23,113,0.691233606,"2"
2089,4,24,114,1.893644382,"2"
2089,4,25,115,3.920042238,"2"
2089,4,26,116,4.93629297,"2"
2089,4,27,117,4.274051502,"2"
2089,4,28,118,3.871213374,"2"
2089,4,29,119,4.359502014,"2"
2089,4,30,120,5.37880455,"2"
2090,4,1,91,-4.274051502,"2"
2090,4,2,92,-4.200808206,"2"
2090,4,3,93,-5.192644506,"2"
2090,4,4,94,-4.76844375,"2"
2090,4,5,95,-3.300526026,"2"
2090,4,6,96,-2.436865494,"2"
2090,4,7,97,-2.14389231,"2"
2090,4,8,98,-1.084916322,"2"
2090,4,9,99,-1.06050189,"2"
2090,4,10,100,-0.965895966,"2"
2090,4,11,101,-0.886549062,"2"
2090,4,12,102,-1.301594406,"2"
2090,4,13,103,0.17547873,"2"
2090,4,14,104,0.807202158,"2"
2090,4,15,105,0.154116102,"2"
2090,4,16,106,0.779735922,"2"
2090,4,17,107,1.603723002,"2"
2090,4,18,108,2.40329565,"2"
2090,4,19,109,2.488746162,"2"
2090,4,20,110,1.499961666,"2"
2090,4,21,111,2.583352086,"2"
2090,4,22,112,2.269016274,"2"
2090,4,23,113,3.932249454,"2"
2090,4,24,114,4.057373418,"2"
2090,4,25,115,4.548713862,"2"
2090,4,26,116,4.292362326,"2"
2090,4,27,117,4.28015511,"2"
2090,4,28,118,4.414434486,"2"
2090,4,29,119,5.107193994,"2"
2090,4,30,120,5.366597334,"2"
2091,4,1,91,-3.18150567,"2"
2091,4,2,92,-3.285267006,"2"
2091,4,3,93,-2.873273466,"2"
2091,4,4,94,-3.782711058,"2"
2091,4,5,95,-2.482642554,"2"
2091,4,6,96,-1.280231778,"2"
2091,4,7,97,-1.42671837,"2"
2091,4,8,98,-2.03707917,"2"
2091,4,9,99,-1.393148526,"2"
2091,4,10,100,0.529487994,"2"
2091,4,11,101,1.753261398,"2"
2091,4,12,102,0.291447282,"2"
2091,4,13,103,0.361638774,"2"
2091,4,14,104,1.954680462,"2"
2091,4,15,105,2.992293822,"2"
2091,4,16,106,2.851910838,"2"
2091,4,17,107,2.162203134,"2"
2091,4,18,108,2.87632527,"2"
2091,4,19,109,2.49484977,"2"
2091,4,20,110,2.726786874,"2"
2091,4,21,111,2.08285623,"2"
2091,4,22,112,1.27412817,"2"
2091,4,23,113,2.09811525,"2"
2091,4,24,114,2.436865494,"2"
2091,4,25,115,3.682001526,"2"
2091,4,26,116,3.321888654,"2"
2091,4,27,117,5.082779562,"2"
2091,4,28,118,4.927137558,"2"
2091,4,29,119,5.278095018,"2"
2091,4,30,120,5.85183417,"2"
2092,4,1,92,-4.017699966,"2"
2092,4,2,93,-2.96787939,"2"
2092,4,3,94,-3.59349921,"2"
2092,4,4,95,-3.022811862,"2"
2092,4,5,96,-2.14389231,"2"
2092,4,6,97,-2.058441798,"2"
2092,4,7,98,-1.939421442,"2"
2092,4,8,99,-2.278171686,"2"
2092,4,9,100,-1.56404955,"2"
2092,4,10,101,-0.987258594,"2"
2092,4,11,102,-0.535591602,"2"
2092,4,12,103,0.227359398,"2"
2092,4,13,104,0.920118906,"2"
2092,4,14,105,1.01472483,"2"
2092,4,15,106,0.75532149,"2"
2092,4,16,107,1.924162422,"2"
2092,4,17,108,3.108262374,"2"
2092,4,18,109,3.205920102,"2"
2092,4,19,110,2.485694358,"2"
2092,4,20,111,2.436865494,"2"
2092,4,21,112,3.31883685,"2"
2092,4,22,113,3.147935826,"2"
2092,4,23,114,3.688105134,"2"
2092,4,24,115,3.779659254,"2"
2092,4,25,116,4.725718494,"2"
2092,4,26,117,4.38696825,"2"
2092,4,27,118,4.84473885,"2"
2092,4,28,119,5.293354038,"2"
2092,4,29,120,5.68398495,"2"
2092,4,30,121,5.305561254,"2"
2093,4,1,91,-3.434805402,"2"
2093,4,2,92,-3.068588922,"2"
2093,4,3,93,-2.384984826,"2"
2093,4,4,94,-2.424658278,"2"
2093,4,5,95,-1.966887678,"2"
2093,4,6,96,-2.000457522,"2"
2093,4,7,97,-1.618982022,"2"
2093,4,8,98,-0.569161446,"2"
2093,4,9,99,-0.880445454,"2"
2093,4,10,100,-1.905851598,"2"
2093,4,11,101,-1.210040286,"2"
2093,4,12,102,0.440985678,"2"
2093,4,13,103,0.60273129,"2"
2093,4,14,104,0.624093918,"2"
2093,4,15,105,1.600671198,"2"
2093,4,16,106,1.313801622,"2"
2093,4,17,107,1.127641578,"2"
2093,4,18,108,1.722743358,"2"
2093,4,19,109,1.448080998,"2"
2093,4,20,110,2.34225957,"2"
2093,4,21,111,4.017699966,"2"
2093,4,22,112,2.851910838,"2"
2093,4,23,113,3.419546382,"2"
2093,4,24,114,3.828488118,"2"
2093,4,25,115,3.70031235,"2"
2093,4,26,116,4.06652883,"2"
2093,4,27,117,3.810177294,"2"
2093,4,28,118,4.40222727,"2"
2093,4,29,119,4.969862814,"2"
2093,4,30,120,7.31670009,"2"
2094,4,1,91,-3.437857206,"2"
2094,4,2,92,-3.871213374,"2"
2094,4,3,93,-3.678949722,"2"
2094,4,4,94,-3.355458498,"2"
2094,4,5,95,-2.934309546,"2"
2094,4,6,96,-2.055389994,"2"
2094,4,7,97,-1.70138073,"2"
2094,4,8,98,-0.38910501,"2"
2094,4,9,99,-0.06866559,"2"
2094,4,10,100,-0.090028218,"2"
2094,4,11,101,0.105287238,"2"
2094,4,12,102,-0.11444265,"2"
2094,4,13,103,0.468451914,"2"
2094,4,14,104,0.288395478,"2"
2094,4,15,105,0.840772002,"2"
2094,4,16,106,-0.00762951,"2"
2094,4,17,107,0.627145722,"2"
2094,4,18,108,2.272068078,"2"
2094,4,19,109,3.071640726,"2"
2094,4,20,110,3.453116226,"2"
2094,4,21,111,2.955672174,"2"
2094,4,22,112,1.383993114,"2"
2094,4,23,113,2.76951213,"2"
2094,4,24,114,4.23437805,"2"
2094,4,25,115,3.36461391,"2"
2094,4,26,116,2.644388166,"2"
2094,4,27,117,3.886472394,"2"
2094,4,28,118,4.29541413,"2"
2094,4,29,119,4.441900722,"2"
2094,4,30,120,4.328983974,"2"
2095,4,1,91,-4.89051591,"2"
2095,4,2,92,-4.603646334,"2"
2095,4,3,93,-4.640267982,"2"
2095,4,4,94,-3.245593554,"2"
2095,4,5,95,-2.177462154,"2"
2095,4,6,96,-1.631189238,"2"
2095,4,7,97,-0.227359398,"2"
2095,4,8,98,-1.026932046,"2"
2095,4,9,99,-0.889600866,"2"
2095,4,10,100,-0.138857082,"2"
2095,4,11,101,0.859082826,"2"
2095,4,12,102,1.506065274,"2"
2095,4,13,103,0.782787726,"2"
2095,4,14,104,0.315861714,"2"
2095,4,15,105,0.840772002,"2"
2095,4,16,106,-0.154116102,"2"
2095,4,17,107,-0.108339042,"2"
2095,4,18,108,1.661707278,"2"
2095,4,19,109,2.63218095,"2"
2095,4,20,110,2.793926562,"2"
2095,4,21,111,3.450064422,"2"
2095,4,22,112,4.069580634,"2"
2095,4,23,113,5.452047846,"2"
2095,4,24,114,4.451056134,"2"
2095,4,25,115,4.408330878,"2"
2095,4,26,116,4.78370277,"2"
2095,4,27,117,5.809108914,"2"
2095,4,28,118,5.595482634,"2"
2095,4,29,119,5.925077466,"2"
2095,4,30,120,6.453039558,"2"
2096,4,1,92,-3.19676469,"2"
2096,4,2,93,-2.381933022,"2"
2096,4,3,94,-1.97604309,"2"
2096,4,4,95,-0.959792358,"2"
2096,4,5,96,-0.849927414,"2"
2096,4,6,97,-1.799038458,"2"
2096,4,7,98,-1.09101993,"2"
2096,4,8,99,-0.90791169,"2"
2096,4,9,100,-0.840772002,"2"
2096,4,10,101,0.050354766,"2"
2096,4,11,102,-0.135805278,"2"
2096,4,12,103,1.07576091,"2"
2096,4,13,104,1.020828438,"2"
2096,4,14,105,1.329060642,"2"
2096,4,15,106,2.088959838,"2"
2096,4,16,107,2.149995918,"2"
2096,4,17,108,2.314793334,"2"
2096,4,18,109,2.162203134,"2"
2096,4,19,110,2.00656113,"2"
2096,4,20,111,1.817349282,"2"
2096,4,21,112,3.221179122,"2"
2096,4,22,113,2.711527854,"2"
2096,4,23,114,3.245593554,"2"
2096,4,24,115,4.277103306,"2"
2096,4,25,116,3.053329902,"2"
2096,4,26,117,3.996337338,"2"
2096,4,27,118,4.832531634,"2"
2096,4,28,119,5.284198626,"2"
2096,4,29,120,5.25673239,"2"
2096,4,30,121,7.539481782,"2"
2097,4,1,91,-2.836651818,"2"
2097,4,2,92,-3.248645358,"2"
2097,4,3,93,-2.735942286,"2"
2097,4,4,94,-2.153047722,"2"
2097,4,5,95,-2.504005182,"2"
2097,4,6,96,-2.119477878,"2"
2097,4,7,97,-1.634241042,"2"
2097,4,8,98,-0.69428541,"2"
2097,4,9,99,-0.773632314,"2"
2097,4,10,100,-0.654611958,"2"
2097,4,11,101,0.248722026,"2"
2097,4,12,102,0.166323318,"2"
2097,4,13,103,0.529487994,"2"
2097,4,14,104,0.682078194,"2"
2097,4,15,105,2.958723978,"2"
2097,4,16,106,2.308689726,"2"
2097,4,17,107,1.149004206,"2"
2097,4,18,108,0.67902639,"2"
2097,4,19,109,2.406347454,"2"
2097,4,20,110,2.684061618,"2"
2097,4,21,111,3.294422418,"2"
2097,4,22,112,3.343251282,"2"
2097,4,23,113,3.514152306,"2"
2097,4,24,114,3.321888654,"2"
2097,4,25,115,3.627069054,"2"
2097,4,26,116,4.252688874,"2"
2097,4,27,117,5.39406357,"2"
2097,4,28,118,5.50087671,"2"
2097,4,29,119,5.278095018,"2"
2097,4,30,120,6.102082098,"2"
2098,4,1,91,-4.46326335,"2"
2098,4,2,92,-2.568093066,"2"
2098,4,3,93,-1.588463982,"2"
2098,4,4,94,-1.454184606,"2"
2098,4,5,95,-1.73189877,"2"
2098,4,6,96,-1.21309209,"2"
2098,4,7,97,-0.108339042,"2"
2098,4,8,98,-0.071717394,"2"
2098,4,9,99,-0.17547873,"2"
2098,4,10,100,0.718699842,"2"
2098,4,11,101,0.035095746,"2"
2098,4,12,102,0.288395478,"2"
2098,4,13,103,1.255817346,"2"
2098,4,14,104,1.692225318,"2"
2098,4,15,105,1.084916322,"2"
2098,4,16,106,2.183565762,"2"
2098,4,17,107,2.44907271,"2"
2098,4,18,108,3.739985802,"2"
2098,4,19,109,4.228274442,"2"
2098,4,20,110,3.254748966,"2"
2098,4,21,111,2.973982998,"2"
2098,4,22,112,3.544670346,"2"
2098,4,23,113,3.376821126,"2"
2098,4,24,114,2.681009814,"2"
2098,4,25,115,3.712519566,"2"
2098,4,26,116,4.991225442,"2"
2098,4,27,117,5.015639874,"2"
2098,4,28,118,5.253680586,"2"
2098,4,29,119,6.047149626,"2"
2098,4,30,120,8.757151578,"2"
2099,4,1,91,-3.575188386,"2"
2099,4,2,92,-3.050278098,"2"
2099,4,3,93,-2.470435338,"2"
2099,4,4,94,-3.163194846,"2"
2099,4,5,95,-2.41855467,"2"
2099,4,6,96,-0.883497258,"2"
2099,4,7,97,-0.40436403,"2"
2099,4,8,98,-0.914015298,"2"
2099,4,9,99,-2.314793334,"2"
2099,4,10,100,-2.09811525,"2"
2099,4,11,101,-1.268024562,"2"
2099,4,12,102,0.273136458,"2"
2099,4,13,103,0.971999574,"2"
2099,4,14,104,1.942473246,"2"
2099,4,15,105,1.405355742,"2"
2099,4,16,106,1.286335386,"2"
2099,4,17,107,-0.001525902,"2"
2099,4,18,108,0.98420679,"2"
2099,4,19,109,1.783779438,"2"
2099,4,20,110,2.25070545,"2"
2099,4,21,111,3.108262374,"2"
2099,4,22,112,3.12046959,"2"
2099,4,23,113,3.480582462,"2"
2099,4,24,114,3.068588922,"2"
2099,4,25,115,4.197756402,"2"
2099,4,26,116,5.543601966,"2"
2099,4,27,117,5.122453014,"2"
2099,4,28,118,5.412374394,"2"
2099,4,29,119,6.03494241,"2"
2099,4,30,120,6.666665838,"2"
2100,4,1,91,-4.18860099,"2"
2100,4,2,92,-3.511100502,"2"
2100,4,3,93,-2.775615738,"2"
2100,4,4,94,-3.04417449,"2"
2100,4,5,95,-3.251697162,"2"
2100,4,6,96,-2.424658278,"2"
2100,4,7,97,-0.935377926,"2"
2100,4,8,98,-1.048294674,"2"
2100,4,9,99,-1.469443626,"2"
2100,4,10,100,-1.649500062,"2"
2100,4,11,101,-1.557945942,"2"
2100,4,12,102,-1.612878414,"2"
2100,4,13,103,-1.04524287,"2"
2100,4,14,104,-0.895704474,"2"
2100,4,15,105,-0.325017126,"2"
2100,4,16,106,0.856031022,"2"
2100,4,17,107,0.849927414,"2"
2100,4,18,108,1.149004206,"2"
2100,4,19,109,2.38803663,"2"
2100,4,20,110,2.22018741,"2"
2100,4,21,111,3.144884022,"2"
2100,4,22,112,3.398183754,"2"
2100,4,23,113,3.88342059,"2"
2100,4,24,114,5.22621435,"2"
2100,4,25,115,4.048218006,"2"
2100,4,26,116,4.475470566,"2"
2100,4,27,117,4.985121834,"2"
2100,4,28,118,5.387959962,"2"
2100,4,29,119,6.062408646,"2"
2100,4,30,120,6.501868422,"2"
2025,5,1,121,0.779735922,"2"
2025,5,2,122,1.383993114,"2"
2025,5,3,123,2.156099526,"2"
2025,5,4,124,2.604714714,"2"
2025,5,5,125,1.93026603,"2"
2025,5,6,126,1.481650842,"2"
2025,5,7,127,1.36568229,"2"
2025,5,8,128,1.591515786,"2"
2025,5,9,129,1.490806254,"2"
2025,5,10,130,2.867169858,"2"
2025,5,11,131,3.392080146,"2"
2025,5,12,132,3.718623174,"2"
2025,5,13,133,4.924085754,"2"
2025,5,14,134,5.009536266,"2"
2025,5,15,135,4.76844375,"2"
2025,5,16,136,5.314716666,"2"
2025,5,17,137,4.441900722,"2"
2025,5,18,138,5.595482634,"2"
2025,5,19,139,6.269931318,"2"
2025,5,20,140,6.962690826,"2"
2025,5,21,141,7.893491046,"2"
2025,5,22,142,8.78156601,"2"
2025,5,23,143,7.30144107,"2"
2025,5,24,144,7.57610343,"2"
2025,5,25,145,7.95757893,"2"
2025,5,26,146,8.03387403,"2"
2025,5,27,147,8.848705698,"2"
2025,5,28,148,8.589302358,"2"
2025,5,29,149,9.108109038,"2"
2025,5,30,150,9.75814329,"2"
2025,5,31,151,8.830394874,"2"
2026,5,1,121,0.166323318,"2"
2026,5,2,122,0.776684118,"2"
2026,5,3,123,0.706492626,"2"
2026,5,4,124,1.356526878,"2"
2026,5,5,125,2.08285623,"2"
2026,5,6,126,2.40329565,"2"
2026,5,7,127,2.638284558,"2"
2026,5,8,128,3.270007986,"2"
2026,5,9,129,3.123521394,"2"
2026,5,10,130,3.556877562,"2"
2026,5,11,131,4.039062594,"2"
2026,5,12,132,4.332035778,"2"
2026,5,13,133,3.981078318,"2"
2026,5,14,134,4.441900722,"2"
2026,5,15,135,4.597542726,"2"
2026,5,16,136,5.583275418,"2"
2026,5,17,137,5.552757378,"2"
2026,5,18,138,5.711451186,"2"
2026,5,19,139,6.791789802,"2"
2026,5,20,140,8.274966546,"2"
2026,5,21,141,6.800945214,"2"
2026,5,22,142,6.053253234,"2"
2026,5,23,143,6.694132074,"2"
2026,5,24,144,8.006407794,"2"
2026,5,25,145,7.273974834,"2"
2026,5,26,146,7.893491046,"2"
2026,5,27,147,8.90363817,"2"
2026,5,28,148,8.488592826,"2"
2026,5,29,149,8.076599286,"2"
2026,5,30,150,7.063400358,"2"
2026,5,31,151,7.222094166,"2"
2027,5,1,121,-0.154116102,"2"
2027,5,2,122,0.077821002,"2"
2027,5,3,123,1.206988482,"2"
2027,5,4,124,2.092011642,"2"
2027,5,5,125,2.030975562,"2"
2027,5,6,126,1.982146698,"2"
2027,5,7,127,3.068588922,"2"
2027,5,8,128,4.182497382,"2"
2027,5,9,129,3.871213374,"2"
2027,5,10,130,3.550773954,"2"
2027,5,11,131,3.886472394,"2"
2027,5,12,132,3.88342059,"2"
2027,5,13,133,3.453116226,"2"
2027,5,14,134,4.820324418,"2"
2027,5,15,135,4.939344774,"2"
2027,5,16,136,5.839626954,"2"
2027,5,17,137,7.380787974,"2"
2027,5,18,138,7.304492874,"2"
2027,5,19,139,6.947431806,"2"
2027,5,20,140,5.37880455,"2"
2027,5,21,141,6.79789341,"2"
2027,5,22,142,6.147859158,"2"
2027,5,23,143,7.627984098,"2"
2027,5,24,144,8.104065522,"2"
2027,5,25,145,9.556724226,"2"
2027,5,26,146,10.026702042,"2"
2027,5,27,147,8.97993327,"2"
2027,5,28,148,9.480429126,"2"
2027,5,29,149,9.507895362,"2"
2027,5,30,150,9.526206186,"2"
2027,5,31,151,9.999235806,"2"
2028,5,1,122,1.231402914,"2"
2028,5,2,123,1.560997746,"2"
2028,5,3,124,2.629129146,"2"
2028,5,4,125,2.238498234,"2"
2028,5,5,126,2.046234582,"2"
2028,5,6,127,0.95368875,"2"
2028,5,7,128,1.142900598,"2"
2028,5,8,129,2.195772978,"2"
2028,5,9,130,3.306629634,"2"
2028,5,10,131,4.185549186,"2"
2028,5,11,132,4.084839654,"2"
2028,5,12,133,3.816280902,"2"
2028,5,13,134,3.859006158,"2"
2028,5,14,135,4.28015511,"2"
2028,5,15,136,6.303501162,"2"
2028,5,16,137,6.089874882,"2"
2028,5,17,138,3.91393863,"2"
2028,5,18,139,4.64637159,"2"
2028,5,19,140,5.494773102,"2"
2028,5,20,141,6.29434575,"2"
2028,5,21,142,5.818264326,"2"
2028,5,22,143,5.262835998,"2"
2028,5,23,144,6.511023834,"2"
2028,5,24,145,6.761271762,"2"
2028,5,25,146,6.959639022,"2"
2028,5,26,147,8.94941523,"2"
2028,5,27,148,8.976881466,"2"
2028,5,28,149,7.985045166,"2"
2028,5,29,150,7.014571494,"2"
2028,5,30,151,6.87418851,"2"
2028,5,31,152,8.656442046,"2"
2029,5,1,121,0.782787726,"2"
2029,5,2,122,2.027923758,"2"
2029,5,3,123,3.331044066,"2"
2029,5,4,124,2.793926562,"2"
2029,5,5,125,2.110322466,"2"
2029,5,6,126,1.554894138,"2"
2029,5,7,127,2.05233819,"2"
2029,5,8,128,2.470435338,"2"
2029,5,9,129,2.604714714,"2"
2029,5,10,130,3.901731414,"2"
2029,5,11,131,2.629129146,"2"
2029,5,12,132,3.202868298,"2"
2029,5,13,133,3.904783218,"2"
2029,5,14,134,5.80605711,"2"
2029,5,15,135,6.300449358,"2"
2029,5,16,136,6.315708378,"2"
2029,5,17,137,6.633095994,"2"
2029,5,18,138,5.555809182,"2"
2029,5,19,139,6.315708378,"2"
2029,5,20,140,6.388951674,"2"
2029,5,21,141,6.535438266,"2"
2029,5,22,142,6.617836974,"2"
2029,5,23,143,7.441824054,"2"
2029,5,24,144,8.44586757,"2"
2029,5,25,145,7.924009086,"2"
2029,5,26,146,6.916913766,"2"
2029,5,27,147,8.18646423,"2"
2029,5,28,148,8.912793582,"2"
2029,5,29,149,8.070495678,"2"
2029,5,30,150,9.004347702,"2"
2029,5,31,151,9.33089073,"2"
2030,5,1,121,1.307698014,"2"
2030,5,2,122,1.329060642,"2"
2030,5,3,123,1.966887678,"2"
2030,5,4,124,1.802090262,"2"
2030,5,5,125,2.629129146,"2"
2030,5,6,126,3.910886826,"2"
2030,5,7,127,3.97497471,"2"
2030,5,8,128,3.712519566,"2"
2030,5,9,129,2.262912666,"2"
2030,5,10,130,1.933317834,"2"
2030,5,11,131,2.461279926,"2"
2030,5,12,132,2.049286386,"2"
2030,5,13,133,3.865109766,"2"
2030,5,14,134,4.383916446,"2"
2030,5,15,135,5.418478002,"2"
2030,5,16,136,6.254672298,"2"
2030,5,17,137,5.781642678,"2"
2030,5,18,138,5.510032122,"2"
2030,5,19,139,7.014571494,"2"
2030,5,20,140,7.695123786,"2"
2030,5,21,141,6.297397554,"2"
2030,5,22,142,5.366597334,"2"
2030,5,23,143,6.626992386,"2"
2030,5,24,144,8.250552114,"2"
2030,5,25,145,7.643243118,"2"
2030,5,26,146,7.078659378,"2"
2030,5,27,147,7.841610378,"2"
2030,5,28,148,7.100022006,"2"
2030,5,29,149,6.825359646,"2"
2030,5,30,150,6.932172786,"2"
2030,5,31,151,7.920957282,"2"
2031,5,1,121,0.437933874,"2"
2031,5,2,122,0.16021971,"2"
2031,5,3,123,1.066605498,"2"
2031,5,4,124,1.94552505,"2"
2031,5,5,125,2.415502866,"2"
2031,5,6,126,1.881437166,"2"
2031,5,7,127,2.455176318,"2"
2031,5,8,128,2.870221662,"2"
2031,5,9,129,2.607766518,"2"
2031,5,10,130,3.648431682,"2"
2031,5,11,131,3.736933998,"2"
2031,5,12,132,4.304569542,"2"
2031,5,13,133,4.383916446,"2"
2031,5,14,134,5.000380854,"2"
2031,5,15,135,6.75211635,"2"
2031,5,16,136,7.051193142,"2"
2031,5,17,137,7.222094166,"2"
2031,5,18,138,5.995268958,"2"
2031,5,19,139,5.461203258,"2"
2031,5,20,140,6.55374909,"2"
2031,5,21,141,6.962690826,"2"
2031,5,22,142,6.114289314,"2"
2031,5,23,143,6.407262498,"2"
2031,5,24,144,7.826351358,"2"
2031,5,25,145,7.450979466,"2"
2031,5,26,146,6.623940582,"2"
2031,5,27,147,7.569999822,"2"
2031,5,28,148,9.251543826,"2"
2031,5,29,149,8.961622446,"2"
2031,5,30,150,8.558784318,"2"
2031,5,31,151,8.332950822,"2"
2032,5,1,122,1.38094131,"2"
2032,5,2,123,1.957732266,"2"
2032,5,3,124,2.381933022,"2"
2032,5,4,125,3.498893286,"2"
2032,5,5,126,2.66269899,"2"
2032,5,6,127,3.312733242,"2"
2032,5,7,128,2.314793334,"2"
2032,5,8,129,2.08285623,"2"
2032,5,9,130,2.58640389,"2"
2032,5,10,131,4.374761034,"2"
2032,5,11,132,4.14282393,"2"
2032,5,12,133,4.759288338,"2"
2032,5,13,134,4.780650966,"2"
2032,5,14,135,5.809108914,"2"
2032,5,15,136,5.22621435,"2"
2032,5,16,137,4.377812838,"2"
2032,5,17,138,4.679941434,"2"
2032,5,18,139,4.533454842,"2"
2032,5,19,140,6.089874882,"2"
2032,5,20,141,7.280078442,"2"
2032,5,21,142,7.188524322,"2"
2032,5,22,143,6.861981294,"2"
2032,5,23,144,6.95048361,"2"
2032,5,24,145,6.984053454,"2"
2032,5,25,146,7.524222762,"2"
2032,5,26,147,7.371632562,"2"
2032,5,27,148,8.009459598,"2"
2032,5,28,149,8.570991534,"2"
2032,5,29,150,9.54451701,"2"
2032,5,30,151,9.639122934,"2"
2032,5,31,152,10.09384173,"2"
2033,5,1,121,2.442969102,"2"
2033,5,2,122,1.881437166,"2"
2033,5,3,123,2.119477878,"2"
2033,5,4,124,2.259860862,"2"
2033,5,5,125,1.948576854,"2"
2033,5,6,126,3.566032974,"2"
2033,5,7,127,3.346303086,"2"
2033,5,8,128,3.02891547,"2"
2033,5,9,129,3.66979431,"2"
2033,5,10,130,3.767452038,"2"
2033,5,11,131,3.88342059,"2"
2033,5,12,132,3.50194509,"2"
2033,5,13,133,4.960707402,"2"
2033,5,14,134,5.98916535,"2"
2033,5,15,135,7.045089534,"2"
2033,5,16,136,6.166169982,"2"
2033,5,17,137,6.486609402,"2"
2033,5,18,138,7.48454931,"2"
2033,5,19,139,7.228197774,"2"
2033,5,20,140,6.929120982,"2"
2033,5,21,141,7.200731538,"2"
2033,5,22,142,7.66765755,"2"
2033,5,23,143,7.127488242,"2"
2033,5,24,144,6.199739826,"2"
2033,5,25,145,7.765315278,"2"
2033,5,26,146,8.76630699,"2"
2033,5,27,147,9.28511367,"2"
2033,5,28,148,9.050124762,"2"
2033,5,29,149,9.489584538,"2"
2033,5,30,150,10.01754663,"2"
2033,5,31,151,10.698098922,"2"
2034,5,1,121,2.992293822,"2"
2034,5,2,122,1.725795162,"2"
2034,5,3,123,1.390096722,"2"
2034,5,4,124,1.591515786,"2"
2034,5,5,125,1.802090262,"2"
2034,5,6,126,2.653543578,"2"
2034,5,7,127,2.958723978,"2"
2034,5,8,128,3.91393863,"2"
2034,5,9,129,3.373769322,"2"
2034,5,10,130,4.00549275,"2"
2034,5,11,131,4.911878538,"2"
2034,5,12,132,4.917982146,"2"
2034,5,13,133,5.595482634,"2"
2034,5,14,134,5.998320762,"2"
2034,5,15,135,6.236361474,"2"
2034,5,16,136,5.983061742,"2"
2034,5,17,137,5.827419738,"2"
2034,5,18,138,6.242465082,"2"
2034,5,19,139,6.382848066,"2"
2034,5,20,140,7.139695458,"2"
2034,5,21,141,5.94338829,"2"
2034,5,22,142,7.365528954,"2"
2034,5,23,143,8.012511402,"2"
2034,5,24,144,8.235293094,"2"
2034,5,25,145,8.134583562,"2"
2034,5,26,146,8.055236658,"2"
2034,5,27,147,8.424504942,"2"
2034,5,28,148,9.202714962,"2"
2034,5,29,149,9.874111842,"2"
2034,5,30,150,10.76523861,"2"
2034,5,31,151,9.523154382,"2"
2035,5,1,121,0.306706302,"2"
2035,5,2,122,0.395208618,"2"
2035,5,3,123,1.878385362,"2"
2035,5,4,124,2.912946918,"2"
2035,5,5,125,1.576256766,"2"
2035,5,6,126,1.93026603,"2"
2035,5,7,127,2.58640389,"2"
2035,5,8,128,3.968871102,"2"
2035,5,9,129,4.20386001,"2"
2035,5,10,130,3.16624665,"2"
2035,5,11,131,3.880368786,"2"
2035,5,12,132,5.049209718,"2"
2035,5,13,133,4.533454842,"2"
2035,5,14,134,4.530403038,"2"
2035,5,15,135,5.189592702,"2"
2035,5,16,136,4.573128294,"2"
2035,5,17,137,4.728770298,"2"
2035,5,18,138,5.980009938,"2"
2035,5,19,139,6.135651942,"2"
2035,5,20,140,6.373692654,"2"
2035,5,21,141,6.175325394,"2"
2035,5,22,142,8.024718618,"2"
2035,5,23,143,8.53742169,"2"
2035,5,24,144,8.348209842,"2"
2035,5,25,145,7.945371714,"2"
2035,5,26,146,8.75104797,"2"
2035,5,27,147,9.446859282,"2"
2035,5,28,148,9.202714962,"2"
2035,5,29,149,10.304416206,"2"
2035,5,30,150,10.106048946,"2"
2035,5,31,151,8.287173762,"2"
2036,5,1,122,0.776684118,"2"
2036,5,2,123,1.408407546,"2"
2036,5,3,124,2.177462154,"2"
2036,5,4,125,2.320896942,"2"
2036,5,5,126,1.966887678,"2"
2036,5,6,127,2.827496406,"2"
2036,5,7,128,2.787822954,"2"
2036,5,8,129,3.785762862,"2"
2036,5,9,130,3.953612082,"2"
2036,5,10,131,3.66979431,"2"
2036,5,11,132,3.813229098,"2"
2036,5,12,133,4.23437805,"2"
2036,5,13,134,5.900663034,"2"
2036,5,14,135,5.278095018,"2"
2036,5,15,136,5.207903526,"2"
2036,5,16,137,6.651406818,"2"
2036,5,17,138,7.56084441,"2"
2036,5,18,139,6.541541874,"2"
2036,5,19,140,6.651406818,"2"
2036,5,20,141,6.449987754,"2"
2036,5,21,142,7.524222762,"2"
2036,5,22,143,7.609673274,"2"
2036,5,23,144,8.85786111,"2"
2036,5,24,145,9.260699238,"2"
2036,5,25,146,8.986036878,"2"
2036,5,26,147,8.40009051,"2"
2036,5,27,148,7.649346726,"2"
2036,5,28,149,8.287173762,"2"
2036,5,29,150,8.320743606,"2"
2036,5,30,151,9.501791754,"2"
2036,5,31,152,10.73472057,"2"
2037,5,1,121,2.543678634,"2"
2037,5,2,122,2.75425311,"2"
2037,5,3,123,2.061493602,"2"
2037,5,4,124,2.60166291,"2"
2037,5,5,125,3.45616803,"2"
2037,5,6,126,2.955672174,"2"
2037,5,7,127,3.04417449,"2"
2037,5,8,128,3.468375246,"2"
2037,5,9,129,3.489737874,"2"
2037,5,10,130,3.642328074,"2"
2037,5,11,131,4.469366958,"2"
2037,5,12,132,4.573128294,"2"
2037,5,13,133,5.494773102,"2"
2037,5,14,134,5.217058938,"2"
2037,5,15,135,4.37170923,"2"
2037,5,16,136,5.961699114,"2"
2037,5,17,137,6.572059914,"2"
2037,5,18,138,6.453039558,"2"
2037,5,19,139,6.663614034,"2"
2037,5,20,140,7.817195946,"2"
2037,5,21,141,9.578086854,"2"
2037,5,22,142,8.940259818,"2"
2037,5,23,143,8.052184854,"2"
2037,5,24,144,8.238344898,"2"
2037,5,25,145,7.750056258,"2"
2037,5,26,146,6.712442898,"2"
2037,5,27,147,7.98809697,"2"
2037,5,28,148,8.268862938,"2"
2037,5,29,149,9.46822191,"2"
2037,5,30,150,9.306476298,"2"
2037,5,31,151,9.077590998,"2"
2038,5,1,121,0.965895966,"2"
2038,5,2,122,2.17441035,"2"
2038,5,3,123,2.671854402,"2"
2038,5,4,124,2.75425311,"2"
2038,5,5,125,3.581291994,"2"
2038,5,6,126,3.297474222,"2"
2038,5,7,127,2.812237386,"2"
2038,5,8,128,2.78477115,"2"
2038,5,9,129,3.73083039,"2"
2038,5,10,130,3.544670346,"2"
2038,5,11,131,3.920042238,"2"
2038,5,12,132,4.246585266,"2"
2038,5,13,133,6.35538183,"2"
2038,5,14,134,5.818264326,"2"
2038,5,15,135,5.159074662,"2"
2038,5,16,136,6.089874882,"2"
2038,5,17,137,5.937284682,"2"
2038,5,18,138,6.95048361,"2"
2038,5,19,139,7.505911938,"2"
2038,5,20,140,6.895551138,"2"
2038,5,21,141,5.934232878,"2"
2038,5,22,142,5.580223614,"2"
2038,5,23,143,7.862973006,"2"
2038,5,24,144,8.595405966,"2"
2038,5,25,145,8.381779686,"2"
2038,5,26,146,9.083694606,"2"
2038,5,27,147,9.465170106,"2"
2038,5,28,148,8.226137682,"2"
2038,5,29,149,8.287173762,"2"
2038,5,30,150,10.624855626,"2"
2038,5,31,151,11.567863062,"2"
2039,5,1,121,0.773632314,"2"
2039,5,2,122,0.486762738,"2"
2039,5,3,123,0.102235434,"2"
2039,5,4,124,0.395208618,"2"
2039,5,5,125,1.01472483,"2"
2039,5,6,126,1.277179974,"2"
2039,5,7,127,0.935377926,"2"
2039,5,8,128,1.44197739,"2"
2039,5,9,129,3.327992262,"2"
2039,5,10,130,3.874265178,"2"
2039,5,11,131,2.970931194,"2"
2039,5,12,132,3.492789678,"2"
2039,5,13,133,4.902723126,"2"
2039,5,14,134,3.736933998,"2"
2039,5,15,135,3.327992262,"2"
2039,5,16,136,3.849850746,"2"
2039,5,17,137,4.954603794,"2"
2039,5,18,138,5.37880455,"2"
2039,5,19,139,5.992217154,"2"
2039,5,20,140,6.276034926,"2"
2039,5,21,141,7.261767618,"2"
2039,5,22,142,4.988173638,"2"
2039,5,23,143,4.390020054,"2"
2039,5,24,144,5.488669494,"2"
2039,5,25,145,5.680933146,"2"
2039,5,26,146,6.770427174,"2"
2039,5,27,147,7.383839778,"2"
2039,5,28,148,7.933164498,"2"
2039,5,29,149,8.18646423,"2"
2039,5,30,150,9.068435586,"2"
2039,5,31,151,9.434652066,"2"
2040,5,1,122,2.137788702,"2"
2040,5,2,123,2.491797966,"2"
2040,5,3,124,4.054321614,"2"
2040,5,4,125,3.825436314,"2"
2040,5,5,126,2.99839743,"2"
2040,5,6,127,2.308689726,"2"
2040,5,7,128,2.790874758,"2"
2040,5,8,129,3.279163398,"2"
2040,5,9,130,4.286258718,"2"
2040,5,10,131,4.368657426,"2"
2040,5,11,132,3.39513195,"2"
2040,5,12,133,3.77660745,"2"
2040,5,13,134,4.469366958,"2"
2040,5,14,135,5.284198626,"2"
2040,5,15,136,4.933241166,"2"
2040,5,16,137,4.441900722,"2"
2040,5,17,138,4.643319786,"2"
2040,5,18,139,6.382848066,"2"
2040,5,19,140,6.214998846,"2"
2040,5,20,141,5.711451186,"2"
2040,5,21,142,6.373692654,"2"
2040,5,22,143,6.40115889,"2"
2040,5,23,144,6.526282854,"2"
2040,5,24,145,7.40825421,"2"
2040,5,25,146,7.557792606,"2"
2040,5,26,147,7.920957282,"2"
2040,5,27,148,8.107117326,"2"
2040,5,28,149,7.411306014,"2"
2040,5,29,150,8.509955454,"2"
2040,5,30,151,9.144730686,"2"
2040,5,31,152,8.56793973,"2"
2041,5,1,121,0.889600866,"2"
2041,5,2,122,2.528419614,"2"
2041,5,3,123,1.814297478,"2"
2041,5,4,124,1.954680462,"2"
2041,5,5,125,2.314793334,"2"
2041,5,6,126,2.024871954,"2"
2041,5,7,127,1.59456759,"2"
2041,5,8,128,2.302586118,"2"
2041,5,9,129,3.633172662,"2"
2041,5,10,130,4.64637159,"2"
2041,5,11,131,3.920042238,"2"
2041,5,12,132,4.383916446,"2"
2041,5,13,133,4.90577493,"2"
2041,5,14,134,5.18043729,"2"
2041,5,15,135,4.826428026,"2"
2041,5,16,136,5.671777734,"2"
2041,5,17,137,5.799953502,"2"
2041,5,18,138,6.092926686,"2"
2041,5,19,139,6.88944753,"2"
2041,5,20,140,7.084762986,"2"
2041,5,21,141,8.668649262,"2"
2041,5,22,142,9.523154382,"2"
2041,5,23,143,8.711374518,"2"
2041,5,24,144,8.113220934,"2"
2041,5,25,145,7.707331002,"2"
2041,5,26,146,8.580146946,"2"
2041,5,27,147,8.992140486,"2"
2041,5,28,148,9.141678882,"2"
2041,5,29,149,9.413289438,"2"
2041,5,30,150,9.410237634,"2"
2041,5,31,151,8.168153406,"2"
2042,5,1,121,1.982146698,"2"
2042,5,2,122,0.196841358,"2"
2042,5,3,123,0.370794186,"2"
2042,5,4,124,1.725795162,"2"
2042,5,5,125,1.70138073,"2"
2042,5,6,126,3.147935826,"2"
2042,5,7,127,5.064468738,"2"
2042,5,8,128,4.640267982,"2"
2042,5,9,129,5.34828651,"2"
2042,5,10,130,5.189592702,"2"
2042,5,11,131,5.27199141,"2"
2042,5,12,132,5.803005306,"2"
2042,5,13,133,4.640267982,"2"
2042,5,14,134,3.794918274,"2"
2042,5,15,135,3.48668607,"2"
2042,5,16,136,4.817272614,"2"
2042,5,17,137,6.056305038,"2"
2042,5,18,138,7.344166326,"2"
2042,5,19,139,7.731745434,"2"
2042,5,20,140,7.646294922,"2"
2042,5,21,141,8.195619642,"2"
2042,5,22,142,9.233233002,"2"
2042,5,23,143,8.958570642,"2"
2042,5,24,144,8.305484586,"2"
2042,5,25,145,8.757151578,"2"
2042,5,26,146,9.745936074,"2"
2042,5,27,147,9.578086854,"2"
2042,5,28,148,7.893491046,"2"
2042,5,29,149,8.686960086,"2"
2042,5,30,150,9.22407759,"2"
2042,5,31,151,9.19355955,"2"
2043,5,1,121,0.23651481,"2"
2043,5,2,122,0.880445454,"2"
2043,5,3,123,0.447089286,"2"
2043,5,4,124,1.130693382,"2"
2043,5,5,125,1.277179974,"2"
2043,5,6,126,1.451132802,"2"
2043,5,7,127,1.93026603,"2"
2043,5,8,128,1.70138073,"2"
2043,5,9,129,2.171358546,"2"
2043,5,10,130,3.71557137,"2"
2043,5,11,131,3.834591726,"2"
2043,5,12,132,4.826428026,"2"
2043,5,13,133,4.69214865,"2"
2043,5,14,134,4.420538094,"2"
2043,5,15,135,4.713511278,"2"
2043,5,16,136,4.786754574,"2"
2043,5,17,137,5.204851722,"2"
2043,5,18,138,5.537498358,"2"
2043,5,19,139,5.793849894,"2"
2043,5,20,140,6.82841145,"2"
2043,5,21,141,6.70633929,"2"
2043,5,22,142,6.916913766,"2"
2043,5,23,143,6.718546506,"2"
2043,5,24,144,7.249560402,"2"
2043,5,25,145,6.654458622,"2"
2043,5,26,146,6.398107086,"2"
2043,5,27,147,6.64530321,"2"
2043,5,28,148,8.860912914,"2"
2043,5,29,149,9.486532734,"2"
2043,5,30,150,9.260699238,"2"
2043,5,31,151,8.610664986,"2"
2044,5,1,122,1.850919126,"2"
2044,5,2,123,2.83054821,"2"
2044,5,3,124,3.60875823,"2"
2044,5,4,125,2.943464958,"2"
2044,5,5,126,2.436865494,"2"
2044,5,6,127,1.56404955,"2"
2044,5,7,128,2.836651818,"2"
2044,5,8,129,4.377812838,"2"
2044,5,9,130,4.14282393,"2"
2044,5,10,131,4.490729586,"2"
2044,5,11,132,4.40222727,"2"
2044,5,12,133,4.46326335,"2"
2044,5,13,134,4.658578806,"2"
2044,5,14,135,4.863049674,"2"
2044,5,15,136,5.903714838,"2"
2044,5,16,137,6.224154258,"2"
2044,5,17,138,6.480505794,"2"
2044,5,18,139,6.17227359,"2"
2044,5,19,140,6.06546045,"2"
2044,5,20,141,7.65239853,"2"
2044,5,21,142,8.610664986,"2"
2044,5,22,143,7.512015546,"2"
2044,5,23,144,7.066452162,"2"
2044,5,24,145,6.67582125,"2"
2044,5,25,146,6.764323566,"2"
2044,5,26,147,8.427556746,"2"
2044,5,27,148,8.830394874,"2"
2044,5,28,149,8.805980442,"2"
2044,5,29,150,8.73578895,"2"
2044,5,30,151,9.797816742,"2"
2044,5,31,152,9.166093314,"2"
2045,5,1,121,0.99946581,"2"
2045,5,2,122,0.990310398,"2"
2045,5,3,123,0.947585142,"2"
2045,5,4,124,1.631189238,"2"
2045,5,5,125,3.947508474,"2"
2045,5,6,126,4.551765666,"2"
2045,5,7,127,4.042114398,"2"
2045,5,8,128,3.526359522,"2"
2045,5,9,129,4.029907182,"2"
2045,5,10,130,4.34119119,"2"
2045,5,11,131,3.840695334,"2"
2045,5,12,132,4.206911814,"2"
2045,5,13,133,4.835583438,"2"
2045,5,14,134,3.794918274,"2"
2045,5,15,135,5.635156086,"2"
2045,5,16,136,7.161058086,"2"
2045,5,17,137,6.611733366,"2"
2045,5,18,138,7.14885087,"2"
2045,5,19,139,7.154954478,"2"
2045,5,20,140,6.437780538,"2"
2045,5,21,141,6.437780538,"2"
2045,5,22,142,7.54558539,"2"
2045,5,23,143,9.053176566,"2"
2045,5,24,144,8.723581734,"2"
2045,5,25,145,7.383839778,"2"
2045,5,26,146,7.60662147,"2"
2045,5,27,147,8.183412426,"2"
2045,5,28,148,9.169145118,"2"
2045,5,29,149,8.680856478,"2"
2045,5,30,150,9.068435586,"2"
2045,5,31,151,10.225069302,"2"
2046,5,1,121,2.360570394,"2"
2046,5,2,122,2.256809058,"2"
2046,5,3,123,2.903791506,"2"
2046,5,4,124,2.867169858,"2"
2046,5,5,125,3.651483486,"2"
2046,5,6,126,3.916990434,"2"
2046,5,7,127,3.636224466,"2"
2046,5,8,128,3.42564999,"2"
2046,5,9,129,3.34935489,"2"
2046,5,10,130,4.008544554,"2"
2046,5,11,131,4.05126981,"2"
2046,5,12,132,3.691156938,"2"
2046,5,13,133,2.970931194,"2"
2046,5,14,134,3.749141214,"2"
2046,5,15,135,4.637216178,"2"
2046,5,16,136,5.015639874,"2"
2046,5,17,137,6.089874882,"2"
2046,5,18,138,7.19462793,"2"
2046,5,19,139,6.825359646,"2"
2046,5,20,140,6.681924858,"2"
2046,5,21,141,7.54558539,"2"
2046,5,22,142,8.686960086,"2"
2046,5,23,143,8.665597458,"2"
2046,5,24,144,7.89654285,"2"
2046,5,25,145,8.35431345,"2"
2046,5,26,146,8.35431345,"2"
2046,5,27,147,10.191499458,"2"
2046,5,28,148,10.881207162,"2"
2046,5,29,149,9.990080394,"2"
2046,5,30,150,10.435643778,"2"
2046,5,31,151,10.893414378,"2"
2047,5,1,121,2.430761886,"2"
2047,5,2,122,2.092011642,"2"
2047,5,3,123,2.177462154,"2"
2047,5,4,124,1.615930218,"2"
2047,5,5,125,2.748149502,"2"
2047,5,6,126,3.33409587,"2"
2047,5,7,127,3.187609278,"2"
2047,5,8,128,3.035019078,"2"
2047,5,9,129,3.276111594,"2"
2047,5,10,130,3.398183754,"2"
2047,5,11,131,4.26489609,"2"
2047,5,12,132,5.098038582,"2"
2047,5,13,133,5.519187534,"2"
2047,5,14,134,5.751124638,"2"
2047,5,15,135,5.110245798,"2"
2047,5,16,136,5.766383658,"2"
2047,5,17,137,7.478445702,"2"
2047,5,18,138,7.85076579,"2"
2047,5,19,139,7.447927662,"2"
2047,5,20,140,7.701227394,"2"
2047,5,21,141,8.058288462,"2"
2047,5,22,142,9.120316254,"2"
2047,5,23,143,8.030822226,"2"
2047,5,24,144,7.780574298,"2"
2047,5,25,145,7.878232026,"2"
2047,5,26,146,8.41534953,"2"
2047,5,27,147,8.96467425,"2"
2047,5,28,148,8.986036878,"2"
2047,5,29,149,8.809032246,"2"
2047,5,30,150,9.184404138,"2"
2047,5,31,151,10.679788098,"2"
2048,5,1,122,2.168306742,"2"
2048,5,2,123,3.08995155,"2"
2048,5,3,124,3.33409587,"2"
2048,5,4,125,1.704432534,"2"
2048,5,5,126,2.156099526,"2"
2048,5,6,127,2.751201306,"2"
2048,5,7,128,2.80003017,"2"
2048,5,8,129,3.208971906,"2"
2048,5,9,130,2.583352086,"2"
2048,5,10,131,3.392080146,"2"
2048,5,11,132,4.00549275,"2"
2048,5,12,133,4.274051502,"2"
2048,5,13,134,5.116349406,"2"
2048,5,14,135,4.89051591,"2"
2048,5,15,136,6.03494241,"2"
2048,5,16,137,7.722590022,"2"
2048,5,17,138,7.374684366,"2"
2048,5,18,139,6.941328198,"2"
2048,5,19,140,7.13359185,"2"
2048,5,20,141,6.40115889,"2"
2048,5,21,142,5.970854526,"2"
2048,5,22,143,6.266879514,"2"
2048,5,23,144,7.603569666,"2"
2048,5,24,145,8.326847214,"2"
2048,5,25,146,8.82734307,"2"
2048,5,26,147,7.95757893,"2"
2048,5,27,148,7.609673274,"2"
2048,5,28,149,8.302432782,"2"
2048,5,29,150,8.570991534,"2"
2048,5,30,151,8.677804674,"2"
2048,5,31,152,8.662545654,"2"
2049,5,1,121,2.424658278,"2"
2049,5,2,122,2.488746162,"2"
2049,5,3,123,1.22835111,"2"
2049,5,4,124,0.917067102,"2"
2049,5,5,125,2.363622198,"2"
2049,5,6,126,3.407339166,"2"
2049,5,7,127,4.628060766,"2"
2049,5,8,128,4.451056134,"2"
2049,5,9,129,3.617913642,"2"
2049,5,10,130,3.147935826,"2"
2049,5,11,131,4.44800433,"2"
2049,5,12,132,6.572059914,"2"
2049,5,13,133,5.415426198,"2"
2049,5,14,134,6.78263439,"2"
2049,5,15,135,5.369649138,"2"
2049,5,16,136,5.967802722,"2"
2049,5,17,137,6.266879514,"2"
2049,5,18,138,6.587318934,"2"
2049,5,19,139,7.176317106,"2"
2049,5,20,140,6.578163522,"2"
2049,5,21,141,6.291293946,"2"
2049,5,22,142,6.91996557,"2"
2049,5,23,143,8.38483149,"2"
2049,5,24,144,8.09491011,"2"
2049,5,25,145,8.012511402,"2"
2049,5,26,146,8.580146946,"2"
2049,5,27,147,8.030822226,"2"
2049,5,28,148,8.723581734,"2"
2049,5,29,149,10.64316645,"2"
2049,5,30,150,9.599449482,"2"
2049,5,31,151,9.700159014,"2"
2050,5,1,121,0.349431558,"2"
2050,5,2,122,1.155107814,"2"
2050,5,3,123,2.25070545,"2"
2050,5,4,124,3.123521394,"2"
2050,5,5,125,2.55588585,"2"
2050,5,6,126,1.966887678,"2"
2050,5,7,127,2.87632527,"2"
2050,5,8,128,2.66269899,"2"
2050,5,9,129,2.882428878,"2"
2050,5,10,130,3.843747138,"2"
2050,5,11,131,4.594490922,"2"
2050,5,12,132,3.42564999,"2"
2050,5,13,133,5.22621435,"2"
2050,5,14,134,5.91287025,"2"
2050,5,15,135,5.763331854,"2"
2050,5,16,136,6.26382771,"2"
2050,5,17,137,5.345234706,"2"
2050,5,18,138,3.971922906,"2"
2050,5,19,139,4.200808206,"2"
2050,5,20,140,4.64637159,"2"
2050,5,21,141,5.63820789,"2"
2050,5,22,142,6.742960938,"2"
2050,5,23,143,6.81315243,"2"
2050,5,24,144,7.014571494,"2"
2050,5,25,145,6.932172786,"2"
2050,5,26,146,7.231249578,"2"
2050,5,27,147,9.14778249,"2"
2050,5,28,148,8.99519229,"2"
2050,5,29,149,10.615700214,"2"
2050,5,30,150,11.784541146,"2"
2050,5,31,151,10.634011038,"2"
2051,5,1,121,1.88448897,"2"
2051,5,2,122,2.180513958,"2"
2051,5,3,123,3.108262374,"2"
2051,5,4,124,3.193712886,"2"
2051,5,5,125,3.404287362,"2"
2051,5,6,126,4.277103306,"2"
2051,5,7,127,5.351338314,"2"
2051,5,8,128,4.750132926,"2"
2051,5,9,129,4.209963618,"2"
2051,5,10,130,4.79896179,"2"
2051,5,11,131,5.528342946,"2"
2051,5,12,132,5.766383658,"2"
2051,5,13,133,4.53955845,"2"
2051,5,14,134,5.13466023,"2"
2051,5,15,135,6.547645482,"2"
2051,5,16,136,7.643243118,"2"
2051,5,17,137,7.92706089,"2"
2051,5,18,138,6.27908673,"2"
2051,5,19,139,7.887387438,"2"
2051,5,20,140,9.199663158,"2"
2051,5,21,141,10.069427298,"2"
2051,5,22,142,9.703210818,"2"
2051,5,23,143,8.757151578,"2"
2051,5,24,144,8.970777858,"2"
2051,5,25,145,9.800868546,"2"
2051,5,26,146,9.843593802,"2"
2051,5,27,147,9.199663158,"2"
2051,5,28,148,8.146790778,"2"
2051,5,29,149,8.390935098,"2"
2051,5,30,150,8.592354162,"2"
2051,5,31,151,8.830394874,"2"
2052,5,1,122,2.125581486,"2"
2052,5,2,123,2.17441035,"2"
2052,5,3,124,2.793926562,"2"
2052,5,4,125,3.053329902,"2"
2052,5,5,126,4.039062594,"2"
2052,5,6,127,4.29541413,"2"
2052,5,7,128,5.214007134,"2"
2052,5,8,129,4.95155199,"2"
2052,5,9,130,5.342182902,"2"
2052,5,10,131,5.510032122,"2"
2052,5,11,132,5.13466023,"2"
2052,5,12,133,4.435797114,"2"
2052,5,13,134,4.924085754,"2"
2052,5,14,135,5.708399382,"2"
2052,5,15,136,5.873196798,"2"
2052,5,16,137,4.64637159,"2"
2052,5,17,138,5.662622322,"2"
2052,5,18,139,6.529334658,"2"
2052,5,19,140,7.34721813,"2"
2052,5,20,141,7.252612206,"2"
2052,5,21,142,7.585258842,"2"
2052,5,22,143,7.933164498,"2"
2052,5,23,144,7.634087706,"2"
2052,5,24,145,8.119324542,"2"
2052,5,25,146,8.052184854,"2"
2052,5,26,147,9.138627078,"2"
2052,5,27,148,9.245440218,"2"
2052,5,28,149,9.236284806,"2"
2052,5,29,150,10.191499458,"2"
2052,5,30,151,10.97886489,"2"
2052,5,31,152,13.011366354,"2"
2053,5,1,121,2.86106625,"2"
2053,5,2,122,2.80003017,"2"
2053,5,3,123,3.733882194,"2"
2053,5,4,124,3.785762862,"2"
2053,5,5,125,3.706415958,"2"
2053,5,6,126,3.758296626,"2"
2053,5,7,127,2.287327098,"2"
2053,5,8,128,2.44907271,"2"
2053,5,9,129,3.096055158,"2"
2053,5,10,130,4.490729586,"2"
2053,5,11,131,4.728770298,"2"
2053,5,12,132,3.749141214,"2"
2053,5,13,133,4.222170834,"2"
2053,5,14,134,4.591439118,"2"
2053,5,15,135,6.01968339,"2"
2053,5,16,136,5.778590874,"2"
2053,5,17,137,5.949491898,"2"
2053,5,18,138,6.764323566,"2"
2053,5,19,139,6.611733366,"2"
2053,5,20,140,6.214998846,"2"
2053,5,21,141,7.188524322,"2"
2053,5,22,142,7.853817594,"2"
2053,5,23,143,7.88128383,"2"
2053,5,24,144,7.954527126,"2"
2053,5,25,145,10.344089658,"2"
2053,5,26,146,11.168076738,"2"
2053,5,27,147,12.071410722,"2"
2053,5,28,148,10.743875982,"2"
2053,5,29,149,9.129471666,"2"
2053,5,30,150,9.71236623,"2"
2053,5,31,151,9.36140877,"2"
2054,5,1,121,1.802090262,"2"
2054,5,2,122,2.745097698,"2"
2054,5,3,123,2.64743997,"2"
2054,5,4,124,2.949568566,"2"
2054,5,5,125,2.851910838,"2"
2054,5,6,126,3.297474222,"2"
2054,5,7,127,3.141832218,"2"
2054,5,8,128,3.840695334,"2"
2054,5,9,129,4.64637159,"2"
2054,5,10,130,4.682993238,"2"
2054,5,11,131,4.61585355,"2"
2054,5,12,132,4.103150478,"2"
2054,5,13,133,4.750132926,"2"
2054,5,14,134,5.568016398,"2"
2054,5,15,135,5.88235221,"2"
2054,5,16,136,5.940336486,"2"
2054,5,17,137,5.574120006,"2"
2054,5,18,138,5.369649138,"2"
2054,5,19,139,6.315708378,"2"
2054,5,20,140,6.251620494,"2"
2054,5,21,141,7.173265302,"2"
2054,5,22,142,6.855877686,"2"
2054,5,23,143,6.724650114,"2"
2054,5,24,144,7.219042362,"2"
2054,5,25,145,7.97283795,"2"
2054,5,26,146,7.460134878,"2"
2054,5,27,147,8.59845777,"2"
2054,5,28,148,8.854809306,"2"
2054,5,29,149,9.004347702,"2"
2054,5,30,150,8.93415621,"2"
2054,5,31,151,10.228121106,"2"
2055,5,1,121,2.964827586,"2"
2055,5,2,122,2.656595382,"2"
2055,5,3,123,3.010604646,"2"
2055,5,4,124,2.964827586,"2"
2055,5,5,125,3.627069054,"2"
2055,5,6,126,3.230334534,"2"
2055,5,7,127,3.614861838,"2"
2055,5,8,128,4.048218006,"2"
2055,5,9,129,3.60875823,"2"
2055,5,10,130,4.167238362,"2"
2055,5,11,131,4.893567714,"2"
2055,5,12,132,4.908826734,"2"
2055,5,13,133,5.574120006,"2"
2055,5,14,134,6.465246774,"2"
2055,5,15,135,5.922025662,"2"
2055,5,16,136,6.169221786,"2"
2055,5,17,137,6.361485438,"2"
2055,5,18,138,7.344166326,"2"
2055,5,19,139,8.09491011,"2"
2055,5,20,140,7.978941558,"2"
2055,5,21,141,8.79682503,"2"
2055,5,22,142,7.585258842,"2"
2055,5,23,143,8.622872202,"2"
2055,5,24,144,8.653390242,"2"
2055,5,25,145,7.88128383,"2"
2055,5,26,146,8.592354162,"2"
2055,5,27,147,8.870068326,"2"
2055,5,28,148,9.541465206,"2"
2055,5,29,149,10.469213622,"2"
2055,5,30,150,10.499731662,"2"
2055,5,31,151,9.663537366,"2"
2056,5,1,122,3.12046959,"2"
2056,5,2,123,3.846798942,"2"
2056,5,3,124,4.466315154,"2"
2056,5,4,125,2.928205938,"2"
2056,5,5,126,1.383993114,"2"
2056,5,6,127,2.09811525,"2"
2056,5,7,128,1.79293485,"2"
2056,5,8,129,2.714579658,"2"
2056,5,9,130,3.648431682,"2"
2056,5,10,131,4.777599162,"2"
2056,5,11,132,5.482565886,"2"
2056,5,12,133,5.381856354,"2"
2056,5,13,134,4.869153282,"2"
2056,5,14,135,4.576180098,"2"
2056,5,15,136,4.60059453,"2"
2056,5,16,137,4.29541413,"2"
2056,5,17,138,4.573128294,"2"
2056,5,18,139,5.900663034,"2"
2056,5,19,140,6.150910962,"2"
2056,5,20,141,7.832454966,"2"
2056,5,21,142,9.236284806,"2"
2056,5,22,143,8.989088682,"2"
2056,5,23,144,8.268862938,"2"
2056,5,24,145,7.396046994,"2"
2056,5,25,146,8.24750031,"2"
2056,5,26,147,9.016554918,"2"
2056,5,27,148,8.677804674,"2"
2056,5,28,149,8.882275542,"2"
2056,5,29,150,9.623863914,"2"
2056,5,30,151,9.68184819,"2"
2056,5,31,152,10.133515182,"2"
2057,5,1,121,1.789883046,"2"
2057,5,2,122,2.598611106,"2"
2057,5,3,123,2.92210233,"2"
2057,5,4,124,3.590447406,"2"
2057,5,5,125,3.779659254,"2"
2057,5,6,126,4.95155199,"2"
2057,5,7,127,4.576180098,"2"
2057,5,8,128,5.60768985,"2"
2057,5,9,129,5.387959962,"2"
2057,5,10,130,5.397115374,"2"
2057,5,11,131,5.955595506,"2"
2057,5,12,132,6.001372566,"2"
2057,5,13,133,5.741969226,"2"
2057,5,14,134,6.785686194,"2"
2057,5,15,135,6.739909134,"2"
2057,5,16,136,6.337071006,"2"
2057,5,17,137,6.199739826,"2"
2057,5,18,138,6.285190338,"2"
2057,5,19,139,6.01968339,"2"
2057,5,20,140,6.071564058,"2"
2057,5,21,141,6.861981294,"2"
2057,5,22,142,8.650338438,"2"
2057,5,23,143,10.502783466,"2"
2057,5,24,144,10.194551262,"2"
2057,5,25,145,8.96467425,"2"
2057,5,26,146,8.943311622,"2"
2057,5,27,147,9.706262622,"2"
2057,5,28,148,10.26169095,"2"
2057,5,29,149,10.289157186,"2"
2057,5,30,150,9.916837098,"2"
2057,5,31,151,9.629967522,"2"
2058,5,1,121,1.48775445,"2"
2058,5,2,122,1.606774806,"2"
2058,5,3,123,3.224230926,"2"
2058,5,4,124,4.103150478,"2"
2058,5,5,125,3.785762862,"2"
2058,5,6,126,3.450064422,"2"
2058,5,7,127,3.620965446,"2"
2058,5,8,128,3.691156938,"2"
2058,5,9,129,4.148927538,"2"
2058,5,10,130,4.64637159,"2"
2058,5,11,131,4.521247626,"2"
2058,5,12,132,4.838635242,"2"
2058,5,13,133,5.232317958,"2"
2058,5,14,134,4.689096846,"2"
2058,5,15,135,5.458151454,"2"
2058,5,16,136,7.750056258,"2"
2058,5,17,137,7.151902674,"2"
2058,5,18,138,7.325855502,"2"
2058,5,19,139,7.170213498,"2"
2058,5,20,140,7.975889754,"2"
2058,5,21,141,9.852749214,"2"
2058,5,22,142,10.03280565,"2"
2058,5,23,143,9.352253358,"2"
2058,5,24,144,9.767298702,"2"
2058,5,25,145,10.50583527,"2"
2058,5,26,146,10.56687135,"2"
2058,5,27,147,9.962614158,"2"
2058,5,28,148,10.10910075,"2"
2058,5,29,149,9.962614158,"2"
2058,5,30,150,10.157929614,"2"
2058,5,31,151,9.410237634,"2"
2059,5,1,121,1.719691554,"2"
2059,5,2,122,2.778667542,"2"
2059,5,3,123,2.293430706,"2"
2059,5,4,124,2.030975562,"2"
2059,5,5,125,2.153047722,"2"
2059,5,6,126,3.74608941,"2"
2059,5,7,127,4.686045042,"2"
2059,5,8,128,4.66163061,"2"
2059,5,9,129,5.183489094,"2"
2059,5,10,130,3.535514934,"2"
2059,5,11,131,3.068588922,"2"
2059,5,12,132,3.376821126,"2"
2059,5,13,133,4.786754574,"2"
2059,5,14,134,5.873196798,"2"
2059,5,15,135,4.686045042,"2"
2059,5,16,136,5.62294887,"2"
2059,5,17,137,6.44693595,"2"
2059,5,18,138,5.656518714,"2"
2059,5,19,139,5.79079809,"2"
2059,5,20,140,6.27908673,"2"
2059,5,21,141,7.37773617,"2"
2059,5,22,142,8.516059062,"2"
2059,5,23,143,9.410237634,"2"
2059,5,24,144,8.41534953,"2"
2059,5,25,145,7.753108062,"2"
2059,5,26,146,8.073547482,"2"
2059,5,27,147,7.85076579,"2"
2059,5,28,148,9.172196922,"2"
2059,5,29,149,9.794764938,"2"
2059,5,30,150,9.129471666,"2"
2059,5,31,151,9.358356966,"2"
2060,5,1,122,2.323948746,"2"
2060,5,2,123,1.94552505,"2"
2060,5,3,124,3.41039097,"2"
2060,5,4,125,2.488746162,"2"
2060,5,5,126,2.629129146,"2"
2060,5,6,127,3.21202371,"2"
2060,5,7,128,3.752193018,"2"
2060,5,8,129,4.57007649,"2"
2060,5,9,130,5.275043214,"2"
2060,5,10,131,5.326923882,"2"
2060,5,11,132,5.723658402,"2"
2060,5,12,133,5.568016398,"2"
2060,5,13,134,6.00442437,"2"
2060,5,14,135,5.540550162,"2"
2060,5,15,136,5.537498358,"2"
2060,5,16,137,6.083771274,"2"
2060,5,17,138,6.175325394,"2"
2060,5,18,139,6.73685733,"2"
2060,5,19,140,8.137635366,"2"
2060,5,20,141,8.23224129,"2"
2060,5,21,142,8.439763962,"2"
2060,5,22,143,7.83550677,"2"
2060,5,23,144,9.394978614,"2"
2060,5,24,145,8.62897581,"2"
2060,5,25,146,8.281070154,"2"
2060,5,26,147,7.527274566,"2"
2060,5,27,148,8.317691802,"2"
2060,5,28,149,8.616768594,"2"
2060,5,29,150,9.306476298,"2"
2060,5,30,151,10.402073934,"2"
2060,5,31,152,9.190507746,"2"
2061,5,1,121,2.507056986,"2"
2061,5,2,122,1.93026603,"2"
2061,5,3,123,1.689173514,"2"
2061,5,4,124,1.652551866,"2"
2061,5,5,125,1.997405718,"2"
2061,5,6,126,2.51010879,"2"
2061,5,7,127,3.53246313,"2"
2061,5,8,128,3.556877562,"2"
2061,5,9,129,4.95155199,"2"
2061,5,10,130,4.728770298,"2"
2061,5,11,131,5.14991925,"2"
2061,5,12,132,5.43984063,"2"
2061,5,13,133,4.53955845,"2"
2061,5,14,134,5.238421566,"2"
2061,5,15,135,5.915922054,"2"
2061,5,16,136,6.587318934,"2"
2061,5,17,137,6.76737537,"2"
2061,5,18,138,7.740900846,"2"
2061,5,19,139,8.088806502,"2"
2061,5,20,140,7.417409622,"2"
2061,5,21,141,7.48454931,"2"
2061,5,22,142,8.726633538,"2"
2061,5,23,143,9.837490194,"2"
2061,5,24,144,9.419393046,"2"
2061,5,25,145,9.501791754,"2"
2061,5,26,146,8.931104406,"2"
2061,5,27,147,8.900586366,"2"
2061,5,28,148,9.047072958,"2"
2061,5,29,149,9.230181198,"2"
2061,5,30,150,10.051116474,"2"
2061,5,31,151,9.901578078,"2"
2062,5,1,121,1.499961666,"2"
2062,5,2,122,2.958723978,"2"
2062,5,3,123,3.739985802,"2"
2062,5,4,124,4.420538094,"2"
2062,5,5,125,3.764400234,"2"
2062,5,6,126,3.962767494,"2"
2062,5,7,127,4.496833194,"2"
2062,5,8,128,4.243533462,"2"
2062,5,9,129,4.643319786,"2"
2062,5,10,130,4.548713862,"2"
2062,5,11,131,5.079727758,"2"
2062,5,12,132,5.448996042,"2"
2062,5,13,133,5.888455818,"2"
2062,5,14,134,6.17227359,"2"
2062,5,15,135,7.49980833,"2"
2062,5,16,136,8.81208405,"2"
2062,5,17,137,8.732737146,"2"
2062,5,18,138,7.542533586,"2"
2062,5,19,139,7.801936926,"2"
2062,5,20,140,8.076599286,"2"
2062,5,21,141,8.696115498,"2"
2062,5,22,142,9.248492022,"2"
2062,5,23,143,8.409245922,"2"
2062,5,24,144,7.801936926,"2"
2062,5,25,145,8.546577102,"2"
2062,5,26,146,7.869076614,"2"
2062,5,27,147,8.101013718,"2"
2062,5,28,148,8.85786111,"2"
2062,5,29,149,8.833446678,"2"
2062,5,30,150,8.769358794,"2"
2062,5,31,151,7.884335634,"2"
2063,5,1,121,3.617913642,"2"
2063,5,2,122,3.843747138,"2"
2063,5,3,123,3.392080146,"2"
2063,5,4,124,3.126573198,"2"
2063,5,5,125,3.968871102,"2"
2063,5,6,126,5.290302234,"2"
2063,5,7,127,5.613793458,"2"
2063,5,8,128,4.637216178,"2"
2063,5,9,129,4.545662058,"2"
2063,5,10,130,4.420538094,"2"
2063,5,11,131,4.499884998,"2"
2063,5,12,132,5.772487266,"2"
2063,5,13,133,6.498816618,"2"
2063,5,14,134,5.83657515,"2"
2063,5,15,135,7.19462793,"2"
2063,5,16,136,6.926069178,"2"
2063,5,17,137,6.602577954,"2"
2063,5,18,138,6.373692654,"2"
2063,5,19,139,7.783626102,"2"
2063,5,20,140,8.717478126,"2"
2063,5,21,141,8.351261646,"2"
2063,5,22,142,8.412297726,"2"
2063,5,23,143,8.097961914,"2"
2063,5,24,144,8.329899018,"2"
2063,5,25,145,7.563896214,"2"
2063,5,26,146,7.945371714,"2"
2063,5,27,147,9.599449482,"2"
2063,5,28,148,10.417332954,"2"
2063,5,29,149,10.008391218,"2"
2063,5,30,150,9.700159014,"2"
2063,5,31,151,8.906689974,"2"
2064,5,1,122,3.111314178,"2"
2064,5,2,123,4.002440946,"2"
2064,5,3,124,3.642328074,"2"
2064,5,4,125,4.02075177,"2"
2064,5,5,126,3.57824019,"2"
2064,5,6,127,3.782711058,"2"
2064,5,7,128,3.80712549,"2"
2064,5,8,129,3.74608941,"2"
2064,5,9,130,5.244525174,"2"
2064,5,10,131,6.404210694,"2"
2064,5,11,132,5.983061742,"2"
2064,5,12,133,6.468298578,"2"
2064,5,13,134,6.358433634,"2"
2064,5,14,135,6.09597849,"2"
2064,5,15,136,6.453039558,"2"
2064,5,16,137,7.875180222,"2"
2064,5,17,138,8.375676078,"2"
2064,5,18,139,8.439763962,"2"
2064,5,19,140,7.344166326,"2"
2064,5,20,141,7.618828686,"2"
2064,5,21,142,8.851757502,"2"
2064,5,22,143,7.005416082,"2"
2064,5,23,144,7.173265302,"2"
2064,5,24,145,8.76630699,"2"
2064,5,25,146,9.352253358,"2"
2064,5,26,147,8.915845386,"2"
2064,5,27,148,10.484472642,"2"
2064,5,28,149,10.386814914,"2"
2064,5,29,150,10.691995314,"2"
2064,5,30,151,10.252535538,"2"
2064,5,31,152,9.654381954,"2"
2065,5,1,121,1.292438994,"2"
2065,5,2,122,2.012664738,"2"
2065,5,3,123,2.766460326,"2"
2065,5,4,124,3.12046959,"2"
2065,5,5,125,4.255740678,"2"
2065,5,6,126,4.09704687,"2"
2065,5,7,127,3.834591726,"2"
2065,5,8,128,3.862057962,"2"
2065,5,9,129,3.63927627,"2"
2065,5,10,130,3.529411326,"2"
2065,5,11,131,3.999389142,"2"
2065,5,12,132,5.152971054,"2"
2065,5,13,133,5.598534438,"2"
2065,5,14,134,6.672769446,"2"
2065,5,15,135,5.33302749,"2"
2065,5,16,136,5.290302234,"2"
2065,5,17,137,5.998320762,"2"
2065,5,18,138,6.834515058,"2"
2065,5,19,139,6.53849007,"2"
2065,5,20,140,6.227206062,"2"
2065,5,21,141,7.151902674,"2"
2065,5,22,142,7.386891582,"2"
2065,5,23,143,8.210878662,"2"
2065,5,24,144,9.272906454,"2"
2065,5,25,145,9.748987878,"2"
2065,5,26,146,9.114212646,"2"
2065,5,27,147,9.538413402,"2"
2065,5,28,148,10.12435977,"2"
2065,5,29,149,10.194551262,"2"
2065,5,30,150,10.847637318,"2"
2065,5,31,151,11.750971302,"2"
2066,5,1,121,2.577248478,"2"
2066,5,2,122,2.69321703,"2"
2066,5,3,123,1.545738726,"2"
2066,5,4,124,0.706492626,"2"
2066,5,5,125,3.355458498,"2"
2066,5,6,126,3.41039097,"2"
2066,5,7,127,2.409399258,"2"
2066,5,8,128,4.014648162,"2"
2066,5,9,129,4.908826734,"2"
2066,5,10,130,6.105133902,"2"
2066,5,11,131,6.559852698,"2"
2066,5,12,132,4.73792571,"2"
2066,5,13,133,6.56900811,"2"
2066,5,14,134,5.995268958,"2"
2066,5,15,135,5.342182902,"2"
2066,5,16,136,6.727701918,"2"
2066,5,17,137,7.569999822,"2"
2066,5,18,138,7.335010914,"2"
2066,5,19,139,7.20988695,"2"
2066,5,20,140,6.90470655,"2"
2066,5,21,141,6.575111718,"2"
2066,5,22,142,8.15594619,"2"
2066,5,23,143,8.955518838,"2"
2066,5,24,144,8.702219106,"2"
2066,5,25,145,7.997252382,"2"
2066,5,26,146,9.251543826,"2"
2066,5,27,147,9.916837098,"2"
2066,5,28,148,10.682839902,"2"
2066,5,29,149,11.869991658,"2"
2066,5,30,150,12.141602214,"2"
2066,5,31,151,11.290148898,"2"
2067,5,1,121,2.476538946,"2"
2067,5,2,122,3.254748966,"2"
2067,5,3,123,3.83764353,"2"
2067,5,4,124,3.62401725,"2"
2067,5,5,125,4.57007649,"2"
2067,5,6,126,4.054321614,"2"
2067,5,7,127,3.987181926,"2"
2067,5,8,128,3.91393863,"2"
2067,5,9,129,4.34119119,"2"
2067,5,10,130,5.14991925,"2"
2067,5,11,131,5.830471542,"2"
2067,5,12,132,5.049209718,"2"
2067,5,13,133,4.808117202,"2"
2067,5,14,134,6.117341118,"2"
2067,5,15,135,6.98100165,"2"
2067,5,16,136,6.67582125,"2"
2067,5,17,137,6.44693595,"2"
2067,5,18,138,6.38589987,"2"
2067,5,19,139,7.936216302,"2"
2067,5,20,140,7.521170958,"2"
2067,5,21,141,6.520179246,"2"
2067,5,22,142,7.39299519,"2"
2067,5,23,143,8.830394874,"2"
2067,5,24,144,9.694055406,"2"
2067,5,25,145,9.69710721,"2"
2067,5,26,146,8.805980442,"2"
2067,5,27,147,8.763255186,"2"
2067,5,28,148,8.18646423,"2"
2067,5,29,149,8.36957247,"2"
2067,5,30,150,9.996184002,"2"
2067,5,31,151,10.79575665,"2"
2068,5,1,122,2.561989458,"2"
2068,5,2,123,3.999389142,"2"
2068,5,3,124,3.66979431,"2"
2068,5,4,125,2.49484977,"2"
2068,5,5,126,3.340199478,"2"
2068,5,6,127,4.21911903,"2"
2068,5,7,128,4.41748629,"2"
2068,5,8,129,4.649423394,"2"
2068,5,9,130,5.720606598,"2"
2068,5,10,131,6.877240314,"2"
2068,5,11,132,6.59952615,"2"
2068,5,12,133,7.005416082,"2"
2068,5,13,134,7.856869398,"2"
2068,5,14,135,7.704279198,"2"
2068,5,15,136,7.029830514,"2"
2068,5,16,137,7.533378174,"2"
2068,5,17,138,7.884335634,"2"
2068,5,18,139,8.90363817,"2"
2068,5,19,140,9.794764938,"2"
2068,5,20,141,9.736780662,"2"
2068,5,21,142,9.016554918,"2"
2068,5,22,143,8.366520666,"2"
2068,5,23,144,8.845653894,"2"
2068,5,24,145,10.127411574,"2"
2068,5,25,146,10.685891706,"2"
2068,5,26,147,11.13145509,"2"
2068,5,27,148,11.00938293,"2"
2068,5,28,149,11.174180346,"2"
2068,5,29,150,11.348133174,"2"
2068,5,30,151,10.38376311,"2"
2068,5,31,152,10.87205175,"2"
2069,5,1,121,3.16624665,"2"
2069,5,2,122,4.270999698,"2"
2069,5,3,123,3.59349921,"2"
2069,5,4,124,3.779659254,"2"
2069,5,5,125,5.049209718,"2"
2069,5,6,126,3.88342059,"2"
2069,5,7,127,4.255740678,"2"
2069,5,8,128,5.387959962,"2"
2069,5,9,129,5.711451186,"2"
2069,5,10,130,6.138703746,"2"
2069,5,11,131,6.077667666,"2"
2069,5,12,132,5.528342946,"2"
2069,5,13,133,6.529334658,"2"
2069,5,14,134,6.93522459,"2"
2069,5,15,135,7.188524322,"2"
2069,5,16,136,6.059356842,"2"
2069,5,17,137,5.421529806,"2"
2069,5,18,138,6.379796262,"2"
2069,5,19,139,7.07255577,"2"
2069,5,20,140,6.88944753,"2"
2069,5,21,141,7.472342094,"2"
2069,5,22,142,7.725641826,"2"
2069,5,23,143,8.442815766,"2"
2069,5,24,144,8.131531758,"2"
2069,5,25,145,7.56084441,"2"
2069,5,26,146,7.371632562,"2"
2069,5,27,147,7.872128418,"2"
2069,5,28,148,8.531318082,"2"
2069,5,29,149,9.23933661,"2"
2069,5,30,150,10.82627469,"2"
2069,5,31,151,9.596397678,"2"
2070,5,1,121,2.183565762,"2"
2070,5,2,122,2.687113422,"2"
2070,5,3,123,3.871213374,"2"
2070,5,4,124,4.054321614,"2"
2070,5,5,125,2.93736135,"2"
2070,5,6,126,3.239489946,"2"
2070,5,7,127,4.408330878,"2"
2070,5,8,128,5.10414219,"2"
2070,5,9,129,6.00442437,"2"
2070,5,10,130,6.85892949,"2"
2070,5,11,131,6.678873054,"2"
2070,5,12,132,7.768367082,"2"
2070,5,13,133,7.100022006,"2"
2070,5,14,134,6.03494241,"2"
2070,5,15,135,7.731745434,"2"
2070,5,16,136,6.53849007,"2"
2070,5,17,137,6.544593678,"2"
2070,5,18,138,7.569999822,"2"
2070,5,19,139,7.603569666,"2"
2070,5,20,140,8.165101602,"2"
2070,5,21,141,7.811092338,"2"
2070,5,22,142,8.906689974,"2"
2070,5,23,143,10.29220899,"2"
2070,5,24,144,9.60555309,"2"
2070,5,25,145,9.614708502,"2"
2070,5,26,146,9.730677054,"2"
2070,5,27,147,10.441747386,"2"
2070,5,28,148,10.420384758,"2"
2070,5,29,149,10.951398654,"2"
2070,5,30,150,10.228121106,"2"
2070,5,31,151,10.313571618,"2"
2071,5,1,121,2.83054821,"2"
2071,5,2,122,2.244601842,"2"
2071,5,3,123,2.183565762,"2"
2071,5,4,124,2.842755426,"2"
2071,5,5,125,3.782711058,"2"
2071,5,6,126,6.376744458,"2"
2071,5,7,127,6.596474346,"2"
2071,5,8,128,6.086823078,"2"
2071,5,9,129,6.105133902,"2"
2071,5,10,130,5.552757378,"2"
2071,5,11,131,6.031890606,"2"
2071,5,12,132,7.420461426,"2"
2071,5,13,133,6.489661206,"2"
2071,5,14,134,6.392003478,"2"
2071,5,15,135,7.093918398,"2"
2071,5,16,136,7.200731538,"2"
2071,5,17,137,7.05729675,"2"
2071,5,18,138,5.72976201,"2"
2071,5,19,139,7.51506735,"2"
2071,5,20,140,8.78156601,"2"
2071,5,21,141,9.150834294,"2"
2071,5,22,142,9.883267254,"2"
2071,5,23,143,9.456014694,"2"
2071,5,24,144,7.640191314,"2"
2071,5,25,145,7.615776882,"2"
2071,5,26,146,8.870068326,"2"
2071,5,27,147,10.252535538,"2"
2071,5,28,148,11.293200702,"2"
2071,5,29,149,11.216905602,"2"
2071,5,30,150,10.850689122,"2"
2071,5,31,151,11.07041901,"2"
2072,5,1,122,0.444037482,"2"
2072,5,2,123,1.316853426,"2"
2072,5,3,124,1.524376098,"2"
2072,5,4,125,1.835660106,"2"
2072,5,5,126,2.858014446,"2"
2072,5,6,127,3.678949722,"2"
2072,5,7,128,4.53955845,"2"
2072,5,8,129,4.679941434,"2"
2072,5,9,130,4.710459474,"2"
2072,5,10,131,5.754176442,"2"
2072,5,11,132,4.924085754,"2"
2072,5,12,133,5.217058938,"2"
2072,5,13,134,5.980009938,"2"
2072,5,14,135,5.864041386,"2"
2072,5,15,136,7.017623298,"2"
2072,5,16,137,8.284121958,"2"
2072,5,17,138,6.407262498,"2"
2072,5,18,139,5.412374394,"2"
2072,5,19,140,5.906766642,"2"
2072,5,20,141,6.78263439,"2"
2072,5,21,142,8.204775054,"2"
2072,5,22,143,7.92706089,"2"
2072,5,23,144,8.860912914,"2"
2072,5,24,145,8.863964718,"2"
2072,5,25,146,9.199663158,"2"
2072,5,26,147,9.996184002,"2"
2072,5,27,148,10.362400482,"2"
2072,5,28,149,10.270846362,"2"
2072,5,29,150,10.814067474,"2"
2072,5,30,151,11.226061014,"2"
2072,5,31,152,11.027693754,"2"
2073,5,1,121,1.774624026,"2"
2073,5,2,122,1.081864518,"2"
2073,5,3,123,1.359578682,"2"
2073,5,4,124,2.516212398,"2"
2073,5,5,125,3.230334534,"2"
2073,5,6,126,3.846798942,"2"
2073,5,7,127,3.962767494,"2"
2073,5,8,128,3.553825758,"2"
2073,5,9,129,3.642328074,"2"
2073,5,10,130,5.543601966,"2"
2073,5,11,131,4.35645021,"2"
2073,5,12,132,5.296405842,"2"
2073,5,13,133,6.190584414,"2"
2073,5,14,134,5.33302749,"2"
2073,5,15,135,4.84473885,"2"
2073,5,16,136,6.846722274,"2"
2073,5,17,137,7.02677871,"2"
2073,5,18,138,7.710382806,"2"
2073,5,19,139,7.997252382,"2"
2073,5,20,140,7.869076614,"2"
2073,5,21,141,8.26275933,"2"
2073,5,22,142,8.75104797,"2"
2073,5,23,143,8.296329174,"2"
2073,5,24,144,7.826351358,"2"
2073,5,25,145,7.02677871,"2"
2073,5,26,146,7.658502138,"2"
2073,5,27,147,9.089798214,"2"
2073,5,28,148,10.313571618,"2"
2073,5,29,149,11.049056382,"2"
2073,5,30,150,10.225069302,"2"
2073,5,31,151,9.297320886,"2"
2074,5,1,121,2.775615738,"2"
2074,5,2,122,3.743037606,"2"
2074,5,3,123,3.218127318,"2"
2074,5,4,124,3.880368786,"2"
2074,5,5,125,4.579231902,"2"
2074,5,6,126,5.799953502,"2"
2074,5,7,127,5.494773102,"2"
2074,5,8,128,4.533454842,"2"
2074,5,9,129,5.552757378,"2"
2074,5,10,130,5.540550162,"2"
2074,5,11,131,4.31067315,"2"
2074,5,12,132,5.091934974,"2"
2074,5,13,133,4.917982146,"2"
2074,5,14,134,5.510032122,"2"
2074,5,15,135,6.733805526,"2"
2074,5,16,136,7.249560402,"2"
2074,5,17,137,7.692071982,"2"
2074,5,18,138,7.460134878,"2"
2074,5,19,139,7.264819422,"2"
2074,5,20,140,7.167161694,"2"
2074,5,21,141,8.137635366,"2"
2074,5,22,142,8.818187658,"2"
2074,5,23,143,9.565879638,"2"
2074,5,24,144,9.187455942,"2"
2074,5,25,145,9.440755674,"2"
2074,5,26,146,9.416341242,"2"
2074,5,27,147,9.578086854,"2"
2074,5,28,148,9.623863914,"2"
2074,5,29,149,9.562827834,"2"
2074,5,30,150,11.52818961,"2"
2074,5,31,151,10.670632686,"2"
2075,5,1,121,2.99839743,"2"
2075,5,2,122,2.76951213,"2"
2075,5,3,123,2.668802598,"2"
2075,5,4,124,3.254748966,"2"
2075,5,5,125,3.263904378,"2"
2075,5,6,126,2.897687898,"2"
2075,5,7,127,2.070649014,"2"
2075,5,8,128,3.79186647,"2"
2075,5,9,129,5.232317958,"2"
2075,5,10,130,6.059356842,"2"
2075,5,11,131,6.38589987,"2"
2075,5,12,132,7.212938754,"2"
2075,5,13,133,6.486609402,"2"
2075,5,14,134,5.92812927,"2"
2075,5,15,135,6.932172786,"2"
2075,5,16,136,6.788737998,"2"
2075,5,17,137,6.53849007,"2"
2075,5,18,138,6.419469714,"2"
2075,5,19,139,5.610741654,"2"
2075,5,20,140,7.231249578,"2"
2075,5,21,141,6.837566862,"2"
2075,5,22,142,8.250552114,"2"
2075,5,23,143,9.291217278,"2"
2075,5,24,144,10.441747386,"2"
2075,5,25,145,10.548560526,"2"
2075,5,26,146,9.95651055,"2"
2075,5,27,147,10.820171082,"2"
2075,5,28,148,9.672692778,"2"
2075,5,29,149,9.398030418,"2"
2075,5,30,150,10.005339414,"2"
2075,5,31,151,9.394978614,"2"
2076,5,1,122,0.95368875,"2"
2076,5,2,123,2.293430706,"2"
2076,5,3,124,2.925154134,"2"
2076,5,4,125,3.24254175,"2"
2076,5,5,126,4.054321614,"2"
2076,5,6,127,4.82947983,"2"
2076,5,7,128,4.484625978,"2"
2076,5,8,129,3.291370614,"2"
2076,5,9,130,4.274051502,"2"
2076,5,10,131,4.808117202,"2"
2076,5,11,132,5.86709319,"2"
2076,5,12,133,4.893567714,"2"
2076,5,13,134,5.796901698,"2"
2076,5,14,135,5.980009938,"2"
2076,5,15,136,6.929120982,"2"
2076,5,16,137,7.411306014,"2"
2076,5,17,138,7.27092303,"2"
2076,5,18,139,6.465246774,"2"
2076,5,19,140,6.834515058,"2"
2076,5,20,141,7.826351358,"2"
2076,5,21,142,8.641183026,"2"
2076,5,22,143,7.13359185,"2"
2076,5,23,144,6.572059914,"2"
2076,5,24,145,6.779582586,"2"
2076,5,25,146,7.83550677,"2"
2076,5,26,147,9.092850018,"2"
2076,5,27,148,9.205766766,"2"
2076,5,28,149,10.005339414,"2"
2076,5,29,150,10.65842547,"2"
2076,5,30,151,10.054168278,"2"
2076,5,31,152,9.669640974,"2"
2077,5,1,121,3.102158766,"2"
2077,5,2,122,3.44090901,"2"
2077,5,3,123,4.377812838,"2"
2077,5,4,124,4.518195822,"2"
2077,5,5,125,3.572136582,"2"
2077,5,6,126,4.185549186,"2"
2077,5,7,127,4.536506646,"2"
2077,5,8,128,4.383916446,"2"
2077,5,9,129,5.207903526,"2"
2077,5,10,130,6.849774078,"2"
2077,5,11,131,7.219042362,"2"
2077,5,12,132,5.915922054,"2"
2077,5,13,133,6.236361474,"2"
2077,5,14,134,7.75921167,"2"
2077,5,15,135,7.930112694,"2"
2077,5,16,136,7.051193142,"2"
2077,5,17,137,6.578163522,"2"
2077,5,18,138,6.590370738,"2"
2077,5,19,139,7.707331002,"2"
2077,5,20,140,8.656442046,"2"
2077,5,21,141,7.679864766,"2"
2077,5,22,142,7.801936926,"2"
2077,5,23,143,7.536429978,"2"
2077,5,24,144,7.914853674,"2"
2077,5,25,145,8.44586757,"2"
2077,5,26,146,9.684899994,"2"
2077,5,27,147,8.931104406,"2"
2077,5,28,148,9.495688146,"2"
2077,5,29,149,9.294269082,"2"
2077,5,30,150,10.478369034,"2"
2077,5,31,151,11.537345022,"2"
2078,5,1,121,2.732890482,"2"
2078,5,2,122,3.41039097,"2"
2078,5,3,123,4.002440946,"2"
2078,5,4,124,3.889524198,"2"
2078,5,5,125,3.779659254,"2"
2078,5,6,126,4.817272614,"2"
2078,5,7,127,4.917982146,"2"
2078,5,8,128,4.728770298,"2"
2078,5,9,129,4.14282393,"2"
2078,5,10,130,5.27199141,"2"
2078,5,11,131,5.482565886,"2"
2078,5,12,132,6.315708378,"2"
2078,5,13,133,7.078659378,"2"
2078,5,14,134,7.893491046,"2"
2078,5,15,135,7.283130246,"2"
2078,5,16,136,6.55374909,"2"
2078,5,17,137,6.807048822,"2"
2078,5,18,138,8.24750031,"2"
2078,5,19,139,8.799876834,"2"
2078,5,20,140,8.65949385,"2"
2078,5,21,141,8.686960086,"2"
2078,5,22,142,8.580146946,"2"
2078,5,23,143,9.062331978,"2"
2078,5,24,144,10.011443022,"2"
2078,5,25,145,10.432591974,"2"
2078,5,26,146,9.684899994,"2"
2078,5,27,147,8.952467034,"2"
2078,5,28,148,9.730677054,"2"
2078,5,29,149,11.082626226,"2"
2078,5,30,150,11.302356114,"2"
2078,5,31,151,10.884258966,"2"
2079,5,1,121,1.582360374,"2"
2079,5,2,122,1.890592578,"2"
2079,5,3,123,1.99130211,"2"
2079,5,4,124,2.973982998,"2"
2079,5,5,125,4.689096846,"2"
2079,5,6,126,4.826428026,"2"
2079,5,7,127,4.884412302,"2"
2079,5,8,128,5.781642678,"2"
2079,5,9,129,4.740977514,"2"
2079,5,10,130,4.963759206,"2"
2079,5,11,131,5.30250945,"2"
2079,5,12,132,6.64530321,"2"
2079,5,13,133,5.537498358,"2"
2079,5,14,134,5.34828651,"2"
2079,5,15,135,5.094986778,"2"
2079,5,16,136,6.27908673,"2"
2079,5,17,137,6.227206062,"2"
2079,5,18,138,5.680933146,"2"
2079,5,19,139,6.074615862,"2"
2079,5,20,140,6.886395726,"2"
2079,5,21,141,7.237353186,"2"
2079,5,22,142,6.987105258,"2"
2079,5,23,143,6.67582125,"2"
2079,5,24,144,6.852825882,"2"
2079,5,25,145,8.26275933,"2"
2079,5,26,146,9.587242266,"2"
2079,5,27,147,8.958570642,"2"
2079,5,28,148,9.37666779,"2"
2079,5,29,149,10.344089658,"2"
2079,5,30,150,10.698098922,"2"
2079,5,31,151,10.319675226,"2"
2080,5,1,122,1.387044918,"2"
2080,5,2,123,1.469443626,"2"
2080,5,3,124,2.043182778,"2"
2080,5,4,125,2.69321703,"2"
2080,5,5,126,3.132676806,"2"
2080,5,6,127,2.867169858,"2"
2080,5,7,128,3.24254175,"2"
2080,5,8,129,4.206911814,"2"
2080,5,9,130,5.192644506,"2"
2080,5,10,131,5.253680586,"2"
2080,5,11,132,4.637216178,"2"
2080,5,12,133,5.644311498,"2"
2080,5,13,134,6.865033098,"2"
2080,5,14,135,7.627984098,"2"
2080,5,15,136,7.280078442,"2"
2080,5,16,137,6.69108027,"2"
2080,5,17,138,7.261767618,"2"
2080,5,18,139,6.871136706,"2"
2080,5,19,140,6.849774078,"2"
2080,5,20,141,7.405202406,"2"
2080,5,21,142,7.447927662,"2"
2080,5,22,143,7.65239853,"2"
2080,5,23,144,7.811092338,"2"
2080,5,24,145,8.915845386,"2"
2080,5,25,146,9.248492022,"2"
2080,5,26,147,9.211870374,"2"
2080,5,27,148,9.66658917,"2"
2080,5,28,149,9.019606722,"2"
2080,5,29,150,9.10200543,"2"
2080,5,30,151,8.836498482,"2"
2080,5,31,152,8.931104406,"2"
2081,5,1,121,3.630120858,"2"
2081,5,2,122,5.116349406,"2"
2081,5,3,123,4.487677782,"2"
2081,5,4,124,3.215075514,"2"
2081,5,5,125,3.508048698,"2"
2081,5,6,126,4.466315154,"2"
2081,5,7,127,5.931181074,"2"
2081,5,8,128,5.217058938,"2"
2081,5,9,129,5.50087671,"2"
2081,5,10,130,5.448996042,"2"
2081,5,11,131,4.948500186,"2"
2081,5,12,132,5.54665377,"2"
2081,5,13,133,5.265887802,"2"
2081,5,14,134,6.654458622,"2"
2081,5,15,135,6.575111718,"2"
2081,5,16,136,7.936216302,"2"
2081,5,17,137,7.649346726,"2"
2081,5,18,138,7.280078442,"2"
2081,5,19,139,7.786677906,"2"
2081,5,20,140,7.551688998,"2"
2081,5,21,141,7.115281026,"2"
2081,5,22,142,6.96574263,"2"
2081,5,23,143,7.20988695,"2"
2081,5,24,144,8.427556746,"2"
2081,5,25,145,8.961622446,"2"
2081,5,26,146,8.213930466,"2"
2081,5,27,147,9.14778249,"2"
2081,5,28,148,11.03990097,"2"
2081,5,29,149,10.878155358,"2"
2081,5,30,150,11.20775019,"2"
2081,5,31,151,11.784541146,"2"
2082,5,1,121,2.040130974,"2"
2082,5,2,122,1.60982661,"2"
2082,5,3,123,2.18966937,"2"
2082,5,4,124,2.702372442,"2"
2082,5,5,125,3.492789678,"2"
2082,5,6,126,3.984130122,"2"
2082,5,7,127,4.35645021,"2"
2082,5,8,128,5.07362415,"2"
2082,5,9,129,4.139772126,"2"
2082,5,10,130,3.602654622,"2"
2082,5,11,131,4.09704687,"2"
2082,5,12,132,5.769435462,"2"
2082,5,13,133,5.952543702,"2"
2082,5,14,134,7.158006282,"2"
2082,5,15,135,8.412297726,"2"
2082,5,16,136,8.131531758,"2"
2082,5,17,137,6.266879514,"2"
2082,5,18,138,7.960630734,"2"
2082,5,19,139,7.893491046,"2"
2082,5,20,140,8.30853639,"2"
2082,5,21,141,7.82024775,"2"
2082,5,22,142,7.554740802,"2"
2082,5,23,143,8.253603918,"2"
2082,5,24,144,8.097961914,"2"
2082,5,25,145,9.105057234,"2"
2082,5,26,146,7.722590022,"2"
2082,5,27,147,7.966734342,"2"
2082,5,28,148,7.905698262,"2"
2082,5,29,149,9.471273714,"2"
2082,5,30,150,9.718469838,"2"
2082,5,31,151,10.115204358,"2"
2083,5,1,121,2.717631462,"2"
2083,5,2,122,3.199816494,"2"
2083,5,3,123,5.140763838,"2"
2083,5,4,124,4.148927538,"2"
2083,5,5,125,3.321888654,"2"
2083,5,6,126,4.014648162,"2"
2083,5,7,127,4.344242994,"2"
2083,5,8,128,4.09704687,"2"
2083,5,9,129,4.49378139,"2"
2083,5,10,130,4.917982146,"2"
2083,5,11,131,5.674829538,"2"
2083,5,12,132,5.74502103,"2"
2083,5,13,133,5.610741654,"2"
2083,5,14,134,6.352330026,"2"
2083,5,15,135,6.40115889,"2"
2083,5,16,136,7.646294922,"2"
2083,5,17,137,8.165101602,"2"
2083,5,18,138,6.739909134,"2"
2083,5,19,139,6.840618666,"2"
2083,5,20,140,8.122376346,"2"
2083,5,21,141,9.547568814,"2"
2083,5,22,142,9.282061866,"2"
2083,5,23,143,10.252535538,"2"
2083,5,24,144,11.448842706,"2"
2083,5,25,145,11.308459722,"2"
2083,5,26,146,10.844585514,"2"
2083,5,27,147,10.09384173,"2"
2083,5,28,148,9.34614975,"2"
2083,5,29,149,9.413289438,"2"
2083,5,30,150,10.710306138,"2"
2083,5,31,151,10.679788098,"2"
2084,5,1,122,3.36461391,"2"
2084,5,2,123,2.171358546,"2"
2084,5,3,124,2.47959075,"2"
2084,5,4,125,2.211031998,"2"
2084,5,5,126,4.21911903,"2"
2084,5,6,127,4.563972882,"2"
2084,5,7,128,4.64637159,"2"
2084,5,8,129,5.192644506,"2"
2084,5,9,130,5.552757378,"2"
2084,5,10,131,7.185472518,"2"
2084,5,11,132,6.651406818,"2"
2084,5,12,133,6.712442898,"2"
2084,5,13,134,7.154954478,"2"
2084,5,14,135,6.739909134,"2"
2084,5,15,136,6.578163522,"2"
2084,5,16,137,7.14885087,"2"
2084,5,17,138,7.124436438,"2"
2084,5,18,139,6.153962766,"2"
2084,5,19,140,7.447927662,"2"
2084,5,20,141,7.887387438,"2"
2084,5,21,142,7.42351323,"2"
2084,5,22,143,8.046081246,"2"
2084,5,23,144,8.729685342,"2"
2084,5,24,145,8.793773226,"2"
2084,5,25,146,8.149842582,"2"
2084,5,26,147,8.088806502,"2"
2084,5,27,148,9.367512378,"2"
2084,5,28,149,11.31456333,"2"
2084,5,29,150,11.815059186,"2"
2084,5,30,151,11.931027738,"2"
2084,5,31,152,11.22300921,"2"
2085,5,1,121,3.495841482,"2"
2085,5,2,122,2.99839743,"2"
2085,5,3,123,2.29648251,"2"
2085,5,4,124,2.491797966,"2"
2085,5,5,125,3.065537118,"2"
2085,5,6,126,3.785762862,"2"
2085,5,7,127,4.444952526,"2"
2085,5,8,128,4.37170923,"2"
2085,5,9,129,4.292362326,"2"
2085,5,10,130,5.421529806,"2"
2085,5,11,131,5.085831366,"2"
2085,5,12,132,4.908826734,"2"
2085,5,13,133,4.563972882,"2"
2085,5,14,134,5.214007134,"2"
2085,5,15,135,7.11833283,"2"
2085,5,16,136,7.39299519,"2"
2085,5,17,137,7.212938754,"2"
2085,5,18,138,7.853817594,"2"
2085,5,19,139,7.786677906,"2"
2085,5,20,140,6.72159831,"2"
2085,5,21,141,8.043029442,"2"
2085,5,22,142,10.65842547,"2"
2085,5,23,143,9.825282978,"2"
2085,5,24,144,10.325778834,"2"
2085,5,25,145,10.011443022,"2"
2085,5,26,146,9.68184819,"2"
2085,5,27,147,8.488592826,"2"
2085,5,28,148,8.989088682,"2"
2085,5,29,149,9.648278346,"2"
2085,5,30,150,10.637062842,"2"
2085,5,31,151,10.301364402,"2"
2086,5,1,121,2.28122349,"2"
2086,5,2,122,2.397192042,"2"
2086,5,3,123,2.900739702,"2"
2086,5,4,124,3.477530658,"2"
2086,5,5,125,3.947508474,"2"
2086,5,6,126,4.23437805,"2"
2086,5,7,127,5.13466023,"2"
2086,5,8,128,5.726710206,"2"
2086,5,9,129,5.937284682,"2"
2086,5,10,130,7.197679734,"2"
2086,5,11,131,5.708399382,"2"
2086,5,12,132,6.208895238,"2"
2086,5,13,133,7.39299519,"2"
2086,5,14,134,6.663614034,"2"
2086,5,15,135,6.434728734,"2"
2086,5,16,136,7.298389266,"2"
2086,5,17,137,6.932172786,"2"
2086,5,18,138,7.60662147,"2"
2086,5,19,139,8.204775054,"2"
2086,5,20,140,8.662545654,"2"
2086,5,21,141,8.11016913,"2"
2086,5,22,142,7.914853674,"2"
2086,5,23,143,8.885327346,"2"
2086,5,24,144,9.556724226,"2"
2086,5,25,145,10.362400482,"2"
2086,5,26,146,10.145722398,"2"
2086,5,27,147,9.77340231,"2"
2086,5,28,148,10.106048946,"2"
2086,5,29,149,10.91782881,"2"
2086,5,30,150,10.972761282,"2"
2086,5,31,151,11.067367206,"2"
2087,5,1,121,3.175402062,"2"
2087,5,2,122,4.286258718,"2"
2087,5,3,123,4.100098674,"2"
2087,5,4,124,4.20386001,"2"
2087,5,5,125,4.353398406,"2"
2087,5,6,126,4.625008962,"2"
2087,5,7,127,4.469366958,"2"
2087,5,8,128,4.640267982,"2"
2087,5,9,129,5.824367934,"2"
2087,5,10,130,6.855877686,"2"
2087,5,11,131,5.900663034,"2"
2087,5,12,132,4.991225442,"2"
2087,5,13,133,7.450979466,"2"
2087,5,14,134,7.463186682,"2"
2087,5,15,135,7.25566401,"2"
2087,5,16,136,8.046081246,"2"
2087,5,17,137,8.235293094,"2"
2087,5,18,138,8.009459598,"2"
2087,5,19,139,7.83550677,"2"
2087,5,20,140,6.849774078,"2"
2087,5,21,141,7.060348554,"2"
2087,5,22,142,7.978941558,"2"
2087,5,23,143,9.037917546,"2"
2087,5,24,144,8.46112659,"2"
2087,5,25,145,7.57610343,"2"
2087,5,26,146,7.914853674,"2"
2087,5,27,147,9.343097946,"2"
2087,5,28,148,9.394978614,"2"
2087,5,29,149,10.481420838,"2"
2087,5,30,150,9.886319058,"2"
2087,5,31,151,9.211870374,"2"
2088,5,1,122,2.369725806,"2"
2088,5,2,123,2.604714714,"2"
2088,5,3,124,2.67795801,"2"
2088,5,4,125,4.02075177,"2"
2088,5,5,126,4.872205086,"2"
2088,5,6,127,4.640267982,"2"
2088,5,7,128,4.606698138,"2"
2088,5,8,129,5.616845262,"2"
2088,5,9,130,5.168230074,"2"
2088,5,10,131,5.796901698,"2"
2088,5,11,132,6.12649653,"2"
2088,5,12,133,6.575111718,"2"
2088,5,13,134,6.184480806,"2"
2088,5,14,135,6.730753722,"2"
2088,5,15,136,7.176317106,"2"
2088,5,16,137,7.487601114,"2"
2088,5,17,138,7.704279198,"2"
2088,5,18,139,7.289233854,"2"
2088,5,19,140,8.168153406,"2"
2088,5,20,141,8.839550286,"2"
2088,5,21,142,9.983976786,"2"
2088,5,22,143,10.334934246,"2"
2088,5,23,144,9.752039682,"2"
2088,5,24,145,9.562827834,"2"
2088,5,25,146,10.402073934,"2"
2088,5,26,147,9.34614975,"2"
2088,5,27,148,10.151826006,"2"
2088,5,28,149,10.545508722,"2"
2088,5,29,150,9.251543826,"2"
2088,5,30,151,9.825282978,"2"
2088,5,31,152,10.954450458,"2"
2089,5,1,121,2.980086606,"2"
2089,5,2,122,2.827496406,"2"
2089,5,3,123,3.85290255,"2"
2089,5,4,124,3.620965446,"2"
2089,5,5,125,3.041122686,"2"
2089,5,6,126,3.337147674,"2"
2089,5,7,127,4.155031146,"2"
2089,5,8,128,4.67688963,"2"
2089,5,9,129,5.31776847,"2"
2089,5,10,130,4.078736046,"2"
2089,5,11,131,4.457159742,"2"
2089,5,12,132,5.448996042,"2"
2089,5,13,133,5.983061742,"2"
2089,5,14,134,6.117341118,"2"
2089,5,15,135,6.825359646,"2"
2089,5,16,136,6.788737998,"2"
2089,5,17,137,6.03494241,"2"
2089,5,18,138,7.280078442,"2"
2089,5,19,139,8.47638561,"2"
2089,5,20,140,9.184404138,"2"
2089,5,21,141,7.689020178,"2"
2089,5,22,142,7.664605746,"2"
2089,5,23,143,8.570991534,"2"
2089,5,24,144,9.62081211,"2"
2089,5,25,145,9.443807478,"2"
2089,5,26,146,9.517050774,"2"
2089,5,27,147,9.959562354,"2"
2089,5,28,148,11.082626226,"2"
2089,5,29,149,10.79575665,"2"
2089,5,30,150,10.801860258,"2"
2089,5,31,151,11.485464354,"2"
2090,5,1,121,2.47959075,"2"
2090,5,2,122,4.106202282,"2"
2090,5,3,123,4.011596358,"2"
2090,5,4,124,5.583275418,"2"
2090,5,5,125,5.476462278,"2"
2090,5,6,126,4.84473885,"2"
2090,5,7,127,4.682993238,"2"
2090,5,8,128,4.545662058,"2"
2090,5,9,129,4.216067226,"2"
2090,5,10,130,5.915922054,"2"
2090,5,11,131,6.95048361,"2"
2090,5,12,132,7.048141338,"2"
2090,5,13,133,7.307544678,"2"
2090,5,14,134,7.42351323,"2"
2090,5,15,135,7.173265302,"2"
2090,5,16,136,7.383839778,"2"
2090,5,17,137,7.304492874,"2"
2090,5,18,138,7.77447069,"2"
2090,5,19,139,9.333942534,"2"
2090,5,20,140,8.015563206,"2"
2090,5,21,141,8.204775054,"2"
2090,5,22,142,8.494696434,"2"
2090,5,23,143,9.794764938,"2"
2090,5,24,144,8.921948994,"2"
2090,5,25,145,9.813075762,"2"
2090,5,26,146,9.39192681,"2"
2090,5,27,147,8.793773226,"2"
2090,5,28,148,10.502783466,"2"
2090,5,29,149,10.908673398,"2"
2090,5,30,150,11.583122082,"2"
2090,5,31,151,11.57396667,"2"
2091,5,1,121,3.559929366,"2"
2091,5,2,122,4.515144018,"2"
2091,5,3,123,5.128556622,"2"
2091,5,4,124,4.64637159,"2"
2091,5,5,125,3.895627806,"2"
2091,5,6,126,3.99023373,"2"
2091,5,7,127,4.780650966,"2"
2091,5,8,128,5.45509965,"2"
2091,5,9,129,5.644311498,"2"
2091,5,10,130,7.020675102,"2"
2091,5,11,131,6.272983122,"2"
2091,5,12,132,5.552757378,"2"
2091,5,13,133,4.82947983,"2"
2091,5,14,134,6.483557598,"2"
2091,5,15,135,6.160066374,"2"
2091,5,16,136,6.709391094,"2"
2091,5,17,137,7.17936891,"2"
2091,5,18,138,6.75211635,"2"
2091,5,19,139,7.618828686,"2"
2091,5,20,140,7.859921202,"2"
2091,5,21,141,7.344166326,"2"
2091,5,22,142,8.561836122,"2"
2091,5,23,143,9.68184819,"2"
2091,5,24,144,10.759135002,"2"
2091,5,25,145,10.264742754,"2"
2091,5,26,146,11.012434734,"2"
2091,5,27,147,9.465170106,"2"
2091,5,28,148,9.114212646,"2"
2091,5,29,149,9.404134026,"2"
2091,5,30,150,11.018538342,"2"
2091,5,31,151,11.934079542,"2"
2092,5,1,122,2.522316006,"2"
2092,5,2,123,3.39513195,"2"
2092,5,3,124,3.508048698,"2"
2092,5,4,125,2.90684331,"2"
2092,5,5,126,3.70031235,"2"
2092,5,6,127,5.204851722,"2"
2092,5,7,128,5.45509965,"2"
2092,5,8,129,4.515144018,"2"
2092,5,9,130,3.877316982,"2"
2092,5,10,131,4.728770298,"2"
2092,5,11,132,4.762340142,"2"
2092,5,12,133,5.86709319,"2"
2092,5,13,134,6.03494241,"2"
2092,5,14,135,6.861981294,"2"
2092,5,15,136,6.602577954,"2"
2092,5,16,137,7.475393898,"2"
2092,5,17,138,7.206835146,"2"
2092,5,18,139,7.038985926,"2"
2092,5,19,140,8.101013718,"2"
2092,5,20,141,7.859921202,"2"
2092,5,21,142,8.699167302,"2"
2092,5,22,143,8.189516034,"2"
2092,5,23,144,9.288165474,"2"
2092,5,24,145,9.855801018,"2"
2092,5,25,146,8.952467034,"2"
2092,5,26,147,8.223085878,"2"
2092,5,27,148,7.920957282,"2"
2092,5,28,149,7.30144107,"2"
2092,5,29,150,8.467230198,"2"
2092,5,30,151,9.68184819,"2"
2092,5,31,152,10.148774202,"2"
2093,5,1,121,3.825436314,"2"
2093,5,2,122,2.894636094,"2"
2093,5,3,123,2.714579658,"2"
2093,5,4,124,3.71557137,"2"
2093,5,5,125,4.179445578,"2"
2093,5,6,126,3.889524198,"2"
2093,5,7,127,4.780650966,"2"
2093,5,8,128,5.60768985,"2"
2093,5,9,129,5.864041386,"2"
2093,5,10,130,5.36354553,"2"
2093,5,11,131,5.778590874,"2"
2093,5,12,132,7.038985926,"2"
2093,5,13,133,7.402150602,"2"
2093,5,14,134,7.017623298,"2"
2093,5,15,135,7.792781514,"2"
2093,5,16,136,7.83550677,"2"
2093,5,17,137,8.021666814,"2"
2093,5,18,138,7.490652918,"2"
2093,5,19,139,6.93522459,"2"
2093,5,20,140,7.112229222,"2"
2093,5,21,141,7.502860134,"2"
2093,5,22,142,7.450979466,"2"
2093,5,23,143,8.149842582,"2"
2093,5,24,144,9.022658526,"2"
2093,5,25,145,8.58319875,"2"
2093,5,26,146,8.412297726,"2"
2093,5,27,147,7.86602481,"2"
2093,5,28,148,8.793773226,"2"
2093,5,29,149,9.477377322,"2"
2093,5,30,150,10.304416206,"2"
2093,5,31,151,11.10093705,"2"
2094,5,1,121,2.192721174,"2"
2094,5,2,122,2.421606474,"2"
2094,5,3,123,3.416494578,"2"
2094,5,4,124,3.916990434,"2"
2094,5,5,125,5.31776847,"2"
2094,5,6,126,4.942396578,"2"
2094,5,7,127,4.55481747,"2"
2094,5,8,128,4.817272614,"2"
2094,5,9,129,4.975966422,"2"
2094,5,10,130,5.01258807,"2"
2094,5,11,131,5.22621435,"2"
2094,5,12,132,6.245516886,"2"
2094,5,13,133,5.91287025,"2"
2094,5,14,134,6.214998846,"2"
2094,5,15,135,7.277026638,"2"
2094,5,16,136,7.640191314,"2"
2094,5,17,137,7.856869398,"2"
2094,5,18,138,7.380787974,"2"
2094,5,19,139,8.955518838,"2"
2094,5,20,140,9.45296289,"2"
2094,5,21,141,9.089798214,"2"
2094,5,22,142,9.120316254,"2"
2094,5,23,143,9.053176566,"2"
2094,5,24,144,9.782557722,"2"
2094,5,25,145,11.686883418,"2"
2094,5,26,146,11.915768718,"2"
2094,5,27,147,10.280001774,"2"
2094,5,28,148,10.072479102,"2"
2094,5,29,149,10.392918522,"2"
2094,5,30,150,11.082626226,"2"
2094,5,31,151,10.832378298,"2"
2095,5,1,121,3.62401725,"2"
2095,5,2,122,3.910886826,"2"
2095,5,3,123,3.24254175,"2"
2095,5,4,124,2.671854402,"2"
2095,5,5,125,2.391088434,"2"
2095,5,6,126,3.45616803,"2"
2095,5,7,127,5.278095018,"2"
2095,5,8,128,4.869153282,"2"
2095,5,9,129,4.847790654,"2"
2095,5,10,130,5.558860986,"2"
2095,5,11,131,5.372700942,"2"
2095,5,12,132,6.41641791,"2"
2095,5,13,133,6.367589046,"2"
2095,5,14,134,7.203783342,"2"
2095,5,15,135,6.565956306,"2"
2095,5,16,136,7.875180222,"2"
2095,5,17,137,7.444875858,"2"
2095,5,18,138,6.449987754,"2"
2095,5,19,139,6.761271762,"2"
2095,5,20,140,7.487601114,"2"
2095,5,21,141,9.266802846,"2"
2095,5,22,142,9.336994338,"2"
2095,5,23,143,7.765315278,"2"
2095,5,24,144,8.43060855,"2"
2095,5,25,145,8.442815766,"2"
2095,5,26,146,9.260699238,"2"
2095,5,27,147,10.463110014,"2"
2095,5,28,148,10.298312598,"2"
2095,5,29,149,10.64316645,"2"
2095,5,30,150,11.55870765,"2"
2095,5,31,151,10.62790743,"2"
2096,5,1,122,4.075684242,"2"
2096,5,2,123,3.178453866,"2"
2096,5,3,124,2.897687898,"2"
2096,5,4,125,3.132676806,"2"
2096,5,5,126,3.801021882,"2"
2096,5,6,127,4.548713862,"2"
2096,5,7,128,5.940336486,"2"
2096,5,8,129,5.113297602,"2"
2096,5,9,130,5.290302234,"2"
2096,5,10,131,6.315708378,"2"
2096,5,11,132,5.693140362,"2"
2096,5,12,133,5.275043214,"2"
2096,5,13,134,4.667734218,"2"
2096,5,14,135,4.512092214,"2"
2096,5,15,136,3.999389142,"2"
2096,5,16,137,4.304569542,"2"
2096,5,17,138,6.47745399,"2"
2096,5,18,139,8.418401334,"2"
2096,5,19,140,8.067443874,"2"
2096,5,20,141,7.197679734,"2"
2096,5,21,142,7.54558539,"2"
2096,5,22,143,8.894482758,"2"
2096,5,23,144,8.867016522,"2"
2096,5,24,145,9.71236623,"2"
2096,5,25,146,10.484472642,"2"
2096,5,26,147,10.514990682,"2"
2096,5,27,148,9.794764938,"2"
2096,5,28,149,10.893414378,"2"
2096,5,29,150,10.899517986,"2"
2096,5,30,151,10.011443022,"2"
2096,5,31,152,9.855801018,"2"
2097,5,1,121,3.782711058,"2"
2097,5,2,122,3.91393863,"2"
2097,5,3,123,4.67688963,"2"
2097,5,4,124,4.655527002,"2"
2097,5,5,125,3.825436314,"2"
2097,5,6,126,4.179445578,"2"
2097,5,7,127,4.499884998,"2"
2097,5,8,128,4.658578806,"2"
2097,5,9,129,5.848782366,"2"
2097,5,10,130,6.41641791,"2"
2097,5,11,131,6.059356842,"2"
2097,5,12,132,6.474402186,"2"
2097,5,13,133,7.34721813,"2"
2097,5,14,134,8.15594619,"2"
2097,5,15,135,7.920957282,"2"
2097,5,16,136,7.121384634,"2"
2097,5,17,137,6.66056223,"2"
2097,5,18,138,7.954527126,"2"
2097,5,19,139,8.299380978,"2"
2097,5,20,140,8.982985074,"2"
2097,5,21,141,7.920957282,"2"
2097,5,22,142,7.994200578,"2"
2097,5,23,143,7.997252382,"2"
2097,5,24,144,7.664605746,"2"
2097,5,25,145,8.851757502,"2"
2097,5,26,146,10.12435977,"2"
2097,5,27,147,9.184404138,"2"
2097,5,28,148,9.898526274,"2"
2097,5,29,149,11.158921326,"2"
2097,5,30,150,11.952390366,"2"
2097,5,31,151,10.87205175,"2"
2098,5,1,121,4.79896179,"2"
2098,5,2,122,3.358510302,"2"
2098,5,3,123,3.633172662,"2"
2098,5,4,124,3.816280902,"2"
2098,5,5,125,5.397115374,"2"
2098,5,6,126,5.610741654,"2"
2098,5,7,127,5.537498358,"2"
2098,5,8,128,5.824367934,"2"
2098,5,9,129,6.068512254,"2"
2098,5,10,130,5.937284682,"2"
2098,5,11,131,6.962690826,"2"
2098,5,12,132,7.112229222,"2"
2098,5,13,133,6.877240314,"2"
2098,5,14,134,6.529334658,"2"
2098,5,15,135,6.944380002,"2"
2098,5,16,136,7.161058086,"2"
2098,5,17,137,7.792781514,"2"
2098,5,18,138,8.345158038,"2"
2098,5,19,139,7.42351323,"2"
2098,5,20,140,6.590370738,"2"
2098,5,21,141,6.407262498,"2"
2098,5,22,142,7.280078442,"2"
2098,5,23,143,8.442815766,"2"
2098,5,24,144,10.07858271,"2"
2098,5,25,145,10.798808454,"2"
2098,5,26,146,10.55161233,"2"
2098,5,27,147,9.324787122,"2"
2098,5,28,148,10.664529078,"2"
2098,5,29,149,10.64316645,"2"
2098,5,30,150,10.237276518,"2"
2098,5,31,151,12.330814062,"2"
2099,5,1,121,3.642328074,"2"
2099,5,2,122,4.505988606,"2"
2099,5,3,123,5.72976201,"2"
2099,5,4,124,5.140763838,"2"
2099,5,5,125,5.265887802,"2"
2099,5,6,126,5.568016398,"2"
2099,5,7,127,6.21805065,"2"
2099,5,8,128,6.807048822,"2"
2099,5,9,129,6.816204234,"2"
2099,5,10,130,7.185472518,"2"
2099,5,11,131,7.917905478,"2"
2099,5,12,132,7.420461426,"2"
2099,5,13,133,6.422521518,"2"
2099,5,14,134,6.785686194,"2"
2099,5,15,135,8.152894386,"2"
2099,5,16,136,7.524222762,"2"
2099,5,17,137,6.87418851,"2"
2099,5,18,138,7.838558574,"2"
2099,5,19,139,6.907758354,"2"
2099,5,20,140,7.328907306,"2"
2099,5,21,141,8.07965109,"2"
2099,5,22,142,8.769358794,"2"
2099,5,23,143,8.204775054,"2"
2099,5,24,144,9.156937902,"2"
2099,5,25,145,8.732737146,"2"
2099,5,26,146,9.144730686,"2"
2099,5,27,147,10.029753846,"2"
2099,5,28,148,10.148774202,"2"
2099,5,29,149,10.65842547,"2"
2099,5,30,150,9.947355138,"2"
2099,5,31,151,8.683908282,"2"
2100,5,1,121,2.546730438,"2"
2100,5,2,122,2.84580723,"2"
2100,5,3,123,3.36461391,"2"
2100,5,4,124,4.170290166,"2"
2100,5,5,125,4.92103395,"2"
2100,5,6,126,3.910886826,"2"
2100,5,7,127,4.61585355,"2"
2100,5,8,128,5.403218982,"2"
2100,5,9,129,6.318760182,"2"
2100,5,10,130,6.593422542,"2"
2100,5,11,131,5.262835998,"2"
2100,5,12,132,6.135651942,"2"
2100,5,13,133,7.075607574,"2"
2100,5,14,134,6.47745399,"2"
2100,5,15,135,6.056305038,"2"
2100,5,16,136,7.096970202,"2"
2100,5,17,137,7.780574298,"2"
2100,5,18,138,9.019606722,"2"
2100,5,19,139,9.379719594,"2"
2100,5,20,140,8.955518838,"2"
2100,5,21,141,10.026702042,"2"
2100,5,22,142,9.446859282,"2"
2100,5,23,143,9.221025786,"2"
2100,5,24,144,9.01045131,"2"
2100,5,25,145,9.752039682,"2"
2100,5,26,146,9.520102578,"2"
2100,5,27,147,9.745936074,"2"
2100,5,28,148,9.562827834,"2"
2100,5,29,149,11.14671411,"2"
2100,5,30,150,10.344089658,"2"
2100,5,31,151,9.169145118,"2"
2025,3,1,60,-13.774317354,"3"
2025,3,2,61,-13.676659626,"3"
2025,3,3,62,-13.871975082,"3"
2025,3,4,63,-11.168076738,"3"
2025,3,5,64,-9.904629882,"3"
2025,3,6,65,-8.906689974,"3"
2025,3,7,66,-8.711374518,"3"
2025,3,8,67,-10.493628054,"3"
2025,3,9,68,-12.837413526,"3"
2025,3,10,69,-13.05409161,"3"
2025,3,11,70,-11.509878786,"3"
2025,3,12,71,-12.04699629,"3"
2025,3,13,72,-11.49767157,"3"
2025,3,14,73,-10.090789926,"3"
2025,3,15,74,-8.91889719,"3"
2025,3,16,75,-8.32379541,"3"
2025,3,17,76,-7.48454931,"3"
2025,3,18,77,-8.44586757,"3"
2025,3,19,78,-8.30853639,"3"
2025,3,20,79,-7.557792606,"3"
2025,3,21,80,-7.963682538,"3"
2025,3,22,81,-8.665597458,"3"
2025,3,23,82,-7.98809697,"3"
2025,3,24,83,-6.587318934,"3"
2025,3,25,84,-5.723658402,"3"
2025,3,26,85,-6.358433634,"3"
2025,3,27,86,-5.726710206,"3"
2025,3,28,87,-5.510032122,"3"
2025,3,29,88,-4.762340142,"3"
2025,3,30,89,-4.011596358,"3"
2025,3,31,90,-3.996337338,"3"
2026,3,1,60,-15.242235078,"3"
2026,3,2,61,-14.451817842,"3"
2026,3,3,62,-13.621727154,"3"
2026,3,4,63,-14.329745682,"3"
2026,3,5,64,-13.48134417,"3"
2026,3,6,65,-11.473257138,"3"
2026,3,7,66,-11.027693754,"3"
2026,3,8,67,-11.457998118,"3"
2026,3,9,68,-12.330814062,"3"
2026,3,10,69,-10.371555894,"3"
2026,3,11,70,-9.431600262,"3"
2026,3,12,71,-11.195542974,"3"
2026,3,13,72,-9.053176566,"3"
2026,3,14,73,-7.997252382,"3"
2026,3,15,74,-9.75814329,"3"
2026,3,16,75,-11.082626226,"3"
2026,3,17,76,-10.42954017,"3"
2026,3,18,77,-10.743875982,"3"
2026,3,19,78,-8.055236658,"3"
2026,3,20,79,-7.40825421,"3"
2026,3,21,80,-7.344166326,"3"
2026,3,22,81,-5.88235221,"3"
2026,3,23,82,-5.10414219,"3"
2026,3,24,83,-4.179445578,"3"
2026,3,25,84,-5.839626954,"3"
2026,3,26,85,-6.074615862,"3"
2026,3,27,86,-6.923017374,"3"
2026,3,28,87,-5.540550162,"3"
2026,3,29,88,-4.045166202,"3"
2026,3,30,89,-4.41748629,"3"
2026,3,31,90,-4.548713862,"3"
2027,3,1,60,-11.766230322,"3"
2027,3,2,61,-12.62683905,"3"
2027,3,3,62,-13.597312722,"3"
2027,3,4,63,-15.638969598,"3"
2027,3,5,64,-15.153732762,"3"
2027,3,6,65,-14.256502386,"3"
2027,3,7,66,-12.401005554,"3"
2027,3,8,67,-11.079574422,"3"
2027,3,9,68,-12.64209807,"3"
2027,3,10,69,-12.272829786,"3"
2027,3,11,70,-12.33691767,"3"
2027,3,12,71,-9.507895362,"3"
2027,3,13,72,-9.837490194,"3"
2027,3,14,73,-10.722513354,"3"
2027,3,15,74,-9.72762525,"3"
2027,3,16,75,-8.848705698,"3"
2027,3,17,76,-9.28511367,"3"
2027,3,18,77,-8.381779686,"3"
2027,3,19,78,-9.413289438,"3"
2027,3,20,79,-9.874111842,"3"
2027,3,21,80,-9.385823202,"3"
2027,3,22,81,-8.40009051,"3"
2027,3,23,82,-7.466238486,"3"
2027,3,24,83,-7.090866594,"3"
2027,3,25,84,-6.636147798,"3"
2027,3,26,85,-6.895551138,"3"
2027,3,27,86,-6.208895238,"3"
2027,3,28,87,-5.351338314,"3"
2027,3,29,88,-3.923094042,"3"
2027,3,30,89,-4.048218006,"3"
2027,3,31,90,-5.967802722,"3"
2028,3,1,61,-14.467076862,"3"
2028,3,2,62,-12.663460698,"3"
2028,3,3,63,-13.575950094,"3"
2028,3,4,64,-12.959485686,"3"
2028,3,5,65,-12.938123058,"3"
2028,3,6,66,-13.102920474,"3"
2028,3,7,67,-11.616691926,"3"
2028,3,8,68,-11.943234954,"3"
2028,3,9,69,-12.126343194,"3"
2028,3,10,70,-11.638054554,"3"
2028,3,11,71,-12.190431078,"3"
2028,3,12,72,-10.20065487,"3"
2028,3,13,73,-7.823299554,"3"
2028,3,14,74,-8.632027614,"3"
2028,3,15,75,-8.790721422,"3"
2028,3,16,76,-8.55268071,"3"
2028,3,17,77,-5.830471542,"3"
2028,3,18,78,-6.810100626,"3"
2028,3,19,79,-7.45403127,"3"
2028,3,20,80,-6.67582125,"3"
2028,3,21,81,-6.684976662,"3"
2028,3,22,82,-6.242465082,"3"
2028,3,23,83,-6.55374909,"3"
2028,3,24,84,-5.467306866,"3"
2028,3,25,85,-4.87525689,"3"
2028,3,26,86,-4.750132926,"3"
2028,3,27,87,-4.649423394,"3"
2028,3,28,88,-4.902723126,"3"
2028,3,29,89,-4.838635242,"3"
2028,3,30,90,-4.643319786,"3"
2028,3,31,91,-4.002440946,"3"
2029,3,1,60,-16.359195342,"3"
2029,3,2,61,-11.90966511,"3"
2029,3,3,62,-9.45296289,"3"
2029,3,4,63,-9.91073349,"3"
2029,3,5,64,-10.167085026,"3"
2029,3,6,65,-9.480429126,"3"
2029,3,7,66,-9.983976786,"3"
2029,3,8,67,-11.152817718,"3"
2029,3,9,68,-10.42954017,"3"
2029,3,10,69,-9.507895362,"3"
2029,3,11,70,-9.138627078,"3"
2029,3,12,71,-7.841610378,"3"
2029,3,13,72,-6.392003478,"3"
2029,3,14,73,-7.182420714,"3"
2029,3,15,74,-7.34721813,"3"
2029,3,16,75,-8.00335599,"3"
2029,3,17,76,-8.073547482,"3"
2029,3,18,77,-7.92706089,"3"
2029,3,19,78,-7.527274566,"3"
2029,3,20,79,-4.811169006,"3"
2029,3,21,80,-6.11123751,"3"
2029,3,22,81,-6.453039558,"3"
2029,3,23,82,-5.30250945,"3"
2029,3,24,83,-3.996337338,"3"
2029,3,25,84,-3.08995155,"3"
2029,3,26,85,-3.636224466,"3"
2029,3,27,86,-4.979018226,"3"
2029,3,28,87,-5.415426198,"3"
2029,3,29,88,-4.567024686,"3"
2029,3,30,89,-3.398183754,"3"
2029,3,31,90,-2.931257742,"3"
2030,3,1,60,-12.379642926,"3"
2030,3,2,61,-13.295184126,"3"
2030,3,3,62,-12.574958382,"3"
2030,3,4,63,-10.374607698,"3"
2030,3,5,64,-11.775385734,"3"
2030,3,6,65,-11.201646582,"3"
2030,3,7,66,-9.999235806,"3"
2030,3,8,67,-10.630959234,"3"
2030,3,9,68,-11.076522618,"3"
2030,3,10,69,-11.931027738,"3"
2030,3,11,70,-10.878155358,"3"
2030,3,12,71,-9.828334782,"3"
2030,3,13,72,-10.792704846,"3"
2030,3,14,73,-9.63607113,"3"
2030,3,15,74,-10.661477274,"3"
2030,3,16,75,-9.980924982,"3"
2030,3,17,76,-8.693063694,"3"
2030,3,18,77,-7.756159866,"3"
2030,3,19,78,-6.79789341,"3"
2030,3,20,79,-5.848782366,"3"
2030,3,21,80,-5.650415106,"3"
2030,3,22,81,-5.738917422,"3"
2030,3,23,82,-6.779582586,"3"
2030,3,24,83,-6.633095994,"3"
2030,3,25,84,-5.250628782,"3"
2030,3,26,85,-5.033950698,"3"
2030,3,27,86,-4.37170923,"3"
2030,3,28,87,-4.487677782,"3"
2030,3,29,88,-5.259784194,"3"
2030,3,30,89,-3.901731414,"3"
2030,3,31,90,-3.297474222,"3"
2031,3,1,60,-12.770273838,"3"
2031,3,2,61,-13.127334906,"3"
2031,3,3,62,-12.327762258,"3"
2031,3,4,63,-13.380634638,"3"
2031,3,5,64,-12.849620742,"3"
2031,3,6,65,-12.095825154,"3"
2031,3,7,66,-10.160981418,"3"
2031,3,8,67,-10.679788098,"3"
2031,3,9,68,-8.867016522,"3"
2031,3,10,69,-7.722590022,"3"
2031,3,11,70,-8.29327737,"3"
2031,3,12,71,-7.154954478,"3"
2031,3,13,72,-8.708322714,"3"
2031,3,14,73,-11.006331126,"3"
2031,3,15,74,-10.789653042,"3"
2031,3,16,75,-11.20775019,"3"
2031,3,17,76,-9.184404138,"3"
2031,3,18,77,-9.669640974,"3"
2031,3,19,78,-8.818187658,"3"
2031,3,20,79,-8.91889719,"3"
2031,3,21,80,-8.589302358,"3"
2031,3,22,81,-7.701227394,"3"
2031,3,23,82,-7.20988695,"3"
2031,3,24,83,-7.136643654,"3"
2031,3,25,84,-6.46219497,"3"
2031,3,26,85,-5.57717181,"3"
2031,3,27,86,-5.860989582,"3"
2031,3,28,87,-5.900663034,"3"
2031,3,29,88,-5.626000674,"3"
2031,3,30,89,-4.57007649,"3"
2031,3,31,90,-4.893567714,"3"
2032,3,1,61,-11.317615134,"3"
2032,3,2,62,-10.859844534,"3"
2032,3,3,63,-11.90966511,"3"
2032,3,4,64,-10.798808454,"3"
2032,3,5,65,-12.758066622,"3"
2032,3,6,66,-10.057220082,"3"
2032,3,7,67,-9.599449482,"3"
2032,3,8,68,-10.319675226,"3"
2032,3,9,69,-10.450902798,"3"
2032,3,10,70,-9.434652066,"3"
2032,3,11,71,-9.370564182,"3"
2032,3,12,72,-10.893414378,"3"
2032,3,13,73,-10.32272703,"3"
2032,3,14,74,-9.33089073,"3"
2032,3,15,75,-8.915845386,"3"
2032,3,16,76,-7.310596482,"3"
2032,3,17,77,-8.256655722,"3"
2032,3,18,78,-7.719538218,"3"
2032,3,19,79,-7.679864766,"3"
2032,3,20,80,-5.412374394,"3"
2032,3,21,81,-6.82841145,"3"
2032,3,22,82,-6.407262498,"3"
2032,3,23,83,-6.35538183,"3"
2032,3,24,84,-5.107193994,"3"
2032,3,25,85,-5.354390118,"3"
2032,3,26,86,-5.192644506,"3"
2032,3,27,87,-5.540550162,"3"
2032,3,28,88,-5.39406357,"3"
2032,3,29,89,-4.512092214,"3"
2032,3,30,90,-5.268939606,"3"
2032,3,31,91,-4.927137558,"3"
2033,3,1,60,-13.112075886,"3"
2033,3,2,61,-15.38872167,"3"
2033,3,3,62,-13.228044438,"3"
2033,3,4,63,-13.392841854,"3"
2033,3,5,64,-12.431523594,"3"
2033,3,6,65,-11.51293059,"3"
2033,3,7,66,-12.422368182,"3"
2033,3,8,67,-11.03990097,"3"
2033,3,9,68,-11.40611745,"3"
2033,3,10,69,-12.120239586,"3"
2033,3,11,70,-14.055083322,"3"
2033,3,12,71,-14.86991499,"3"
2033,3,13,72,-12.254518962,"3"
2033,3,14,73,-10.179292242,"3"
2033,3,15,74,-9.782557722,"3"
2033,3,16,75,-9.333942534,"3"
2033,3,17,76,-10.301364402,"3"
2033,3,18,77,-9.17830053,"3"
2033,3,19,78,-7.795833318,"3"
2033,3,20,79,-6.028838802,"3"
2033,3,21,80,-5.690088558,"3"
2033,3,22,81,-4.960707402,"3"
2033,3,23,82,-6.282138534,"3"
2033,3,24,83,-6.648355014,"3"
2033,3,25,84,-5.281146822,"3"
2033,3,26,85,-4.40222727,"3"
2033,3,27,86,-4.408330878,"3"
2033,3,28,87,-4.011596358,"3"
2033,3,29,88,-3.282215202,"3"
2033,3,30,89,-3.21202371,"3"
2033,3,31,90,-4.38696825,"3"
2034,3,1,60,-12.944226666,"3"
2034,3,2,61,-12.272829786,"3"
2034,3,3,62,-11.97070119,"3"
2034,3,4,63,-11.63500275,"3"
2034,3,5,64,-9.159989706,"3"
2034,3,6,65,-10.392918522,"3"
2034,3,7,66,-11.949338562,"3"
2034,3,8,67,-11.641106358,"3"
2034,3,9,68,-10.731668766,"3"
2034,3,10,69,-10.450902798,"3"
2034,3,11,70,-8.897534562,"3"
2034,3,12,71,-6.810100626,"3"
2034,3,13,72,-5.91287025,"3"
2034,3,14,73,-7.264819422,"3"
2034,3,15,74,-8.561836122,"3"
2034,3,16,75,-7.533378174,"3"
2034,3,17,76,-7.80498873,"3"
2034,3,18,77,-7.10307381,"3"
2034,3,19,78,-5.525291142,"3"
2034,3,20,79,-4.917982146,"3"
2034,3,21,80,-7.280078442,"3"
2034,3,22,81,-6.123444726,"3"
2034,3,23,82,-6.855877686,"3"
2034,3,24,83,-5.006484462,"3"
2034,3,25,84,-5.030898894,"3"
2034,3,26,85,-6.517127442,"3"
2034,3,27,86,-5.458151454,"3"
2034,3,28,87,-6.41641791,"3"
2034,3,29,88,-3.749141214,"3"
2034,3,30,89,-2.72373507,"3"
2034,3,31,90,-3.205920102,"3"
2035,3,1,60,-12.034789074,"3"
2035,3,2,61,-12.193482882,"3"
2035,3,3,62,-13.185319182,"3"
2035,3,4,63,-14.033720694,"3"
2035,3,5,64,-12.187379274,"3"
2035,3,6,65,-10.157929614,"3"
2035,3,7,66,-10.029753846,"3"
2035,3,8,67,-11.17723215,"3"
2035,3,9,68,-12.498663282,"3"
2035,3,10,69,-13.356220206,"3"
2035,3,11,70,-10.94834685,"3"
2035,3,12,71,-9.700159014,"3"
2035,3,13,72,-7.121384634,"3"
2035,3,14,73,-9.129471666,"3"
2035,3,15,74,-10.84153371,"3"
2035,3,16,75,-8.72052993,"3"
2035,3,17,76,-7.69817559,"3"
2035,3,18,77,-8.192567838,"3"
2035,3,19,78,-8.970777858,"3"
2035,3,20,79,-9.431600262,"3"
2035,3,21,80,-8.061340266,"3"
2035,3,22,81,-6.81315243,"3"
2035,3,23,82,-4.332035778,"3"
2035,3,24,83,-4.087891458,"3"
2035,3,25,84,-5.726710206,"3"
2035,3,26,85,-4.82947983,"3"
2035,3,27,86,-5.18043729,"3"
2035,3,28,87,-4.716563082,"3"
2035,3,29,88,-4.072632438,"3"
2035,3,30,89,-3.24254175,"3"
2035,3,31,90,-2.491797966,"3"
2036,3,1,61,-12.785532858,"3"
2036,3,2,62,-13.426411698,"3"
2036,3,3,63,-14.25955419,"3"
2036,3,4,64,-13.881130494,"3"
2036,3,5,65,-11.607536514,"3"
2036,3,6,66,-10.03280565,"3"
2036,3,7,67,-8.900586366,"3"
2036,3,8,68,-10.035857454,"3"
2036,3,9,69,-11.86388805,"3"
2036,3,10,70,-11.92492413,"3"
2036,3,11,71,-12.050048094,"3"
2036,3,12,72,-11.683831614,"3"
2036,3,13,73,-11.934079542,"3"
2036,3,14,74,-10.481420838,"3"
2036,3,15,75,-9.52925799,"3"
2036,3,16,76,-8.348209842,"3"
2036,3,17,77,-7.127488242,"3"
2036,3,18,78,-7.19462793,"3"
2036,3,19,79,-6.581215326,"3"
2036,3,20,80,-7.356373542,"3"
2036,3,21,81,-7.136643654,"3"
2036,3,22,82,-8.046081246,"3"
2036,3,23,83,-6.672769446,"3"
2036,3,24,84,-7.466238486,"3"
2036,3,25,85,-6.581215326,"3"
2036,3,26,86,-5.094986778,"3"
2036,3,27,87,-4.948500186,"3"
2036,3,28,88,-4.475470566,"3"
2036,3,29,89,-3.938353062,"3"
2036,3,30,90,-2.531471418,"3"
2036,3,31,91,-2.60166291,"3"
2037,3,1,60,-10.27694997,"3"
2037,3,2,61,-9.275958258,"3"
2037,3,3,62,-10.881207162,"3"
2037,3,4,63,-9.336994338,"3"
2037,3,5,64,-10.374607698,"3"
2037,3,6,65,-9.581138658,"3"
2037,3,7,66,-7.902646458,"3"
2037,3,8,67,-6.67582125,"3"
2037,3,9,68,-9.297320886,"3"
2037,3,10,69,-8.119324542,"3"
2037,3,11,70,-10.24643193,"3"
2037,3,12,71,-10.035857454,"3"
2037,3,13,72,-11.103988854,"3"
2037,3,14,73,-10.850689122,"3"
2037,3,15,74,-8.525214474,"3"
2037,3,16,75,-8.885327346,"3"
2037,3,17,76,-8.20172325,"3"
2037,3,18,77,-7.710382806,"3"
2037,3,19,78,-7.33195911,"3"
2037,3,20,79,-7.695123786,"3"
2037,3,21,80,-7.66765755,"3"
2037,3,22,81,-5.238421566,"3"
2037,3,23,82,-6.09597849,"3"
2037,3,24,83,-7.258715814,"3"
2037,3,25,84,-7.023726906,"3"
2037,3,26,85,-6.794841606,"3"
2037,3,27,86,-5.967802722,"3"
2037,3,28,87,-4.246585266,"3"
2037,3,29,88,-4.536506646,"3"
2037,3,30,89,-3.895627806,"3"
2037,3,31,90,-3.63927627,"3"
2038,3,1,60,-12.895397802,"3"
2038,3,2,61,-13.414204482,"3"
2038,3,3,62,-11.979856602,"3"
2038,3,4,63,-12.407109162,"3"
2038,3,5,64,-13.972684614,"3"
2038,3,6,65,-13.401997266,"3"
2038,3,7,66,-11.784541146,"3"
2038,3,8,67,-12.339969474,"3"
2038,3,9,68,-10.420384758,"3"
2038,3,10,69,-8.470282002,"3"
2038,3,11,70,-9.370564182,"3"
2038,3,12,71,-11.580070278,"3"
2038,3,13,72,-10.148774202,"3"
2038,3,14,73,-8.96467425,"3"
2038,3,15,74,-9.205766766,"3"
2038,3,16,75,-8.085754698,"3"
2038,3,17,76,-7.765315278,"3"
2038,3,18,77,-6.010527978,"3"
2038,3,19,78,-6.239413278,"3"
2038,3,20,79,-7.542533586,"3"
2038,3,21,80,-10.267794558,"3"
2038,3,22,81,-8.574043338,"3"
2038,3,23,82,-7.39299519,"3"
2038,3,24,83,-6.883343922,"3"
2038,3,25,84,-5.125504818,"3"
2038,3,26,85,-4.985121834,"3"
2038,3,27,86,-6.181429002,"3"
2038,3,28,87,-4.298465934,"3"
2038,3,29,88,-4.02075177,"3"
2038,3,30,89,-2.030975562,"3"
2038,3,31,90,-1.298542602,"3"
2039,3,1,60,-12.938123058,"3"
2039,3,2,61,-13.133438514,"3"
2039,3,3,62,-13.066298826,"3"
2039,3,4,63,-14.430455214,"3"
2039,3,5,64,-13.051039806,"3"
2039,3,6,65,-11.229112818,"3"
2039,3,7,66,-10.423436562,"3"
2039,3,8,67,-8.714426322,"3"
2039,3,9,68,-10.011443022,"3"
2039,3,10,69,-10.548560526,"3"
2039,3,11,70,-9.57503505,"3"
2039,3,12,71,-7.981993362,"3"
2039,3,13,72,-7.551688998,"3"
2039,3,14,73,-9.007399506,"3"
2039,3,15,74,-10.099945338,"3"
2039,3,16,75,-8.519110866,"3"
2039,3,17,76,-7.826351358,"3"
2039,3,18,77,-7.228197774,"3"
2039,3,19,78,-6.81315243,"3"
2039,3,20,79,-6.138703746,"3"
2039,3,21,80,-6.388951674,"3"
2039,3,22,81,-5.803005306,"3"
2039,3,23,82,-5.13466023,"3"
2039,3,24,83,-4.75318473,"3"
2039,3,25,84,-4.313724954,"3"
2039,3,26,85,-3.862057962,"3"
2039,3,27,86,-3.282215202,"3"
2039,3,28,87,-4.67688963,"3"
2039,3,29,88,-3.141832218,"3"
2039,3,30,89,-2.626077342,"3"
2039,3,31,90,-2.394140238,"3"
2040,3,1,61,-13.691918646,"3"
2040,3,2,62,-13.630882566,"3"
2040,3,3,63,-12.532233126,"3"
2040,3,4,64,-12.629890854,"3"
2040,3,5,65,-13.273821498,"3"
2040,3,6,66,-12.446782614,"3"
2040,3,7,67,-11.766230322,"3"
2040,3,8,68,-12.004271034,"3"
2040,3,9,69,-10.78049763,"3"
2040,3,10,70,-8.174257014,"3"
2040,3,11,71,-8.96467425,"3"
2040,3,12,72,-10.753031394,"3"
2040,3,13,73,-8.824291266,"3"
2040,3,14,74,-6.82841145,"3"
2040,3,15,75,-5.986113546,"3"
2040,3,16,76,-7.035934122,"3"
2040,3,17,77,-7.051193142,"3"
2040,3,18,78,-7.084762986,"3"
2040,3,19,79,-8.787669618,"3"
2040,3,20,80,-7.985045166,"3"
2040,3,21,81,-7.57610343,"3"
2040,3,22,82,-7.249560402,"3"
2040,3,23,83,-6.367589046,"3"
2040,3,24,84,-3.901731414,"3"
2040,3,25,85,-3.849850746,"3"
2040,3,26,86,-4.869153282,"3"
2040,3,27,87,-4.667734218,"3"
2040,3,28,88,-4.246585266,"3"
2040,3,29,89,-2.244601842,"3"
2040,3,30,90,-1.329060642,"3"
2040,3,31,91,-2.796978366,"3"
2041,3,1,60,-11.494619766,"3"
2041,3,2,61,-11.561759454,"3"
2041,3,3,62,-11.515982394,"3"
2041,3,4,63,-13.22194083,"3"
2041,3,5,64,-13.765161942,"3"
2041,3,6,65,-12.727548582,"3"
2041,3,7,66,-11.717401458,"3"
2041,3,8,67,-9.950406942,"3"
2041,3,9,68,-8.940259818,"3"
2041,3,10,69,-7.89654285,"3"
2041,3,11,70,-8.165101602,"3"
2041,3,12,71,-8.015563206,"3"
2041,3,13,72,-8.220034074,"3"
2041,3,14,73,-8.821239462,"3"
2041,3,15,74,-9.108109038,"3"
2041,3,16,75,-7.856869398,"3"
2041,3,17,76,-7.396046994,"3"
2041,3,18,77,-6.79789341,"3"
2041,3,19,78,-7.191576126,"3"
2041,3,20,79,-7.609673274,"3"
2041,3,21,80,-6.990157062,"3"
2041,3,22,81,-6.636147798,"3"
2041,3,23,82,-6.938276394,"3"
2041,3,24,83,-6.700235682,"3"
2041,3,25,84,-6.425573322,"3"
2041,3,26,85,-6.190584414,"3"
2041,3,27,86,-5.381856354,"3"
2041,3,28,87,-4.44800433,"3"
2041,3,29,88,-4.093995066,"3"
2041,3,30,89,-3.038070882,"3"
2041,3,31,90,-3.038070882,"3"
2042,3,1,60,-11.702142438,"3"
2042,3,2,61,-10.130463378,"3"
2042,3,3,62,-9.84969741,"3"
2042,3,4,63,-9.550620618,"3"
2042,3,5,64,-11.989012014,"3"
2042,3,6,65,-10.88731077,"3"
2042,3,7,66,-11.122299678,"3"
2042,3,8,67,-10.112152554,"3"
2042,3,9,68,-9.230181198,"3"
2042,3,10,69,-8.418401334,"3"
2042,3,11,70,-8.128479954,"3"
2042,3,12,71,-7.664605746,"3"
2042,3,13,72,-8.030822226,"3"
2042,3,14,73,-7.884335634,"3"
2042,3,15,74,-6.84367047,"3"
2042,3,16,75,-7.740900846,"3"
2042,3,17,76,-7.319751894,"3"
2042,3,18,77,-6.639199602,"3"
2042,3,19,78,-6.999312474,"3"
2042,3,20,79,-6.132600138,"3"
2042,3,21,80,-6.617836974,"3"
2042,3,22,81,-5.671777734,"3"
2042,3,23,82,-5.05836513,"3"
2042,3,24,83,-5.833523346,"3"
2042,3,25,84,-6.547645482,"3"
2042,3,26,85,-5.372700942,"3"
2042,3,27,86,-4.00549275,"3"
2042,3,28,87,-3.642328074,"3"
2042,3,29,88,-2.485694358,"3"
2042,3,30,89,-3.468375246,"3"
2042,3,31,90,-4.069580634,"3"
2043,3,1,60,-10.768290414,"3"
2043,3,2,61,-11.708246046,"3"
2043,3,3,62,-10.228121106,"3"
2043,3,4,63,-8.134583562,"3"
2043,3,5,64,-9.352253358,"3"
2043,3,6,65,-9.785609526,"3"
2043,3,7,66,-11.250475446,"3"
2043,3,8,67,-9.568931442,"3"
2043,3,9,68,-10.365452286,"3"
2043,3,10,69,-10.301364402,"3"
2043,3,11,70,-10.194551262,"3"
2043,3,12,71,-9.993132198,"3"
2043,3,13,72,-9.333942534,"3"
2043,3,14,73,-10.148774202,"3"
2043,3,15,74,-8.436712158,"3"
2043,3,16,75,-8.326847214,"3"
2043,3,17,76,-7.33195911,"3"
2043,3,18,77,-8.134583562,"3"
2043,3,19,78,-6.46219497,"3"
2043,3,20,79,-5.799953502,"3"
2043,3,21,80,-5.995268958,"3"
2043,3,22,81,-5.259784194,"3"
2043,3,23,82,-5.50087671,"3"
2043,3,24,83,-3.651483486,"3"
2043,3,25,84,-4.670786022,"3"
2043,3,26,85,-5.305561254,"3"
2043,3,27,86,-3.987181926,"3"
2043,3,28,87,-3.504996894,"3"
2043,3,29,88,-3.102158766,"3"
2043,3,30,89,-2.37277761,"3"
2043,3,31,90,-1.31990523,"3"
2044,3,1,61,-16.249330398,"3"
2044,3,2,62,-16.292055654,"3"
2044,3,3,63,-16.206605142,"3"
2044,3,4,64,-15.35820363,"3"
2044,3,5,65,-14.467076862,"3"
2044,3,6,66,-13.960477398,"3"
2044,3,7,67,-13.569846486,"3"
2044,3,8,68,-13.46608515,"3"
2044,3,9,69,-11.71129785,"3"
2044,3,10,70,-11.55870765,"3"
2044,3,11,71,-10.881207162,"3"
2044,3,12,72,-9.913785294,"3"
2044,3,13,73,-9.617760306,"3"
2044,3,14,74,-10.984968498,"3"
2044,3,15,75,-11.540396826,"3"
2044,3,16,76,-10.362400482,"3"
2044,3,17,77,-9.675744582,"3"
2044,3,18,78,-8.894482758,"3"
2044,3,19,79,-6.633095994,"3"
2044,3,20,80,-5.77553907,"3"
2044,3,21,81,-4.52429943,"3"
2044,3,22,82,-4.347294798,"3"
2044,3,23,83,-6.468298578,"3"
2044,3,24,84,-7.289233854,"3"
2044,3,25,85,-7.051193142,"3"
2044,3,26,86,-6.14175555,"3"
2044,3,27,87,-4.335087582,"3"
2044,3,28,88,-5.11940121,"3"
2044,3,29,89,-4.20386001,"3"
2044,3,30,90,-5.070572346,"3"
2044,3,31,91,-3.871213374,"3"
2045,3,1,60,-11.372547606,"3"
2045,3,2,61,-11.830318206,"3"
2045,3,3,62,-11.821162794,"3"
2045,3,4,63,-11.812007382,"3"
2045,3,5,64,-10.691995314,"3"
2045,3,6,65,-9.385823202,"3"
2045,3,7,66,-9.45296289,"3"
2045,3,8,67,-9.245440218,"3"
2045,3,9,68,-9.190507746,"3"
2045,3,10,69,-9.20881857,"3"
2045,3,11,70,-9.871060038,"3"
2045,3,12,71,-8.802928638,"3"
2045,3,13,72,-9.78866133,"3"
2045,3,14,73,-10.249483734,"3"
2045,3,15,74,-8.799876834,"3"
2045,3,16,75,-8.220034074,"3"
2045,3,17,76,-9.764246898,"3"
2045,3,18,77,-10.991072106,"3"
2045,3,19,78,-8.61371679,"3"
2045,3,20,79,-6.99626067,"3"
2045,3,21,80,-6.40115889,"3"
2045,3,22,81,-5.464255062,"3"
2045,3,23,82,-5.076675954,"3"
2045,3,24,83,-4.18860099,"3"
2045,3,25,84,-3.773555646,"3"
2045,3,26,85,-4.048218006,"3"
2045,3,27,86,-4.35645021,"3"
2045,3,28,87,-3.224230926,"3"
2045,3,29,88,-2.427710082,"3"
2045,3,30,89,-1.847867322,"3"
2045,3,31,90,-2.278171686,"3"
2046,3,1,60,-8.72052993,"3"
2046,3,2,61,-10.32272703,"3"
2046,3,3,62,-10.481420838,"3"
2046,3,4,63,-11.049056382,"3"
2046,3,5,64,-10.637062842,"3"
2046,3,6,65,-9.687951798,"3"
2046,3,7,66,-8.668649262,"3"
2046,3,8,67,-6.608681562,"3"
2046,3,9,68,-6.434728734,"3"
2046,3,10,69,-7.780574298,"3"
2046,3,11,70,-8.198671446,"3"
2046,3,12,71,-6.88944753,"3"
2046,3,13,72,-7.231249578,"3"
2046,3,14,73,-7.048141338,"3"
2046,3,15,74,-6.694132074,"3"
2046,3,16,75,-7.130540046,"3"
2046,3,17,76,-6.56900811,"3"
2046,3,18,77,-6.932172786,"3"
2046,3,19,78,-6.907758354,"3"
2046,3,20,79,-6.23330967,"3"
2046,3,21,80,-6.376744458,"3"
2046,3,22,81,-5.857937778,"3"
2046,3,23,82,-5.16517827,"3"
2046,3,24,83,-5.296405842,"3"
2046,3,25,84,-3.581291994,"3"
2046,3,26,85,-2.497901574,"3"
2046,3,27,86,-2.665750794,"3"
2046,3,28,87,-2.60166291,"3"
2046,3,29,88,-2.171358546,"3"
2046,3,30,89,-2.116426074,"3"
2046,3,31,90,-2.757304914,"3"
2047,3,1,60,-12.71839317,"3"
2047,3,2,61,-10.920880614,"3"
2047,3,3,62,-12.327762258,"3"
2047,3,4,63,-11.781489342,"3"
2047,3,5,64,-11.229112818,"3"
2047,3,6,65,-10.069427298,"3"
2047,3,7,66,-7.475393898,"3"
2047,3,8,67,-7.826351358,"3"
2047,3,9,68,-7.750056258,"3"
2047,3,10,69,-10.081634514,"3"
2047,3,11,70,-9.77340231,"3"
2047,3,12,71,-8.601509574,"3"
2047,3,13,72,-7.032882318,"3"
2047,3,14,73,-7.859921202,"3"
2047,3,15,74,-7.341114522,"3"
2047,3,16,75,-7.04203773,"3"
2047,3,17,76,-7.39299519,"3"
2047,3,18,77,-8.351261646,"3"
2047,3,19,78,-6.572059914,"3"
2047,3,20,79,-5.931181074,"3"
2047,3,21,80,-4.84473885,"3"
2047,3,22,81,-4.499884998,"3"
2047,3,23,82,-5.375752746,"3"
2047,3,24,83,-5.564964594,"3"
2047,3,25,84,-4.451056134,"3"
2047,3,26,85,-4.20386001,"3"
2047,3,27,86,-3.035019078,"3"
2047,3,28,87,-3.041122686,"3"
2047,3,29,88,-2.293430706,"3"
2047,3,30,89,-1.377889506,"3"
2047,3,31,90,-1.847867322,"3"
2048,3,1,61,-10.432591974,"3"
2048,3,2,62,-9.504843558,"3"
2048,3,3,63,-7.933164498,"3"
2048,3,4,64,-6.959639022,"3"
2048,3,5,65,-7.359425346,"3"
2048,3,6,66,-8.531318082,"3"
2048,3,7,67,-7.884335634,"3"
2048,3,8,68,-7.811092338,"3"
2048,3,9,69,-8.009459598,"3"
2048,3,10,70,-8.38483149,"3"
2048,3,11,71,-8.000304186,"3"
2048,3,12,72,-7.069503966,"3"
2048,3,13,73,-7.37773617,"3"
2048,3,14,74,-8.778514206,"3"
2048,3,15,75,-7.109177418,"3"
2048,3,16,76,-6.541541874,"3"
2048,3,17,77,-5.30250945,"3"
2048,3,18,78,-6.739909134,"3"
2048,3,19,79,-5.970854526,"3"
2048,3,20,80,-5.384908158,"3"
2048,3,21,81,-4.228274442,"3"
2048,3,22,82,-4.383916446,"3"
2048,3,23,83,-5.098038582,"3"
2048,3,24,84,-3.935301258,"3"
2048,3,25,85,-3.254748966,"3"
2048,3,26,86,-2.278171686,"3"
2048,3,27,87,-2.67795801,"3"
2048,3,28,88,-2.14389231,"3"
2048,3,29,89,-1.77767583,"3"
2048,3,30,90,-1.445029194,"3"
2048,3,31,91,0.096131826,"3"
2049,3,1,60,-10.88731077,"3"
2049,3,2,61,-8.912793582,"3"
2049,3,3,62,-7.353321738,"3"
2049,3,4,63,-9.373615986,"3"
2049,3,5,64,-8.830394874,"3"
2049,3,6,65,-9.065383782,"3"
2049,3,7,66,-9.794764938,"3"
2049,3,8,67,-8.99519229,"3"
2049,3,9,68,-8.226137682,"3"
2049,3,10,69,-9.007399506,"3"
2049,3,11,70,-7.975889754,"3"
2049,3,12,71,-7.893491046,"3"
2049,3,13,72,-7.292285658,"3"
2049,3,14,73,-8.146790778,"3"
2049,3,15,74,-8.18646423,"3"
2049,3,16,75,-5.21095533,"3"
2049,3,17,76,-5.281146822,"3"
2049,3,18,77,-6.718546506,"3"
2049,3,19,78,-6.532386462,"3"
2049,3,20,79,-5.543601966,"3"
2049,3,21,80,-3.99023373,"3"
2049,3,22,81,-5.336079294,"3"
2049,3,23,82,-4.594490922,"3"
2049,3,24,83,-3.025863666,"3"
2049,3,25,84,-3.16624665,"3"
2049,3,26,85,-3.422598186,"3"
2049,3,27,86,-2.574196674,"3"
2049,3,28,87,-2.684061618,"3"
2049,3,29,88,-3.031967274,"3"
2049,3,30,89,-3.038070882,"3"
2049,3,31,90,-3.340199478,"3"
2050,3,1,60,-13.35927201,"3"
2050,3,2,61,-12.852672546,"3"
2050,3,3,62,-11.81811099,"3"
2050,3,4,63,-12.61158003,"3"
2050,3,5,64,-10.53635331,"3"
2050,3,6,65,-8.107117326,"3"
2050,3,7,66,-8.268862938,"3"
2050,3,8,67,-9.953458746,"3"
2050,3,9,68,-9.504843558,"3"
2050,3,10,69,-8.586250554,"3"
2050,3,11,70,-8.17120521,"3"
2050,3,12,71,-7.417409622,"3"
2050,3,13,72,-7.658502138,"3"
2050,3,14,73,-7.475393898,"3"
2050,3,15,74,-5.201799918,"3"
2050,3,16,75,-5.445944238,"3"
2050,3,17,76,-7.475393898,"3"
2050,3,18,77,-6.199739826,"3"
2050,3,19,78,-6.083771274,"3"
2050,3,20,79,-5.647363302,"3"
2050,3,21,80,-5.552757378,"3"
2050,3,22,81,-4.43274531,"3"
2050,3,23,82,-4.328983974,"3"
2050,3,24,83,-3.682001526,"3"
2050,3,25,84,-3.709467762,"3"
2050,3,26,85,-1.628137434,"3"
2050,3,27,86,-2.229342822,"3"
2050,3,28,87,-2.735942286,"3"
2050,3,29,88,-2.772563934,"3"
2050,3,30,89,-3.276111594,"3"
2050,3,31,90,-3.910886826,"3"
2051,3,1,60,-14.19851811,"3"
2051,3,2,61,-14.30533125,"3"
2051,3,3,62,-15.257494098,"3"
2051,3,4,63,-12.285037002,"3"
2051,3,5,64,-10.91782881,"3"
2051,3,6,65,-10.453954602,"3"
2051,3,7,66,-8.714426322,"3"
2051,3,8,67,-7.261767618,"3"
2051,3,9,68,-7.313648286,"3"
2051,3,10,69,-6.312656574,"3"
2051,3,11,70,-7.389943386,"3"
2051,3,12,71,-6.147859158,"3"
2051,3,13,72,-6.923017374,"3"
2051,3,14,73,-8.116272738,"3"
2051,3,15,74,-6.968794434,"3"
2051,3,16,75,-8.085754698,"3"
2051,3,17,76,-7.63713951,"3"
2051,3,18,77,-7.176317106,"3"
2051,3,19,78,-6.43167693,"3"
2051,3,20,79,-6.260775906,"3"
2051,3,21,80,-5.525291142,"3"
2051,3,22,81,-5.854885974,"3"
2051,3,23,82,-3.89867961,"3"
2051,3,24,83,-2.989242018,"3"
2051,3,25,84,-3.382924734,"3"
2051,3,26,85,-3.834591726,"3"
2051,3,27,86,-3.65453529,"3"
2051,3,28,87,-4.47852237,"3"
2051,3,29,88,-2.76951213,"3"
2051,3,30,89,-4.048218006,"3"
2051,3,31,90,-2.262912666,"3"
2052,3,1,61,-14.271761406,"3"
2052,3,2,62,-13.591209114,"3"
2052,3,3,63,-12.755014818,"3"
2052,3,4,64,-11.393910234,"3"
2052,3,5,65,-13.731592098,"3"
2052,3,6,66,-12.788584662,"3"
2052,3,7,67,-11.354236782,"3"
2052,3,8,68,-11.754023106,"3"
2052,3,9,69,-10.289157186,"3"
2052,3,10,70,-8.67475287,"3"
2052,3,11,71,-7.481497506,"3"
2052,3,12,72,-7.808040534,"3"
2052,3,13,73,-8.40009051,"3"
2052,3,14,74,-9.30037269,"3"
2052,3,15,75,-9.663537366,"3"
2052,3,16,76,-8.165101602,"3"
2052,3,17,77,-7.734797238,"3"
2052,3,18,78,-8.158997994,"3"
2052,3,19,79,-7.060348554,"3"
2052,3,20,80,-5.778590874,"3"
2052,3,21,81,-5.922025662,"3"
2052,3,22,82,-6.12649653,"3"
2052,3,23,83,-5.506980318,"3"
2052,3,24,84,-3.721674978,"3"
2052,3,25,85,-3.91393863,"3"
2052,3,26,86,-4.38696825,"3"
2052,3,27,87,-4.95155199,"3"
2052,3,28,88,-3.144884022,"3"
2052,3,29,89,-2.955672174,"3"
2052,3,30,90,-2.99839743,"3"
2052,3,31,91,-2.31174153,"3"
2053,3,1,60,-12.755014818,"3"
2053,3,2,61,-11.692987026,"3"
2053,3,3,62,-9.153886098,"3"
2053,3,4,63,-7.307544678,"3"
2053,3,5,64,-6.730753722,"3"
2053,3,6,65,-6.620888778,"3"
2053,3,7,66,-6.916913766,"3"
2053,3,8,67,-7.28618205,"3"
2053,3,9,68,-7.994200578,"3"
2053,3,10,69,-8.458074786,"3"
2053,3,11,70,-8.72052993,"3"
2053,3,12,71,-9.25459563,"3"
2053,3,13,72,-7.716486414,"3"
2053,3,14,73,-7.609673274,"3"
2053,3,15,74,-6.819256038,"3"
2053,3,16,75,-6.846722274,"3"
2053,3,17,76,-5.342182902,"3"
2053,3,18,77,-6.47745399,"3"
2053,3,19,78,-4.405279074,"3"
2053,3,20,79,-3.263904378,"3"
2053,3,21,80,-3.208971906,"3"
2053,3,22,81,-3.187609278,"3"
2053,3,23,82,-2.78477115,"3"
2053,3,24,83,-2.78477115,"3"
2053,3,25,84,-2.81528919,"3"
2053,3,26,85,-2.46433173,"3"
2053,3,27,86,-2.577248478,"3"
2053,3,28,87,-1.744105986,"3"
2053,3,29,88,-1.771572222,"3"
2053,3,30,89,-1.011673026,"3"
2053,3,31,90,-1.31990523,"3"
2054,3,1,60,-11.00938293,"3"
2054,3,2,61,-12.660408894,"3"
2054,3,3,62,-10.93308783,"3"
2054,3,4,63,-8.870068326,"3"
2054,3,5,64,-8.497748238,"3"
2054,3,6,65,-8.204775054,"3"
2054,3,7,66,-7.966734342,"3"
2054,3,8,67,-8.030822226,"3"
2054,3,9,68,-9.770350506,"3"
2054,3,10,69,-8.55268071,"3"
2054,3,11,70,-7.716486414,"3"
2054,3,12,71,-7.573051626,"3"
2054,3,13,72,-8.00335599,"3"
2054,3,14,73,-8.039977638,"3"
2054,3,15,74,-7.783626102,"3"
2054,3,16,75,-5.162126466,"3"
2054,3,17,76,-4.731822102,"3"
2054,3,18,77,-6.022735194,"3"
2054,3,19,78,-6.144807354,"3"
2054,3,20,79,-5.01258807,"3"
2054,3,21,80,-3.694208742,"3"
2054,3,22,81,-1.750209594,"3"
2054,3,23,82,-2.211031998,"3"
2054,3,24,83,-2.003509326,"3"
2054,3,25,84,-1.600671198,"3"
2054,3,26,85,-1.158159618,"3"
2054,3,27,86,-1.02998385,"3"
2054,3,28,87,-2.47959075,"3"
2054,3,29,88,-1.606774806,"3"
2054,3,30,89,-1.530479706,"3"
2054,3,31,90,-3.788814666,"3"
2055,3,1,60,-8.418401334,"3"
2055,3,2,61,-10.286105382,"3"
2055,3,3,62,-8.790721422,"3"
2055,3,4,63,-9.80392035,"3"
2055,3,5,64,-10.136566986,"3"
2055,3,6,65,-10.30746801,"3"
2055,3,7,66,-11.89440609,"3"
2055,3,8,67,-10.27694997,"3"
2055,3,9,68,-9.68184819,"3"
2055,3,10,69,-8.24750031,"3"
2055,3,11,70,-8.162049798,"3"
2055,3,12,71,-7.756159866,"3"
2055,3,13,72,-7.890439242,"3"
2055,3,14,73,-5.89761123,"3"
2055,3,15,74,-6.800945214,"3"
2055,3,16,75,-7.33195911,"3"
2055,3,17,76,-6.837566862,"3"
2055,3,18,77,-5.955595506,"3"
2055,3,19,78,-5.793849894,"3"
2055,3,20,79,-5.616845262,"3"
2055,3,21,80,-4.79896179,"3"
2055,3,22,81,-3.736933998,"3"
2055,3,23,82,-2.565041262,"3"
2055,3,24,83,-3.36461391,"3"
2055,3,25,84,-3.404287362,"3"
2055,3,26,85,-3.031967274,"3"
2055,3,27,86,-3.27305979,"3"
2055,3,28,87,-3.85290255,"3"
2055,3,29,88,-4.911878538,"3"
2055,3,30,89,-3.041122686,"3"
2055,3,31,90,-1.985198502,"3"
2056,3,1,61,-10.70420253,"3"
2056,3,2,62,-11.531241414,"3"
2056,3,3,63,-11.036849166,"3"
2056,3,4,64,-9.89547447,"3"
2056,3,5,65,-11.021590146,"3"
2056,3,6,66,-10.157929614,"3"
2056,3,7,67,-11.586173886,"3"
2056,3,8,68,-9.48348093,"3"
2056,3,9,69,-9.43770387,"3"
2056,3,10,70,-8.885327346,"3"
2056,3,11,71,-7.661553942,"3"
2056,3,12,72,-6.193636218,"3"
2056,3,13,73,-7.078659378,"3"
2056,3,14,74,-6.82841145,"3"
2056,3,15,75,-6.977949846,"3"
2056,3,16,76,-7.188524322,"3"
2056,3,17,77,-8.128479954,"3"
2056,3,18,78,-6.974898042,"3"
2056,3,19,79,-5.632104282,"3"
2056,3,20,80,-5.131608426,"3"
2056,3,21,81,-4.85999787,"3"
2056,3,22,82,-3.987181926,"3"
2056,3,23,83,-3.63927627,"3"
2056,3,24,84,-2.818340994,"3"
2056,3,25,85,-3.587395602,"3"
2056,3,26,86,-4.805065398,"3"
2056,3,27,87,-4.145875734,"3"
2056,3,28,88,-2.626077342,"3"
2056,3,29,89,-2.69321703,"3"
2056,3,30,90,-0.672922782,"3"
2056,3,31,91,-1.069657302,"3"
2057,3,1,60,-9.633019326,"3"
2057,3,2,61,-11.457998118,"3"
2057,3,3,62,-9.739832466,"3"
2057,3,4,63,-9.504843558,"3"
2057,3,5,64,-9.394978614,"3"
2057,3,6,65,-8.96467425,"3"
2057,3,7,66,-9.477377322,"3"
2057,3,8,67,-9.175248726,"3"
2057,3,9,68,-8.986036878,"3"
2057,3,10,69,-9.675744582,"3"
2057,3,11,70,-8.952467034,"3"
2057,3,12,71,-8.741892558,"3"
2057,3,13,72,-9.413289438,"3"
2057,3,14,73,-8.635079418,"3"
2057,3,15,74,-8.189516034,"3"
2057,3,16,75,-8.732737146,"3"
2057,3,17,76,-8.043029442,"3"
2057,3,18,77,-8.357365254,"3"
2057,3,19,78,-7.42351323,"3"
2057,3,20,79,-6.52323105,"3"
2057,3,21,80,-5.644311498,"3"
2057,3,22,81,-4.762340142,"3"
2057,3,23,82,-4.55481747,"3"
2057,3,24,83,-3.462271638,"3"
2057,3,25,84,-2.226291018,"3"
2057,3,26,85,-2.690165226,"3"
2057,3,27,86,-2.027923758,"3"
2057,3,28,87,-1.094071734,"3"
2057,3,29,88,-0.74006247,"3"
2057,3,30,89,-0.178530534,"3"
2057,3,31,90,-0.315861714,"3"
2058,3,1,60,-9.550620618,"3"
2058,3,2,61,-7.661553942,"3"
2058,3,3,62,-8.564887926,"3"
2058,3,4,63,-10.130463378,"3"
2058,3,5,64,-10.313571618,"3"
2058,3,6,65,-9.30037269,"3"
2058,3,7,66,-7.338062718,"3"
2058,3,8,67,-7.43877225,"3"
2058,3,9,68,-8.47638561,"3"
2058,3,10,69,-9.266802846,"3"
2058,3,11,70,-8.296329174,"3"
2058,3,12,71,-7.624932294,"3"
2058,3,13,72,-8.744944362,"3"
2058,3,14,73,-8.805980442,"3"
2058,3,15,74,-7.945371714,"3"
2058,3,16,75,-6.776530782,"3"
2058,3,17,76,-5.754176442,"3"
2058,3,18,77,-5.815212522,"3"
2058,3,19,78,-5.56191279,"3"
2058,3,20,79,-5.05836513,"3"
2058,3,21,80,-5.140763838,"3"
2058,3,22,81,-4.893567714,"3"
2058,3,23,82,-3.157091238,"3"
2058,3,24,83,-4.43274531,"3"
2058,3,25,84,-4.734873906,"3"
2058,3,26,85,-3.993285534,"3"
2058,3,27,86,-3.831539922,"3"
2058,3,28,87,-3.022811862,"3"
2058,3,29,88,-1.576256766,"3"
2058,3,30,89,-2.095063446,"3"
2058,3,31,90,-1.283283582,"3"
2059,3,1,60,-9.233233002,"3"
2059,3,2,61,-10.365452286,"3"
2059,3,3,62,-8.268862938,"3"
2059,3,4,63,-7.228197774,"3"
2059,3,5,64,-7.472342094,"3"
2059,3,6,65,-10.157929614,"3"
2059,3,7,66,-11.140610502,"3"
2059,3,8,67,-10.148774202,"3"
2059,3,9,68,-9.584190462,"3"
2059,3,10,69,-9.04096935,"3"
2059,3,11,70,-8.87312013,"3"
2059,3,12,71,-8.44586757,"3"
2059,3,13,72,-7.096970202,"3"
2059,3,14,73,-7.139695458,"3"
2059,3,15,74,-6.227206062,"3"
2059,3,16,75,-6.581215326,"3"
2059,3,17,76,-5.970854526,"3"
2059,3,18,77,-6.636147798,"3"
2059,3,19,78,-6.764323566,"3"
2059,3,20,79,-5.342182902,"3"
2059,3,21,80,-2.864118054,"3"
2059,3,22,81,-3.749141214,"3"
2059,3,23,82,-4.161134754,"3"
2059,3,24,83,-2.84580723,"3"
2059,3,25,84,-2.29648251,"3"
2059,3,26,85,-2.500953378,"3"
2059,3,27,86,-2.223239214,"3"
2059,3,28,87,-1.676966298,"3"
2059,3,29,88,-1.79293485,"3"
2059,3,30,89,-1.963835874,"3"
2059,3,31,90,-1.493858058,"3"
2060,3,1,61,-9.11726445,"3"
2060,3,2,62,-9.626915718,"3"
2060,3,3,63,-9.169145118,"3"
2060,3,4,64,-7.237353186,"3"
2060,3,5,65,-8.01861501,"3"
2060,3,6,66,-8.528266278,"3"
2060,3,7,67,-9.752039682,"3"
2060,3,8,68,-9.166093314,"3"
2060,3,9,69,-9.733728858,"3"
2060,3,10,70,-9.419393046,"3"
2060,3,11,71,-8.11016913,"3"
2060,3,12,72,-7.20988695,"3"
2060,3,13,73,-7.20988695,"3"
2060,3,14,74,-7.969786146,"3"
2060,3,15,75,-7.112229222,"3"
2060,3,16,76,-6.901654746,"3"
2060,3,17,77,-6.291293946,"3"
2060,3,18,78,-5.082779562,"3"
2060,3,19,79,-5.247576978,"3"
2060,3,20,80,-6.364537242,"3"
2060,3,21,81,-6.00442437,"3"
2060,3,22,82,-4.594490922,"3"
2060,3,23,83,-3.401235558,"3"
2060,3,24,84,-3.89867961,"3"
2060,3,25,85,-3.779659254,"3"
2060,3,26,86,-3.19676469,"3"
2060,3,27,87,-1.93026603,"3"
2060,3,28,88,-2.488746162,"3"
2060,3,29,89,-2.970931194,"3"
2060,3,30,90,-2.070649014,"3"
2060,3,31,91,-1.951628658,"3"
2061,3,1,60,-7.14885087,"3"
2061,3,2,61,-7.658502138,"3"
2061,3,3,62,-8.607613182,"3"
2061,3,4,63,-8.021666814,"3"
2061,3,5,64,-9.11726445,"3"
2061,3,6,65,-7.420461426,"3"
2061,3,7,66,-6.807048822,"3"
2061,3,8,67,-6.758219958,"3"
2061,3,9,68,-6.865033098,"3"
2061,3,10,69,-6.489661206,"3"
2061,3,11,70,-5.909818446,"3"
2061,3,12,71,-4.954603794,"3"
2061,3,13,72,-3.447012618,"3"
2061,3,14,73,-2.650491774,"3"
2061,3,15,74,-4.054321614,"3"
2061,3,16,75,-3.599602818,"3"
2061,3,17,76,-2.003509326,"3"
2061,3,18,77,-1.908903402,"3"
2061,3,19,78,-2.72373507,"3"
2061,3,20,79,-2.125581486,"3"
2061,3,21,80,-2.088959838,"3"
2061,3,22,81,-3.361562106,"3"
2061,3,23,82,-3.138780414,"3"
2061,3,24,83,-2.565041262,"3"
2061,3,25,84,-0.773632314,"3"
2061,3,26,85,-1.191729462,"3"
2061,3,27,86,-0.990310398,"3"
2061,3,28,87,-1.118486166,"3"
2061,3,29,88,-1.10627895,"3"
2061,3,30,89,-2.049286386,"3"
2061,3,31,90,-1.371785898,"3"
2062,3,1,60,-9.98702859,"3"
2062,3,2,61,-10.508887074,"3"
2062,3,3,62,-11.674676202,"3"
2062,3,4,63,-12.07751433,"3"
2062,3,5,64,-11.195542974,"3"
2062,3,6,65,-9.141678882,"3"
2062,3,7,66,-8.073547482,"3"
2062,3,8,67,-6.800945214,"3"
2062,3,9,68,-8.632027614,"3"
2062,3,10,69,-8.451971178,"3"
2062,3,11,70,-6.846722274,"3"
2062,3,12,71,-4.887464106,"3"
2062,3,13,72,-4.957655598,"3"
2062,3,14,73,-6.434728734,"3"
2062,3,15,74,-7.05729675,"3"
2062,3,16,75,-5.812160718,"3"
2062,3,17,76,-8.18646423,"3"
2062,3,18,77,-8.821239462,"3"
2062,3,19,78,-6.291293946,"3"
2062,3,20,79,-4.780650966,"3"
2062,3,21,80,-5.543601966,"3"
2062,3,22,81,-5.45509965,"3"
2062,3,23,82,-3.620965446,"3"
2062,3,24,83,-3.865109766,"3"
2062,3,25,84,-4.03601079,"3"
2062,3,26,85,-3.254748966,"3"
2062,3,27,86,-3.566032974,"3"
2062,3,28,87,-4.130616714,"3"
2062,3,29,88,-3.492789678,"3"
2062,3,30,89,-1.957732266,"3"
2062,3,31,90,-1.19783307,"3"
2063,3,1,60,-11.705194242,"3"
2063,3,2,61,-11.204698386,"3"
2063,3,3,62,-11.326770546,"3"
2063,3,4,63,-10.640114646,"3"
2063,3,5,64,-11.064315402,"3"
2063,3,6,65,-10.478369034,"3"
2063,3,7,66,-9.245440218,"3"
2063,3,8,67,-8.93415621,"3"
2063,3,9,68,-6.70633929,"3"
2063,3,10,69,-6.196688022,"3"
2063,3,11,70,-7.899594654,"3"
2063,3,12,71,-8.73578895,"3"
2063,3,13,72,-7.936216302,"3"
2063,3,14,73,-7.762263474,"3"
2063,3,15,74,-7.695123786,"3"
2063,3,16,75,-6.761271762,"3"
2063,3,17,76,-6.160066374,"3"
2063,3,18,77,-6.184480806,"3"
2063,3,19,78,-5.189592702,"3"
2063,3,20,79,-3.492789678,"3"
2063,3,21,80,-3.355458498,"3"
2063,3,22,81,-3.035019078,"3"
2063,3,23,82,-2.867169858,"3"
2063,3,24,83,-2.177462154,"3"
2063,3,25,84,-2.137788702,"3"
2063,3,26,85,-1.835660106,"3"
2063,3,27,86,-1.704432534,"3"
2063,3,28,87,-0.749217882,"3"
2063,3,29,88,-1.68612171,"3"
2063,3,30,89,-1.905851598,"3"
2063,3,31,90,-2.207980194,"3"
2064,3,1,61,-11.485464354,"3"
2064,3,2,62,-10.209810282,"3"
2064,3,3,63,-10.151826006,"3"
2064,3,4,64,-8.967726054,"3"
2064,3,5,65,-8.52216267,"3"
2064,3,6,66,-7.380787974,"3"
2064,3,7,67,-6.764323566,"3"
2064,3,8,68,-8.29327737,"3"
2064,3,9,69,-9.150834294,"3"
2064,3,10,70,-8.412297726,"3"
2064,3,11,71,-8.00335599,"3"
2064,3,12,72,-8.592354162,"3"
2064,3,13,73,-8.09491011,"3"
2064,3,14,74,-7.466238486,"3"
2064,3,15,75,-6.147859158,"3"
2064,3,16,76,-4.148927538,"3"
2064,3,17,77,-3.932249454,"3"
2064,3,18,78,-3.773555646,"3"
2064,3,19,79,-3.511100502,"3"
2064,3,20,80,-4.03601079,"3"
2064,3,21,81,-2.366674002,"3"
2064,3,22,82,-1.93026603,"3"
2064,3,23,83,-2.684061618,"3"
2064,3,24,84,-3.657587094,"3"
2064,3,25,85,-4.115357694,"3"
2064,3,26,86,-3.724726782,"3"
2064,3,27,87,-2.854962642,"3"
2064,3,28,88,-1.530479706,"3"
2064,3,29,89,-1.515220686,"3"
2064,3,30,90,-1.872281754,"3"
2064,3,31,91,-2.153047722,"3"
2065,3,1,60,-9.364460574,"3"
2065,3,2,61,-9.550620618,"3"
2065,3,3,62,-10.432591974,"3"
2065,3,4,63,-9.675744582,"3"
2065,3,5,64,-7.566948018,"3"
2065,3,6,65,-6.984053454,"3"
2065,3,7,66,-6.520179246,"3"
2065,3,8,67,-6.449987754,"3"
2065,3,9,68,-7.359425346,"3"
2065,3,10,69,-6.70633929,"3"
2065,3,11,70,-6.150910962,"3"
2065,3,12,71,-6.703287486,"3"
2065,3,13,72,-6.648355014,"3"
2065,3,14,73,-6.349278222,"3"
2065,3,15,74,-5.934232878,"3"
2065,3,16,75,-6.865033098,"3"
2065,3,17,76,-7.457083074,"3"
2065,3,18,77,-5.619897066,"3"
2065,3,19,78,-6.028838802,"3"
2065,3,20,79,-4.67688963,"3"
2065,3,21,80,-4.335087582,"3"
2065,3,22,81,-4.304569542,"3"
2065,3,23,82,-4.03601079,"3"
2065,3,24,83,-3.086899746,"3"
2065,3,25,84,-2.44907271,"3"
2065,3,26,85,-3.248645358,"3"
2065,3,27,86,-2.03707917,"3"
2065,3,28,87,-1.515220686,"3"
2065,3,29,88,-1.536583314,"3"
2065,3,30,89,-2.207980194,"3"
2065,3,31,90,-2.290378902,"3"
2066,3,1,60,-11.122299678,"3"
2066,3,2,61,-9.767298702,"3"
2066,3,3,62,-7.978941558,"3"
2066,3,4,63,-7.277026638,"3"
2066,3,5,64,-8.265811134,"3"
2066,3,6,65,-8.99519229,"3"
2066,3,7,66,-7.795833318,"3"
2066,3,8,67,-7.350269934,"3"
2066,3,9,68,-7.82024775,"3"
2066,3,10,69,-7.231249578,"3"
2066,3,11,70,-8.488592826,"3"
2066,3,12,71,-7.05729675,"3"
2066,3,13,72,-6.14175555,"3"
2066,3,14,73,-5.66872593,"3"
2066,3,15,74,-5.186540898,"3"
2066,3,16,75,-5.171281878,"3"
2066,3,17,76,-7.01151969,"3"
2066,3,18,77,-7.420461426,"3"
2066,3,19,78,-6.733805526,"3"
2066,3,20,79,-5.632104282,"3"
2066,3,21,80,-4.277103306,"3"
2066,3,22,81,-3.797970078,"3"
2066,3,23,82,-4.60059453,"3"
2066,3,24,83,-5.992217154,"3"
2066,3,25,84,-5.665674126,"3"
2066,3,26,85,-3.993285534,"3"
2066,3,27,86,-3.575188386,"3"
2066,3,28,87,-3.077744334,"3"
2066,3,29,88,-2.787822954,"3"
2066,3,30,89,-1.637292846,"3"
2066,3,31,90,-2.522316006,"3"
2067,3,1,60,-7.994200578,"3"
2067,3,2,61,-8.24750031,"3"
2067,3,3,62,-8.787669618,"3"
2067,3,4,63,-9.068435586,"3"
2067,3,5,64,-9.916837098,"3"
2067,3,6,65,-7.981993362,"3"
2067,3,7,66,-7.267871226,"3"
2067,3,8,67,-7.78972971,"3"
2067,3,9,68,-8.317691802,"3"
2067,3,10,69,-8.574043338,"3"
2067,3,11,70,-9.169145118,"3"
2067,3,12,71,-8.238344898,"3"
2067,3,13,72,-5.995268958,"3"
2067,3,14,73,-5.854885974,"3"
2067,3,15,74,-4.426641702,"3"
2067,3,16,75,-4.795909986,"3"
2067,3,17,76,-4.725718494,"3"
2067,3,18,77,-5.772487266,"3"
2067,3,19,78,-4.899671322,"3"
2067,3,20,79,-4.438848918,"3"
2067,3,21,80,-4.92103395,"3"
2067,3,22,81,-4.499884998,"3"
2067,3,23,82,-3.208971906,"3"
2067,3,24,83,-2.629129146,"3"
2067,3,25,84,-2.293430706,"3"
2067,3,26,85,-1.921110618,"3"
2067,3,27,86,-1.65560367,"3"
2067,3,28,87,-3.141832218,"3"
2067,3,29,88,-1.902799794,"3"
2067,3,30,89,-1.35042327,"3"
2067,3,31,90,-1.200884874,"3"
2068,3,1,61,-6.651406818,"3"
2068,3,2,62,-6.666665838,"3"
2068,3,3,63,-6.938276394,"3"
2068,3,4,64,-7.10307381,"3"
2068,3,5,65,-7.124436438,"3"
2068,3,6,66,-7.655450334,"3"
2068,3,7,67,-8.378727882,"3"
2068,3,8,68,-7.39299519,"3"
2068,3,9,69,-7.42351323,"3"
2068,3,10,70,-7.08781479,"3"
2068,3,11,71,-7.869076614,"3"
2068,3,12,72,-7.588310646,"3"
2068,3,13,73,-7.634087706,"3"
2068,3,14,74,-7.771418886,"3"
2068,3,15,75,-5.677881342,"3"
2068,3,16,76,-4.969862814,"3"
2068,3,17,77,-5.177385486,"3"
2068,3,18,78,-4.060425222,"3"
2068,3,19,79,-3.682001526,"3"
2068,3,20,80,-1.94552505,"3"
2068,3,21,81,-2.531471418,"3"
2068,3,22,82,-2.671854402,"3"
2068,3,23,83,-3.093003354,"3"
2068,3,24,84,-2.360570394,"3"
2068,3,25,85,-2.796978366,"3"
2068,3,26,86,-1.554894138,"3"
2068,3,27,87,-1.048294674,"3"
2068,3,28,88,-0.199893162,"3"
2068,3,29,89,-0.447089286,"3"
2068,3,30,90,0.041199354,"3"
2068,3,31,91,-0.059510178,"3"
2069,3,1,60,-8.56793973,"3"
2069,3,2,61,-7.30144107,"3"
2069,3,3,62,-7.185472518,"3"
2069,3,4,63,-7.512015546,"3"
2069,3,5,64,-8.097961914,"3"
2069,3,6,65,-8.845653894,"3"
2069,3,7,66,-10.426488366,"3"
2069,3,8,67,-9.401082222,"3"
2069,3,9,68,-10.060271886,"3"
2069,3,10,69,-9.52925799,"3"
2069,3,11,70,-9.05622837,"3"
2069,3,12,71,-8.360417058,"3"
2069,3,13,72,-7.231249578,"3"
2069,3,14,73,-7.640191314,"3"
2069,3,15,74,-7.493704722,"3"
2069,3,16,75,-4.985121834,"3"
2069,3,17,76,-5.19569631,"3"
2069,3,18,77,-4.954603794,"3"
2069,3,19,78,-6.84367047,"3"
2069,3,20,79,-6.419469714,"3"
2069,3,21,80,-5.125504818,"3"
2069,3,22,81,-4.792858182,"3"
2069,3,23,82,-3.935301258,"3"
2069,3,24,83,-2.73899409,"3"
2069,3,25,84,-2.195772978,"3"
2069,3,26,85,-2.22018741,"3"
2069,3,27,86,-2.070649014,"3"
2069,3,28,87,-1.951628658,"3"
2069,3,29,88,-2.107270662,"3"
2069,3,30,89,-2.339207766,"3"
2069,3,31,90,-1.908903402,"3"
2070,3,1,60,-9.86495643,"3"
2070,3,2,61,-9.221025786,"3"
2070,3,3,62,-9.190507746,"3"
2070,3,4,63,-10.328830638,"3"
2070,3,5,64,-9.55977603,"3"
2070,3,6,65,-8.87312013,"3"
2070,3,7,66,-8.75104797,"3"
2070,3,8,67,-8.99519229,"3"
2070,3,9,68,-9.230181198,"3"
2070,3,10,69,-10.29220899,"3"
2070,3,11,70,-9.88021545,"3"
2070,3,12,71,-9.428548458,"3"
2070,3,13,72,-8.799876834,"3"
2070,3,14,73,-8.625924006,"3"
2070,3,15,74,-6.297397554,"3"
2070,3,16,75,-5.60768985,"3"
2070,3,17,76,-5.497824906,"3"
2070,3,18,77,-5.052261522,"3"
2070,3,19,78,-4.225222638,"3"
2070,3,20,79,-5.061416934,"3"
2070,3,21,80,-3.660638898,"3"
2070,3,22,81,-3.337147674,"3"
2070,3,23,82,-3.99023373,"3"
2070,3,24,83,-2.290378902,"3"
2070,3,25,84,-2.085908034,"3"
2070,3,26,85,-2.192721174,"3"
2070,3,27,86,-1.35042327,"3"
2070,3,28,87,-0.90791169,"3"
2070,3,29,88,0.34332795,"3"
2070,3,30,89,0.245670222,"3"
2070,3,31,90,-0.163271514,"3"
2071,3,1,60,-10.850689122,"3"
2071,3,2,61,-9.846645606,"3"
2071,3,3,62,-8.516059062,"3"
2071,3,4,63,-7.53032637,"3"
2071,3,5,64,-6.93522459,"3"
2071,3,6,65,-8.281070154,"3"
2071,3,7,66,-8.604561378,"3"
2071,3,8,67,-8.90363817,"3"
2071,3,9,68,-9.401082222,"3"
2071,3,10,69,-8.329899018,"3"
2071,3,11,70,-6.672769446,"3"
2071,3,12,71,-4.43274531,"3"
2071,3,13,72,-3.916990434,"3"
2071,3,14,73,-4.512092214,"3"
2071,3,15,74,-5.60768985,"3"
2071,3,16,75,-4.270999698,"3"
2071,3,17,76,-4.603646334,"3"
2071,3,18,77,-5.024795286,"3"
2071,3,19,78,-4.740977514,"3"
2071,3,20,79,-3.794918274,"3"
2071,3,21,80,-2.931257742,"3"
2071,3,22,81,-2.940413154,"3"
2071,3,23,82,-2.854962642,"3"
2071,3,24,83,-3.05943351,"3"
2071,3,25,84,-2.76951213,"3"
2071,3,26,85,-0.868238238,"3"
2071,3,27,86,-0.047302962,"3"
2071,3,28,87,0.459296502,"3"
2071,3,29,88,0.157167906,"3"
2071,3,30,89,1.307698014,"3"
2071,3,31,90,1.268024562,"3"
2072,3,1,61,-10.585182174,"3"
2072,3,2,62,-9.779505918,"3"
2072,3,3,63,-8.589302358,"3"
2072,3,4,64,-8.152894386,"3"
2072,3,5,65,-8.360417058,"3"
2072,3,6,66,-8.635079418,"3"
2072,3,7,67,-6.483557598,"3"
2072,3,8,68,-5.262835998,"3"
2072,3,9,69,-6.800945214,"3"
2072,3,10,70,-6.59952615,"3"
2072,3,11,71,-6.61478517,"3"
2072,3,12,72,-6.907758354,"3"
2072,3,13,73,-5.613793458,"3"
2072,3,14,74,-4.640267982,"3"
2072,3,15,75,-4.475470566,"3"
2072,3,16,76,-5.549705574,"3"
2072,3,17,77,-5.34828651,"3"
2072,3,18,78,-4.179445578,"3"
2072,3,19,79,-3.056381706,"3"
2072,3,20,80,-3.95971569,"3"
2072,3,21,81,-3.126573198,"3"
2072,3,22,82,-2.684061618,"3"
2072,3,23,83,-1.618982022,"3"
2072,3,24,84,-1.982146698,"3"
2072,3,25,85,-3.636224466,"3"
2072,3,26,86,-4.307621346,"3"
2072,3,27,87,-3.782711058,"3"
2072,3,28,88,-1.615930218,"3"
2072,3,29,89,-1.31990523,"3"
2072,3,30,90,-1.399252134,"3"
2072,3,31,91,-0.791943138,"3"
2073,3,1,60,-8.708322714,"3"
2073,3,2,61,-7.524222762,"3"
2073,3,3,62,-7.508963742,"3"
2073,3,4,63,-8.226137682,"3"
2073,3,5,64,-7.829403162,"3"
2073,3,6,65,-8.952467034,"3"
2073,3,7,66,-8.528266278,"3"
2073,3,8,67,-8.336002626,"3"
2073,3,9,68,-8.46112659,"3"
2073,3,10,69,-8.006407794,"3"
2073,3,11,70,-6.12649653,"3"
2073,3,12,71,-5.552757378,"3"
2073,3,13,72,-4.954603794,"3"
2073,3,14,73,-4.771495554,"3"
2073,3,15,74,-5.268939606,"3"
2073,3,16,75,-5.186540898,"3"
2073,3,17,76,-5.558860986,"3"
2073,3,18,77,-5.473410474,"3"
2073,3,19,78,-5.525291142,"3"
2073,3,20,79,-3.877316982,"3"
2073,3,21,80,-2.049286386,"3"
2073,3,22,81,-1.695277122,"3"
2073,3,23,82,-1.39620033,"3"
2073,3,24,83,-2.015716542,"3"
2073,3,25,84,-2.336155962,"3"
2073,3,26,85,-2.729838678,"3"
2073,3,27,86,-2.064545406,"3"
2073,3,28,87,0.57221325,"3"
2073,3,29,88,0.26703285,"3"
2073,3,30,89,-0.010681314,"3"
2073,3,31,90,-1.73189877,"3"
2074,3,1,60,-7.512015546,"3"
2074,3,2,61,-6.437780538,"3"
2074,3,3,62,-6.422521518,"3"
2074,3,4,63,-7.273974834,"3"
2074,3,5,64,-8.90363817,"3"
2074,3,6,65,-8.906689974,"3"
2074,3,7,66,-8.067443874,"3"
2074,3,8,67,-7.17936891,"3"
2074,3,9,68,-6.028838802,"3"
2074,3,10,69,-6.395055282,"3"
2074,3,11,70,-6.346226418,"3"
2074,3,12,71,-5.980009938,"3"
2074,3,13,72,-4.881360498,"3"
2074,3,14,73,-4.209963618,"3"
2074,3,15,74,-2.818340994,"3"
2074,3,16,75,-2.46433173,"3"
2074,3,17,76,-3.019760058,"3"
2074,3,18,77,-3.865109766,"3"
2074,3,19,78,-4.414434486,"3"
2074,3,20,79,-3.916990434,"3"
2074,3,21,80,-2.735942286,"3"
2074,3,22,81,-2.561989458,"3"
2074,3,23,82,-1.994353914,"3"
2074,3,24,83,0.193789554,"3"
2074,3,25,84,-0.544747014,"3"
2074,3,26,85,-1.478599038,"3"
2074,3,27,86,-1.469443626,"3"
2074,3,28,87,0.52643619,"3"
2074,3,29,88,0.080872806,"3"
2074,3,30,89,-0.773632314,"3"
2074,3,31,90,-0.285343674,"3"
2075,3,1,60,-9.581138658,"3"
2075,3,2,61,-8.778514206,"3"
2075,3,3,62,-8.40009051,"3"
2075,3,4,63,-9.202714962,"3"
2075,3,5,64,-8.928052602,"3"
2075,3,6,65,-9.242388414,"3"
2075,3,7,66,-8.570991534,"3"
2075,3,8,67,-7.017623298,"3"
2075,3,9,68,-6.959639022,"3"
2075,3,10,69,-6.831463254,"3"
2075,3,11,70,-5.281146822,"3"
2075,3,12,71,-6.199739826,"3"
2075,3,13,72,-3.984130122,"3"
2075,3,14,73,-2.745097698,"3"
2075,3,15,74,-3.129625002,"3"
2075,3,16,75,-3.862057962,"3"
2075,3,17,76,-4.17334197,"3"
2075,3,18,77,-3.575188386,"3"
2075,3,19,78,-3.401235558,"3"
2075,3,20,79,-4.393071858,"3"
2075,3,21,80,-5.601586242,"3"
2075,3,22,81,-5.183489094,"3"
2075,3,23,82,-4.014648162,"3"
2075,3,24,83,-2.345311374,"3"
2075,3,25,84,-1.826504694,"3"
2075,3,26,85,-0.523384386,"3"
2075,3,27,86,-1.60982661,"3"
2075,3,28,87,-1.063553694,"3"
2075,3,29,88,0.758373294,"3"
2075,3,30,89,1.405355742,"3"
2075,3,31,90,-0.96894777,"3"
2076,3,1,61,-7.57610343,"3"
2076,3,2,62,-7.563896214,"3"
2076,3,3,63,-6.990157062,"3"
2076,3,4,64,-6.581215326,"3"
2076,3,5,65,-6.913861962,"3"
2076,3,6,66,-5.772487266,"3"
2076,3,7,67,-6.49271301,"3"
2076,3,8,68,-5.214007134,"3"
2076,3,9,69,-6.099030294,"3"
2076,3,10,70,-6.59952615,"3"
2076,3,11,71,-5.741969226,"3"
2076,3,12,72,-5.690088558,"3"
2076,3,13,73,-4.023803574,"3"
2076,3,14,74,-4.15808295,"3"
2076,3,15,75,-3.443960814,"3"
2076,3,16,76,-2.711527854,"3"
2076,3,17,77,-3.306629634,"3"
2076,3,18,78,-2.787822954,"3"
2076,3,19,79,-2.735942286,"3"
2076,3,20,80,-2.607766518,"3"
2076,3,21,81,-2.162203134,"3"
2076,3,22,82,-1.759365006,"3"
2076,3,23,83,-1.683069906,"3"
2076,3,24,84,-2.470435338,"3"
2076,3,25,85,-1.127641578,"3"
2076,3,26,86,-0.340276146,"3"
2076,3,27,87,0.975051378,"3"
2076,3,28,88,0.172426926,"3"
2076,3,29,89,-0.135805278,"3"
2076,3,30,90,0.09918363,"3"
2076,3,31,91,0.840772002,"3"
2077,3,1,60,-9.874111842,"3"
2077,3,2,61,-9.874111842,"3"
2077,3,3,62,-10.545508722,"3"
2077,3,4,63,-9.990080394,"3"
2077,3,5,64,-8.696115498,"3"
2077,3,6,65,-7.875180222,"3"
2077,3,7,66,-7.582207038,"3"
2077,3,8,67,-7.008467886,"3"
2077,3,9,68,-7.121384634,"3"
2077,3,10,69,-7.463186682,"3"
2077,3,11,70,-6.892499334,"3"
2077,3,12,71,-7.158006282,"3"
2077,3,13,72,-5.76028005,"3"
2077,3,14,73,-6.361485438,"3"
2077,3,15,74,-5.204851722,"3"
2077,3,16,75,-5.583275418,"3"
2077,3,17,76,-5.024795286,"3"
2077,3,18,77,-5.329975686,"3"
2077,3,19,78,-5.31776847,"3"
2077,3,20,79,-5.476462278,"3"
2077,3,21,80,-5.57717181,"3"
2077,3,22,81,-4.167238362,"3"
2077,3,23,82,-3.28831881,"3"
2077,3,24,83,-2.369725806,"3"
2077,3,25,84,-1.65560367,"3"
2077,3,26,85,-2.17441035,"3"
2077,3,27,86,-1.646448258,"3"
2077,3,28,87,-1.161211422,"3"
2077,3,29,88,-0.016784922,"3"
2077,3,30,89,1.020828438,"3"
2077,3,31,90,0.914015298,"3"
2078,3,1,60,-6.87418851,"3"
2078,3,2,61,-7.032882318,"3"
2078,3,3,62,-6.489661206,"3"
2078,3,4,63,-6.266879514,"3"
2078,3,5,64,-6.562904502,"3"
2078,3,6,65,-5.156022858,"3"
2078,3,7,66,-4.658578806,"3"
2078,3,8,67,-4.628060766,"3"
2078,3,9,68,-5.299457646,"3"
2078,3,10,69,-4.963759206,"3"
2078,3,11,70,-4.805065398,"3"
2078,3,12,71,-5.65346691,"3"
2078,3,13,72,-5.198748114,"3"
2078,3,14,73,-4.475470566,"3"
2078,3,15,74,-3.758296626,"3"
2078,3,16,75,-2.345311374,"3"
2078,3,17,76,-3.877316982,"3"
2078,3,18,77,-3.855954354,"3"
2078,3,19,78,-3.392080146,"3"
2078,3,20,79,-3.556877562,"3"
2078,3,21,80,-3.16624665,"3"
2078,3,22,81,-3.862057962,"3"
2078,3,23,82,-4.29541413,"3"
2078,3,24,83,-2.992293822,"3"
2078,3,25,84,-1.326008838,"3"
2078,3,26,85,-1.438925586,"3"
2078,3,27,86,-1.39620033,"3"
2078,3,28,87,-1.225299306,"3"
2078,3,29,88,-1.176470442,"3"
2078,3,30,89,-1.063553694,"3"
2078,3,31,90,0.981154986,"3"
2079,3,1,60,-9.822231174,"3"
2079,3,2,61,-9.471273714,"3"
2079,3,3,62,-8.976881466,"3"
2079,3,4,63,-8.091858306,"3"
2079,3,5,64,-6.337071006,"3"
2079,3,6,65,-7.405202406,"3"
2079,3,7,66,-6.456091362,"3"
2079,3,8,67,-5.076675954,"3"
2079,3,9,68,-4.69214865,"3"
2079,3,10,69,-4.917982146,"3"
2079,3,11,70,-3.53246313,"3"
2079,3,12,71,-3.572136582,"3"
2079,3,13,72,-3.19676469,"3"
2079,3,14,73,-3.596551014,"3"
2079,3,15,74,-4.390020054,"3"
2079,3,16,75,-3.529411326,"3"
2079,3,17,76,-2.790874758,"3"
2079,3,18,77,-2.162203134,"3"
2079,3,19,78,-2.08285623,"3"
2079,3,20,79,-2.183565762,"3"
2079,3,21,80,-3.035019078,"3"
2079,3,22,81,-3.337147674,"3"
2079,3,23,82,-0.99946581,"3"
2079,3,24,83,-0.92317071,"3"
2079,3,25,84,-0.233463006,"3"
2079,3,26,85,-0.859082826,"3"
2079,3,27,86,-1.109330754,"3"
2079,3,28,87,-0.700389018,"3"
2079,3,29,88,-0.361638774,"3"
2079,3,30,89,0.096131826,"3"
2079,3,31,90,0.70954443,"3"
2080,3,1,61,-7.826351358,"3"
2080,3,2,62,-7.289233854,"3"
2080,3,3,63,-6.642251406,"3"
2080,3,4,64,-6.352330026,"3"
2080,3,5,65,-6.14175555,"3"
2080,3,6,66,-6.91996557,"3"
2080,3,7,67,-5.918973858,"3"
2080,3,8,68,-6.504920226,"3"
2080,3,9,69,-5.720606598,"3"
2080,3,10,70,-4.637216178,"3"
2080,3,11,71,-4.499884998,"3"
2080,3,12,72,-6.06546045,"3"
2080,3,13,73,-6.626992386,"3"
2080,3,14,74,-6.15701457,"3"
2080,3,15,75,-6.550697286,"3"
2080,3,16,76,-6.37064085,"3"
2080,3,17,77,-4.054321614,"3"
2080,3,18,78,-3.184557474,"3"
2080,3,19,79,-2.000457522,"3"
2080,3,20,80,-2.156099526,"3"
2080,3,21,81,-2.28122349,"3"
2080,3,22,82,-2.211031998,"3"
2080,3,23,83,-2.516212398,"3"
2080,3,24,84,-1.536583314,"3"
2080,3,25,85,0.041199354,"3"
2080,3,26,86,0.321965322,"3"
2080,3,27,87,0.886549062,"3"
2080,3,28,88,1.127641578,"3"
2080,3,29,89,0.852979218,"3"
2080,3,30,90,1.988250306,"3"
2080,3,31,91,2.064545406,"3"
2081,3,1,60,-6.91996557,"3"
2081,3,2,61,-5.094986778,"3"
2081,3,3,62,-5.671777734,"3"
2081,3,4,63,-6.990157062,"3"
2081,3,5,64,-5.80605711,"3"
2081,3,6,65,-5.311664862,"3"
2081,3,7,66,-5.366597334,"3"
2081,3,8,67,-5.732813814,"3"
2081,3,9,68,-5.259784194,"3"
2081,3,10,69,-4.237429854,"3"
2081,3,11,70,-4.087891458,"3"
2081,3,12,71,-4.206911814,"3"
2081,3,13,72,-3.935301258,"3"
2081,3,14,73,-4.222170834,"3"
2081,3,15,74,-5.000380854,"3"
2081,3,16,75,-3.819332706,"3"
2081,3,17,76,-3.651483486,"3"
2081,3,18,77,-3.474478854,"3"
2081,3,19,78,-4.194704598,"3"
2081,3,20,79,-3.645379878,"3"
2081,3,21,80,-2.195772978,"3"
2081,3,22,81,-2.592507498,"3"
2081,3,23,82,-1.530479706,"3"
2081,3,24,83,-1.588463982,"3"
2081,3,25,84,-2.247653646,"3"
2081,3,26,85,-1.612878414,"3"
2081,3,27,86,-0.69428541,"3"
2081,3,28,87,-0.58747227,"3"
2081,3,29,88,-0.440985678,"3"
2081,3,30,89,0.636301134,"3"
2081,3,31,90,0.669870978,"3"
2082,3,1,60,-10.26169095,"3"
2082,3,2,61,-7.57610343,"3"
2082,3,3,62,-6.880292118,"3"
2082,3,4,63,-6.95048361,"3"
2082,3,5,64,-7.158006282,"3"
2082,3,6,65,-8.177308818,"3"
2082,3,7,66,-8.14068717,"3"
2082,3,8,67,-6.703287486,"3"
2082,3,9,68,-4.307621346,"3"
2082,3,10,69,-4.902723126,"3"
2082,3,11,70,-4.780650966,"3"
2082,3,12,71,-3.062485314,"3"
2082,3,13,72,-3.28831881,"3"
2082,3,14,73,-4.499884998,"3"
2082,3,15,74,-5.818264326,"3"
2082,3,16,75,-4.95155199,"3"
2082,3,17,76,-5.174333682,"3"
2082,3,18,77,-3.123521394,"3"
2082,3,19,78,-1.759365006,"3"
2082,3,20,79,-3.190661082,"3"
2082,3,21,80,-4.103150478,"3"
2082,3,22,81,-3.758296626,"3"
2082,3,23,82,-2.58640389,"3"
2082,3,24,83,-2.95262037,"3"
2082,3,25,84,-2.858014446,"3"
2082,3,26,85,-2.531471418,"3"
2082,3,27,86,-1.646448258,"3"
2082,3,28,87,0.431830266,"3"
2082,3,29,88,-0.959792358,"3"
2082,3,30,89,-0.779735922,"3"
2082,3,31,90,0.64850835,"3"
2083,3,1,60,-8.592354162,"3"
2083,3,2,61,-9.159989706,"3"
2083,3,3,62,-8.30853639,"3"
2083,3,4,63,-7.295337462,"3"
2083,3,5,64,-5.601586242,"3"
2083,3,6,65,-5.818264326,"3"
2083,3,7,66,-7.032882318,"3"
2083,3,8,67,-5.360493726,"3"
2083,3,9,68,-4.481574174,"3"
2083,3,10,69,-4.258792482,"3"
2083,3,11,70,-3.88342059,"3"
2083,3,12,71,-6.12649653,"3"
2083,3,13,72,-5.659570518,"3"
2083,3,14,73,-3.657587094,"3"
2083,3,15,74,-3.947508474,"3"
2083,3,16,75,-4.536506646,"3"
2083,3,17,76,-4.50904041,"3"
2083,3,18,77,-3.773555646,"3"
2083,3,19,78,-3.187609278,"3"
2083,3,20,79,-2.29648251,"3"
2083,3,21,80,-1.890592578,"3"
2083,3,22,81,-2.284275294,"3"
2083,3,23,82,-1.649500062,"3"
2083,3,24,83,-1.875333558,"3"
2083,3,25,84,-1.774624026,"3"
2083,3,26,85,-1.911955206,"3"
2083,3,27,86,-2.259860862,"3"
2083,3,28,87,-2.040130974,"3"
2083,3,29,88,-0.69428541,"3"
2083,3,30,89,-1.206988482,"3"
2083,3,31,90,-0.67902639,"3"
2084,3,1,61,-7.573051626,"3"
2084,3,2,62,-8.177308818,"3"
2084,3,3,63,-9.333942534,"3"
2084,3,4,64,-8.439763962,"3"
2084,3,5,65,-7.795833318,"3"
2084,3,6,66,-7.750056258,"3"
2084,3,7,67,-7.40825421,"3"
2084,3,8,68,-7.032882318,"3"
2084,3,9,69,-6.739909134,"3"
2084,3,10,70,-6.78263439,"3"
2084,3,11,71,-5.72976201,"3"
2084,3,12,72,-5.156022858,"3"
2084,3,13,73,-5.723658402,"3"
2084,3,14,74,-6.266879514,"3"
2084,3,15,75,-4.85999787,"3"
2084,3,16,76,-4.405279074,"3"
2084,3,17,77,-5.143815642,"3"
2084,3,18,78,-4.57007649,"3"
2084,3,19,79,-3.117417786,"3"
2084,3,20,80,-3.157091238,"3"
2084,3,21,81,-3.843747138,"3"
2084,3,22,82,-2.400243846,"3"
2084,3,23,83,-1.753261398,"3"
2084,3,24,84,-0.517280778,"3"
2084,3,25,85,-0.401312226,"3"
2084,3,26,86,-0.437933874,"3"
2084,3,27,87,-0.209048574,"3"
2084,3,28,88,1.069657302,"3"
2084,3,29,89,1.100175342,"3"
2084,3,30,90,1.496909862,"3"
2084,3,31,91,0.456244698,"3"
2085,3,1,60,-8.021666814,"3"
2085,3,2,61,-7.795833318,"3"
2085,3,3,62,-7.51506735,"3"
2085,3,4,63,-6.968794434,"3"
2085,3,5,64,-7.60662147,"3"
2085,3,6,65,-7.374684366,"3"
2085,3,7,66,-6.64530321,"3"
2085,3,8,67,-4.826428026,"3"
2085,3,9,68,-4.78370277,"3"
2085,3,10,69,-5.247576978,"3"
2085,3,11,70,-6.013579782,"3"
2085,3,12,71,-4.701304062,"3"
2085,3,13,72,-4.017699966,"3"
2085,3,14,73,-4.536506646,"3"
2085,3,15,74,-4.060425222,"3"
2085,3,16,75,-3.94445667,"3"
2085,3,17,76,-3.825436314,"3"
2085,3,18,77,-2.473487142,"3"
2085,3,19,78,-1.664759082,"3"
2085,3,20,79,-1.344319662,"3"
2085,3,21,80,-1.313801622,"3"
2085,3,22,81,-0.941481534,"3"
2085,3,23,82,-0.651560154,"3"
2085,3,24,83,-1.39620033,"3"
2085,3,25,84,-1.310749818,"3"
2085,3,26,85,-0.468451914,"3"
2085,3,27,86,-0.544747014,"3"
2085,3,28,87,0.074769198,"3"
2085,3,29,88,0.080872806,"3"
2085,3,30,89,-0.43488207,"3"
2085,3,31,90,1.521324294,"3"
2086,3,1,60,-8.528266278,"3"
2086,3,2,61,-6.703287486,"3"
2086,3,3,62,-5.818264326,"3"
2086,3,4,63,-5.45509965,"3"
2086,3,5,64,-5.748072834,"3"
2086,3,6,65,-6.21805065,"3"
2086,3,7,66,-5.900663034,"3"
2086,3,8,67,-5.339131098,"3"
2086,3,9,68,-6.532386462,"3"
2086,3,10,69,-6.190584414,"3"
2086,3,11,70,-6.590370738,"3"
2086,3,12,71,-6.520179246,"3"
2086,3,13,72,-4.954603794,"3"
2086,3,14,73,-3.199816494,"3"
2086,3,15,74,-3.352406694,"3"
2086,3,16,75,-3.02891547,"3"
2086,3,17,76,-2.101167054,"3"
2086,3,18,77,-2.424658278,"3"
2086,3,19,78,-2.37277761,"3"
2086,3,20,79,-3.270007986,"3"
2086,3,21,80,-3.80712549,"3"
2086,3,22,81,-2.34225957,"3"
2086,3,23,82,-0.474555522,"3"
2086,3,24,83,-1.185625854,"3"
2086,3,25,84,1.722743358,"3"
2086,3,26,85,-0.016784922,"3"
2086,3,27,86,0.245670222,"3"
2086,3,28,87,1.28938719,"3"
2086,3,29,88,1.036087458,"3"
2086,3,30,89,0.80109855,"3"
2086,3,31,90,1.185625854,"3"
2087,3,1,60,-6.944380002,"3"
2087,3,2,61,-7.22514597,"3"
2087,3,3,62,-6.257724102,"3"
2087,3,4,63,-6.993208866,"3"
2087,3,5,64,-5.784694482,"3"
2087,3,6,65,-6.150910962,"3"
2087,3,7,66,-6.501868422,"3"
2087,3,8,67,-6.349278222,"3"
2087,3,9,68,-4.777599162,"3"
2087,3,10,69,-4.490729586,"3"
2087,3,11,70,-4.72266669,"3"
2087,3,12,71,-4.878308694,"3"
2087,3,13,72,-3.80712549,"3"
2087,3,14,73,-2.949568566,"3"
2087,3,15,74,-5.769435462,"3"
2087,3,16,75,-5.229266154,"3"
2087,3,17,76,-3.581291994,"3"
2087,3,18,77,-2.75425311,"3"
2087,3,19,78,-3.535514934,"3"
2087,3,20,79,-3.895627806,"3"
2087,3,21,80,-4.881360498,"3"
2087,3,22,81,-2.821392798,"3"
2087,3,23,82,-2.806133778,"3"
2087,3,24,83,-1.420614762,"3"
2087,3,25,84,-0.767528706,"3"
2087,3,26,85,-0.242618418,"3"
2087,3,27,86,-1.255817346,"3"
2087,3,28,87,-2.360570394,"3"
2087,3,29,88,-0.315861714,"3"
2087,3,30,89,1.805142066,"3"
2087,3,31,90,1.603723002,"3"
2088,3,1,61,-7.719538218,"3"
2088,3,2,62,-8.653390242,"3"
2088,3,3,63,-8.56793973,"3"
2088,3,4,64,-8.90363817,"3"
2088,3,5,65,-9.54451701,"3"
2088,3,6,66,-8.296329174,"3"
2088,3,7,67,-7.432668642,"3"
2088,3,8,68,-6.761271762,"3"
2088,3,9,69,-5.641259694,"3"
2088,3,10,70,-5.250628782,"3"
2088,3,11,71,-4.487677782,"3"
2088,3,12,72,-4.457159742,"3"
2088,3,13,73,-5.006484462,"3"
2088,3,14,74,-5.207903526,"3"
2088,3,15,75,-2.641336362,"3"
2088,3,16,76,-3.022811862,"3"
2088,3,17,77,-3.468375246,"3"
2088,3,18,78,-3.31883685,"3"
2088,3,19,79,-3.37987293,"3"
2088,3,20,80,-4.505988606,"3"
2088,3,21,81,-3.389028342,"3"
2088,3,22,82,-2.384984826,"3"
2088,3,23,83,-1.963835874,"3"
2088,3,24,84,-1.094071734,"3"
2088,3,25,85,-1.225299306,"3"
2088,3,26,86,-0.871290042,"3"
2088,3,27,87,-0.257877438,"3"
2088,3,28,88,0.428778462,"3"
2088,3,29,89,1.21309209,"3"
2088,3,30,90,0.447089286,"3"
2088,3,31,91,-0.69428541,"3"
2089,3,1,60,-7.032882318,"3"
2089,3,2,61,-7.640191314,"3"
2089,3,3,62,-8.027770422,"3"
2089,3,4,63,-6.120392922,"3"
2089,3,5,64,-6.633095994,"3"
2089,3,6,65,-6.01968339,"3"
2089,3,7,66,-5.793849894,"3"
2089,3,8,67,-5.60768985,"3"
2089,3,9,68,-5.079727758,"3"
2089,3,10,69,-4.789806378,"3"
2089,3,11,70,-3.514152306,"3"
2089,3,12,71,-3.920042238,"3"
2089,3,13,72,-3.39513195,"3"
2089,3,14,73,-3.831539922,"3"
2089,3,15,74,-3.215075514,"3"
2089,3,16,75,-2.900739702,"3"
2089,3,17,76,-3.663690702,"3"
2089,3,18,77,-3.535514934,"3"
2089,3,19,78,-2.38803663,"3"
2089,3,20,79,-3.187609278,"3"
2089,3,21,80,-2.772563934,"3"
2089,3,22,81,-2.284275294,"3"
2089,3,23,82,-1.039139262,"3"
2089,3,24,83,-1.002517614,"3"
2089,3,25,84,-0.614938506,"3"
2089,3,26,85,-0.303654498,"3"
2089,3,27,86,-0.16021971,"3"
2089,3,28,87,-0.291447282,"3"
2089,3,29,88,0.148012494,"3"
2089,3,30,89,0.590524074,"3"
2089,3,31,90,1.490806254,"3"
2090,3,1,60,-9.01045131,"3"
2090,3,2,61,-9.260699238,"3"
2090,3,3,62,-8.94941523,"3"
2090,3,4,63,-8.348209842,"3"
2090,3,5,64,-7.997252382,"3"
2090,3,6,65,-7.649346726,"3"
2090,3,7,66,-5.98916535,"3"
2090,3,8,67,-6.337071006,"3"
2090,3,9,68,-6.343174614,"3"
2090,3,10,69,-5.998320762,"3"
2090,3,11,70,-4.856946066,"3"
2090,3,12,71,-4.182497382,"3"
2090,3,13,72,-4.411382682,"3"
2090,3,14,73,-4.930189362,"3"
2090,3,15,74,-4.023803574,"3"
2090,3,16,75,-3.10521057,"3"
2090,3,17,76,-2.384984826,"3"
2090,3,18,77,-2.940413154,"3"
2090,3,19,78,-2.290378902,"3"
2090,3,20,79,-2.73899409,"3"
2090,3,21,80,-2.790874758,"3"
2090,3,22,81,-1.603723002,"3"
2090,3,23,82,-1.313801622,"3"
2090,3,24,83,-0.926222514,"3"
2090,3,25,84,-0.880445454,"3"
2090,3,26,85,-1.979094894,"3"
2090,3,27,86,-0.733958862,"3"
2090,3,28,87,-0.486762738,"3"
2090,3,29,88,0.309758106,"3"
2090,3,30,89,0.337224342,"3"
2090,3,31,90,0.920118906,"3"
2091,3,1,60,-6.709391094,"3"
2091,3,2,61,-7.161058086,"3"
2091,3,3,62,-6.321811986,"3"
2091,3,4,63,-5.705347578,"3"
2091,3,5,64,-5.21095533,"3"
2091,3,6,65,-4.945448382,"3"
2091,3,7,66,-5.259784194,"3"
2091,3,8,67,-5.406270786,"3"
2091,3,9,68,-3.904783218,"3"
2091,3,10,69,-4.11230589,"3"
2091,3,11,70,-3.523307718,"3"
2091,3,12,71,-3.297474222,"3"
2091,3,13,72,-3.33409587,"3"
2091,3,14,73,-2.17441035,"3"
2091,3,15,74,-1.707484338,"3"
2091,3,16,75,-1.451132802,"3"
2091,3,17,76,-2.314793334,"3"
2091,3,18,77,-1.67086269,"3"
2091,3,19,78,-1.307698014,"3"
2091,3,20,79,-0.14496069,"3"
2091,3,21,80,-0.361638774,"3"
2091,3,22,81,0.141908886,"3"
2091,3,23,82,1.063553694,"3"
2091,3,24,83,1.734950574,"3"
2091,3,25,84,2.55588585,"3"
2091,3,26,85,2.238498234,"3"
2091,3,27,86,0.72480345,"3"
2091,3,28,87,1.408407546,"3"
2091,3,29,88,1.292438994,"3"
2091,3,30,89,2.958723978,"3"
2091,3,31,90,3.10521057,"3"
2092,3,1,61,-6.50797203,"3"
2092,3,2,62,-7.426565034,"3"
2092,3,3,63,-6.684976662,"3"
2092,3,4,64,-6.208895238,"3"
2092,3,5,65,-6.50797203,"3"
2092,3,6,66,-6.282138534,"3"
2092,3,7,67,-5.259784194,"3"
2092,3,8,68,-3.971922906,"3"
2092,3,9,69,-3.950560278,"3"
2092,3,10,70,-3.590447406,"3"
2092,3,11,71,-3.862057962,"3"
2092,3,12,72,-3.123521394,"3"
2092,3,13,73,-0.727855254,"3"
2092,3,14,74,-3.175402062,"3"
2092,3,15,75,-2.720683266,"3"
2092,3,16,76,-1.16731503,"3"
2092,3,17,77,-1.966887678,"3"
2092,3,18,78,-2.882428878,"3"
2092,3,19,79,-2.546730438,"3"
2092,3,20,80,-2.058441798,"3"
2092,3,21,81,-1.45723641,"3"
2092,3,22,82,0.111390846,"3"
2092,3,23,83,0.743114274,"3"
2092,3,24,84,0.99946581,"3"
2092,3,25,85,0.12970167,"3"
2092,3,26,86,0.22125579,"3"
2092,3,27,87,-0.013733118,"3"
2092,3,28,88,1.683069906,"3"
2092,3,29,89,1.86922995,"3"
2092,3,30,90,1.124589774,"3"
2092,3,31,91,1.054398282,"3"
2093,3,1,60,-6.117341118,"3"
2093,3,2,61,-4.701304062,"3"
2093,3,3,62,-4.96681101,"3"
2093,3,4,63,-4.63111257,"3"
2093,3,5,64,-5.63820789,"3"
2093,3,6,65,-7.273974834,"3"
2093,3,7,66,-6.501868422,"3"
2093,3,8,67,-7.512015546,"3"
2093,3,9,68,-6.715494702,"3"
2093,3,10,69,-4.725718494,"3"
2093,3,11,70,-5.918973858,"3"
2093,3,12,71,-6.306552966,"3"
2093,3,13,72,-4.563972882,"3"
2093,3,14,73,-3.514152306,"3"
2093,3,15,74,-1.80819387,"3"
2093,3,16,75,-2.92210233,"3"
2093,3,17,76,-2.604714714,"3"
2093,3,18,77,-3.132676806,"3"
2093,3,19,78,-3.968871102,"3"
2093,3,20,79,-3.627069054,"3"
2093,3,21,80,-1.41145935,"3"
2093,3,22,81,-0.260929242,"3"
2093,3,23,82,-1.82345289,"3"
2093,3,24,83,-1.405355742,"3"
2093,3,25,84,-1.33516425,"3"
2093,3,26,85,-0.822461178,"3"
2093,3,27,86,-2.207980194,"3"
2093,3,28,87,-1.188677658,"3"
2093,3,29,88,0.901808082,"3"
2093,3,30,89,2.201876586,"3"
2093,3,31,90,1.451132802,"3"
2094,3,1,60,-7.020675102,"3"
2094,3,2,61,-8.744944362,"3"
2094,3,3,62,-8.101013718,"3"
2094,3,4,63,-8.641183026,"3"
2094,3,5,64,-8.039977638,"3"
2094,3,6,65,-7.518119154,"3"
2094,3,7,66,-6.480505794,"3"
2094,3,8,67,-5.140763838,"3"
2094,3,9,68,-5.265887802,"3"
2094,3,10,69,-4.66163061,"3"
2094,3,11,70,-5.308613058,"3"
2094,3,12,71,-4.945448382,"3"
2094,3,13,72,-4.18860099,"3"
2094,3,14,73,-3.33409587,"3"
2094,3,15,74,-3.428701794,"3"
2094,3,16,75,-1.94552505,"3"
2094,3,17,76,-2.565041262,"3"
2094,3,18,77,-2.290378902,"3"
2094,3,19,78,-1.738002378,"3"
2094,3,20,79,-0.840772002,"3"
2094,3,21,80,-0.874341846,"3"
2094,3,22,81,-0.947585142,"3"
2094,3,23,82,-0.248722026,"3"
2094,3,24,83,-1.005569418,"3"
2094,3,25,84,0.291447282,"3"
2094,3,26,85,2.394140238,"3"
2094,3,27,86,2.873273466,"3"
2094,3,28,87,3.202868298,"3"
2094,3,29,88,2.153047722,"3"
2094,3,30,89,1.573204962,"3"
2094,3,31,90,1.06050189,"3"
2095,3,1,60,-4.994277246,"3"
2095,3,2,61,-5.537498358,"3"
2095,3,3,62,-4.380864642,"3"
2095,3,4,63,-4.23437805,"3"
2095,3,5,64,-4.185549186,"3"
2095,3,6,65,-3.953612082,"3"
2095,3,7,66,-3.788814666,"3"
2095,3,8,67,-4.808117202,"3"
2095,3,9,68,-2.99839743,"3"
2095,3,10,69,-2.589455694,"3"
2095,3,11,70,-3.144884022,"3"
2095,3,12,71,-2.931257742,"3"
2095,3,13,72,-1.969939482,"3"
2095,3,14,73,-3.480582462,"3"
2095,3,15,74,-2.867169858,"3"
2095,3,16,75,-3.068588922,"3"
2095,3,17,76,-2.681009814,"3"
2095,3,18,77,-0.584420466,"3"
2095,3,19,78,-1.188677658,"3"
2095,3,20,79,-0.807202158,"3"
2095,3,21,80,1.173418638,"3"
2095,3,22,81,0.935377926,"3"
2095,3,23,82,-0.987258594,"3"
2095,3,24,83,-1.179522246,"3"
2095,3,25,84,0.41962305,"3"
2095,3,26,85,0.971999574,"3"
2095,3,27,86,1.51827249,"3"
2095,3,28,87,0.093080022,"3"
2095,3,29,88,0.544747014,"3"
2095,3,30,89,0.959792358,"3"
2095,3,31,90,0.865186434,"3"
2096,3,1,61,-7.673761158,"3"
2096,3,2,62,-7.170213498,"3"
2096,3,3,63,-5.931181074,"3"
2096,3,4,64,-4.40222727,"3"
2096,3,5,65,-4.289310522,"3"
2096,3,6,66,-4.863049674,"3"
2096,3,7,67,-4.747081122,"3"
2096,3,8,68,-6.18753261,"3"
2096,3,9,69,-5.16517827,"3"
2096,3,10,70,-5.235369762,"3"
2096,3,11,71,-4.70740767,"3"
2096,3,12,72,-4.08178785,"3"
2096,3,13,73,-2.461279926,"3"
2096,3,14,74,-3.19676469,"3"
2096,3,15,75,-3.42564999,"3"
2096,3,16,76,-2.137788702,"3"
2096,3,17,77,-2.406347454,"3"
2096,3,18,78,-2.104218858,"3"
2096,3,19,79,-1.353475074,"3"
2096,3,20,80,-1.026932046,"3"
2096,3,21,81,-0.169375122,"3"
2096,3,22,82,-0.914015298,"3"
2096,3,23,83,-1.42671837,"3"
2096,3,24,84,0.010681314,"3"
2096,3,25,85,-0.08392461,"3"
2096,3,26,86,-0.14496069,"3"
2096,3,27,87,0.837720198,"3"
2096,3,28,88,1.738002378,"3"
2096,3,29,89,1.31990523,"3"
2096,3,30,90,1.033035654,"3"
2096,3,31,91,0.898756278,"3"
2097,3,1,60,-6.520179246,"3"
2097,3,2,61,-7.661553942,"3"
2097,3,3,62,-7.115281026,"3"
2097,3,4,63,-6.486609402,"3"
2097,3,5,64,-6.764323566,"3"
2097,3,6,65,-6.984053454,"3"
2097,3,7,66,-7.264819422,"3"
2097,3,8,67,-7.136643654,"3"
2097,3,9,68,-5.671777734,"3"
2097,3,10,69,-4.902723126,"3"
2097,3,11,70,-5.854885974,"3"
2097,3,12,71,-4.335087582,"3"
2097,3,13,72,-3.953612082,"3"
2097,3,14,73,-3.21202371,"3"
2097,3,15,74,-2.61692193,"3"
2097,3,16,75,-2.919050526,"3"
2097,3,17,76,-1.80819387,"3"
2097,3,18,77,-1.841763714,"3"
2097,3,19,78,-1.313801622,"3"
2097,3,20,79,-0.456244698,"3"
2097,3,21,80,0.64850835,"3"
2097,3,22,81,0.02288853,"3"
2097,3,23,82,-0.569161446,"3"
2097,3,24,83,-0.340276146,"3"
2097,3,25,84,-0.138857082,"3"
2097,3,26,85,-0.111390846,"3"
2097,3,27,86,-0.529487994,"3"
2097,3,28,87,0.965895966,"3"
2097,3,29,88,1.850919126,"3"
2097,3,30,89,1.383993114,"3"
2097,3,31,90,-0.444037482,"3"
2098,3,1,60,-6.056305038,"3"
2098,3,2,61,-6.144807354,"3"
2098,3,3,62,-5.674829538,"3"
2098,3,4,63,-4.652475198,"3"
2098,3,5,64,-5.015639874,"3"
2098,3,6,65,-4.774547358,"3"
2098,3,7,66,-4.57007649,"3"
2098,3,8,67,-4.390020054,"3"
2098,3,9,68,-4.658578806,"3"
2098,3,10,69,-3.587395602,"3"
2098,3,11,70,-4.23437805,"3"
2098,3,12,71,-2.757304914,"3"
2098,3,13,72,-3.596551014,"3"
2098,3,14,73,-3.117417786,"3"
2098,3,15,74,-3.407339166,"3"
2098,3,16,75,-4.304569542,"3"
2098,3,17,76,-2.528419614,"3"
2098,3,18,77,-1.817349282,"3"
2098,3,19,78,-0.95368875,"3"
2098,3,20,79,-1.115434362,"3"
2098,3,21,80,-1.145952402,"3"
2098,3,22,81,-1.210040286,"3"
2098,3,23,82,-0.23651481,"3"
2098,3,24,83,-0.09918363,"3"
2098,3,25,84,0.035095746,"3"
2098,3,26,85,0.32806893,"3"
2098,3,27,86,0.657663762,"3"
2098,3,28,87,0.804150354,"3"
2098,3,29,88,0.547798818,"3"
2098,3,30,89,2.131685094,"3"
2098,3,31,90,2.519264202,"3"
2099,3,1,60,-6.938276394,"3"
2099,3,2,61,-6.315708378,"3"
2099,3,3,62,-6.559852698,"3"
2099,3,4,63,-4.347294798,"3"
2099,3,5,64,-4.716563082,"3"
2099,3,6,65,-4.878308694,"3"
2099,3,7,66,-4.96681101,"3"
2099,3,8,67,-4.75318473,"3"
2099,3,9,68,-3.434805402,"3"
2099,3,10,69,-3.39513195,"3"
2099,3,11,70,-3.102158766,"3"
2099,3,12,71,-3.636224466,"3"
2099,3,13,72,-3.41039097,"3"
2099,3,14,73,-3.41039097,"3"
2099,3,15,74,-3.553825758,"3"
2099,3,16,75,-3.474478854,"3"
2099,3,17,76,-1.408407546,"3"
2099,3,18,77,-0.52643619,"3"
2099,3,19,78,-0.993362202,"3"
2099,3,20,79,-2.577248478,"3"
2099,3,21,80,-1.07576091,"3"
2099,3,22,81,-0.102235434,"3"
2099,3,23,82,1.115434362,"3"
2099,3,24,83,1.13679699,"3"
2099,3,25,84,1.582360374,"3"
2099,3,26,85,1.460288214,"3"
2099,3,27,86,1.618982022,"3"
2099,3,28,87,1.460288214,"3"
2099,3,29,88,1.71663975,"3"
2099,3,30,89,2.568093066,"3"
2099,3,31,90,3.45616803,"3"
2100,3,1,60,-6.092926686,"3"
2100,3,2,61,-6.013579782,"3"
2100,3,3,62,-5.589379026,"3"
2100,3,4,63,-5.421529806,"3"
2100,3,5,64,-5.400167178,"3"
2100,3,6,65,-5.244525174,"3"
2100,3,7,66,-6.55374909,"3"
2100,3,8,67,-5.381856354,"3"
2100,3,9,68,-4.475470566,"3"
2100,3,10,69,-3.996337338,"3"
2100,3,11,70,-3.093003354,"3"
2100,3,12,71,-2.024871954,"3"
2100,3,13,72,-2.092011642,"3"
2100,3,14,73,-2.595559302,"3"
2100,3,15,74,-2.171358546,"3"
2100,3,16,75,-2.705424246,"3"
2100,3,17,76,-2.287327098,"3"
2100,3,18,77,-0.813305766,"3"
2100,3,19,78,-0.688181802,"3"
2100,3,20,79,-2.256809058,"3"
2100,3,21,80,-2.543678634,"3"
2100,3,22,81,-2.381933022,"3"
2100,3,23,82,-0.166323318,"3"
2100,3,24,83,0.70954443,"3"
2100,3,25,84,1.020828438,"3"
2100,3,26,85,1.68612171,"3"
2100,3,27,86,1.011673026,"3"
2100,3,28,87,1.643396454,"3"
2100,3,29,88,2.549782242,"3"
2100,3,30,89,1.390096722,"3"
2100,3,31,90,1.469443626,"3"
2025,4,1,91,-4.359502014,"3"
2025,4,2,92,-3.04417449,"3"
2025,4,3,93,-3.779659254,"3"
2025,4,4,94,-3.813229098,"3"
2025,4,5,95,-3.297474222,"3"
2025,4,6,96,-3.413442774,"3"
2025,4,7,97,-3.828488118,"3"
2025,4,8,98,-3.123521394,"3"
2025,4,9,99,-2.961775782,"3"
2025,4,10,100,-1.863126342,"3"
2025,4,11,101,-1.857022734,"3"
2025,4,12,102,-1.118486166,"3"
2025,4,13,103,-2.003509326,"3"
2025,4,14,104,-2.409399258,"3"
2025,4,15,105,-2.061493602,"3"
2025,4,16,106,-0.798046746,"3"
2025,4,17,107,0.456244698,"3"
2025,4,18,108,0.804150354,"3"
2025,4,19,109,0.349431558,"3"
2025,4,20,110,0.303654498,"3"
2025,4,21,111,0.477607326,"3"
2025,4,22,112,0.166323318,"3"
2025,4,23,113,0.325017126,"3"
2025,4,24,114,1.408407546,"3"
2025,4,25,115,1.707484338,"3"
2025,4,26,116,2.354466786,"3"
2025,4,27,117,2.491797966,"3"
2025,4,28,118,1.80819387,"3"
2025,4,29,119,2.772563934,"3"
2025,4,30,120,3.001449234,"3"
2026,4,1,91,-5.83657515,"3"
2026,4,2,92,-6.611733366,"3"
2026,4,3,93,-6.077667666,"3"
2026,4,4,94,-6.410314302,"3"
2026,4,5,95,-6.227206062,"3"
2026,4,6,96,-5.400167178,"3"
2026,4,7,97,-4.759288338,"3"
2026,4,8,98,-5.16517827,"3"
2026,4,9,99,-2.290378902,"3"
2026,4,10,100,-2.272068078,"3"
2026,4,11,101,-1.890592578,"3"
2026,4,12,102,-2.427710082,"3"
2026,4,13,103,-2.131685094,"3"
2026,4,14,104,-1.542686922,"3"
2026,4,15,105,-1.280231778,"3"
2026,4,16,106,-0.486762738,"3"
2026,4,17,107,0.38910501,"3"
2026,4,18,108,0.444037482,"3"
2026,4,19,109,0.028992138,"3"
2026,4,20,110,0.215152182,"3"
2026,4,21,111,0.55695423,"3"
2026,4,22,112,0.675974586,"3"
2026,4,23,113,0.135805278,"3"
2026,4,24,114,0.67902639,"3"
2026,4,25,115,1.45723641,"3"
2026,4,26,116,2.333104158,"3"
2026,4,27,117,1.643396454,"3"
2026,4,28,118,2.323948746,"3"
2026,4,29,119,2.09811525,"3"
2026,4,30,120,1.881437166,"3"
2027,4,1,91,-7.048141338,"3"
2027,4,2,92,-6.749064546,"3"
2027,4,3,93,-6.59952615,"3"
2027,4,4,94,-5.952543702,"3"
2027,4,5,95,-5.366597334,"3"
2027,4,6,96,-5.48561769,"3"
2027,4,7,97,-5.140763838,"3"
2027,4,8,98,-4.713511278,"3"
2027,4,9,99,-3.978026514,"3"
2027,4,10,100,-3.05943351,"3"
2027,4,11,101,-2.305637922,"3"
2027,4,12,102,-2.943464958,"3"
2027,4,13,103,-0.965895966,"3"
2027,4,14,104,-1.283283582,"3"
2027,4,15,105,-1.127641578,"3"
2027,4,16,106,-1.255817346,"3"
2027,4,17,107,-2.153047722,"3"
2027,4,18,108,-1.466391822,"3"
2027,4,19,109,0.059510178,"3"
2027,4,20,110,0.563057838,"3"
2027,4,21,111,-0.651560154,"3"
2027,4,22,112,-0.260929242,"3"
2027,4,23,113,-0.309758106,"3"
2027,4,24,114,0.685129998,"3"
2027,4,25,115,1.322957034,"3"
2027,4,26,116,2.360570394,"3"
2027,4,27,117,2.84580723,"3"
2027,4,28,118,1.96078407,"3"
2027,4,29,119,2.787822954,"3"
2027,4,30,120,3.352406694,"3"
2028,4,1,92,-4.869153282,"3"
2028,4,2,93,-4.87525689,"3"
2028,4,3,94,-5.052261522,"3"
2028,4,4,95,-4.557869274,"3"
2028,4,5,96,-3.376821126,"3"
2028,4,6,97,-3.193712886,"3"
2028,4,7,98,-3.57824019,"3"
2028,4,8,99,-2.803081974,"3"
2028,4,9,100,-2.381933022,"3"
2028,4,10,101,-1.939421442,"3"
2028,4,11,102,-2.580300282,"3"
2028,4,12,103,-1.493858058,"3"
2028,4,13,104,-0.55695423,"3"
2028,4,14,105,-1.210040286,"3"
2028,4,15,106,-1.127641578,"3"
2028,4,16,107,-1.28938719,"3"
2028,4,17,108,-0.596627682,"3"
2028,4,18,109,-0.471503718,"3"
2028,4,19,110,-0.245670222,"3"
2028,4,20,111,0.199893162,"3"
2028,4,21,112,0.657663762,"3"
2028,4,22,113,0.752269686,"3"
2028,4,23,114,2.229342822,"3"
2028,4,24,115,2.34225957,"3"
2028,4,25,116,0.886549062,"3"
2028,4,26,117,1.338216054,"3"
2028,4,27,118,2.012664738,"3"
2028,4,28,119,3.443960814,"3"
2028,4,29,120,4.37170923,"3"
2028,4,30,121,4.328983974,"3"
2029,4,1,91,-4.658578806,"3"
2029,4,2,92,-4.182497382,"3"
2029,4,3,93,-4.29541413,"3"
2029,4,4,94,-4.930189362,"3"
2029,4,5,95,-4.58533551,"3"
2029,4,6,96,-4.20386001,"3"
2029,4,7,97,-3.63927627,"3"
2029,4,8,98,-4.472418762,"3"
2029,4,9,99,-3.633172662,"3"
2029,4,10,100,-3.306629634,"3"
2029,4,11,101,-2.000457522,"3"
2029,4,12,102,-1.741054182,"3"
2029,4,13,103,-1.063553694,"3"
2029,4,14,104,-0.935377926,"3"
2029,4,15,105,-1.219195698,"3"
2029,4,16,106,-0.611886702,"3"
2029,4,17,107,-0.025940334,"3"
2029,4,18,108,0.242618418,"3"
2029,4,19,109,0.721751646,"3"
2029,4,20,110,1.13679699,"3"
2029,4,21,111,0.721751646,"3"
2029,4,22,112,1.133745186,"3"
2029,4,23,113,0.75532149,"3"
2029,4,24,114,1.408407546,"3"
2029,4,25,115,1.524376098,"3"
2029,4,26,116,1.463340018,"3"
2029,4,27,117,2.671854402,"3"
2029,4,28,118,3.111314178,"3"
2029,4,29,119,4.08178785,"3"
2029,4,30,120,3.91393863,"3"
2030,4,1,91,-5.125504818,"3"
2030,4,2,92,-5.156022858,"3"
2030,4,3,93,-5.278095018,"3"
2030,4,4,94,-5.558860986,"3"
2030,4,5,95,-4.869153282,"3"
2030,4,6,96,-5.290302234,"3"
2030,4,7,97,-6.285190338,"3"
2030,4,8,98,-6.105133902,"3"
2030,4,9,99,-3.569084778,"3"
2030,4,10,100,-3.053329902,"3"
2030,4,11,101,-3.962767494,"3"
2030,4,12,102,-1.979094894,"3"
2030,4,13,103,-1.582360374,"3"
2030,4,14,104,-2.073700818,"3"
2030,4,15,105,-1.008621222,"3"
2030,4,16,106,-0.691233606,"3"
2030,4,17,107,-1.063553694,"3"
2030,4,18,108,-0.517280778,"3"
2030,4,19,109,0.105287238,"3"
2030,4,20,110,1.28938719,"3"
2030,4,21,111,1.042191066,"3"
2030,4,22,112,1.246661934,"3"
2030,4,23,113,1.271076366,"3"
2030,4,24,114,1.646448258,"3"
2030,4,25,115,1.054398282,"3"
2030,4,26,116,0.975051378,"3"
2030,4,27,117,1.728846966,"3"
2030,4,28,118,2.41855467,"3"
2030,4,29,119,2.546730438,"3"
2030,4,30,120,3.666742506,"3"
2031,4,1,91,-6.285190338,"3"
2031,4,2,92,-5.738917422,"3"
2031,4,3,93,-4.527351234,"3"
2031,4,4,94,-2.336155962,"3"
2031,4,5,95,-3.48668607,"3"
2031,4,6,96,-3.68505333,"3"
2031,4,7,97,-3.62401725,"3"
2031,4,8,98,-3.178453866,"3"
2031,4,9,99,-3.416494578,"3"
2031,4,10,100,-2.345311374,"3"
2031,4,11,101,-3.050278098,"3"
2031,4,12,102,-1.875333558,"3"
2031,4,13,103,-2.302586118,"3"
2031,4,14,104,-2.23544643,"3"
2031,4,15,105,-1.112382558,"3"
2031,4,16,106,0.437933874,"3"
2031,4,17,107,-0.325017126,"3"
2031,4,18,108,0.471503718,"3"
2031,4,19,109,1.127641578,"3"
2031,4,20,110,1.023880242,"3"
2031,4,21,111,1.225299306,"3"
2031,4,22,112,2.421606474,"3"
2031,4,23,113,1.911955206,"3"
2031,4,24,114,1.557945942,"3"
2031,4,25,115,1.734950574,"3"
2031,4,26,116,2.149995918,"3"
2031,4,27,117,1.979094894,"3"
2031,4,28,118,2.406347454,"3"
2031,4,29,119,3.016708254,"3"
2031,4,30,120,5.290302234,"3"
2032,4,1,92,-5.711451186,"3"
2032,4,2,93,-5.616845262,"3"
2032,4,3,94,-4.258792482,"3"
2032,4,4,95,-4.603646334,"3"
2032,4,5,96,-4.090943262,"3"
2032,4,6,97,-4.52429943,"3"
2032,4,7,98,-3.34935489,"3"
2032,4,8,99,-2.92210233,"3"
2032,4,9,100,-3.163194846,"3"
2032,4,10,101,-3.321888654,"3"
2032,4,11,102,-2.244601842,"3"
2032,4,12,103,-1.405355742,"3"
2032,4,13,104,-1.100175342,"3"
2032,4,14,105,-1.298542602,"3"
2032,4,15,106,-1.28938719,"3"
2032,4,16,107,-1.722743358,"3"
2032,4,17,108,-1.124589774,"3"
2032,4,18,109,0.291447282,"3"
2032,4,19,110,0.624093918,"3"
2032,4,20,111,1.023880242,"3"
2032,4,21,112,-0.166323318,"3"
2032,4,22,113,1.454184606,"3"
2032,4,23,114,1.71663975,"3"
2032,4,24,115,1.768520418,"3"
2032,4,25,116,2.458228122,"3"
2032,4,26,117,2.626077342,"3"
2032,4,27,118,2.659647186,"3"
2032,4,28,119,3.172350258,"3"
2032,4,29,120,3.41039097,"3"
2032,4,30,121,3.346303086,"3"
2033,4,1,91,-4.423589898,"3"
2033,4,2,92,-4.512092214,"3"
2033,4,3,93,-4.52429943,"3"
2033,4,4,94,-3.801021882,"3"
2033,4,5,95,-3.184557474,"3"
2033,4,6,96,-2.96787939,"3"
2033,4,7,97,-1.307698014,"3"
2033,4,8,98,-0.688181802,"3"
2033,4,9,99,-0.804150354,"3"
2033,4,10,100,-1.329060642,"3"
2033,4,11,101,-1.133745186,"3"
2033,4,12,102,-0.901808082,"3"
2033,4,13,103,-0.981154986,"3"
2033,4,14,104,-1.31990523,"3"
2033,4,15,105,-1.07576091,"3"
2033,4,16,106,-0.379949598,"3"
2033,4,17,107,0.080872806,"3"
2033,4,18,108,-0.477607326,"3"
2033,4,19,109,-0.45014109,"3"
2033,4,20,110,0.151064298,"3"
2033,4,21,111,0.004577706,"3"
2033,4,22,112,0.886549062,"3"
2033,4,23,113,1.448080998,"3"
2033,4,24,114,0.688181802,"3"
2033,4,25,115,0.63324933,"3"
2033,4,26,116,1.023880242,"3"
2033,4,27,117,2.03707917,"3"
2033,4,28,118,2.696268834,"3"
2033,4,29,119,3.169298454,"3"
2033,4,30,120,4.307621346,"3"
2034,4,1,91,-4.521247626,"3"
2034,4,2,92,-4.054321614,"3"
2034,4,3,93,-4.670786022,"3"
2034,4,4,94,-4.63111257,"3"
2034,4,5,95,-3.825436314,"3"
2034,4,6,96,-2.629129146,"3"
2034,4,7,97,-3.01365645,"3"
2034,4,8,98,-2.900739702,"3"
2034,4,9,99,-3.996337338,"3"
2034,4,10,100,-3.053329902,"3"
2034,4,11,101,-1.728846966,"3"
2034,4,12,102,-2.351414982,"3"
2034,4,13,103,-1.063553694,"3"
2034,4,14,104,-0.889600866,"3"
2034,4,15,105,-0.715648038,"3"
2034,4,16,106,-0.773632314,"3"
2034,4,17,107,-0.20599677,"3"
2034,4,18,108,-0.126649866,"3"
2034,4,19,109,-0.611886702,"3"
2034,4,20,110,-1.240558326,"3"
2034,4,21,111,-0.108339042,"3"
2034,4,22,112,1.499961666,"3"
2034,4,23,113,2.63218095,"3"
2034,4,24,114,2.394140238,"3"
2034,4,25,115,3.294422418,"3"
2034,4,26,116,2.790874758,"3"
2034,4,27,117,3.36461391,"3"
2034,4,28,118,3.544670346,"3"
2034,4,29,119,2.928205938,"3"
2034,4,30,120,4.11230589,"3"
2035,4,1,91,-4.582283706,"3"
2035,4,2,92,-4.878308694,"3"
2035,4,3,93,-4.744029318,"3"
2035,4,4,94,-5.351338314,"3"
2035,4,5,95,-5.046157914,"3"
2035,4,6,96,-3.66979431,"3"
2035,4,7,97,-2.751201306,"3"
2035,4,8,98,-2.452124514,"3"
2035,4,9,99,-2.183565762,"3"
2035,4,10,100,-2.656595382,"3"
2035,4,11,101,-2.256809058,"3"
2035,4,12,102,-1.356526878,"3"
2035,4,13,103,-0.90791169,"3"
2035,4,14,104,-0.477607326,"3"
2035,4,15,105,-0.096131826,"3"
2035,4,16,106,-0.11444265,"3"
2035,4,17,107,-0.154116102,"3"
2035,4,18,108,0.54169521,"3"
2035,4,19,109,-0.041199354,"3"
2035,4,20,110,-0.752269686,"3"
2035,4,21,111,-0.550850622,"3"
2035,4,22,112,0.071717394,"3"
2035,4,23,113,0.971999574,"3"
2035,4,24,114,1.73189877,"3"
2035,4,25,115,2.253757254,"3"
2035,4,26,116,3.627069054,"3"
2035,4,27,117,3.865109766,"3"
2035,4,28,118,2.934309546,"3"
2035,4,29,119,3.892576002,"3"
2035,4,30,120,5.534446554,"3"
2036,4,1,92,-3.749141214,"3"
2036,4,2,93,-4.267947894,"3"
2036,4,3,94,-4.00549275,"3"
2036,4,4,95,-3.535514934,"3"
2036,4,5,96,-3.340199478,"3"
2036,4,6,97,-3.559929366,"3"
2036,4,7,98,-3.971922906,"3"
2036,4,8,99,-2.958723978,"3"
2036,4,9,100,-2.162203134,"3"
2036,4,10,101,-1.88448897,"3"
2036,4,11,102,-1.628137434,"3"
2036,4,12,103,-1.176470442,"3"
2036,4,13,104,-0.395208618,"3"
2036,4,14,105,-0.044251158,"3"
2036,4,15,106,0.154116102,"3"
2036,4,16,107,0.660715566,"3"
2036,4,17,108,0.959792358,"3"
2036,4,18,109,0.669870978,"3"
2036,4,19,110,1.631189238,"3"
2036,4,20,111,1.393148526,"3"
2036,4,21,112,0.904859886,"3"
2036,4,22,113,1.509117078,"3"
2036,4,23,114,1.45723641,"3"
2036,4,24,115,1.741054182,"3"
2036,4,25,116,2.330052354,"3"
2036,4,26,117,3.276111594,"3"
2036,4,27,118,4.206911814,"3"
2036,4,28,119,3.596551014,"3"
2036,4,29,120,4.805065398,"3"
2036,4,30,121,5.024795286,"3"
2037,4,1,91,-5.107193994,"3"
2037,4,2,92,-4.988173638,"3"
2037,4,3,93,-3.337147674,"3"
2037,4,4,94,-3.016708254,"3"
2037,4,5,95,-3.007552842,"3"
2037,4,6,96,-3.47142705,"3"
2037,4,7,97,-5.644311498,"3"
2037,4,8,98,-3.57824019,"3"
2037,4,9,99,-1.658655474,"3"
2037,4,10,100,-1.658655474,"3"
2037,4,11,101,-0.425726658,"3"
2037,4,12,102,-0.584420466,"3"
2037,4,13,103,-0.67902639,"3"
2037,4,14,104,0.502021758,"3"
2037,4,15,105,-0.279240066,"3"
2037,4,16,106,-0.065613786,"3"
2037,4,17,107,-0.828564786,"3"
2037,4,18,108,-0.29755089,"3"
2037,4,19,109,0.575265054,"3"
2037,4,20,110,1.158159618,"3"
2037,4,21,111,1.814297478,"3"
2037,4,22,112,1.628137434,"3"
2037,4,23,113,3.099106962,"3"
2037,4,24,114,3.321888654,"3"
2037,4,25,115,3.294422418,"3"
2037,4,26,116,3.51720411,"3"
2037,4,27,117,3.666742506,"3"
2037,4,28,118,2.455176318,"3"
2037,4,29,119,2.714579658,"3"
2037,4,30,120,4.438848918,"3"
2038,4,1,91,-4.185549186,"3"
2038,4,2,92,-5.082779562,"3"
2038,4,3,93,-5.156022858,"3"
2038,4,4,94,-3.904783218,"3"
2038,4,5,95,-3.071640726,"3"
2038,4,6,96,-2.705424246,"3"
2038,4,7,97,-3.117417786,"3"
2038,4,8,98,-3.111314178,"3"
2038,4,9,99,-3.474478854,"3"
2038,4,10,100,-3.297474222,"3"
2038,4,11,101,-1.643396454,"3"
2038,4,12,102,-0.819409374,"3"
2038,4,13,103,-0.64850835,"3"
2038,4,14,104,-0.624093918,"3"
2038,4,15,105,-0.077821002,"3"
2038,4,16,106,0.721751646,"3"
2038,4,17,107,0.993362202,"3"
2038,4,18,108,1.460288214,"3"
2038,4,19,109,0.901808082,"3"
2038,4,20,110,1.908903402,"3"
2038,4,21,111,1.725795162,"3"
2038,4,22,112,1.933317834,"3"
2038,4,23,113,2.549782242,"3"
2038,4,24,114,3.590447406,"3"
2038,4,25,115,3.34935489,"3"
2038,4,26,116,3.068588922,"3"
2038,4,27,117,3.202868298,"3"
2038,4,28,118,4.008544554,"3"
2038,4,29,119,4.438848918,"3"
2038,4,30,120,4.939344774,"3"
2039,4,1,91,-3.80712549,"3"
2039,4,2,92,-4.145875734,"3"
2039,4,3,93,-4.423589898,"3"
2039,4,4,94,-3.92919765,"3"
2039,4,5,95,-3.752193018,"3"
2039,4,6,96,-4.499884998,"3"
2039,4,7,97,-4.747081122,"3"
2039,4,8,98,-3.895627806,"3"
2039,4,9,99,-1.612878414,"3"
2039,4,10,100,-2.131685094,"3"
2039,4,11,101,-2.027923758,"3"
2039,4,12,102,-1.374837702,"3"
2039,4,13,103,-0.96894777,"3"
2039,4,14,104,0.431830266,"3"
2039,4,15,105,0.444037482,"3"
2039,4,16,106,0.263981046,"3"
2039,4,17,107,0.81635757,"3"
2039,4,18,108,0.828564786,"3"
2039,4,19,109,1.512168882,"3"
2039,4,20,110,2.015716542,"3"
2039,4,21,111,2.079804426,"3"
2039,4,22,112,2.854962642,"3"
2039,4,23,113,3.117417786,"3"
2039,4,24,114,2.015716542,"3"
2039,4,25,115,2.842755426,"3"
2039,4,26,116,3.309681438,"3"
2039,4,27,117,4.53955845,"3"
2039,4,28,118,4.70740767,"3"
2039,4,29,119,3.953612082,"3"
2039,4,30,120,3.529411326,"3"
2040,4,1,92,-4.21911903,"3"
2040,4,2,93,-4.557869274,"3"
2040,4,3,94,-3.88342059,"3"
2040,4,4,95,-4.328983974,"3"
2040,4,5,96,-3.892576002,"3"
2040,4,6,97,-3.703364154,"3"
2040,4,7,98,-2.796978366,"3"
2040,4,8,99,-3.50194509,"3"
2040,4,9,100,-2.69321703,"3"
2040,4,10,101,-1.887540774,"3"
2040,4,11,102,-1.225299306,"3"
2040,4,12,103,-1.322957034,"3"
2040,4,13,104,-1.176470442,"3"
2040,4,14,105,-0.730907058,"3"
2040,4,15,106,-0.453192894,"3"
2040,4,16,107,0.17547873,"3"
2040,4,17,108,0.730907058,"3"
2040,4,18,109,0.334172538,"3"
2040,4,19,110,0.865186434,"3"
2040,4,20,111,0.761425098,"3"
2040,4,21,112,2.055389994,"3"
2040,4,22,113,2.595559302,"3"
2040,4,23,114,3.138780414,"3"
2040,4,24,115,2.696268834,"3"
2040,4,25,116,2.519264202,"3"
2040,4,26,117,2.381933022,"3"
2040,4,27,118,3.297474222,"3"
2040,4,28,119,3.855954354,"3"
2040,4,29,120,3.376821126,"3"
2040,4,30,121,4.084839654,"3"
2041,4,1,91,-4.734873906,"3"
2041,4,2,92,-4.41748629,"3"
2041,4,3,93,-4.252688874,"3"
2041,4,4,94,-4.136720322,"3"
2041,4,5,95,-3.962767494,"3"
2041,4,6,96,-2.702372442,"3"
2041,4,7,97,-3.239489946,"3"
2041,4,8,98,-2.992293822,"3"
2041,4,9,99,-1.982146698,"3"
2041,4,10,100,-0.843823806,"3"
2041,4,11,101,-0.178530534,"3"
2041,4,12,102,-0.361638774,"3"
2041,4,13,103,-1.219195698,"3"
2041,4,14,104,-0.453192894,"3"
2041,4,15,105,-1.103227146,"3"
2041,4,16,106,-0.065613786,"3"
2041,4,17,107,0.621042114,"3"
2041,4,18,108,0.093080022,"3"
2041,4,19,109,-0.013733118,"3"
2041,4,20,110,0.532539798,"3"
2041,4,21,111,1.741054182,"3"
2041,4,22,112,1.713587946,"3"
2041,4,23,113,2.565041262,"3"
2041,4,24,114,2.607766518,"3"
2041,4,25,115,2.302586118,"3"
2041,4,26,116,3.74608941,"3"
2041,4,27,117,2.946516762,"3"
2041,4,28,118,3.65453529,"3"
2041,4,29,119,3.526359522,"3"
2041,4,30,120,4.032958986,"3"
2042,4,1,91,-4.933241166,"3"
2042,4,2,92,-4.298465934,"3"
2042,4,3,93,-4.686045042,"3"
2042,4,4,94,-5.384908158,"3"
2042,4,5,95,-3.843747138,"3"
2042,4,6,96,-3.511100502,"3"
2042,4,7,97,-1.76241681,"3"
2042,4,8,98,-2.64743997,"3"
2042,4,9,99,-2.717631462,"3"
2042,4,10,100,-2.67795801,"3"
2042,4,11,101,-2.22018741,"3"
2042,4,12,102,-1.445029194,"3"
2042,4,13,103,-0.920118906,"3"
2042,4,14,104,-1.695277122,"3"
2042,4,15,105,-1.689173514,"3"
2042,4,16,106,-0.791943138,"3"
2042,4,17,107,-1.078812714,"3"
2042,4,18,108,-0.23651481,"3"
2042,4,19,109,0.141908886,"3"
2042,4,20,110,0.727855254,"3"
2042,4,21,111,0.48065913,"3"
2042,4,22,112,1.692225318,"3"
2042,4,23,113,1.466391822,"3"
2042,4,24,114,1.94552505,"3"
2042,4,25,115,1.835660106,"3"
2042,4,26,116,3.39513195,"3"
2042,4,27,117,3.53246313,"3"
2042,4,28,118,3.413442774,"3"
2042,4,29,119,3.215075514,"3"
2042,4,30,120,3.703364154,"3"
2043,4,1,91,-2.964827586,"3"
2043,4,2,92,-3.050278098,"3"
2043,4,3,93,-2.238498234,"3"
2043,4,4,94,-3.263904378,"3"
2043,4,5,95,-3.993285534,"3"
2043,4,6,96,-2.690165226,"3"
2043,4,7,97,-2.122529682,"3"
2043,4,8,98,-2.156099526,"3"
2043,4,9,99,-2.38803663,"3"
2043,4,10,100,-1.097123538,"3"
2043,4,11,101,-0.486762738,"3"
2043,4,12,102,-0.81635757,"3"
2043,4,13,103,-0.81635757,"3"
2043,4,14,104,-0.355535166,"3"
2043,4,15,105,-0.230411202,"3"
2043,4,16,106,1.22835111,"3"
2043,4,17,107,1.216143894,"3"
2043,4,18,108,0.474555522,"3"
2043,4,19,109,1.576256766,"3"
2043,4,20,110,2.98313841,"3"
2043,4,21,111,3.007552842,"3"
2043,4,22,112,1.316853426,"3"
2043,4,23,113,1.652551866,"3"
2043,4,24,114,2.171358546,"3"
2043,4,25,115,3.541618542,"3"
2043,4,26,116,3.535514934,"3"
2043,4,27,117,4.237429854,"3"
2043,4,28,118,4.460211546,"3"
2043,4,29,119,5.238421566,"3"
2043,4,30,120,5.046157914,"3"
2044,4,1,92,-4.823376222,"3"
2044,4,2,93,-5.525291142,"3"
2044,4,3,94,-5.748072834,"3"
2044,4,4,95,-3.855954354,"3"
2044,4,5,96,-3.370717518,"3"
2044,4,6,97,-2.317845138,"3"
2044,4,7,98,-2.070649014,"3"
2044,4,8,99,-2.330052354,"3"
2044,4,9,100,-1.832608302,"3"
2044,4,10,101,-2.116426074,"3"
2044,4,11,102,-1.612878414,"3"
2044,4,12,103,-1.09101993,"3"
2044,4,13,104,-0.126649866,"3"
2044,4,14,105,-0.37384599,"3"
2044,4,15,106,-0.294499086,"3"
2044,4,16,107,0.444037482,"3"
2044,4,17,108,0.141908886,"3"
2044,4,18,109,0.697337214,"3"
2044,4,19,110,2.577248478,"3"
2044,4,20,111,3.276111594,"3"
2044,4,21,112,3.21202371,"3"
2044,4,22,113,1.722743358,"3"
2044,4,23,114,1.081864518,"3"
2044,4,24,115,1.191729462,"3"
2044,4,25,116,2.775615738,"3"
2044,4,26,117,4.045166202,"3"
2044,4,27,118,4.225222638,"3"
2044,4,28,119,5.647363302,"3"
2044,4,29,120,4.67688963,"3"
2044,4,30,121,3.529411326,"3"
2045,4,1,91,-3.92919765,"3"
2045,4,2,92,-3.694208742,"3"
2045,4,3,93,-2.125581486,"3"
2045,4,4,94,-2.003509326,"3"
2045,4,5,95,-2.473487142,"3"
2045,4,6,96,-1.570153158,"3"
2045,4,7,97,-2.885480682,"3"
2045,4,8,98,-2.504005182,"3"
2045,4,9,99,-0.987258594,"3"
2045,4,10,100,-0.636301134,"3"
2045,4,11,101,-0.471503718,"3"
2045,4,12,102,-0.22125579,"3"
2045,4,13,103,0.306706302,"3"
2045,4,14,104,0.459296502,"3"
2045,4,15,105,1.222247502,"3"
2045,4,16,106,0.35858697,"3"
2045,4,17,107,0.52643619,"3"
2045,4,18,108,0.462348306,"3"
2045,4,19,109,1.234454718,"3"
2045,4,20,110,1.371785898,"3"
2045,4,21,111,1.560997746,"3"
2045,4,22,112,1.68612171,"3"
2045,4,23,113,3.157091238,"3"
2045,4,24,114,3.27305979,"3"
2045,4,25,115,4.197756402,"3"
2045,4,26,116,3.819332706,"3"
2045,4,27,117,4.563972882,"3"
2045,4,28,118,5.082779562,"3"
2045,4,29,119,5.903714838,"3"
2045,4,30,120,5.479514082,"3"
2046,4,1,91,-2.23544643,"3"
2046,4,2,92,-4.258792482,"3"
2046,4,3,93,-3.76134843,"3"
2046,4,4,94,-3.443960814,"3"
2046,4,5,95,-2.461279926,"3"
2046,4,6,96,-1.860074538,"3"
2046,4,7,97,-0.828564786,"3"
2046,4,8,98,-1.902799794,"3"
2046,4,9,99,-2.409399258,"3"
2046,4,10,100,-2.287327098,"3"
2046,4,11,101,-1.115434362,"3"
2046,4,12,102,-1.481650842,"3"
2046,4,13,103,-0.721751646,"3"
2046,4,14,104,-0.782787726,"3"
2046,4,15,105,-0.035095746,"3"
2046,4,16,106,1.100175342,"3"
2046,4,17,107,0.645456546,"3"
2046,4,18,108,0.529487994,"3"
2046,4,19,109,-0.105287238,"3"
2046,4,20,110,0.355535166,"3"
2046,4,21,111,1.084916322,"3"
2046,4,22,112,1.939421442,"3"
2046,4,23,113,2.024871954,"3"
2046,4,24,114,1.94552505,"3"
2046,4,25,115,2.54062683,"3"
2046,4,26,116,4.045166202,"3"
2046,4,27,117,4.55481747,"3"
2046,4,28,118,4.557869274,"3"
2046,4,29,119,3.706415958,"3"
2046,4,30,120,6.068512254,"3"
2047,4,1,91,-4.637216178,"3"
2047,4,2,92,-4.34119119,"3"
2047,4,3,93,-3.630120858,"3"
2047,4,4,94,-2.763408522,"3"
2047,4,5,95,-2.980086606,"3"
2047,4,6,96,-2.558937654,"3"
2047,4,7,97,-1.756313202,"3"
2047,4,8,98,-1.268024562,"3"
2047,4,9,99,-2.107270662,"3"
2047,4,10,100,-2.760356718,"3"
2047,4,11,101,-2.653543578,"3"
2047,4,12,102,-1.18257405,"3"
2047,4,13,103,-1.173418638,"3"
2047,4,14,104,-1.246661934,"3"
2047,4,15,105,-0.38910501,"3"
2047,4,16,106,-0.141908886,"3"
2047,4,17,107,0.843823806,"3"
2047,4,18,108,1.020828438,"3"
2047,4,19,109,0.874341846,"3"
2047,4,20,110,1.280231778,"3"
2047,4,21,111,2.592507498,"3"
2047,4,22,112,2.839703622,"3"
2047,4,23,113,2.714579658,"3"
2047,4,24,114,2.592507498,"3"
2047,4,25,115,2.015716542,"3"
2047,4,26,116,2.986190214,"3"
2047,4,27,117,3.04417449,"3"
2047,4,28,118,3.453116226,"3"
2047,4,29,119,3.947508474,"3"
2047,4,30,120,3.834591726,"3"
2048,4,1,92,-2.522316006,"3"
2048,4,2,93,-3.434805402,"3"
2048,4,3,94,-2.43381369,"3"
2048,4,4,95,-0.941481534,"3"
2048,4,5,96,-1.927214226,"3"
2048,4,6,97,-2.03707917,"3"
2048,4,7,98,-2.03707917,"3"
2048,4,8,99,-2.134736898,"3"
2048,4,9,100,-1.80819387,"3"
2048,4,10,101,-0.978103182,"3"
2048,4,11,102,-1.252765542,"3"
2048,4,12,103,0.212100378,"3"
2048,4,13,104,-0.651560154,"3"
2048,4,14,105,-0.764476902,"3"
2048,4,15,106,0.013733118,"3"
2048,4,16,107,0.593575878,"3"
2048,4,17,108,0.743114274,"3"
2048,4,18,109,1.005569418,"3"
2048,4,19,110,1.866178146,"3"
2048,4,20,111,1.850919126,"3"
2048,4,21,112,2.482642554,"3"
2048,4,22,113,2.583352086,"3"
2048,4,23,114,3.337147674,"3"
2048,4,24,115,2.595559302,"3"
2048,4,25,116,1.80819387,"3"
2048,4,26,117,3.025863666,"3"
2048,4,27,118,4.81422081,"3"
2048,4,28,119,4.899671322,"3"
2048,4,29,120,4.759288338,"3"
2048,4,30,121,4.740977514,"3"
2049,4,1,91,-4.23437805,"3"
2049,4,2,92,-3.846798942,"3"
2049,4,3,93,-3.736933998,"3"
2049,4,4,94,-4.29541413,"3"
2049,4,5,95,-4.002440946,"3"
2049,4,6,96,-2.473487142,"3"
2049,4,7,97,-3.65453529,"3"
2049,4,8,98,-3.373769322,"3"
2049,4,9,99,-2.26596447,"3"
2049,4,10,100,-1.551842334,"3"
2049,4,11,101,-1.432821978,"3"
2049,4,12,102,-1.084916322,"3"
2049,4,13,103,1.002517614,"3"
2049,4,14,104,0.654611958,"3"
2049,4,15,105,0.215152182,"3"
2049,4,16,106,1.527427902,"3"
2049,4,17,107,1.918058814,"3"
2049,4,18,108,1.65560367,"3"
2049,4,19,109,0.950636946,"3"
2049,4,20,110,1.25886915,"3"
2049,4,21,111,1.51827249,"3"
2049,4,22,112,1.322957034,"3"
2049,4,23,113,2.308689726,"3"
2049,4,24,114,3.492789678,"3"
2049,4,25,115,4.304569542,"3"
2049,4,26,116,3.080796138,"3"
2049,4,27,117,2.195772978,"3"
2049,4,28,118,2.925154134,"3"
2049,4,29,119,3.843747138,"3"
2049,4,30,120,4.15808295,"3"
2050,4,1,91,-5.51613573,"3"
2050,4,2,92,-4.393071858,"3"
2050,4,3,93,-3.529411326,"3"
2050,4,4,94,-3.889524198,"3"
2050,4,5,95,-3.688105134,"3"
2050,4,6,96,-3.846798942,"3"
2050,4,7,97,-3.10521057,"3"
2050,4,8,98,-1.74715779,"3"
2050,4,9,99,-0.364690578,"3"
2050,4,10,100,-0.398260422,"3"
2050,4,11,101,-1.45723641,"3"
2050,4,12,102,-1.683069906,"3"
2050,4,13,103,-0.49591815,"3"
2050,4,14,104,-0.03814755,"3"
2050,4,15,105,1.292438994,"3"
2050,4,16,106,2.87632527,"3"
2050,4,17,107,2.186617566,"3"
2050,4,18,108,1.643396454,"3"
2050,4,19,109,1.47249543,"3"
2050,4,20,110,2.81528919,"3"
2050,4,21,111,2.674906206,"3"
2050,4,22,112,2.528419614,"3"
2050,4,23,113,1.554894138,"3"
2050,4,24,114,2.595559302,"3"
2050,4,25,115,3.05943351,"3"
2050,4,26,116,2.839703622,"3"
2050,4,27,117,3.147935826,"3"
2050,4,28,118,2.992293822,"3"
2050,4,29,119,3.703364154,"3"
2050,4,30,120,5.122453014,"3"
2051,4,1,91,-3.633172662,"3"
2051,4,2,92,-2.41855467,"3"
2051,4,3,93,-3.022811862,"3"
2051,4,4,94,-2.345311374,"3"
2051,4,5,95,-2.427710082,"3"
2051,4,6,96,-3.007552842,"3"
2051,4,7,97,-2.552834046,"3"
2051,4,8,98,-1.857022734,"3"
2051,4,9,99,-1.36568229,"3"
2051,4,10,100,-1.033035654,"3"
2051,4,11,101,-1.133745186,"3"
2051,4,12,102,-0.37384599,"3"
2051,4,13,103,-0.148012494,"3"
2051,4,14,104,0.270084654,"3"
2051,4,15,105,0.886549062,"3"
2051,4,16,106,0.947585142,"3"
2051,4,17,107,1.026932046,"3"
2051,4,18,108,0.944533338,"3"
2051,4,19,109,0.87739365,"3"
2051,4,20,110,0.334172538,"3"
2051,4,21,111,0.517280778,"3"
2051,4,22,112,0.871290042,"3"
2051,4,23,113,1.383993114,"3"
2051,4,24,114,1.695277122,"3"
2051,4,25,115,2.116426074,"3"
2051,4,26,116,2.928205938,"3"
2051,4,27,117,3.56298117,"3"
2051,4,28,118,4.179445578,"3"
2051,4,29,119,5.400167178,"3"
2051,4,30,120,5.040054306,"3"
2052,4,1,92,-4.817272614,"3"
2052,4,2,93,-3.871213374,"3"
2052,4,3,94,-3.981078318,"3"
2052,4,4,95,-2.973982998,"3"
2052,4,5,96,-3.846798942,"3"
2052,4,6,97,-2.888532486,"3"
2052,4,7,98,-2.44907271,"3"
2052,4,8,99,-2.607766518,"3"
2052,4,9,100,-1.539635118,"3"
2052,4,10,101,-1.07576091,"3"
2052,4,11,102,-1.96078407,"3"
2052,4,12,103,-1.069657302,"3"
2052,4,13,104,-1.145952402,"3"
2052,4,14,105,-1.039139262,"3"
2052,4,15,106,-0.70954443,"3"
2052,4,16,107,-0.102235434,"3"
2052,4,17,108,0.383001402,"3"
2052,4,18,109,0.52643619,"3"
2052,4,19,110,1.475547234,"3"
2052,4,20,111,2.55588585,"3"
2052,4,21,112,3.160143042,"3"
2052,4,22,113,3.82238451,"3"
2052,4,23,114,2.943464958,"3"
2052,4,24,115,2.561989458,"3"
2052,4,25,116,2.507056986,"3"
2052,4,26,117,2.543678634,"3"
2052,4,27,118,3.691156938,"3"
2052,4,28,119,3.157091238,"3"
2052,4,29,120,3.996337338,"3"
2052,4,30,121,4.884412302,"3"
2053,4,1,91,-3.648431682,"3"
2053,4,2,92,-3.306629634,"3"
2053,4,3,93,-3.236438142,"3"
2053,4,4,94,-2.49484977,"3"
2053,4,5,95,-2.073700818,"3"
2053,4,6,96,-1.857022734,"3"
2053,4,7,97,-1.408407546,"3"
2053,4,8,98,-0.605783094,"3"
2053,4,9,99,-0.819409374,"3"
2053,4,10,100,-0.60273129,"3"
2053,4,11,101,-1.631189238,"3"
2053,4,12,102,-2.397192042,"3"
2053,4,13,103,-0.547798818,"3"
2053,4,14,104,0.218203986,"3"
2053,4,15,105,0.581368662,"3"
2053,4,16,106,1.615930218,"3"
2053,4,17,107,0.685129998,"3"
2053,4,18,108,1.74715779,"3"
2053,4,19,109,2.262912666,"3"
2053,4,20,110,2.482642554,"3"
2053,4,21,111,2.61692193,"3"
2053,4,22,112,2.81528919,"3"
2053,4,23,113,2.961775782,"3"
2053,4,24,114,3.483634266,"3"
2053,4,25,115,2.69321703,"3"
2053,4,26,116,2.458228122,"3"
2053,4,27,117,3.083847942,"3"
2053,4,28,118,3.831539922,"3"
2053,4,29,119,4.34119119,"3"
2053,4,30,120,6.596474346,"3"
2054,4,1,91,-3.382924734,"3"
2054,4,2,92,-2.842755426,"3"
2054,4,3,93,-3.962767494,"3"
2054,4,4,94,-3.22728273,"3"
2054,4,5,95,-1.771572222,"3"
2054,4,6,96,-1.268024562,"3"
2054,4,7,97,-1.164263226,"3"
2054,4,8,98,-2.565041262,"3"
2054,4,9,99,-1.539635118,"3"
2054,4,10,100,-1.008621222,"3"
2054,4,11,101,-0.889600866,"3"
2054,4,12,102,-0.77058051,"3"
2054,4,13,103,-0.181582338,"3"
2054,4,14,104,0.135805278,"3"
2054,4,15,105,0.636301134,"3"
2054,4,16,106,1.103227146,"3"
2054,4,17,107,-0.013733118,"3"
2054,4,18,108,1.82345289,"3"
2054,4,19,109,2.11337427,"3"
2054,4,20,110,2.26596447,"3"
2054,4,21,111,2.83054821,"3"
2054,4,22,112,2.137788702,"3"
2054,4,23,113,2.943464958,"3"
2054,4,24,114,3.831539922,"3"
2054,4,25,115,5.284198626,"3"
2054,4,26,116,4.76844375,"3"
2054,4,27,117,5.18043729,"3"
2054,4,28,118,6.620888778,"3"
2054,4,29,119,5.80605711,"3"
2054,4,30,120,5.445944238,"3"
2055,4,1,91,-4.756236534,"3"
2055,4,2,92,-4.435797114,"3"
2055,4,3,93,-4.560921078,"3"
2055,4,4,94,-3.743037606,"3"
2055,4,5,95,-2.116426074,"3"
2055,4,6,96,-2.735942286,"3"
2055,4,7,97,-2.549782242,"3"
2055,4,8,98,-2.192721174,"3"
2055,4,9,99,-2.26596447,"3"
2055,4,10,100,-0.74006247,"3"
2055,4,11,101,0.38910501,"3"
2055,4,12,102,1.210040286,"3"
2055,4,13,103,0.843823806,"3"
2055,4,14,104,0.55695423,"3"
2055,4,15,105,0.309758106,"3"
2055,4,16,106,0.538643406,"3"
2055,4,17,107,1.191729462,"3"
2055,4,18,108,2.162203134,"3"
2055,4,19,109,2.687113422,"3"
2055,4,20,110,3.703364154,"3"
2055,4,21,111,3.819332706,"3"
2055,4,22,112,2.78477115,"3"
2055,4,23,113,3.37987293,"3"
2055,4,24,114,3.996337338,"3"
2055,4,25,115,3.953612082,"3"
2055,4,26,116,3.797970078,"3"
2055,4,27,117,3.071640726,"3"
2055,4,28,118,4.789806378,"3"
2055,4,29,119,5.909818446,"3"
2055,4,30,120,5.949491898,"3"
2056,4,1,92,-4.304569542,"3"
2056,4,2,93,-4.612801746,"3"
2056,4,3,94,-4.100098674,"3"
2056,4,4,95,-2.549782242,"3"
2056,4,5,96,-2.146944114,"3"
2056,4,6,97,-1.887540774,"3"
2056,4,7,98,-1.454184606,"3"
2056,4,8,99,-1.615930218,"3"
2056,4,9,100,-1.203936678,"3"
2056,4,10,101,-0.840772002,"3"
2056,4,11,102,0.23651481,"3"
2056,4,12,103,0.715648038,"3"
2056,4,13,104,1.18257405,"3"
2056,4,14,105,1.087968126,"3"
2056,4,15,106,1.710536142,"3"
2056,4,16,107,1.13679699,"3"
2056,4,17,108,1.454184606,"3"
2056,4,18,109,1.347371466,"3"
2056,4,19,110,2.058441798,"3"
2056,4,20,111,2.146944114,"3"
2056,4,21,112,3.462271638,"3"
2056,4,22,113,3.108262374,"3"
2056,4,23,114,3.483634266,"3"
2056,4,24,115,4.21911903,"3"
2056,4,25,116,4.792858182,"3"
2056,4,26,117,5.201799918,"3"
2056,4,27,118,4.728770298,"3"
2056,4,28,119,5.766383658,"3"
2056,4,29,120,6.300449358,"3"
2056,4,30,121,5.857937778,"3"
2057,4,1,91,-3.263904378,"3"
2057,4,2,92,-2.32700055,"3"
2057,4,3,93,-1.084916322,"3"
2057,4,4,94,-1.283283582,"3"
2057,4,5,95,-1.557945942,"3"
2057,4,6,96,-0.730907058,"3"
2057,4,7,97,0.178530534,"3"
2057,4,8,98,-0.090028218,"3"
2057,4,9,99,0.471503718,"3"
2057,4,10,100,0.956740554,"3"
2057,4,11,101,0.520332582,"3"
2057,4,12,102,-0.77058051,"3"
2057,4,13,103,-0.306706302,"3"
2057,4,14,104,1.573204962,"3"
2057,4,15,105,0.691233606,"3"
2057,4,16,106,0.66376737,"3"
2057,4,17,107,0.337224342,"3"
2057,4,18,108,1.063553694,"3"
2057,4,19,109,1.451132802,"3"
2057,4,20,110,1.261920954,"3"
2057,4,21,111,2.076752622,"3"
2057,4,22,112,3.611810034,"3"
2057,4,23,113,4.011596358,"3"
2057,4,24,114,4.515144018,"3"
2057,4,25,115,4.72266669,"3"
2057,4,26,116,5.140763838,"3"
2057,4,27,117,4.731822102,"3"
2057,4,28,118,5.299457646,"3"
2057,4,29,119,4.347294798,"3"
2057,4,30,120,5.11940121,"3"
2058,4,1,91,-2.912946918,"3"
2058,4,2,92,-3.022811862,"3"
2058,4,3,93,-2.278171686,"3"
2058,4,4,94,-1.933317834,"3"
2058,4,5,95,-2.504005182,"3"
2058,4,6,96,-1.603723002,"3"
2058,4,7,97,-0.605783094,"3"
2058,4,8,98,-0.410467638,"3"
2058,4,9,99,-1.374837702,"3"
2058,4,10,100,-0.804150354,"3"
2058,4,11,101,0.691233606,"3"
2058,4,12,102,-0.178530534,"3"
2058,4,13,103,-0.383001402,"3"
2058,4,14,104,0.38910501,"3"
2058,4,15,105,0.123598062,"3"
2058,4,16,106,0.355535166,"3"
2058,4,17,107,0.69428541,"3"
2058,4,18,108,1.719691554,"3"
2058,4,19,109,1.689173514,"3"
2058,4,20,110,1.64034465,"3"
2058,4,21,111,2.293430706,"3"
2058,4,22,112,3.28831881,"3"
2058,4,23,113,4.155031146,"3"
2058,4,24,114,3.636224466,"3"
2058,4,25,115,4.283206914,"3"
2058,4,26,116,4.49378139,"3"
2058,4,27,117,3.566032974,"3"
2058,4,28,118,5.079727758,"3"
2058,4,29,119,5.375752746,"3"
2058,4,30,120,5.918973858,"3"
2059,4,1,91,-3.39513195,"3"
2059,4,2,92,-2.885480682,"3"
2059,4,3,93,-3.080796138,"3"
2059,4,4,94,-2.00656113,"3"
2059,4,5,95,-1.097123538,"3"
2059,4,6,96,-1.002517614,"3"
2059,4,7,97,-1.48775445,"3"
2059,4,8,98,-1.789883046,"3"
2059,4,9,99,-0.48065913,"3"
2059,4,10,100,-0.041199354,"3"
2059,4,11,101,0.29755089,"3"
2059,4,12,102,0.782787726,"3"
2059,4,13,103,0.98420679,"3"
2059,4,14,104,1.805142066,"3"
2059,4,15,105,1.41145935,"3"
2059,4,16,106,1.817349282,"3"
2059,4,17,107,1.50301347,"3"
2059,4,18,108,1.738002378,"3"
2059,4,19,109,1.072709106,"3"
2059,4,20,110,1.683069906,"3"
2059,4,21,111,2.995345626,"3"
2059,4,22,112,3.392080146,"3"
2059,4,23,113,4.286258718,"3"
2059,4,24,114,4.12756491,"3"
2059,4,25,115,3.797970078,"3"
2059,4,26,116,4.716563082,"3"
2059,4,27,117,4.841687046,"3"
2059,4,28,118,4.76844375,"3"
2059,4,29,119,4.133668518,"3"
2059,4,30,120,5.030898894,"3"
2060,4,1,92,-4.655527002,"3"
2060,4,2,93,-3.645379878,"3"
2060,4,3,94,-1.185625854,"3"
2060,4,4,95,-1.994353914,"3"
2060,4,5,96,-1.783779438,"3"
2060,4,6,97,-1.64034465,"3"
2060,4,7,98,-0.828564786,"3"
2060,4,8,99,-0.35858697,"3"
2060,4,9,100,-0.914015298,"3"
2060,4,10,101,-1.216143894,"3"
2060,4,11,102,-0.666819174,"3"
2060,4,12,103,-0.69428541,"3"
2060,4,13,104,-0.791943138,"3"
2060,4,14,105,-0.361638774,"3"
2060,4,15,106,0.462348306,"3"
2060,4,16,107,1.240558326,"3"
2060,4,17,108,1.771572222,"3"
2060,4,18,109,2.009612934,"3"
2060,4,19,110,2.247653646,"3"
2060,4,20,111,2.421606474,"3"
2060,4,21,112,1.96078407,"3"
2060,4,22,113,2.131685094,"3"
2060,4,23,114,4.359502014,"3"
2060,4,24,115,4.67688963,"3"
2060,4,25,116,5.082779562,"3"
2060,4,26,117,5.192644506,"3"
2060,4,27,118,5.253680586,"3"
2060,4,28,119,4.954603794,"3"
2060,4,29,120,5.128556622,"3"
2060,4,30,121,5.949491898,"3"
2061,4,1,91,-2.955672174,"3"
2061,4,2,92,-2.589455694,"3"
2061,4,3,93,-3.361562106,"3"
2061,4,4,94,-2.558937654,"3"
2061,4,5,95,-1.753261398,"3"
2061,4,6,96,-1.509117078,"3"
2061,4,7,97,-1.310749818,"3"
2061,4,8,98,-1.130693382,"3"
2061,4,9,99,-0.93842973,"3"
2061,4,10,100,-0.126649866,"3"
2061,4,11,101,1.155107814,"3"
2061,4,12,102,1.084916322,"3"
2061,4,13,103,0.81635757,"3"
2061,4,14,104,1.145952402,"3"
2061,4,15,105,1.451132802,"3"
2061,4,16,106,1.615930218,"3"
2061,4,17,107,1.383993114,"3"
2061,4,18,108,1.54879053,"3"
2061,4,19,109,2.055389994,"3"
2061,4,20,110,3.096055158,"3"
2061,4,21,111,3.968871102,"3"
2061,4,22,112,3.361562106,"3"
2061,4,23,113,3.306629634,"3"
2061,4,24,114,4.682993238,"3"
2061,4,25,115,4.313724954,"3"
2061,4,26,116,4.716563082,"3"
2061,4,27,117,4.756236534,"3"
2061,4,28,118,4.60059453,"3"
2061,4,29,119,4.66163061,"3"
2061,4,30,120,5.937284682,"3"
2062,4,1,91,-2.027923758,"3"
2062,4,2,92,-1.80819387,"3"
2062,4,3,93,-1.841763714,"3"
2062,4,4,94,-1.744105986,"3"
2062,4,5,95,-1.585412178,"3"
2062,4,6,96,-2.027923758,"3"
2062,4,7,97,-1.600671198,"3"
2062,4,8,98,-2.574196674,"3"
2062,4,9,99,-1.875333558,"3"
2062,4,10,100,-0.245670222,"3"
2062,4,11,101,0.889600866,"3"
2062,4,12,102,0.642404742,"3"
2062,4,13,103,1.73189877,"3"
2062,4,14,104,1.521324294,"3"
2062,4,15,105,0.779735922,"3"
2062,4,16,106,1.53353151,"3"
2062,4,17,107,1.73189877,"3"
2062,4,18,108,1.88448897,"3"
2062,4,19,109,2.272068078,"3"
2062,4,20,110,4.21911903,"3"
2062,4,21,111,4.124513106,"3"
2062,4,22,112,3.630120858,"3"
2062,4,23,113,3.41039097,"3"
2062,4,24,114,3.392080146,"3"
2062,4,25,115,4.60059453,"3"
2062,4,26,116,4.99732905,"3"
2062,4,27,117,5.488669494,"3"
2062,4,28,118,5.369649138,"3"
2062,4,29,119,6.199739826,"3"
2062,4,30,120,5.53139475,"3"
2063,4,1,91,-3.147935826,"3"
2063,4,2,92,-2.024871954,"3"
2063,4,3,93,-2.507056986,"3"
2063,4,4,94,-2.37277761,"3"
2063,4,5,95,-2.43381369,"3"
2063,4,6,96,-1.048294674,"3"
2063,4,7,97,-0.138857082,"3"
2063,4,8,98,-0.306706302,"3"
2063,4,9,99,-0.743114274,"3"
2063,4,10,100,-0.926222514,"3"
2063,4,11,101,-0.096131826,"3"
2063,4,12,102,-0.163271514,"3"
2063,4,13,103,0.370794186,"3"
2063,4,14,104,0.270084654,"3"
2063,4,15,105,0.483710934,"3"
2063,4,16,106,0.624093918,"3"
2063,4,17,107,0.746166078,"3"
2063,4,18,108,2.146944114,"3"
2063,4,19,109,1.844815518,"3"
2063,4,20,110,3.373769322,"3"
2063,4,21,111,4.582283706,"3"
2063,4,22,112,3.935301258,"3"
2063,4,23,113,2.61692193,"3"
2063,4,24,114,3.035019078,"3"
2063,4,25,115,3.935301258,"3"
2063,4,26,116,4.26489609,"3"
2063,4,27,117,4.490729586,"3"
2063,4,28,118,5.876248602,"3"
2063,4,29,119,6.291293946,"3"
2063,4,30,120,7.539481782,"3"
2064,4,1,92,-3.01365645,"3"
2064,4,2,93,-2.293430706,"3"
2064,4,3,94,-2.46433173,"3"
2064,4,4,95,-2.32700055,"3"
2064,4,5,96,-1.96078407,"3"
2064,4,6,97,-0.520332582,"3"
2064,4,7,98,0.569161446,"3"
2064,4,8,99,-0.596627682,"3"
2064,4,9,100,0.19073775,"3"
2064,4,10,101,-0.352483362,"3"
2064,4,11,102,0.502021758,"3"
2064,4,12,103,0.971999574,"3"
2064,4,13,104,0.60273129,"3"
2064,4,14,105,0.993362202,"3"
2064,4,15,106,0.798046746,"3"
2064,4,16,107,1.829556498,"3"
2064,4,17,108,2.72373507,"3"
2064,4,18,109,3.004501038,"3"
2064,4,19,110,3.971922906,"3"
2064,4,20,111,2.977034802,"3"
2064,4,21,112,1.91500701,"3"
2064,4,22,113,2.70847605,"3"
2064,4,23,114,2.436865494,"3"
2064,4,24,115,4.206911814,"3"
2064,4,25,116,5.070572346,"3"
2064,4,26,117,5.265887802,"3"
2064,4,27,118,5.339131098,"3"
2064,4,28,119,5.708399382,"3"
2064,4,29,120,5.66872593,"3"
2064,4,30,121,6.300449358,"3"
2065,4,1,91,-5.34828651,"3"
2065,4,2,92,-5.076675954,"3"
2065,4,3,93,-3.373769322,"3"
2065,4,4,94,-2.241550038,"3"
2065,4,5,95,-2.836651818,"3"
2065,4,6,96,-2.858014446,"3"
2065,4,7,97,-3.184557474,"3"
2065,4,8,98,-1.557945942,"3"
2065,4,9,99,-0.932326122,"3"
2065,4,10,100,-0.798046746,"3"
2065,4,11,101,-0.926222514,"3"
2065,4,12,102,-0.532539798,"3"
2065,4,13,103,0.019836726,"3"
2065,4,14,104,1.069657302,"3"
2065,4,15,105,0.321965322,"3"
2065,4,16,106,0.691233606,"3"
2065,4,17,107,0.920118906,"3"
2065,4,18,108,1.252765542,"3"
2065,4,19,109,1.42671837,"3"
2065,4,20,110,3.352406694,"3"
2065,4,21,111,3.315785046,"3"
2065,4,22,112,3.86816157,"3"
2065,4,23,113,4.29541413,"3"
2065,4,24,114,4.469366958,"3"
2065,4,25,115,4.002440946,"3"
2065,4,26,116,4.637216178,"3"
2065,4,27,117,4.954603794,"3"
2065,4,28,118,5.525291142,"3"
2065,4,29,119,6.266879514,"3"
2065,4,30,120,7.716486414,"3"
2066,4,1,91,-3.54772215,"3"
2066,4,2,92,-2.93736135,"3"
2066,4,3,93,-3.331044066,"3"
2066,4,4,94,-1.30464621,"3"
2066,4,5,95,-0.260929242,"3"
2066,4,6,96,-0.151064298,"3"
2066,4,7,97,-1.25886915,"3"
2066,4,8,98,-2.101167054,"3"
2066,4,9,99,-0.834668394,"3"
2066,4,10,100,0.184634142,"3"
2066,4,11,101,0.932326122,"3"
2066,4,12,102,1.179522246,"3"
2066,4,13,103,1.359578682,"3"
2066,4,14,104,1.71663975,"3"
2066,4,15,105,1.515220686,"3"
2066,4,16,106,1.45723641,"3"
2066,4,17,107,1.216143894,"3"
2066,4,18,108,1.261920954,"3"
2066,4,19,109,2.20492839,"3"
2066,4,20,110,3.068588922,"3"
2066,4,21,111,4.518195822,"3"
2066,4,22,112,3.230334534,"3"
2066,4,23,113,4.029907182,"3"
2066,4,24,114,3.971922906,"3"
2066,4,25,115,5.598534438,"3"
2066,4,26,116,5.787746286,"3"
2066,4,27,117,5.421529806,"3"
2066,4,28,118,5.934232878,"3"
2066,4,29,119,5.74502103,"3"
2066,4,30,120,6.17227359,"3"
2067,4,1,91,-3.48668607,"3"
2067,4,2,92,-2.500953378,"3"
2067,4,3,93,-2.67795801,"3"
2067,4,4,94,-2.925154134,"3"
2067,4,5,95,-1.86922995,"3"
2067,4,6,96,-1.139848794,"3"
2067,4,7,97,-1.417562958,"3"
2067,4,8,98,-1.362630486,"3"
2067,4,9,99,-0.090028218,"3"
2067,4,10,100,0.87739365,"3"
2067,4,11,101,2.18966937,"3"
2067,4,12,102,1.414511154,"3"
2067,4,13,103,2.223239214,"3"
2067,4,14,104,2.317845138,"3"
2067,4,15,105,2.470435338,"3"
2067,4,16,106,2.619973734,"3"
2067,4,17,107,2.427710082,"3"
2067,4,18,108,3.327992262,"3"
2067,4,19,109,4.225222638,"3"
2067,4,20,110,3.981078318,"3"
2067,4,21,111,4.002440946,"3"
2067,4,22,112,4.551765666,"3"
2067,4,23,113,4.975966422,"3"
2067,4,24,114,4.628060766,"3"
2067,4,25,115,4.087891458,"3"
2067,4,26,116,5.122453014,"3"
2067,4,27,117,5.177385486,"3"
2067,4,28,118,6.605629758,"3"
2067,4,29,119,7.597466058,"3"
2067,4,30,120,6.84367047,"3"
2068,4,1,92,-1.710536142,"3"
2068,4,2,93,-1.896696186,"3"
2068,4,3,94,-1.893644382,"3"
2068,4,4,95,-1.658655474,"3"
2068,4,5,96,-1.21309209,"3"
2068,4,6,97,-1.557945942,"3"
2068,4,7,98,-1.86922995,"3"
2068,4,8,99,-0.502021758,"3"
2068,4,9,100,0.257877438,"3"
2068,4,10,101,1.286335386,"3"
2068,4,11,102,1.799038458,"3"
2068,4,12,103,1.359578682,"3"
2068,4,13,104,0.971999574,"3"
2068,4,14,105,1.322957034,"3"
2068,4,15,106,1.612878414,"3"
2068,4,16,107,0.730907058,"3"
2068,4,17,108,1.09101993,"3"
2068,4,18,109,1.249713738,"3"
2068,4,19,110,1.15205601,"3"
2068,4,20,111,1.93026603,"3"
2068,4,21,112,2.96787939,"3"
2068,4,22,113,4.673837826,"3"
2068,4,23,114,5.01258807,"3"
2068,4,24,115,4.231326246,"3"
2068,4,25,116,4.728770298,"3"
2068,4,26,117,4.90577493,"3"
2068,4,27,118,4.939344774,"3"
2068,4,28,119,5.720606598,"3"
2068,4,29,120,7.075607574,"3"
2068,4,30,121,6.87418851,"3"
2069,4,1,91,-3.376821126,"3"
2069,4,2,92,-2.253757254,"3"
2069,4,3,93,-2.32700055,"3"
2069,4,4,94,-1.573204962,"3"
2069,4,5,95,-1.814297478,"3"
2069,4,6,96,-0.975051378,"3"
2069,4,7,97,0.40436403,"3"
2069,4,8,98,1.332112446,"3"
2069,4,9,99,0.29755089,"3"
2069,4,10,100,-0.621042114,"3"
2069,4,11,101,0.697337214,"3"
2069,4,12,102,1.216143894,"3"
2069,4,13,103,2.763408522,"3"
2069,4,14,104,2.363622198,"3"
2069,4,15,105,2.06759721,"3"
2069,4,16,106,1.112382558,"3"
2069,4,17,107,1.832608302,"3"
2069,4,18,108,2.214083802,"3"
2069,4,19,109,2.943464958,"3"
2069,4,20,110,5.14991925,"3"
2069,4,21,111,3.743037606,"3"
2069,4,22,112,4.414434486,"3"
2069,4,23,113,4.811169006,"3"
2069,4,24,114,4.628060766,"3"
2069,4,25,115,5.74502103,"3"
2069,4,26,116,5.278095018,"3"
2069,4,27,117,5.616845262,"3"
2069,4,28,118,5.833523346,"3"
2069,4,29,119,6.30960477,"3"
2069,4,30,120,6.715494702,"3"
2070,4,1,91,-1.741054182,"3"
2070,4,2,92,-0.49591815,"3"
2070,4,3,93,-1.307698014,"3"
2070,4,4,94,-0.874341846,"3"
2070,4,5,95,-0.25177383,"3"
2070,4,6,96,0.315861714,"3"
2070,4,7,97,0.630197526,"3"
2070,4,8,98,1.277179974,"3"
2070,4,9,99,0.700389018,"3"
2070,4,10,100,0.14496069,"3"
2070,4,11,101,0.706492626,"3"
2070,4,12,102,1.954680462,"3"
2070,4,13,103,1.683069906,"3"
2070,4,14,104,2.867169858,"3"
2070,4,15,105,2.482642554,"3"
2070,4,16,106,1.728846966,"3"
2070,4,17,107,2.497901574,"3"
2070,4,18,108,1.911955206,"3"
2070,4,19,109,2.558937654,"3"
2070,4,20,110,2.125581486,"3"
2070,4,21,111,3.41039097,"3"
2070,4,22,112,4.136720322,"3"
2070,4,23,113,4.47852237,"3"
2070,4,24,114,4.945448382,"3"
2070,4,25,115,4.606698138,"3"
2070,4,26,116,5.42458161,"3"
2070,4,27,117,5.125504818,"3"
2070,4,28,118,3.352406694,"3"
2070,4,29,119,3.474478854,"3"
2070,4,30,120,4.393071858,"3"
2071,4,1,91,-2.156099526,"3"
2071,4,2,92,-1.326008838,"3"
2071,4,3,93,-1.795986654,"3"
2071,4,4,94,-2.378881218,"3"
2071,4,5,95,-1.271076366,"3"
2071,4,6,96,-0.688181802,"3"
2071,4,7,97,-0.422674854,"3"
2071,4,8,98,0.410467638,"3"
2071,4,9,99,-0.117494454,"3"
2071,4,10,100,0.852979218,"3"
2071,4,11,101,0.941481534,"3"
2071,4,12,102,0.291447282,"3"
2071,4,13,103,0.688181802,"3"
2071,4,14,104,1.307698014,"3"
2071,4,15,105,1.097123538,"3"
2071,4,16,106,2.452124514,"3"
2071,4,17,107,2.72373507,"3"
2071,4,18,108,2.729838678,"3"
2071,4,19,109,3.33409587,"3"
2071,4,20,110,3.508048698,"3"
2071,4,21,111,4.533454842,"3"
2071,4,22,112,4.124513106,"3"
2071,4,23,113,4.084839654,"3"
2071,4,24,114,5.293354038,"3"
2071,4,25,115,5.110245798,"3"
2071,4,26,116,5.589379026,"3"
2071,4,27,117,5.296405842,"3"
2071,4,28,118,5.876248602,"3"
2071,4,29,119,5.970854526,"3"
2071,4,30,120,5.870144994,"3"
2072,4,1,92,-2.049286386,"3"
2072,4,2,93,-2.623025538,"3"
2072,4,3,94,-2.751201306,"3"
2072,4,4,95,-1.664759082,"3"
2072,4,5,96,-0.78583953,"3"
2072,4,6,97,-0.242618418,"3"
2072,4,7,98,-0.75532149,"3"
2072,4,8,99,0.16021971,"3"
2072,4,9,100,-0.89265267,"3"
2072,4,10,101,-0.553902426,"3"
2072,4,11,102,0.273136458,"3"
2072,4,12,103,0.505073562,"3"
2072,4,13,104,0.718699842,"3"
2072,4,14,105,2.54062683,"3"
2072,4,15,106,3.327992262,"3"
2072,4,16,107,2.439917298,"3"
2072,4,17,108,2.360570394,"3"
2072,4,18,109,2.186617566,"3"
2072,4,19,110,2.381933022,"3"
2072,4,20,111,3.56298117,"3"
2072,4,21,112,3.633172662,"3"
2072,4,22,113,3.60875823,"3"
2072,4,23,114,5.156022858,"3"
2072,4,24,115,5.458151454,"3"
2072,4,25,116,5.384908158,"3"
2072,4,26,117,4.960707402,"3"
2072,4,27,118,5.018691678,"3"
2072,4,28,119,5.98916535,"3"
2072,4,29,120,6.684976662,"3"
2072,4,30,121,6.755168154,"3"
2073,4,1,91,-3.849850746,"3"
2073,4,2,92,-2.348363178,"3"
2073,4,3,93,-1.750209594,"3"
2073,4,4,94,-0.782787726,"3"
2073,4,5,95,-0.138857082,"3"
2073,4,6,96,-0.14496069,"3"
2073,4,7,97,-0.28229187,"3"
2073,4,8,98,-0.257877438,"3"
2073,4,9,99,-0.20599677,"3"
2073,4,10,100,0.096131826,"3"
2073,4,11,101,0.605783094,"3"
2073,4,12,102,2.079804426,"3"
2073,4,13,103,3.556877562,"3"
2073,4,14,104,2.729838678,"3"
2073,4,15,105,2.34225957,"3"
2073,4,16,106,1.74715779,"3"
2073,4,17,107,2.482642554,"3"
2073,4,18,108,3.239489946,"3"
2073,4,19,109,3.66979431,"3"
2073,4,20,110,2.931257742,"3"
2073,4,21,111,3.53246313,"3"
2073,4,22,112,3.401235558,"3"
2073,4,23,113,4.536506646,"3"
2073,4,24,114,5.476462278,"3"
2073,4,25,115,5.970854526,"3"
2073,4,26,116,6.327915594,"3"
2073,4,27,117,6.483557598,"3"
2073,4,28,118,6.807048822,"3"
2073,4,29,119,5.995268958,"3"
2073,4,30,120,6.520179246,"3"
2074,4,1,91,-2.012664738,"3"
2074,4,2,92,-1.576256766,"3"
2074,4,3,93,-1.91500701,"3"
2074,4,4,94,-1.200884874,"3"
2074,4,5,95,-1.28938719,"3"
2074,4,6,96,-0.901808082,"3"
2074,4,7,97,-0.63324933,"3"
2074,4,8,98,-0.05340657,"3"
2074,4,9,99,0.09918363,"3"
2074,4,10,100,0.141908886,"3"
2074,4,11,101,1.41145935,"3"
2074,4,12,102,1.768520418,"3"
2074,4,13,103,0.340276146,"3"
2074,4,14,104,0.66376737,"3"
2074,4,15,105,1.774624026,"3"
2074,4,16,106,1.30464621,"3"
2074,4,17,107,2.665750794,"3"
2074,4,18,108,3.514152306,"3"
2074,4,19,109,4.084839654,"3"
2074,4,20,110,4.365605622,"3"
2074,4,21,111,4.18860099,"3"
2074,4,22,112,4.231326246,"3"
2074,4,23,113,4.23437805,"3"
2074,4,24,114,4.911878538,"3"
2074,4,25,115,3.825436314,"3"
2074,4,26,116,3.904783218,"3"
2074,4,27,117,4.863049674,"3"
2074,4,28,118,5.66872593,"3"
2074,4,29,119,7.780574298,"3"
2074,4,30,120,7.569999822,"3"
2075,4,1,91,-2.226291018,"3"
2075,4,2,92,-1.89974799,"3"
2075,4,3,93,-1.261920954,"3"
2075,4,4,94,-0.959792358,"3"
2075,4,5,95,-0.163271514,"3"
2075,4,6,96,0.590524074,"3"
2075,4,7,97,0.065613786,"3"
2075,4,8,98,1.087968126,"3"
2075,4,9,99,1.22835111,"3"
2075,4,10,100,0.276188262,"3"
2075,4,11,101,0.050354766,"3"
2075,4,12,102,0.920118906,"3"
2075,4,13,103,1.527427902,"3"
2075,4,14,104,1.353475074,"3"
2075,4,15,105,2.375829414,"3"
2075,4,16,106,2.427710082,"3"
2075,4,17,107,2.238498234,"3"
2075,4,18,108,2.330052354,"3"
2075,4,19,109,2.207980194,"3"
2075,4,20,110,3.419546382,"3"
2075,4,21,111,3.614861838,"3"
2075,4,22,112,3.688105134,"3"
2075,4,23,113,4.347294798,"3"
2075,4,24,114,4.365605622,"3"
2075,4,25,115,4.847790654,"3"
2075,4,26,116,5.784694482,"3"
2075,4,27,117,6.877240314,"3"
2075,4,28,118,7.215990558,"3"
2075,4,29,119,8.198671446,"3"
2075,4,30,120,9.465170106,"3"
2076,4,1,92,-0.843823806,"3"
2076,4,2,93,-0.636301134,"3"
2076,4,3,94,0.584420466,"3"
2076,4,4,95,1.06050189,"3"
2076,4,5,96,0.34332795,"3"
2076,4,6,97,0.599679486,"3"
2076,4,7,98,0.09918363,"3"
2076,4,8,99,-0.32806893,"3"
2076,4,9,100,-0.28229187,"3"
2076,4,10,101,0.703440822,"3"
2076,4,11,102,0.737010666,"3"
2076,4,12,103,-0.178530534,"3"
2076,4,13,104,1.780727634,"3"
2076,4,14,105,3.874265178,"3"
2076,4,15,106,3.352406694,"3"
2076,4,16,107,3.083847942,"3"
2076,4,17,108,2.864118054,"3"
2076,4,18,109,2.900739702,"3"
2076,4,19,110,3.331044066,"3"
2076,4,20,111,4.298465934,"3"
2076,4,21,112,4.606698138,"3"
2076,4,22,113,5.68398495,"3"
2076,4,23,114,6.886395726,"3"
2076,4,24,115,7.396046994,"3"
2076,4,25,116,7.841610378,"3"
2076,4,26,117,7.878232026,"3"
2076,4,27,118,7.963682538,"3"
2076,4,28,119,7.521170958,"3"
2076,4,29,120,7.420461426,"3"
2076,4,30,121,8.195619642,"3"
2077,4,1,91,-1.234454718,"3"
2077,4,2,92,-1.56404955,"3"
2077,4,3,93,-0.447089286,"3"
2077,4,4,94,-0.66376737,"3"
2077,4,5,95,-1.683069906,"3"
2077,4,6,96,-1.560997746,"3"
2077,4,7,97,-1.01472483,"3"
2077,4,8,98,-1.139848794,"3"
2077,4,9,99,-1.47249543,"3"
2077,4,10,100,-0.54169521,"3"
2077,4,11,101,1.506065274,"3"
2077,4,12,102,1.71663975,"3"
2077,4,13,103,2.57114487,"3"
2077,4,14,104,2.943464958,"3"
2077,4,15,105,2.793926562,"3"
2077,4,16,106,2.766460326,"3"
2077,4,17,107,2.198824782,"3"
2077,4,18,108,3.389028342,"3"
2077,4,19,109,4.292362326,"3"
2077,4,20,110,4.182497382,"3"
2077,4,21,111,5.320820274,"3"
2077,4,22,112,5.564964594,"3"
2077,4,23,113,5.540550162,"3"
2077,4,24,114,5.082779562,"3"
2077,4,25,115,4.81422081,"3"
2077,4,26,116,4.863049674,"3"
2077,4,27,117,5.146867446,"3"
2077,4,28,118,5.876248602,"3"
2077,4,29,119,6.562904502,"3"
2077,4,30,120,6.453039558,"3"
2078,4,1,91,-0.971999574,"3"
2078,4,2,92,-1.30464621,"3"
2078,4,3,93,-1.905851598,"3"
2078,4,4,94,-1.524376098,"3"
2078,4,5,95,-0.529487994,"3"
2078,4,6,96,0.669870978,"3"
2078,4,7,97,0.804150354,"3"
2078,4,8,98,1.18257405,"3"
2078,4,9,99,-0.212100378,"3"
2078,4,10,100,0.672922782,"3"
2078,4,11,101,1.493858058,"3"
2078,4,12,102,1.493858058,"3"
2078,4,13,103,1.924162422,"3"
2078,4,14,104,2.259860862,"3"
2078,4,15,105,1.969939482,"3"
2078,4,16,106,0.566109642,"3"
2078,4,17,107,2.394140238,"3"
2078,4,18,108,3.480582462,"3"
2078,4,19,109,4.533454842,"3"
2078,4,20,110,4.917982146,"3"
2078,4,21,111,5.74502103,"3"
2078,4,22,112,5.21095533,"3"
2078,4,23,113,5.86709319,"3"
2078,4,24,114,5.870144994,"3"
2078,4,25,115,4.29541413,"3"
2078,4,26,116,5.940336486,"3"
2078,4,27,117,5.732813814,"3"
2078,4,28,118,6.337071006,"3"
2078,4,29,119,5.71450299,"3"
2078,4,30,120,6.32486379,"3"
2079,4,1,91,-1.158159618,"3"
2079,4,2,92,-1.374837702,"3"
2079,4,3,93,-0.798046746,"3"
2079,4,4,94,-1.316853426,"3"
2079,4,5,95,-1.286335386,"3"
2079,4,6,96,-1.573204962,"3"
2079,4,7,97,-1.033035654,"3"
2079,4,8,98,-0.26703285,"3"
2079,4,9,99,-0.154116102,"3"
2079,4,10,100,0.99946581,"3"
2079,4,11,101,1.387044918,"3"
2079,4,12,102,1.429770174,"3"
2079,4,13,103,1.881437166,"3"
2079,4,14,104,0.83161659,"3"
2079,4,15,105,1.597619394,"3"
2079,4,16,106,2.55588585,"3"
2079,4,17,107,3.28831881,"3"
2079,4,18,108,3.068588922,"3"
2079,4,19,109,3.343251282,"3"
2079,4,20,110,3.859006158,"3"
2079,4,21,111,4.90577493,"3"
2079,4,22,112,4.81422081,"3"
2079,4,23,113,5.375752746,"3"
2079,4,24,114,4.701304062,"3"
2079,4,25,115,6.749064546,"3"
2079,4,26,116,5.757228246,"3"
2079,4,27,117,6.190584414,"3"
2079,4,28,118,7.222094166,"3"
2079,4,29,119,8.061340266,"3"
2079,4,30,120,7.615776882,"3"
2080,4,1,92,-0.398260422,"3"
2080,4,2,93,-0.123598062,"3"
2080,4,3,94,0.813305766,"3"
2080,4,4,95,1.206988482,"3"
2080,4,5,96,0.813305766,"3"
2080,4,6,97,0.749217882,"3"
2080,4,7,98,1.979094894,"3"
2080,4,8,99,1.31990523,"3"
2080,4,9,100,1.985198502,"3"
2080,4,10,101,1.478599038,"3"
2080,4,11,102,1.826504694,"3"
2080,4,12,103,3.05943351,"3"
2080,4,13,104,4.023803574,"3"
2080,4,14,105,4.686045042,"3"
2080,4,15,106,4.655527002,"3"
2080,4,16,107,2.766460326,"3"
2080,4,17,108,2.775615738,"3"
2080,4,18,109,3.727778586,"3"
2080,4,19,110,4.411382682,"3"
2080,4,20,111,4.237429854,"3"
2080,4,21,112,4.039062594,"3"
2080,4,22,113,3.825436314,"3"
2080,4,23,114,4.99732905,"3"
2080,4,24,115,5.268939606,"3"
2080,4,25,116,6.43167693,"3"
2080,4,26,117,6.84367047,"3"
2080,4,27,118,7.096970202,"3"
2080,4,28,119,7.649346726,"3"
2080,4,29,120,7.893491046,"3"
2080,4,30,121,8.967726054,"3"
2081,4,1,91,-2.763408522,"3"
2081,4,2,92,-0.776684118,"3"
2081,4,3,93,-0.77058051,"3"
2081,4,4,94,-0.346379754,"3"
2081,4,5,95,-0.273136458,"3"
2081,4,6,96,-1.509117078,"3"
2081,4,7,97,1.643396454,"3"
2081,4,8,98,1.35042327,"3"
2081,4,9,99,0.58747227,"3"
2081,4,10,100,0.614938506,"3"
2081,4,11,101,1.35042327,"3"
2081,4,12,102,2.162203134,"3"
2081,4,13,103,2.73899409,"3"
2081,4,14,104,2.977034802,"3"
2081,4,15,105,3.190661082,"3"
2081,4,16,106,4.191652794,"3"
2081,4,17,107,4.222170834,"3"
2081,4,18,108,5.702295774,"3"
2081,4,19,109,5.940336486,"3"
2081,4,20,110,6.001372566,"3"
2081,4,21,111,5.787746286,"3"
2081,4,22,112,5.513083926,"3"
2081,4,23,113,6.38589987,"3"
2081,4,24,114,7.136643654,"3"
2081,4,25,115,7.466238486,"3"
2081,4,26,116,7.106125614,"3"
2081,4,27,117,6.761271762,"3"
2081,4,28,118,7.832454966,"3"
2081,4,29,119,7.170213498,"3"
2081,4,30,120,7.338062718,"3"
2082,4,1,91,-1.072709106,"3"
2082,4,2,92,-1.344319662,"3"
2082,4,3,93,-1.347371466,"3"
2082,4,4,94,-1.643396454,"3"
2082,4,5,95,-1.206988482,"3"
2082,4,6,96,-0.81635757,"3"
2082,4,7,97,0.43488207,"3"
2082,4,8,98,0.462348306,"3"
2082,4,9,99,1.554894138,"3"
2082,4,10,100,0.55695423,"3"
2082,4,11,101,0.025940334,"3"
2082,4,12,102,1.362630486,"3"
2082,4,13,103,2.455176318,"3"
2082,4,14,104,1.86922995,"3"
2082,4,15,105,1.966887678,"3"
2082,4,16,106,4.43274531,"3"
2082,4,17,107,4.243533462,"3"
2082,4,18,108,4.06652883,"3"
2082,4,19,109,4.893567714,"3"
2082,4,20,110,4.924085754,"3"
2082,4,21,111,5.052261522,"3"
2082,4,22,112,6.11123751,"3"
2082,4,23,113,5.909818446,"3"
2082,4,24,114,6.55374909,"3"
2082,4,25,115,6.410314302,"3"
2082,4,26,116,6.388951674,"3"
2082,4,27,117,6.520179246,"3"
2082,4,28,118,6.327915594,"3"
2082,4,29,119,7.975889754,"3"
2082,4,30,120,7.954527126,"3"
2083,4,1,91,-0.93842973,"3"
2083,4,2,92,-0.563057838,"3"
2083,4,3,93,-0.154116102,"3"
2083,4,4,94,-0.14496069,"3"
2083,4,5,95,0.74006247,"3"
2083,4,6,96,0.77058051,"3"
2083,4,7,97,0.584420466,"3"
2083,4,8,98,1.435873782,"3"
2083,4,9,99,1.802090262,"3"
2083,4,10,100,1.509117078,"3"
2083,4,11,101,1.512168882,"3"
2083,4,12,102,2.528419614,"3"
2083,4,13,103,3.230334534,"3"
2083,4,14,104,2.934309546,"3"
2083,4,15,105,3.038070882,"3"
2083,4,16,106,3.559929366,"3"
2083,4,17,107,3.47142705,"3"
2083,4,18,108,4.078736046,"3"
2083,4,19,109,5.177385486,"3"
2083,4,20,110,4.664682414,"3"
2083,4,21,111,3.935301258,"3"
2083,4,22,112,3.865109766,"3"
2083,4,23,113,4.518195822,"3"
2083,4,24,114,6.17227359,"3"
2083,4,25,115,7.704279198,"3"
2083,4,26,116,6.459143166,"3"
2083,4,27,117,5.772487266,"3"
2083,4,28,118,6.056305038,"3"
2083,4,29,119,7.206835146,"3"
2083,4,30,120,7.569999822,"3"
2084,4,1,92,-1.298542602,"3"
2084,4,2,93,-1.084916322,"3"
2084,4,3,94,-0.914015298,"3"
2084,4,4,95,-1.127641578,"3"
2084,4,5,96,-1.307698014,"3"
2084,4,6,97,-0.035095746,"3"
2084,4,7,98,0.401312226,"3"
2084,4,8,99,-0.199893162,"3"
2084,4,9,100,0.349431558,"3"
2084,4,10,101,0.477607326,"3"
2084,4,11,102,1.28938719,"3"
2084,4,12,103,3.224230926,"3"
2084,4,13,104,2.345311374,"3"
2084,4,14,105,3.062485314,"3"
2084,4,15,106,3.794918274,"3"
2084,4,16,107,3.443960814,"3"
2084,4,17,108,3.538566738,"3"
2084,4,18,109,2.919050526,"3"
2084,4,19,110,2.812237386,"3"
2084,4,20,111,4.365605622,"3"
2084,4,21,112,4.512092214,"3"
2084,4,22,113,4.216067226,"3"
2084,4,23,114,5.13466023,"3"
2084,4,24,115,5.86709319,"3"
2084,4,25,116,5.873196798,"3"
2084,4,26,117,6.788737998,"3"
2084,4,27,118,6.703287486,"3"
2084,4,28,119,8.287173762,"3"
2084,4,29,120,8.732737146,"3"
2084,4,30,121,8.44586757,"3"
2085,4,1,91,-0.64850835,"3"
2085,4,2,92,-1.387044918,"3"
2085,4,3,93,-1.231402914,"3"
2085,4,4,94,-1.875333558,"3"
2085,4,5,95,-1.10627895,"3"
2085,4,6,96,-1.130693382,"3"
2085,4,7,97,-0.83161659,"3"
2085,4,8,98,-0.895704474,"3"
2085,4,9,99,-0.074769198,"3"
2085,4,10,100,0.84687561,"3"
2085,4,11,101,1.234454718,"3"
2085,4,12,102,1.417562958,"3"
2085,4,13,103,0.444037482,"3"
2085,4,14,104,1.097123538,"3"
2085,4,15,105,1.82345289,"3"
2085,4,16,106,2.421606474,"3"
2085,4,17,107,3.523307718,"3"
2085,4,18,108,3.923094042,"3"
2085,4,19,109,4.969862814,"3"
2085,4,20,110,5.098038582,"3"
2085,4,21,111,4.756236534,"3"
2085,4,22,112,4.213015422,"3"
2085,4,23,113,5.42458161,"3"
2085,4,24,114,6.288242142,"3"
2085,4,25,115,7.145799066,"3"
2085,4,26,116,6.87418851,"3"
2085,4,27,117,6.84367047,"3"
2085,4,28,118,8.348209842,"3"
2085,4,29,119,8.41534953,"3"
2085,4,30,120,8.458074786,"3"
2086,4,1,91,-0.730907058,"3"
2086,4,2,92,-0.529487994,"3"
2086,4,3,93,-0.703440822,"3"
2086,4,4,94,0.22125579,"3"
2086,4,5,95,-0.810253962,"3"
2086,4,6,96,-0.502021758,"3"
2086,4,7,97,-0.370794186,"3"
2086,4,8,98,1.573204962,"3"
2086,4,9,99,1.76241681,"3"
2086,4,10,100,1.463340018,"3"
2086,4,11,101,2.046234582,"3"
2086,4,12,102,2.577248478,"3"
2086,4,13,103,3.083847942,"3"
2086,4,14,104,3.340199478,"3"
2086,4,15,105,3.978026514,"3"
2086,4,16,106,4.957655598,"3"
2086,4,17,107,4.52429943,"3"
2086,4,18,108,3.932249454,"3"
2086,4,19,109,4.591439118,"3"
2086,4,20,110,4.200808206,"3"
2086,4,21,111,4.893567714,"3"
2086,4,22,112,4.557869274,"3"
2086,4,23,113,4.899671322,"3"
2086,4,24,114,4.979018226,"3"
2086,4,25,115,6.196688022,"3"
2086,4,26,116,7.322803698,"3"
2086,4,27,117,7.505911938,"3"
2086,4,28,118,6.593422542,"3"
2086,4,29,119,6.944380002,"3"
2086,4,30,120,8.006407794,"3"
2087,4,1,91,-0.636301134,"3"
2087,4,2,92,0.163271514,"3"
2087,4,3,93,-0.05340657,"3"
2087,4,4,94,0.38910501,"3"
2087,4,5,95,0.407415834,"3"
2087,4,6,96,1.19783307,"3"
2087,4,7,97,1.927214226,"3"
2087,4,8,98,2.18966937,"3"
2087,4,9,99,2.64743997,"3"
2087,4,10,100,2.122529682,"3"
2087,4,11,101,2.018768346,"3"
2087,4,12,102,2.043182778,"3"
2087,4,13,103,1.368734094,"3"
2087,4,14,104,2.690165226,"3"
2087,4,15,105,2.568093066,"3"
2087,4,16,106,3.468375246,"3"
2087,4,17,107,4.927137558,"3"
2087,4,18,108,4.47852237,"3"
2087,4,19,109,4.438848918,"3"
2087,4,20,110,4.841687046,"3"
2087,4,21,111,4.63111257,"3"
2087,4,22,112,4.872205086,"3"
2087,4,23,113,5.754176442,"3"
2087,4,24,114,5.473410474,"3"
2087,4,25,115,5.43984063,"3"
2087,4,26,116,4.832531634,"3"
2087,4,27,117,5.83657515,"3"
2087,4,28,118,6.297397554,"3"
2087,4,29,119,7.380787974,"3"
2087,4,30,120,7.597466058,"3"
2088,4,1,92,-2.049286386,"3"
2088,4,2,93,-1.557945942,"3"
2088,4,3,94,-1.326008838,"3"
2088,4,4,95,-0.971999574,"3"
2088,4,5,96,-1.16731503,"3"
2088,4,6,97,-0.318913518,"3"
2088,4,7,98,-0.102235434,"3"
2088,4,8,99,0.86213463,"3"
2088,4,9,100,0.74006247,"3"
2088,4,10,101,0.370794186,"3"
2088,4,11,102,1.59456759,"3"
2088,4,12,103,1.927214226,"3"
2088,4,13,104,3.205920102,"3"
2088,4,14,105,2.973982998,"3"
2088,4,15,106,3.001449234,"3"
2088,4,16,107,3.91393863,"3"
2088,4,17,108,3.743037606,"3"
2088,4,18,109,4.979018226,"3"
2088,4,19,110,5.107193994,"3"
2088,4,20,111,6.013579782,"3"
2088,4,21,112,5.62294887,"3"
2088,4,22,113,6.85892949,"3"
2088,4,23,114,5.824367934,"3"
2088,4,24,115,5.610741654,"3"
2088,4,25,116,6.733805526,"3"
2088,4,26,117,6.35538183,"3"
2088,4,27,118,6.956587218,"3"
2088,4,28,119,8.076599286,"3"
2088,4,29,120,8.04913305,"3"
2088,4,30,121,8.162049798,"3"
2089,4,1,91,-2.375829414,"3"
2089,4,2,92,-0.66376737,"3"
2089,4,3,93,-0.34332795,"3"
2089,4,4,94,-0.013733118,"3"
2089,4,5,95,0.062561982,"3"
2089,4,6,96,0.477607326,"3"
2089,4,7,97,1.664759082,"3"
2089,4,8,98,1.99130211,"3"
2089,4,9,99,1.65560367,"3"
2089,4,10,100,0.971999574,"3"
2089,4,11,101,2.302586118,"3"
2089,4,12,102,2.879377074,"3"
2089,4,13,103,3.224230926,"3"
2089,4,14,104,3.184557474,"3"
2089,4,15,105,3.053329902,"3"
2089,4,16,106,2.20492839,"3"
2089,4,17,107,2.317845138,"3"
2089,4,18,108,3.215075514,"3"
2089,4,19,109,3.205920102,"3"
2089,4,20,110,3.465323442,"3"
2089,4,21,111,4.426641702,"3"
2089,4,22,112,4.283206914,"3"
2089,4,23,113,5.110245798,"3"
2089,4,24,114,5.94338829,"3"
2089,4,25,115,6.114289314,"3"
2089,4,26,116,8.073547482,"3"
2089,4,27,117,7.42351323,"3"
2089,4,28,118,7.411306014,"3"
2089,4,29,119,8.851757502,"3"
2089,4,30,120,9.46822191,"3"
2090,4,1,91,-1.28938719,"3"
2090,4,2,92,-1.652551866,"3"
2090,4,3,93,-1.042191066,"3"
2090,4,4,94,-1.283283582,"3"
2090,4,5,95,-1.89974799,"3"
2090,4,6,96,-0.822461178,"3"
2090,4,7,97,-1.087968126,"3"
2090,4,8,98,-0.407415834,"3"
2090,4,9,99,-0.05340657,"3"
2090,4,10,100,0.410467638,"3"
2090,4,11,101,1.081864518,"3"
2090,4,12,102,1.811245674,"3"
2090,4,13,103,2.073700818,"3"
2090,4,14,104,2.51010879,"3"
2090,4,15,105,2.40329565,"3"
2090,4,16,106,3.584343798,"3"
2090,4,17,107,2.745097698,"3"
2090,4,18,108,3.620965446,"3"
2090,4,19,109,3.633172662,"3"
2090,4,20,110,4.08178785,"3"
2090,4,21,111,5.482565886,"3"
2090,4,22,112,5.864041386,"3"
2090,4,23,113,5.513083926,"3"
2090,4,24,114,5.77553907,"3"
2090,4,25,115,5.879300406,"3"
2090,4,26,116,6.941328198,"3"
2090,4,27,117,7.643243118,"3"
2090,4,28,118,8.055236658,"3"
2090,4,29,119,7.280078442,"3"
2090,4,30,120,7.582207038,"3"
2091,4,1,91,1.435873782,"3"
2091,4,2,92,0.804150354,"3"
2091,4,3,93,0.17547873,"3"
2091,4,4,94,0.749217882,"3"
2091,4,5,95,0.474555522,"3"
2091,4,6,96,1.072709106,"3"
2091,4,7,97,1.179522246,"3"
2091,4,8,98,0.978103182,"3"
2091,4,9,99,0.584420466,"3"
2091,4,10,100,1.698328926,"3"
2091,4,11,101,3.050278098,"3"
2091,4,12,102,3.215075514,"3"
2091,4,13,103,2.726786874,"3"
2091,4,14,104,1.982146698,"3"
2091,4,15,105,2.595559302,"3"
2091,4,16,106,3.358510302,"3"
2091,4,17,107,4.02075177,"3"
2091,4,18,108,4.759288338,"3"
2091,4,19,109,4.277103306,"3"
2091,4,20,110,4.557869274,"3"
2091,4,21,111,5.320820274,"3"
2091,4,22,112,5.763331854,"3"
2091,4,23,113,6.010527978,"3"
2091,4,24,114,6.822307842,"3"
2091,4,25,115,6.221102454,"3"
2091,4,26,116,6.565956306,"3"
2091,4,27,117,7.405202406,"3"
2091,4,28,118,7.899594654,"3"
2091,4,29,119,7.856869398,"3"
2091,4,30,120,6.880292118,"3"
2092,4,1,92,1.252765542,"3"
2092,4,2,93,1.48775445,"3"
2092,4,3,94,1.527427902,"3"
2092,4,4,95,1.316853426,"3"
2092,4,5,96,1.393148526,"3"
2092,4,6,97,1.210040286,"3"
2092,4,7,98,1.576256766,"3"
2092,4,8,99,1.875333558,"3"
2092,4,9,100,2.247653646,"3"
2092,4,10,101,2.516212398,"3"
2092,4,11,102,2.925154134,"3"
2092,4,12,103,2.41855467,"3"
2092,4,13,104,2.638284558,"3"
2092,4,14,105,3.819332706,"3"
2092,4,15,106,4.762340142,"3"
2092,4,16,107,4.664682414,"3"
2092,4,17,108,4.95155199,"3"
2092,4,18,109,5.543601966,"3"
2092,4,19,110,5.680933146,"3"
2092,4,20,111,5.513083926,"3"
2092,4,21,112,6.944380002,"3"
2092,4,22,113,7.328907306,"3"
2092,4,23,114,7.890439242,"3"
2092,4,24,115,8.44586757,"3"
2092,4,25,116,7.951475322,"3"
2092,4,26,117,7.30144107,"3"
2092,4,27,118,6.749064546,"3"
2092,4,28,119,6.471350382,"3"
2092,4,29,120,7.060348554,"3"
2092,4,30,121,7.649346726,"3"
2093,4,1,91,-1.435873782,"3"
2093,4,2,92,-0.370794186,"3"
2093,4,3,93,0.325017126,"3"
2093,4,4,94,-0.489814542,"3"
2093,4,5,95,-0.019836726,"3"
2093,4,6,96,1.191729462,"3"
2093,4,7,97,0.807202158,"3"
2093,4,8,98,0.84687561,"3"
2093,4,9,99,2.226291018,"3"
2093,4,10,100,2.635232754,"3"
2093,4,11,101,3.15098763,"3"
2093,4,12,102,1.93026603,"3"
2093,4,13,103,2.064545406,"3"
2093,4,14,104,3.495841482,"3"
2093,4,15,105,4.103150478,"3"
2093,4,16,106,5.33302749,"3"
2093,4,17,107,5.275043214,"3"
2093,4,18,108,4.335087582,"3"
2093,4,19,109,4.73792571,"3"
2093,4,20,110,5.650415106,"3"
2093,4,21,111,5.619897066,"3"
2093,4,22,112,6.382848066,"3"
2093,4,23,113,6.46219497,"3"
2093,4,24,114,6.028838802,"3"
2093,4,25,115,6.800945214,"3"
2093,4,26,116,6.392003478,"3"
2093,4,27,117,7.450979466,"3"
2093,4,28,118,8.357365254,"3"
2093,4,29,119,8.726633538,"3"
2093,4,30,120,8.390935098,"3"
2094,4,1,91,-1.252765542,"3"
2094,4,2,92,-0.309758106,"3"
2094,4,3,93,0.163271514,"3"
2094,4,4,94,0.67902639,"3"
2094,4,5,95,-0.117494454,"3"
2094,4,6,96,-0.25177383,"3"
2094,4,7,97,0.529487994,"3"
2094,4,8,98,2.366674002,"3"
2094,4,9,99,2.198824782,"3"
2094,4,10,100,2.11337427,"3"
2094,4,11,101,2.549782242,"3"
2094,4,12,102,2.970931194,"3"
2094,4,13,103,4.35645021,"3"
2094,4,14,104,3.718623174,"3"
2094,4,15,105,4.457159742,"3"
2094,4,16,106,3.752193018,"3"
2094,4,17,107,3.605706426,"3"
2094,4,18,108,3.584343798,"3"
2094,4,19,109,4.41748629,"3"
2094,4,20,110,6.285190338,"3"
2094,4,21,111,6.90470655,"3"
2094,4,22,112,7.124436438,"3"
2094,4,23,113,6.30960477,"3"
2094,4,24,114,6.791789802,"3"
2094,4,25,115,6.724650114,"3"
2094,4,26,116,6.55374909,"3"
2094,4,27,117,7.59136245,"3"
2094,4,28,118,7.89654285,"3"
2094,4,29,119,7.53032637,"3"
2094,4,30,120,8.528266278,"3"
2095,4,1,91,-0.874341846,"3"
2095,4,2,92,-0.889600866,"3"
2095,4,3,93,-0.172426926,"3"
2095,4,4,94,0.624093918,"3"
2095,4,5,95,0.791943138,"3"
2095,4,6,96,0.697337214,"3"
2095,4,7,97,1.09101993,"3"
2095,4,8,98,2.644388166,"3"
2095,4,9,99,3.16624665,"3"
2095,4,10,100,3.19676469,"3"
2095,4,11,101,2.931257742,"3"
2095,4,12,102,2.95262037,"3"
2095,4,13,103,2.96787939,"3"
2095,4,14,104,0.852979218,"3"
2095,4,15,105,1.86922995,"3"
2095,4,16,106,3.60875823,"3"
2095,4,17,107,3.459219834,"3"
2095,4,18,108,4.069580634,"3"
2095,4,19,109,4.457159742,"3"
2095,4,20,110,5.488669494,"3"
2095,4,21,111,5.296405842,"3"
2095,4,22,112,4.634164374,"3"
2095,4,23,113,4.869153282,"3"
2095,4,24,114,5.101090386,"3"
2095,4,25,115,5.387959962,"3"
2095,4,26,116,5.766383658,"3"
2095,4,27,117,6.306552966,"3"
2095,4,28,118,6.684976662,"3"
2095,4,29,119,6.819256038,"3"
2095,4,30,120,6.886395726,"3"
2096,4,1,92,-1.30464621,"3"
2096,4,2,93,-1.948576854,"3"
2096,4,3,94,-1.127641578,"3"
2096,4,4,95,-0.065613786,"3"
2096,4,5,96,-0.398260422,"3"
2096,4,6,97,-0.370794186,"3"
2096,4,7,98,0.971999574,"3"
2096,4,8,99,1.817349282,"3"
2096,4,9,100,2.870221662,"3"
2096,4,10,101,2.412451062,"3"
2096,4,11,102,2.030975562,"3"
2096,4,12,103,2.992293822,"3"
2096,4,13,104,3.428701794,"3"
2096,4,14,105,4.32593217,"3"
2096,4,15,106,4.89051591,"3"
2096,4,16,107,5.091934974,"3"
2096,4,17,108,5.391011766,"3"
2096,4,18,109,5.357441922,"3"
2096,4,19,110,4.820324418,"3"
2096,4,20,111,4.87525689,"3"
2096,4,21,112,6.047149626,"3"
2096,4,22,113,6.26382771,"3"
2096,4,23,114,6.190584414,"3"
2096,4,24,115,6.562904502,"3"
2096,4,25,116,6.742960938,"3"
2096,4,26,117,6.337071006,"3"
2096,4,27,118,6.642251406,"3"
2096,4,28,119,8.097961914,"3"
2096,4,29,120,8.052184854,"3"
2096,4,30,121,7.747004454,"3"
2097,4,1,91,-2.171358546,"3"
2097,4,2,92,-1.307698014,"3"
2097,4,3,93,-0.25177383,"3"
2097,4,4,94,0.477607326,"3"
2097,4,5,95,0.669870978,"3"
2097,4,6,96,0.514228974,"3"
2097,4,7,97,0.782787726,"3"
2097,4,8,98,1.557945942,"3"
2097,4,9,99,1.99130211,"3"
2097,4,10,100,3.321888654,"3"
2097,4,11,101,3.965819298,"3"
2097,4,12,102,3.346303086,"3"
2097,4,13,103,3.163194846,"3"
2097,4,14,104,2.955672174,"3"
2097,4,15,105,3.340199478,"3"
2097,4,16,106,3.92919765,"3"
2097,4,17,107,3.645379878,"3"
2097,4,18,108,4.576180098,"3"
2097,4,19,109,4.64637159,"3"
2097,4,20,110,5.53139475,"3"
2097,4,21,111,5.366597334,"3"
2097,4,22,112,6.077667666,"3"
2097,4,23,113,5.540550162,"3"
2097,4,24,114,5.934232878,"3"
2097,4,25,115,5.934232878,"3"
2097,4,26,116,7.008467886,"3"
2097,4,27,117,8.204775054,"3"
2097,4,28,118,8.973829662,"3"
2097,4,29,119,8.824291266,"3"
2097,4,30,120,8.375676078,"3"
2098,4,1,91,0.028992138,"3"
2098,4,2,92,-0.880445454,"3"
2098,4,3,93,-0.209048574,"3"
2098,4,4,94,-0.123598062,"3"
2098,4,5,95,-0.440985678,"3"
2098,4,6,96,-0.498969954,"3"
2098,4,7,97,1.539635118,"3"
2098,4,8,98,2.223239214,"3"
2098,4,9,99,1.512168882,"3"
2098,4,10,100,1.057450086,"3"
2098,4,11,101,2.485694358,"3"
2098,4,12,102,2.90684331,"3"
2098,4,13,103,2.470435338,"3"
2098,4,14,104,2.870221662,"3"
2098,4,15,105,3.163194846,"3"
2098,4,16,106,2.925154134,"3"
2098,4,17,107,3.205920102,"3"
2098,4,18,108,3.733882194,"3"
2098,4,19,109,4.039062594,"3"
2098,4,20,110,5.601586242,"3"
2098,4,21,111,7.063400358,"3"
2098,4,22,112,6.749064546,"3"
2098,4,23,113,5.80605711,"3"
2098,4,24,114,5.72976201,"3"
2098,4,25,115,6.703287486,"3"
2098,4,26,116,7.478445702,"3"
2098,4,27,117,7.710382806,"3"
2098,4,28,118,8.409245922,"3"
2098,4,29,119,8.49164463,"3"
2098,4,30,120,8.213930466,"3"
2099,4,1,91,0.45014109,"3"
2099,4,2,92,-0.172426926,"3"
2099,4,3,93,-0.172426926,"3"
2099,4,4,94,1.70138073,"3"
2099,4,5,95,1.612878414,"3"
2099,4,6,96,1.80819387,"3"
2099,4,7,97,1.481650842,"3"
2099,4,8,98,1.89974799,"3"
2099,4,9,99,1.893644382,"3"
2099,4,10,100,1.954680462,"3"
2099,4,11,101,1.322957034,"3"
2099,4,12,102,2.217135606,"3"
2099,4,13,103,2.879377074,"3"
2099,4,14,104,2.796978366,"3"
2099,4,15,105,4.637216178,"3"
2099,4,16,106,4.176393774,"3"
2099,4,17,107,3.907835022,"3"
2099,4,18,108,4.780650966,"3"
2099,4,19,109,5.497824906,"3"
2099,4,20,110,4.957655598,"3"
2099,4,21,111,5.583275418,"3"
2099,4,22,112,4.853894262,"3"
2099,4,23,113,7.182420714,"3"
2099,4,24,114,7.359425346,"3"
2099,4,25,115,5.598534438,"3"
2099,4,26,116,5.595482634,"3"
2099,4,27,117,5.85183417,"3"
2099,4,28,118,7.22514597,"3"
2099,4,29,119,8.363468862,"3"
2099,4,30,120,8.494696434,"3"
2100,4,1,91,-0.196841358,"3"
2100,4,2,92,1.466391822,"3"
2100,4,3,93,0.596627682,"3"
2100,4,4,94,1.399252134,"3"
2100,4,5,95,2.049286386,"3"
2100,4,6,96,1.890592578,"3"
2100,4,7,97,2.366674002,"3"
2100,4,8,98,2.03707917,"3"
2100,4,9,99,2.384984826,"3"
2100,4,10,100,4.011596358,"3"
2100,4,11,101,5.229266154,"3"
2100,4,12,102,4.716563082,"3"
2100,4,13,103,4.914930342,"3"
2100,4,14,104,6.016631586,"3"
2100,4,15,105,5.091934974,"3"
2100,4,16,106,4.942396578,"3"
2100,4,17,107,4.90577493,"3"
2100,4,18,108,3.85290255,"3"
2100,4,19,109,4.621957158,"3"
2100,4,20,110,6.300449358,"3"
2100,4,21,111,6.150910962,"3"
2100,4,22,112,4.548713862,"3"
2100,4,23,113,5.085831366,"3"
2100,4,24,114,6.602577954,"3"
2100,4,25,115,6.590370738,"3"
2100,4,26,116,6.810100626,"3"
2100,4,27,117,7.658502138,"3"
2100,4,28,118,8.180360622,"3"
2100,4,29,119,7.627984098,"3"
2100,4,30,120,7.249560402,"3"
2025,5,1,121,-0.868238238,"3"
2025,5,2,122,-0.218203986,"3"
2025,5,3,123,0.303654498,"3"
2025,5,4,124,0.669870978,"3"
2025,5,5,125,1.76241681,"3"
2025,5,6,126,2.565041262,"3"
2025,5,7,127,2.415502866,"3"
2025,5,8,128,3.25780077,"3"
2025,5,9,129,3.575188386,"3"
2025,5,10,130,4.734873906,"3"
2025,5,11,131,4.05126981,"3"
2025,5,12,132,5.290302234,"3"
2025,5,13,133,6.626992386,"3"
2025,5,14,134,5.415426198,"3"
2025,5,15,135,4.933241166,"3"
2025,5,16,136,6.135651942,"3"
2025,5,17,137,7.017623298,"3"
2025,5,18,138,4.216067226,"3"
2025,5,19,139,4.37170923,"3"
2025,5,20,140,5.448996042,"3"
2025,5,21,141,6.147859158,"3"
2025,5,22,142,6.58426713,"3"
2025,5,23,143,7.585258842,"3"
2025,5,24,144,8.14068717,"3"
2025,5,25,145,8.397038706,"3"
2025,5,26,146,9.336994338,"3"
2025,5,27,147,8.677804674,"3"
2025,5,28,148,9.761195094,"3"
2025,5,29,149,9.30037269,"3"
2025,5,30,150,8.78156601,"3"
2025,5,31,151,9.999235806,"3"
2026,5,1,121,-1.264972758,"3"
2026,5,2,122,-0.575265054,"3"
2026,5,3,123,0.270084654,"3"
2026,5,4,124,0.483710934,"3"
2026,5,5,125,1.078812714,"3"
2026,5,6,126,1.24361013,"3"
2026,5,7,127,1.918058814,"3"
2026,5,8,128,2.714579658,"3"
2026,5,9,129,4.017699966,"3"
2026,5,10,130,5.369649138,"3"
2026,5,11,131,5.19569631,"3"
2026,5,12,132,4.332035778,"3"
2026,5,13,133,4.76844375,"3"
2026,5,14,134,3.511100502,"3"
2026,5,15,135,3.66979431,"3"
2026,5,16,136,6.346226418,"3"
2026,5,17,137,6.663614034,"3"
2026,5,18,138,5.452047846,"3"
2026,5,19,139,6.834515058,"3"
2026,5,20,140,6.236361474,"3"
2026,5,21,141,5.857937778,"3"
2026,5,22,142,6.318760182,"3"
2026,5,23,143,6.407262498,"3"
2026,5,24,144,7.273974834,"3"
2026,5,25,145,7.237353186,"3"
2026,5,26,146,7.814144142,"3"
2026,5,27,147,8.473333806,"3"
2026,5,28,148,9.047072958,"3"
2026,5,29,149,8.867016522,"3"
2026,5,30,150,9.428548458,"3"
2026,5,31,151,10.850689122,"3"
2027,5,1,121,-0.108339042,"3"
2027,5,2,122,-0.337224342,"3"
2027,5,3,123,0.273136458,"3"
2027,5,4,124,0.535591602,"3"
2027,5,5,125,1.16731503,"3"
2027,5,6,126,1.820401086,"3"
2027,5,7,127,2.11337427,"3"
2027,5,8,128,2.430761886,"3"
2027,5,9,129,3.550773954,"3"
2027,5,10,130,3.779659254,"3"
2027,5,11,131,4.200808206,"3"
2027,5,12,132,6.352330026,"3"
2027,5,13,133,5.198748114,"3"
2027,5,14,134,5.473410474,"3"
2027,5,15,135,6.260775906,"3"
2027,5,16,136,6.105133902,"3"
2027,5,17,137,6.840618666,"3"
2027,5,18,138,6.541541874,"3"
2027,5,19,139,7.258715814,"3"
2027,5,20,140,6.852825882,"3"
2027,5,21,141,6.343174614,"3"
2027,5,22,142,6.63004419,"3"
2027,5,23,143,6.684976662,"3"
2027,5,24,144,7.856869398,"3"
2027,5,25,145,8.07965109,"3"
2027,5,26,146,8.143738974,"3"
2027,5,27,147,8.207826858,"3"
2027,5,28,148,9.385823202,"3"
2027,5,29,149,9.34614975,"3"
2027,5,30,150,9.263751042,"3"
2027,5,31,151,9.150834294,"3"
2028,5,1,122,0.498969954,"3"
2028,5,2,123,-0.593575878,"3"
2028,5,3,124,-0.383001402,"3"
2028,5,4,125,0.74006247,"3"
2028,5,5,126,1.115434362,"3"
2028,5,6,127,2.317845138,"3"
2028,5,7,128,2.928205938,"3"
2028,5,8,129,3.041122686,"3"
2028,5,9,130,2.650491774,"3"
2028,5,10,131,3.187609278,"3"
2028,5,11,132,4.12756491,"3"
2028,5,12,133,3.236438142,"3"
2028,5,13,134,3.572136582,"3"
2028,5,14,135,5.60768985,"3"
2028,5,15,136,4.795909986,"3"
2028,5,16,137,4.826428026,"3"
2028,5,17,138,5.680933146,"3"
2028,5,18,139,6.565956306,"3"
2028,5,19,140,6.75211635,"3"
2028,5,20,141,6.251620494,"3"
2028,5,21,142,7.399098798,"3"
2028,5,22,143,8.513007258,"3"
2028,5,23,144,8.122376346,"3"
2028,5,24,145,6.791789802,"3"
2028,5,25,146,6.221102454,"3"
2028,5,26,147,7.151902674,"3"
2028,5,27,148,7.945371714,"3"
2028,5,28,149,6.24856869,"3"
2028,5,29,150,7.356373542,"3"
2028,5,30,151,7.936216302,"3"
2028,5,31,152,8.680856478,"3"
2029,5,1,121,1.011673026,"3"
2029,5,2,122,1.097123538,"3"
2029,5,3,123,1.673914494,"3"
2029,5,4,124,2.54062683,"3"
2029,5,5,125,2.958723978,"3"
2029,5,6,126,2.824444602,"3"
2029,5,7,127,2.83054821,"3"
2029,5,8,128,2.732890482,"3"
2029,5,9,129,3.981078318,"3"
2029,5,10,130,3.672846114,"3"
2029,5,11,131,4.133668518,"3"
2029,5,12,132,4.82947983,"3"
2029,5,13,133,3.764400234,"3"
2029,5,14,134,4.542610254,"3"
2029,5,15,135,5.091934974,"3"
2029,5,16,136,5.671777734,"3"
2029,5,17,137,5.845730562,"3"
2029,5,18,138,5.903714838,"3"
2029,5,19,139,6.120392922,"3"
2029,5,20,140,7.676812962,"3"
2029,5,21,141,8.168153406,"3"
2029,5,22,142,8.540473494,"3"
2029,5,23,143,8.122376346,"3"
2029,5,24,144,8.714426322,"3"
2029,5,25,145,8.149842582,"3"
2029,5,26,146,7.753108062,"3"
2029,5,27,147,8.52216267,"3"
2029,5,28,148,8.961622446,"3"
2029,5,29,149,9.144730686,"3"
2029,5,30,150,9.159989706,"3"
2029,5,31,151,9.874111842,"3"
2030,5,1,121,1.109330754,"3"
2030,5,2,122,0.886549062,"3"
2030,5,3,123,-0.260929242,"3"
2030,5,4,124,0.871290042,"3"
2030,5,5,125,0.779735922,"3"
2030,5,6,126,1.902799794,"3"
2030,5,7,127,1.820401086,"3"
2030,5,8,128,2.287327098,"3"
2030,5,9,129,3.370717518,"3"
2030,5,10,130,3.70031235,"3"
2030,5,11,131,4.496833194,"3"
2030,5,12,132,5.156022858,"3"
2030,5,13,133,4.945448382,"3"
2030,5,14,134,4.609749942,"3"
2030,5,15,135,3.892576002,"3"
2030,5,16,136,6.14175555,"3"
2030,5,17,137,7.539481782,"3"
2030,5,18,138,7.829403162,"3"
2030,5,19,139,7.704279198,"3"
2030,5,20,140,8.516059062,"3"
2030,5,21,141,8.909741778,"3"
2030,5,22,142,8.195619642,"3"
2030,5,23,143,8.412297726,"3"
2030,5,24,144,7.539481782,"3"
2030,5,25,145,8.485541022,"3"
2030,5,26,146,8.946363426,"3"
2030,5,27,147,9.129471666,"3"
2030,5,28,148,8.311588194,"3"
2030,5,29,149,8.076599286,"3"
2030,5,30,150,8.494696434,"3"
2030,5,31,151,9.233233002,"3"
2031,5,1,121,1.62508563,"3"
2031,5,2,122,2.070649014,"3"
2031,5,3,123,2.546730438,"3"
2031,5,4,124,2.995345626,"3"
2031,5,5,125,2.558937654,"3"
2031,5,6,126,1.979094894,"3"
2031,5,7,127,1.585412178,"3"
2031,5,8,128,2.409399258,"3"
2031,5,9,129,3.157091238,"3"
2031,5,10,130,2.96787939,"3"
2031,5,11,131,3.22728273,"3"
2031,5,12,132,5.033950698,"3"
2031,5,13,133,4.362553818,"3"
2031,5,14,134,3.926145846,"3"
2031,5,15,135,4.093995066,"3"
2031,5,16,136,5.131608426,"3"
2031,5,17,137,5.091934974,"3"
2031,5,18,138,5.693140362,"3"
2031,5,19,139,7.100022006,"3"
2031,5,20,140,7.084762986,"3"
2031,5,21,141,6.24856869,"3"
2031,5,22,142,7.631035902,"3"
2031,5,23,143,8.665597458,"3"
2031,5,24,144,7.295337462,"3"
2031,5,25,145,7.426565034,"3"
2031,5,26,146,6.90470655,"3"
2031,5,27,147,5.91287025,"3"
2031,5,28,148,6.282138534,"3"
2031,5,29,149,8.03387403,"3"
2031,5,30,150,9.333942534,"3"
2031,5,31,151,9.868008234,"3"
2032,5,1,122,1.362630486,"3"
2032,5,2,123,1.713587946,"3"
2032,5,3,124,1.033035654,"3"
2032,5,4,125,1.231402914,"3"
2032,5,5,126,1.158159618,"3"
2032,5,6,127,0.987258594,"3"
2032,5,7,128,1.026932046,"3"
2032,5,8,129,3.022811862,"3"
2032,5,9,130,3.691156938,"3"
2032,5,10,131,3.984130122,"3"
2032,5,11,132,4.576180098,"3"
2032,5,12,133,5.778590874,"3"
2032,5,13,134,4.704355866,"3"
2032,5,14,135,4.438848918,"3"
2032,5,15,136,5.71450299,"3"
2032,5,16,137,5.25673239,"3"
2032,5,17,138,4.939344774,"3"
2032,5,18,139,6.334019202,"3"
2032,5,19,140,6.800945214,"3"
2032,5,20,141,6.254672298,"3"
2032,5,21,142,6.654458622,"3"
2032,5,22,143,7.023726906,"3"
2032,5,23,144,6.987105258,"3"
2032,5,24,145,7.252612206,"3"
2032,5,25,146,7.426565034,"3"
2032,5,26,147,7.731745434,"3"
2032,5,27,148,7.780574298,"3"
2032,5,28,149,8.198671446,"3"
2032,5,29,150,9.266802846,"3"
2032,5,30,151,9.288165474,"3"
2032,5,31,152,10.258639146,"3"
2033,5,1,121,0.08392461,"3"
2033,5,2,122,0.270084654,"3"
2033,5,3,123,0.932326122,"3"
2033,5,4,124,2.345311374,"3"
2033,5,5,125,2.931257742,"3"
2033,5,6,126,2.89158429,"3"
2033,5,7,127,3.285267006,"3"
2033,5,8,128,3.132676806,"3"
2033,5,9,129,3.504996894,"3"
2033,5,10,130,2.867169858,"3"
2033,5,11,131,2.72373507,"3"
2033,5,12,132,3.782711058,"3"
2033,5,13,133,4.78370277,"3"
2033,5,14,134,4.96681101,"3"
2033,5,15,135,5.72976201,"3"
2033,5,16,136,5.766383658,"3"
2033,5,17,137,6.877240314,"3"
2033,5,18,138,7.566948018,"3"
2033,5,19,139,7.78972971,"3"
2033,5,20,140,7.124436438,"3"
2033,5,21,141,8.12542815,"3"
2033,5,22,142,8.616768594,"3"
2033,5,23,143,8.393986902,"3"
2033,5,24,144,8.860912914,"3"
2033,5,25,145,9.196611354,"3"
2033,5,26,146,8.244448506,"3"
2033,5,27,147,8.40009051,"3"
2033,5,28,148,9.013503114,"3"
2033,5,29,149,8.055236658,"3"
2033,5,30,150,9.20881857,"3"
2033,5,31,151,9.279010062,"3"
2034,5,1,121,1.329060642,"3"
2034,5,2,122,1.301594406,"3"
2034,5,3,123,1.860074538,"3"
2034,5,4,124,2.66269899,"3"
2034,5,5,125,2.41855467,"3"
2034,5,6,126,2.46433173,"3"
2034,5,7,127,2.317845138,"3"
2034,5,8,128,2.610818322,"3"
2034,5,9,129,3.352406694,"3"
2034,5,10,130,3.599602818,"3"
2034,5,11,131,2.92210233,"3"
2034,5,12,132,2.958723978,"3"
2034,5,13,133,3.25780077,"3"
2034,5,14,134,5.250628782,"3"
2034,5,15,135,6.013579782,"3"
2034,5,16,136,6.041046018,"3"
2034,5,17,137,6.227206062,"3"
2034,5,18,138,6.465246774,"3"
2034,5,19,139,7.33195911,"3"
2034,5,20,140,7.313648286,"3"
2034,5,21,141,6.73685733,"3"
2034,5,22,142,5.711451186,"3"
2034,5,23,143,6.962690826,"3"
2034,5,24,144,7.237353186,"3"
2034,5,25,145,7.704279198,"3"
2034,5,26,146,7.612725078,"3"
2034,5,27,147,8.265811134,"3"
2034,5,28,148,9.059280174,"3"
2034,5,29,149,9.349201554,"3"
2034,5,30,150,8.58319875,"3"
2034,5,31,151,9.111160842,"3"
2035,5,1,121,2.671854402,"3"
2035,5,2,122,2.766460326,"3"
2035,5,3,123,3.492789678,"3"
2035,5,4,124,1.896696186,"3"
2035,5,5,125,2.366674002,"3"
2035,5,6,126,3.434805402,"3"
2035,5,7,127,3.462271638,"3"
2035,5,8,128,3.450064422,"3"
2035,5,9,129,3.797970078,"3"
2035,5,10,130,2.931257742,"3"
2035,5,11,131,3.068588922,"3"
2035,5,12,132,4.682993238,"3"
2035,5,13,133,5.53139475,"3"
2035,5,14,134,6.144807354,"3"
2035,5,15,135,7.231249578,"3"
2035,5,16,136,7.338062718,"3"
2035,5,17,137,6.69108027,"3"
2035,5,18,138,6.514075638,"3"
2035,5,19,139,6.24856869,"3"
2035,5,20,140,6.047149626,"3"
2035,5,21,141,6.581215326,"3"
2035,5,22,142,7.038985926,"3"
2035,5,23,143,8.241396702,"3"
2035,5,24,144,9.60555309,"3"
2035,5,25,145,8.366520666,"3"
2035,5,26,146,7.716486414,"3"
2035,5,27,147,8.097961914,"3"
2035,5,28,148,8.433660354,"3"
2035,5,29,149,9.55977603,"3"
2035,5,30,150,9.828334782,"3"
2035,5,31,151,10.194551262,"3"
2036,5,1,122,1.490806254,"3"
2036,5,2,123,1.451132802,"3"
2036,5,3,124,2.470435338,"3"
2036,5,4,125,3.123521394,"3"
2036,5,5,126,2.812237386,"3"
2036,5,6,127,2.543678634,"3"
2036,5,7,128,2.775615738,"3"
2036,5,8,129,3.123521394,"3"
2036,5,9,130,2.919050526,"3"
2036,5,10,131,2.735942286,"3"
2036,5,11,132,3.428701794,"3"
2036,5,12,133,4.621957158,"3"
2036,5,13,134,5.94338829,"3"
2036,5,14,135,5.915922054,"3"
2036,5,15,136,6.581215326,"3"
2036,5,16,137,7.234301382,"3"
2036,5,17,138,7.273974834,"3"
2036,5,18,139,7.402150602,"3"
2036,5,19,140,7.081711182,"3"
2036,5,20,141,7.100022006,"3"
2036,5,21,142,7.536429978,"3"
2036,5,22,143,7.710382806,"3"
2036,5,23,144,8.702219106,"3"
2036,5,24,145,8.470282002,"3"
2036,5,25,146,8.732737146,"3"
2036,5,26,147,8.03387403,"3"
2036,5,27,148,9.19355955,"3"
2036,5,28,149,8.686960086,"3"
2036,5,29,150,8.375676078,"3"
2036,5,30,151,8.638131222,"3"
2036,5,31,152,10.164033222,"3"
2037,5,1,121,2.119477878,"3"
2037,5,2,122,3.108262374,"3"
2037,5,3,123,4.029907182,"3"
2037,5,4,124,3.965819298,"3"
2037,5,5,125,4.38696825,"3"
2037,5,6,126,3.614861838,"3"
2037,5,7,127,3.862057962,"3"
2037,5,8,128,2.903791506,"3"
2037,5,9,129,3.596551014,"3"
2037,5,10,130,4.313724954,"3"
2037,5,11,131,4.298465934,"3"
2037,5,12,132,5.299457646,"3"
2037,5,13,133,4.99732905,"3"
2037,5,14,134,5.60768985,"3"
2037,5,15,135,6.163118178,"3"
2037,5,16,136,5.56191279,"3"
2037,5,17,137,5.717554794,"3"
2037,5,18,138,5.290302234,"3"
2037,5,19,139,5.754176442,"3"
2037,5,20,140,8.06439207,"3"
2037,5,21,141,7.887387438,"3"
2037,5,22,142,7.106125614,"3"
2037,5,23,143,7.40825421,"3"
2037,5,24,144,8.101013718,"3"
2037,5,25,145,10.164033222,"3"
2037,5,26,146,9.675744582,"3"
2037,5,27,147,8.455022982,"3"
2037,5,28,148,7.966734342,"3"
2037,5,29,149,9.187455942,"3"
2037,5,30,150,8.867016522,"3"
2037,5,31,151,8.802928638,"3"
2038,5,1,121,1.240558326,"3"
2038,5,2,122,0.514228974,"3"
2038,5,3,123,1.707484338,"3"
2038,5,4,124,2.29648251,"3"
2038,5,5,125,3.309681438,"3"
2038,5,6,126,3.035019078,"3"
2038,5,7,127,2.015716542,"3"
2038,5,8,128,2.31174153,"3"
2038,5,9,129,3.636224466,"3"
2038,5,10,130,3.874265178,"3"
2038,5,11,131,4.87525689,"3"
2038,5,12,132,5.366597334,"3"
2038,5,13,133,5.763331854,"3"
2038,5,14,134,6.083771274,"3"
2038,5,15,135,6.169221786,"3"
2038,5,16,136,5.723658402,"3"
2038,5,17,137,6.434728734,"3"
2038,5,18,138,6.15701457,"3"
2038,5,19,139,6.230257866,"3"
2038,5,20,140,6.898602942,"3"
2038,5,21,141,8.06439207,"3"
2038,5,22,142,7.75921167,"3"
2038,5,23,143,7.237353186,"3"
2038,5,24,144,6.95048361,"3"
2038,5,25,145,6.733805526,"3"
2038,5,26,146,7.627984098,"3"
2038,5,27,147,8.427556746,"3"
2038,5,28,148,9.306476298,"3"
2038,5,29,149,9.694055406,"3"
2038,5,30,150,9.843593802,"3"
2038,5,31,151,10.884258966,"3"
2039,5,1,121,0.929274318,"3"
2039,5,2,122,2.195772978,"3"
2039,5,3,123,2.140840506,"3"
2039,5,4,124,1.850919126,"3"
2039,5,5,125,2.000457522,"3"
2039,5,6,126,1.383993114,"3"
2039,5,7,127,2.903791506,"3"
2039,5,8,128,3.54772215,"3"
2039,5,9,129,3.877316982,"3"
2039,5,10,130,3.18150567,"3"
2039,5,11,131,3.999389142,"3"
2039,5,12,132,3.691156938,"3"
2039,5,13,133,4.649423394,"3"
2039,5,14,134,6.028838802,"3"
2039,5,15,135,5.201799918,"3"
2039,5,16,136,5.708399382,"3"
2039,5,17,137,6.52323105,"3"
2039,5,18,138,7.069503966,"3"
2039,5,19,139,5.86709319,"3"
2039,5,20,140,7.548637194,"3"
2039,5,21,141,7.48454931,"3"
2039,5,22,142,7.673761158,"3"
2039,5,23,143,7.600517862,"3"
2039,5,24,144,7.185472518,"3"
2039,5,25,145,7.261767618,"3"
2039,5,26,146,7.95757893,"3"
2039,5,27,147,8.976881466,"3"
2039,5,28,148,9.840541998,"3"
2039,5,29,149,9.779505918,"3"
2039,5,30,150,10.24643193,"3"
2039,5,31,151,10.829326494,"3"
2040,5,1,122,1.359578682,"3"
2040,5,2,123,3.031967274,"3"
2040,5,3,124,2.320896942,"3"
2040,5,4,125,2.397192042,"3"
2040,5,5,126,2.299534314,"3"
2040,5,6,127,3.236438142,"3"
2040,5,7,128,2.995345626,"3"
2040,5,8,129,4.438848918,"3"
2040,5,9,130,4.466315154,"3"
2040,5,10,131,4.225222638,"3"
2040,5,11,132,5.476462278,"3"
2040,5,12,133,4.96681101,"3"
2040,5,13,134,5.940336486,"3"
2040,5,14,135,5.830471542,"3"
2040,5,15,136,6.288242142,"3"
2040,5,16,137,6.211947042,"3"
2040,5,17,138,6.562904502,"3"
2040,5,18,139,5.690088558,"3"
2040,5,19,140,5.11940121,"3"
2040,5,20,141,7.017623298,"3"
2040,5,21,142,7.246508598,"3"
2040,5,22,143,8.500800042,"3"
2040,5,23,144,7.780574298,"3"
2040,5,24,145,8.381779686,"3"
2040,5,25,146,8.937208014,"3"
2040,5,26,147,10.148774202,"3"
2040,5,27,148,10.313571618,"3"
2040,5,28,149,9.324787122,"3"
2040,5,29,150,9.11726445,"3"
2040,5,30,151,9.321735318,"3"
2040,5,31,152,9.642174738,"3"
2041,5,1,121,1.560997746,"3"
2041,5,2,122,2.073700818,"3"
2041,5,3,123,2.28122349,"3"
2041,5,4,124,2.513160594,"3"
2041,5,5,125,2.03707917,"3"
2041,5,6,126,2.085908034,"3"
2041,5,7,127,3.071640726,"3"
2041,5,8,128,4.319828562,"3"
2041,5,9,129,5.308613058,"3"
2041,5,10,130,4.261844286,"3"
2041,5,11,131,4.072632438,"3"
2041,5,12,132,4.383916446,"3"
2041,5,13,133,5.656518714,"3"
2041,5,14,134,6.337071006,"3"
2041,5,15,135,6.15701457,"3"
2041,5,16,136,7.618828686,"3"
2041,5,17,137,6.596474346,"3"
2041,5,18,138,6.468298578,"3"
2041,5,19,139,7.750056258,"3"
2041,5,20,140,8.296329174,"3"
2041,5,21,141,8.860912914,"3"
2041,5,22,142,8.543525298,"3"
2041,5,23,143,8.70527091,"3"
2041,5,24,144,9.047072958,"3"
2041,5,25,145,7.887387438,"3"
2041,5,26,146,7.63713951,"3"
2041,5,27,147,8.549628906,"3"
2041,5,28,148,8.53742169,"3"
2041,5,29,149,8.67475287,"3"
2041,5,30,150,7.878232026,"3"
2041,5,31,151,8.18646423,"3"
2042,5,1,121,0.367742382,"3"
2042,5,2,122,1.417562958,"3"
2042,5,3,123,1.390096722,"3"
2042,5,4,124,1.741054182,"3"
2042,5,5,125,2.183565762,"3"
2042,5,6,126,2.110322466,"3"
2042,5,7,127,3.22728273,"3"
2042,5,8,128,2.735942286,"3"
2042,5,9,129,2.400243846,"3"
2042,5,10,130,2.165254938,"3"
2042,5,11,131,3.590447406,"3"
2042,5,12,132,4.37170923,"3"
2042,5,13,133,5.540550162,"3"
2042,5,14,134,5.891507622,"3"
2042,5,15,135,5.71450299,"3"
2042,5,16,136,6.755168154,"3"
2042,5,17,137,8.860912914,"3"
2042,5,18,138,8.229189486,"3"
2042,5,19,139,7.344166326,"3"
2042,5,20,140,7.234301382,"3"
2042,5,21,141,6.944380002,"3"
2042,5,22,142,7.811092338,"3"
2042,5,23,143,7.899594654,"3"
2042,5,24,144,8.46112659,"3"
2042,5,25,145,9.022658526,"3"
2042,5,26,146,8.253603918,"3"
2042,5,27,147,8.839550286,"3"
2042,5,28,148,10.61264841,"3"
2042,5,29,149,10.679788098,"3"
2042,5,30,150,10.594337586,"3"
2042,5,31,151,10.273898166,"3"
2043,5,1,121,2.299534314,"3"
2043,5,2,122,2.72373507,"3"
2043,5,3,123,2.177462154,"3"
2043,5,4,124,2.354466786,"3"
2043,5,5,125,2.92210233,"3"
2043,5,6,126,2.656595382,"3"
2043,5,7,127,2.818340994,"3"
2043,5,8,128,3.01365645,"3"
2043,5,9,129,2.522316006,"3"
2043,5,10,130,3.633172662,"3"
2043,5,11,131,4.411382682,"3"
2043,5,12,132,3.886472394,"3"
2043,5,13,133,4.52429943,"3"
2043,5,14,134,4.701304062,"3"
2043,5,15,135,5.412374394,"3"
2043,5,16,136,5.769435462,"3"
2043,5,17,137,5.476462278,"3"
2043,5,18,138,5.766383658,"3"
2043,5,19,139,5.253680586,"3"
2043,5,20,140,6.816204234,"3"
2043,5,21,141,6.047149626,"3"
2043,5,22,142,6.00442437,"3"
2043,5,23,143,6.602577954,"3"
2043,5,24,144,7.658502138,"3"
2043,5,25,145,8.302432782,"3"
2043,5,26,146,7.707331002,"3"
2043,5,27,147,8.784617814,"3"
2043,5,28,148,8.40009051,"3"
2043,5,29,149,9.419393046,"3"
2043,5,30,150,10.26169095,"3"
2043,5,31,151,11.393910234,"3"
2044,5,1,122,2.552834046,"3"
2044,5,2,123,2.729838678,"3"
2044,5,3,124,1.911955206,"3"
2044,5,4,125,0.981154986,"3"
2044,5,5,126,2.336155962,"3"
2044,5,6,127,4.267947894,"3"
2044,5,7,128,5.696192166,"3"
2044,5,8,129,5.198748114,"3"
2044,5,9,130,3.971922906,"3"
2044,5,10,131,3.834591726,"3"
2044,5,11,132,4.106202282,"3"
2044,5,12,133,4.841687046,"3"
2044,5,13,134,4.945448382,"3"
2044,5,14,135,4.53955845,"3"
2044,5,15,136,4.57007649,"3"
2044,5,16,137,5.24147337,"3"
2044,5,17,138,6.23330967,"3"
2044,5,18,139,5.89761123,"3"
2044,5,19,140,6.886395726,"3"
2044,5,20,141,8.342106234,"3"
2044,5,21,142,8.165101602,"3"
2044,5,22,143,7.417409622,"3"
2044,5,23,144,7.62188049,"3"
2044,5,24,145,8.088806502,"3"
2044,5,25,146,9.120316254,"3"
2044,5,26,147,8.854809306,"3"
2044,5,27,148,9.401082222,"3"
2044,5,28,149,9.245440218,"3"
2044,5,29,150,9.446859282,"3"
2044,5,30,151,9.153886098,"3"
2044,5,31,152,8.44586757,"3"
2045,5,1,121,2.003509326,"3"
2045,5,2,122,2.452124514,"3"
2045,5,3,123,3.47142705,"3"
2045,5,4,124,4.454107938,"3"
2045,5,5,125,5.796901698,"3"
2045,5,6,126,5.461203258,"3"
2045,5,7,127,4.335087582,"3"
2045,5,8,128,4.762340142,"3"
2045,5,9,129,5.854885974,"3"
2045,5,10,130,6.40115889,"3"
2045,5,11,131,5.345234706,"3"
2045,5,12,132,6.343174614,"3"
2045,5,13,133,6.764323566,"3"
2045,5,14,134,6.23330967,"3"
2045,5,15,135,6.260775906,"3"
2045,5,16,136,5.751124638,"3"
2045,5,17,137,5.769435462,"3"
2045,5,18,138,5.040054306,"3"
2045,5,19,139,5.57717181,"3"
2045,5,20,140,7.521170958,"3"
2045,5,21,141,8.485541022,"3"
2045,5,22,142,8.290225566,"3"
2045,5,23,143,9.031813938,"3"
2045,5,24,144,10.637062842,"3"
2045,5,25,145,9.868008234,"3"
2045,5,26,146,8.805980442,"3"
2045,5,27,147,9.471273714,"3"
2045,5,28,148,9.477377322,"3"
2045,5,29,149,9.657433758,"3"
2045,5,30,150,11.595329298,"3"
2045,5,31,151,11.738764086,"3"
2046,5,1,121,3.590447406,"3"
2046,5,2,122,2.421606474,"3"
2046,5,3,123,2.253757254,"3"
2046,5,4,124,2.989242018,"3"
2046,5,5,125,3.202868298,"3"
2046,5,6,126,3.767452038,"3"
2046,5,7,127,3.611810034,"3"
2046,5,8,128,3.584343798,"3"
2046,5,9,129,3.447012618,"3"
2046,5,10,130,4.03601079,"3"
2046,5,11,131,4.359502014,"3"
2046,5,12,132,5.311664862,"3"
2046,5,13,133,5.122453014,"3"
2046,5,14,134,5.143815642,"3"
2046,5,15,135,5.201799918,"3"
2046,5,16,136,5.940336486,"3"
2046,5,17,137,6.495764814,"3"
2046,5,18,138,5.580223614,"3"
2046,5,19,139,6.999312474,"3"
2046,5,20,140,8.134583562,"3"
2046,5,21,141,7.725641826,"3"
2046,5,22,142,7.258715814,"3"
2046,5,23,143,7.685968374,"3"
2046,5,24,144,7.090866594,"3"
2046,5,25,145,7.383839778,"3"
2046,5,26,146,8.088806502,"3"
2046,5,27,147,8.711374518,"3"
2046,5,28,148,9.16304151,"3"
2046,5,29,149,8.668649262,"3"
2046,5,30,150,10.280001774,"3"
2046,5,31,151,11.866939854,"3"
2047,5,1,121,1.22835111,"3"
2047,5,2,122,1.509117078,"3"
2047,5,3,123,2.928205938,"3"
2047,5,4,124,3.660638898,"3"
2047,5,5,125,4.261844286,"3"
2047,5,6,126,4.649423394,"3"
2047,5,7,127,3.321888654,"3"
2047,5,8,128,4.179445578,"3"
2047,5,9,129,4.963759206,"3"
2047,5,10,130,5.223162546,"3"
2047,5,11,131,4.49378139,"3"
2047,5,12,132,4.942396578,"3"
2047,5,13,133,5.647363302,"3"
2047,5,14,134,6.18753261,"3"
2047,5,15,135,6.819256038,"3"
2047,5,16,136,7.048141338,"3"
2047,5,17,137,6.999312474,"3"
2047,5,18,138,7.017623298,"3"
2047,5,19,139,7.86602481,"3"
2047,5,20,140,6.85892949,"3"
2047,5,21,141,6.880292118,"3"
2047,5,22,142,6.715494702,"3"
2047,5,23,143,9.288165474,"3"
2047,5,24,144,8.137635366,"3"
2047,5,25,145,8.509955454,"3"
2047,5,26,146,9.489584538,"3"
2047,5,27,147,9.687951798,"3"
2047,5,28,148,10.411229346,"3"
2047,5,29,149,10.07858271,"3"
2047,5,30,150,10.331882442,"3"
2047,5,31,151,10.609596606,"3"
2048,5,1,122,1.18257405,"3"
2048,5,2,123,1.588463982,"3"
2048,5,3,124,2.269016274,"3"
2048,5,4,125,3.071640726,"3"
2048,5,5,126,3.358510302,"3"
2048,5,6,127,4.145875734,"3"
2048,5,7,128,3.56298117,"3"
2048,5,8,129,4.640267982,"3"
2048,5,9,130,5.513083926,"3"
2048,5,10,131,4.972914618,"3"
2048,5,11,132,4.930189362,"3"
2048,5,12,133,5.870144994,"3"
2048,5,13,134,5.488669494,"3"
2048,5,14,135,4.573128294,"3"
2048,5,15,136,4.530403038,"3"
2048,5,16,137,5.07362415,"3"
2048,5,17,138,6.30960477,"3"
2048,5,18,139,6.56900811,"3"
2048,5,19,140,6.392003478,"3"
2048,5,20,141,6.810100626,"3"
2048,5,21,142,7.792781514,"3"
2048,5,22,143,8.433660354,"3"
2048,5,23,144,9.126419862,"3"
2048,5,24,145,8.577095142,"3"
2048,5,25,146,9.852749214,"3"
2048,5,26,147,9.275958258,"3"
2048,5,27,148,8.93415621,"3"
2048,5,28,149,9.510947166,"3"
2048,5,29,150,8.714426322,"3"
2048,5,30,151,9.227129394,"3"
2048,5,31,152,10.194551262,"3"
2049,5,1,121,0.825512982,"3"
2049,5,2,122,2.009612934,"3"
2049,5,3,123,3.187609278,"3"
2049,5,4,124,4.216067226,"3"
2049,5,5,125,3.581291994,"3"
2049,5,6,126,3.447012618,"3"
2049,5,7,127,5.033950698,"3"
2049,5,8,128,5.168230074,"3"
2049,5,9,129,6.11123751,"3"
2049,5,10,130,6.08071947,"3"
2049,5,11,131,6.501868422,"3"
2049,5,12,132,6.343174614,"3"
2049,5,13,133,5.680933146,"3"
2049,5,14,134,5.854885974,"3"
2049,5,15,135,5.656518714,"3"
2049,5,16,136,5.976958134,"3"
2049,5,17,137,5.925077466,"3"
2049,5,18,138,6.35538183,"3"
2049,5,19,139,7.335010914,"3"
2049,5,20,140,7.756159866,"3"
2049,5,21,141,8.256655722,"3"
2049,5,22,142,9.083694606,"3"
2049,5,23,143,9.88021545,"3"
2049,5,24,144,7.078659378,"3"
2049,5,25,145,6.465246774,"3"
2049,5,26,146,7.695123786,"3"
2049,5,27,147,9.532309794,"3"
2049,5,28,148,9.779505918,"3"
2049,5,29,149,9.794764938,"3"
2049,5,30,150,9.62081211,"3"
2049,5,31,151,10.20065487,"3"
2050,5,1,121,3.77660745,"3"
2050,5,2,122,3.666742506,"3"
2050,5,3,123,4.652475198,"3"
2050,5,4,124,5.235369762,"3"
2050,5,5,125,4.338139386,"3"
2050,5,6,126,4.29541413,"3"
2050,5,7,127,4.802013594,"3"
2050,5,8,128,5.186540898,"3"
2050,5,9,129,4.902723126,"3"
2050,5,10,130,4.338139386,"3"
2050,5,11,131,4.093995066,"3"
2050,5,12,132,4.53955845,"3"
2050,5,13,133,5.571068202,"3"
2050,5,14,134,5.824367934,"3"
2050,5,15,135,7.185472518,"3"
2050,5,16,136,7.081711182,"3"
2050,5,17,137,8.122376346,"3"
2050,5,18,138,7.023726906,"3"
2050,5,19,139,7.002364278,"3"
2050,5,20,140,7.823299554,"3"
2050,5,21,141,8.76630699,"3"
2050,5,22,142,9.02571033,"3"
2050,5,23,143,9.404134026,"3"
2050,5,24,144,8.909741778,"3"
2050,5,25,145,10.569923154,"3"
2050,5,26,146,11.37559941,"3"
2050,5,27,147,11.076522618,"3"
2050,5,28,148,10.21591389,"3"
2050,5,29,149,10.676736294,"3"
2050,5,30,150,10.914777006,"3"
2050,5,31,151,10.222017498,"3"
2051,5,1,121,0.749217882,"3"
2051,5,2,122,1.432821978,"3"
2051,5,3,123,1.814297478,"3"
2051,5,4,124,2.275119882,"3"
2051,5,5,125,3.614861838,"3"
2051,5,6,126,4.344242994,"3"
2051,5,7,127,4.441900722,"3"
2051,5,8,128,3.797970078,"3"
2051,5,9,129,4.106202282,"3"
2051,5,10,130,4.240481658,"3"
2051,5,11,131,5.101090386,"3"
2051,5,12,132,4.002440946,"3"
2051,5,13,133,5.876248602,"3"
2051,5,14,134,6.486609402,"3"
2051,5,15,135,6.129548334,"3"
2051,5,16,136,6.062408646,"3"
2051,5,17,137,6.193636218,"3"
2051,5,18,138,6.056305038,"3"
2051,5,19,139,6.886395726,"3"
2051,5,20,140,8.412297726,"3"
2051,5,21,141,9.25459563,"3"
2051,5,22,142,9.327838926,"3"
2051,5,23,143,8.238344898,"3"
2051,5,24,144,7.75921167,"3"
2051,5,25,145,9.181352334,"3"
2051,5,26,146,10.316623422,"3"
2051,5,27,147,8.970777858,"3"
2051,5,28,148,8.238344898,"3"
2051,5,29,149,9.047072958,"3"
2051,5,30,150,8.607613182,"3"
2051,5,31,151,9.279010062,"3"
2052,5,1,122,3.16624665,"3"
2052,5,2,123,2.165254938,"3"
2052,5,3,124,2.528419614,"3"
2052,5,4,125,3.489737874,"3"
2052,5,5,126,4.719614886,"3"
2052,5,6,127,5.024795286,"3"
2052,5,7,128,4.258792482,"3"
2052,5,8,129,4.505988606,"3"
2052,5,9,130,5.970854526,"3"
2052,5,10,131,5.644311498,"3"
2052,5,11,132,6.88944753,"3"
2052,5,12,133,6.868084902,"3"
2052,5,13,134,8.067443874,"3"
2052,5,14,135,7.811092338,"3"
2052,5,15,136,6.898602942,"3"
2052,5,16,137,6.684976662,"3"
2052,5,17,138,7.585258842,"3"
2052,5,18,139,7.951475322,"3"
2052,5,19,140,8.412297726,"3"
2052,5,20,141,7.716486414,"3"
2052,5,21,142,8.62897581,"3"
2052,5,22,143,8.693063694,"3"
2052,5,23,144,9.947355138,"3"
2052,5,24,145,10.07858271,"3"
2052,5,25,146,9.825282978,"3"
2052,5,26,147,8.717478126,"3"
2052,5,27,148,9.706262622,"3"
2052,5,28,149,10.923932418,"3"
2052,5,29,150,10.637062842,"3"
2052,5,30,151,10.237276518,"3"
2052,5,31,152,11.52818961,"3"
2053,5,1,121,3.187609278,"3"
2053,5,2,122,3.642328074,"3"
2053,5,3,123,4.118409498,"3"
2053,5,4,124,4.090943262,"3"
2053,5,5,125,4.701304062,"3"
2053,5,6,126,4.429693506,"3"
2053,5,7,127,4.43274531,"3"
2053,5,8,128,4.469366958,"3"
2053,5,9,129,3.923094042,"3"
2053,5,10,130,4.255740678,"3"
2053,5,11,131,4.98207003,"3"
2053,5,12,132,7.304492874,"3"
2053,5,13,133,7.948423518,"3"
2053,5,14,134,7.100022006,"3"
2053,5,15,135,7.035934122,"3"
2053,5,16,136,6.785686194,"3"
2053,5,17,137,7.569999822,"3"
2053,5,18,138,7.59136245,"3"
2053,5,19,139,7.86602481,"3"
2053,5,20,140,8.58319875,"3"
2053,5,21,141,8.799876834,"3"
2053,5,22,142,8.229189486,"3"
2053,5,23,143,9.16304151,"3"
2053,5,24,144,10.62790743,"3"
2053,5,25,145,9.279010062,"3"
2053,5,26,146,8.76630699,"3"
2053,5,27,147,8.49164463,"3"
2053,5,28,148,8.097961914,"3"
2053,5,29,149,9.169145118,"3"
2053,5,30,150,10.792704846,"3"
2053,5,31,151,10.237276518,"3"
2054,5,1,121,2.31174153,"3"
2054,5,2,122,4.213015422,"3"
2054,5,3,123,4.628060766,"3"
2054,5,4,124,4.802013594,"3"
2054,5,5,125,4.832531634,"3"
2054,5,6,126,5.08888317,"3"
2054,5,7,127,5.244525174,"3"
2054,5,8,128,4.979018226,"3"
2054,5,9,129,5.265887802,"3"
2054,5,10,130,5.046157914,"3"
2054,5,11,131,5.085831366,"3"
2054,5,12,132,4.734873906,"3"
2054,5,13,133,5.345234706,"3"
2054,5,14,134,5.66872593,"3"
2054,5,15,135,5.04310611,"3"
2054,5,16,136,5.732813814,"3"
2054,5,17,137,5.781642678,"3"
2054,5,18,138,7.359425346,"3"
2054,5,19,139,7.57610343,"3"
2054,5,20,140,7.310596482,"3"
2054,5,21,141,7.051193142,"3"
2054,5,22,142,8.058288462,"3"
2054,5,23,143,9.370564182,"3"
2054,5,24,144,9.108109038,"3"
2054,5,25,145,8.891430954,"3"
2054,5,26,146,9.282061866,"3"
2054,5,27,147,10.106048946,"3"
2054,5,28,148,11.424428274,"3"
2054,5,29,149,11.354236782,"3"
2054,5,30,150,11.42137647,"3"
2054,5,31,151,10.615700214,"3"
2055,5,1,121,4.255740678,"3"
2055,5,2,122,3.968871102,"3"
2055,5,3,123,3.825436314,"3"
2055,5,4,124,4.881360498,"3"
2055,5,5,125,4.045166202,"3"
2055,5,6,126,3.193712886,"3"
2055,5,7,127,3.94445667,"3"
2055,5,8,128,3.895627806,"3"
2055,5,9,129,5.152971054,"3"
2055,5,10,130,5.003432658,"3"
2055,5,11,131,5.131608426,"3"
2055,5,12,132,6.037994214,"3"
2055,5,13,133,6.55374909,"3"
2055,5,14,134,6.449987754,"3"
2055,5,15,135,6.938276394,"3"
2055,5,16,136,6.959639022,"3"
2055,5,17,137,6.715494702,"3"
2055,5,18,138,7.841610378,"3"
2055,5,19,139,7.92706089,"3"
2055,5,20,140,7.45403127,"3"
2055,5,21,141,8.15594619,"3"
2055,5,22,142,8.610664986,"3"
2055,5,23,143,9.23933661,"3"
2055,5,24,144,9.34614975,"3"
2055,5,25,145,9.291217278,"3"
2055,5,26,146,9.196611354,"3"
2055,5,27,147,9.211870374,"3"
2055,5,28,148,8.488592826,"3"
2055,5,29,149,8.696115498,"3"
2055,5,30,150,11.537345022,"3"
2055,5,31,151,10.905621594,"3"
2056,5,1,122,3.12046959,"3"
2056,5,2,123,4.078736046,"3"
2056,5,3,124,4.365605622,"3"
2056,5,4,125,3.89867961,"3"
2056,5,5,126,4.701304062,"3"
2056,5,6,127,5.18043729,"3"
2056,5,7,128,5.217058938,"3"
2056,5,8,129,4.869153282,"3"
2056,5,9,130,4.429693506,"3"
2056,5,10,131,5.326923882,"3"
2056,5,11,132,5.983061742,"3"
2056,5,12,133,6.044097822,"3"
2056,5,13,134,7.826351358,"3"
2056,5,14,135,8.62897581,"3"
2056,5,15,136,8.290225566,"3"
2056,5,16,137,8.647286634,"3"
2056,5,17,138,8.662545654,"3"
2056,5,18,139,7.57610343,"3"
2056,5,19,140,7.948423518,"3"
2056,5,20,141,8.046081246,"3"
2056,5,21,142,8.885327346,"3"
2056,5,22,143,9.416341242,"3"
2056,5,23,144,9.153886098,"3"
2056,5,24,145,9.098953626,"3"
2056,5,25,146,10.182344046,"3"
2056,5,26,147,9.526206186,"3"
2056,5,27,148,9.825282978,"3"
2056,5,28,149,11.51293059,"3"
2056,5,29,150,11.235216426,"3"
2056,5,30,151,11.567863062,"3"
2056,5,31,152,10.71946155,"3"
2057,5,1,121,2.088959838,"3"
2057,5,2,122,2.232394626,"3"
2057,5,3,123,3.297474222,"3"
2057,5,4,124,3.327992262,"3"
2057,5,5,125,3.068588922,"3"
2057,5,6,126,3.773555646,"3"
2057,5,7,127,4.701304062,"3"
2057,5,8,128,4.820324418,"3"
2057,5,9,129,4.740977514,"3"
2057,5,10,130,4.441900722,"3"
2057,5,11,131,4.304569542,"3"
2057,5,12,132,5.05836513,"3"
2057,5,13,133,5.220110742,"3"
2057,5,14,134,5.796901698,"3"
2057,5,15,135,7.817195946,"3"
2057,5,16,136,8.20172325,"3"
2057,5,17,137,7.563896214,"3"
2057,5,18,138,7.04203773,"3"
2057,5,19,139,7.048141338,"3"
2057,5,20,140,7.197679734,"3"
2057,5,21,141,7.518119154,"3"
2057,5,22,142,7.695123786,"3"
2057,5,23,143,8.94941523,"3"
2057,5,24,144,9.184404138,"3"
2057,5,25,145,8.580146946,"3"
2057,5,26,146,8.686960086,"3"
2057,5,27,147,10.10910075,"3"
2057,5,28,148,10.423436562,"3"
2057,5,29,149,10.423436562,"3"
2057,5,30,150,11.113144266,"3"
2057,5,31,151,11.189439366,"3"
2058,5,1,121,2.80003017,"3"
2058,5,2,122,2.320896942,"3"
2058,5,3,123,1.588463982,"3"
2058,5,4,124,2.058441798,"3"
2058,5,5,125,1.979094894,"3"
2058,5,6,126,2.61692193,"3"
2058,5,7,127,4.185549186,"3"
2058,5,8,128,5.900663034,"3"
2058,5,9,129,6.819256038,"3"
2058,5,10,130,6.547645482,"3"
2058,5,11,131,6.282138534,"3"
2058,5,12,132,7.62188049,"3"
2058,5,13,133,6.556800894,"3"
2058,5,14,134,6.05020143,"3"
2058,5,15,135,6.575111718,"3"
2058,5,16,136,6.315708378,"3"
2058,5,17,137,5.604638046,"3"
2058,5,18,138,6.623940582,"3"
2058,5,19,139,8.937208014,"3"
2058,5,20,140,9.047072958,"3"
2058,5,21,141,8.610664986,"3"
2058,5,22,142,8.744944362,"3"
2058,5,23,143,8.885327346,"3"
2058,5,24,144,8.824291266,"3"
2058,5,25,145,9.419393046,"3"
2058,5,26,146,9.303424494,"3"
2058,5,27,147,10.405125738,"3"
2058,5,28,148,10.386814914,"3"
2058,5,29,149,10.667580882,"3"
2058,5,30,150,9.831386586,"3"
2058,5,31,151,9.779505918,"3"
2059,5,1,121,2.864118054,"3"
2059,5,2,122,3.981078318,"3"
2059,5,3,123,3.947508474,"3"
2059,5,4,124,4.08178785,"3"
2059,5,5,125,4.09704687,"3"
2059,5,6,126,4.87525689,"3"
2059,5,7,127,5.357441922,"3"
2059,5,8,128,5.31776847,"3"
2059,5,9,129,4.960707402,"3"
2059,5,10,130,5.610741654,"3"
2059,5,11,131,6.562904502,"3"
2059,5,12,132,6.21805065,"3"
2059,5,13,133,5.827419738,"3"
2059,5,14,134,6.364537242,"3"
2059,5,15,135,5.97390633,"3"
2059,5,16,136,6.846722274,"3"
2059,5,17,137,5.983061742,"3"
2059,5,18,138,7.624932294,"3"
2059,5,19,139,8.894482758,"3"
2059,5,20,140,8.363468862,"3"
2059,5,21,141,8.448919374,"3"
2059,5,22,142,8.33905443,"3"
2059,5,23,143,7.884335634,"3"
2059,5,24,144,9.88021545,"3"
2059,5,25,145,10.081634514,"3"
2059,5,26,146,9.28511367,"3"
2059,5,27,147,10.79575665,"3"
2059,5,28,148,12.440679006,"3"
2059,5,29,149,13.31349495,"3"
2059,5,30,150,14.073394146,"3"
2059,5,31,151,12.208741902,"3"
2060,5,1,122,3.355458498,"3"
2060,5,2,123,3.123521394,"3"
2060,5,3,124,3.889524198,"3"
2060,5,4,125,3.999389142,"3"
2060,5,5,126,4.002440946,"3"
2060,5,6,127,3.520255914,"3"
2060,5,7,128,3.672846114,"3"
2060,5,8,129,4.484625978,"3"
2060,5,9,130,4.084839654,"3"
2060,5,10,131,5.177385486,"3"
2060,5,11,132,5.418478002,"3"
2060,5,12,133,5.198748114,"3"
2060,5,13,134,6.276034926,"3"
2060,5,14,135,6.221102454,"3"
2060,5,15,136,7.170213498,"3"
2060,5,16,137,5.11940121,"3"
2060,5,17,138,5.812160718,"3"
2060,5,18,139,7.933164498,"3"
2060,5,19,140,8.427556746,"3"
2060,5,20,141,7.508963742,"3"
2060,5,21,142,7.176317106,"3"
2060,5,22,143,8.473333806,"3"
2060,5,23,144,8.940259818,"3"
2060,5,24,145,9.211870374,"3"
2060,5,25,146,8.158997994,"3"
2060,5,26,147,8.543525298,"3"
2060,5,27,148,9.678796386,"3"
2060,5,28,149,10.005339414,"3"
2060,5,29,150,11.577018474,"3"
2060,5,30,151,11.381703018,"3"
2060,5,31,152,10.26169095,"3"
2061,5,1,121,3.459219834,"3"
2061,5,2,122,4.008544554,"3"
2061,5,3,123,4.686045042,"3"
2061,5,4,124,4.728770298,"3"
2061,5,5,125,4.512092214,"3"
2061,5,6,126,4.106202282,"3"
2061,5,7,127,3.794918274,"3"
2061,5,8,128,3.810177294,"3"
2061,5,9,129,3.514152306,"3"
2061,5,10,130,4.054321614,"3"
2061,5,11,131,5.336079294,"3"
2061,5,12,132,5.754176442,"3"
2061,5,13,133,5.69924397,"3"
2061,5,14,134,5.677881342,"3"
2061,5,15,135,6.266879514,"3"
2061,5,16,136,6.27908673,"3"
2061,5,17,137,6.623940582,"3"
2061,5,18,138,6.852825882,"3"
2061,5,19,139,8.470282002,"3"
2061,5,20,140,9.318683514,"3"
2061,5,21,141,8.998244094,"3"
2061,5,22,142,9.22407759,"3"
2061,5,23,143,9.700159014,"3"
2061,5,24,144,8.738840754,"3"
2061,5,25,145,9.523154382,"3"
2061,5,26,146,10.786601238,"3"
2061,5,27,147,12.06225531,"3"
2061,5,28,148,11.29930431,"3"
2061,5,29,149,9.752039682,"3"
2061,5,30,150,10.316623422,"3"
2061,5,31,151,10.44479919,"3"
2062,5,1,121,1.948576854,"3"
2062,5,2,122,3.108262374,"3"
2062,5,3,123,4.155031146,"3"
2062,5,4,124,3.309681438,"3"
2062,5,5,125,4.536506646,"3"
2062,5,6,126,4.820324418,"3"
2062,5,7,127,5.735865618,"3"
2062,5,8,128,5.244525174,"3"
2062,5,9,129,5.08888317,"3"
2062,5,10,130,5.564964594,"3"
2062,5,11,131,5.513083926,"3"
2062,5,12,132,5.848782366,"3"
2062,5,13,133,6.102082098,"3"
2062,5,14,134,6.196688022,"3"
2062,5,15,135,7.246508598,"3"
2062,5,16,136,7.450979466,"3"
2062,5,17,137,7.814144142,"3"
2062,5,18,138,7.420461426,"3"
2062,5,19,139,7.853817594,"3"
2062,5,20,140,8.210878662,"3"
2062,5,21,141,8.928052602,"3"
2062,5,22,142,8.723581734,"3"
2062,5,23,143,10.655373666,"3"
2062,5,24,144,10.676736294,"3"
2062,5,25,145,8.986036878,"3"
2062,5,26,146,8.82734307,"3"
2062,5,27,147,9.31563171,"3"
2062,5,28,148,9.190507746,"3"
2062,5,29,149,9.840541998,"3"
2062,5,30,150,10.621803822,"3"
2062,5,31,151,11.042952774,"3"
2063,5,1,121,4.713511278,"3"
2063,5,2,122,3.752193018,"3"
2063,5,3,123,3.620965446,"3"
2063,5,4,124,3.825436314,"3"
2063,5,5,125,4.106202282,"3"
2063,5,6,126,4.625008962,"3"
2063,5,7,127,5.543601966,"3"
2063,5,8,128,5.604638046,"3"
2063,5,9,129,5.711451186,"3"
2063,5,10,130,5.925077466,"3"
2063,5,11,131,6.63004419,"3"
2063,5,12,132,7.402150602,"3"
2063,5,13,133,7.429616838,"3"
2063,5,14,134,7.65239853,"3"
2063,5,15,135,7.783626102,"3"
2063,5,16,136,7.716486414,"3"
2063,5,17,137,8.915845386,"3"
2063,5,18,138,9.230181198,"3"
2063,5,19,139,9.425496654,"3"
2063,5,20,140,8.528266278,"3"
2063,5,21,141,8.601509574,"3"
2063,5,22,142,9.91073349,"3"
2063,5,23,143,10.502783466,"3"
2063,5,24,144,10.76523861,"3"
2063,5,25,145,10.136566986,"3"
2063,5,26,146,9.523154382,"3"
2063,5,27,147,10.087738122,"3"
2063,5,28,148,11.781489342,"3"
2063,5,29,149,11.583122082,"3"
2063,5,30,150,10.411229346,"3"
2063,5,31,151,10.70420253,"3"
2064,5,1,122,2.818340994,"3"
2064,5,2,123,3.24254175,"3"
2064,5,3,124,3.785762862,"3"
2064,5,4,125,3.108262374,"3"
2064,5,5,126,4.084839654,"3"
2064,5,6,127,4.594490922,"3"
2064,5,7,128,4.362553818,"3"
2064,5,8,129,4.802013594,"3"
2064,5,9,130,5.976958134,"3"
2064,5,10,131,6.239413278,"3"
2064,5,11,132,6.245516886,"3"
2064,5,12,133,5.83657515,"3"
2064,5,13,134,6.742960938,"3"
2064,5,14,135,7.62188049,"3"
2064,5,15,136,7.356373542,"3"
2064,5,16,137,7.084762986,"3"
2064,5,17,138,7.090866594,"3"
2064,5,18,139,8.00335599,"3"
2064,5,19,140,7.945371714,"3"
2064,5,20,141,8.07965109,"3"
2064,5,21,142,9.37666779,"3"
2064,5,22,143,10.005339414,"3"
2064,5,23,144,10.020598434,"3"
2064,5,24,145,10.130463378,"3"
2064,5,25,146,9.852749214,"3"
2064,5,26,147,10.798808454,"3"
2064,5,27,148,10.55161233,"3"
2064,5,28,149,9.80392035,"3"
2064,5,29,150,10.270846362,"3"
2064,5,30,151,10.438695582,"3"
2064,5,31,152,11.564811258,"3"
2065,5,1,121,5.387959962,"3"
2065,5,2,122,4.847790654,"3"
2065,5,3,123,5.360493726,"3"
2065,5,4,124,4.93629297,"3"
2065,5,5,125,4.582283706,"3"
2065,5,6,126,3.462271638,"3"
2065,5,7,127,4.884412302,"3"
2065,5,8,128,5.635156086,"3"
2065,5,9,129,5.262835998,"3"
2065,5,10,130,5.094986778,"3"
2065,5,11,131,4.789806378,"3"
2065,5,12,132,5.265887802,"3"
2065,5,13,133,5.626000674,"3"
2065,5,14,134,7.173265302,"3"
2065,5,15,135,7.936216302,"3"
2065,5,16,136,7.838558574,"3"
2065,5,17,137,7.658502138,"3"
2065,5,18,138,8.287173762,"3"
2065,5,19,139,9.752039682,"3"
2065,5,20,140,10.173188634,"3"
2065,5,21,141,10.255587342,"3"
2065,5,22,142,9.883267254,"3"
2065,5,23,143,10.325778834,"3"
2065,5,24,144,10.533301506,"3"
2065,5,25,145,9.202714962,"3"
2065,5,26,146,10.179292242,"3"
2065,5,27,147,11.049056382,"3"
2065,5,28,148,11.128403286,"3"
2065,5,29,149,9.562827834,"3"
2065,5,30,150,10.045012866,"3"
2065,5,31,151,10.408177542,"3"
2066,5,1,121,5.421529806,"3"
2066,5,2,122,4.44800433,"3"
2066,5,3,123,3.141832218,"3"
2066,5,4,124,3.355458498,"3"
2066,5,5,125,4.856946066,"3"
2066,5,6,126,5.876248602,"3"
2066,5,7,127,6.05020143,"3"
2066,5,8,128,5.125504818,"3"
2066,5,9,129,4.869153282,"3"
2066,5,10,130,5.613793458,"3"
2066,5,11,131,6.330967398,"3"
2066,5,12,132,7.185472518,"3"
2066,5,13,133,7.710382806,"3"
2066,5,14,134,7.066452162,"3"
2066,5,15,135,6.82841145,"3"
2066,5,16,136,7.966734342,"3"
2066,5,17,137,7.533378174,"3"
2066,5,18,138,7.063400358,"3"
2066,5,19,139,7.77447069,"3"
2066,5,20,140,9.034865742,"3"
2066,5,21,141,9.947355138,"3"
2066,5,22,142,9.65133015,"3"
2066,5,23,143,8.592354162,"3"
2066,5,24,144,10.252535538,"3"
2066,5,25,145,11.219957406,"3"
2066,5,26,146,11.113144266,"3"
2066,5,27,147,9.901578078,"3"
2066,5,28,148,10.35324507,"3"
2066,5,29,149,10.255587342,"3"
2066,5,30,150,10.844585514,"3"
2066,5,31,151,11.644158162,"3"
2067,5,1,121,3.474478854,"3"
2067,5,2,122,3.053329902,"3"
2067,5,3,123,4.14282393,"3"
2067,5,4,124,4.14282393,"3"
2067,5,5,125,5.68398495,"3"
2067,5,6,126,5.473410474,"3"
2067,5,7,127,5.503928514,"3"
2067,5,8,128,6.077667666,"3"
2067,5,9,129,7.43877225,"3"
2067,5,10,130,6.807048822,"3"
2067,5,11,131,6.129548334,"3"
2067,5,12,132,6.077667666,"3"
2067,5,13,133,7.94231991,"3"
2067,5,14,134,9.02571033,"3"
2067,5,15,135,9.034865742,"3"
2067,5,16,136,8.421453138,"3"
2067,5,17,137,6.147859158,"3"
2067,5,18,138,6.666665838,"3"
2067,5,19,139,7.600517862,"3"
2067,5,20,140,7.792781514,"3"
2067,5,21,141,7.264819422,"3"
2067,5,22,142,8.015563206,"3"
2067,5,23,143,6.846722274,"3"
2067,5,24,144,6.282138534,"3"
2067,5,25,145,6.825359646,"3"
2067,5,26,146,8.818187658,"3"
2067,5,27,147,9.752039682,"3"
2067,5,28,148,9.294269082,"3"
2067,5,29,149,9.629967522,"3"
2067,5,30,150,10.270846362,"3"
2067,5,31,151,10.875103554,"3"
2068,5,1,122,3.193712886,"3"
2068,5,2,123,3.169298454,"3"
2068,5,3,124,3.953612082,"3"
2068,5,4,125,4.90577493,"3"
2068,5,5,126,5.33302749,"3"
2068,5,6,127,6.70633929,"3"
2068,5,7,128,6.318760182,"3"
2068,5,8,129,6.709391094,"3"
2068,5,9,130,7.747004454,"3"
2068,5,10,131,6.596474346,"3"
2068,5,11,132,6.27908673,"3"
2068,5,12,133,6.923017374,"3"
2068,5,13,134,6.288242142,"3"
2068,5,14,135,6.208895238,"3"
2068,5,15,136,6.407262498,"3"
2068,5,16,137,6.526282854,"3"
2068,5,17,138,8.561836122,"3"
2068,5,18,139,8.805980442,"3"
2068,5,19,140,9.272906454,"3"
2068,5,20,141,9.291217278,"3"
2068,5,21,142,8.754099774,"3"
2068,5,22,143,8.711374518,"3"
2068,5,23,144,9.10200543,"3"
2068,5,24,145,9.901578078,"3"
2068,5,25,146,9.974821374,"3"
2068,5,26,147,10.289157186,"3"
2068,5,27,148,9.794764938,"3"
2068,5,28,149,9.60555309,"3"
2068,5,29,150,10.59738939,"3"
2068,5,30,151,12.349124886,"3"
2068,5,31,152,10.908673398,"3"
2069,5,1,121,3.849850746,"3"
2069,5,2,122,4.29541413,"3"
2069,5,3,123,4.301517738,"3"
2069,5,4,124,4.576180098,"3"
2069,5,5,125,4.820324418,"3"
2069,5,6,126,5.192644506,"3"
2069,5,7,127,6.21805065,"3"
2069,5,8,128,7.206835146,"3"
2069,5,9,129,6.413366106,"3"
2069,5,10,130,6.321811986,"3"
2069,5,11,131,6.199739826,"3"
2069,5,12,132,7.048141338,"3"
2069,5,13,133,8.128479954,"3"
2069,5,14,134,9.373615986,"3"
2069,5,15,135,8.976881466,"3"
2069,5,16,136,8.024718618,"3"
2069,5,17,137,7.69817559,"3"
2069,5,18,138,7.975889754,"3"
2069,5,19,139,7.68291657,"3"
2069,5,20,140,8.76630699,"3"
2069,5,21,141,8.845653894,"3"
2069,5,22,142,9.764246898,"3"
2069,5,23,143,10.115204358,"3"
2069,5,24,144,10.664529078,"3"
2069,5,25,145,10.82627469,"3"
2069,5,26,146,10.453954602,"3"
2069,5,27,147,10.67368449,"3"
2069,5,28,148,10.621803822,"3"
2069,5,29,149,11.58922569,"3"
2069,5,30,150,11.747919498,"3"
2069,5,31,151,11.622795534,"3"
2070,5,1,121,2.430761886,"3"
2070,5,2,122,2.546730438,"3"
2070,5,3,123,3.678949722,"3"
2070,5,4,124,4.533454842,"3"
2070,5,5,125,5.885404014,"3"
2070,5,6,126,5.238421566,"3"
2070,5,7,127,4.957655598,"3"
2070,5,8,128,5.641259694,"3"
2070,5,9,129,6.87418851,"3"
2070,5,10,130,7.283130246,"3"
2070,5,11,131,7.22514597,"3"
2070,5,12,132,7.466238486,"3"
2070,5,13,133,7.289233854,"3"
2070,5,14,134,7.093918398,"3"
2070,5,15,135,7.28618205,"3"
2070,5,16,136,8.287173762,"3"
2070,5,17,137,8.58319875,"3"
2070,5,18,138,8.534369886,"3"
2070,5,19,139,7.212938754,"3"
2070,5,20,140,8.958570642,"3"
2070,5,21,141,10.176240438,"3"
2070,5,22,142,8.378727882,"3"
2070,5,23,143,8.097961914,"3"
2070,5,24,144,8.097961914,"3"
2070,5,25,145,8.967726054,"3"
2070,5,26,146,10.102997142,"3"
2070,5,27,147,10.298312598,"3"
2070,5,28,148,12.294192414,"3"
2070,5,29,149,13.151749338,"3"
2070,5,30,150,13.041884394,"3"
2070,5,31,151,12.755014818,"3"
2071,5,1,121,3.132676806,"3"
2071,5,2,122,3.492789678,"3"
2071,5,3,123,3.57824019,"3"
2071,5,4,124,5.08888317,"3"
2071,5,5,125,6.923017374,"3"
2071,5,6,126,7.460134878,"3"
2071,5,7,127,8.516059062,"3"
2071,5,8,128,7.365528954,"3"
2071,5,9,129,8.207826858,"3"
2071,5,10,130,8.17120521,"3"
2071,5,11,131,8.62897581,"3"
2071,5,12,132,7.356373542,"3"
2071,5,13,133,7.533378174,"3"
2071,5,14,134,8.867016522,"3"
2071,5,15,135,9.30037269,"3"
2071,5,16,136,10.035857454,"3"
2071,5,17,137,10.478369034,"3"
2071,5,18,138,9.07148739,"3"
2071,5,19,139,9.65133015,"3"
2071,5,20,140,10.267794558,"3"
2071,5,21,141,10.127411574,"3"
2071,5,22,142,9.687951798,"3"
2071,5,23,143,9.114212646,"3"
2071,5,24,144,9.196611354,"3"
2071,5,25,145,10.087738122,"3"
2071,5,26,146,9.49873995,"3"
2071,5,27,147,9.828334782,"3"
2071,5,28,148,9.98702859,"3"
2071,5,29,149,10.374607698,"3"
2071,5,30,150,10.679788098,"3"
2071,5,31,151,12.068358918,"3"
2072,5,1,122,4.319828562,"3"
2072,5,2,123,5.25673239,"3"
2072,5,3,124,5.491721298,"3"
2072,5,4,125,5.217058938,"3"
2072,5,5,126,5.604638046,"3"
2072,5,6,127,5.506980318,"3"
2072,5,7,128,5.21095533,"3"
2072,5,8,129,5.28725043,"3"
2072,5,9,130,6.755168154,"3"
2072,5,10,131,6.770427174,"3"
2072,5,11,132,5.803005306,"3"
2072,5,12,133,5.772487266,"3"
2072,5,13,134,7.231249578,"3"
2072,5,14,135,6.941328198,"3"
2072,5,15,136,6.541541874,"3"
2072,5,16,137,7.75921167,"3"
2072,5,17,138,8.519110866,"3"
2072,5,18,139,8.656442046,"3"
2072,5,19,140,8.241396702,"3"
2072,5,20,141,7.634087706,"3"
2072,5,21,142,8.494696434,"3"
2072,5,22,143,9.211870374,"3"
2072,5,23,144,9.068435586,"3"
2072,5,24,145,8.149842582,"3"
2072,5,25,146,8.326847214,"3"
2072,5,26,147,9.874111842,"3"
2072,5,27,148,9.904629882,"3"
2072,5,28,149,10.09384173,"3"
2072,5,29,150,11.662468986,"3"
2072,5,30,151,12.059203506,"3"
2072,5,31,152,12.471197046,"3"
2073,5,1,121,4.762340142,"3"
2073,5,2,122,5.43984063,"3"
2073,5,3,123,6.041046018,"3"
2073,5,4,124,5.870144994,"3"
2073,5,5,125,6.803997018,"3"
2073,5,6,126,8.088806502,"3"
2073,5,7,127,6.913861962,"3"
2073,5,8,128,6.318760182,"3"
2073,5,9,129,7.237353186,"3"
2073,5,10,130,7.83550677,"3"
2073,5,11,131,7.627984098,"3"
2073,5,12,132,6.712442898,"3"
2073,5,13,133,7.963682538,"3"
2073,5,14,134,8.165101602,"3"
2073,5,15,135,9.779505918,"3"
2073,5,16,136,9.904629882,"3"
2073,5,17,137,9.202714962,"3"
2073,5,18,138,9.996184002,"3"
2073,5,19,139,10.426488366,"3"
2073,5,20,140,9.962614158,"3"
2073,5,21,141,9.17830053,"3"
2073,5,22,142,7.603569666,"3"
2073,5,23,143,8.204775054,"3"
2073,5,24,144,9.947355138,"3"
2073,5,25,145,11.046004578,"3"
2073,5,26,146,10.84153371,"3"
2073,5,27,147,12.388798338,"3"
2073,5,28,148,12.333865866,"3"
2073,5,29,149,11.857784442,"3"
2073,5,30,150,12.080566134,"3"
2073,5,31,151,13.624778958,"3"
2074,5,1,121,5.51613573,"3"
2074,5,2,122,5.293354038,"3"
2074,5,3,123,4.994277246,"3"
2074,5,4,124,4.725718494,"3"
2074,5,5,125,4.808117202,"3"
2074,5,6,126,4.621957158,"3"
2074,5,7,127,5.748072834,"3"
2074,5,8,128,6.160066374,"3"
2074,5,9,129,6.578163522,"3"
2074,5,10,130,5.879300406,"3"
2074,5,11,131,5.491721298,"3"
2074,5,12,132,5.769435462,"3"
2074,5,13,133,6.587318934,"3"
2074,5,14,134,8.055236658,"3"
2074,5,15,135,9.001295898,"3"
2074,5,16,136,9.517050774,"3"
2074,5,17,137,9.382771398,"3"
2074,5,18,138,10.42954017,"3"
2074,5,19,139,11.506826982,"3"
2074,5,20,140,11.94018315,"3"
2074,5,21,141,11.63500275,"3"
2074,5,22,142,11.918820522,"3"
2074,5,23,143,11.799800166,"3"
2074,5,24,144,10.725565158,"3"
2074,5,25,145,11.021590146,"3"
2074,5,26,146,11.366443998,"3"
2074,5,27,147,10.591285782,"3"
2074,5,28,148,11.369495802,"3"
2074,5,29,149,11.799800166,"3"
2074,5,30,150,11.644158162,"3"
2074,5,31,151,11.189439366,"3"
2075,5,1,121,7.997252382,"3"
2075,5,2,122,6.81315243,"3"
2075,5,3,123,5.89761123,"3"
2075,5,4,124,5.741969226,"3"
2075,5,5,125,6.105133902,"3"
2075,5,6,126,5.156022858,"3"
2075,5,7,127,6.102082098,"3"
2075,5,8,128,7.86602481,"3"
2075,5,9,129,7.719538218,"3"
2075,5,10,130,6.67582125,"3"
2075,5,11,131,7.212938754,"3"
2075,5,12,132,8.070495678,"3"
2075,5,13,133,7.200731538,"3"
2075,5,14,134,6.90470655,"3"
2075,5,15,135,7.359425346,"3"
2075,5,16,136,7.13359185,"3"
2075,5,17,137,7.289233854,"3"
2075,5,18,138,7.753108062,"3"
2075,5,19,139,8.75104797,"3"
2075,5,20,140,8.265811134,"3"
2075,5,21,141,8.265811134,"3"
2075,5,22,142,8.839550286,"3"
2075,5,23,143,10.008391218,"3"
2075,5,24,144,9.016554918,"3"
2075,5,25,145,9.297320886,"3"
2075,5,26,146,9.996184002,"3"
2075,5,27,147,9.517050774,"3"
2075,5,28,148,9.831386586,"3"
2075,5,29,149,11.616691926,"3"
2075,5,30,150,11.235216426,"3"
2075,5,31,151,11.03990097,"3"
2076,5,1,122,4.420538094,"3"
2076,5,2,123,4.557869274,"3"
2076,5,3,124,5.610741654,"3"
2076,5,4,125,6.269931318,"3"
2076,5,5,126,5.18043729,"3"
2076,5,6,127,5.854885974,"3"
2076,5,7,128,6.337071006,"3"
2076,5,8,129,6.773478978,"3"
2076,5,9,130,7.084762986,"3"
2076,5,10,131,7.573051626,"3"
2076,5,11,132,8.314639998,"3"
2076,5,12,133,9.190507746,"3"
2076,5,13,134,9.871060038,"3"
2076,5,14,135,9.156937902,"3"
2076,5,15,136,9.20881857,"3"
2076,5,16,137,10.179292242,"3"
2076,5,17,138,11.091781638,"3"
2076,5,18,139,10.487524446,"3"
2076,5,19,140,10.850689122,"3"
2076,5,20,141,11.143662306,"3"
2076,5,21,142,11.677728006,"3"
2076,5,22,143,11.976804798,"3"
2076,5,23,144,11.799800166,"3"
2076,5,24,145,12.025633662,"3"
2076,5,25,146,11.381703018,"3"
2076,5,26,147,10.487524446,"3"
2076,5,27,148,10.716409746,"3"
2076,5,28,149,11.509878786,"3"
2076,5,29,150,11.906613306,"3"
2076,5,30,151,12.007322838,"3"
2076,5,31,152,11.537345022,"3"
2077,5,1,121,4.231326246,"3"
2077,5,2,122,5.491721298,"3"
2077,5,3,123,5.47035867,"3"
2077,5,4,124,5.885404014,"3"
2077,5,5,125,6.34012281,"3"
2077,5,6,126,6.166169982,"3"
2077,5,7,127,7.020675102,"3"
2077,5,8,128,7.481497506,"3"
2077,5,9,129,8.693063694,"3"
2077,5,10,130,9.141678882,"3"
2077,5,11,131,8.714426322,"3"
2077,5,12,132,10.511938878,"3"
2077,5,13,133,9.871060038,"3"
2077,5,14,134,9.138627078,"3"
2077,5,15,135,9.394978614,"3"
2077,5,16,136,10.084686318,"3"
2077,5,17,137,9.871060038,"3"
2077,5,18,138,8.79682503,"3"
2077,5,19,139,9.703210818,"3"
2077,5,20,140,10.243380126,"3"
2077,5,21,141,9.614708502,"3"
2077,5,22,142,9.828334782,"3"
2077,5,23,143,10.237276518,"3"
2077,5,24,144,10.054168278,"3"
2077,5,25,145,11.287097094,"3"
2077,5,26,146,11.500723374,"3"
2077,5,27,147,12.120239586,"3"
2077,5,28,148,10.408177542,"3"
2077,5,29,149,10.533301506,"3"
2077,5,30,150,11.561759454,"3"
2077,5,31,151,11.692987026,"3"
2078,5,1,121,4.100098674,"3"
2078,5,2,122,5.372700942,"3"
2078,5,3,123,5.003432658,"3"
2078,5,4,124,5.540550162,"3"
2078,5,5,125,5.421529806,"3"
2078,5,6,126,4.43274531,"3"
2078,5,7,127,5.354390118,"3"
2078,5,8,128,6.236361474,"3"
2078,5,9,129,6.26382771,"3"
2078,5,10,130,5.528342946,"3"
2078,5,11,131,5.931181074,"3"
2078,5,12,132,6.010527978,"3"
2078,5,13,133,5.903714838,"3"
2078,5,14,134,7.13359185,"3"
2078,5,15,135,8.244448506,"3"
2078,5,16,136,8.870068326,"3"
2078,5,17,137,9.248492022,"3"
2078,5,18,138,9.94125153,"3"
2078,5,19,139,9.92599251,"3"
2078,5,20,140,10.112152554,"3"
2078,5,21,141,8.668649262,"3"
2078,5,22,142,8.503851846,"3"
2078,5,23,143,9.75814329,"3"
2078,5,24,144,10.115204358,"3"
2078,5,25,145,9.59029407,"3"
2078,5,26,146,9.599449482,"3"
2078,5,27,147,9.813075762,"3"
2078,5,28,148,10.21591389,"3"
2078,5,29,149,11.479360746,"3"
2078,5,30,150,11.580070278,"3"
2078,5,31,151,11.519034198,"3"
2079,5,1,121,4.124513106,"3"
2079,5,2,122,4.92103395,"3"
2079,5,3,123,4.933241166,"3"
2079,5,4,124,5.397115374,"3"
2079,5,5,125,5.854885974,"3"
2079,5,6,126,7.215990558,"3"
2079,5,7,127,7.573051626,"3"
2079,5,8,128,7.817195946,"3"
2079,5,9,129,7.16410989,"3"
2079,5,10,130,7.640191314,"3"
2079,5,11,131,8.433660354,"3"
2079,5,12,132,8.78156601,"3"
2079,5,13,133,8.137635366,"3"
2079,5,14,134,8.717478126,"3"
2079,5,15,135,9.13252347,"3"
2079,5,16,136,9.52925799,"3"
2079,5,17,137,9.593345874,"3"
2079,5,18,138,10.472265426,"3"
2079,5,19,139,11.168076738,"3"
2079,5,20,140,11.607536514,"3"
2079,5,21,141,10.698098922,"3"
2079,5,22,142,9.730677054,"3"
2079,5,23,143,9.462118302,"3"
2079,5,24,144,10.563819546,"3"
2079,5,25,145,11.152817718,"3"
2079,5,26,146,11.80285197,"3"
2079,5,27,147,11.750971302,"3"
2079,5,28,148,11.351184978,"3"
2079,5,29,149,11.580070278,"3"
2079,5,30,150,11.113144266,"3"
2079,5,31,151,10.97886489,"3"
2080,5,1,122,5.543601966,"3"
2080,5,2,123,5.204851722,"3"
2080,5,3,124,5.65346691,"3"
2080,5,4,125,5.604638046,"3"
2080,5,5,126,6.102082098,"3"
2080,5,6,127,5.552757378,"3"
2080,5,7,128,5.735865618,"3"
2080,5,8,129,5.894559426,"3"
2080,5,9,130,6.26382771,"3"
2080,5,10,131,6.803997018,"3"
2080,5,11,132,8.372624274,"3"
2080,5,12,133,9.013503114,"3"
2080,5,13,134,9.633019326,"3"
2080,5,14,135,9.077590998,"3"
2080,5,15,136,9.324787122,"3"
2080,5,16,137,8.632027614,"3"
2080,5,17,138,8.836498482,"3"
2080,5,18,139,8.79682503,"3"
2080,5,19,140,9.657433758,"3"
2080,5,20,141,9.810023958,"3"
2080,5,21,142,8.99519229,"3"
2080,5,22,143,8.47638561,"3"
2080,5,23,144,8.290225566,"3"
2080,5,24,145,7.795833318,"3"
2080,5,25,146,9.404134026,"3"
2080,5,26,147,10.585182174,"3"
2080,5,27,148,11.57396667,"3"
2080,5,28,149,11.90966511,"3"
2080,5,29,150,11.125351482,"3"
2080,5,30,151,11.708246046,"3"
2080,5,31,152,12.446782614,"3"
2081,5,1,121,5.238421566,"3"
2081,5,2,122,5.610741654,"3"
2081,5,3,123,6.44693595,"3"
2081,5,4,124,6.819256038,"3"
2081,5,5,125,7.40825421,"3"
2081,5,6,126,7.960630734,"3"
2081,5,7,127,6.85892949,"3"
2081,5,8,128,7.066452162,"3"
2081,5,9,129,7.777522494,"3"
2081,5,10,130,8.534369886,"3"
2081,5,11,131,8.18646423,"3"
2081,5,12,132,7.893491046,"3"
2081,5,13,133,9.669640974,"3"
2081,5,14,134,9.40718583,"3"
2081,5,15,135,9.404134026,"3"
2081,5,16,136,9.81917937,"3"
2081,5,17,137,9.562827834,"3"
2081,5,18,138,10.045012866,"3"
2081,5,19,139,9.629967522,"3"
2081,5,20,140,10.099945338,"3"
2081,5,21,141,9.825282978,"3"
2081,5,22,142,11.018538342,"3"
2081,5,23,143,10.42954017,"3"
2081,5,24,144,10.954450458,"3"
2081,5,25,145,11.77233393,"3"
2081,5,26,146,12.156861234,"3"
2081,5,27,147,12.974744706,"3"
2081,5,28,148,12.135498606,"3"
2081,5,29,149,10.79575665,"3"
2081,5,30,150,11.583122082,"3"
2081,5,31,151,13.224992634,"3"
2082,5,1,121,4.744029318,"3"
2082,5,2,122,3.810177294,"3"
2082,5,3,123,4.484625978,"3"
2082,5,4,124,5.92812927,"3"
2082,5,5,125,6.41641791,"3"
2082,5,6,126,7.20988695,"3"
2082,5,7,127,6.214998846,"3"
2082,5,8,128,6.849774078,"3"
2082,5,9,129,6.79789341,"3"
2082,5,10,130,7.359425346,"3"
2082,5,11,131,8.17120521,"3"
2082,5,12,132,8.925000798,"3"
2082,5,13,133,8.470282002,"3"
2082,5,14,134,8.87312013,"3"
2082,5,15,135,8.931104406,"3"
2082,5,16,136,9.507895362,"3"
2082,5,17,137,8.87312013,"3"
2082,5,18,138,9.266802846,"3"
2082,5,19,139,10.133515182,"3"
2082,5,20,140,10.151826006,"3"
2082,5,21,141,10.32272703,"3"
2082,5,22,142,9.709314426,"3"
2082,5,23,143,9.062331978,"3"
2082,5,24,144,10.472265426,"3"
2082,5,25,145,11.58922569,"3"
2082,5,26,146,11.842525422,"3"
2082,5,27,147,12.065307114,"3"
2082,5,28,148,12.880138782,"3"
2082,5,29,149,12.23010453,"3"
2082,5,30,150,11.931027738,"3"
2082,5,31,151,11.68077981,"3"
2083,5,1,121,4.716563082,"3"
2083,5,2,122,5.070572346,"3"
2083,5,3,123,7.075607574,"3"
2083,5,4,124,6.807048822,"3"
2083,5,5,125,6.211947042,"3"
2083,5,6,126,5.876248602,"3"
2083,5,7,127,5.980009938,"3"
2083,5,8,128,5.781642678,"3"
2083,5,9,129,7.432668642,"3"
2083,5,10,130,7.869076614,"3"
2083,5,11,131,7.478445702,"3"
2083,5,12,132,7.441824054,"3"
2083,5,13,133,7.22514597,"3"
2083,5,14,134,7.096970202,"3"
2083,5,15,135,7.801936926,"3"
2083,5,16,136,8.012511402,"3"
2083,5,17,137,9.068435586,"3"
2083,5,18,138,9.571983246,"3"
2083,5,19,139,10.127411574,"3"
2083,5,20,140,10.344089658,"3"
2083,5,21,141,10.24643193,"3"
2083,5,22,142,10.359348678,"3"
2083,5,23,143,10.716409746,"3"
2083,5,24,144,11.046004578,"3"
2083,5,25,145,11.293200702,"3"
2083,5,26,146,10.939191438,"3"
2083,5,27,147,11.671624398,"3"
2083,5,28,148,12.599372814,"3"
2083,5,29,149,11.683831614,"3"
2083,5,30,150,12.150757626,"3"
2083,5,31,151,13.096816866,"3"
2084,5,1,122,4.209963618,"3"
2084,5,2,123,5.311664862,"3"
2084,5,3,124,5.918973858,"3"
2084,5,4,125,7.054244946,"3"
2084,5,5,126,7.017623298,"3"
2084,5,6,127,6.974898042,"3"
2084,5,7,128,7.640191314,"3"
2084,5,8,129,7.460134878,"3"
2084,5,9,130,8.04913305,"3"
2084,5,10,131,8.818187658,"3"
2084,5,11,132,8.836498482,"3"
2084,5,12,133,9.266802846,"3"
2084,5,13,134,7.945371714,"3"
2084,5,14,135,8.085754698,"3"
2084,5,15,136,8.708322714,"3"
2084,5,16,137,8.36957247,"3"
2084,5,17,138,9.678796386,"3"
2084,5,18,139,9.242388414,"3"
2084,5,19,140,10.011443022,"3"
2084,5,20,141,9.507895362,"3"
2084,5,21,142,11.107040658,"3"
2084,5,22,143,10.93308783,"3"
2084,5,23,144,10.81101567,"3"
2084,5,24,145,11.210801994,"3"
2084,5,25,146,11.183335758,"3"
2084,5,26,147,10.88731077,"3"
2084,5,27,148,12.361332102,"3"
2084,5,28,149,12.700082346,"3"
2084,5,29,150,13.005262746,"3"
2084,5,30,151,13.392841854,"3"
2084,5,31,152,13.017469962,"3"
2085,5,1,121,5.57717181,"3"
2085,5,2,122,5.864041386,"3"
2085,5,3,123,6.483557598,"3"
2085,5,4,124,5.57717181,"3"
2085,5,5,125,5.717554794,"3"
2085,5,6,126,6.541541874,"3"
2085,5,7,127,6.465246774,"3"
2085,5,8,128,5.95864731,"3"
2085,5,9,129,7.502860134,"3"
2085,5,10,130,8.137635366,"3"
2085,5,11,131,7.493704722,"3"
2085,5,12,132,6.623940582,"3"
2085,5,13,133,7.695123786,"3"
2085,5,14,134,7.289233854,"3"
2085,5,15,135,7.823299554,"3"
2085,5,16,136,8.375676078,"3"
2085,5,17,137,9.89547447,"3"
2085,5,18,138,10.127411574,"3"
2085,5,19,139,10.530249702,"3"
2085,5,20,140,10.188447654,"3"
2085,5,21,141,9.950406942,"3"
2085,5,22,142,9.55977603,"3"
2085,5,23,143,11.20775019,"3"
2085,5,24,144,11.354236782,"3"
2085,5,25,145,11.561759454,"3"
2085,5,26,146,11.595329298,"3"
2085,5,27,147,12.431523594,"3"
2085,5,28,148,12.501715086,"3"
2085,5,29,149,10.88731077,"3"
2085,5,30,150,11.683831614,"3"
2085,5,31,151,12.35217669,"3"
2086,5,1,121,5.626000674,"3"
2086,5,2,122,7.185472518,"3"
2086,5,3,123,6.498816618,"3"
2086,5,4,124,5.940336486,"3"
2086,5,5,125,6.947431806,"3"
2086,5,6,126,8.290225566,"3"
2086,5,7,127,8.378727882,"3"
2086,5,8,128,8.366520666,"3"
2086,5,9,129,8.381779686,"3"
2086,5,10,130,7.600517862,"3"
2086,5,11,131,8.44586757,"3"
2086,5,12,132,8.009459598,"3"
2086,5,13,133,8.802928638,"3"
2086,5,14,134,8.744944362,"3"
2086,5,15,135,8.345158038,"3"
2086,5,16,136,8.180360622,"3"
2086,5,17,137,9.282061866,"3"
2086,5,18,138,11.369495802,"3"
2086,5,19,139,11.638054554,"3"
2086,5,20,140,11.457998118,"3"
2086,5,21,141,10.835430102,"3"
2086,5,22,142,10.728616962,"3"
2086,5,23,143,11.012434734,"3"
2086,5,24,144,11.738764086,"3"
2086,5,25,145,11.49767157,"3"
2086,5,26,146,11.473257138,"3"
2086,5,27,147,11.937131346,"3"
2086,5,28,148,11.631950946,"3"
2086,5,29,149,12.697030542,"3"
2086,5,30,150,13.55763927,"3"
2086,5,31,151,13.87807869,"3"
2087,5,1,121,5.687036754,"3"
2087,5,2,122,5.430685218,"3"
2087,5,3,123,5.406270786,"3"
2087,5,4,124,4.73792571,"3"
2087,5,5,125,4.811169006,"3"
2087,5,6,126,6.459143166,"3"
2087,5,7,127,6.532386462,"3"
2087,5,8,128,6.041046018,"3"
2087,5,9,129,7.01151969,"3"
2087,5,10,130,7.338062718,"3"
2087,5,11,131,8.992140486,"3"
2087,5,12,132,9.730677054,"3"
2087,5,13,133,8.894482758,"3"
2087,5,14,134,9.996184002,"3"
2087,5,15,135,9.959562354,"3"
2087,5,16,136,10.011443022,"3"
2087,5,17,137,9.730677054,"3"
2087,5,18,138,9.547568814,"3"
2087,5,19,139,8.90363817,"3"
2087,5,20,140,9.159989706,"3"
2087,5,21,141,10.090789926,"3"
2087,5,22,142,10.270846362,"3"
2087,5,23,143,11.525137806,"3"
2087,5,24,144,12.056151702,"3"
2087,5,25,145,12.065307114,"3"
2087,5,26,146,12.590217402,"3"
2087,5,27,147,13.105972278,"3"
2087,5,28,148,13.490499582,"3"
2087,5,29,149,14.082549558,"3"
2087,5,30,150,13.398945462,"3"
2087,5,31,151,12.73365219,"3"
2088,5,1,122,5.793849894,"3"
2088,5,2,123,6.196688022,"3"
2088,5,3,124,6.90470655,"3"
2088,5,4,125,7.11833283,"3"
2088,5,5,126,6.623940582,"3"
2088,5,6,127,7.154954478,"3"
2088,5,7,128,6.93522459,"3"
2088,5,8,129,7.22514597,"3"
2088,5,9,130,7.356373542,"3"
2088,5,10,131,7.588310646,"3"
2088,5,11,132,8.20172325,"3"
2088,5,12,133,8.509955454,"3"
2088,5,13,134,7.756159866,"3"
2088,5,14,135,8.848705698,"3"
2088,5,15,136,9.889370862,"3"
2088,5,16,137,9.465170106,"3"
2088,5,17,138,9.78866133,"3"
2088,5,18,139,9.587242266,"3"
2088,5,19,140,10.280001774,"3"
2088,5,20,141,10.548560526,"3"
2088,5,21,142,9.675744582,"3"
2088,5,22,143,9.59029407,"3"
2088,5,23,144,10.865948142,"3"
2088,5,24,145,10.850689122,"3"
2088,5,25,146,10.298312598,"3"
2088,5,26,147,10.84153371,"3"
2088,5,27,148,11.714349654,"3"
2088,5,28,149,11.36034039,"3"
2088,5,29,150,11.165024934,"3"
2088,5,30,151,12.208741902,"3"
2088,5,31,152,11.982908406,"3"
2089,5,1,121,6.025786998,"3"
2089,5,2,122,6.459143166,"3"
2089,5,3,123,6.373692654,"3"
2089,5,4,124,6.810100626,"3"
2089,5,5,125,6.810100626,"3"
2089,5,6,126,7.902646458,"3"
2089,5,7,127,8.363468862,"3"
2089,5,8,128,8.43060855,"3"
2089,5,9,129,7.502860134,"3"
2089,5,10,130,7.237353186,"3"
2089,5,11,131,8.30853639,"3"
2089,5,12,132,8.320743606,"3"
2089,5,13,133,10.09384173,"3"
2089,5,14,134,9.858852822,"3"
2089,5,15,135,8.680856478,"3"
2089,5,16,136,8.677804674,"3"
2089,5,17,137,9.752039682,"3"
2089,5,18,138,9.288165474,"3"
2089,5,19,139,11.030745558,"3"
2089,5,20,140,12.16906845,"3"
2089,5,21,141,12.510870498,"3"
2089,5,22,142,12.288088806,"3"
2089,5,23,143,13.133438514,"3"
2089,5,24,144,12.79468827,"3"
2089,5,25,145,12.571906578,"3"
2089,5,26,146,12.26062257,"3"
2089,5,27,147,12.35217669,"3"
2089,5,28,148,12.010374642,"3"
2089,5,29,149,13.00831455,"3"
2089,5,30,150,13.350116598,"3"
2089,5,31,151,13.780420962,"3"
2090,5,1,121,6.428625126,"3"
2090,5,2,122,7.017623298,"3"
2090,5,3,123,6.81315243,"3"
2090,5,4,124,6.623940582,"3"
2090,5,5,125,6.66056223,"3"
2090,5,6,126,6.572059914,"3"
2090,5,7,127,7.338062718,"3"
2090,5,8,128,7.222094166,"3"
2090,5,9,129,7.63713951,"3"
2090,5,10,130,9.105057234,"3"
2090,5,11,131,8.992140486,"3"
2090,5,12,132,8.909741778,"3"
2090,5,13,133,8.940259818,"3"
2090,5,14,134,9.694055406,"3"
2090,5,15,135,9.263751042,"3"
2090,5,16,136,8.473333806,"3"
2090,5,17,137,9.364460574,"3"
2090,5,18,138,10.295260794,"3"
2090,5,19,139,11.57396667,"3"
2090,5,20,140,10.789653042,"3"
2090,5,21,141,9.947355138,"3"
2090,5,22,142,11.537345022,"3"
2090,5,23,143,11.485464354,"3"
2090,5,24,144,11.42137647,"3"
2090,5,25,145,11.796748362,"3"
2090,5,26,146,11.631950946,"3"
2090,5,27,147,12.315555042,"3"
2090,5,28,148,11.842525422,"3"
2090,5,29,149,12.767222034,"3"
2090,5,30,150,11.897457894,"3"
2090,5,31,151,11.229112818,"3"
2091,5,1,121,5.452047846,"3"
2091,5,2,122,5.705347578,"3"
2091,5,3,123,6.38589987,"3"
2091,5,4,124,7.319751894,"3"
2091,5,5,125,8.348209842,"3"
2091,5,6,126,8.680856478,"3"
2091,5,7,127,8.07965109,"3"
2091,5,8,128,6.742960938,"3"
2091,5,9,129,7.313648286,"3"
2091,5,10,130,8.815135854,"3"
2091,5,11,131,9.074539194,"3"
2091,5,12,132,9.388875006,"3"
2091,5,13,133,9.26985465,"3"
2091,5,14,134,9.159989706,"3"
2091,5,15,135,9.922940706,"3"
2091,5,16,136,8.93415621,"3"
2091,5,17,137,8.90363817,"3"
2091,5,18,138,9.321735318,"3"
2091,5,19,139,9.83443839,"3"
2091,5,20,140,9.938199726,"3"
2091,5,21,141,10.859844534,"3"
2091,5,22,142,11.506826982,"3"
2091,5,23,143,11.580070278,"3"
2091,5,24,144,13.38979005,"3"
2091,5,25,145,13.011366354,"3"
2091,5,26,146,12.07751433,"3"
2091,5,27,147,12.263674374,"3"
2091,5,28,148,10.88731077,"3"
2091,5,29,149,10.005339414,"3"
2091,5,30,150,11.061263598,"3"
2091,5,31,151,12.980848314,"3"
2092,5,1,122,4.87525689,"3"
2092,5,2,123,5.094986778,"3"
2092,5,3,124,6.254672298,"3"
2092,5,4,125,5.101090386,"3"
2092,5,5,126,5.497824906,"3"
2092,5,6,127,7.420461426,"3"
2092,5,7,128,7.277026638,"3"
2092,5,8,129,7.27092303,"3"
2092,5,9,130,7.426565034,"3"
2092,5,10,131,7.859921202,"3"
2092,5,11,132,8.937208014,"3"
2092,5,12,133,8.989088682,"3"
2092,5,13,134,9.044021154,"3"
2092,5,14,135,9.97176957,"3"
2092,5,15,136,9.047072958,"3"
2092,5,16,137,10.423436562,"3"
2092,5,17,138,10.753031394,"3"
2092,5,18,139,10.844585514,"3"
2092,5,19,140,10.12435977,"3"
2092,5,20,141,9.813075762,"3"
2092,5,21,142,9.84969741,"3"
2092,5,22,143,9.657433758,"3"
2092,5,23,144,10.356296874,"3"
2092,5,24,145,12.64209807,"3"
2092,5,25,146,13.875026886,"3"
2092,5,26,147,13.224992634,"3"
2092,5,27,148,13.13038671,"3"
2092,5,28,149,13.301287734,"3"
2092,5,29,150,12.74891121,"3"
2092,5,30,151,13.224992634,"3"
2092,5,31,152,12.79468827,"3"
2093,5,1,121,6.794841606,"3"
2093,5,2,122,6.520179246,"3"
2093,5,3,123,6.260775906,"3"
2093,5,4,124,6.785686194,"3"
2093,5,5,125,6.056305038,"3"
2093,5,6,126,7.289233854,"3"
2093,5,7,127,8.44586757,"3"
2093,5,8,128,8.726633538,"3"
2093,5,9,129,9.935147922,"3"
2093,5,10,130,9.068435586,"3"
2093,5,11,131,9.08674641,"3"
2093,5,12,132,8.82734307,"3"
2093,5,13,133,8.973829662,"3"
2093,5,14,134,9.968717766,"3"
2093,5,15,135,10.893414378,"3"
2093,5,16,136,10.005339414,"3"
2093,5,17,137,10.881207162,"3"
2093,5,18,138,10.725565158,"3"
2093,5,19,139,10.777445826,"3"
2093,5,20,140,11.372547606,"3"
2093,5,21,141,10.487524446,"3"
2093,5,22,142,10.225069302,"3"
2093,5,23,143,10.762186806,"3"
2093,5,24,144,10.966657674,"3"
2093,5,25,145,10.420384758,"3"
2093,5,26,146,11.65026177,"3"
2093,5,27,147,12.684823326,"3"
2093,5,28,148,13.170060162,"3"
2093,5,29,149,14.38162635,"3"
2093,5,30,150,14.430455214,"3"
2093,5,31,151,13.54238025,"3"
2094,5,1,121,6.663614034,"3"
2094,5,2,122,6.208895238,"3"
2094,5,3,123,6.388951674,"3"
2094,5,4,124,6.56900811,"3"
2094,5,5,125,6.544593678,"3"
2094,5,6,126,6.87418851,"3"
2094,5,7,127,7.426565034,"3"
2094,5,8,128,8.329899018,"3"
2094,5,9,129,7.14885087,"3"
2094,5,10,130,8.192567838,"3"
2094,5,11,131,8.162049798,"3"
2094,5,12,132,9.352253358,"3"
2094,5,13,133,10.350193266,"3"
2094,5,14,134,10.615700214,"3"
2094,5,15,135,10.30746801,"3"
2094,5,16,136,10.243380126,"3"
2094,5,17,137,11.210801994,"3"
2094,5,18,138,10.222017498,"3"
2094,5,19,139,10.377659502,"3"
2094,5,20,140,11.702142438,"3"
2094,5,21,141,11.519034198,"3"
2094,5,22,142,11.71129785,"3"
2094,5,23,143,12.059203506,"3"
2094,5,24,144,11.522086002,"3"
2094,5,25,145,11.982908406,"3"
2094,5,26,146,12.083617938,"3"
2094,5,27,147,12.089721546,"3"
2094,5,28,148,12.48950787,"3"
2094,5,29,149,12.19958649,"3"
2094,5,30,150,11.808955578,"3"
2094,5,31,151,11.77233393,"3"
2095,5,1,121,4.536506646,"3"
2095,5,2,122,5.244525174,"3"
2095,5,3,123,6.114289314,"3"
2095,5,4,124,5.366597334,"3"
2095,5,5,125,5.91287025,"3"
2095,5,6,126,6.70633929,"3"
2095,5,7,127,7.13359185,"3"
2095,5,8,128,7.557792606,"3"
2095,5,9,129,8.821239462,"3"
2095,5,10,130,8.677804674,"3"
2095,5,11,131,8.93415621,"3"
2095,5,12,132,9.443807478,"3"
2095,5,13,133,11.094833442,"3"
2095,5,14,134,9.965665962,"3"
2095,5,15,135,10.118256162,"3"
2095,5,16,136,10.029753846,"3"
2095,5,17,137,9.495688146,"3"
2095,5,18,138,9.593345874,"3"
2095,5,19,139,9.401082222,"3"
2095,5,20,140,10.038909258,"3"
2095,5,21,141,11.091781638,"3"
2095,5,22,142,12.181275666,"3"
2095,5,23,143,11.869991658,"3"
2095,5,24,144,12.602424618,"3"
2095,5,25,145,12.217897314,"3"
2095,5,26,146,12.205690098,"3"
2095,5,27,147,12.843517134,"3"
2095,5,28,148,13.279925106,"3"
2095,5,29,149,13.325702166,"3"
2095,5,30,150,13.243303458,"3"
2095,5,31,151,12.70313415,"3"
2096,5,1,122,5.360493726,"3"
2096,5,2,123,5.940336486,"3"
2096,5,3,124,6.590370738,"3"
2096,5,4,125,6.398107086,"3"
2096,5,5,126,6.739909134,"3"
2096,5,6,127,6.611733366,"3"
2096,5,7,128,7.298389266,"3"
2096,5,8,129,7.753108062,"3"
2096,5,9,130,9.446859282,"3"
2096,5,10,131,9.88021545,"3"
2096,5,11,132,9.593345874,"3"
2096,5,12,133,9.785609526,"3"
2096,5,13,134,10.21591389,"3"
2096,5,14,135,9.306476298,"3"
2096,5,15,136,9.449911086,"3"
2096,5,16,137,8.317691802,"3"
2096,5,17,138,9.13252347,"3"
2096,5,18,139,9.663537366,"3"
2096,5,19,140,10.685891706,"3"
2096,5,20,141,11.37559941,"3"
2096,5,21,142,11.393910234,"3"
2096,5,22,143,11.137558698,"3"
2096,5,23,144,10.868999946,"3"
2096,5,24,145,11.317615134,"3"
2096,5,25,146,12.349124886,"3"
2096,5,26,147,12.874035174,"3"
2096,5,27,148,12.422368182,"3"
2096,5,28,149,12.233156334,"3"
2096,5,29,150,12.26062257,"3"
2096,5,30,151,12.82520631,"3"
2096,5,31,152,12.82520631,"3"
2097,5,1,121,5.580223614,"3"
2097,5,2,122,7.078659378,"3"
2097,5,3,123,8.235293094,"3"
2097,5,4,124,7.838558574,"3"
2097,5,5,125,7.029830514,"3"
2097,5,6,126,7.173265302,"3"
2097,5,7,127,8.198671446,"3"
2097,5,8,128,7.801936926,"3"
2097,5,9,129,9.190507746,"3"
2097,5,10,130,8.973829662,"3"
2097,5,11,131,10.447850994,"3"
2097,5,12,132,11.189439366,"3"
2097,5,13,133,10.981916694,"3"
2097,5,14,134,10.225069302,"3"
2097,5,15,135,10.04806467,"3"
2097,5,16,136,10.29220899,"3"
2097,5,17,137,9.883267254,"3"
2097,5,18,138,10.426488366,"3"
2097,5,19,139,11.125351482,"3"
2097,5,20,140,11.082626226,"3"
2097,5,21,141,10.939191438,"3"
2097,5,22,142,11.210801994,"3"
2097,5,23,143,11.89440609,"3"
2097,5,24,144,11.430531882,"3"
2097,5,25,145,12.898449606,"3"
2097,5,26,146,12.721444974,"3"
2097,5,27,147,12.501715086,"3"
2097,5,28,148,12.425419986,"3"
2097,5,29,149,12.620735442,"3"
2097,5,30,150,14.094756774,"3"
2097,5,31,151,13.72548849,"3"
2098,5,1,121,5.299457646,"3"
2098,5,2,122,5.18043729,"3"
2098,5,3,123,5.34828651,"3"
2098,5,4,124,6.398107086,"3"
2098,5,5,125,6.547645482,"3"
2098,5,6,126,6.547645482,"3"
2098,5,7,127,6.785686194,"3"
2098,5,8,128,7.374684366,"3"
2098,5,9,129,8.137635366,"3"
2098,5,10,130,8.326847214,"3"
2098,5,11,131,9.074539194,"3"
2098,5,12,132,8.528266278,"3"
2098,5,13,133,9.181352334,"3"
2098,5,14,134,9.520102578,"3"
2098,5,15,135,9.852749214,"3"
2098,5,16,136,9.382771398,"3"
2098,5,17,137,9.33089073,"3"
2098,5,18,138,9.279010062,"3"
2098,5,19,139,10.725565158,"3"
2098,5,20,140,11.918820522,"3"
2098,5,21,141,11.351184978,"3"
2098,5,22,142,12.29114061,"3"
2098,5,23,143,12.126343194,"3"
2098,5,24,144,11.473257138,"3"
2098,5,25,145,11.744867694,"3"
2098,5,26,146,11.610588318,"3"
2098,5,27,147,13.25245887,"3"
2098,5,28,148,14.00015085,"3"
2098,5,29,149,14.277865014,"3"
2098,5,30,150,13.011366354,"3"
2098,5,31,151,13.423359894,"3"
2099,5,1,121,6.031890606,"3"
2099,5,2,122,7.13359185,"3"
2099,5,3,123,7.676812962,"3"
2099,5,4,124,7.585258842,"3"
2099,5,5,125,7.527274566,"3"
2099,5,6,126,7.27092303,"3"
2099,5,7,127,7.457083074,"3"
2099,5,8,128,6.868084902,"3"
2099,5,9,129,8.073547482,"3"
2099,5,10,130,8.900586366,"3"
2099,5,11,131,9.507895362,"3"
2099,5,12,132,9.404134026,"3"
2099,5,13,133,9.120316254,"3"
2099,5,14,134,9.46822191,"3"
2099,5,15,135,8.59845777,"3"
2099,5,16,136,8.906689974,"3"
2099,5,17,137,9.526206186,"3"
2099,5,18,138,10.371555894,"3"
2099,5,19,139,10.426488366,"3"
2099,5,20,140,11.564811258,"3"
2099,5,21,141,12.187379274,"3"
2099,5,22,142,12.040892682,"3"
2099,5,23,143,11.31456333,"3"
2099,5,24,144,11.866939854,"3"
2099,5,25,145,12.925915842,"3"
2099,5,26,146,12.837413526,"3"
2099,5,27,147,12.874035174,"3"
2099,5,28,148,12.898449606,"3"
2099,5,29,149,13.661400606,"3"
2099,5,30,150,14.253450582,"3"
2099,5,31,151,13.655296998,"3"
2100,5,1,121,6.214998846,"3"
2100,5,2,122,6.993208866,"3"
2100,5,3,123,7.066452162,"3"
2100,5,4,124,6.892499334,"3"
2100,5,5,125,7.88128383,"3"
2100,5,6,126,7.80498873,"3"
2100,5,7,127,8.470282002,"3"
2100,5,8,128,8.97993327,"3"
2100,5,9,129,8.250552114,"3"
2100,5,10,130,8.56793973,"3"
2100,5,11,131,9.562827834,"3"
2100,5,12,132,8.784617814,"3"
2100,5,13,133,8.372624274,"3"
2100,5,14,134,9.938199726,"3"
2100,5,15,135,10.87205175,"3"
2100,5,16,136,11.195542974,"3"
2100,5,17,137,10.569923154,"3"
2100,5,18,138,10.691995314,"3"
2100,5,19,139,11.750971302,"3"
2100,5,20,140,12.104980566,"3"
2100,5,21,141,12.431523594,"3"
2100,5,22,142,11.36034039,"3"
2100,5,23,143,10.93308783,"3"
2100,5,24,144,11.000227518,"3"
2100,5,25,145,10.79575665,"3"
2100,5,26,146,11.674676202,"3"
2100,5,27,147,12.87098337,"3"
2100,5,28,148,12.471197046,"3"
2100,5,29,149,12.239259942,"3"
2100,5,30,150,12.913708626,"3"
2100,5,31,151,13.301287734,"3"
