"year","month","day","ordinal_day","avg_temp","scenario"
2025,3,1,60,-9.02571033,"1"
2025,3,2,61,-8.15594619,"1"
2025,3,3,62,-7.115281026,"1"
2025,3,4,63,-6.596474346,"1"
2025,3,5,64,-5.671777734,"1"
2025,3,6,65,-5.16517827,"1"
2025,3,7,66,-4.866101478,"1"
2025,3,8,67,-4.359502014,"1"
2025,3,9,68,-4.69214865,"1"
2025,3,10,69,-4.643319786,"1"
2025,3,11,70,-4.515144018,"1"
2025,3,12,71,-4.469366958,"1"
2025,3,13,72,-5.021743482,"1"
2025,3,14,73,-5.232317958,"1"
2025,3,15,74,-5.815212522,"1"
2025,3,16,75,-4.725718494,"1"
2025,3,17,76,-2.681009814,"1"
2025,3,18,77,-3.239489946,"1"
2025,3,19,78,-3.224230926,"1"
2025,3,20,79,-3.19676469,"1"
2025,3,21,80,-3.038070882,"1"
2025,3,22,81,-1.451132802,"1"
2025,3,23,82,-0.331120734,"1"
2025,3,24,83,-0.776684118,"1"
2025,3,25,84,-0.294499086,"1"
2025,3,26,85,0.880445454,"1"
2025,3,27,86,1.73189877,"1"
2025,3,28,87,1.56404955,"1"
2025,3,29,88,0.379949598,"1"
2025,3,30,89,1.451132802,"1"
2025,3,31,90,1.954680462,"1"
2026,3,1,60,-7.121384634,"1"
2026,3,2,61,-7.371632562,"1"
2026,3,3,62,-7.237353186,"1"
2026,3,4,63,-6.471350382,"1"
2026,3,5,64,-7.554740802,"1"
2026,3,6,65,-7.020675102,"1"
2026,3,7,66,-6.459143166,"1"
2026,3,8,67,-5.772487266,"1"
2026,3,9,68,-5.046157914,"1"
2026,3,10,69,-4.838635242,"1"
2026,3,11,70,-4.780650966,"1"
2026,3,12,71,-3.175402062,"1"
2026,3,13,72,-3.065537118,"1"
2026,3,14,73,-4.014648162,"1"
2026,3,15,74,-4.96681101,"1"
2026,3,16,75,-4.283206914,"1"
2026,3,17,76,-3.843747138,"1"
2026,3,18,77,-3.620965446,"1"
2026,3,19,78,-4.237429854,"1"
2026,3,20,79,-3.56298117,"1"
2026,3,21,80,-2.958723978,"1"
2026,3,22,81,-2.623025538,"1"
2026,3,23,82,-2.37277761,"1"
2026,3,24,83,-0.721751646,"1"
2026,3,25,84,0.013733118,"1"
2026,3,26,85,-0.318913518,"1"
2026,3,27,86,-0.688181802,"1"
2026,3,28,87,0.138857082,"1"
2026,3,29,88,0.941481534,"1"
2026,3,30,89,2.131685094,"1"
2026,3,31,90,1.832608302,"1"
2027,3,1,60,-6.840618666,"1"
2027,3,2,61,-7.396046994,"1"
2027,3,3,62,-6.681924858,"1"
2027,3,4,63,-6.010527978,"1"
2027,3,5,64,-6.303501162,"1"
2027,3,6,65,-7.17936891,"1"
2027,3,7,66,-7.466238486,"1"
2027,3,8,67,-6.831463254,"1"
2027,3,9,68,-6.932172786,"1"
2027,3,10,69,-7.420461426,"1"
2027,3,11,70,-7.383839778,"1"
2027,3,12,71,-5.25673239,"1"
2027,3,13,72,-4.560921078,"1"
2027,3,14,73,-4.76844375,"1"
2027,3,15,74,-4.756236534,"1"
2027,3,16,75,-4.15808295,"1"
2027,3,17,76,-3.91393863,"1"
2027,3,18,77,-3.239489946,"1"
2027,3,19,78,-2.253757254,"1"
2027,3,20,79,-2.812237386,"1"
2027,3,21,80,-2.516212398,"1"
2027,3,22,81,-2.223239214,"1"
2027,3,23,82,-1.924162422,"1"
2027,3,24,83,-1.033035654,"1"
2027,3,25,84,-1.042191066,"1"
2027,3,26,85,-0.245670222,"1"
2027,3,27,86,1.097123538,"1"
2027,3,28,87,1.466391822,"1"
2027,3,29,88,0.187685946,"1"
2027,3,30,89,2.030975562,"1"
2027,3,31,90,1.48775445,"1"
2028,3,1,61,-8.65949385,"1"
2028,3,2,62,-8.238344898,"1"
2028,3,3,63,-6.41641791,"1"
2028,3,4,64,-5.772487266,"1"
2028,3,5,65,-4.945448382,"1"
2028,3,6,66,-5.223162546,"1"
2028,3,7,67,-7.048141338,"1"
2028,3,8,68,-6.761271762,"1"
2028,3,9,69,-4.863049674,"1"
2028,3,10,70,-3.56298117,"1"
2028,3,11,71,-2.973982998,"1"
2028,3,12,72,-3.315785046,"1"
2028,3,13,73,-3.54772215,"1"
2028,3,14,74,-3.633172662,"1"
2028,3,15,75,-2.644388166,"1"
2028,3,16,76,-1.658655474,"1"
2028,3,17,77,-1.979094894,"1"
2028,3,18,78,-2.955672174,"1"
2028,3,19,79,-2.03707917,"1"
2028,3,20,80,-0.666819174,"1"
2028,3,21,81,-0.75532149,"1"
2028,3,22,82,-0.080872806,"1"
2028,3,23,83,-0.941481534,"1"
2028,3,24,84,-0.471503718,"1"
2028,3,25,85,0.03814755,"1"
2028,3,26,86,0.505073562,"1"
2028,3,27,87,2.168306742,"1"
2028,3,28,88,2.943464958,"1"
2028,3,29,89,2.57114487,"1"
2028,3,30,90,1.295490798,"1"
2028,3,31,91,1.399252134,"1"
2029,3,1,60,-8.296329174,"1"
2029,3,2,61,-7.710382806,"1"
2029,3,3,62,-6.15701457,"1"
2029,3,4,63,-6.565956306,"1"
2029,3,5,64,-7.40825421,"1"
2029,3,6,65,-6.425573322,"1"
2029,3,7,66,-5.97390633,"1"
2029,3,8,67,-6.184480806,"1"
2029,3,9,68,-6.272983122,"1"
2029,3,10,69,-6.175325394,"1"
2029,3,11,70,-5.48561769,"1"
2029,3,12,71,-4.945448382,"1"
2029,3,13,72,-6.031890606,"1"
2029,3,14,73,-6.196688022,"1"
2029,3,15,74,-4.942396578,"1"
2029,3,16,75,-3.19676469,"1"
2029,3,17,76,-2.391088434,"1"
2029,3,18,77,-2.088959838,"1"
2029,3,19,78,-2.061493602,"1"
2029,3,20,79,-2.122529682,"1"
2029,3,21,80,-2.940413154,"1"
2029,3,22,81,-4.02075177,"1"
2029,3,23,82,-2.583352086,"1"
2029,3,24,83,-0.718699842,"1"
2029,3,25,84,-0.392156814,"1"
2029,3,26,85,1.249713738,"1"
2029,3,27,86,2.742045894,"1"
2029,3,28,87,2.76951213,"1"
2029,3,29,88,2.748149502,"1"
2029,3,30,89,3.614861838,"1"
2029,3,31,90,3.99023373,"1"
2030,3,1,60,-7.032882318,"1"
2030,3,2,61,-8.711374518,"1"
2030,3,3,62,-6.43167693,"1"
2030,3,4,63,-5.329975686,"1"
2030,3,5,64,-5.68398495,"1"
2030,3,6,65,-5.983061742,"1"
2030,3,7,66,-5.427633414,"1"
2030,3,8,67,-5.506980318,"1"
2030,3,9,68,-6.062408646,"1"
2030,3,10,69,-6.626992386,"1"
2030,3,11,70,-6.108185706,"1"
2030,3,12,71,-5.397115374,"1"
2030,3,13,72,-3.80712549,"1"
2030,3,14,73,-2.854962642,"1"
2030,3,15,74,-3.846798942,"1"
2030,3,16,75,-3.675897918,"1"
2030,3,17,76,-4.710459474,"1"
2030,3,18,77,-3.245593554,"1"
2030,3,19,78,-2.384984826,"1"
2030,3,20,79,-2.516212398,"1"
2030,3,21,80,-2.183565762,"1"
2030,3,22,81,-1.521324294,"1"
2030,3,23,82,-0.776684118,"1"
2030,3,24,83,-0.38910501,"1"
2030,3,25,84,0.43488207,"1"
2030,3,26,85,0.57221325,"1"
2030,3,27,86,0.059510178,"1"
2030,3,28,87,1.22835111,"1"
2030,3,29,88,1.405355742,"1"
2030,3,30,89,0.880445454,"1"
2030,3,31,90,2.75425311,"1"
2031,3,1,60,-6.749064546,"1"
2031,3,2,61,-6.788737998,"1"
2031,3,3,62,-5.476462278,"1"
2031,3,4,63,-5.143815642,"1"
2031,3,5,64,-6.437780538,"1"
2031,3,6,65,-5.766383658,"1"
2031,3,7,66,-4.49378139,"1"
2031,3,8,67,-4.560921078,"1"
2031,3,9,68,-5.839626954,"1"
2031,3,10,69,-7.234301382,"1"
2031,3,11,70,-6.028838802,"1"
2031,3,12,71,-4.231326246,"1"
2031,3,13,72,-3.144884022,"1"
2031,3,14,73,-3.193712886,"1"
2031,3,15,74,-2.177462154,"1"
2031,3,16,75,-1.252765542,"1"
2031,3,17,76,-0.538643406,"1"
2031,3,18,77,-0.96894777,"1"
2031,3,19,78,-1.12153797,"1"
2031,3,20,79,-0.767528706,"1"
2031,3,21,80,-1.676966298,"1"
2031,3,22,81,-0.828564786,"1"
2031,3,23,82,-0.691233606,"1"
2031,3,24,83,-1.298542602,"1"
2031,3,25,84,-0.529487994,"1"
2031,3,26,85,-0.60273129,"1"
2031,3,27,86,-0.239566614,"1"
2031,3,28,87,0.178530534,"1"
2031,3,29,88,1.261920954,"1"
2031,3,30,89,2.223239214,"1"
2031,3,31,90,2.681009814,"1"
2032,3,1,61,-6.285190338,"1"
2032,3,2,62,-6.755168154,"1"
2032,3,3,63,-6.807048822,"1"
2032,3,4,64,-6.227206062,"1"
2032,3,5,65,-7.182420714,"1"
2032,3,6,66,-7.42351323,"1"
2032,3,7,67,-7.029830514,"1"
2032,3,8,68,-5.894559426,"1"
2032,3,9,69,-4.780650966,"1"
2032,3,10,70,-4.643319786,"1"
2032,3,11,71,-4.740977514,"1"
2032,3,12,72,-3.419546382,"1"
2032,3,13,73,-3.205920102,"1"
2032,3,14,74,-3.694208742,"1"
2032,3,15,75,-4.567024686,"1"
2032,3,16,76,-3.42564999,"1"
2032,3,17,77,-3.114365982,"1"
2032,3,18,78,-3.953612082,"1"
2032,3,19,79,-3.70031235,"1"
2032,3,20,80,-2.821392798,"1"
2032,3,21,81,-2.012664738,"1"
2032,3,22,82,-0.578316858,"1"
2032,3,23,83,0.852979218,"1"
2032,3,24,84,0.978103182,"1"
2032,3,25,85,1.27412817,"1"
2032,3,26,86,0.849927414,"1"
2032,3,27,87,0.981154986,"1"
2032,3,28,88,2.232394626,"1"
2032,3,29,89,3.04417449,"1"
2032,3,30,90,1.97604309,"1"
2032,3,31,91,2.659647186,"1"
2033,3,1,60,-5.436788826,"1"
2033,3,2,61,-5.336079294,"1"
2033,3,3,62,-6.34012281,"1"
2033,3,4,63,-5.983061742,"1"
2033,3,5,64,-4.79896179,"1"
2033,3,6,65,-3.08995155,"1"
2033,3,7,66,-3.682001526,"1"
2033,3,8,67,-3.535514934,"1"
2033,3,9,68,-3.935301258,"1"
2033,3,10,69,-2.180513958,"1"
2033,3,11,70,-2.149995918,"1"
2033,3,12,71,-2.446020906,"1"
2033,3,13,72,-2.644388166,"1"
2033,3,14,73,-1.115434362,"1"
2033,3,15,74,-0.254825634,"1"
2033,3,16,75,0.529487994,"1"
2033,3,17,76,0.425726658,"1"
2033,3,18,77,0.837720198,"1"
2033,3,19,78,-0.361638774,"1"
2033,3,20,79,-1.963835874,"1"
2033,3,21,80,-1.692225318,"1"
2033,3,22,81,-1.45723641,"1"
2033,3,23,82,-2.207980194,"1"
2033,3,24,83,-2.946516762,"1"
2033,3,25,84,-1.70138073,"1"
2033,3,26,85,-1.496909862,"1"
2033,3,27,86,-1.13679699,"1"
2033,3,28,87,-0.056458374,"1"
2033,3,29,88,0.80109855,"1"
2033,3,30,89,2.99839743,"1"
2033,3,31,90,2.592507498,"1"
2034,3,1,60,-8.87312013,"1"
2034,3,2,61,-8.650338438,"1"
2034,3,3,62,-7.597466058,"1"
2034,3,4,63,-7.566948018,"1"
2034,3,5,64,-7.496756526,"1"
2034,3,6,65,-6.938276394,"1"
2034,3,7,66,-6.654458622,"1"
2034,3,8,67,-6.211947042,"1"
2034,3,9,68,-6.76737537,"1"
2034,3,10,69,-5.549705574,"1"
2034,3,11,70,-4.121461302,"1"
2034,3,12,71,-4.255740678,"1"
2034,3,13,72,-3.495841482,"1"
2034,3,14,73,-3.10521057,"1"
2034,3,15,74,-3.611810034,"1"
2034,3,16,75,-3.367665714,"1"
2034,3,17,76,-2.153047722,"1"
2034,3,18,77,-0.66376737,"1"
2034,3,19,78,-0.120546258,"1"
2034,3,20,79,0.749217882,"1"
2034,3,21,80,0.294499086,"1"
2034,3,22,81,0.86213463,"1"
2034,3,23,82,0.962844162,"1"
2034,3,24,83,0.901808082,"1"
2034,3,25,84,0.962844162,"1"
2034,3,26,85,1.76241681,"1"
2034,3,27,86,2.192721174,"1"
2034,3,28,87,2.000457522,"1"
2034,3,29,88,1.936369638,"1"
2034,3,30,89,1.631189238,"1"
2034,3,31,90,0.657663762,"1"
2035,3,1,60,-5.13466023,"1"
2035,3,2,61,-6.364537242,"1"
2035,3,3,62,-7.127488242,"1"
2035,3,4,63,-7.49980833,"1"
2035,3,5,64,-8.683908282,"1"
2035,3,6,65,-9.419393046,"1"
2035,3,7,66,-7.814144142,"1"
2035,3,8,67,-6.602577954,"1"
2035,3,9,68,-6.092926686,"1"
2035,3,10,69,-4.55481747,"1"
2035,3,11,70,-3.28831881,"1"
2035,3,12,71,-3.450064422,"1"
2035,3,13,72,-3.459219834,"1"
2035,3,14,73,-2.668802598,"1"
2035,3,15,74,-2.272068078,"1"
2035,3,16,75,-0.75532149,"1"
2035,3,17,76,0.285343674,"1"
2035,3,18,77,-0.51117717,"1"
2035,3,19,78,-0.697337214,"1"
2035,3,20,79,-0.138857082,"1"
2035,3,21,80,-1.512168882,"1"
2035,3,22,81,-1.551842334,"1"
2035,3,23,82,-0.468451914,"1"
2035,3,24,83,0.492866346,"1"
2035,3,25,84,1.109330754,"1"
2035,3,26,85,1.97604309,"1"
2035,3,27,86,2.381933022,"1"
2035,3,28,87,2.272068078,"1"
2035,3,29,88,2.317845138,"1"
2035,3,30,89,2.580300282,"1"
2035,3,31,90,2.711527854,"1"
2036,3,1,61,-7.847713986,"1"
2036,3,2,62,-7.17936891,"1"
2036,3,3,63,-5.43984063,"1"
2036,3,4,64,-5.107193994,"1"
2036,3,5,65,-5.687036754,"1"
2036,3,6,66,-5.583275418,"1"
2036,3,7,67,-6.010527978,"1"
2036,3,8,68,-6.257724102,"1"
2036,3,9,69,-5.250628782,"1"
2036,3,10,70,-3.508048698,"1"
2036,3,11,71,-3.859006158,"1"
2036,3,12,72,-4.344242994,"1"
2036,3,13,73,-4.383916446,"1"
2036,3,14,74,-3.462271638,"1"
2036,3,15,75,-4.011596358,"1"
2036,3,16,76,-5.116349406,"1"
2036,3,17,77,-3.224230926,"1"
2036,3,18,78,-1.744105986,"1"
2036,3,19,79,-1.54879053,"1"
2036,3,20,80,-0.212100378,"1"
2036,3,21,81,0.349431558,"1"
2036,3,22,82,-0.43488207,"1"
2036,3,23,83,-0.810253962,"1"
2036,3,24,84,0.611886702,"1"
2036,3,25,85,0.810253962,"1"
2036,3,26,86,1.011673026,"1"
2036,3,27,87,2.02182015,"1"
2036,3,28,88,2.06759721,"1"
2036,3,29,89,2.070649014,"1"
2036,3,30,90,1.795986654,"1"
2036,3,31,91,2.63218095,"1"
2037,3,1,60,-8.030822226,"1"
2037,3,2,61,-7.554740802,"1"
2037,3,3,62,-6.074615862,"1"
2037,3,4,63,-4.701304062,"1"
2037,3,5,64,-4.368657426,"1"
2037,3,6,65,-5.50087671,"1"
2037,3,7,66,-4.505988606,"1"
2037,3,8,67,-4.332035778,"1"
2037,3,9,68,-4.130616714,"1"
2037,3,10,69,-3.895627806,"1"
2037,3,11,70,-5.311664862,"1"
2037,3,12,71,-5.02784709,"1"
2037,3,13,72,-4.12756491,"1"
2037,3,14,73,-4.14282393,"1"
2037,3,15,74,-2.70847605,"1"
2037,3,16,75,-1.280231778,"1"
2037,3,17,76,-0.810253962,"1"
2037,3,18,77,-1.100175342,"1"
2037,3,19,78,-2.09811525,"1"
2037,3,20,79,-1.83871191,"1"
2037,3,21,80,-1.005569418,"1"
2037,3,22,81,-0.93842973,"1"
2037,3,23,82,0.157167906,"1"
2037,3,24,83,-0.520332582,"1"
2037,3,25,84,-0.047302962,"1"
2037,3,26,85,0.66376737,"1"
2037,3,27,86,1.39620033,"1"
2037,3,28,87,2.470435338,"1"
2037,3,29,88,3.102158766,"1"
2037,3,30,89,2.72373507,"1"
2037,3,31,90,2.02182015,"1"
2038,3,1,60,-5.748072834,"1"
2038,3,2,61,-5.201799918,"1"
2038,3,3,62,-6.15701457,"1"
2038,3,4,63,-6.742960938,"1"
2038,3,5,64,-5.47035867,"1"
2038,3,6,65,-4.786754574,"1"
2038,3,7,66,-3.764400234,"1"
2038,3,8,67,-3.10521057,"1"
2038,3,9,68,-3.248645358,"1"
2038,3,10,69,-3.504996894,"1"
2038,3,11,70,-2.763408522,"1"
2038,3,12,71,-2.67795801,"1"
2038,3,13,72,-2.12863329,"1"
2038,3,14,73,-1.301594406,"1"
2038,3,15,74,-1.124589774,"1"
2038,3,16,75,-1.402303938,"1"
2038,3,17,76,-2.436865494,"1"
2038,3,18,77,-1.35042327,"1"
2038,3,19,78,-0.746166078,"1"
2038,3,20,79,-0.492866346,"1"
2038,3,21,80,1.084916322,"1"
2038,3,22,81,2.278171686,"1"
2038,3,23,82,1.521324294,"1"
2038,3,24,83,1.445029194,"1"
2038,3,25,84,1.774624026,"1"
2038,3,26,85,2.17441035,"1"
2038,3,27,86,1.866178146,"1"
2038,3,28,87,2.589455694,"1"
2038,3,29,88,3.474478854,"1"
2038,3,30,89,3.382924734,"1"
2038,3,31,90,3.978026514,"1"
2039,3,1,60,-6.392003478,"1"
2039,3,2,61,-5.885404014,"1"
2039,3,3,62,-5.064468738,"1"
2039,3,4,63,-4.20386001,"1"
2039,3,5,64,-4.512092214,"1"
2039,3,6,65,-5.781642678,"1"
2039,3,7,66,-5.14991925,"1"
2039,3,8,67,-3.001449234,"1"
2039,3,9,68,-2.717631462,"1"
2039,3,10,69,-4.014648162,"1"
2039,3,11,70,-4.548713862,"1"
2039,3,12,71,-4.118409498,"1"
2039,3,13,72,-3.160143042,"1"
2039,3,14,73,-2.568093066,"1"
2039,3,15,74,-1.948576854,"1"
2039,3,16,75,-2.183565762,"1"
2039,3,17,76,-2.168306742,"1"
2039,3,18,77,-3.855954354,"1"
2039,3,19,78,-4.133668518,"1"
2039,3,20,79,-2.980086606,"1"
2039,3,21,80,-1.15205601,"1"
2039,3,22,81,-0.703440822,"1"
2039,3,23,82,-1.469443626,"1"
2039,3,24,83,-1.194781266,"1"
2039,3,25,84,-0.51117717,"1"
2039,3,26,85,-0.410467638,"1"
2039,3,27,86,-0.019836726,"1"
2039,3,28,87,0.81635757,"1"
2039,3,29,88,0.538643406,"1"
2039,3,30,89,1.283283582,"1"
2039,3,31,90,1.005569418,"1"
2040,3,1,61,-4.792858182,"1"
2040,3,2,62,-3.282215202,"1"
2040,3,3,63,-3.68505333,"1"
2040,3,4,64,-4.090943262,"1"
2040,3,5,65,-5.229266154,"1"
2040,3,6,66,-3.44090901,"1"
2040,3,7,67,-3.224230926,"1"
2040,3,8,68,-4.942396578,"1"
2040,3,9,69,-5.076675954,"1"
2040,3,10,70,-3.24254175,"1"
2040,3,11,71,-2.95262037,"1"
2040,3,12,72,-2.18966937,"1"
2040,3,13,73,-1.249713738,"1"
2040,3,14,74,-0.98420679,"1"
2040,3,15,75,-0.944533338,"1"
2040,3,16,76,-0.993362202,"1"
2040,3,17,77,-1.33516425,"1"
2040,3,18,78,0.163271514,"1"
2040,3,19,79,1.62508563,"1"
2040,3,20,80,1.77767583,"1"
2040,3,21,81,0.050354766,"1"
2040,3,22,82,-0.87739365,"1"
2040,3,23,83,0.60273129,"1"
2040,3,24,84,1.872281754,"1"
2040,3,25,85,2.339207766,"1"
2040,3,26,86,1.582360374,"1"
2040,3,27,87,1.628137434,"1"
2040,3,28,88,1.939421442,"1"
2040,3,29,89,2.055389994,"1"
2040,3,30,90,2.940413154,"1"
2040,3,31,91,2.461279926,"1"
2041,3,1,60,-8.043029442,"1"
2041,3,2,61,-8.351261646,"1"
2041,3,3,62,-7.185472518,"1"
2041,3,4,63,-6.343174614,"1"
2041,3,5,64,-5.57717181,"1"
2041,3,6,65,-6.025786998,"1"
2041,3,7,66,-7.005416082,"1"
2041,3,8,67,-6.63004419,"1"
2041,3,9,68,-5.397115374,"1"
2041,3,10,69,-3.862057962,"1"
2041,3,11,70,-4.640267982,"1"
2041,3,12,71,-4.087891458,"1"
2041,3,13,72,-3.37987293,"1"
2041,3,14,73,-3.630120858,"1"
2041,3,15,74,-4.777599162,"1"
2041,3,16,75,-4.673837826,"1"
2041,3,17,76,-5.13466023,"1"
2041,3,18,77,-3.95971569,"1"
2041,3,19,78,-2.87632527,"1"
2041,3,20,79,-1.237506522,"1"
2041,3,21,80,-0.636301134,"1"
2041,3,22,81,-0.672922782,"1"
2041,3,23,82,-0.364690578,"1"
2041,3,24,83,0.700389018,"1"
2041,3,25,84,0.498969954,"1"
2041,3,26,85,1.12153797,"1"
2041,3,27,86,1.93026603,"1"
2041,3,28,87,3.70031235,"1"
2041,3,29,88,3.27305979,"1"
2041,3,30,89,2.778667542,"1"
2041,3,31,90,2.20492839,"1"
2042,3,1,60,-8.04913305,"1"
2042,3,2,61,-6.871136706,"1"
2042,3,3,62,-5.082779562,"1"
2042,3,4,63,-5.369649138,"1"
2042,3,5,64,-6.376744458,"1"
2042,3,6,65,-6.404210694,"1"
2042,3,7,66,-5.238421566,"1"
2042,3,8,67,-4.362553818,"1"
2042,3,9,68,-3.916990434,"1"
2042,3,10,69,-3.935301258,"1"
2042,3,11,70,-4.734873906,"1"
2042,3,12,71,-4.643319786,"1"
2042,3,13,72,-3.758296626,"1"
2042,3,14,73,-3.712519566,"1"
2042,3,15,74,-2.925154134,"1"
2042,3,16,75,-2.217135606,"1"
2042,3,17,76,-1.966887678,"1"
2042,3,18,77,-1.298542602,"1"
2042,3,19,78,-1.27412817,"1"
2042,3,20,79,-1.231402914,"1"
2042,3,21,80,-1.936369638,"1"
2042,3,22,81,-1.25886915,"1"
2042,3,23,82,-1.768520418,"1"
2042,3,24,83,-0.843823806,"1"
2042,3,25,84,0.14496069,"1"
2042,3,26,85,2.201876586,"1"
2042,3,27,86,2.02182015,"1"
2042,3,28,87,2.522316006,"1"
2042,3,29,88,2.162203134,"1"
2042,3,30,89,3.007552842,"1"
2042,3,31,90,2.52536781,"1"
2043,3,1,60,-7.704279198,"1"
2043,3,2,61,-7.39299519,"1"
2043,3,3,62,-6.327915594,"1"
2043,3,4,63,-4.911878538,"1"
2043,3,5,64,-4.124513106,"1"
2043,3,6,65,-3.434805402,"1"
2043,3,7,66,-3.053329902,"1"
2043,3,8,67,-3.566032974,"1"
2043,3,9,68,-3.306629634,"1"
2043,3,10,69,-2.848859034,"1"
2043,3,11,70,-3.21202371,"1"
2043,3,12,71,-2.912946918,"1"
2043,3,13,72,-2.516212398,"1"
2043,3,14,73,-2.989242018,"1"
2043,3,15,74,-2.11337427,"1"
2043,3,16,75,-2.455176318,"1"
2043,3,17,76,-2.058441798,"1"
2043,3,18,77,-1.475547234,"1"
2043,3,19,78,-1.820401086,"1"
2043,3,20,79,-2.44907271,"1"
2043,3,21,80,-2.839703622,"1"
2043,3,22,81,-2.024871954,"1"
2043,3,23,82,-0.239566614,"1"
2043,3,24,83,-0.004577706,"1"
2043,3,25,84,-0.300602694,"1"
2043,3,26,85,0.196841358,"1"
2043,3,27,86,1.515220686,"1"
2043,3,28,87,1.68612171,"1"
2043,3,29,88,2.360570394,"1"
2043,3,30,89,2.949568566,"1"
2043,3,31,90,3.773555646,"1"
2044,3,1,61,-6.99626067,"1"
2044,3,2,62,-8.26275933,"1"
2044,3,3,63,-7.594414254,"1"
2044,3,4,64,-6.746012742,"1"
2044,3,5,65,-7.048141338,"1"
2044,3,6,66,-4.911878538,"1"
2044,3,7,67,-4.194704598,"1"
2044,3,8,68,-4.304569542,"1"
2044,3,9,69,-3.614861838,"1"
2044,3,10,70,-3.80712549,"1"
2044,3,11,71,-4.454107938,"1"
2044,3,12,72,-4.744029318,"1"
2044,3,13,73,-2.989242018,"1"
2044,3,14,74,-2.729838678,"1"
2044,3,15,75,-2.885480682,"1"
2044,3,16,76,-2.467383534,"1"
2044,3,17,77,-1.539635118,"1"
2044,3,18,78,-2.177462154,"1"
2044,3,19,79,-2.38803663,"1"
2044,3,20,80,-2.092011642,"1"
2044,3,21,81,-2.64743997,"1"
2044,3,22,82,-1.585412178,"1"
2044,3,23,83,-1.133745186,"1"
2044,3,24,84,-0.294499086,"1"
2044,3,25,85,0.318913518,"1"
2044,3,26,86,-0.06866559,"1"
2044,3,27,87,0.172426926,"1"
2044,3,28,88,-0.285343674,"1"
2044,3,29,89,1.170366834,"1"
2044,3,30,90,1.383993114,"1"
2044,3,31,91,1.005569418,"1"
2045,3,1,60,-6.132600138,"1"
2045,3,2,61,-7.338062718,"1"
2045,3,3,62,-8.256655722,"1"
2045,3,4,63,-7.30144107,"1"
2045,3,5,64,-5.922025662,"1"
2045,3,6,65,-6.297397554,"1"
2045,3,7,66,-5.88235221,"1"
2045,3,8,67,-5.586327222,"1"
2045,3,9,68,-6.041046018,"1"
2045,3,10,69,-4.380864642,"1"
2045,3,11,70,-4.38696825,"1"
2045,3,12,71,-4.679941434,"1"
2045,3,13,72,-6.062408646,"1"
2045,3,14,73,-3.978026514,"1"
2045,3,15,74,-4.246585266,"1"
2045,3,16,75,-3.575188386,"1"
2045,3,17,76,-4.322880366,"1"
2045,3,18,77,-4.179445578,"1"
2045,3,19,78,-3.144884022,"1"
2045,3,20,79,-3.236438142,"1"
2045,3,21,80,-3.331044066,"1"
2045,3,22,81,-2.537575026,"1"
2045,3,23,82,-2.757304914,"1"
2045,3,24,83,-2.93736135,"1"
2045,3,25,84,-2.537575026,"1"
2045,3,26,85,-2.580300282,"1"
2045,3,27,86,-1.30464621,"1"
2045,3,28,87,-0.337224342,"1"
2045,3,29,88,0.96894777,"1"
2045,3,30,89,0.669870978,"1"
2045,3,31,90,1.496909862,"1"
2046,3,1,60,-4.396123662,"1"
2046,3,2,61,-5.796901698,"1"
2046,3,3,62,-5.922025662,"1"
2046,3,4,63,-4.643319786,"1"
2046,3,5,64,-4.869153282,"1"
2046,3,6,65,-5.59243083,"1"
2046,3,7,66,-4.38696825,"1"
2046,3,8,67,-4.15808295,"1"
2046,3,9,68,-3.636224466,"1"
2046,3,10,69,-4.03601079,"1"
2046,3,11,70,-4.194704598,"1"
2046,3,12,71,-3.724726782,"1"
2046,3,13,72,-2.940413154,"1"
2046,3,14,73,-1.344319662,"1"
2046,3,15,74,-1.506065274,"1"
2046,3,16,75,-1.774624026,"1"
2046,3,17,76,-2.552834046,"1"
2046,3,18,77,-1.896696186,"1"
2046,3,19,78,-0.60273129,"1"
2046,3,20,79,-1.072709106,"1"
2046,3,21,80,-0.627145722,"1"
2046,3,22,81,-0.959792358,"1"
2046,3,23,82,-0.72480345,"1"
2046,3,24,83,-0.086976414,"1"
2046,3,25,84,0.270084654,"1"
2046,3,26,85,1.118486166,"1"
2046,3,27,86,1.50301347,"1"
2046,3,28,87,1.795986654,"1"
2046,3,29,88,1.832608302,"1"
2046,3,30,89,1.783779438,"1"
2046,3,31,90,1.878385362,"1"
2047,3,1,60,-7.655450334,"1"
2047,3,2,61,-6.916913766,"1"
2047,3,3,62,-6.550697286,"1"
2047,3,4,63,-5.522239338,"1"
2047,3,5,64,-5.02784709,"1"
2047,3,6,65,-5.574120006,"1"
2047,3,7,66,-6.208895238,"1"
2047,3,8,67,-5.473410474,"1"
2047,3,9,68,-5.14991925,"1"
2047,3,10,69,-5.305561254,"1"
2047,3,11,70,-4.338139386,"1"
2047,3,12,71,-4.61585355,"1"
2047,3,13,72,-5.07362415,"1"
2047,3,14,73,-4.942396578,"1"
2047,3,15,74,-4.37170923,"1"
2047,3,16,75,-3.514152306,"1"
2047,3,17,76,-2.610818322,"1"
2047,3,18,77,-2.504005182,"1"
2047,3,19,78,-2.467383534,"1"
2047,3,20,79,-0.865186434,"1"
2047,3,21,80,-0.416571246,"1"
2047,3,22,81,-1.268024562,"1"
2047,3,23,82,-0.172426926,"1"
2047,3,24,83,-0.843823806,"1"
2047,3,25,84,-0.636301134,"1"
2047,3,26,85,-0.315861714,"1"
2047,3,27,86,0.645456546,"1"
2047,3,28,87,1.707484338,"1"
2047,3,29,88,1.680018102,"1"
2047,3,30,89,2.537575026,"1"
2047,3,31,90,2.653543578,"1"
2048,3,1,61,-6.50797203,"1"
2048,3,2,62,-5.589379026,"1"
2048,3,3,63,-4.98207003,"1"
2048,3,4,64,-3.926145846,"1"
2048,3,5,65,-4.438848918,"1"
2048,3,6,66,-3.36461391,"1"
2048,3,7,67,-3.941404866,"1"
2048,3,8,68,-4.380864642,"1"
2048,3,9,69,-3.169298454,"1"
2048,3,10,70,-3.981078318,"1"
2048,3,11,71,-3.630120858,"1"
2048,3,12,72,-1.985198502,"1"
2048,3,13,73,-2.684061618,"1"
2048,3,14,74,-3.022811862,"1"
2048,3,15,75,-2.589455694,"1"
2048,3,16,76,-1.860074538,"1"
2048,3,17,77,-1.99130211,"1"
2048,3,18,78,-1.606774806,"1"
2048,3,19,79,-2.806133778,"1"
2048,3,20,80,-2.90684331,"1"
2048,3,21,81,-1.646448258,"1"
2048,3,22,82,-0.172426926,"1"
2048,3,23,83,0.016784922,"1"
2048,3,24,84,0.901808082,"1"
2048,3,25,85,1.509117078,"1"
2048,3,26,86,0.67902639,"1"
2048,3,27,87,1.927214226,"1"
2048,3,28,88,2.000457522,"1"
2048,3,29,89,2.46433173,"1"
2048,3,30,90,2.995345626,"1"
2048,3,31,91,4.304569542,"1"
2049,3,1,60,-6.861981294,"1"
2049,3,2,61,-5.250628782,"1"
2049,3,3,62,-5.647363302,"1"
2049,3,4,63,-5.677881342,"1"
2049,3,5,64,-5.54665377,"1"
2049,3,6,65,-5.778590874,"1"
2049,3,7,66,-5.998320762,"1"
2049,3,8,67,-5.101090386,"1"
2049,3,9,68,-3.68505333,"1"
2049,3,10,69,-5.11940121,"1"
2049,3,11,70,-5.748072834,"1"
2049,3,12,71,-4.47852237,"1"
2049,3,13,72,-4.872205086,"1"
2049,3,14,73,-6.184480806,"1"
2049,3,15,74,-6.031890606,"1"
2049,3,16,75,-5.091934974,"1"
2049,3,17,76,-4.670786022,"1"
2049,3,18,77,-3.33409587,"1"
2049,3,19,78,-2.543678634,"1"
2049,3,20,79,-1.490806254,"1"
2049,3,21,80,0.32806893,"1"
2049,3,22,81,0.721751646,"1"
2049,3,23,82,0.166323318,"1"
2049,3,24,83,0.117494454,"1"
2049,3,25,84,0.40436403,"1"
2049,3,26,85,0.712596234,"1"
2049,3,27,86,0.856031022,"1"
2049,3,28,87,1.93026603,"1"
2049,3,29,88,1.921110618,"1"
2049,3,30,89,2.314793334,"1"
2049,3,31,90,2.946516762,"1"
2050,3,1,60,-9.068435586,"1"
2050,3,2,61,-8.336002626,"1"
2050,3,3,62,-7.258715814,"1"
2050,3,4,63,-7.80498873,"1"
2050,3,5,64,-7.646294922,"1"
2050,3,6,65,-6.221102454,"1"
2050,3,7,66,-4.63111257,"1"
2050,3,8,67,-4.75318473,"1"
2050,3,9,68,-4.81422081,"1"
2050,3,10,69,-5.07362415,"1"
2050,3,11,70,-4.060425222,"1"
2050,3,12,71,-4.11230589,"1"
2050,3,13,72,-3.141832218,"1"
2050,3,14,73,-2.995345626,"1"
2050,3,15,74,-2.720683266,"1"
2050,3,16,75,-2.772563934,"1"
2050,3,17,76,-1.713587946,"1"
2050,3,18,77,-0.75532149,"1"
2050,3,19,78,-0.645456546,"1"
2050,3,20,79,-0.392156814,"1"
2050,3,21,80,-1.414511154,"1"
2050,3,22,81,-1.020828438,"1"
2050,3,23,82,0.028992138,"1"
2050,3,24,83,1.170366834,"1"
2050,3,25,84,-0.349431558,"1"
2050,3,26,85,-0.544747014,"1"
2050,3,27,86,0.22125579,"1"
2050,3,28,87,1.606774806,"1"
2050,3,29,88,1.99130211,"1"
2050,3,30,89,2.92210233,"1"
2050,3,31,90,3.788814666,"1"
2051,3,1,60,-5.732813814,"1"
2051,3,2,61,-5.052261522,"1"
2051,3,3,62,-4.423589898,"1"
2051,3,4,63,-5.406270786,"1"
2051,3,5,64,-5.595482634,"1"
2051,3,6,65,-4.011596358,"1"
2051,3,7,66,-3.511100502,"1"
2051,3,8,67,-4.621957158,"1"
2051,3,9,68,-4.954603794,"1"
2051,3,10,69,-3.797970078,"1"
2051,3,11,70,-4.353398406,"1"
2051,3,12,71,-4.856946066,"1"
2051,3,13,72,-4.551765666,"1"
2051,3,14,73,-4.243533462,"1"
2051,3,15,74,-5.76028005,"1"
2051,3,16,75,-5.128556622,"1"
2051,3,17,76,-3.694208742,"1"
2051,3,18,77,-3.581291994,"1"
2051,3,19,78,-3.016708254,"1"
2051,3,20,79,-1.570153158,"1"
2051,3,21,80,0.086976414,"1"
2051,3,22,81,-0.074769198,"1"
2051,3,23,82,-0.486762738,"1"
2051,3,24,83,-0.63324933,"1"
2051,3,25,84,0.401312226,"1"
2051,3,26,85,1.722743358,"1"
2051,3,27,86,1.47249543,"1"
2051,3,28,87,0.514228974,"1"
2051,3,29,88,1.405355742,"1"
2051,3,30,89,2.659647186,"1"
2051,3,31,90,3.514152306,"1"
2052,3,1,61,-4.512092214,"1"
2052,3,2,62,-4.533454842,"1"
2052,3,3,63,-4.98207003,"1"
2052,3,4,64,-5.830471542,"1"
2052,3,5,65,-6.633095994,"1"
2052,3,6,66,-6.608681562,"1"
2052,3,7,67,-5.720606598,"1"
2052,3,8,68,-5.940336486,"1"
2052,3,9,69,-5.445944238,"1"
2052,3,10,70,-4.695200454,"1"
2052,3,11,71,-3.346303086,"1"
2052,3,12,72,-1.509117078,"1"
2052,3,13,73,-1.994353914,"1"
2052,3,14,74,-2.897687898,"1"
2052,3,15,75,-3.025863666,"1"
2052,3,16,76,-1.557945942,"1"
2052,3,17,77,-0.06866559,"1"
2052,3,18,78,1.048294674,"1"
2052,3,19,79,1.316853426,"1"
2052,3,20,80,0.041199354,"1"
2052,3,21,81,-0.325017126,"1"
2052,3,22,82,-0.462348306,"1"
2052,3,23,83,-0.413519442,"1"
2052,3,24,84,-0.17547873,"1"
2052,3,25,85,1.658655474,"1"
2052,3,26,86,2.455176318,"1"
2052,3,27,87,3.666742506,"1"
2052,3,28,88,3.953612082,"1"
2052,3,29,89,3.398183754,"1"
2052,3,30,90,2.726786874,"1"
2052,3,31,91,4.12756491,"1"
2053,3,1,60,-7.197679734,"1"
2053,3,2,61,-7.444875858,"1"
2053,3,3,62,-7.05729675,"1"
2053,3,4,63,-5.656518714,"1"
2053,3,5,64,-6.03494241,"1"
2053,3,6,65,-5.754176442,"1"
2053,3,7,66,-4.075684242,"1"
2053,3,8,67,-4.289310522,"1"
2053,3,9,68,-3.74608941,"1"
2053,3,10,69,-2.14389231,"1"
2053,3,11,70,-1.667810886,"1"
2053,3,12,71,-2.888532486,"1"
2053,3,13,72,-2.507056986,"1"
2053,3,14,73,-2.116426074,"1"
2053,3,15,74,-1.93026603,"1"
2053,3,16,75,-0.608834898,"1"
2053,3,17,76,-1.765468614,"1"
2053,3,18,77,-1.67086269,"1"
2053,3,19,78,-0.996414006,"1"
2053,3,20,79,-0.66376737,"1"
2053,3,21,80,-0.889600866,"1"
2053,3,22,81,-0.657663762,"1"
2053,3,23,82,0.474555522,"1"
2053,3,24,83,0.776684118,"1"
2053,3,25,84,1.057450086,"1"
2053,3,26,85,0.383001402,"1"
2053,3,27,86,0.660715566,"1"
2053,3,28,87,1.18257405,"1"
2053,3,29,88,2.61692193,"1"
2053,3,30,89,2.772563934,"1"
2053,3,31,90,3.10521057,"1"
2054,3,1,60,-4.28015511,"1"
2054,3,2,61,-4.786754574,"1"
2054,3,3,62,-5.07362415,"1"
2054,3,4,63,-6.129548334,"1"
2054,3,5,64,-5.894559426,"1"
2054,3,6,65,-4.762340142,"1"
2054,3,7,66,-3.428701794,"1"
2054,3,8,67,-3.596551014,"1"
2054,3,9,68,-3.923094042,"1"
2054,3,10,69,-3.978026514,"1"
2054,3,11,70,-3.21202371,"1"
2054,3,12,71,-3.215075514,"1"
2054,3,13,72,-3.874265178,"1"
2054,3,14,73,-3.459219834,"1"
2054,3,15,74,-2.836651818,"1"
2054,3,16,75,-3.367665714,"1"
2054,3,17,76,-3.428701794,"1"
2054,3,18,77,-3.514152306,"1"
2054,3,19,78,-2.00656113,"1"
2054,3,20,79,-1.179522246,"1"
2054,3,21,80,-0.77058051,"1"
2054,3,22,81,-1.216143894,"1"
2054,3,23,82,-1.158159618,"1"
2054,3,24,83,-0.46540011,"1"
2054,3,25,84,-0.25177383,"1"
2054,3,26,85,0.334172538,"1"
2054,3,27,86,1.393148526,"1"
2054,3,28,87,2.95262037,"1"
2054,3,29,88,2.681009814,"1"
2054,3,30,89,2.970931194,"1"
2054,3,31,90,2.461279926,"1"
2055,3,1,60,-7.411306014,"1"
2055,3,2,61,-7.435720446,"1"
2055,3,3,62,-7.618828686,"1"
2055,3,4,63,-7.441824054,"1"
2055,3,5,64,-6.581215326,"1"
2055,3,6,65,-6.535438266,"1"
2055,3,7,66,-4.957655598,"1"
2055,3,8,67,-4.313724954,"1"
2055,3,9,68,-4.237429854,"1"
2055,3,10,69,-3.53246313,"1"
2055,3,11,70,-2.787822954,"1"
2055,3,12,71,-1.484702646,"1"
2055,3,13,72,-2.110322466,"1"
2055,3,14,73,-1.774624026,"1"
2055,3,15,74,-2.674906206,"1"
2055,3,16,75,-2.650491774,"1"
2055,3,17,76,-1.081864518,"1"
2055,3,18,77,-0.560006034,"1"
2055,3,19,78,-0.19073775,"1"
2055,3,20,79,0.370794186,"1"
2055,3,21,80,0.352483362,"1"
2055,3,22,81,1.026932046,"1"
2055,3,23,82,1.408407546,"1"
2055,3,24,83,1.313801622,"1"
2055,3,25,84,0.682078194,"1"
2055,3,26,85,1.475547234,"1"
2055,3,27,86,1.680018102,"1"
2055,3,28,87,1.890592578,"1"
2055,3,29,88,2.284275294,"1"
2055,3,30,89,3.572136582,"1"
2055,3,31,90,4.11230589,"1"
2056,3,1,61,-6.608681562,"1"
2056,3,2,62,-6.392003478,"1"
2056,3,3,63,-5.223162546,"1"
2056,3,4,64,-6.75211635,"1"
2056,3,5,65,-6.007476174,"1"
2056,3,6,66,-5.781642678,"1"
2056,3,7,67,-4.927137558,"1"
2056,3,8,68,-4.304569542,"1"
2056,3,9,69,-4.133668518,"1"
2056,3,10,70,-4.527351234,"1"
2056,3,11,71,-4.588387314,"1"
2056,3,12,72,-4.887464106,"1"
2056,3,13,73,-3.950560278,"1"
2056,3,14,74,-3.260852574,"1"
2056,3,15,75,-2.333104158,"1"
2056,3,16,76,-2.46433173,"1"
2056,3,17,77,-1.890592578,"1"
2056,3,18,78,-3.276111594,"1"
2056,3,19,79,-3.279163398,"1"
2056,3,20,80,-1.576256766,"1"
2056,3,21,81,-0.822461178,"1"
2056,3,22,82,-0.81635757,"1"
2056,3,23,83,-0.337224342,"1"
2056,3,24,84,0.55695423,"1"
2056,3,25,85,0.978103182,"1"
2056,3,26,86,2.070649014,"1"
2056,3,27,87,2.211031998,"1"
2056,3,28,88,2.22018741,"1"
2056,3,29,89,1.875333558,"1"
2056,3,30,90,2.223239214,"1"
2056,3,31,91,1.954680462,"1"
2057,3,1,60,-6.871136706,"1"
2057,3,2,61,-6.819256038,"1"
2057,3,3,62,-6.178377198,"1"
2057,3,4,63,-5.397115374,"1"
2057,3,5,64,-5.54665377,"1"
2057,3,6,65,-5.033950698,"1"
2057,3,7,66,-5.568016398,"1"
2057,3,8,67,-4.625008962,"1"
2057,3,9,68,-5.650415106,"1"
2057,3,10,69,-6.29434575,"1"
2057,3,11,70,-4.216067226,"1"
2057,3,12,71,-3.828488118,"1"
2057,3,13,72,-3.205920102,"1"
2057,3,14,73,-3.001449234,"1"
2057,3,15,74,-4.084839654,"1"
2057,3,16,75,-3.892576002,"1"
2057,3,17,76,-3.038070882,"1"
2057,3,18,77,-2.604714714,"1"
2057,3,19,78,-2.030975562,"1"
2057,3,20,79,-0.483710934,"1"
2057,3,21,80,0.065613786,"1"
2057,3,22,81,-0.074769198,"1"
2057,3,23,82,-0.364690578,"1"
2057,3,24,83,0.978103182,"1"
2057,3,25,84,0.737010666,"1"
2057,3,26,85,1.283283582,"1"
2057,3,27,86,2.107270662,"1"
2057,3,28,87,0.959792358,"1"
2057,3,29,88,1.67086269,"1"
2057,3,30,89,2.366674002,"1"
2057,3,31,90,3.343251282,"1"
2058,3,1,60,-6.144807354,"1"
2058,3,2,61,-7.359425346,"1"
2058,3,3,62,-5.626000674,"1"
2058,3,4,63,-4.496833194,"1"
2058,3,5,64,-3.19676469,"1"
2058,3,6,65,-3.33409587,"1"
2058,3,7,66,-3.599602818,"1"
2058,3,8,67,-3.24254175,"1"
2058,3,9,68,-2.305637922,"1"
2058,3,10,69,-2.476538946,"1"
2058,3,11,70,-2.58640389,"1"
2058,3,12,71,-3.721674978,"1"
2058,3,13,72,-4.591439118,"1"
2058,3,14,73,-4.786754574,"1"
2058,3,15,74,-3.672846114,"1"
2058,3,16,75,-3.260852574,"1"
2058,3,17,76,-0.904859886,"1"
2058,3,18,77,-1.466391822,"1"
2058,3,19,78,-1.377889506,"1"
2058,3,20,79,-0.398260422,"1"
2058,3,21,80,-0.202944966,"1"
2058,3,22,81,-0.514228974,"1"
2058,3,23,82,-0.807202158,"1"
2058,3,24,83,-0.691233606,"1"
2058,3,25,84,-0.624093918,"1"
2058,3,26,85,0.14496069,"1"
2058,3,27,86,0.416571246,"1"
2058,3,28,87,0.917067102,"1"
2058,3,29,88,2.26596447,"1"
2058,3,30,89,2.78477115,"1"
2058,3,31,90,4.58533551,"1"
2059,3,1,60,-7.490652918,"1"
2059,3,2,61,-6.221102454,"1"
2059,3,3,62,-5.842678758,"1"
2059,3,4,63,-5.351338314,"1"
2059,3,5,64,-3.389028342,"1"
2059,3,6,65,-3.819332706,"1"
2059,3,7,66,-4.719614886,"1"
2059,3,8,67,-5.04310611,"1"
2059,3,9,68,-5.16517827,"1"
2059,3,10,69,-6.105133902,"1"
2059,3,11,70,-4.618905354,"1"
2059,3,12,71,-4.686045042,"1"
2059,3,13,72,-4.46326335,"1"
2059,3,14,73,-2.360570394,"1"
2059,3,15,74,-1.072709106,"1"
2059,3,16,75,-1.588463982,"1"
2059,3,17,76,-1.139848794,"1"
2059,3,18,77,-1.826504694,"1"
2059,3,19,78,-2.958723978,"1"
2059,3,20,79,-1.551842334,"1"
2059,3,21,80,0.737010666,"1"
2059,3,22,81,1.38094131,"1"
2059,3,23,82,2.256809058,"1"
2059,3,24,83,1.048294674,"1"
2059,3,25,84,0.593575878,"1"
2059,3,26,85,-0.010681314,"1"
2059,3,27,86,0.209048574,"1"
2059,3,28,87,0.544747014,"1"
2059,3,29,88,1.893644382,"1"
2059,3,30,89,1.786831242,"1"
2059,3,31,90,2.47959075,"1"
2060,3,1,61,-5.735865618,"1"
2060,3,2,62,-5.067520542,"1"
2060,3,3,63,-6.404210694,"1"
2060,3,4,64,-6.932172786,"1"
2060,3,5,65,-6.861981294,"1"
2060,3,6,66,-6.703287486,"1"
2060,3,7,67,-5.992217154,"1"
2060,3,8,68,-4.96681101,"1"
2060,3,9,69,-4.063477026,"1"
2060,3,10,70,-4.237429854,"1"
2060,3,11,71,-3.340199478,"1"
2060,3,12,72,-3.816280902,"1"
2060,3,13,73,-3.880368786,"1"
2060,3,14,74,-3.636224466,"1"
2060,3,15,75,-2.027923758,"1"
2060,3,16,76,-2.23544643,"1"
2060,3,17,77,-2.497901574,"1"
2060,3,18,78,-2.034027366,"1"
2060,3,19,79,0.553902426,"1"
2060,3,20,80,1.820401086,"1"
2060,3,21,81,1.652551866,"1"
2060,3,22,82,1.683069906,"1"
2060,3,23,83,0.459296502,"1"
2060,3,24,84,0.856031022,"1"
2060,3,25,85,0.035095746,"1"
2060,3,26,86,1.234454718,"1"
2060,3,27,87,1.951628658,"1"
2060,3,28,88,2.766460326,"1"
2060,3,29,89,3.068588922,"1"
2060,3,30,90,3.108262374,"1"
2060,3,31,91,3.76134843,"1"
2061,3,1,60,-5.479514082,"1"
2061,3,2,61,-5.589379026,"1"
2061,3,3,62,-5.262835998,"1"
2061,3,4,63,-6.163118178,"1"
2061,3,5,64,-5.937284682,"1"
2061,3,6,65,-5.24147337,"1"
2061,3,7,66,-4.14282393,"1"
2061,3,8,67,-3.22728273,"1"
2061,3,9,68,-3.279163398,"1"
2061,3,10,69,-2.84580723,"1"
2061,3,11,70,-2.259860862,"1"
2061,3,12,71,-1.661707278,"1"
2061,3,13,72,-0.767528706,"1"
2061,3,14,73,-0.61799031,"1"
2061,3,15,74,-1.631189238,"1"
2061,3,16,75,-0.108339042,"1"
2061,3,17,76,-0.22125579,"1"
2061,3,18,77,-1.881437166,"1"
2061,3,19,78,-1.42671837,"1"
2061,3,20,79,-1.591515786,"1"
2061,3,21,80,-1.109330754,"1"
2061,3,22,81,-0.453192894,"1"
2061,3,23,82,-0.993362202,"1"
2061,3,24,83,0.086976414,"1"
2061,3,25,84,0.685129998,"1"
2061,3,26,85,1.719691554,"1"
2061,3,27,86,2.018768346,"1"
2061,3,28,87,1.759365006,"1"
2061,3,29,88,2.272068078,"1"
2061,3,30,89,2.989242018,"1"
2061,3,31,90,2.583352086,"1"
2062,3,1,60,-6.480505794,"1"
2062,3,2,61,-7.17936891,"1"
2062,3,3,62,-7.780574298,"1"
2062,3,4,63,-7.084762986,"1"
2062,3,5,64,-6.044097822,"1"
2062,3,6,65,-6.27908673,"1"
2062,3,7,66,-5.680933146,"1"
2062,3,8,67,-4.496833194,"1"
2062,3,9,68,-3.947508474,"1"
2062,3,10,69,-4.744029318,"1"
2062,3,11,70,-6.208895238,"1"
2062,3,12,71,-6.09597849,"1"
2062,3,13,72,-4.89051591,"1"
2062,3,14,73,-3.126573198,"1"
2062,3,15,74,-1.924162422,"1"
2062,3,16,75,-1.896696186,"1"
2062,3,17,76,-1.753261398,"1"
2062,3,18,77,-1.62508563,"1"
2062,3,19,78,-1.191729462,"1"
2062,3,20,79,-1.078812714,"1"
2062,3,21,80,-1.142900598,"1"
2062,3,22,81,-0.941481534,"1"
2062,3,23,82,-1.399252134,"1"
2062,3,24,83,-1.399252134,"1"
2062,3,25,84,0.498969954,"1"
2062,3,26,85,1.347371466,"1"
2062,3,27,86,2.25070545,"1"
2062,3,28,87,3.340199478,"1"
2062,3,29,88,3.41039097,"1"
2062,3,30,89,3.312733242,"1"
2062,3,31,90,4.032958986,"1"
2063,3,1,60,-5.80605711,"1"
2063,3,2,61,-5.229266154,"1"
2063,3,3,62,-4.902723126,"1"
2063,3,4,63,-4.286258718,"1"
2063,3,5,64,-3.559929366,"1"
2063,3,6,65,-4.576180098,"1"
2063,3,7,66,-4.15808295,"1"
2063,3,8,67,-3.62401725,"1"
2063,3,9,68,-3.569084778,"1"
2063,3,10,69,-3.645379878,"1"
2063,3,11,70,-4.887464106,"1"
2063,3,12,71,-5.320820274,"1"
2063,3,13,72,-4.087891458,"1"
2063,3,14,73,-2.854962642,"1"
2063,3,15,74,-1.225299306,"1"
2063,3,16,75,-0.09918363,"1"
2063,3,17,76,0.776684118,"1"
2063,3,18,77,1.475547234,"1"
2063,3,19,78,0.263981046,"1"
2063,3,20,79,0.639352938,"1"
2063,3,21,80,0.666819174,"1"
2063,3,22,81,1.054398282,"1"
2063,3,23,82,1.64034465,"1"
2063,3,24,83,1.673914494,"1"
2063,3,25,84,1.719691554,"1"
2063,3,26,85,3.514152306,"1"
2063,3,27,86,5.08888317,"1"
2063,3,28,87,3.767452038,"1"
2063,3,29,88,3.83764353,"1"
2063,3,30,89,3.404287362,"1"
2063,3,31,90,4.026855378,"1"
2064,3,1,61,-4.792858182,"1"
2064,3,2,62,-4.710459474,"1"
2064,3,3,63,-4.502936802,"1"
2064,3,4,64,-3.495841482,"1"
2064,3,5,65,-2.519264202,"1"
2064,3,6,66,-2.06759721,"1"
2064,3,7,67,-1.615930218,"1"
2064,3,8,68,-1.753261398,"1"
2064,3,9,69,-1.408407546,"1"
2064,3,10,70,-1.414511154,"1"
2064,3,11,71,-2.699320638,"1"
2064,3,12,72,-2.57114487,"1"
2064,3,13,73,-3.401235558,"1"
2064,3,14,74,-2.57114487,"1"
2064,3,15,75,-0.11444265,"1"
2064,3,16,76,-0.047302962,"1"
2064,3,17,77,0.337224342,"1"
2064,3,18,78,0.437933874,"1"
2064,3,19,79,1.432821978,"1"
2064,3,20,80,1.664759082,"1"
2064,3,21,81,0.489814542,"1"
2064,3,22,82,-0.010681314,"1"
2064,3,23,83,-0.535591602,"1"
2064,3,24,84,0.52643619,"1"
2064,3,25,85,2.079804426,"1"
2064,3,26,86,2.882428878,"1"
2064,3,27,87,3.62401725,"1"
2064,3,28,88,2.476538946,"1"
2064,3,29,89,3.947508474,"1"
2064,3,30,90,4.78370277,"1"
2064,3,31,91,5.934232878,"1"
2065,3,1,60,-4.765391946,"1"
2065,3,2,61,-5.812160718,"1"
2065,3,3,62,-6.474402186,"1"
2065,3,4,63,-5.497824906,"1"
2065,3,5,64,-6.276034926,"1"
2065,3,6,65,-4.838635242,"1"
2065,3,7,66,-3.370717518,"1"
2065,3,8,67,-3.157091238,"1"
2065,3,9,68,-3.675897918,"1"
2065,3,10,69,-3.047226294,"1"
2065,3,11,70,-2.626077342,"1"
2065,3,12,71,-2.369725806,"1"
2065,3,13,72,-3.068588922,"1"
2065,3,14,73,-3.297474222,"1"
2065,3,15,74,-3.437857206,"1"
2065,3,16,75,-2.259860862,"1"
2065,3,17,76,-0.90791169,"1"
2065,3,18,77,0.141908886,"1"
2065,3,19,78,-0.019836726,"1"
2065,3,20,79,0.361638774,"1"
2065,3,21,80,0.52643619,"1"
2065,3,22,81,1.362630486,"1"
2065,3,23,82,1.985198502,"1"
2065,3,24,83,3.07469253,"1"
2065,3,25,84,2.406347454,"1"
2065,3,26,85,1.820401086,"1"
2065,3,27,86,2.751201306,"1"
2065,3,28,87,3.831539922,"1"
2065,3,29,88,3.187609278,"1"
2065,3,30,89,3.215075514,"1"
2065,3,31,90,3.535514934,"1"
2066,3,1,60,-6.11123751,"1"
2066,3,2,61,-6.083771274,"1"
2066,3,3,62,-5.293354038,"1"
2066,3,4,63,-5.983061742,"1"
2066,3,5,64,-6.059356842,"1"
2066,3,6,65,-6.352330026,"1"
2066,3,7,66,-5.168230074,"1"
2066,3,8,67,-3.660638898,"1"
2066,3,9,68,-3.675897918,"1"
2066,3,10,69,-3.370717518,"1"
2066,3,11,70,-3.31883685,"1"
2066,3,12,71,-3.324940458,"1"
2066,3,13,72,-4.246585266,"1"
2066,3,14,73,-3.785762862,"1"
2066,3,15,74,-3.404287362,"1"
2066,3,16,75,-1.387044918,"1"
2066,3,17,76,-2.137788702,"1"
2066,3,18,77,-1.847867322,"1"
2066,3,19,78,-0.981154986,"1"
2066,3,20,79,-0.703440822,"1"
2066,3,21,80,-0.578316858,"1"
2066,3,22,81,-0.49591815,"1"
2066,3,23,82,-0.29755089,"1"
2066,3,24,83,0.636301134,"1"
2066,3,25,84,1.18257405,"1"
2066,3,26,85,1.048294674,"1"
2066,3,27,86,0.782787726,"1"
2066,3,28,87,1.322957034,"1"
2066,3,29,88,1.509117078,"1"
2066,3,30,89,2.726786874,"1"
2066,3,31,90,3.239489946,"1"
2067,3,1,60,-6.382848066,"1"
2067,3,2,61,-6.480505794,"1"
2067,3,3,62,-6.69108027,"1"
2067,3,4,63,-6.376744458,"1"
2067,3,5,64,-5.28725043,"1"
2067,3,6,65,-3.981078318,"1"
2067,3,7,66,-3.749141214,"1"
2067,3,8,67,-4.405279074,"1"
2067,3,9,68,-3.916990434,"1"
2067,3,10,69,-4.023803574,"1"
2067,3,11,70,-4.21911903,"1"
2067,3,12,71,-3.001449234,"1"
2067,3,13,72,-3.355458498,"1"
2067,3,14,73,-3.077744334,"1"
2067,3,15,74,-2.928205938,"1"
2067,3,16,75,-2.149995918,"1"
2067,3,17,76,-0.898756278,"1"
2067,3,18,77,-1.509117078,"1"
2067,3,19,78,-1.41145935,"1"
2067,3,20,79,-0.944533338,"1"
2067,3,21,80,0.31280991,"1"
2067,3,22,81,1.002517614,"1"
2067,3,23,82,1.692225318,"1"
2067,3,24,83,1.725795162,"1"
2067,3,25,84,2.726786874,"1"
2067,3,26,85,2.162203134,"1"
2067,3,27,86,2.09811525,"1"
2067,3,28,87,2.44907271,"1"
2067,3,29,88,2.760356718,"1"
2067,3,30,89,2.467383534,"1"
2067,3,31,90,3.721674978,"1"
2068,3,1,61,-8.332950822,"1"
2068,3,2,62,-7.197679734,"1"
2068,3,3,63,-6.93522459,"1"
2068,3,4,64,-6.663614034,"1"
2068,3,5,65,-6.419469714,"1"
2068,3,6,66,-3.862057962,"1"
2068,3,7,67,-2.714579658,"1"
2068,3,8,68,-3.01365645,"1"
2068,3,9,69,-3.309681438,"1"
2068,3,10,70,-3.346303086,"1"
2068,3,11,71,-3.144884022,"1"
2068,3,12,72,-3.47142705,"1"
2068,3,13,73,-3.889524198,"1"
2068,3,14,74,-3.801021882,"1"
2068,3,15,75,-3.459219834,"1"
2068,3,16,76,-3.25780077,"1"
2068,3,17,77,-3.34935489,"1"
2068,3,18,78,-2.778667542,"1"
2068,3,19,79,-1.969939482,"1"
2068,3,20,80,-1.063553694,"1"
2068,3,21,81,-0.48065913,"1"
2068,3,22,82,-0.752269686,"1"
2068,3,23,83,0.202944966,"1"
2068,3,24,84,0.54169521,"1"
2068,3,25,85,0.517280778,"1"
2068,3,26,86,0.334172538,"1"
2068,3,27,87,1.524376098,"1"
2068,3,28,88,2.607766518,"1"
2068,3,29,89,2.049286386,"1"
2068,3,30,90,1.872281754,"1"
2068,3,31,91,2.949568566,"1"
2069,3,1,60,-6.037994214,"1"
2069,3,2,61,-6.504920226,"1"
2069,3,3,62,-6.025786998,"1"
2069,3,4,63,-4.887464106,"1"
2069,3,5,64,-5.238421566,"1"
2069,3,6,65,-5.726710206,"1"
2069,3,7,66,-5.11940121,"1"
2069,3,8,67,-5.619897066,"1"
2069,3,9,68,-5.366597334,"1"
2069,3,10,69,-4.57007649,"1"
2069,3,11,70,-4.655527002,"1"
2069,3,12,71,-5.94338829,"1"
2069,3,13,72,-5.387959962,"1"
2069,3,14,73,-4.32593217,"1"
2069,3,15,74,-4.560921078,"1"
2069,3,16,75,-3.60875823,"1"
2069,3,17,76,-3.114365982,"1"
2069,3,18,77,-2.64743997,"1"
2069,3,19,78,-2.543678634,"1"
2069,3,20,79,-2.644388166,"1"
2069,3,21,80,-1.10627895,"1"
2069,3,22,81,-0.178530534,"1"
2069,3,23,82,0.666819174,"1"
2069,3,24,83,2.41855467,"1"
2069,3,25,84,2.446020906,"1"
2069,3,26,85,1.484702646,"1"
2069,3,27,86,1.097123538,"1"
2069,3,28,87,1.451132802,"1"
2069,3,29,88,2.610818322,"1"
2069,3,30,89,2.98313841,"1"
2069,3,31,90,3.248645358,"1"
2070,3,1,60,-5.860989582,"1"
2070,3,2,61,-6.175325394,"1"
2070,3,3,62,-5.598534438,"1"
2070,3,4,63,-5.650415106,"1"
2070,3,5,64,-4.014648162,"1"
2070,3,6,65,-4.11230589,"1"
2070,3,7,66,-3.843747138,"1"
2070,3,8,67,-3.596551014,"1"
2070,3,9,68,-3.672846114,"1"
2070,3,10,69,-3.138780414,"1"
2070,3,11,70,-3.91393863,"1"
2070,3,12,71,-3.270007986,"1"
2070,3,13,72,-3.02891547,"1"
2070,3,14,73,-2.909895114,"1"
2070,3,15,74,-2.354466786,"1"
2070,3,16,75,-2.949568566,"1"
2070,3,17,76,-2.671854402,"1"
2070,3,18,77,-2.574196674,"1"
2070,3,19,78,-3.492789678,"1"
2070,3,20,79,-3.172350258,"1"
2070,3,21,80,-1.268024562,"1"
2070,3,22,81,0.001525902,"1"
2070,3,23,82,1.100175342,"1"
2070,3,24,83,2.070649014,"1"
2070,3,25,84,2.22018741,"1"
2070,3,26,85,2.18966937,"1"
2070,3,27,86,1.847867322,"1"
2070,3,28,87,1.606774806,"1"
2070,3,29,88,1.982146698,"1"
2070,3,30,89,3.007552842,"1"
2070,3,31,90,3.657587094,"1"
2071,3,1,60,-6.990157062,"1"
2071,3,2,61,-6.968794434,"1"
2071,3,3,62,-6.147859158,"1"
2071,3,4,63,-5.864041386,"1"
2071,3,5,64,-5.220110742,"1"
2071,3,6,65,-4.643319786,"1"
2071,3,7,66,-4.429693506,"1"
2071,3,8,67,-4.133668518,"1"
2071,3,9,68,-3.154039434,"1"
2071,3,10,69,-2.864118054,"1"
2071,3,11,70,-3.343251282,"1"
2071,3,12,71,-4.136720322,"1"
2071,3,13,72,-3.907835022,"1"
2071,3,14,73,-3.459219834,"1"
2071,3,15,74,-3.065537118,"1"
2071,3,16,75,-1.911955206,"1"
2071,3,17,76,-2.531471418,"1"
2071,3,18,77,-4.240481658,"1"
2071,3,19,78,-3.94445667,"1"
2071,3,20,79,-2.32700055,"1"
2071,3,21,80,-0.624093918,"1"
2071,3,22,81,-0.669870978,"1"
2071,3,23,82,-1.100175342,"1"
2071,3,24,83,0.294499086,"1"
2071,3,25,84,2.476538946,"1"
2071,3,26,85,2.928205938,"1"
2071,3,27,86,1.768520418,"1"
2071,3,28,87,1.74715779,"1"
2071,3,29,88,2.027923758,"1"
2071,3,30,89,1.725795162,"1"
2071,3,31,90,2.41855467,"1"
2072,3,1,61,-4.621957158,"1"
2072,3,2,62,-5.34828651,"1"
2072,3,3,63,-6.529334658,"1"
2072,3,4,64,-5.980009938,"1"
2072,3,5,65,-5.296405842,"1"
2072,3,6,66,-5.918973858,"1"
2072,3,7,67,-4.191652794,"1"
2072,3,8,68,-3.41039097,"1"
2072,3,9,69,-3.41039097,"1"
2072,3,10,70,-4.15808295,"1"
2072,3,11,71,-3.813229098,"1"
2072,3,12,72,-3.60875823,"1"
2072,3,13,73,-4.148927538,"1"
2072,3,14,74,-3.721674978,"1"
2072,3,15,75,-3.138780414,"1"
2072,3,16,76,-2.354466786,"1"
2072,3,17,77,-3.160143042,"1"
2072,3,18,78,-3.245593554,"1"
2072,3,19,79,-2.058441798,"1"
2072,3,20,80,-0.703440822,"1"
2072,3,21,81,0.370794186,"1"
2072,3,22,82,0.486762738,"1"
2072,3,23,83,0.51117717,"1"
2072,3,24,84,1.203936678,"1"
2072,3,25,85,1.341267858,"1"
2072,3,26,86,1.799038458,"1"
2072,3,27,87,1.972991286,"1"
2072,3,28,88,1.936369638,"1"
2072,3,29,89,2.278171686,"1"
2072,3,30,90,2.507056986,"1"
2072,3,31,91,2.76951213,"1"
2073,3,1,60,-5.259784194,"1"
2073,3,2,61,-4.023803574,"1"
2073,3,3,62,-4.557869274,"1"
2073,3,4,63,-5.601586242,"1"
2073,3,5,64,-4.512092214,"1"
2073,3,6,65,-3.978026514,"1"
2073,3,7,66,-3.904783218,"1"
2073,3,8,67,-3.541618542,"1"
2073,3,9,68,-3.30357783,"1"
2073,3,10,69,-3.880368786,"1"
2073,3,11,70,-4.496833194,"1"
2073,3,12,71,-3.941404866,"1"
2073,3,13,72,-3.764400234,"1"
2073,3,14,73,-2.99839743,"1"
2073,3,15,74,-0.517280778,"1"
2073,3,16,75,-0.468451914,"1"
2073,3,17,76,-1.005569418,"1"
2073,3,18,77,-1.588463982,"1"
2073,3,19,78,-1.200884874,"1"
2073,3,20,79,0.108339042,"1"
2073,3,21,80,0.682078194,"1"
2073,3,22,81,1.176470442,"1"
2073,3,23,82,2.043182778,"1"
2073,3,24,83,2.256809058,"1"
2073,3,25,84,0.92317071,"1"
2073,3,26,85,0.773632314,"1"
2073,3,27,86,1.295490798,"1"
2073,3,28,87,2.055389994,"1"
2073,3,29,88,3.422598186,"1"
2073,3,30,89,3.904783218,"1"
2073,3,31,90,4.05126981,"1"
2074,3,1,60,-4.911878538,"1"
2074,3,2,61,-5.314716666,"1"
2074,3,3,62,-6.63004419,"1"
2074,3,4,63,-6.440832342,"1"
2074,3,5,64,-5.77553907,"1"
2074,3,6,65,-5.140763838,"1"
2074,3,7,66,-3.95971569,"1"
2074,3,8,67,-4.292362326,"1"
2074,3,9,68,-4.133668518,"1"
2074,3,10,69,-4.136720322,"1"
2074,3,11,70,-2.900739702,"1"
2074,3,12,71,-2.024871954,"1"
2074,3,13,72,-2.69321703,"1"
2074,3,14,73,-2.317845138,"1"
2074,3,15,74,-2.293430706,"1"
2074,3,16,75,-1.850919126,"1"
2074,3,17,76,-1.881437166,"1"
2074,3,18,77,-1.985198502,"1"
2074,3,19,78,-1.329060642,"1"
2074,3,20,79,-0.901808082,"1"
2074,3,21,80,-0.901808082,"1"
2074,3,22,81,-0.74006247,"1"
2074,3,23,82,0.971999574,"1"
2074,3,24,83,2.848859034,"1"
2074,3,25,84,2.99839743,"1"
2074,3,26,85,3.327992262,"1"
2074,3,27,86,3.306629634,"1"
2074,3,28,87,3.538566738,"1"
2074,3,29,88,3.691156938,"1"
2074,3,30,89,3.767452038,"1"
2074,3,31,90,3.755244822,"1"
2075,3,1,60,-5.864041386,"1"
2075,3,2,61,-6.29434575,"1"
2075,3,3,62,-5.412374394,"1"
2075,3,4,63,-4.686045042,"1"
2075,3,5,64,-5.375752746,"1"
2075,3,6,65,-5.63820789,"1"
2075,3,7,66,-5.879300406,"1"
2075,3,8,67,-4.426641702,"1"
2075,3,9,68,-2.89158429,"1"
2075,3,10,69,-2.330052354,"1"
2075,3,11,70,-3.627069054,"1"
2075,3,12,71,-4.106202282,"1"
2075,3,13,72,-3.187609278,"1"
2075,3,14,73,-3.022811862,"1"
2075,3,15,74,-3.126573198,"1"
2075,3,16,75,-2.742045894,"1"
2075,3,17,76,-2.192721174,"1"
2075,3,18,77,-1.237506522,"1"
2075,3,19,78,-0.462348306,"1"
2075,3,20,79,-0.822461178,"1"
2075,3,21,80,-0.538643406,"1"
2075,3,22,81,-0.431830266,"1"
2075,3,23,82,0.035095746,"1"
2075,3,24,83,0.379949598,"1"
2075,3,25,84,0.22125579,"1"
2075,3,26,85,0.437933874,"1"
2075,3,27,86,1.063553694,"1"
2075,3,28,87,1.789883046,"1"
2075,3,29,88,3.025863666,"1"
2075,3,30,89,2.790874758,"1"
2075,3,31,90,4.213015422,"1"
2076,3,1,61,-6.85892949,"1"
2076,3,2,62,-5.506980318,"1"
2076,3,3,63,-5.006484462,"1"
2076,3,4,64,-3.968871102,"1"
2076,3,5,65,-4.029907182,"1"
2076,3,6,66,-4.50904041,"1"
2076,3,7,67,-4.716563082,"1"
2076,3,8,68,-5.22621435,"1"
2076,3,9,69,-4.255740678,"1"
2076,3,10,70,-3.544670346,"1"
2076,3,11,71,-3.691156938,"1"
2076,3,12,72,-2.549782242,"1"
2076,3,13,73,-2.516212398,"1"
2076,3,14,74,-2.882428878,"1"
2076,3,15,75,-2.598611106,"1"
2076,3,16,76,-1.698328926,"1"
2076,3,17,77,-0.712596234,"1"
2076,3,18,78,-0.996414006,"1"
2076,3,19,79,-1.225299306,"1"
2076,3,20,80,-1.100175342,"1"
2076,3,21,81,-0.321965322,"1"
2076,3,22,82,0.703440822,"1"
2076,3,23,83,0.69428541,"1"
2076,3,24,84,1.438925586,"1"
2076,3,25,85,2.29648251,"1"
2076,3,26,86,1.026932046,"1"
2076,3,27,87,1.82345289,"1"
2076,3,28,88,1.347371466,"1"
2076,3,29,89,1.765468614,"1"
2076,3,30,90,2.302586118,"1"
2076,3,31,91,3.97497471,"1"
2077,3,1,60,-6.166169982,"1"
2077,3,2,61,-6.395055282,"1"
2077,3,3,62,-6.346226418,"1"
2077,3,4,63,-5.92812927,"1"
2077,3,5,64,-5.650415106,"1"
2077,3,6,65,-5.189592702,"1"
2077,3,7,66,-3.865109766,"1"
2077,3,8,67,-2.137788702,"1"
2077,3,9,68,-2.513160594,"1"
2077,3,10,69,-2.040130974,"1"
2077,3,11,70,-2.781719346,"1"
2077,3,12,71,-3.001449234,"1"
2077,3,13,72,-3.022811862,"1"
2077,3,14,73,-2.803081974,"1"
2077,3,15,74,-2.80003017,"1"
2077,3,16,75,-2.75425311,"1"
2077,3,17,76,-2.595559302,"1"
2077,3,18,77,-2.867169858,"1"
2077,3,19,78,-1.832608302,"1"
2077,3,20,79,-1.005569418,"1"
2077,3,21,80,-0.279240066,"1"
2077,3,22,81,-0.025940334,"1"
2077,3,23,82,0.184634142,"1"
2077,3,24,83,0.962844162,"1"
2077,3,25,84,2.595559302,"1"
2077,3,26,85,1.939421442,"1"
2077,3,27,86,0.822461178,"1"
2077,3,28,87,0.941481534,"1"
2077,3,29,88,1.179522246,"1"
2077,3,30,89,2.32700055,"1"
2077,3,31,90,2.269016274,"1"
2078,3,1,60,-6.483557598,"1"
2078,3,2,61,-7.740900846,"1"
2078,3,3,62,-6.709391094,"1"
2078,3,4,63,-5.57717181,"1"
2078,3,5,64,-5.708399382,"1"
2078,3,6,65,-5.54665377,"1"
2078,3,7,66,-5.626000674,"1"
2078,3,8,67,-5.049209718,"1"
2078,3,9,68,-4.35645021,"1"
2078,3,10,69,-4.011596358,"1"
2078,3,11,70,-4.52429943,"1"
2078,3,12,71,-4.277103306,"1"
2078,3,13,72,-3.79186647,"1"
2078,3,14,73,-2.104218858,"1"
2078,3,15,74,-1.85397093,"1"
2078,3,16,75,-2.153047722,"1"
2078,3,17,76,-2.030975562,"1"
2078,3,18,77,-1.057450086,"1"
2078,3,19,78,-2.015716542,"1"
2078,3,20,79,-1.844815518,"1"
2078,3,21,80,-2.446020906,"1"
2078,3,22,81,-0.798046746,"1"
2078,3,23,82,0.32806893,"1"
2078,3,24,83,1.45723641,"1"
2078,3,25,84,2.787822954,"1"
2078,3,26,85,2.384984826,"1"
2078,3,27,86,1.86922995,"1"
2078,3,28,87,2.656595382,"1"
2078,3,29,88,2.610818322,"1"
2078,3,30,89,2.64743997,"1"
2078,3,31,90,4.292362326,"1"
2079,3,1,60,-7.997252382,"1"
2079,3,2,61,-8.26275933,"1"
2079,3,3,62,-8.067443874,"1"
2079,3,4,63,-6.727701918,"1"
2079,3,5,64,-5.085831366,"1"
2079,3,6,65,-3.862057962,"1"
2079,3,7,66,-3.221179122,"1"
2079,3,8,67,-2.980086606,"1"
2079,3,9,68,-3.743037606,"1"
2079,3,10,69,-3.230334534,"1"
2079,3,11,70,-2.75425311,"1"
2079,3,12,71,-2.592507498,"1"
2079,3,13,72,-4.008544554,"1"
2079,3,14,73,-3.855954354,"1"
2079,3,15,74,-2.211031998,"1"
2079,3,16,75,-1.133745186,"1"
2079,3,17,76,-1.31990523,"1"
2079,3,18,77,-1.377889506,"1"
2079,3,19,78,-1.417562958,"1"
2079,3,20,79,-0.166323318,"1"
2079,3,21,80,0.593575878,"1"
2079,3,22,81,0.440985678,"1"
2079,3,23,82,0.584420466,"1"
2079,3,24,83,1.646448258,"1"
2079,3,25,84,1.603723002,"1"
2079,3,26,85,2.369725806,"1"
2079,3,27,86,3.675897918,"1"
2079,3,28,87,3.91393863,"1"
2079,3,29,88,2.973982998,"1"
2079,3,30,89,2.790874758,"1"
2079,3,31,90,2.165254938,"1"
2080,3,1,61,-4.637216178,"1"
2080,3,2,62,-5.223162546,"1"
2080,3,3,63,-6.382848066,"1"
2080,3,4,64,-5.674829538,"1"
2080,3,5,65,-4.353398406,"1"
2080,3,6,66,-3.025863666,"1"
2080,3,7,67,-4.115357694,"1"
2080,3,8,68,-5.94338829,"1"
2080,3,9,69,-6.184480806,"1"
2080,3,10,70,-4.805065398,"1"
2080,3,11,71,-3.678949722,"1"
2080,3,12,72,-3.157091238,"1"
2080,3,13,73,-3.34935489,"1"
2080,3,14,74,-2.940413154,"1"
2080,3,15,75,-2.299534314,"1"
2080,3,16,76,-3.123521394,"1"
2080,3,17,77,-1.649500062,"1"
2080,3,18,78,0.163271514,"1"
2080,3,19,79,-0.547798818,"1"
2080,3,20,80,-2.14389231,"1"
2080,3,21,81,-2.05233819,"1"
2080,3,22,82,-1.478599038,"1"
2080,3,23,83,0.001525902,"1"
2080,3,24,84,0.715648038,"1"
2080,3,25,85,0.462348306,"1"
2080,3,26,86,0.672922782,"1"
2080,3,27,87,0.874341846,"1"
2080,3,28,88,0.834668394,"1"
2080,3,29,89,1.277179974,"1"
2080,3,30,90,2.696268834,"1"
2080,3,31,91,1.896696186,"1"
2081,3,1,60,-6.327915594,"1"
2081,3,2,61,-7.533378174,"1"
2081,3,3,62,-7.341114522,"1"
2081,3,4,63,-7.542533586,"1"
2081,3,5,64,-8.757151578,"1"
2081,3,6,65,-7.783626102,"1"
2081,3,7,66,-6.46219497,"1"
2081,3,8,67,-6.364537242,"1"
2081,3,9,68,-4.960707402,"1"
2081,3,10,69,-3.498893286,"1"
2081,3,11,70,-2.873273466,"1"
2081,3,12,71,-2.397192042,"1"
2081,3,13,72,-3.126573198,"1"
2081,3,14,73,-2.986190214,"1"
2081,3,15,74,-2.806133778,"1"
2081,3,16,75,-1.377889506,"1"
2081,3,17,76,-0.99946581,"1"
2081,3,18,77,-0.547798818,"1"
2081,3,19,78,-0.105287238,"1"
2081,3,20,79,-0.294499086,"1"
2081,3,21,80,0.517280778,"1"
2081,3,22,81,1.62508563,"1"
2081,3,23,82,1.188677658,"1"
2081,3,24,83,1.527427902,"1"
2081,3,25,84,1.206988482,"1"
2081,3,26,85,-0.364690578,"1"
2081,3,27,86,0.132753474,"1"
2081,3,28,87,1.560997746,"1"
2081,3,29,88,1.820401086,"1"
2081,3,30,89,1.789883046,"1"
2081,3,31,90,1.741054182,"1"
2082,3,1,60,-5.949491898,"1"
2082,3,2,61,-5.900663034,"1"
2082,3,3,62,-5.50087671,"1"
2082,3,4,63,-4.92103395,"1"
2082,3,5,64,-4.502936802,"1"
2082,3,6,65,-3.50194509,"1"
2082,3,7,66,-3.041122686,"1"
2082,3,8,67,-2.177462154,"1"
2082,3,9,68,-2.824444602,"1"
2082,3,10,69,-2.214083802,"1"
2082,3,11,70,-2.15915133,"1"
2082,3,12,71,-3.62401725,"1"
2082,3,13,72,-3.233386338,"1"
2082,3,14,73,-2.424658278,"1"
2082,3,15,74,-2.256809058,"1"
2082,3,16,75,-2.119477878,"1"
2082,3,17,76,-2.207980194,"1"
2082,3,18,77,-2.095063446,"1"
2082,3,19,78,-2.095063446,"1"
2082,3,20,79,-2.061493602,"1"
2082,3,21,80,-0.868238238,"1"
2082,3,22,81,0.666819174,"1"
2082,3,23,82,0.193789554,"1"
2082,3,24,83,0.38910501,"1"
2082,3,25,84,0.498969954,"1"
2082,3,26,85,1.164263226,"1"
2082,3,27,86,1.957732266,"1"
2082,3,28,87,1.875333558,"1"
2082,3,29,88,2.391088434,"1"
2082,3,30,89,2.995345626,"1"
2082,3,31,90,3.947508474,"1"
2083,3,1,60,-5.778590874,"1"
2083,3,2,61,-4.130616714,"1"
2083,3,3,62,-3.816280902,"1"
2083,3,4,63,-3.758296626,"1"
2083,3,5,64,-4.380864642,"1"
2083,3,6,65,-4.441900722,"1"
2083,3,7,66,-4.396123662,"1"
2083,3,8,67,-4.98207003,"1"
2083,3,9,68,-4.31067315,"1"
2083,3,10,69,-3.733882194,"1"
2083,3,11,70,-3.37987293,"1"
2083,3,12,71,-3.810177294,"1"
2083,3,13,72,-2.760356718,"1"
2083,3,14,73,-1.83871191,"1"
2083,3,15,74,-1.637292846,"1"
2083,3,16,75,-1.127641578,"1"
2083,3,17,76,-1.252765542,"1"
2083,3,18,77,-1.115434362,"1"
2083,3,19,78,-0.263981046,"1"
2083,3,20,79,0.691233606,"1"
2083,3,21,80,0.788891334,"1"
2083,3,22,81,-0.593575878,"1"
2083,3,23,82,-0.746166078,"1"
2083,3,24,83,0.096131826,"1"
2083,3,25,84,0.981154986,"1"
2083,3,26,85,1.084916322,"1"
2083,3,27,86,1.82345289,"1"
2083,3,28,87,1.811245674,"1"
2083,3,29,88,1.53353151,"1"
2083,3,30,89,2.333104158,"1"
2083,3,31,90,2.626077342,"1"
2084,3,1,61,-6.236361474,"1"
2084,3,2,62,-6.06546045,"1"
2084,3,3,63,-5.506980318,"1"
2084,3,4,64,-4.03601079,"1"
2084,3,5,65,-3.477530658,"1"
2084,3,6,66,-3.855954354,"1"
2084,3,7,67,-5.644311498,"1"
2084,3,8,68,-6.211947042,"1"
2084,3,9,69,-5.430685218,"1"
2084,3,10,70,-3.965819298,"1"
2084,3,11,71,-2.818340994,"1"
2084,3,12,72,-3.453116226,"1"
2084,3,13,73,-3.24254175,"1"
2084,3,14,74,-2.534523222,"1"
2084,3,15,75,-3.327992262,"1"
2084,3,16,76,-2.60166291,"1"
2084,3,17,77,-2.140840506,"1"
2084,3,18,78,-1.264972758,"1"
2084,3,19,79,-0.828564786,"1"
2084,3,20,80,-0.00762951,"1"
2084,3,21,81,0.72480345,"1"
2084,3,22,82,1.170366834,"1"
2084,3,23,83,0.86213463,"1"
2084,3,24,84,1.161211422,"1"
2084,3,25,85,2.253757254,"1"
2084,3,26,86,2.543678634,"1"
2084,3,27,87,3.935301258,"1"
2084,3,28,88,5.299457646,"1"
2084,3,29,89,4.55481747,"1"
2084,3,30,90,4.820324418,"1"
2084,3,31,91,5.168230074,"1"
2085,3,1,60,-6.15701457,"1"
2085,3,2,61,-5.24147337,"1"
2085,3,3,62,-5.220110742,"1"
2085,3,4,63,-6.153962766,"1"
2085,3,5,64,-6.78263439,"1"
2085,3,6,65,-5.915922054,"1"
2085,3,7,66,-6.181429002,"1"
2085,3,8,67,-6.712442898,"1"
2085,3,9,68,-5.662622322,"1"
2085,3,10,69,-5.19569631,"1"
2085,3,11,70,-5.015639874,"1"
2085,3,12,71,-4.090943262,"1"
2085,3,13,72,-3.422598186,"1"
2085,3,14,73,-2.989242018,"1"
2085,3,15,74,-0.486762738,"1"
2085,3,16,75,0.126649866,"1"
2085,3,17,76,0.138857082,"1"
2085,3,18,77,-0.621042114,"1"
2085,3,19,78,-0.746166078,"1"
2085,3,20,79,-0.498969954,"1"
2085,3,21,80,0.993362202,"1"
2085,3,22,81,0.43488207,"1"
2085,3,23,82,0.996414006,"1"
2085,3,24,83,2.15915133,"1"
2085,3,25,84,2.552834046,"1"
2085,3,26,85,2.671854402,"1"
2085,3,27,86,3.474478854,"1"
2085,3,28,87,2.858014446,"1"
2085,3,29,88,1.948576854,"1"
2085,3,30,89,2.507056986,"1"
2085,3,31,90,2.186617566,"1"
2086,3,1,60,-6.605629758,"1"
2086,3,2,61,-6.66056223,"1"
2086,3,3,62,-5.983061742,"1"
2086,3,4,63,-4.98207003,"1"
2086,3,5,64,-4.118409498,"1"
2086,3,6,65,-4.133668518,"1"
2086,3,7,66,-5.049209718,"1"
2086,3,8,67,-5.549705574,"1"
2086,3,9,68,-5.19569631,"1"
2086,3,10,69,-4.811169006,"1"
2086,3,11,70,-5.528342946,"1"
2086,3,12,71,-4.38696825,"1"
2086,3,13,72,-3.712519566,"1"
2086,3,14,73,-3.093003354,"1"
2086,3,15,74,-3.08995155,"1"
2086,3,16,75,-1.615930218,"1"
2086,3,17,76,0.654611958,"1"
2086,3,18,77,1.22835111,"1"
2086,3,19,78,1.149004206,"1"
2086,3,20,79,1.332112446,"1"
2086,3,21,80,0.141908886,"1"
2086,3,22,81,1.756313202,"1"
2086,3,23,82,1.432821978,"1"
2086,3,24,83,0.49591815,"1"
2086,3,25,84,1.475547234,"1"
2086,3,26,85,1.725795162,"1"
2086,3,27,86,0.868238238,"1"
2086,3,28,87,1.454184606,"1"
2086,3,29,88,2.687113422,"1"
2086,3,30,89,2.604714714,"1"
2086,3,31,90,2.86106625,"1"
2087,3,1,60,-5.693140362,"1"
2087,3,2,61,-6.196688022,"1"
2087,3,3,62,-5.198748114,"1"
2087,3,4,63,-3.743037606,"1"
2087,3,5,64,-2.915998722,"1"
2087,3,6,65,-4.032958986,"1"
2087,3,7,66,-5.525291142,"1"
2087,3,8,67,-4.618905354,"1"
2087,3,9,68,-4.490729586,"1"
2087,3,10,69,-5.671777734,"1"
2087,3,11,70,-7.28618205,"1"
2087,3,12,71,-6.489661206,"1"
2087,3,13,72,-5.37880455,"1"
2087,3,14,73,-4.176393774,"1"
2087,3,15,74,-2.95262037,"1"
2087,3,16,75,-2.671854402,"1"
2087,3,17,76,-2.412451062,"1"
2087,3,18,77,-1.417562958,"1"
2087,3,19,78,-1.173418638,"1"
2087,3,20,79,-0.505073562,"1"
2087,3,21,80,-1.066605498,"1"
2087,3,22,81,-2.561989458,"1"
2087,3,23,82,-2.427710082,"1"
2087,3,24,83,-2.369725806,"1"
2087,3,25,84,-0.767528706,"1"
2087,3,26,85,0.914015298,"1"
2087,3,27,86,1.530479706,"1"
2087,3,28,87,2.262912666,"1"
2087,3,29,88,2.360570394,"1"
2087,3,30,89,3.706415958,"1"
2087,3,31,90,4.396123662,"1"
2088,3,1,61,-5.931181074,"1"
2088,3,2,62,-5.360493726,"1"
2088,3,3,63,-4.548713862,"1"
2088,3,4,64,-4.344242994,"1"
2088,3,5,65,-4.109254086,"1"
2088,3,6,66,-5.778590874,"1"
2088,3,7,67,-6.648355014,"1"
2088,3,8,68,-6.56900811,"1"
2088,3,9,69,-6.221102454,"1"
2088,3,10,70,-4.167238362,"1"
2088,3,11,71,-3.569084778,"1"
2088,3,12,72,-4.145875734,"1"
2088,3,13,73,-4.237429854,"1"
2088,3,14,74,-4.438848918,"1"
2088,3,15,75,-4.499884998,"1"
2088,3,16,76,-4.148927538,"1"
2088,3,17,77,-2.650491774,"1"
2088,3,18,78,-0.477607326,"1"
2088,3,19,79,0.529487994,"1"
2088,3,20,80,0.752269686,"1"
2088,3,21,81,0.996414006,"1"
2088,3,22,82,1.25886915,"1"
2088,3,23,83,1.664759082,"1"
2088,3,24,84,1.539635118,"1"
2088,3,25,85,2.293430706,"1"
2088,3,26,86,2.302586118,"1"
2088,3,27,87,2.348363178,"1"
2088,3,28,88,2.156099526,"1"
2088,3,29,89,2.790874758,"1"
2088,3,30,90,3.89867961,"1"
2088,3,31,91,3.675897918,"1"
2089,3,1,60,-5.906766642,"1"
2089,3,2,61,-4.744029318,"1"
2089,3,3,62,-4.808117202,"1"
2089,3,4,63,-5.372700942,"1"
2089,3,5,64,-4.689096846,"1"
2089,3,6,65,-4.594490922,"1"
2089,3,7,66,-4.972914618,"1"
2089,3,8,67,-6.083771274,"1"
2089,3,9,68,-5.540550162,"1"
2089,3,10,69,-5.28725043,"1"
2089,3,11,70,-5.33302749,"1"
2089,3,12,71,-4.994277246,"1"
2089,3,13,72,-4.902723126,"1"
2089,3,14,73,-4.87525689,"1"
2089,3,15,74,-3.590447406,"1"
2089,3,16,75,-3.99023373,"1"
2089,3,17,76,-4.637216178,"1"
2089,3,18,77,-2.943464958,"1"
2089,3,19,78,-1.149004206,"1"
2089,3,20,79,-0.40436403,"1"
2089,3,21,80,-0.566109642,"1"
2089,3,22,81,-0.700389018,"1"
2089,3,23,82,-1.145952402,"1"
2089,3,24,83,-0.178530534,"1"
2089,3,25,84,0.947585142,"1"
2089,3,26,85,1.451132802,"1"
2089,3,27,86,1.948576854,"1"
2089,3,28,87,2.272068078,"1"
2089,3,29,88,3.172350258,"1"
2089,3,30,89,3.434805402,"1"
2089,3,31,90,3.923094042,"1"
2090,3,1,60,-5.128556622,"1"
2090,3,2,61,-5.857937778,"1"
2090,3,3,62,-6.907758354,"1"
2090,3,4,63,-7.37773617,"1"
2090,3,5,64,-5.888455818,"1"
2090,3,6,65,-5.159074662,"1"
2090,3,7,66,-5.07362415,"1"
2090,3,8,67,-5.122453014,"1"
2090,3,9,68,-4.72266669,"1"
2090,3,10,69,-5.101090386,"1"
2090,3,11,70,-4.52429943,"1"
2090,3,12,71,-3.86816157,"1"
2090,3,13,72,-3.712519566,"1"
2090,3,14,73,-3.184557474,"1"
2090,3,15,74,-2.992293822,"1"
2090,3,16,75,-2.415502866,"1"
2090,3,17,76,-3.889524198,"1"
2090,3,18,77,-3.825436314,"1"
2090,3,19,78,-2.909895114,"1"
2090,3,20,79,-2.534523222,"1"
2090,3,21,80,-1.283283582,"1"
2090,3,22,81,-0.096131826,"1"
2090,3,23,82,0.440985678,"1"
2090,3,24,83,1.081864518,"1"
2090,3,25,84,1.44197739,"1"
2090,3,26,85,0.685129998,"1"
2090,3,27,86,1.176470442,"1"
2090,3,28,87,2.186617566,"1"
2090,3,29,88,3.358510302,"1"
2090,3,30,89,3.74608941,"1"
2090,3,31,90,3.080796138,"1"
2091,3,1,60,-5.870144994,"1"
2091,3,2,61,-6.031890606,"1"
2091,3,3,62,-6.147859158,"1"
2091,3,4,63,-5.22621435,"1"
2091,3,5,64,-5.647363302,"1"
2091,3,6,65,-6.974898042,"1"
2091,3,7,66,-5.54665377,"1"
2091,3,8,67,-4.780650966,"1"
2091,3,9,68,-3.910886826,"1"
2091,3,10,69,-3.230334534,"1"
2091,3,11,70,-3.291370614,"1"
2091,3,12,71,-3.13572861,"1"
2091,3,13,72,-2.229342822,"1"
2091,3,14,73,-3.047226294,"1"
2091,3,15,74,-2.72373507,"1"
2091,3,16,75,-3.636224466,"1"
2091,3,17,76,-3.077744334,"1"
2091,3,18,77,-1.606774806,"1"
2091,3,19,78,-1.857022734,"1"
2091,3,20,79,-1.91500701,"1"
2091,3,21,80,-1.155107814,"1"
2091,3,22,81,-1.19783307,"1"
2091,3,23,82,-0.459296502,"1"
2091,3,24,83,0.46540011,"1"
2091,3,25,84,0.874341846,"1"
2091,3,26,85,2.034027366,"1"
2091,3,27,86,2.046234582,"1"
2091,3,28,87,1.387044918,"1"
2091,3,29,88,0.761425098,"1"
2091,3,30,89,2.015716542,"1"
2091,3,31,90,2.656595382,"1"
2092,3,1,61,-5.659570518,"1"
2092,3,2,62,-6.208895238,"1"
2092,3,3,63,-6.456091362,"1"
2092,3,4,64,-6.083771274,"1"
2092,3,5,65,-5.51613573,"1"
2092,3,6,66,-6.413366106,"1"
2092,3,7,67,-5.079727758,"1"
2092,3,8,68,-4.197756402,"1"
2092,3,9,69,-2.653543578,"1"
2092,3,10,70,-2.699320638,"1"
2092,3,11,71,-2.366674002,"1"
2092,3,12,72,-2.66269899,"1"
2092,3,13,73,-2.745097698,"1"
2092,3,14,74,-1.997405718,"1"
2092,3,15,75,-1.429770174,"1"
2092,3,16,76,-0.859082826,"1"
2092,3,17,77,-1.59456759,"1"
2092,3,18,78,-1.130693382,"1"
2092,3,19,79,-0.675974586,"1"
2092,3,20,80,-1.081864518,"1"
2092,3,21,81,-0.733958862,"1"
2092,3,22,82,-0.74006247,"1"
2092,3,23,83,0.54169521,"1"
2092,3,24,84,1.710536142,"1"
2092,3,25,85,1.582360374,"1"
2092,3,26,86,1.744105986,"1"
2092,3,27,87,2.446020906,"1"
2092,3,28,88,1.982146698,"1"
2092,3,29,89,2.781719346,"1"
2092,3,30,90,3.901731414,"1"
2092,3,31,91,4.368657426,"1"
2093,3,1,60,-7.994200578,"1"
2093,3,2,61,-7.878232026,"1"
2093,3,3,62,-7.86602481,"1"
2093,3,4,63,-7.502860134,"1"
2093,3,5,64,-6.092926686,"1"
2093,3,6,65,-4.182497382,"1"
2093,3,7,66,-3.538566738,"1"
2093,3,8,67,-2.992293822,"1"
2093,3,9,68,-2.217135606,"1"
2093,3,10,69,-2.186617566,"1"
2093,3,11,70,-3.413442774,"1"
2093,3,12,71,-3.245593554,"1"
2093,3,13,72,-2.72373507,"1"
2093,3,14,73,-2.156099526,"1"
2093,3,15,74,-2.381933022,"1"
2093,3,16,75,-3.367665714,"1"
2093,3,17,76,-2.165254938,"1"
2093,3,18,77,-1.753261398,"1"
2093,3,19,78,-1.176470442,"1"
2093,3,20,79,-1.069657302,"1"
2093,3,21,80,-0.148012494,"1"
2093,3,22,81,0.273136458,"1"
2093,3,23,82,-0.517280778,"1"
2093,3,24,83,-0.743114274,"1"
2093,3,25,84,-0.16021971,"1"
2093,3,26,85,0.807202158,"1"
2093,3,27,86,2.17441035,"1"
2093,3,28,87,2.903791506,"1"
2093,3,29,88,3.398183754,"1"
2093,3,30,89,3.694208742,"1"
2093,3,31,90,3.569084778,"1"
2094,3,1,60,-6.028838802,"1"
2094,3,2,61,-5.68398495,"1"
2094,3,3,62,-4.597542726,"1"
2094,3,4,63,-3.999389142,"1"
2094,3,5,64,-3.080796138,"1"
2094,3,6,65,-2.47959075,"1"
2094,3,7,66,-1.786831242,"1"
2094,3,8,67,-3.447012618,"1"
2094,3,9,68,-4.298465934,"1"
2094,3,10,69,-3.932249454,"1"
2094,3,11,70,-4.222170834,"1"
2094,3,12,71,-3.169298454,"1"
2094,3,13,72,-2.226291018,"1"
2094,3,14,73,-2.72373507,"1"
2094,3,15,74,-2.446020906,"1"
2094,3,16,75,-1.67086269,"1"
2094,3,17,76,-0.926222514,"1"
2094,3,18,77,-0.67902639,"1"
2094,3,19,78,-1.341267858,"1"
2094,3,20,79,-1.04524287,"1"
2094,3,21,80,-0.865186434,"1"
2094,3,22,81,-0.00762951,"1"
2094,3,23,82,1.93026603,"1"
2094,3,24,83,2.86106625,"1"
2094,3,25,84,2.317845138,"1"
2094,3,26,85,1.051346478,"1"
2094,3,27,86,1.18257405,"1"
2094,3,28,87,1.741054182,"1"
2094,3,29,88,2.943464958,"1"
2094,3,30,89,3.620965446,"1"
2094,3,31,90,3.88342059,"1"
2095,3,1,60,-7.59136245,"1"
2095,3,2,61,-8.387883294,"1"
2095,3,3,62,-8.12542815,"1"
2095,3,4,63,-6.422521518,"1"
2095,3,5,64,-5.244525174,"1"
2095,3,6,65,-4.069580634,"1"
2095,3,7,66,-4.258792482,"1"
2095,3,8,67,-3.782711058,"1"
2095,3,9,68,-3.816280902,"1"
2095,3,10,69,-4.499884998,"1"
2095,3,11,70,-3.840695334,"1"
2095,3,12,71,-3.788814666,"1"
2095,3,13,72,-3.08995155,"1"
2095,3,14,73,-2.64743997,"1"
2095,3,15,74,-2.217135606,"1"
2095,3,16,75,-2.003509326,"1"
2095,3,17,76,-1.118486166,"1"
2095,3,18,77,-0.834668394,"1"
2095,3,19,78,-0.788891334,"1"
2095,3,20,79,-1.783779438,"1"
2095,3,21,80,-1.448080998,"1"
2095,3,22,81,-0.834668394,"1"
2095,3,23,82,-0.688181802,"1"
2095,3,24,83,-0.25177383,"1"
2095,3,25,84,0.569161446,"1"
2095,3,26,85,1.573204962,"1"
2095,3,27,86,2.101167054,"1"
2095,3,28,87,2.461279926,"1"
2095,3,29,88,2.72373507,"1"
2095,3,30,89,2.742045894,"1"
2095,3,31,90,2.37277761,"1"
2096,3,1,61,-4.902723126,"1"
2096,3,2,62,-3.752193018,"1"
2096,3,3,63,-3.462271638,"1"
2096,3,4,64,-2.909895114,"1"
2096,3,5,65,-2.885480682,"1"
2096,3,6,66,-3.321888654,"1"
2096,3,7,67,-1.963835874,"1"
2096,3,8,68,-1.908903402,"1"
2096,3,9,69,-4.313724954,"1"
2096,3,10,70,-3.327992262,"1"
2096,3,11,71,-2.214083802,"1"
2096,3,12,72,-2.424658278,"1"
2096,3,13,73,-2.516212398,"1"
2096,3,14,74,-3.849850746,"1"
2096,3,15,75,-3.144884022,"1"
2096,3,16,76,-3.312733242,"1"
2096,3,17,77,-1.768520418,"1"
2096,3,18,78,-0.257877438,"1"
2096,3,19,79,-0.413519442,"1"
2096,3,20,80,-0.227359398,"1"
2096,3,21,81,0.996414006,"1"
2096,3,22,82,0.971999574,"1"
2096,3,23,83,0.483710934,"1"
2096,3,24,84,1.924162422,"1"
2096,3,25,85,1.42671837,"1"
2096,3,26,86,2.095063446,"1"
2096,3,27,87,2.537575026,"1"
2096,3,28,88,2.52536781,"1"
2096,3,29,89,2.15915133,"1"
2096,3,30,90,1.86922995,"1"
2096,3,31,91,3.862057962,"1"
2097,3,1,60,-5.473410474,"1"
2097,3,2,61,-5.92812927,"1"
2097,3,3,62,-5.278095018,"1"
2097,3,4,63,-5.91287025,"1"
2097,3,5,64,-5.564964594,"1"
2097,3,6,65,-5.189592702,"1"
2097,3,7,66,-4.774547358,"1"
2097,3,8,67,-4.560921078,"1"
2097,3,9,68,-4.292362326,"1"
2097,3,10,69,-3.065537118,"1"
2097,3,11,70,-1.83871191,"1"
2097,3,12,71,-2.537575026,"1"
2097,3,13,72,-3.30357783,"1"
2097,3,14,73,-3.782711058,"1"
2097,3,15,74,-1.646448258,"1"
2097,3,16,75,-0.184634142,"1"
2097,3,17,76,0.135805278,"1"
2097,3,18,77,0.08392461,"1"
2097,3,19,78,-0.187685946,"1"
2097,3,20,79,-0.642404742,"1"
2097,3,21,80,0.746166078,"1"
2097,3,22,81,0.990310398,"1"
2097,3,23,82,1.255817346,"1"
2097,3,24,83,1.93026603,"1"
2097,3,25,84,2.18966937,"1"
2097,3,26,85,1.744105986,"1"
2097,3,27,86,0.575265054,"1"
2097,3,28,87,1.805142066,"1"
2097,3,29,88,3.297474222,"1"
2097,3,30,89,4.399175466,"1"
2097,3,31,90,4.21911903,"1"
2098,3,1,60,-7.634087706,"1"
2098,3,2,61,-8.699167302,"1"
2098,3,3,62,-8.043029442,"1"
2098,3,4,63,-6.062408646,"1"
2098,3,5,64,-6.269931318,"1"
2098,3,6,65,-6.01968339,"1"
2098,3,7,66,-6.663614034,"1"
2098,3,8,67,-6.12649653,"1"
2098,3,9,68,-5.406270786,"1"
2098,3,10,69,-4.582283706,"1"
2098,3,11,70,-5.278095018,"1"
2098,3,12,71,-4.740977514,"1"
2098,3,13,72,-4.191652794,"1"
2098,3,14,73,-2.107270662,"1"
2098,3,15,74,-1.646448258,"1"
2098,3,16,75,-1.908903402,"1"
2098,3,17,76,-3.33409587,"1"
2098,3,18,77,-3.251697162,"1"
2098,3,19,78,-2.28122349,"1"
2098,3,20,79,-1.078812714,"1"
2098,3,21,80,0.09918363,"1"
2098,3,22,81,0.08392461,"1"
2098,3,23,82,-0.700389018,"1"
2098,3,24,83,-0.413519442,"1"
2098,3,25,84,-0.059510178,"1"
2098,3,26,85,0.303654498,"1"
2098,3,27,86,0.733958862,"1"
2098,3,28,87,1.026932046,"1"
2098,3,29,88,1.521324294,"1"
2098,3,30,89,2.424658278,"1"
2098,3,31,90,2.681009814,"1"
2099,3,1,60,-8.168153406,"1"
2099,3,2,61,-7.060348554,"1"
2099,3,3,62,-6.880292118,"1"
2099,3,4,63,-5.680933146,"1"
2099,3,5,64,-4.76844375,"1"
2099,3,6,65,-5.201799918,"1"
2099,3,7,66,-4.521247626,"1"
2099,3,8,67,-3.660638898,"1"
2099,3,9,68,-3.874265178,"1"
2099,3,10,69,-4.73792571,"1"
2099,3,11,70,-3.50194509,"1"
2099,3,12,71,-3.587395602,"1"
2099,3,13,72,-3.419546382,"1"
2099,3,14,73,-4.38696825,"1"
2099,3,15,74,-4.90577493,"1"
2099,3,16,75,-4.090943262,"1"
2099,3,17,76,-4.649423394,"1"
2099,3,18,77,-5.31776847,"1"
2099,3,19,78,-4.396123662,"1"
2099,3,20,79,-4.103150478,"1"
2099,3,21,80,-3.309681438,"1"
2099,3,22,81,-1.481650842,"1"
2099,3,23,82,-1.078812714,"1"
2099,3,24,83,-1.33516425,"1"
2099,3,25,84,-0.550850622,"1"
2099,3,26,85,-0.263981046,"1"
2099,3,27,86,1.094071734,"1"
2099,3,28,87,1.628137434,"1"
2099,3,29,88,1.850919126,"1"
2099,3,30,89,1.112382558,"1"
2099,3,31,90,3.324940458,"1"
2100,3,1,60,-6.373692654,"1"
2100,3,2,61,-6.068512254,"1"
2100,3,3,62,-7.048141338,"1"
2100,3,4,63,-5.812160718,"1"
2100,3,5,64,-5.50087671,"1"
2100,3,6,65,-5.519187534,"1"
2100,3,7,66,-4.957655598,"1"
2100,3,8,67,-5.046157914,"1"
2100,3,9,68,-6.041046018,"1"
2100,3,10,69,-6.459143166,"1"
2100,3,11,70,-4.75318473,"1"
2100,3,12,71,-5.04310611,"1"
2100,3,13,72,-6.160066374,"1"
2100,3,14,73,-5.28725043,"1"
2100,3,15,74,-4.118409498,"1"
2100,3,16,75,-3.184557474,"1"
2100,3,17,76,-3.434805402,"1"
2100,3,18,77,-3.294422418,"1"
2100,3,19,78,-3.712519566,"1"
2100,3,20,79,-2.458228122,"1"
2100,3,21,80,-1.70138073,"1"
2100,3,22,81,-1.21309209,"1"
2100,3,23,82,-0.947585142,"1"
2100,3,24,83,-1.368734094,"1"
2100,3,25,84,-0.065613786,"1"
2100,3,26,85,0.456244698,"1"
2100,3,27,86,-0.834668394,"1"
2100,3,28,87,0.178530534,"1"
2100,3,29,88,1.795986654,"1"
2100,3,30,89,1.676966298,"1"
2100,3,31,90,1.237506522,"1"
2025,4,1,91,0.657663762,"1"
2025,4,2,92,0.611886702,"1"
2025,4,3,93,1.039139262,"1"
2025,4,4,94,2.03707917,"1"
2025,4,5,95,3.42564999,"1"
2025,4,6,96,2.671854402,"1"
2025,4,7,97,2.238498234,"1"
2025,4,8,98,2.03707917,"1"
2025,4,9,99,2.046234582,"1"
2025,4,10,100,2.635232754,"1"
2025,4,11,101,2.93736135,"1"
2025,4,12,102,3.584343798,"1"
2025,4,13,103,3.92919765,"1"
2025,4,14,104,5.110245798,"1"
2025,4,15,105,5.583275418,"1"
2025,4,16,106,6.636147798,"1"
2025,4,17,107,6.257724102,"1"
2025,4,18,108,7.060348554,"1"
2025,4,19,109,7.457083074,"1"
2025,4,20,110,7.07255577,"1"
2025,4,21,111,8.119324542,"1"
2025,4,22,112,9.611656698,"1"
2025,4,23,113,9.889370862,"1"
2025,4,24,114,9.535361598,"1"
2025,4,25,115,10.008391218,"1"
2025,4,26,116,10.817119278,"1"
2025,4,27,117,10.417332954,"1"
2025,4,28,118,10.68894351,"1"
2025,4,29,119,11.317615134,"1"
2025,4,30,120,10.908673398,"1"
2026,4,1,91,-1.658655474,"1"
2026,4,2,92,-0.80109855,"1"
2026,4,3,93,0.074769198,"1"
2026,4,4,94,0.196841358,"1"
2026,4,5,95,1.133745186,"1"
2026,4,6,96,1.924162422,"1"
2026,4,7,97,2.751201306,"1"
2026,4,8,98,2.873273466,"1"
2026,4,9,99,3.05943351,"1"
2026,4,10,100,3.294422418,"1"
2026,4,11,101,4.335087582,"1"
2026,4,12,102,3.544670346,"1"
2026,4,13,103,3.691156938,"1"
2026,4,14,104,4.054321614,"1"
2026,4,15,105,4.322880366,"1"
2026,4,16,106,4.505988606,"1"
2026,4,17,107,4.52429943,"1"
2026,4,18,108,5.45509965,"1"
2026,4,19,109,6.81315243,"1"
2026,4,20,110,6.944380002,"1"
2026,4,21,111,7.191576126,"1"
2026,4,22,112,6.718546506,"1"
2026,4,23,113,7.368580758,"1"
2026,4,24,114,9.279010062,"1"
2026,4,25,115,10.313571618,"1"
2026,4,26,116,9.715418034,"1"
2026,4,27,117,9.532309794,"1"
2026,4,28,118,9.440755674,"1"
2026,4,29,119,9.297320886,"1"
2026,4,30,120,10.270846362,"1"
2027,4,1,91,-1.432821978,"1"
2027,4,2,92,-1.50301347,"1"
2027,4,3,93,-0.169375122,"1"
2027,4,4,94,-0.00762951,"1"
2027,4,5,95,0.331120734,"1"
2027,4,6,96,0.752269686,"1"
2027,4,7,97,1.063553694,"1"
2027,4,8,98,2.073700818,"1"
2027,4,9,99,1.844815518,"1"
2027,4,10,100,2.25070545,"1"
2027,4,11,101,2.714579658,"1"
2027,4,12,102,2.980086606,"1"
2027,4,13,103,3.138780414,"1"
2027,4,14,104,4.927137558,"1"
2027,4,15,105,5.568016398,"1"
2027,4,16,106,5.543601966,"1"
2027,4,17,107,5.894559426,"1"
2027,4,18,108,6.059356842,"1"
2027,4,19,109,6.511023834,"1"
2027,4,20,110,6.547645482,"1"
2027,4,21,111,7.096970202,"1"
2027,4,22,112,8.229189486,"1"
2027,4,23,113,7.869076614,"1"
2027,4,24,114,6.96574263,"1"
2027,4,25,115,7.234301382,"1"
2027,4,26,116,8.097961914,"1"
2027,4,27,117,9.272906454,"1"
2027,4,28,118,9.675744582,"1"
2027,4,29,119,9.932096118,"1"
2027,4,30,120,9.810023958,"1"
2028,4,1,92,-1.448080998,"1"
2028,4,2,93,-1.072709106,"1"
2028,4,3,94,-1.322957034,"1"
2028,4,4,95,-0.718699842,"1"
2028,4,5,96,0.355535166,"1"
2028,4,6,97,1.271076366,"1"
2028,4,7,98,1.417562958,"1"
2028,4,8,99,0.993362202,"1"
2028,4,9,100,2.168306742,"1"
2028,4,10,101,3.02891547,"1"
2028,4,11,102,3.02891547,"1"
2028,4,12,103,3.810177294,"1"
2028,4,13,104,3.437857206,"1"
2028,4,14,105,3.48668607,"1"
2028,4,15,106,3.749141214,"1"
2028,4,16,107,5.702295774,"1"
2028,4,17,108,5.479514082,"1"
2028,4,18,109,5.275043214,"1"
2028,4,19,110,6.620888778,"1"
2028,4,20,111,6.733805526,"1"
2028,4,21,112,6.465246774,"1"
2028,4,22,113,6.93522459,"1"
2028,4,23,114,7.689020178,"1"
2028,4,24,115,8.33905443,"1"
2028,4,25,116,9.401082222,"1"
2028,4,26,117,10.051116474,"1"
2028,4,27,118,10.365452286,"1"
2028,4,28,119,11.31456333,"1"
2028,4,29,120,10.054168278,"1"
2028,4,30,121,10.115204358,"1"
2029,4,1,91,2.247653646,"1"
2029,4,2,92,2.381933022,"1"
2029,4,3,93,2.064545406,"1"
2029,4,4,94,2.412451062,"1"
2029,4,5,95,2.116426074,"1"
2029,4,6,96,2.015716542,"1"
2029,4,7,97,1.93026603,"1"
2029,4,8,98,2.253757254,"1"
2029,4,9,99,3.346303086,"1"
2029,4,10,100,3.987181926,"1"
2029,4,11,101,3.82238451,"1"
2029,4,12,102,4.377812838,"1"
2029,4,13,103,4.612801746,"1"
2029,4,14,104,4.64637159,"1"
2029,4,15,105,4.954603794,"1"
2029,4,16,106,5.787746286,"1"
2029,4,17,107,6.76737537,"1"
2029,4,18,108,6.974898042,"1"
2029,4,19,109,7.557792606,"1"
2029,4,20,110,7.930112694,"1"
2029,4,21,111,8.564887926,"1"
2029,4,22,112,8.757151578,"1"
2029,4,23,113,7.75921167,"1"
2029,4,24,114,7.573051626,"1"
2029,4,25,115,7.725641826,"1"
2029,4,26,116,8.26275933,"1"
2029,4,27,117,9.217973982,"1"
2029,4,28,118,11.400013842,"1"
2029,4,29,119,11.40611745,"1"
2029,4,30,120,11.48241255,"1"
2030,4,1,91,0.337224342,"1"
2030,4,2,92,-0.169375122,"1"
2030,4,3,93,-0.090028218,"1"
2030,4,4,94,1.155107814,"1"
2030,4,5,95,1.591515786,"1"
2030,4,6,96,2.836651818,"1"
2030,4,7,97,3.57824019,"1"
2030,4,8,98,3.971922906,"1"
2030,4,9,99,5.186540898,"1"
2030,4,10,100,5.403218982,"1"
2030,4,11,101,5.311664862,"1"
2030,4,12,102,5.25673239,"1"
2030,4,13,103,4.835583438,"1"
2030,4,14,104,5.094986778,"1"
2030,4,15,105,6.178377198,"1"
2030,4,16,106,6.64530321,"1"
2030,4,17,107,6.623940582,"1"
2030,4,18,108,8.235293094,"1"
2030,4,19,109,7.063400358,"1"
2030,4,20,110,6.831463254,"1"
2030,4,21,111,7.46929029,"1"
2030,4,22,112,8.241396702,"1"
2030,4,23,113,8.641183026,"1"
2030,4,24,114,9.568931442,"1"
2030,4,25,115,9.092850018,"1"
2030,4,26,116,9.45296289,"1"
2030,4,27,117,8.809032246,"1"
2030,4,28,118,9.324787122,"1"
2030,4,29,119,10.310519814,"1"
2030,4,30,120,12.07751433,"1"
2031,4,1,91,0.401312226,"1"
2031,4,2,92,0.090028218,"1"
2031,4,3,93,0.17547873,"1"
2031,4,4,94,0.87739365,"1"
2031,4,5,95,1.664759082,"1"
2031,4,6,96,1.710536142,"1"
2031,4,7,97,1.567101354,"1"
2031,4,8,98,2.52536781,"1"
2031,4,9,99,2.946516762,"1"
2031,4,10,100,4.31067315,"1"
2031,4,11,101,4.899671322,"1"
2031,4,12,102,4.90577493,"1"
2031,4,13,103,5.290302234,"1"
2031,4,14,104,5.900663034,"1"
2031,4,15,105,7.243456794,"1"
2031,4,16,106,7.46929029,"1"
2031,4,17,107,7.447927662,"1"
2031,4,18,108,6.959639022,"1"
2031,4,19,109,6.91996557,"1"
2031,4,20,110,6.578163522,"1"
2031,4,21,111,7.386891582,"1"
2031,4,22,112,8.592354162,"1"
2031,4,23,113,8.619820398,"1"
2031,4,24,114,8.439763962,"1"
2031,4,25,115,8.702219106,"1"
2031,4,26,116,8.622872202,"1"
2031,4,27,117,10.450902798,"1"
2031,4,28,118,11.076522618,"1"
2031,4,29,119,10.267794558,"1"
2031,4,30,120,11.274889878,"1"
2032,4,1,92,-0.45014109,"1"
2032,4,2,93,0.791943138,"1"
2032,4,3,94,0.804150354,"1"
2032,4,4,95,1.542686922,"1"
2032,4,5,96,1.033035654,"1"
2032,4,6,97,1.081864518,"1"
2032,4,7,98,1.576256766,"1"
2032,4,8,99,2.604714714,"1"
2032,4,9,100,2.93736135,"1"
2032,4,10,101,3.111314178,"1"
2032,4,11,102,3.63927627,"1"
2032,4,12,103,4.612801746,"1"
2032,4,13,104,4.95155199,"1"
2032,4,14,105,5.01258807,"1"
2032,4,15,106,5.046157914,"1"
2032,4,16,107,5.076675954,"1"
2032,4,17,108,4.701304062,"1"
2032,4,18,109,5.19569631,"1"
2032,4,19,110,5.74502103,"1"
2032,4,20,111,5.88235221,"1"
2032,4,21,112,6.449987754,"1"
2032,4,22,113,6.75211635,"1"
2032,4,23,114,7.060348554,"1"
2032,4,24,115,7.78972971,"1"
2032,4,25,116,8.88837915,"1"
2032,4,26,117,9.62081211,"1"
2032,4,27,118,10.20065487,"1"
2032,4,28,119,10.420384758,"1"
2032,4,29,120,10.87205175,"1"
2032,4,30,121,11.076522618,"1"
2033,4,1,91,0.09918363,"1"
2033,4,2,92,1.301594406,"1"
2033,4,3,93,1.28938719,"1"
2033,4,4,94,1.786831242,"1"
2033,4,5,95,1.936369638,"1"
2033,4,6,96,1.399252134,"1"
2033,4,7,97,0.346379754,"1"
2033,4,8,98,0.83161659,"1"
2033,4,9,99,1.02998385,"1"
2033,4,10,100,2.079804426,"1"
2033,4,11,101,2.96787939,"1"
2033,4,12,102,3.361562106,"1"
2033,4,13,103,3.71557137,"1"
2033,4,14,104,3.617913642,"1"
2033,4,15,105,4.029907182,"1"
2033,4,16,106,4.521247626,"1"
2033,4,17,107,5.403218982,"1"
2033,4,18,108,6.459143166,"1"
2033,4,19,109,6.529334658,"1"
2033,4,20,110,6.392003478,"1"
2033,4,21,111,6.398107086,"1"
2033,4,22,112,6.337071006,"1"
2033,4,23,113,6.474402186,"1"
2033,4,24,114,7.289233854,"1"
2033,4,25,115,8.009459598,"1"
2033,4,26,116,9.059280174,"1"
2033,4,27,117,9.217973982,"1"
2033,4,28,118,9.129471666,"1"
2033,4,29,119,10.402073934,"1"
2033,4,30,120,11.158921326,"1"
2034,4,1,91,-0.959792358,"1"
2034,4,2,92,-0.22125579,"1"
2034,4,3,93,-0.074769198,"1"
2034,4,4,94,0.355535166,"1"
2034,4,5,95,1.057450086,"1"
2034,4,6,96,1.93026603,"1"
2034,4,7,97,1.985198502,"1"
2034,4,8,98,1.597619394,"1"
2034,4,9,99,1.70138073,"1"
2034,4,10,100,2.308689726,"1"
2034,4,11,101,2.958723978,"1"
2034,4,12,102,3.160143042,"1"
2034,4,13,103,4.347294798,"1"
2034,4,14,104,5.046157914,"1"
2034,4,15,105,5.876248602,"1"
2034,4,16,106,5.006484462,"1"
2034,4,17,107,4.948500186,"1"
2034,4,18,108,5.604638046,"1"
2034,4,19,109,5.717554794,"1"
2034,4,20,110,6.47745399,"1"
2034,4,21,111,7.322803698,"1"
2034,4,22,112,7.420461426,"1"
2034,4,23,113,7.722590022,"1"
2034,4,24,114,8.958570642,"1"
2034,4,25,115,10.206758478,"1"
2034,4,26,116,11.342029566,"1"
2034,4,27,117,10.380711306,"1"
2034,4,28,118,10.298312598,"1"
2034,4,29,119,11.552604042,"1"
2034,4,30,120,11.769282126,"1"
2035,4,1,91,0.532539798,"1"
2035,4,2,92,1.88448897,"1"
2035,4,3,93,1.591515786,"1"
2035,4,4,94,1.680018102,"1"
2035,4,5,95,1.008621222,"1"
2035,4,6,96,1.268024562,"1"
2035,4,7,97,1.606774806,"1"
2035,4,8,98,2.137788702,"1"
2035,4,9,99,2.63218095,"1"
2035,4,10,100,2.934309546,"1"
2035,4,11,101,3.755244822,"1"
2035,4,12,102,4.344242994,"1"
2035,4,13,103,5.223162546,"1"
2035,4,14,104,5.31776847,"1"
2035,4,15,105,5.265887802,"1"
2035,4,16,106,5.07362415,"1"
2035,4,17,107,5.519187534,"1"
2035,4,18,108,6.105133902,"1"
2035,4,19,109,6.211947042,"1"
2035,4,20,110,6.78263439,"1"
2035,4,21,111,6.938276394,"1"
2035,4,22,112,7.151902674,"1"
2035,4,23,113,7.585258842,"1"
2035,4,24,114,8.595405966,"1"
2035,4,25,115,8.610664986,"1"
2035,4,26,116,9.629967522,"1"
2035,4,27,117,10.356296874,"1"
2035,4,28,118,10.896466182,"1"
2035,4,29,119,10.655373666,"1"
2035,4,30,120,9.401082222,"1"
2036,4,1,92,1.283283582,"1"
2036,4,2,93,1.118486166,"1"
2036,4,3,94,1.356526878,"1"
2036,4,4,95,1.35042327,"1"
2036,4,5,96,0.685129998,"1"
2036,4,6,97,0.566109642,"1"
2036,4,7,98,1.237506522,"1"
2036,4,8,99,2.333104158,"1"
2036,4,9,100,2.323948746,"1"
2036,4,10,101,2.619973734,"1"
2036,4,11,102,4.222170834,"1"
2036,4,12,103,4.725718494,"1"
2036,4,13,104,4.963759206,"1"
2036,4,14,105,5.629052478,"1"
2036,4,15,106,6.37064085,"1"
2036,4,16,107,5.86709319,"1"
2036,4,17,108,6.349278222,"1"
2036,4,18,109,6.184480806,"1"
2036,4,19,110,6.91996557,"1"
2036,4,20,111,6.956587218,"1"
2036,4,21,112,8.039977638,"1"
2036,4,22,113,8.207826858,"1"
2036,4,23,114,8.671701066,"1"
2036,4,24,115,9.105057234,"1"
2036,4,25,116,9.443807478,"1"
2036,4,26,117,9.596397678,"1"
2036,4,27,118,9.318683514,"1"
2036,4,28,119,10.844585514,"1"
2036,4,29,120,11.891354286,"1"
2036,4,30,121,12.111084174,"1"
2037,4,1,91,-1.295490798,"1"
2037,4,2,92,-0.505073562,"1"
2037,4,3,93,0.828564786,"1"
2037,4,4,94,2.201876586,"1"
2037,4,5,95,4.307621346,"1"
2037,4,6,96,3.743037606,"1"
2037,4,7,97,2.848859034,"1"
2037,4,8,98,3.15098763,"1"
2037,4,9,99,3.65453529,"1"
2037,4,10,100,3.60875823,"1"
2037,4,11,101,3.221179122,"1"
2037,4,12,102,3.666742506,"1"
2037,4,13,103,4.664682414,"1"
2037,4,14,104,5.265887802,"1"
2037,4,15,105,4.307621346,"1"
2037,4,16,106,4.621957158,"1"
2037,4,17,107,5.22621435,"1"
2037,4,18,108,6.239413278,"1"
2037,4,19,109,7.447927662,"1"
2037,4,20,110,7.612725078,"1"
2037,4,21,111,8.195619642,"1"
2037,4,22,112,8.113220934,"1"
2037,4,23,113,8.509955454,"1"
2037,4,24,114,8.79682503,"1"
2037,4,25,115,8.879223738,"1"
2037,4,26,116,9.340046142,"1"
2037,4,27,117,10.817119278,"1"
2037,4,28,118,10.530249702,"1"
2037,4,29,119,10.890362574,"1"
2037,4,30,120,9.748987878,"1"
2038,4,1,91,1.820401086,"1"
2038,4,2,92,2.079804426,"1"
2038,4,3,93,1.176470442,"1"
2038,4,4,94,0.89265267,"1"
2038,4,5,95,2.61692193,"1"
2038,4,6,96,3.068588922,"1"
2038,4,7,97,2.93736135,"1"
2038,4,8,98,2.995345626,"1"
2038,4,9,99,3.309681438,"1"
2038,4,10,100,3.971922906,"1"
2038,4,11,101,4.612801746,"1"
2038,4,12,102,5.076675954,"1"
2038,4,13,103,5.098038582,"1"
2038,4,14,104,6.297397554,"1"
2038,4,15,105,5.940336486,"1"
2038,4,16,106,5.738917422,"1"
2038,4,17,107,6.318760182,"1"
2038,4,18,108,7.493704722,"1"
2038,4,19,109,8.146790778,"1"
2038,4,20,110,8.360417058,"1"
2038,4,21,111,8.213930466,"1"
2038,4,22,112,8.726633538,"1"
2038,4,23,113,9.340046142,"1"
2038,4,24,114,8.93415621,"1"
2038,4,25,115,7.771418886,"1"
2038,4,26,116,7.924009086,"1"
2038,4,27,117,9.91073349,"1"
2038,4,28,118,11.03990097,"1"
2038,4,29,119,12.068358918,"1"
2038,4,30,120,12.239259942,"1"
2039,4,1,91,-0.09918363,"1"
2039,4,2,92,0.334172538,"1"
2039,4,3,93,0.09918363,"1"
2039,4,4,94,0.386053206,"1"
2039,4,5,95,0.642404742,"1"
2039,4,6,96,1.356526878,"1"
2039,4,7,97,1.45723641,"1"
2039,4,8,98,3.096055158,"1"
2039,4,9,99,3.407339166,"1"
2039,4,10,100,3.566032974,"1"
2039,4,11,101,3.587395602,"1"
2039,4,12,102,4.466315154,"1"
2039,4,13,103,4.975966422,"1"
2039,4,14,104,4.63111257,"1"
2039,4,15,105,4.963759206,"1"
2039,4,16,106,5.754176442,"1"
2039,4,17,107,6.822307842,"1"
2039,4,18,108,6.971846238,"1"
2039,4,19,109,7.65239853,"1"
2039,4,20,110,7.313648286,"1"
2039,4,21,111,6.44693595,"1"
2039,4,22,112,6.98100165,"1"
2039,4,23,113,8.116272738,"1"
2039,4,24,114,9.297320886,"1"
2039,4,25,115,9.294269082,"1"
2039,4,26,116,9.84969741,"1"
2039,4,27,117,9.770350506,"1"
2039,4,28,118,8.50690365,"1"
2039,4,29,119,8.851757502,"1"
2039,4,30,120,9.562827834,"1"
2040,4,1,92,-0.80109855,"1"
2040,4,2,93,0.047302962,"1"
2040,4,3,94,0.196841358,"1"
2040,4,4,95,0.077821002,"1"
2040,4,5,96,-0.431830266,"1"
2040,4,6,97,0.431830266,"1"
2040,4,7,98,1.695277122,"1"
2040,4,8,99,2.049286386,"1"
2040,4,9,100,3.428701794,"1"
2040,4,10,101,3.297474222,"1"
2040,4,11,102,4.072632438,"1"
2040,4,12,103,5.403218982,"1"
2040,4,13,104,5.80605711,"1"
2040,4,14,105,5.101090386,"1"
2040,4,15,106,6.321811986,"1"
2040,4,16,107,7.414357818,"1"
2040,4,17,108,7.417409622,"1"
2040,4,18,109,6.556800894,"1"
2040,4,19,110,6.703287486,"1"
2040,4,20,111,6.932172786,"1"
2040,4,21,112,7.25566401,"1"
2040,4,22,113,8.503851846,"1"
2040,4,23,114,8.424504942,"1"
2040,4,24,115,8.189516034,"1"
2040,4,25,116,8.76630699,"1"
2040,4,26,117,9.538413402,"1"
2040,4,27,118,10.023650238,"1"
2040,4,28,119,9.333942534,"1"
2040,4,29,120,10.249483734,"1"
2040,4,30,121,10.716409746,"1"
2041,4,1,91,-0.413519442,"1"
2041,4,2,92,0.508125366,"1"
2041,4,3,93,0.90791169,"1"
2041,4,4,94,0.788891334,"1"
2041,4,5,95,2.214083802,"1"
2041,4,6,96,3.25780077,"1"
2041,4,7,97,3.572136582,"1"
2041,4,8,98,3.450064422,"1"
2041,4,9,99,4.026855378,"1"
2041,4,10,100,4.856946066,"1"
2041,4,11,101,5.45509965,"1"
2041,4,12,102,5.299457646,"1"
2041,4,13,103,5.064468738,"1"
2041,4,14,104,5.961699114,"1"
2041,4,15,105,6.822307842,"1"
2041,4,16,106,5.89761123,"1"
2041,4,17,107,5.30250945,"1"
2041,4,18,108,6.083771274,"1"
2041,4,19,109,6.498816618,"1"
2041,4,20,110,7.142747262,"1"
2041,4,21,111,8.52216267,"1"
2041,4,22,112,9.279010062,"1"
2041,4,23,113,9.462118302,"1"
2041,4,24,114,9.318683514,"1"
2041,4,25,115,9.675744582,"1"
2041,4,26,116,9.97176957,"1"
2041,4,27,117,9.30037269,"1"
2041,4,28,118,8.790721422,"1"
2041,4,29,119,9.324787122,"1"
2041,4,30,120,10.975813086,"1"
2042,4,1,91,0.675974586,"1"
2042,4,2,92,2.012664738,"1"
2042,4,3,93,3.42564999,"1"
2042,4,4,94,3.270007986,"1"
2042,4,5,95,3.169298454,"1"
2042,4,6,96,3.553825758,"1"
2042,4,7,97,3.86816157,"1"
2042,4,8,98,4.377812838,"1"
2042,4,9,99,5.430685218,"1"
2042,4,10,100,5.873196798,"1"
2042,4,11,101,6.349278222,"1"
2042,4,12,102,6.132600138,"1"
2042,4,13,103,5.711451186,"1"
2042,4,14,104,6.297397554,"1"
2042,4,15,105,6.398107086,"1"
2042,4,16,106,6.55374909,"1"
2042,4,17,107,6.956587218,"1"
2042,4,18,108,7.212938754,"1"
2042,4,19,109,7.97283795,"1"
2042,4,20,110,8.473333806,"1"
2042,4,21,111,7.890439242,"1"
2042,4,22,112,8.40009051,"1"
2042,4,23,113,7.89654285,"1"
2042,4,24,114,8.49164463,"1"
2042,4,25,115,9.553672422,"1"
2042,4,26,116,10.04806467,"1"
2042,4,27,117,10.804912062,"1"
2042,4,28,118,11.78759295,"1"
2042,4,29,119,12.651253482,"1"
2042,4,30,120,12.666512502,"1"
2043,4,1,91,1.603723002,"1"
2043,4,2,92,1.76241681,"1"
2043,4,3,93,2.864118054,"1"
2043,4,4,94,2.430761886,"1"
2043,4,5,95,2.696268834,"1"
2043,4,6,96,3.34935489,"1"
2043,4,7,97,3.541618542,"1"
2043,4,8,98,3.678949722,"1"
2043,4,9,99,4.057373418,"1"
2043,4,10,100,3.938353062,"1"
2043,4,11,101,4.518195822,"1"
2043,4,12,102,4.359502014,"1"
2043,4,13,103,5.003432658,"1"
2043,4,14,104,4.47852237,"1"
2043,4,15,105,5.799953502,"1"
2043,4,16,106,6.773478978,"1"
2043,4,17,107,8.11016913,"1"
2043,4,18,108,8.241396702,"1"
2043,4,19,109,8.647286634,"1"
2043,4,20,110,9.251543826,"1"
2043,4,21,111,10.365452286,"1"
2043,4,22,112,10.191499458,"1"
2043,4,23,113,10.04806467,"1"
2043,4,24,114,11.027693754,"1"
2043,4,25,115,11.702142438,"1"
2043,4,26,116,12.501715086,"1"
2043,4,27,117,11.485464354,"1"
2043,4,28,118,10.859844534,"1"
2043,4,29,119,10.789653042,"1"
2043,4,30,120,12.129394998,"1"
2044,4,1,92,-1.423666566,"1"
2044,4,2,93,-1.124589774,"1"
2044,4,3,94,-1.83871191,"1"
2044,4,4,95,0.044251158,"1"
2044,4,5,96,1.341267858,"1"
2044,4,6,97,2.088959838,"1"
2044,4,7,98,2.424658278,"1"
2044,4,8,99,3.080796138,"1"
2044,4,9,100,4.176393774,"1"
2044,4,10,101,4.298465934,"1"
2044,4,11,102,4.243533462,"1"
2044,4,12,103,5.067520542,"1"
2044,4,13,104,5.799953502,"1"
2044,4,14,105,5.922025662,"1"
2044,4,15,106,5.314716666,"1"
2044,4,16,107,5.986113546,"1"
2044,4,17,108,6.031890606,"1"
2044,4,18,109,6.392003478,"1"
2044,4,19,110,6.086823078,"1"
2044,4,20,111,7.093918398,"1"
2044,4,21,112,6.776530782,"1"
2044,4,22,113,7.368580758,"1"
2044,4,23,114,7.80498873,"1"
2044,4,24,115,8.238344898,"1"
2044,4,25,116,8.610664986,"1"
2044,4,26,117,9.245440218,"1"
2044,4,27,118,9.901578078,"1"
2044,4,28,119,10.234224714,"1"
2044,4,29,120,11.07041901,"1"
2044,4,30,121,11.326770546,"1"
2045,4,1,91,-0.151064298,"1"
2045,4,2,92,0.733958862,"1"
2045,4,3,93,1.295490798,"1"
2045,4,4,94,2.467383534,"1"
2045,4,5,95,2.613870126,"1"
2045,4,6,96,2.90684331,"1"
2045,4,7,97,3.102158766,"1"
2045,4,8,98,2.06759721,"1"
2045,4,9,99,3.477530658,"1"
2045,4,10,100,4.640267982,"1"
2045,4,11,101,4.225222638,"1"
2045,4,12,102,4.576180098,"1"
2045,4,13,103,5.293354038,"1"
2045,4,14,104,5.53139475,"1"
2045,4,15,105,5.986113546,"1"
2045,4,16,106,5.711451186,"1"
2045,4,17,107,6.642251406,"1"
2045,4,18,108,6.468298578,"1"
2045,4,19,109,6.175325394,"1"
2045,4,20,110,7.023726906,"1"
2045,4,21,111,8.009459598,"1"
2045,4,22,112,7.963682538,"1"
2045,4,23,113,7.631035902,"1"
2045,4,24,114,7.457083074,"1"
2045,4,25,115,8.088806502,"1"
2045,4,26,116,8.372624274,"1"
2045,4,27,117,9.19355955,"1"
2045,4,28,118,10.090789926,"1"
2045,4,29,119,10.325778834,"1"
2045,4,30,120,10.118256162,"1"
2046,4,1,91,0.624093918,"1"
2046,4,2,92,1.62508563,"1"
2046,4,3,93,2.149995918,"1"
2046,4,4,94,2.619973734,"1"
2046,4,5,95,1.80819387,"1"
2046,4,6,96,2.705424246,"1"
2046,4,7,97,3.270007986,"1"
2046,4,8,98,2.888532486,"1"
2046,4,9,99,3.050278098,"1"
2046,4,10,100,3.022811862,"1"
2046,4,11,101,3.95971569,"1"
2046,4,12,102,5.110245798,"1"
2046,4,13,103,4.853894262,"1"
2046,4,14,104,5.580223614,"1"
2046,4,15,105,6.29434575,"1"
2046,4,16,106,7.173265302,"1"
2046,4,17,107,7.460134878,"1"
2046,4,18,108,7.841610378,"1"
2046,4,19,109,7.844662182,"1"
2046,4,20,110,7.890439242,"1"
2046,4,21,111,7.493704722,"1"
2046,4,22,112,8.274966546,"1"
2046,4,23,113,8.296329174,"1"
2046,4,24,114,8.818187658,"1"
2046,4,25,115,10.084686318,"1"
2046,4,26,116,10.682839902,"1"
2046,4,27,117,10.191499458,"1"
2046,4,28,118,11.113144266,"1"
2046,4,29,119,11.888302482,"1"
2046,4,30,120,12.837413526,"1"
2047,4,1,91,0.596627682,"1"
2047,4,2,92,-0.331120734,"1"
2047,4,3,93,-0.379949598,"1"
2047,4,4,94,0.605783094,"1"
2047,4,5,95,0.959792358,"1"
2047,4,6,96,2.140840506,"1"
2047,4,7,97,1.74715779,"1"
2047,4,8,98,2.381933022,"1"
2047,4,9,99,2.66269899,"1"
2047,4,10,100,4.34119119,"1"
2047,4,11,101,4.301517738,"1"
2047,4,12,102,3.447012618,"1"
2047,4,13,103,3.794918274,"1"
2047,4,14,104,4.084839654,"1"
2047,4,15,105,5.351338314,"1"
2047,4,16,106,5.693140362,"1"
2047,4,17,107,5.842678758,"1"
2047,4,18,108,6.541541874,"1"
2047,4,19,109,6.288242142,"1"
2047,4,20,110,7.24040499,"1"
2047,4,21,111,7.374684366,"1"
2047,4,22,112,8.274966546,"1"
2047,4,23,113,8.36957247,"1"
2047,4,24,114,8.775462402,"1"
2047,4,25,115,8.81208405,"1"
2047,4,26,116,10.04806467,"1"
2047,4,27,117,10.188447654,"1"
2047,4,28,118,10.12435977,"1"
2047,4,29,119,11.271838074,"1"
2047,4,30,120,12.874035174,"1"
2048,4,1,92,1.200884874,"1"
2048,4,2,93,1.390096722,"1"
2048,4,3,94,1.081864518,"1"
2048,4,4,95,1.695277122,"1"
2048,4,5,96,2.69321703,"1"
2048,4,6,97,2.15915133,"1"
2048,4,7,98,2.125581486,"1"
2048,4,8,99,2.989242018,"1"
2048,4,9,100,3.358510302,"1"
2048,4,10,101,3.682001526,"1"
2048,4,11,102,4.49378139,"1"
2048,4,12,103,4.594490922,"1"
2048,4,13,104,5.525291142,"1"
2048,4,14,105,5.738917422,"1"
2048,4,15,106,5.42458161,"1"
2048,4,16,107,6.175325394,"1"
2048,4,17,108,6.175325394,"1"
2048,4,18,109,6.117341118,"1"
2048,4,19,110,6.434728734,"1"
2048,4,20,111,7.185472518,"1"
2048,4,21,112,8.650338438,"1"
2048,4,22,113,9.352253358,"1"
2048,4,23,114,9.907681686,"1"
2048,4,24,115,10.106048946,"1"
2048,4,25,116,9.913785294,"1"
2048,4,26,117,9.614708502,"1"
2048,4,27,118,10.777445826,"1"
2048,4,28,119,10.072479102,"1"
2048,4,29,120,9.57503505,"1"
2048,4,30,121,10.17013683,"1"
2049,4,1,91,1.158159618,"1"
2049,4,2,92,0.859082826,"1"
2049,4,3,93,1.332112446,"1"
2049,4,4,94,2.75425311,"1"
2049,4,5,95,2.299534314,"1"
2049,4,6,96,2.070649014,"1"
2049,4,7,97,1.738002378,"1"
2049,4,8,98,2.095063446,"1"
2049,4,9,99,3.840695334,"1"
2049,4,10,100,3.385976538,"1"
2049,4,11,101,3.941404866,"1"
2049,4,12,102,5.28725043,"1"
2049,4,13,103,5.82131613,"1"
2049,4,14,104,6.242465082,"1"
2049,4,15,105,5.812160718,"1"
2049,4,16,106,5.763331854,"1"
2049,4,17,107,5.183489094,"1"
2049,4,18,108,5.693140362,"1"
2049,4,19,109,6.968794434,"1"
2049,4,20,110,6.642251406,"1"
2049,4,21,111,7.69817559,"1"
2049,4,22,112,7.417409622,"1"
2049,4,23,113,7.658502138,"1"
2049,4,24,114,8.53742169,"1"
2049,4,25,115,8.638131222,"1"
2049,4,26,116,7.722590022,"1"
2049,4,27,117,7.65239853,"1"
2049,4,28,118,8.287173762,"1"
2049,4,29,119,10.24643193,"1"
2049,4,30,120,11.723505066,"1"
2050,4,1,91,0.498969954,"1"
2050,4,2,92,0.611886702,"1"
2050,4,3,93,0.575265054,"1"
2050,4,4,94,1.249713738,"1"
2050,4,5,95,1.606774806,"1"
2050,4,6,96,1.420614762,"1"
2050,4,7,97,2.046234582,"1"
2050,4,8,98,3.041122686,"1"
2050,4,9,99,3.855954354,"1"
2050,4,10,100,4.670786022,"1"
2050,4,11,101,4.774547358,"1"
2050,4,12,102,5.278095018,"1"
2050,4,13,103,5.732813814,"1"
2050,4,14,104,5.918973858,"1"
2050,4,15,105,5.519187534,"1"
2050,4,16,106,5.586327222,"1"
2050,4,17,107,6.32486379,"1"
2050,4,18,108,7.267871226,"1"
2050,4,19,109,7.945371714,"1"
2050,4,20,110,8.021666814,"1"
2050,4,21,111,8.030822226,"1"
2050,4,22,112,7.74395265,"1"
2050,4,23,113,8.824291266,"1"
2050,4,24,114,8.976881466,"1"
2050,4,25,115,8.732737146,"1"
2050,4,26,116,8.46112659,"1"
2050,4,27,117,9.031813938,"1"
2050,4,28,118,9.159989706,"1"
2050,4,29,119,10.502783466,"1"
2050,4,30,120,10.868999946,"1"
2051,4,1,91,0.849927414,"1"
2051,4,2,92,1.939421442,"1"
2051,4,3,93,2.864118054,"1"
2051,4,4,94,2.415502866,"1"
2051,4,5,95,1.863126342,"1"
2051,4,6,96,2.171358546,"1"
2051,4,7,97,1.805142066,"1"
2051,4,8,98,2.018768346,"1"
2051,4,9,99,3.108262374,"1"
2051,4,10,100,3.614861838,"1"
2051,4,11,101,4.475470566,"1"
2051,4,12,102,4.802013594,"1"
2051,4,13,103,4.710459474,"1"
2051,4,14,104,4.908826734,"1"
2051,4,15,105,5.543601966,"1"
2051,4,16,106,5.86709319,"1"
2051,4,17,107,7.344166326,"1"
2051,4,18,108,7.222094166,"1"
2051,4,19,109,7.11833283,"1"
2051,4,20,110,7.20988695,"1"
2051,4,21,111,8.000304186,"1"
2051,4,22,112,8.244448506,"1"
2051,4,23,113,7.847713986,"1"
2051,4,24,114,9.593345874,"1"
2051,4,25,115,10.58213037,"1"
2051,4,26,116,9.953458746,"1"
2051,4,27,117,9.541465206,"1"
2051,4,28,118,10.222017498,"1"
2051,4,29,119,9.495688146,"1"
2051,4,30,120,10.182344046,"1"
2052,4,1,92,1.496909862,"1"
2052,4,2,93,1.863126342,"1"
2052,4,3,94,2.11337427,"1"
2052,4,4,95,2.226291018,"1"
2052,4,5,96,2.369725806,"1"
2052,4,6,97,2.946516762,"1"
2052,4,7,98,2.626077342,"1"
2052,4,8,99,2.78477115,"1"
2052,4,9,100,4.048218006,"1"
2052,4,10,101,4.679941434,"1"
2052,4,11,102,4.713511278,"1"
2052,4,12,103,4.582283706,"1"
2052,4,13,104,4.939344774,"1"
2052,4,14,105,6.11123751,"1"
2052,4,15,106,6.575111718,"1"
2052,4,16,107,6.27908673,"1"
2052,4,17,108,6.70633929,"1"
2052,4,18,109,7.914853674,"1"
2052,4,19,110,8.00335599,"1"
2052,4,20,111,7.719538218,"1"
2052,4,21,112,7.56084441,"1"
2052,4,22,113,8.580146946,"1"
2052,4,23,114,9.776454114,"1"
2052,4,24,115,10.426488366,"1"
2052,4,25,116,10.280001774,"1"
2052,4,26,117,9.935147922,"1"
2052,4,27,118,9.868008234,"1"
2052,4,28,119,9.703210818,"1"
2052,4,29,120,8.839550286,"1"
2052,4,30,121,8.815135854,"1"
2053,4,1,91,1.463340018,"1"
2053,4,2,92,1.112382558,"1"
2053,4,3,93,1.676966298,"1"
2053,4,4,94,2.473487142,"1"
2053,4,5,95,3.062485314,"1"
2053,4,6,96,2.40329565,"1"
2053,4,7,97,2.351414982,"1"
2053,4,8,98,3.834591726,"1"
2053,4,9,99,4.292362326,"1"
2053,4,10,100,4.594490922,"1"
2053,4,11,101,4.594490922,"1"
2053,4,12,102,4.426641702,"1"
2053,4,13,103,4.533454842,"1"
2053,4,14,104,4.750132926,"1"
2053,4,15,105,5.482565886,"1"
2053,4,16,106,5.589379026,"1"
2053,4,17,107,6.05020143,"1"
2053,4,18,108,6.678873054,"1"
2053,4,19,109,6.96574263,"1"
2053,4,20,110,7.582207038,"1"
2053,4,21,111,7.808040534,"1"
2053,4,22,112,8.101013718,"1"
2053,4,23,113,8.107117326,"1"
2053,4,24,114,8.650338438,"1"
2053,4,25,115,9.306476298,"1"
2053,4,26,116,9.20881857,"1"
2053,4,27,117,9.02571033,"1"
2053,4,28,118,10.618752018,"1"
2053,4,29,119,10.878155358,"1"
2053,4,30,120,10.78049763,"1"
2054,4,1,91,-0.199893162,"1"
2054,4,2,92,0.642404742,"1"
2054,4,3,93,0.77058051,"1"
2054,4,4,94,1.072709106,"1"
2054,4,5,95,1.240558326,"1"
2054,4,6,96,1.951628658,"1"
2054,4,7,97,3.266956182,"1"
2054,4,8,98,3.739985802,"1"
2054,4,9,99,4.118409498,"1"
2054,4,10,100,4.887464106,"1"
2054,4,11,101,4.301517738,"1"
2054,4,12,102,4.643319786,"1"
2054,4,13,103,4.313724954,"1"
2054,4,14,104,4.35645021,"1"
2054,4,15,105,5.08888317,"1"
2054,4,16,106,5.24147337,"1"
2054,4,17,107,5.473410474,"1"
2054,4,18,108,6.089874882,"1"
2054,4,19,109,6.907758354,"1"
2054,4,20,110,6.529334658,"1"
2054,4,21,111,7.173265302,"1"
2054,4,22,112,7.692071982,"1"
2054,4,23,113,9.16304151,"1"
2054,4,24,114,9.892422666,"1"
2054,4,25,115,9.45296289,"1"
2054,4,26,116,8.75104797,"1"
2054,4,27,117,9.715418034,"1"
2054,4,28,118,9.263751042,"1"
2054,4,29,119,9.550620618,"1"
2054,4,30,120,10.487524446,"1"
2055,4,1,91,1.493858058,"1"
2055,4,2,92,2.580300282,"1"
2055,4,3,93,2.314793334,"1"
2055,4,4,94,1.893644382,"1"
2055,4,5,95,1.759365006,"1"
2055,4,6,96,1.768520418,"1"
2055,4,7,97,1.969939482,"1"
2055,4,8,98,2.546730438,"1"
2055,4,9,99,3.297474222,"1"
2055,4,10,100,3.392080146,"1"
2055,4,11,101,3.63927627,"1"
2055,4,12,102,4.710459474,"1"
2055,4,13,103,5.314716666,"1"
2055,4,14,104,5.80605711,"1"
2055,4,15,105,6.01968339,"1"
2055,4,16,106,6.196688022,"1"
2055,4,17,107,5.998320762,"1"
2055,4,18,108,6.334019202,"1"
2055,4,19,109,7.054244946,"1"
2055,4,20,110,8.393986902,"1"
2055,4,21,111,9.825282978,"1"
2055,4,22,112,9.196611354,"1"
2055,4,23,113,9.843593802,"1"
2055,4,24,114,9.715418034,"1"
2055,4,25,115,9.26985465,"1"
2055,4,26,116,10.530249702,"1"
2055,4,27,117,10.698098922,"1"
2055,4,28,118,10.106048946,"1"
2055,4,29,119,10.560767742,"1"
2055,4,30,120,11.036849166,"1"
2056,4,1,92,-0.468451914,"1"
2056,4,2,93,-0.303654498,"1"
2056,4,3,94,1.04524287,"1"
2056,4,4,95,1.765468614,"1"
2056,4,5,96,2.439917298,"1"
2056,4,6,97,3.199816494,"1"
2056,4,7,98,3.590447406,"1"
2056,4,8,99,4.148927538,"1"
2056,4,9,100,4.866101478,"1"
2056,4,10,101,5.680933146,"1"
2056,4,11,102,3.352406694,"1"
2056,4,12,103,3.434805402,"1"
2056,4,13,104,3.97497471,"1"
2056,4,14,105,5.061416934,"1"
2056,4,15,106,5.214007134,"1"
2056,4,16,107,5.299457646,"1"
2056,4,17,108,6.962690826,"1"
2056,4,18,109,8.757151578,"1"
2056,4,19,110,8.665597458,"1"
2056,4,20,111,8.805980442,"1"
2056,4,21,112,9.004347702,"1"
2056,4,22,113,9.169145118,"1"
2056,4,23,114,9.169145118,"1"
2056,4,24,115,9.385823202,"1"
2056,4,25,116,10.481420838,"1"
2056,4,26,117,11.17723215,"1"
2056,4,27,118,11.586173886,"1"
2056,4,28,119,11.866939854,"1"
2056,4,29,120,12.21484551,"1"
2056,4,30,121,12.697030542,"1"
2057,4,1,91,0.416571246,"1"
2057,4,2,92,1.142900598,"1"
2057,4,3,93,1.414511154,"1"
2057,4,4,94,1.31990523,"1"
2057,4,5,95,1.47249543,"1"
2057,4,6,96,2.02182015,"1"
2057,4,7,97,1.820401086,"1"
2057,4,8,98,1.774624026,"1"
2057,4,9,99,2.37277761,"1"
2057,4,10,100,3.675897918,"1"
2057,4,11,101,5.098038582,"1"
2057,4,12,102,4.988173638,"1"
2057,4,13,103,5.098038582,"1"
2057,4,14,104,5.842678758,"1"
2057,4,15,105,6.504920226,"1"
2057,4,16,106,6.367589046,"1"
2057,4,17,107,5.48561769,"1"
2057,4,18,108,6.96574263,"1"
2057,4,19,109,8.418401334,"1"
2057,4,20,110,7.600517862,"1"
2057,4,21,111,7.353321738,"1"
2057,4,22,112,7.661553942,"1"
2057,4,23,113,8.696115498,"1"
2057,4,24,114,8.332950822,"1"
2057,4,25,115,7.701227394,"1"
2057,4,26,116,8.754099774,"1"
2057,4,27,117,9.813075762,"1"
2057,4,28,118,9.71236623,"1"
2057,4,29,119,10.026702042,"1"
2057,4,30,120,10.197603066,"1"
2058,4,1,91,1.460288214,"1"
2058,4,2,92,1.103227146,"1"
2058,4,3,93,0.193789554,"1"
2058,4,4,94,-0.013733118,"1"
2058,4,5,95,1.173418638,"1"
2058,4,6,96,1.85397093,"1"
2058,4,7,97,2.864118054,"1"
2058,4,8,98,3.022811862,"1"
2058,4,9,99,2.790874758,"1"
2058,4,10,100,3.208971906,"1"
2058,4,11,101,2.436865494,"1"
2058,4,12,102,2.705424246,"1"
2058,4,13,103,2.99839743,"1"
2058,4,14,104,4.399175466,"1"
2058,4,15,105,4.634164374,"1"
2058,4,16,106,6.00442437,"1"
2058,4,17,107,6.764323566,"1"
2058,4,18,108,6.681924858,"1"
2058,4,19,109,7.762263474,"1"
2058,4,20,110,7.649346726,"1"
2058,4,21,111,7.008467886,"1"
2058,4,22,112,6.72159831,"1"
2058,4,23,113,8.091858306,"1"
2058,4,24,114,7.371632562,"1"
2058,4,25,115,8.320743606,"1"
2058,4,26,116,9.449911086,"1"
2058,4,27,117,10.03280565,"1"
2058,4,28,118,9.84969741,"1"
2058,4,29,119,9.922940706,"1"
2058,4,30,120,11.11619607,"1"
2059,4,1,91,0.639352938,"1"
2059,4,2,92,0.956740554,"1"
2059,4,3,93,1.54879053,"1"
2059,4,4,94,1.417562958,"1"
2059,4,5,95,1.54879053,"1"
2059,4,6,96,2.116426074,"1"
2059,4,7,97,2.333104158,"1"
2059,4,8,98,3.138780414,"1"
2059,4,9,99,4.316776758,"1"
2059,4,10,100,5.662622322,"1"
2059,4,11,101,5.229266154,"1"
2059,4,12,102,3.935301258,"1"
2059,4,13,103,4.73792571,"1"
2059,4,14,104,4.933241166,"1"
2059,4,15,105,4.87525689,"1"
2059,4,16,106,5.619897066,"1"
2059,4,17,107,6.239413278,"1"
2059,4,18,108,6.822307842,"1"
2059,4,19,109,7.090866594,"1"
2059,4,20,110,7.151902674,"1"
2059,4,21,111,6.865033098,"1"
2059,4,22,112,7.100022006,"1"
2059,4,23,113,7.396046994,"1"
2059,4,24,114,8.500800042,"1"
2059,4,25,115,9.584190462,"1"
2059,4,26,116,10.212862086,"1"
2059,4,27,117,10.533301506,"1"
2059,4,28,118,10.38376311,"1"
2059,4,29,119,9.861904626,"1"
2059,4,30,120,10.09384173,"1"
2060,4,1,92,1.878385362,"1"
2060,4,2,93,1.896696186,"1"
2060,4,3,94,2.125581486,"1"
2060,4,4,95,2.482642554,"1"
2060,4,5,96,2.137788702,"1"
2060,4,6,97,2.720683266,"1"
2060,4,7,98,4.41748629,"1"
2060,4,8,99,4.728770298,"1"
2060,4,9,100,4.606698138,"1"
2060,4,10,101,4.267947894,"1"
2060,4,11,102,4.23437805,"1"
2060,4,12,103,5.11940121,"1"
2060,4,13,104,5.189592702,"1"
2060,4,14,105,5.931181074,"1"
2060,4,15,106,7.527274566,"1"
2060,4,16,107,8.220034074,"1"
2060,4,17,108,7.512015546,"1"
2060,4,18,109,7.365528954,"1"
2060,4,19,110,8.516059062,"1"
2060,4,20,111,8.967726054,"1"
2060,4,21,112,8.21698227,"1"
2060,4,22,113,8.281070154,"1"
2060,4,23,114,9.187455942,"1"
2060,4,24,115,10.179292242,"1"
2060,4,25,116,11.274889878,"1"
2060,4,26,117,11.927975934,"1"
2060,4,27,118,11.903561502,"1"
2060,4,28,119,11.95544217,"1"
2060,4,29,120,12.516974106,"1"
2060,4,30,121,13.142593926,"1"
2061,4,1,91,0.273136458,"1"
2061,4,2,92,1.466391822,"1"
2061,4,3,93,1.994353914,"1"
2061,4,4,94,2.504005182,"1"
2061,4,5,95,2.54062683,"1"
2061,4,6,96,3.126573198,"1"
2061,4,7,97,4.133668518,"1"
2061,4,8,98,5.47035867,"1"
2061,4,9,99,4.423589898,"1"
2061,4,10,100,5.122453014,"1"
2061,4,11,101,5.812160718,"1"
2061,4,12,102,5.314716666,"1"
2061,4,13,103,6.337071006,"1"
2061,4,14,104,6.166169982,"1"
2061,4,15,105,5.754176442,"1"
2061,4,16,106,6.923017374,"1"
2061,4,17,107,6.761271762,"1"
2061,4,18,108,6.968794434,"1"
2061,4,19,109,7.402150602,"1"
2061,4,20,110,8.189516034,"1"
2061,4,21,111,8.604561378,"1"
2061,4,22,112,8.912793582,"1"
2061,4,23,113,8.265811134,"1"
2061,4,24,114,10.26169095,"1"
2061,4,25,115,10.069427298,"1"
2061,4,26,116,9.980924982,"1"
2061,4,27,117,10.30746801,"1"
2061,4,28,118,10.392918522,"1"
2061,4,29,119,10.008391218,"1"
2061,4,30,120,9.465170106,"1"
2062,4,1,91,0.904859886,"1"
2062,4,2,92,0.547798818,"1"
2062,4,3,93,0.416571246,"1"
2062,4,4,94,0.050354766,"1"
2062,4,5,95,-0.474555522,"1"
2062,4,6,96,0.410467638,"1"
2062,4,7,97,2.241550038,"1"
2062,4,8,98,4.301517738,"1"
2062,4,9,99,5.192644506,"1"
2062,4,10,100,5.476462278,"1"
2062,4,11,101,5.098038582,"1"
2062,4,12,102,5.28725043,"1"
2062,4,13,103,5.064468738,"1"
2062,4,14,104,6.440832342,"1"
2062,4,15,105,6.837566862,"1"
2062,4,16,106,6.236361474,"1"
2062,4,17,107,6.825359646,"1"
2062,4,18,108,6.587318934,"1"
2062,4,19,109,6.361485438,"1"
2062,4,20,110,6.800945214,"1"
2062,4,21,111,7.432668642,"1"
2062,4,22,112,8.589302358,"1"
2062,4,23,113,8.366520666,"1"
2062,4,24,114,9.053176566,"1"
2062,4,25,115,9.721521642,"1"
2062,4,26,116,10.283053578,"1"
2062,4,27,117,9.907681686,"1"
2062,4,28,118,10.286105382,"1"
2062,4,29,119,11.241320034,"1"
2062,4,30,120,11.204698386,"1"
2063,4,1,91,1.09101993,"1"
2063,4,2,92,1.94552505,"1"
2063,4,3,93,1.356526878,"1"
2063,4,4,94,1.59456759,"1"
2063,4,5,95,1.829556498,"1"
2063,4,6,96,2.421606474,"1"
2063,4,7,97,2.323948746,"1"
2063,4,8,98,2.574196674,"1"
2063,4,9,99,3.419546382,"1"
2063,4,10,100,4.38696825,"1"
2063,4,11,101,5.214007134,"1"
2063,4,12,102,6.407262498,"1"
2063,4,13,103,6.810100626,"1"
2063,4,14,104,6.93522459,"1"
2063,4,15,105,7.655450334,"1"
2063,4,16,106,7.585258842,"1"
2063,4,17,107,7.356373542,"1"
2063,4,18,108,8.027770422,"1"
2063,4,19,109,8.067443874,"1"
2063,4,20,110,8.82734307,"1"
2063,4,21,111,9.72762525,"1"
2063,4,22,112,10.511938878,"1"
2063,4,23,113,11.229112818,"1"
2063,4,24,114,12.059203506,"1"
2063,4,25,115,11.778437538,"1"
2063,4,26,116,11.485464354,"1"
2063,4,27,117,11.049056382,"1"
2063,4,28,118,11.992063818,"1"
2063,4,29,119,11.973752994,"1"
2063,4,30,120,12.590217402,"1"
2064,4,1,92,2.641336362,"1"
2064,4,2,93,2.897687898,"1"
2064,4,3,94,4.090943262,"1"
2064,4,4,95,4.850842458,"1"
2064,4,5,96,4.18860099,"1"
2064,4,6,97,4.426641702,"1"
2064,4,7,98,4.805065398,"1"
2064,4,8,99,5.113297602,"1"
2064,4,9,100,4.460211546,"1"
2064,4,10,101,4.628060766,"1"
2064,4,11,102,5.528342946,"1"
2064,4,12,103,6.755168154,"1"
2064,4,13,104,6.871136706,"1"
2064,4,14,105,6.648355014,"1"
2064,4,15,106,6.437780538,"1"
2064,4,16,107,7.710382806,"1"
2064,4,17,108,7.783626102,"1"
2064,4,18,109,7.42351323,"1"
2064,4,19,110,8.653390242,"1"
2064,4,20,111,9.184404138,"1"
2064,4,21,112,8.824291266,"1"
2064,4,22,113,8.589302358,"1"
2064,4,23,114,7.985045166,"1"
2064,4,24,115,8.210878662,"1"
2064,4,25,116,8.915845386,"1"
2064,4,26,117,9.608604894,"1"
2064,4,27,118,10.38376311,"1"
2064,4,28,119,10.267794558,"1"
2064,4,29,120,9.46822191,"1"
2064,4,30,121,9.687951798,"1"
2065,4,1,91,-0.462348306,"1"
2065,4,2,92,-0.172426926,"1"
2065,4,3,93,1.176470442,"1"
2065,4,4,94,1.512168882,"1"
2065,4,5,95,1.948576854,"1"
2065,4,6,96,2.70847605,"1"
2065,4,7,97,3.605706426,"1"
2065,4,8,98,4.182497382,"1"
2065,4,9,99,4.698252258,"1"
2065,4,10,100,4.695200454,"1"
2065,4,11,101,4.774547358,"1"
2065,4,12,102,5.583275418,"1"
2065,4,13,103,5.95864731,"1"
2065,4,14,104,5.113297602,"1"
2065,4,15,105,5.381856354,"1"
2065,4,16,106,6.425573322,"1"
2065,4,17,107,6.98100165,"1"
2065,4,18,108,7.426565034,"1"
2065,4,19,109,7.658502138,"1"
2065,4,20,110,8.265811134,"1"
2065,4,21,111,8.238344898,"1"
2065,4,22,112,8.357365254,"1"
2065,4,23,113,9.062331978,"1"
2065,4,24,114,9.62081211,"1"
2065,4,25,115,10.344089658,"1"
2065,4,26,116,10.20065487,"1"
2065,4,27,117,10.20065487,"1"
2065,4,28,118,9.922940706,"1"
2065,4,29,119,10.572974958,"1"
2065,4,30,120,12.495611478,"1"
2066,4,1,91,1.13679699,"1"
2066,4,2,92,0.843823806,"1"
2066,4,3,93,0.553902426,"1"
2066,4,4,94,0.86213463,"1"
2066,4,5,95,2.043182778,"1"
2066,4,6,96,2.57114487,"1"
2066,4,7,97,3.30357783,"1"
2066,4,8,98,3.663690702,"1"
2066,4,9,99,4.09704687,"1"
2066,4,10,100,4.655527002,"1"
2066,4,11,101,5.690088558,"1"
2066,4,12,102,5.519187534,"1"
2066,4,13,103,5.070572346,"1"
2066,4,14,104,5.71450299,"1"
2066,4,15,105,6.221102454,"1"
2066,4,16,106,7.368580758,"1"
2066,4,17,107,8.284121958,"1"
2066,4,18,108,8.134583562,"1"
2066,4,19,109,8.406194118,"1"
2066,4,20,110,8.238344898,"1"
2066,4,21,111,8.711374518,"1"
2066,4,22,112,9.065383782,"1"
2066,4,23,113,9.221025786,"1"
2066,4,24,114,9.456014694,"1"
2066,4,25,115,9.898526274,"1"
2066,4,26,116,9.49873995,"1"
2066,4,27,117,9.13252347,"1"
2066,4,28,118,10.453954602,"1"
2066,4,29,119,11.522086002,"1"
2066,4,30,120,11.692987026,"1"
2067,4,1,91,0.309758106,"1"
2067,4,2,92,1.44197739,"1"
2067,4,3,93,1.844815518,"1"
2067,4,4,94,1.820401086,"1"
2067,4,5,95,3.660638898,"1"
2067,4,6,96,4.34119119,"1"
2067,4,7,97,4.075684242,"1"
2067,4,8,98,4.518195822,"1"
2067,4,9,99,5.018691678,"1"
2067,4,10,100,5.461203258,"1"
2067,4,11,101,5.888455818,"1"
2067,4,12,102,6.053253234,"1"
2067,4,13,103,5.125504818,"1"
2067,4,14,104,6.15701457,"1"
2067,4,15,105,8.213930466,"1"
2067,4,16,106,7.945371714,"1"
2067,4,17,107,7.066452162,"1"
2067,4,18,108,7.502860134,"1"
2067,4,19,109,9.65133015,"1"
2067,4,20,110,9.379719594,"1"
2067,4,21,111,8.879223738,"1"
2067,4,22,112,9.092850018,"1"
2067,4,23,113,10.13961879,"1"
2067,4,24,114,10.377659502,"1"
2067,4,25,115,10.792704846,"1"
2067,4,26,116,9.761195094,"1"
2067,4,27,117,11.064315402,"1"
2067,4,28,118,12.599372814,"1"
2067,4,29,119,12.32165865,"1"
2067,4,30,120,11.48241255,"1"
2068,4,1,92,0.48065913,"1"
2068,4,2,93,-0.578316858,"1"
2068,4,3,94,0.67902639,"1"
2068,4,4,95,1.56404955,"1"
2068,4,5,96,2.641336362,"1"
2068,4,6,97,3.102158766,"1"
2068,4,7,98,2.977034802,"1"
2068,4,8,99,3.874265178,"1"
2068,4,9,100,4.640267982,"1"
2068,4,10,101,4.420538094,"1"
2068,4,11,102,5.543601966,"1"
2068,4,12,103,6.214998846,"1"
2068,4,13,104,6.41641791,"1"
2068,4,14,105,7.249560402,"1"
2068,4,15,106,5.915922054,"1"
2068,4,16,107,6.285190338,"1"
2068,4,17,108,7.048141338,"1"
2068,4,18,109,6.95048361,"1"
2068,4,19,110,7.219042362,"1"
2068,4,20,111,7.930112694,"1"
2068,4,21,112,8.30853639,"1"
2068,4,22,113,7.95757893,"1"
2068,4,23,114,7.991148774,"1"
2068,4,24,115,8.744944362,"1"
2068,4,25,116,10.121307966,"1"
2068,4,26,117,11.20775019,"1"
2068,4,27,118,10.975813086,"1"
2068,4,28,119,11.854732638,"1"
2068,4,29,120,12.471197046,"1"
2068,4,30,121,13.322650362,"1"
2069,4,1,91,0.584420466,"1"
2069,4,2,92,0.422674854,"1"
2069,4,3,93,0.889600866,"1"
2069,4,4,94,1.771572222,"1"
2069,4,5,95,3.10521057,"1"
2069,4,6,96,2.757304914,"1"
2069,4,7,97,2.781719346,"1"
2069,4,8,98,3.862057962,"1"
2069,4,9,99,4.530403038,"1"
2069,4,10,100,4.704355866,"1"
2069,4,11,101,5.830471542,"1"
2069,4,12,102,5.189592702,"1"
2069,4,13,103,5.311664862,"1"
2069,4,14,104,5.671777734,"1"
2069,4,15,105,6.214998846,"1"
2069,4,16,106,7.08781479,"1"
2069,4,17,107,7.402150602,"1"
2069,4,18,108,7.069503966,"1"
2069,4,19,109,7.283130246,"1"
2069,4,20,110,7.478445702,"1"
2069,4,21,111,8.143738974,"1"
2069,4,22,112,9.294269082,"1"
2069,4,23,113,8.601509574,"1"
2069,4,24,114,8.332950822,"1"
2069,4,25,115,9.230181198,"1"
2069,4,26,116,10.118256162,"1"
2069,4,27,117,9.89547447,"1"
2069,4,28,118,10.045012866,"1"
2069,4,29,119,11.226061014,"1"
2069,4,30,120,11.610588318,"1"
2070,4,1,91,1.219195698,"1"
2070,4,2,92,1.112382558,"1"
2070,4,3,93,1.481650842,"1"
2070,4,4,94,2.638284558,"1"
2070,4,5,95,3.797970078,"1"
2070,4,6,96,4.573128294,"1"
2070,4,7,97,4.487677782,"1"
2070,4,8,98,3.813229098,"1"
2070,4,9,99,3.208971906,"1"
2070,4,10,100,4.63111257,"1"
2070,4,11,101,5.427633414,"1"
2070,4,12,102,5.40932259,"1"
2070,4,13,103,5.888455818,"1"
2070,4,14,104,6.272983122,"1"
2070,4,15,105,6.800945214,"1"
2070,4,16,106,6.520179246,"1"
2070,4,17,107,6.440832342,"1"
2070,4,18,108,6.831463254,"1"
2070,4,19,109,6.938276394,"1"
2070,4,20,110,6.55374909,"1"
2070,4,21,111,6.962690826,"1"
2070,4,22,112,8.183412426,"1"
2070,4,23,113,8.998244094,"1"
2070,4,24,114,9.904629882,"1"
2070,4,25,115,10.286105382,"1"
2070,4,26,116,10.634011038,"1"
2070,4,27,117,10.835430102,"1"
2070,4,28,118,11.433583686,"1"
2070,4,29,119,12.16906845,"1"
2070,4,30,120,11.964597582,"1"
2071,4,1,91,0.752269686,"1"
2071,4,2,92,1.237506522,"1"
2071,4,3,93,1.765468614,"1"
2071,4,4,94,2.18966937,"1"
2071,4,5,95,2.302586118,"1"
2071,4,6,96,3.611810034,"1"
2071,4,7,97,3.489737874,"1"
2071,4,8,98,4.759288338,"1"
2071,4,9,99,4.179445578,"1"
2071,4,10,100,5.192644506,"1"
2071,4,11,101,5.082779562,"1"
2071,4,12,102,5.223162546,"1"
2071,4,13,103,5.305561254,"1"
2071,4,14,104,5.610741654,"1"
2071,4,15,105,5.76028005,"1"
2071,4,16,106,5.671777734,"1"
2071,4,17,107,4.823376222,"1"
2071,4,18,108,5.293354038,"1"
2071,4,19,109,4.832531634,"1"
2071,4,20,110,5.876248602,"1"
2071,4,21,111,6.282138534,"1"
2071,4,22,112,6.425573322,"1"
2071,4,23,113,7.319751894,"1"
2071,4,24,114,7.762263474,"1"
2071,4,25,115,7.78972971,"1"
2071,4,26,116,9.236284806,"1"
2071,4,27,117,9.999235806,"1"
2071,4,28,118,10.10910075,"1"
2071,4,29,119,10.685891706,"1"
2071,4,30,120,11.454946314,"1"
2072,4,1,92,0.721751646,"1"
2072,4,2,93,1.71663975,"1"
2072,4,3,94,1.582360374,"1"
2072,4,4,95,1.142900598,"1"
2072,4,5,96,1.57930857,"1"
2072,4,6,97,2.317845138,"1"
2072,4,7,98,2.705424246,"1"
2072,4,8,99,3.468375246,"1"
2072,4,9,100,3.645379878,"1"
2072,4,10,101,3.981078318,"1"
2072,4,11,102,4.457159742,"1"
2072,4,12,103,4.484625978,"1"
2072,4,13,104,5.949491898,"1"
2072,4,14,105,7.441824054,"1"
2072,4,15,106,7.124436438,"1"
2072,4,16,107,6.819256038,"1"
2072,4,17,108,7.048141338,"1"
2072,4,18,109,7.264819422,"1"
2072,4,19,110,7.30144107,"1"
2072,4,20,111,8.204775054,"1"
2072,4,21,112,7.338062718,"1"
2072,4,22,113,7.25566401,"1"
2072,4,23,114,8.345158038,"1"
2072,4,24,115,9.633019326,"1"
2072,4,25,116,10.435643778,"1"
2072,4,26,117,10.466161818,"1"
2072,4,27,118,9.294269082,"1"
2072,4,28,119,9.645226542,"1"
2072,4,29,120,10.42954017,"1"
2072,4,30,121,12.09277335,"1"
2073,4,1,91,1.680018102,"1"
2073,4,2,92,1.646448258,"1"
2073,4,3,93,1.91500701,"1"
2073,4,4,94,2.54062683,"1"
2073,4,5,95,3.60875823,"1"
2073,4,6,96,3.065537118,"1"
2073,4,7,97,3.682001526,"1"
2073,4,8,98,3.431753598,"1"
2073,4,9,99,3.477530658,"1"
2073,4,10,100,4.100098674,"1"
2073,4,11,101,4.512092214,"1"
2073,4,12,102,4.765391946,"1"
2073,4,13,103,5.45509965,"1"
2073,4,14,104,6.254672298,"1"
2073,4,15,105,5.406270786,"1"
2073,4,16,106,4.985121834,"1"
2073,4,17,107,6.58426713,"1"
2073,4,18,108,7.402150602,"1"
2073,4,19,109,7.68291657,"1"
2073,4,20,110,7.829403162,"1"
2073,4,21,111,8.281070154,"1"
2073,4,22,112,8.058288462,"1"
2073,4,23,113,8.372624274,"1"
2073,4,24,114,9.48348093,"1"
2073,4,25,115,10.807963866,"1"
2073,4,26,116,10.081634514,"1"
2073,4,27,117,10.258639146,"1"
2073,4,28,118,11.07041901,"1"
2073,4,29,119,11.241320034,"1"
2073,4,30,120,10.73472057,"1"
2074,4,1,91,2.397192042,"1"
2074,4,2,92,2.931257742,"1"
2074,4,3,93,2.96787939,"1"
2074,4,4,94,2.079804426,"1"
2074,4,5,95,2.26596447,"1"
2074,4,6,96,3.498893286,"1"
2074,4,7,97,4.667734218,"1"
2074,4,8,98,5.293354038,"1"
2074,4,9,99,4.872205086,"1"
2074,4,10,100,5.116349406,"1"
2074,4,11,101,6.166169982,"1"
2074,4,12,102,7.19462793,"1"
2074,4,13,103,6.776530782,"1"
2074,4,14,104,6.392003478,"1"
2074,4,15,105,6.938276394,"1"
2074,4,16,106,7.72869363,"1"
2074,4,17,107,8.53742169,"1"
2074,4,18,108,8.372624274,"1"
2074,4,19,109,9.019606722,"1"
2074,4,20,110,9.394978614,"1"
2074,4,21,111,9.205766766,"1"
2074,4,22,112,9.730677054,"1"
2074,4,23,113,11.381703018,"1"
2074,4,24,114,11.699090634,"1"
2074,4,25,115,12.028685466,"1"
2074,4,26,116,12.968641098,"1"
2074,4,27,117,12.236208138,"1"
2074,4,28,118,11.577018474,"1"
2074,4,29,119,12.455938026,"1"
2074,4,30,120,12.690926934,"1"
2075,4,1,91,1.399252134,"1"
2075,4,2,92,1.805142066,"1"
2075,4,3,93,2.156099526,"1"
2075,4,4,94,2.339207766,"1"
2075,4,5,95,2.711527854,"1"
2075,4,6,96,3.187609278,"1"
2075,4,7,97,4.155031146,"1"
2075,4,8,98,3.94445667,"1"
2075,4,9,99,4.353398406,"1"
2075,4,10,100,5.171281878,"1"
2075,4,11,101,5.641259694,"1"
2075,4,12,102,5.66872593,"1"
2075,4,13,103,5.903714838,"1"
2075,4,14,104,6.428625126,"1"
2075,4,15,105,6.648355014,"1"
2075,4,16,106,6.556800894,"1"
2075,4,17,107,6.61478517,"1"
2075,4,18,108,7.618828686,"1"
2075,4,19,109,7.280078442,"1"
2075,4,20,110,7.051193142,"1"
2075,4,21,111,6.727701918,"1"
2075,4,22,112,8.519110866,"1"
2075,4,23,113,8.94941523,"1"
2075,4,24,114,10.102997142,"1"
2075,4,25,115,10.026702042,"1"
2075,4,26,116,10.484472642,"1"
2075,4,27,117,11.479360746,"1"
2075,4,28,118,11.012434734,"1"
2075,4,29,119,12.217897314,"1"
2075,4,30,120,13.09986867,"1"
2076,4,1,92,1.033035654,"1"
2076,4,2,93,0.257877438,"1"
2076,4,3,94,1.466391822,"1"
2076,4,4,95,1.67086269,"1"
2076,4,5,96,2.149995918,"1"
2076,4,6,97,1.969939482,"1"
2076,4,7,98,2.269016274,"1"
2076,4,8,99,2.473487142,"1"
2076,4,9,100,2.72373507,"1"
2076,4,10,101,3.42564999,"1"
2076,4,11,102,4.576180098,"1"
2076,4,12,103,5.308613058,"1"
2076,4,13,104,5.128556622,"1"
2076,4,14,105,5.159074662,"1"
2076,4,15,106,5.400167178,"1"
2076,4,16,107,6.007476174,"1"
2076,4,17,108,5.345234706,"1"
2076,4,18,109,5.909818446,"1"
2076,4,19,110,7.59136245,"1"
2076,4,20,111,7.005416082,"1"
2076,4,21,112,6.517127442,"1"
2076,4,22,113,7.27092303,"1"
2076,4,23,114,7.27092303,"1"
2076,4,24,115,8.418401334,"1"
2076,4,25,116,9.434652066,"1"
2076,4,26,117,9.721521642,"1"
2076,4,27,118,9.379719594,"1"
2076,4,28,119,9.91073349,"1"
2076,4,29,120,9.782557722,"1"
2076,4,30,121,12.050048094,"1"
2077,4,1,91,-0.43488207,"1"
2077,4,2,92,0.157167906,"1"
2077,4,3,93,0.590524074,"1"
2077,4,4,94,0.98420679,"1"
2077,4,5,95,1.921110618,"1"
2077,4,6,96,2.244601842,"1"
2077,4,7,97,2.84580723,"1"
2077,4,8,98,3.718623174,"1"
2077,4,9,99,3.987181926,"1"
2077,4,10,100,4.811169006,"1"
2077,4,11,101,5.68398495,"1"
2077,4,12,102,5.696192166,"1"
2077,4,13,103,5.152971054,"1"
2077,4,14,104,6.016631586,"1"
2077,4,15,105,7.106125614,"1"
2077,4,16,106,7.096970202,"1"
2077,4,17,107,7.542533586,"1"
2077,4,18,108,8.809032246,"1"
2077,4,19,109,9.26985465,"1"
2077,4,20,110,9.614708502,"1"
2077,4,21,111,9.184404138,"1"
2077,4,22,112,8.78156601,"1"
2077,4,23,113,9.007399506,"1"
2077,4,24,114,10.298312598,"1"
2077,4,25,115,10.26169095,"1"
2077,4,26,116,9.779505918,"1"
2077,4,27,117,8.854809306,"1"
2077,4,28,118,9.14778249,"1"
2077,4,29,119,10.005339414,"1"
2077,4,30,120,12.025633662,"1"
2078,4,1,91,3.355458498,"1"
2078,4,2,92,3.077744334,"1"
2078,4,3,93,2.156099526,"1"
2078,4,4,94,2.980086606,"1"
2078,4,5,95,3.340199478,"1"
2078,4,6,96,3.065537118,"1"
2078,4,7,97,2.67795801,"1"
2078,4,8,98,3.34935489,"1"
2078,4,9,99,3.663690702,"1"
2078,4,10,100,4.18860099,"1"
2078,4,11,101,4.817272614,"1"
2078,4,12,102,4.869153282,"1"
2078,4,13,103,6.788737998,"1"
2078,4,14,104,7.945371714,"1"
2078,4,15,105,7.801936926,"1"
2078,4,16,106,8.009459598,"1"
2078,4,17,107,7.59136245,"1"
2078,4,18,108,8.970777858,"1"
2078,4,19,109,8.65949385,"1"
2078,4,20,110,8.192567838,"1"
2078,4,21,111,8.619820398,"1"
2078,4,22,112,8.641183026,"1"
2078,4,23,113,7.588310646,"1"
2078,4,24,114,7.658502138,"1"
2078,4,25,115,8.229189486,"1"
2078,4,26,116,9.007399506,"1"
2078,4,27,117,9.678796386,"1"
2078,4,28,118,10.26169095,"1"
2078,4,29,119,10.50583527,"1"
2078,4,30,120,10.753031394,"1"
2079,4,1,91,-0.199893162,"1"
2079,4,2,92,1.011673026,"1"
2079,4,3,93,2.76951213,"1"
2079,4,4,94,3.36461391,"1"
2079,4,5,95,3.511100502,"1"
2079,4,6,96,2.687113422,"1"
2079,4,7,97,2.522316006,"1"
2079,4,8,98,3.450064422,"1"
2079,4,9,99,3.965819298,"1"
2079,4,10,100,4.710459474,"1"
2079,4,11,101,4.347294798,"1"
2079,4,12,102,3.743037606,"1"
2079,4,13,103,5.25673239,"1"
2079,4,14,104,5.372700942,"1"
2079,4,15,105,5.641259694,"1"
2079,4,16,106,6.938276394,"1"
2079,4,17,107,8.104065522,"1"
2079,4,18,108,9.49873995,"1"
2079,4,19,109,9.593345874,"1"
2079,4,20,110,9.721521642,"1"
2079,4,21,111,10.374607698,"1"
2079,4,22,112,10.554664134,"1"
2079,4,23,113,9.764246898,"1"
2079,4,24,114,9.083694606,"1"
2079,4,25,115,9.51399897,"1"
2079,4,26,116,10.88731077,"1"
2079,4,27,117,9.71236623,"1"
2079,4,28,118,9.709314426,"1"
2079,4,29,119,11.14671411,"1"
2079,4,30,120,12.315555042,"1"
2080,4,1,92,0.184634142,"1"
2080,4,2,93,0.553902426,"1"
2080,4,3,94,1.020828438,"1"
2080,4,4,95,1.179522246,"1"
2080,4,5,96,1.127641578,"1"
2080,4,6,97,2.61692193,"1"
2080,4,7,98,2.796978366,"1"
2080,4,8,99,2.43381369,"1"
2080,4,9,100,2.687113422,"1"
2080,4,10,101,3.327992262,"1"
2080,4,11,102,4.597542726,"1"
2080,4,12,103,4.499884998,"1"
2080,4,13,104,5.506980318,"1"
2080,4,14,105,5.125504818,"1"
2080,4,15,106,5.308613058,"1"
2080,4,16,107,6.068512254,"1"
2080,4,17,108,6.800945214,"1"
2080,4,18,109,7.655450334,"1"
2080,4,19,110,7.36247715,"1"
2080,4,20,111,7.048141338,"1"
2080,4,21,112,7.548637194,"1"
2080,4,22,113,7.609673274,"1"
2080,4,23,114,8.097961914,"1"
2080,4,24,115,9.053176566,"1"
2080,4,25,116,9.501791754,"1"
2080,4,26,117,9.443807478,"1"
2080,4,27,118,10.774394022,"1"
2080,4,28,119,12.41321277,"1"
2080,4,29,120,12.568854774,"1"
2080,4,30,121,12.922864038,"1"
2081,4,1,91,1.994353914,"1"
2081,4,2,92,2.345311374,"1"
2081,4,3,93,1.62508563,"1"
2081,4,4,94,1.67086269,"1"
2081,4,5,95,1.817349282,"1"
2081,4,6,96,2.504005182,"1"
2081,4,7,97,2.534523222,"1"
2081,4,8,98,2.900739702,"1"
2081,4,9,99,1.850919126,"1"
2081,4,10,100,2.589455694,"1"
2081,4,11,101,3.642328074,"1"
2081,4,12,102,4.03601079,"1"
2081,4,13,103,3.575188386,"1"
2081,4,14,104,4.139772126,"1"
2081,4,15,105,4.838635242,"1"
2081,4,16,106,5.647363302,"1"
2081,4,17,107,6.031890606,"1"
2081,4,18,108,6.50797203,"1"
2081,4,19,109,7.481497506,"1"
2081,4,20,110,7.734797238,"1"
2081,4,21,111,8.052184854,"1"
2081,4,22,112,8.769358794,"1"
2081,4,23,113,9.294269082,"1"
2081,4,24,114,9.571983246,"1"
2081,4,25,115,9.629967522,"1"
2081,4,26,116,9.868008234,"1"
2081,4,27,117,10.145722398,"1"
2081,4,28,118,10.646218254,"1"
2081,4,29,119,11.903561502,"1"
2081,4,30,120,13.26771789,"1"
2082,4,1,91,2.269016274,"1"
2082,4,2,92,2.406347454,"1"
2082,4,3,93,2.290378902,"1"
2082,4,4,94,2.28122349,"1"
2082,4,5,95,2.80003017,"1"
2082,4,6,96,2.442969102,"1"
2082,4,7,97,2.992293822,"1"
2082,4,8,98,3.352406694,"1"
2082,4,9,99,3.651483486,"1"
2082,4,10,100,4.335087582,"1"
2082,4,11,101,4.75318473,"1"
2082,4,12,102,4.917982146,"1"
2082,4,13,103,5.687036754,"1"
2082,4,14,104,7.203783342,"1"
2082,4,15,105,7.322803698,"1"
2082,4,16,106,8.039977638,"1"
2082,4,17,107,8.320743606,"1"
2082,4,18,108,8.07965109,"1"
2082,4,19,109,8.198671446,"1"
2082,4,20,110,6.984053454,"1"
2082,4,21,111,6.993208866,"1"
2082,4,22,112,7.765315278,"1"
2082,4,23,113,8.790721422,"1"
2082,4,24,114,9.355305162,"1"
2082,4,25,115,9.221025786,"1"
2082,4,26,116,9.556724226,"1"
2082,4,27,117,10.740824178,"1"
2082,4,28,118,11.241320034,"1"
2082,4,29,119,11.183335758,"1"
2082,4,30,120,10.514990682,"1"
2083,4,1,91,1.103227146,"1"
2083,4,2,92,1.139848794,"1"
2083,4,3,93,1.44197739,"1"
2083,4,4,94,0.788891334,"1"
2083,4,5,95,0.630197526,"1"
2083,4,6,96,1.481650842,"1"
2083,4,7,97,2.12863329,"1"
2083,4,8,98,2.690165226,"1"
2083,4,9,99,3.099106962,"1"
2083,4,10,100,3.450064422,"1"
2083,4,11,101,4.228274442,"1"
2083,4,12,102,4.716563082,"1"
2083,4,13,103,4.90577493,"1"
2083,4,14,104,4.194704598,"1"
2083,4,15,105,3.816280902,"1"
2083,4,16,106,4.49378139,"1"
2083,4,17,107,5.473410474,"1"
2083,4,18,108,7.048141338,"1"
2083,4,19,109,7.585258842,"1"
2083,4,20,110,7.707331002,"1"
2083,4,21,111,8.67475287,"1"
2083,4,22,112,8.619820398,"1"
2083,4,23,113,8.516059062,"1"
2083,4,24,114,8.70527091,"1"
2083,4,25,115,9.263751042,"1"
2083,4,26,116,9.43770387,"1"
2083,4,27,117,10.38376311,"1"
2083,4,28,118,10.005339414,"1"
2083,4,29,119,10.197603066,"1"
2083,4,30,120,10.576026762,"1"
2084,4,1,92,1.539635118,"1"
2084,4,2,93,2.668802598,"1"
2084,4,3,94,3.590447406,"1"
2084,4,4,95,2.192721174,"1"
2084,4,5,96,2.720683266,"1"
2084,4,6,97,2.595559302,"1"
2084,4,7,98,2.293430706,"1"
2084,4,8,99,3.709467762,"1"
2084,4,9,100,3.984130122,"1"
2084,4,10,101,3.50194509,"1"
2084,4,11,102,3.404287362,"1"
2084,4,12,103,3.840695334,"1"
2084,4,13,104,5.418478002,"1"
2084,4,14,105,5.931181074,"1"
2084,4,15,106,5.50087671,"1"
2084,4,16,107,5.787746286,"1"
2084,4,17,108,6.227206062,"1"
2084,4,18,109,6.239413278,"1"
2084,4,19,110,7.200731538,"1"
2084,4,20,111,8.986036878,"1"
2084,4,21,112,10.01754663,"1"
2084,4,22,113,9.050124762,"1"
2084,4,23,114,8.500800042,"1"
2084,4,24,115,8.632027614,"1"
2084,4,25,116,9.340046142,"1"
2084,4,26,117,8.717478126,"1"
2084,4,27,118,9.581138658,"1"
2084,4,28,119,10.569923154,"1"
2084,4,29,120,11.213853798,"1"
2084,4,30,121,10.960554066,"1"
2085,4,1,91,-0.199893162,"1"
2085,4,2,92,0.514228974,"1"
2085,4,3,93,0.981154986,"1"
2085,4,4,94,2.171358546,"1"
2085,4,5,95,1.933317834,"1"
2085,4,6,96,1.35042327,"1"
2085,4,7,97,1.902799794,"1"
2085,4,8,98,2.500953378,"1"
2085,4,9,99,2.702372442,"1"
2085,4,10,100,3.254748966,"1"
2085,4,11,101,4.618905354,"1"
2085,4,12,102,4.52429943,"1"
2085,4,13,103,5.000380854,"1"
2085,4,14,104,6.245516886,"1"
2085,4,15,105,6.849774078,"1"
2085,4,16,106,7.130540046,"1"
2085,4,17,107,6.11123751,"1"
2085,4,18,108,5.900663034,"1"
2085,4,19,109,7.219042362,"1"
2085,4,20,110,8.241396702,"1"
2085,4,21,111,8.525214474,"1"
2085,4,22,112,8.336002626,"1"
2085,4,23,113,8.345158038,"1"
2085,4,24,114,9.211870374,"1"
2085,4,25,115,10.09384173,"1"
2085,4,26,116,9.950406942,"1"
2085,4,27,117,10.356296874,"1"
2085,4,28,118,10.713357942,"1"
2085,4,29,119,11.549552238,"1"
2085,4,30,120,11.961545778,"1"
2086,4,1,91,0.60273129,"1"
2086,4,2,92,1.12153797,"1"
2086,4,3,93,2.055389994,"1"
2086,4,4,94,2.482642554,"1"
2086,4,5,95,2.70847605,"1"
2086,4,6,96,2.858014446,"1"
2086,4,7,97,4.31067315,"1"
2086,4,8,98,4.542610254,"1"
2086,4,9,99,4.975966422,"1"
2086,4,10,100,4.72266669,"1"
2086,4,11,101,4.838635242,"1"
2086,4,12,102,5.555809182,"1"
2086,4,13,103,5.503928514,"1"
2086,4,14,104,5.799953502,"1"
2086,4,15,105,5.665674126,"1"
2086,4,16,106,6.282138534,"1"
2086,4,17,107,7.14885087,"1"
2086,4,18,108,7.716486414,"1"
2086,4,19,109,7.945371714,"1"
2086,4,20,110,7.94231991,"1"
2086,4,21,111,8.36957247,"1"
2086,4,22,112,9.05622837,"1"
2086,4,23,113,9.623863914,"1"
2086,4,24,114,8.867016522,"1"
2086,4,25,115,8.317691802,"1"
2086,4,26,116,9.031813938,"1"
2086,4,27,117,9.993132198,"1"
2086,4,28,118,10.26169095,"1"
2086,4,29,119,11.567863062,"1"
2086,4,30,120,12.162964842,"1"
2087,4,1,91,1.48775445,"1"
2087,4,2,92,1.170366834,"1"
2087,4,3,93,2.162203134,"1"
2087,4,4,94,3.233386338,"1"
2087,4,5,95,3.971922906,"1"
2087,4,6,96,3.846798942,"1"
2087,4,7,97,4.640267982,"1"
2087,4,8,98,3.871213374,"1"
2087,4,9,99,4.261844286,"1"
2087,4,10,100,5.082779562,"1"
2087,4,11,101,5.101090386,"1"
2087,4,12,102,5.061416934,"1"
2087,4,13,103,4.948500186,"1"
2087,4,14,104,5.351338314,"1"
2087,4,15,105,5.433737022,"1"
2087,4,16,106,5.107193994,"1"
2087,4,17,107,6.468298578,"1"
2087,4,18,108,7.139695458,"1"
2087,4,19,109,7.374684366,"1"
2087,4,20,110,8.137635366,"1"
2087,4,21,111,7.994200578,"1"
2087,4,22,112,7.032882318,"1"
2087,4,23,113,7.658502138,"1"
2087,4,24,114,8.747996166,"1"
2087,4,25,115,9.51399897,"1"
2087,4,26,116,10.160981418,"1"
2087,4,27,117,10.84153371,"1"
2087,4,28,118,10.518042486,"1"
2087,4,29,119,10.762186806,"1"
2087,4,30,120,10.981916694,"1"
2088,4,1,92,2.80003017,"1"
2088,4,2,93,2.427710082,"1"
2088,4,3,94,1.841763714,"1"
2088,4,4,95,0.58747227,"1"
2088,4,5,96,2.073700818,"1"
2088,4,6,97,3.581291994,"1"
2088,4,7,98,4.805065398,"1"
2088,4,8,99,4.911878538,"1"
2088,4,9,100,4.811169006,"1"
2088,4,10,101,4.933241166,"1"
2088,4,11,102,6.09597849,"1"
2088,4,12,103,5.223162546,"1"
2088,4,13,104,5.131608426,"1"
2088,4,14,105,5.934232878,"1"
2088,4,15,106,5.891507622,"1"
2088,4,16,107,7.188524322,"1"
2088,4,17,108,5.781642678,"1"
2088,4,18,109,6.099030294,"1"
2088,4,19,110,6.681924858,"1"
2088,4,20,111,7.444875858,"1"
2088,4,21,112,7.365528954,"1"
2088,4,22,113,7.795833318,"1"
2088,4,23,114,9.159989706,"1"
2088,4,24,115,8.940259818,"1"
2088,4,25,116,8.067443874,"1"
2088,4,26,117,8.448919374,"1"
2088,4,27,118,9.492636342,"1"
2088,4,28,119,10.133515182,"1"
2088,4,29,120,11.491567962,"1"
2088,4,30,121,11.90966511,"1"
2089,4,1,91,0.459296502,"1"
2089,4,2,92,-0.379949598,"1"
2089,4,3,93,-0.54169521,"1"
2089,4,4,94,0.444037482,"1"
2089,4,5,95,0.929274318,"1"
2089,4,6,96,1.509117078,"1"
2089,4,7,97,2.598611106,"1"
2089,4,8,98,2.568093066,"1"
2089,4,9,99,2.384984826,"1"
2089,4,10,100,1.292438994,"1"
2089,4,11,101,2.86106625,"1"
2089,4,12,102,4.658578806,"1"
2089,4,13,103,5.967802722,"1"
2089,4,14,104,6.489661206,"1"
2089,4,15,105,7.304492874,"1"
2089,4,16,106,6.96574263,"1"
2089,4,17,107,6.907758354,"1"
2089,4,18,108,6.834515058,"1"
2089,4,19,109,7.078659378,"1"
2089,4,20,110,7.396046994,"1"
2089,4,21,111,8.815135854,"1"
2089,4,22,112,9.660485562,"1"
2089,4,23,113,10.057220082,"1"
2089,4,24,114,9.474325518,"1"
2089,4,25,115,9.739832466,"1"
2089,4,26,116,10.133515182,"1"
2089,4,27,117,10.64316645,"1"
2089,4,28,118,10.991072106,"1"
2089,4,29,119,11.595329298,"1"
2089,4,30,120,11.384754822,"1"
2090,4,1,91,0.440985678,"1"
2090,4,2,92,0.041199354,"1"
2090,4,3,93,-0.538643406,"1"
2090,4,4,94,-0.529487994,"1"
2090,4,5,95,1.359578682,"1"
2090,4,6,96,2.751201306,"1"
2090,4,7,97,3.245593554,"1"
2090,4,8,98,3.056381706,"1"
2090,4,9,99,3.895627806,"1"
2090,4,10,100,4.914930342,"1"
2090,4,11,101,4.686045042,"1"
2090,4,12,102,4.99732905,"1"
2090,4,13,103,5.659570518,"1"
2090,4,14,104,6.193636218,"1"
2090,4,15,105,6.29434575,"1"
2090,4,16,106,6.028838802,"1"
2090,4,17,107,5.967802722,"1"
2090,4,18,108,6.428625126,"1"
2090,4,19,109,6.938276394,"1"
2090,4,20,110,8.223085878,"1"
2090,4,21,111,8.332950822,"1"
2090,4,22,112,10.01754663,"1"
2090,4,23,113,10.365452286,"1"
2090,4,24,114,9.288165474,"1"
2090,4,25,115,8.943311622,"1"
2090,4,26,116,10.310519814,"1"
2090,4,27,117,10.27694997,"1"
2090,4,28,118,10.228121106,"1"
2090,4,29,119,9.962614158,"1"
2090,4,30,120,11.128403286,"1"
2091,4,1,91,0.83161659,"1"
2091,4,2,92,0.856031022,"1"
2091,4,3,93,1.591515786,"1"
2091,4,4,94,2.455176318,"1"
2091,4,5,95,1.811245674,"1"
2091,4,6,96,1.499961666,"1"
2091,4,7,97,3.541618542,"1"
2091,4,8,98,3.66979431,"1"
2091,4,9,99,3.346303086,"1"
2091,4,10,100,3.871213374,"1"
2091,4,11,101,3.865109766,"1"
2091,4,12,102,3.797970078,"1"
2091,4,13,103,3.932249454,"1"
2091,4,14,104,5.04310611,"1"
2091,4,15,105,6.327915594,"1"
2091,4,16,106,6.834515058,"1"
2091,4,17,107,7.844662182,"1"
2091,4,18,108,8.665597458,"1"
2091,4,19,109,8.67475287,"1"
2091,4,20,110,7.554740802,"1"
2091,4,21,111,8.500800042,"1"
2091,4,22,112,10.670632686,"1"
2091,4,23,113,11.058211794,"1"
2091,4,24,114,10.655373666,"1"
2091,4,25,115,11.363392194,"1"
2091,4,26,116,11.54344863,"1"
2091,4,27,117,10.93308783,"1"
2091,4,28,118,11.952390366,"1"
2091,4,29,119,11.348133174,"1"
2091,4,30,120,11.128403286,"1"
2092,4,1,92,2.18966937,"1"
2092,4,2,93,2.488746162,"1"
2092,4,3,94,1.86922995,"1"
2092,4,4,95,2.766460326,"1"
2092,4,5,96,2.305637922,"1"
2092,4,6,97,2.827496406,"1"
2092,4,7,98,3.529411326,"1"
2092,4,8,99,4.045166202,"1"
2092,4,9,100,4.847790654,"1"
2092,4,10,101,5.406270786,"1"
2092,4,11,102,5.54665377,"1"
2092,4,12,103,5.177385486,"1"
2092,4,13,104,5.024795286,"1"
2092,4,14,105,5.015639874,"1"
2092,4,15,106,5.812160718,"1"
2092,4,16,107,6.700235682,"1"
2092,4,17,108,7.310596482,"1"
2092,4,18,109,8.238344898,"1"
2092,4,19,110,9.462118302,"1"
2092,4,20,111,8.931104406,"1"
2092,4,21,112,8.56793973,"1"
2092,4,22,113,9.367512378,"1"
2092,4,23,114,9.440755674,"1"
2092,4,24,115,9.526206186,"1"
2092,4,25,116,10.164033222,"1"
2092,4,26,117,11.537345022,"1"
2092,4,27,118,10.71946155,"1"
2092,4,28,119,10.243380126,"1"
2092,4,29,120,11.32982235,"1"
2092,4,30,121,11.854732638,"1"
2093,4,1,91,0.99946581,"1"
2093,4,2,92,2.299534314,"1"
2093,4,3,93,2.278171686,"1"
2093,4,4,94,1.872281754,"1"
2093,4,5,95,1.47249543,"1"
2093,4,6,96,2.546730438,"1"
2093,4,7,97,3.172350258,"1"
2093,4,8,98,4.423589898,"1"
2093,4,9,99,4.393071858,"1"
2093,4,10,100,4.756236534,"1"
2093,4,11,101,4.40222727,"1"
2093,4,12,102,5.201799918,"1"
2093,4,13,103,6.169221786,"1"
2093,4,14,104,5.192644506,"1"
2093,4,15,105,5.018691678,"1"
2093,4,16,106,6.08071947,"1"
2093,4,17,107,6.746012742,"1"
2093,4,18,108,7.151902674,"1"
2093,4,19,109,8.38483149,"1"
2093,4,20,110,8.96467425,"1"
2093,4,21,111,10.066375494,"1"
2093,4,22,112,9.861904626,"1"
2093,4,23,113,9.275958258,"1"
2093,4,24,114,10.075530906,"1"
2093,4,25,115,10.011443022,"1"
2093,4,26,116,10.435643778,"1"
2093,4,27,117,10.78049763,"1"
2093,4,28,118,11.332874154,"1"
2093,4,29,119,10.975813086,"1"
2093,4,30,120,10.68894351,"1"
2094,4,1,91,1.316853426,"1"
2094,4,2,92,2.531471418,"1"
2094,4,3,93,2.809185582,"1"
2094,4,4,94,2.378881218,"1"
2094,4,5,95,2.934309546,"1"
2094,4,6,96,2.320896942,"1"
2094,4,7,97,2.37277761,"1"
2094,4,8,98,3.398183754,"1"
2094,4,9,99,3.801021882,"1"
2094,4,10,100,4.054321614,"1"
2094,4,11,101,4.365605622,"1"
2094,4,12,102,4.637216178,"1"
2094,4,13,103,5.473410474,"1"
2094,4,14,104,5.80605711,"1"
2094,4,15,105,6.66056223,"1"
2094,4,16,106,6.999312474,"1"
2094,4,17,107,6.147859158,"1"
2094,4,18,108,6.120392922,"1"
2094,4,19,109,6.929120982,"1"
2094,4,20,110,7.325855502,"1"
2094,4,21,111,8.27801835,"1"
2094,4,22,112,8.821239462,"1"
2094,4,23,113,10.426488366,"1"
2094,4,24,114,9.959562354,"1"
2094,4,25,115,7.66765755,"1"
2094,4,26,116,8.622872202,"1"
2094,4,27,117,9.187455942,"1"
2094,4,28,118,9.694055406,"1"
2094,4,29,119,10.07858271,"1"
2094,4,30,120,11.326770546,"1"
2095,4,1,91,0.059510178,"1"
2095,4,2,92,0.044251158,"1"
2095,4,3,93,0.944533338,"1"
2095,4,4,94,0.685129998,"1"
2095,4,5,95,0.471503718,"1"
2095,4,6,96,0.956740554,"1"
2095,4,7,97,1.039139262,"1"
2095,4,8,98,1.628137434,"1"
2095,4,9,99,2.793926562,"1"
2095,4,10,100,3.321888654,"1"
2095,4,11,101,2.674906206,"1"
2095,4,12,102,3.529411326,"1"
2095,4,13,103,4.200808206,"1"
2095,4,14,104,4.322880366,"1"
2095,4,15,105,5.146867446,"1"
2095,4,16,106,5.876248602,"1"
2095,4,17,107,6.959639022,"1"
2095,4,18,108,7.960630734,"1"
2095,4,19,109,8.952467034,"1"
2095,4,20,110,7.68291657,"1"
2095,4,21,111,7.341114522,"1"
2095,4,22,112,8.284121958,"1"
2095,4,23,113,9.599449482,"1"
2095,4,24,114,10.26169095,"1"
2095,4,25,115,10.237276518,"1"
2095,4,26,116,9.825282978,"1"
2095,4,27,117,10.499731662,"1"
2095,4,28,118,10.969709478,"1"
2095,4,29,119,11.241320034,"1"
2095,4,30,120,10.38376311,"1"
2096,4,1,92,1.033035654,"1"
2096,4,2,93,0.92317071,"1"
2096,4,3,94,1.65560367,"1"
2096,4,4,95,2.537575026,"1"
2096,4,5,96,1.93026603,"1"
2096,4,6,97,1.39620033,"1"
2096,4,7,98,1.780727634,"1"
2096,4,8,99,2.29648251,"1"
2096,4,9,100,2.409399258,"1"
2096,4,10,101,2.41855467,"1"
2096,4,11,102,3.221179122,"1"
2096,4,12,103,4.423589898,"1"
2096,4,13,104,5.427633414,"1"
2096,4,14,105,6.15701457,"1"
2096,4,15,106,6.361485438,"1"
2096,4,16,107,6.855877686,"1"
2096,4,17,108,7.136643654,"1"
2096,4,18,109,6.70633929,"1"
2096,4,19,110,7.783626102,"1"
2096,4,20,111,7.49980833,"1"
2096,4,21,112,8.876171934,"1"
2096,4,22,113,9.48348093,"1"
2096,4,23,114,9.996184002,"1"
2096,4,24,115,10.090789926,"1"
2096,4,25,116,10.304416206,"1"
2096,4,26,117,10.655373666,"1"
2096,4,27,118,10.267794558,"1"
2096,4,28,119,10.502783466,"1"
2096,4,29,120,10.392918522,"1"
2096,4,30,121,10.084686318,"1"
2097,4,1,91,1.866178146,"1"
2097,4,2,92,2.735942286,"1"
2097,4,3,93,2.915998722,"1"
2097,4,4,94,3.462271638,"1"
2097,4,5,95,3.682001526,"1"
2097,4,6,96,4.057373418,"1"
2097,4,7,97,3.682001526,"1"
2097,4,8,98,3.18150567,"1"
2097,4,9,99,2.995345626,"1"
2097,4,10,100,4.466315154,"1"
2097,4,11,101,5.357441922,"1"
2097,4,12,102,5.619897066,"1"
2097,4,13,103,5.268939606,"1"
2097,4,14,104,6.27908673,"1"
2097,4,15,105,6.12649653,"1"
2097,4,16,106,7.313648286,"1"
2097,4,17,107,6.61478517,"1"
2097,4,18,108,6.846722274,"1"
2097,4,19,109,8.01861501,"1"
2097,4,20,110,8.793773226,"1"
2097,4,21,111,9.20881857,"1"
2097,4,22,112,10.09384173,"1"
2097,4,23,113,10.432591974,"1"
2097,4,24,114,10.463110014,"1"
2097,4,25,115,10.56687135,"1"
2097,4,26,116,11.088729834,"1"
2097,4,27,117,11.195542974,"1"
2097,4,28,118,10.50583527,"1"
2097,4,29,119,11.091781638,"1"
2097,4,30,120,11.577018474,"1"
2098,4,1,91,-0.639352938,"1"
2098,4,2,92,-1.164263226,"1"
2098,4,3,93,-0.971999574,"1"
2098,4,4,94,0.410467638,"1"
2098,4,5,95,2.076752622,"1"
2098,4,6,96,2.369725806,"1"
2098,4,7,97,2.119477878,"1"
2098,4,8,98,2.500953378,"1"
2098,4,9,99,2.430761886,"1"
2098,4,10,100,1.99130211,"1"
2098,4,11,101,3.270007986,"1"
2098,4,12,102,3.91393863,"1"
2098,4,13,103,5.42458161,"1"
2098,4,14,104,6.291293946,"1"
2098,4,15,105,6.285190338,"1"
2098,4,16,106,6.01968339,"1"
2098,4,17,107,6.330967398,"1"
2098,4,18,108,6.382848066,"1"
2098,4,19,109,7.36247715,"1"
2098,4,20,110,7.792781514,"1"
2098,4,21,111,7.350269934,"1"
2098,4,22,112,7.14885087,"1"
2098,4,23,113,7.07255577,"1"
2098,4,24,114,8.671701066,"1"
2098,4,25,115,10.206758478,"1"
2098,4,26,116,11.137558698,"1"
2098,4,27,117,11.103988854,"1"
2098,4,28,118,9.965665962,"1"
2098,4,29,119,9.40718583,"1"
2098,4,30,120,10.685891706,"1"
2099,4,1,91,0.40436403,"1"
2099,4,2,92,1.020828438,"1"
2099,4,3,93,1.329060642,"1"
2099,4,4,94,2.64743997,"1"
2099,4,5,95,3.544670346,"1"
2099,4,6,96,3.065537118,"1"
2099,4,7,97,2.049286386,"1"
2099,4,8,98,2.989242018,"1"
2099,4,9,99,4.319828562,"1"
2099,4,10,100,5.842678758,"1"
2099,4,11,101,6.791789802,"1"
2099,4,12,102,6.099030294,"1"
2099,4,13,103,5.659570518,"1"
2099,4,14,104,4.53955845,"1"
2099,4,15,105,4.100098674,"1"
2099,4,16,106,4.866101478,"1"
2099,4,17,107,6.117341118,"1"
2099,4,18,108,6.724650114,"1"
2099,4,19,109,6.657510426,"1"
2099,4,20,110,7.167161694,"1"
2099,4,21,111,7.243456794,"1"
2099,4,22,112,7.569999822,"1"
2099,4,23,113,7.707331002,"1"
2099,4,24,114,7.823299554,"1"
2099,4,25,115,9.227129394,"1"
2099,4,26,116,10.469213622,"1"
2099,4,27,117,11.66552079,"1"
2099,4,28,118,11.644158162,"1"
2099,4,29,119,11.387806626,"1"
2099,4,30,120,11.531241414,"1"
2100,4,1,91,-0.09918363,"1"
2100,4,2,92,0.19073775,"1"
2100,4,3,93,0.376897794,"1"
2100,4,4,94,-0.459296502,"1"
2100,4,5,95,-0.285343674,"1"
2100,4,6,96,1.332112446,"1"
2100,4,7,97,2.543678634,"1"
2100,4,8,98,2.796978366,"1"
2100,4,9,99,2.452124514,"1"
2100,4,10,100,3.208971906,"1"
2100,4,11,101,2.949568566,"1"
2100,4,12,102,3.199816494,"1"
2100,4,13,103,3.950560278,"1"
2100,4,14,104,4.66163061,"1"
2100,4,15,105,6.007476174,"1"
2100,4,16,106,6.810100626,"1"
2100,4,17,107,6.785686194,"1"
2100,4,18,108,6.898602942,"1"
2100,4,19,109,7.618828686,"1"
2100,4,20,110,7.780574298,"1"
2100,4,21,111,7.719538218,"1"
2100,4,22,112,8.497748238,"1"
2100,4,23,113,8.378727882,"1"
2100,4,24,114,8.714426322,"1"
2100,4,25,115,8.91889719,"1"
2100,4,26,116,8.06439207,"1"
2100,4,27,117,8.256655722,"1"
2100,4,28,118,7.985045166,"1"
2100,4,29,119,9.242388414,"1"
2100,4,30,120,10.411229346,"1"
2025,5,1,121,7.22514597,"1"
2025,5,2,122,7.725641826,"1"
2025,5,3,123,8.47638561,"1"
2025,5,4,124,8.41534953,"1"
2025,5,5,125,9.657433758,"1"
2025,5,6,126,10.347141462,"1"
2025,5,7,127,10.579078566,"1"
2025,5,8,128,10.457006406,"1"
2025,5,9,129,11.464101726,"1"
2025,5,10,130,10.057220082,"1"
2025,5,11,131,10.41428115,"1"
2025,5,12,132,10.472265426,"1"
2025,5,13,133,10.130463378,"1"
2025,5,14,134,11.42137647,"1"
2025,5,15,135,11.534293218,"1"
2025,5,16,136,10.896466182,"1"
2025,5,17,137,11.851680834,"1"
2025,5,18,138,12.681771522,"1"
2025,5,19,139,13.63393437,"1"
2025,5,20,140,13.289080518,"1"
2025,5,21,141,13.37453103,"1"
2025,5,22,142,13.670556018,"1"
2025,5,23,143,12.251467158,"1"
2025,5,24,144,12.35217669,"1"
2025,5,25,145,13.392841854,"1"
2025,5,26,146,14.314486662,"1"
2025,5,27,147,14.79361989,"1"
2025,5,28,148,15.486379398,"1"
2025,5,29,149,15.416187906,"1"
2025,5,30,150,16.017393294,"1"
2025,5,31,151,15.013349778,"1"
2026,5,1,121,7.338062718,"1"
2026,5,2,122,7.234301382,"1"
2026,5,3,123,7.78972971,"1"
2026,5,4,124,7.960630734,"1"
2026,5,5,125,8.220034074,"1"
2026,5,6,126,7.78972971,"1"
2026,5,7,127,7.88128383,"1"
2026,5,8,128,9.745936074,"1"
2026,5,9,129,9.547568814,"1"
2026,5,10,130,8.937208014,"1"
2026,5,11,131,9.877163646,"1"
2026,5,12,132,12.068358918,"1"
2026,5,13,133,11.65026177,"1"
2026,5,14,134,10.74997959,"1"
2026,5,15,135,10.997175714,"1"
2026,5,16,136,11.720453262,"1"
2026,5,17,137,12.373539318,"1"
2026,5,18,138,12.629890854,"1"
2026,5,19,139,12.96253749,"1"
2026,5,20,140,13.502706798,"1"
2026,5,21,141,13.61867535,"1"
2026,5,22,142,13.600364526,"1"
2026,5,23,143,13.661400606,"1"
2026,5,24,144,14.39688537,"1"
2026,5,25,145,14.622718866,"1"
2026,5,26,146,14.973676326,"1"
2026,5,27,147,14.631874278,"1"
2026,5,28,148,14.705117574,"1"
2026,5,29,149,14.665444122,"1"
2026,5,30,150,15.690850266,"1"
2026,5,31,151,16.096740198,"1"
2027,5,1,121,7.478445702,"1"
2027,5,2,122,7.945371714,"1"
2027,5,3,123,7.951475322,"1"
2027,5,4,124,7.71343461,"1"
2027,5,5,125,8.329899018,"1"
2027,5,6,126,8.638131222,"1"
2027,5,7,127,8.351261646,"1"
2027,5,8,128,9.001295898,"1"
2027,5,9,129,9.709314426,"1"
2027,5,10,130,10.005339414,"1"
2027,5,11,131,11.049056382,"1"
2027,5,12,132,10.930036026,"1"
2027,5,13,133,11.171128542,"1"
2027,5,14,134,12.117187782,"1"
2027,5,15,135,13.005262746,"1"
2027,5,16,136,14.055083322,"1"
2027,5,17,137,14.85465597,"1"
2027,5,18,138,14.552527374,"1"
2027,5,19,139,14.201569914,"1"
2027,5,20,140,14.125274814,"1"
2027,5,21,141,13.859767866,"1"
2027,5,22,142,14.064238734,"1"
2027,5,23,143,14.711221182,"1"
2027,5,24,144,15.553519086,"1"
2027,5,25,145,15.599296146,"1"
2027,5,26,146,15.17509539,"1"
2027,5,27,147,15.400928886,"1"
2027,5,28,148,15.80071521,"1"
2027,5,29,149,16.194397926,"1"
2027,5,30,150,16.581977034,"1"
2027,5,31,151,16.581977034,"1"
2028,5,1,122,7.548637194,"1"
2028,5,2,123,8.223085878,"1"
2028,5,3,124,8.601509574,"1"
2028,5,4,125,8.427556746,"1"
2028,5,5,126,8.067443874,"1"
2028,5,6,127,8.69001189,"1"
2028,5,7,128,9.199663158,"1"
2028,5,8,129,9.687951798,"1"
2028,5,9,130,10.06332369,"1"
2028,5,10,131,10.32272703,"1"
2028,5,11,132,10.112152554,"1"
2028,5,12,133,9.959562354,"1"
2028,5,13,134,10.991072106,"1"
2028,5,14,135,12.141602214,"1"
2028,5,15,136,11.290148898,"1"
2028,5,16,137,11.19249117,"1"
2028,5,17,138,12.806895486,"1"
2028,5,18,139,13.69497045,"1"
2028,5,19,140,12.837413526,"1"
2028,5,20,141,11.900509698,"1"
2028,5,21,142,12.468145242,"1"
2028,5,22,143,13.652245194,"1"
2028,5,23,144,15.54131187,"1"
2028,5,24,145,17.351031642,"1"
2028,5,25,146,17.183182422,"1"
2028,5,26,147,16.346988126,"1"
2028,5,27,148,15.70916109,"1"
2028,5,28,149,15.25139049,"1"
2028,5,29,150,15.330737394,"1"
2028,5,30,151,15.70916109,"1"
2028,5,31,152,17.149612578,"1"
2029,5,1,121,8.488592826,"1"
2029,5,2,122,8.44586757,"1"
2029,5,3,123,7.991148774,"1"
2029,5,4,124,7.783626102,"1"
2029,5,5,125,8.625924006,"1"
2029,5,6,126,8.589302358,"1"
2029,5,7,127,9.309528102,"1"
2029,5,8,128,9.889370862,"1"
2029,5,9,129,10.518042486,"1"
2029,5,10,130,10.240328322,"1"
2029,5,11,131,10.249483734,"1"
2029,5,12,132,10.225069302,"1"
2029,5,13,133,10.649270058,"1"
2029,5,14,134,11.647209966,"1"
2029,5,15,135,11.357288586,"1"
2029,5,16,136,11.494619766,"1"
2029,5,17,137,12.52002591,"1"
2029,5,18,138,13.493551386,"1"
2029,5,19,139,13.96963281,"1"
2029,5,20,140,14.06118693,"1"
2029,5,21,141,13.936062966,"1"
2029,5,22,142,14.796671694,"1"
2029,5,23,143,15.086593074,"1"
2029,5,24,144,15.135421938,"1"
2029,5,25,145,14.506750314,"1"
2029,5,26,146,15.184250802,"1"
2029,5,27,147,14.537268354,"1"
2029,5,28,148,14.485387686,"1"
2029,5,29,149,15.077437662,"1"
2029,5,30,150,15.797663406,"1"
2029,5,31,151,16.398868794,"1"
2030,5,1,121,7.090866594,"1"
2030,5,2,122,7.475393898,"1"
2030,5,3,123,8.027770422,"1"
2030,5,4,124,8.024718618,"1"
2030,5,5,125,9.211870374,"1"
2030,5,6,126,9.92599251,"1"
2030,5,7,127,10.24643193,"1"
2030,5,8,128,10.93308783,"1"
2030,5,9,129,10.670632686,"1"
2030,5,10,130,10.954450458,"1"
2030,5,11,131,11.638054554,"1"
2030,5,12,132,12.089721546,"1"
2030,5,13,133,11.964597582,"1"
2030,5,14,134,11.125351482,"1"
2030,5,15,135,12.361332102,"1"
2030,5,16,136,12.483404262,"1"
2030,5,17,137,13.350116598,"1"
2030,5,18,138,13.350116598,"1"
2030,5,19,139,13.807887198,"1"
2030,5,20,140,13.591209114,"1"
2030,5,21,141,13.270769694,"1"
2030,5,22,142,13.731592098,"1"
2030,5,23,143,13.459981542,"1"
2030,5,24,144,13.881130494,"1"
2030,5,25,145,14.07644595,"1"
2030,5,26,146,14.201569914,"1"
2030,5,27,147,13.997099046,"1"
2030,5,28,148,13.963529202,"1"
2030,5,29,149,13.71022947,"1"
2030,5,30,150,14.952313698,"1"
2030,5,31,151,15.486379398,"1"
2031,5,1,121,7.22514597,"1"
2031,5,2,122,6.898602942,"1"
2031,5,3,123,7.521170958,"1"
2031,5,4,124,7.948423518,"1"
2031,5,5,125,9.684899994,"1"
2031,5,6,126,9.175248726,"1"
2031,5,7,127,9.471273714,"1"
2031,5,8,128,10.21591389,"1"
2031,5,9,129,9.97176957,"1"
2031,5,10,130,10.554664134,"1"
2031,5,11,131,10.82627469,"1"
2031,5,12,132,11.631950946,"1"
2031,5,13,133,12.58106199,"1"
2031,5,14,134,12.74891121,"1"
2031,5,15,135,12.941174862,"1"
2031,5,16,136,13.09986867,"1"
2031,5,17,137,13.71022947,"1"
2031,5,18,138,13.917752142,"1"
2031,5,19,139,13.200578202,"1"
2031,5,20,140,13.279925106,"1"
2031,5,21,141,13.539328446,"1"
2031,5,22,142,13.963529202,"1"
2031,5,23,143,13.899441318,"1"
2031,5,24,144,13.34401299,"1"
2031,5,25,145,14.345004702,"1"
2031,5,26,146,15.071334054,"1"
2031,5,27,147,16.020445098,"1"
2031,5,28,148,16.148620866,"1"
2031,5,29,149,15.379566258,"1"
2031,5,30,150,16.21270875,"1"
2031,5,31,151,16.57892523,"1"
2032,5,1,122,8.043029442,"1"
2032,5,2,123,8.332950822,"1"
2032,5,3,124,8.088806502,"1"
2032,5,4,125,8.647286634,"1"
2032,5,5,126,9.398030418,"1"
2032,5,6,127,9.63607113,"1"
2032,5,7,128,10.23117291,"1"
2032,5,8,129,11.067367206,"1"
2032,5,9,130,12.132446802,"1"
2032,5,10,131,11.78759295,"1"
2032,5,11,132,11.23826823,"1"
2032,5,12,133,11.064315402,"1"
2032,5,13,134,12.318606846,"1"
2032,5,14,135,12.898449606,"1"
2032,5,15,136,12.61158003,"1"
2032,5,16,137,14.033720694,"1"
2032,5,17,138,13.426411698,"1"
2032,5,18,139,13.536276642,"1"
2032,5,19,140,13.701074058,"1"
2032,5,20,141,13.722436686,"1"
2032,5,21,142,13.902493122,"1"
2032,5,22,143,14.436558822,"1"
2032,5,23,144,14.964520914,"1"
2032,5,24,145,15.19035441,"1"
2032,5,25,146,15.080489466,"1"
2032,5,26,147,15.257494098,"1"
2032,5,27,148,15.638969598,"1"
2032,5,28,149,15.703057482,"1"
2032,5,29,150,16.35003993,"1"
2032,5,30,151,16.887157434,"1"
2032,5,31,152,16.615546878,"1"
2033,5,1,121,8.21698227,"1"
2033,5,2,122,8.455022982,"1"
2033,5,3,123,8.619820398,"1"
2033,5,4,124,7.83550677,"1"
2033,5,5,125,6.85892949,"1"
2033,5,6,126,7.78972971,"1"
2033,5,7,127,8.546577102,"1"
2033,5,8,128,9.477377322,"1"
2033,5,9,129,10.35324507,"1"
2033,5,10,130,10.838481906,"1"
2033,5,11,131,10.267794558,"1"
2033,5,12,132,10.52109429,"1"
2033,5,13,133,10.115204358,"1"
2033,5,14,134,10.118256162,"1"
2033,5,15,135,10.707254334,"1"
2033,5,16,136,11.747919498,"1"
2033,5,17,137,12.739755798,"1"
2033,5,18,138,14.41214439,"1"
2033,5,19,139,14.876018598,"1"
2033,5,20,140,13.716333078,"1"
2033,5,21,141,13.798731786,"1"
2033,5,22,142,13.075454238,"1"
2033,5,23,143,12.10803237,"1"
2033,5,24,144,12.874035174,"1"
2033,5,25,145,13.701074058,"1"
2033,5,26,146,13.957425594,"1"
2033,5,27,147,14.775309066,"1"
2033,5,28,148,15.919735566,"1"
2033,5,29,149,16.36529895,"1"
2033,5,30,150,16.435490442,"1"
2033,5,31,151,16.301211066,"1"
2034,5,1,121,8.345158038,"1"
2034,5,2,122,7.936216302,"1"
2034,5,3,123,7.905698262,"1"
2034,5,4,124,8.009459598,"1"
2034,5,5,125,8.41534953,"1"
2034,5,6,126,8.937208014,"1"
2034,5,7,127,9.19355955,"1"
2034,5,8,128,9.10200543,"1"
2034,5,9,129,8.943311622,"1"
2034,5,10,130,10.145722398,"1"
2034,5,11,131,11.290148898,"1"
2034,5,12,132,11.219957406,"1"
2034,5,13,133,12.468145242,"1"
2034,5,14,134,12.971692902,"1"
2034,5,15,135,11.964597582,"1"
2034,5,16,136,12.38269473,"1"
2034,5,17,137,13.856716062,"1"
2034,5,18,138,13.640037978,"1"
2034,5,19,139,12.681771522,"1"
2034,5,20,140,13.292132322,"1"
2034,5,21,141,14.103912186,"1"
2034,5,22,142,15.013349778,"1"
2034,5,23,143,15.67864305,"1"
2034,5,24,144,15.797663406,"1"
2034,5,25,145,14.677651338,"1"
2034,5,26,146,14.77836087,"1"
2034,5,27,147,15.492483006,"1"
2034,5,28,148,16.325625498,"1"
2034,5,29,149,15.81597423,"1"
2034,5,30,150,15.965512626,"1"
2034,5,31,151,15.660332226,"1"
2035,5,1,121,7.92706089,"1"
2035,5,2,122,8.375676078,"1"
2035,5,3,123,8.656442046,"1"
2035,5,4,124,8.525214474,"1"
2035,5,5,125,8.397038706,"1"
2035,5,6,126,8.195619642,"1"
2035,5,7,127,9.34614975,"1"
2035,5,8,128,10.548560526,"1"
2035,5,9,129,11.775385734,"1"
2035,5,10,130,12.355228494,"1"
2035,5,11,131,12.324710454,"1"
2035,5,12,132,12.068358918,"1"
2035,5,13,133,11.69603883,"1"
2035,5,14,134,11.37559941,"1"
2035,5,15,135,11.897457894,"1"
2035,5,16,136,12.709237758,"1"
2035,5,17,137,12.965589294,"1"
2035,5,18,138,13.00831455,"1"
2035,5,19,139,13.734643902,"1"
2035,5,20,140,14.088653166,"1"
2035,5,21,141,14.56473459,"1"
2035,5,22,142,14.943158286,"1"
2035,5,23,143,15.736627326,"1"
2035,5,24,144,16.459904874,"1"
2035,5,25,145,15.950253606,"1"
2035,5,26,146,15.001142562,"1"
2035,5,27,147,15.80071521,"1"
2035,5,28,148,15.452809554,"1"
2035,5,29,149,15.925839174,"1"
2035,5,30,150,15.959409018,"1"
2035,5,31,151,15.254442294,"1"
2036,5,1,122,8.604561378,"1"
2036,5,2,123,9.141678882,"1"
2036,5,3,124,8.52216267,"1"
2036,5,4,125,7.63713951,"1"
2036,5,5,126,8.619820398,"1"
2036,5,6,127,10.118256162,"1"
2036,5,7,128,10.484472642,"1"
2036,5,8,129,10.173188634,"1"
2036,5,9,130,10.258639146,"1"
2036,5,10,131,10.12435977,"1"
2036,5,11,132,11.363392194,"1"
2036,5,12,133,11.888302482,"1"
2036,5,13,134,12.242311746,"1"
2036,5,14,135,12.59632101,"1"
2036,5,15,136,11.97070119,"1"
2036,5,16,137,11.305407918,"1"
2036,5,17,138,12.034789074,"1"
2036,5,18,139,12.895397802,"1"
2036,5,19,140,12.877086978,"1"
2036,5,20,141,12.358280298,"1"
2036,5,21,142,13.154801142,"1"
2036,5,22,143,14.207673522,"1"
2036,5,23,144,15.17509539,"1"
2036,5,24,145,14.805827106,"1"
2036,5,25,146,14.830241538,"1"
2036,5,26,147,14.863811382,"1"
2036,5,27,148,15.062178642,"1"
2036,5,28,149,15.004194366,"1"
2036,5,29,150,15.977719842,"1"
2036,5,30,151,16.786447902,"1"
2036,5,31,152,16.420231422,"1"
2037,5,1,121,7.066452162,"1"
2037,5,2,122,8.409245922,"1"
2037,5,3,123,9.449911086,"1"
2037,5,4,124,9.336994338,"1"
2037,5,5,125,8.433660354,"1"
2037,5,6,126,9.053176566,"1"
2037,5,7,127,9.55977603,"1"
2037,5,8,128,9.898526274,"1"
2037,5,9,129,10.457006406,"1"
2037,5,10,130,10.072479102,"1"
2037,5,11,131,10.386814914,"1"
2037,5,12,132,10.801860258,"1"
2037,5,13,133,10.896466182,"1"
2037,5,14,134,11.05515999,"1"
2037,5,15,135,10.893414378,"1"
2037,5,16,136,11.448842706,"1"
2037,5,17,137,12.620735442,"1"
2037,5,18,138,14.393833566,"1"
2037,5,19,139,14.897381226,"1"
2037,5,20,140,14.253450582,"1"
2037,5,21,141,14.79361989,"1"
2037,5,22,142,15.345996414,"1"
2037,5,23,143,15.34294461,"1"
2037,5,24,144,15.074385858,"1"
2037,5,25,145,14.003202654,"1"
2037,5,26,146,14.253450582,"1"
2037,5,27,147,16.270693026,"1"
2037,5,28,148,16.82306955,"1"
2037,5,29,149,16.285952046,"1"
2037,5,30,150,16.804758726,"1"
2037,5,31,151,17.28084015,"1"
2038,5,1,121,9.446859282,"1"
2038,5,2,122,9.806972154,"1"
2038,5,3,123,9.217973982,"1"
2038,5,4,124,9.654381954,"1"
2038,5,5,125,9.977873178,"1"
2038,5,6,126,8.793773226,"1"
2038,5,7,127,9.349201554,"1"
2038,5,8,128,11.403065646,"1"
2038,5,9,129,12.202638294,"1"
2038,5,10,130,11.424428274,"1"
2038,5,11,131,11.84862903,"1"
2038,5,12,132,13.228044438,"1"
2038,5,13,133,12.523077714,"1"
2038,5,14,134,11.821162794,"1"
2038,5,15,135,11.732660478,"1"
2038,5,16,136,12.907605018,"1"
2038,5,17,137,13.887234102,"1"
2038,5,18,138,13.676659626,"1"
2038,5,19,139,13.380634638,"1"
2038,5,20,140,14.399937174,"1"
2038,5,21,141,14.967572718,"1"
2038,5,22,142,15.059126838,"1"
2038,5,23,143,14.653236906,"1"
2038,5,24,144,14.201569914,"1"
2038,5,25,145,14.77836087,"1"
2038,5,26,146,15.141525546,"1"
2038,5,27,147,15.324633786,"1"
2038,5,28,148,16.377506166,"1"
2038,5,29,149,15.855647682,"1"
2038,5,30,150,15.81597423,"1"
2038,5,31,151,16.783396098,"1"
2039,5,1,121,7.341114522,"1"
2039,5,2,122,7.40825421,"1"
2039,5,3,123,7.878232026,"1"
2039,5,4,124,8.27801835,"1"
2039,5,5,125,8.32379541,"1"
2039,5,6,126,8.937208014,"1"
2039,5,7,127,9.382771398,"1"
2039,5,8,128,9.303424494,"1"
2039,5,9,129,8.586250554,"1"
2039,5,10,130,9.547568814,"1"
2039,5,11,131,10.679788098,"1"
2039,5,12,132,11.949338562,"1"
2039,5,13,133,12.178223862,"1"
2039,5,14,134,12.510870498,"1"
2039,5,15,135,12.590217402,"1"
2039,5,16,136,12.080566134,"1"
2039,5,17,137,11.729608674,"1"
2039,5,18,138,12.266726178,"1"
2039,5,19,139,12.773325642,"1"
2039,5,20,140,13.554587466,"1"
2039,5,21,141,14.369419134,"1"
2039,5,22,142,14.424351606,"1"
2039,5,23,143,15.29716755,"1"
2039,5,24,144,15.629814186,"1"
2039,5,25,145,14.949261894,"1"
2039,5,26,146,15.333789198,"1"
2039,5,27,147,14.909588442,"1"
2039,5,28,148,13.850612454,"1"
2039,5,29,149,14.222932542,"1"
2039,5,30,150,16.102843806,"1"
2039,5,31,151,16.557562602,"1"
2040,5,1,122,8.177308818,"1"
2040,5,2,123,8.332950822,"1"
2040,5,3,124,8.412297726,"1"
2040,5,4,125,9.28511367,"1"
2040,5,5,126,9.343097946,"1"
2040,5,6,127,9.242388414,"1"
2040,5,7,128,9.678796386,"1"
2040,5,8,129,9.858852822,"1"
2040,5,9,130,11.076522618,"1"
2040,5,10,131,11.900509698,"1"
2040,5,11,132,11.485464354,"1"
2040,5,12,133,10.88731077,"1"
2040,5,13,134,10.890362574,"1"
2040,5,14,135,11.412221058,"1"
2040,5,15,136,11.20775019,"1"
2040,5,16,137,12.47424885,"1"
2040,5,17,138,13.749902922,"1"
2040,5,18,139,13.77126555,"1"
2040,5,19,140,14.729532006,"1"
2040,5,20,141,14.97672813,"1"
2040,5,21,142,15.00724617,"1"
2040,5,22,143,14.689858554,"1"
2040,5,23,144,15.443654142,"1"
2040,5,24,145,15.75493815,"1"
2040,5,25,146,14.601356238,"1"
2040,5,26,147,15.28190853,"1"
2040,5,27,148,15.913631958,"1"
2040,5,28,149,15.941098194,"1"
2040,5,29,150,15.788507994,"1"
2040,5,30,151,15.904476546,"1"
2040,5,31,152,15.32768559,"1"
2041,5,1,121,8.424504942,"1"
2041,5,2,122,9.86495643,"1"
2041,5,3,123,9.694055406,"1"
2041,5,4,124,8.906689974,"1"
2041,5,5,125,10.051116474,"1"
2041,5,6,126,10.218965694,"1"
2041,5,7,127,10.359348678,"1"
2041,5,8,128,10.18539585,"1"
2041,5,9,129,10.768290414,"1"
2041,5,10,130,11.503775178,"1"
2041,5,11,131,11.61974373,"1"
2041,5,12,132,11.14671411,"1"
2041,5,13,133,12.080566134,"1"
2041,5,14,134,12.159913038,"1"
2041,5,15,135,12.318606846,"1"
2041,5,16,136,12.578010186,"1"
2041,5,17,137,13.215837222,"1"
2041,5,18,138,12.59632101,"1"
2041,5,19,139,12.385746534,"1"
2041,5,20,140,12.675667914,"1"
2041,5,21,141,13.444722522,"1"
2041,5,22,142,14.592200826,"1"
2041,5,23,143,14.16800007,"1"
2041,5,24,144,13.975736418,"1"
2041,5,25,145,14.155792854,"1"
2041,5,26,146,14.265657798,"1"
2041,5,27,147,14.59525263,"1"
2041,5,28,148,15.681694854,"1"
2041,5,29,149,15.971616234,"1"
2041,5,30,150,15.919735566,"1"
2041,5,31,151,16.038755922,"1"
2042,5,1,121,8.180360622,"1"
2042,5,2,122,8.574043338,"1"
2042,5,3,123,8.772410598,"1"
2042,5,4,124,9.108109038,"1"
2042,5,5,125,9.730677054,"1"
2042,5,6,126,9.715418034,"1"
2042,5,7,127,8.586250554,"1"
2042,5,8,128,8.818187658,"1"
2042,5,9,129,9.541465206,"1"
2042,5,10,130,10.267794558,"1"
2042,5,11,131,9.80392035,"1"
2042,5,12,132,9.947355138,"1"
2042,5,13,133,9.74288427,"1"
2042,5,14,134,9.520102578,"1"
2042,5,15,135,10.55161233,"1"
2042,5,16,136,11.247423642,"1"
2042,5,17,137,12.089721546,"1"
2042,5,18,138,12.104980566,"1"
2042,5,19,139,12.904553214,"1"
2042,5,20,140,12.907605018,"1"
2042,5,21,141,13.646141586,"1"
2042,5,22,142,14.44266243,"1"
2042,5,23,143,15.474172182,"1"
2042,5,24,144,15.178147194,"1"
2042,5,25,145,15.29716755,"1"
2042,5,26,146,15.315478374,"1"
2042,5,27,147,15.733575522,"1"
2042,5,28,148,16.630805898,"1"
2042,5,29,149,16.459904874,"1"
2042,5,30,150,17.140457166,"1"
2042,5,31,151,18.080412798,"1"
2043,5,1,121,8.27801835,"1"
2043,5,2,122,8.00335599,"1"
2043,5,3,123,8.686960086,"1"
2043,5,4,124,8.961622446,"1"
2043,5,5,125,10.70420253,"1"
2043,5,6,126,12.278933394,"1"
2043,5,7,127,12.086669742,"1"
2043,5,8,128,11.781489342,"1"
2043,5,9,129,11.812007382,"1"
2043,5,10,130,11.52818961,"1"
2043,5,11,131,12.16906845,"1"
2043,5,12,132,12.06225531,"1"
2043,5,13,133,12.898449606,"1"
2043,5,14,134,13.42030809,"1"
2043,5,15,135,13.316546754,"1"
2043,5,16,136,13.84756065,"1"
2043,5,17,137,14.225984346,"1"
2043,5,18,138,14.238191562,"1"
2043,5,19,139,14.189362698,"1"
2043,5,20,140,14.125274814,"1"
2043,5,21,141,13.966581006,"1"
2043,5,22,142,14.219880738,"1"
2043,5,23,143,15.040816014,"1"
2043,5,24,144,15.153732762,"1"
2043,5,25,145,15.684746658,"1"
2043,5,26,146,16.76203347,"1"
2043,5,27,147,16.728463626,"1"
2043,5,28,148,16.606391466,"1"
2043,5,29,149,16.984815162,"1"
2043,5,30,150,17.207596854,"1"
2043,5,31,151,16.520940954,"1"
2044,5,1,122,8.058288462,"1"
2044,5,2,123,8.677804674,"1"
2044,5,3,124,9.138627078,"1"
2044,5,4,125,9.251543826,"1"
2044,5,5,126,10.24643193,"1"
2044,5,6,127,10.417332954,"1"
2044,5,7,128,11.42137647,"1"
2044,5,8,129,10.96360587,"1"
2044,5,9,130,10.853740926,"1"
2044,5,10,131,11.290148898,"1"
2044,5,11,132,11.113144266,"1"
2044,5,12,133,11.51293059,"1"
2044,5,13,134,11.305407918,"1"
2044,5,14,135,11.10093705,"1"
2044,5,15,136,11.69603883,"1"
2044,5,16,137,11.549552238,"1"
2044,5,17,138,12.019530054,"1"
2044,5,18,139,12.220949118,"1"
2044,5,19,140,13.105972278,"1"
2044,5,20,141,13.368427422,"1"
2044,5,21,142,14.006254458,"1"
2044,5,22,143,14.497594902,"1"
2044,5,23,144,14.921795658,"1"
2044,5,24,145,14.598304434,"1"
2044,5,25,146,14.848552362,"1"
2044,5,26,147,15.474172182,"1"
2044,5,27,148,15.132370134,"1"
2044,5,28,149,14.857707774,"1"
2044,5,29,150,15.77019717,"1"
2044,5,30,151,15.880062114,"1"
2044,5,31,152,15.916683762,"1"
2045,5,1,121,6.688028466,"1"
2045,5,2,122,7.25566401,"1"
2045,5,3,123,7.655450334,"1"
2045,5,4,124,8.162049798,"1"
2045,5,5,125,8.50690365,"1"
2045,5,6,126,9.272906454,"1"
2045,5,7,127,9.68184819,"1"
2045,5,8,128,10.792704846,"1"
2045,5,9,129,10.96360587,"1"
2045,5,10,130,12.18432747,"1"
2045,5,11,131,11.900509698,"1"
2045,5,12,132,10.417332954,"1"
2045,5,13,133,10.30746801,"1"
2045,5,14,134,11.534293218,"1"
2045,5,15,135,11.934079542,"1"
2045,5,16,136,12.556647558,"1"
2045,5,17,137,12.730600386,"1"
2045,5,18,138,12.730600386,"1"
2045,5,19,139,12.77942925,"1"
2045,5,20,140,14.235139758,"1"
2045,5,21,141,15.03776421,"1"
2045,5,22,142,15.14457735,"1"
2045,5,23,143,13.875026886,"1"
2045,5,24,144,13.292132322,"1"
2045,5,25,145,14.042876106,"1"
2045,5,26,146,14.756998242,"1"
2045,5,27,147,14.909588442,"1"
2045,5,28,148,15.257494098,"1"
2045,5,29,149,16.353091734,"1"
2045,5,30,150,16.157776278,"1"
2045,5,31,151,16.740670842,"1"
2046,5,1,121,9.709314426,"1"
2046,5,2,122,8.61371679,"1"
2046,5,3,123,8.686960086,"1"
2046,5,4,124,9.034865742,"1"
2046,5,5,125,9.266802846,"1"
2046,5,6,126,9.001295898,"1"
2046,5,7,127,8.192567838,"1"
2046,5,8,128,8.464178394,"1"
2046,5,9,129,9.72762525,"1"
2046,5,10,130,10.997175714,"1"
2046,5,11,131,10.618752018,"1"
2046,5,12,132,9.288165474,"1"
2046,5,13,133,10.344089658,"1"
2046,5,14,134,10.365452286,"1"
2046,5,15,135,10.914777006,"1"
2046,5,16,136,12.248415354,"1"
2046,5,17,137,12.745859406,"1"
2046,5,18,138,12.373539318,"1"
2046,5,19,139,12.06225531,"1"
2046,5,20,140,12.495611478,"1"
2046,5,21,141,12.837413526,"1"
2046,5,22,142,13.963529202,"1"
2046,5,23,143,13.810939002,"1"
2046,5,24,144,13.881130494,"1"
2046,5,25,145,13.881130494,"1"
2046,5,26,146,14.110015794,"1"
2046,5,27,147,13.517965818,"1"
2046,5,28,148,14.99198715,"1"
2046,5,29,149,14.93095107,"1"
2046,5,30,150,14.479284078,"1"
2046,5,31,151,15.202561626,"1"
2047,5,1,121,9.379719594,"1"
2047,5,2,122,9.05622837,"1"
2047,5,3,123,9.083694606,"1"
2047,5,4,124,9.214922178,"1"
2047,5,5,125,9.471273714,"1"
2047,5,6,126,9.538413402,"1"
2047,5,7,127,10.04806467,"1"
2047,5,8,128,10.637062842,"1"
2047,5,9,129,10.691995314,"1"
2047,5,10,130,11.87914707,"1"
2047,5,11,131,11.714349654,"1"
2047,5,12,132,11.48241255,"1"
2047,5,13,133,12.236208138,"1"
2047,5,14,134,11.796748362,"1"
2047,5,15,135,11.824214598,"1"
2047,5,16,136,12.19958649,"1"
2047,5,17,137,13.35927201,"1"
2047,5,18,138,14.402988978,"1"
2047,5,19,139,14.56473459,"1"
2047,5,20,140,13.35927201,"1"
2047,5,21,141,13.444722522,"1"
2047,5,22,142,13.612571742,"1"
2047,5,23,143,14.857707774,"1"
2047,5,24,144,16.340884518,"1"
2047,5,25,145,16.505681934,"1"
2047,5,26,146,15.141525546,"1"
2047,5,27,147,15.443654142,"1"
2047,5,28,148,16.127258238,"1"
2047,5,29,149,15.483327594,"1"
2047,5,30,150,15.834285054,"1"
2047,5,31,151,16.673531154,"1"
2048,5,1,122,6.886395726,"1"
2048,5,2,123,7.215990558,"1"
2048,5,3,124,7.31670009,"1"
2048,5,4,125,7.829403162,"1"
2048,5,5,126,8.146790778,"1"
2048,5,6,127,9.333942534,"1"
2048,5,7,128,10.39902213,"1"
2048,5,8,129,10.157929614,"1"
2048,5,9,130,11.51293059,"1"
2048,5,10,131,12.043944486,"1"
2048,5,11,132,12.965589294,"1"
2048,5,12,133,13.188370986,"1"
2048,5,13,134,13.310443146,"1"
2048,5,14,135,12.79468827,"1"
2048,5,15,136,11.836421814,"1"
2048,5,16,137,12.114135978,"1"
2048,5,17,138,12.629890854,"1"
2048,5,18,139,13.972684614,"1"
2048,5,19,140,14.271761406,"1"
2048,5,20,141,13.728540294,"1"
2048,5,21,142,13.887234102,"1"
2048,5,22,143,14.531164746,"1"
2048,5,23,144,14.479284078,"1"
2048,5,24,145,15.062178642,"1"
2048,5,25,146,14.744791026,"1"
2048,5,26,147,14.470128666,"1"
2048,5,27,148,14.708169378,"1"
2048,5,28,149,15.17509539,"1"
2048,5,29,150,16.023496902,"1"
2048,5,30,151,17.335772622,"1"
2048,5,31,152,17.534139882,"1"
2049,5,1,121,7.475393898,"1"
2049,5,2,122,8.412297726,"1"
2049,5,3,123,8.58319875,"1"
2049,5,4,124,9.486532734,"1"
2049,5,5,125,10.365452286,"1"
2049,5,6,126,10.545508722,"1"
2049,5,7,127,10.609596606,"1"
2049,5,8,128,10.87205175,"1"
2049,5,9,129,11.766230322,"1"
2049,5,10,130,12.053099898,"1"
2049,5,11,131,10.762186806,"1"
2049,5,12,132,11.351184978,"1"
2049,5,13,133,11.705194242,"1"
2049,5,14,134,12.84046533,"1"
2049,5,15,135,13.063247022,"1"
2049,5,16,136,12.715341366,"1"
2049,5,17,137,12.919812234,"1"
2049,5,18,138,14.29007223,"1"
2049,5,19,139,15.181198998,"1"
2049,5,20,140,14.647133298,"1"
2049,5,21,141,14.769205458,"1"
2049,5,22,142,15.09880029,"1"
2049,5,23,143,15.58708893,"1"
2049,5,24,144,16.505681934,"1"
2049,5,25,145,16.664375742,"1"
2049,5,26,146,17.131301754,"1"
2049,5,27,147,17.927822598,"1"
2049,5,28,148,17.671471062,"1"
2049,5,29,149,17.161819794,"1"
2049,5,30,150,17.042799438,"1"
2049,5,31,151,17.671471062,"1"
2050,5,1,121,7.569999822,"1"
2050,5,2,122,8.516059062,"1"
2050,5,3,123,8.696115498,"1"
2050,5,4,124,9.465170106,"1"
2050,5,5,125,8.940259818,"1"
2050,5,6,126,9.718469838,"1"
2050,5,7,127,9.794764938,"1"
2050,5,8,128,9.81917937,"1"
2050,5,9,129,10.304416206,"1"
2050,5,10,130,10.975813086,"1"
2050,5,11,131,10.878155358,"1"
2050,5,12,132,10.804912062,"1"
2050,5,13,133,10.432591974,"1"
2050,5,14,134,9.953458746,"1"
2050,5,15,135,10.65842547,"1"
2050,5,16,136,12.266726178,"1"
2050,5,17,137,13.539328446,"1"
2050,5,18,138,12.706185954,"1"
2050,5,19,139,12.599372814,"1"
2050,5,20,140,13.594260918,"1"
2050,5,21,141,14.604408042,"1"
2050,5,22,142,14.699013966,"1"
2050,5,23,143,14.85465597,"1"
2050,5,24,144,14.68680675,"1"
2050,5,25,145,14.985883542,"1"
2050,5,26,146,14.93095107,"1"
2050,5,27,147,15.06828225,"1"
2050,5,28,148,15.645073206,"1"
2050,5,29,149,16.249330398,"1"
2050,5,30,150,17.308306386,"1"
2050,5,31,151,17.396808702,"1"
2051,5,1,121,7.45403127,"1"
2051,5,2,122,7.924009086,"1"
2051,5,3,123,8.711374518,"1"
2051,5,4,124,9.306476298,"1"
2051,5,5,125,8.464178394,"1"
2051,5,6,126,9.755091486,"1"
2051,5,7,127,10.569923154,"1"
2051,5,8,128,10.591285782,"1"
2051,5,9,129,11.659417182,"1"
2051,5,10,130,11.967649386,"1"
2051,5,11,131,11.732660478,"1"
2051,5,12,132,10.606544802,"1"
2051,5,13,133,10.64316645,"1"
2051,5,14,134,11.326770546,"1"
2051,5,15,135,12.010374642,"1"
2051,5,16,136,11.75707491,"1"
2051,5,17,137,11.839473618,"1"
2051,5,18,138,12.431523594,"1"
2051,5,19,139,13.441670718,"1"
2051,5,20,140,14.207673522,"1"
2051,5,21,141,15.107955702,"1"
2051,5,22,142,14.830241538,"1"
2051,5,23,143,14.818034322,"1"
2051,5,24,144,15.44975775,"1"
2051,5,25,145,15.812922426,"1"
2051,5,26,146,15.306322962,"1"
2051,5,27,147,14.753946438,"1"
2051,5,28,148,15.03776421,"1"
2051,5,29,149,14.769205458,"1"
2051,5,30,150,15.483327594,"1"
2051,5,31,151,16.514837346,"1"
2052,5,1,122,6.581215326,"1"
2052,5,2,123,7.640191314,"1"
2052,5,3,124,7.478445702,"1"
2052,5,4,125,8.213930466,"1"
2052,5,5,126,9.507895362,"1"
2052,5,6,127,9.791713134,"1"
2052,5,7,128,10.356296874,"1"
2052,5,8,129,11.577018474,"1"
2052,5,9,130,12.58106199,"1"
2052,5,10,131,12.974744706,"1"
2052,5,11,132,13.414204482,"1"
2052,5,12,133,11.63500275,"1"
2052,5,13,134,11.302356114,"1"
2052,5,14,135,11.65026177,"1"
2052,5,15,136,12.239259942,"1"
2052,5,16,137,12.715341366,"1"
2052,5,17,138,12.99305553,"1"
2052,5,18,139,12.727548582,"1"
2052,5,19,140,13.459981542,"1"
2052,5,20,141,14.113067598,"1"
2052,5,21,142,15.751886346,"1"
2052,5,22,143,15.040816014,"1"
2052,5,23,144,14.53421655,"1"
2052,5,24,145,15.010297974,"1"
2052,5,25,146,15.550467282,"1"
2052,5,26,147,15.712212894,"1"
2052,5,27,148,16.420231422,"1"
2052,5,28,149,17.201493246,"1"
2052,5,29,150,17.09773191,"1"
2052,5,30,151,17.198441442,"1"
2052,5,31,152,16.508733738,"1"
2053,5,1,121,7.689020178,"1"
2053,5,2,122,8.290225566,"1"
2053,5,3,123,8.436712158,"1"
2053,5,4,124,8.131531758,"1"
2053,5,5,125,8.619820398,"1"
2053,5,6,126,8.464178394,"1"
2053,5,7,127,8.577095142,"1"
2053,5,8,128,9.318683514,"1"
2053,5,9,129,10.133515182,"1"
2053,5,10,130,10.405125738,"1"
2053,5,11,131,10.438695582,"1"
2053,5,12,132,10.74997959,"1"
2053,5,13,133,11.821162794,"1"
2053,5,14,134,12.877086978,"1"
2053,5,15,135,12.56580297,"1"
2053,5,16,136,11.973752994,"1"
2053,5,17,137,11.702142438,"1"
2053,5,18,138,12.68787513,"1"
2053,5,19,139,12.65735709,"1"
2053,5,20,140,12.639046266,"1"
2053,5,21,141,12.874035174,"1"
2053,5,22,142,14.13748203,"1"
2053,5,23,143,14.29007223,"1"
2053,5,24,144,15.63286599,"1"
2053,5,25,145,15.925839174,"1"
2053,5,26,146,16.023496902,"1"
2053,5,27,147,16.276796634,"1"
2053,5,28,148,16.353091734,"1"
2053,5,29,149,16.652168526,"1"
2053,5,30,150,17.335772622,"1"
2053,5,31,151,18.483250926,"1"
2054,5,1,121,7.34721813,"1"
2054,5,2,122,7.716486414,"1"
2054,5,3,123,8.320743606,"1"
2054,5,4,124,8.226137682,"1"
2054,5,5,125,8.192567838,"1"
2054,5,6,126,9.288165474,"1"
2054,5,7,127,10.243380126,"1"
2054,5,8,128,10.817119278,"1"
2054,5,9,129,10.32272703,"1"
2054,5,10,130,10.130463378,"1"
2054,5,11,131,10.24643193,"1"
2054,5,12,132,10.725565158,"1"
2054,5,13,133,11.537345022,"1"
2054,5,14,134,11.943234954,"1"
2054,5,15,135,12.623787246,"1"
2054,5,16,136,13.020521766,"1"
2054,5,17,137,12.150757626,"1"
2054,5,18,138,12.086669742,"1"
2054,5,19,139,13.61867535,"1"
2054,5,20,140,13.490499582,"1"
2054,5,21,141,13.188370986,"1"
2054,5,22,142,13.337909382,"1"
2054,5,23,143,15.104903898,"1"
2054,5,24,144,15.233079666,"1"
2054,5,25,145,15.31242657,"1"
2054,5,26,146,15.385669866,"1"
2054,5,27,147,15.980771646,"1"
2054,5,28,148,16.325625498,"1"
2054,5,29,149,15.532156458,"1"
2054,5,30,150,15.812922426,"1"
2054,5,31,151,16.42633503,"1"
2055,5,1,121,6.572059914,"1"
2055,5,2,122,7.295337462,"1"
2055,5,3,123,8.448919374,"1"
2055,5,4,124,8.802928638,"1"
2055,5,5,125,9.068435586,"1"
2055,5,6,126,8.955518838,"1"
2055,5,7,127,10.481420838,"1"
2055,5,8,128,11.091781638,"1"
2055,5,9,129,10.716409746,"1"
2055,5,10,130,10.298312598,"1"
2055,5,11,131,10.634011038,"1"
2055,5,12,132,11.152817718,"1"
2055,5,13,133,10.798808454,"1"
2055,5,14,134,11.461049922,"1"
2055,5,15,135,12.812999094,"1"
2055,5,16,136,12.114135978,"1"
2055,5,17,137,11.918820522,"1"
2055,5,18,138,12.739755798,"1"
2055,5,19,139,12.928967646,"1"
2055,5,20,140,12.574958382,"1"
2055,5,21,141,13.279925106,"1"
2055,5,22,142,14.131378422,"1"
2055,5,23,143,14.232087954,"1"
2055,5,24,144,14.811930714,"1"
2055,5,25,145,15.550467282,"1"
2055,5,26,146,15.910580154,"1"
2055,5,27,147,15.165939978,"1"
2055,5,28,148,14.399937174,"1"
2055,5,29,149,14.262605994,"1"
2055,5,30,150,16.066222158,"1"
2055,5,31,151,16.154724474,"1"
2056,5,1,122,8.860912914,"1"
2056,5,2,123,9.221025786,"1"
2056,5,3,124,9.611656698,"1"
2056,5,4,125,9.65133015,"1"
2056,5,5,126,9.532309794,"1"
2056,5,6,127,9.871060038,"1"
2056,5,7,128,10.130463378,"1"
2056,5,8,129,10.817119278,"1"
2056,5,9,130,11.10093705,"1"
2056,5,10,131,11.638054554,"1"
2056,5,11,132,10.85679273,"1"
2056,5,12,133,11.049056382,"1"
2056,5,13,134,11.625847338,"1"
2056,5,14,135,11.995115622,"1"
2056,5,15,136,12.309451434,"1"
2056,5,16,137,11.979856602,"1"
2056,5,17,138,12.965589294,"1"
2056,5,18,139,14.119171206,"1"
2056,5,19,140,14.186310894,"1"
2056,5,20,141,14.93095107,"1"
2056,5,21,142,15.98382345,"1"
2056,5,22,143,15.474172182,"1"
2056,5,23,144,15.46501677,"1"
2056,5,24,145,15.318530178,"1"
2056,5,25,146,14.67154773,"1"
2056,5,26,147,15.294115746,"1"
2056,5,27,148,15.123214722,"1"
2056,5,28,149,15.767145366,"1"
2056,5,29,150,15.901424742,"1"
2056,5,30,151,16.600287858,"1"
2056,5,31,152,15.864803094,"1"
2057,5,1,121,6.861981294,"1"
2057,5,2,122,7.228197774,"1"
2057,5,3,123,7.655450334,"1"
2057,5,4,124,7.588310646,"1"
2057,5,5,125,8.357365254,"1"
2057,5,6,126,9.340046142,"1"
2057,5,7,127,9.333942534,"1"
2057,5,8,128,9.016554918,"1"
2057,5,9,129,8.802928638,"1"
2057,5,10,130,9.584190462,"1"
2057,5,11,131,10.023650238,"1"
2057,5,12,132,10.176240438,"1"
2057,5,13,133,10.90256979,"1"
2057,5,14,134,11.351184978,"1"
2057,5,15,135,12.037840878,"1"
2057,5,16,136,13.075454238,"1"
2057,5,17,137,13.432515306,"1"
2057,5,18,138,12.330814062,"1"
2057,5,19,139,11.796748362,"1"
2057,5,20,140,12.21484551,"1"
2057,5,21,141,13.029677178,"1"
2057,5,22,142,13.13038671,"1"
2057,5,23,143,13.987943634,"1"
2057,5,24,144,14.39688537,"1"
2057,5,25,145,13.765161942,"1"
2057,5,26,146,13.743799314,"1"
2057,5,27,147,14.509802118,"1"
2057,5,28,148,15.623710578,"1"
2057,5,29,149,16.820017746,"1"
2057,5,30,150,17.909511774,"1"
2057,5,31,151,18.803690346,"1"
2058,5,1,121,7.960630734,"1"
2058,5,2,122,8.107117326,"1"
2058,5,3,123,9.36140877,"1"
2058,5,4,124,9.001295898,"1"
2058,5,5,125,8.329899018,"1"
2058,5,6,126,8.662545654,"1"
2058,5,7,127,10.084686318,"1"
2058,5,8,128,10.30746801,"1"
2058,5,9,129,10.746927786,"1"
2058,5,10,130,10.392918522,"1"
2058,5,11,131,10.273898166,"1"
2058,5,12,132,10.939191438,"1"
2058,5,13,133,11.912716914,"1"
2058,5,14,134,12.816050898,"1"
2058,5,15,135,12.965589294,"1"
2058,5,16,136,12.468145242,"1"
2058,5,17,137,12.132446802,"1"
2058,5,18,138,12.03173727,"1"
2058,5,19,139,12.941174862,"1"
2058,5,20,140,14.073394146,"1"
2058,5,21,141,15.15983637,"1"
2058,5,22,142,14.552527374,"1"
2058,5,23,143,14.76310185,"1"
2058,5,24,144,15.96856443,"1"
2058,5,25,145,15.666435834,"1"
2058,5,26,146,14.695962162,"1"
2058,5,27,147,15.056075034,"1"
2058,5,28,148,15.217820646,"1"
2058,5,29,149,17.030592222,"1"
2058,5,30,150,18.037687542,"1"
2058,5,31,151,17.946133422,"1"
2059,5,1,121,7.985045166,"1"
2059,5,2,122,8.726633538,"1"
2059,5,3,123,8.253603918,"1"
2059,5,4,124,8.162049798,"1"
2059,5,5,125,9.715418034,"1"
2059,5,6,126,11.13145509,"1"
2059,5,7,127,12.242311746,"1"
2059,5,8,128,12.33691767,"1"
2059,5,9,129,12.468145242,"1"
2059,5,10,130,12.47424885,"1"
2059,5,11,131,13.011366354,"1"
2059,5,12,132,12.571906578,"1"
2059,5,13,133,12.55054395,"1"
2059,5,14,134,13.136490318,"1"
2059,5,15,135,14.250398778,"1"
2059,5,16,136,14.93095107,"1"
2059,5,17,137,13.84756065,"1"
2059,5,18,138,13.173111966,"1"
2059,5,19,139,14.113067598,"1"
2059,5,20,140,14.906536638,"1"
2059,5,21,141,15.590140734,"1"
2059,5,22,142,15.791559798,"1"
2059,5,23,143,15.330737394,"1"
2059,5,24,144,15.562674498,"1"
2059,5,25,145,16.398868794,"1"
2059,5,26,146,15.898372938,"1"
2059,5,27,147,16.19744973,"1"
2059,5,28,148,16.145569062,"1"
2059,5,29,149,16.847483982,"1"
2059,5,30,150,17.048903046,"1"
2059,5,31,151,16.813914138,"1"
2060,5,1,122,8.879223738,"1"
2060,5,2,123,8.104065522,"1"
2060,5,3,124,8.88837915,"1"
2060,5,4,125,9.654381954,"1"
2060,5,5,126,9.672692778,"1"
2060,5,6,127,9.764246898,"1"
2060,5,7,128,9.813075762,"1"
2060,5,8,129,10.060271886,"1"
2060,5,9,130,10.106048946,"1"
2060,5,10,131,10.07858271,"1"
2060,5,11,132,10.844585514,"1"
2060,5,12,133,11.683831614,"1"
2060,5,13,134,12.391850142,"1"
2060,5,14,135,12.13855041,"1"
2060,5,15,136,11.854732638,"1"
2060,5,16,137,11.906613306,"1"
2060,5,17,138,12.147705822,"1"
2060,5,18,139,13.600364526,"1"
2060,5,19,140,15.870906702,"1"
2060,5,20,141,15.623710578,"1"
2060,5,21,142,15.111007506,"1"
2060,5,22,143,14.680703142,"1"
2060,5,23,144,14.494543098,"1"
2060,5,24,145,15.025556994,"1"
2060,5,25,146,15.532156458,"1"
2060,5,26,147,15.721368306,"1"
2060,5,27,148,16.194397926,"1"
2060,5,28,149,16.017393294,"1"
2060,5,29,150,16.386661578,"1"
2060,5,30,151,17.048903046,"1"
2060,5,31,152,15.980771646,"1"
2061,5,1,121,6.208895238,"1"
2061,5,2,122,7.078659378,"1"
2061,5,3,123,7.386891582,"1"
2061,5,4,124,8.052184854,"1"
2061,5,5,125,8.180360622,"1"
2061,5,6,126,7.914853674,"1"
2061,5,7,127,8.500800042,"1"
2061,5,8,128,9.874111842,"1"
2061,5,9,129,10.820171082,"1"
2061,5,10,130,10.496679858,"1"
2061,5,11,131,11.082626226,"1"
2061,5,12,132,11.931027738,"1"
2061,5,13,133,12.327762258,"1"
2061,5,14,134,12.227052726,"1"
2061,5,15,135,12.364383906,"1"
2061,5,16,136,12.67261611,"1"
2061,5,17,137,14.161896462,"1"
2061,5,18,138,14.402988978,"1"
2061,5,19,139,14.00015085,"1"
2061,5,20,140,14.665444122,"1"
2061,5,21,141,15.623710578,"1"
2061,5,22,142,15.123214722,"1"
2061,5,23,143,15.208665234,"1"
2061,5,24,144,14.406040782,"1"
2061,5,25,145,14.726480202,"1"
2061,5,26,146,15.40398069,"1"
2061,5,27,147,15.208665234,"1"
2061,5,28,148,15.431446926,"1"
2061,5,29,149,15.941098194,"1"
2061,5,30,150,16.35003993,"1"
2061,5,31,151,15.46501677,"1"
2062,5,1,121,7.771418886,"1"
2062,5,2,122,7.19462793,"1"
2062,5,3,123,6.831463254,"1"
2062,5,4,124,7.310596482,"1"
2062,5,5,125,9.175248726,"1"
2062,5,6,126,10.32272703,"1"
2062,5,7,127,10.884258966,"1"
2062,5,8,128,11.149765914,"1"
2062,5,9,129,11.155869522,"1"
2062,5,10,130,11.018538342,"1"
2062,5,11,131,11.42137647,"1"
2062,5,12,132,12.385746534,"1"
2062,5,13,133,11.94018315,"1"
2062,5,14,134,11.668572594,"1"
2062,5,15,135,12.172120254,"1"
2062,5,16,136,13.005262746,"1"
2062,5,17,137,13.020521766,"1"
2062,5,18,138,13.40504907,"1"
2062,5,19,139,12.913708626,"1"
2062,5,20,140,12.980848314,"1"
2062,5,21,141,12.758066622,"1"
2062,5,22,142,12.819102702,"1"
2062,5,23,143,13.417256286,"1"
2062,5,24,144,14.937054678,"1"
2062,5,25,145,15.657280422,"1"
2062,5,26,146,16.325625498,"1"
2062,5,27,147,16.063170354,"1"
2062,5,28,148,16.597236054,"1"
2062,5,29,149,16.600287858,"1"
2062,5,30,150,16.020445098,"1"
2062,5,31,151,15.156784566,"1"
2063,5,1,121,9.996184002,"1"
2063,5,2,122,10.594337586,"1"
2063,5,3,123,11.43663549,"1"
2063,5,4,124,11.229112818,"1"
2063,5,5,125,11.43663549,"1"
2063,5,6,126,11.027693754,"1"
2063,5,7,127,11.525137806,"1"
2063,5,8,128,11.897457894,"1"
2063,5,9,129,11.226061014,"1"
2063,5,10,130,11.137558698,"1"
2063,5,11,131,11.372547606,"1"
2063,5,12,132,11.793696558,"1"
2063,5,13,133,12.53528493,"1"
2063,5,14,134,12.010374642,"1"
2063,5,15,135,12.101928762,"1"
2063,5,16,136,12.681771522,"1"
2063,5,17,137,13.25245887,"1"
2063,5,18,138,14.528112942,"1"
2063,5,19,139,14.97672813,"1"
2063,5,20,140,15.123214722,"1"
2063,5,21,141,14.29007223,"1"
2063,5,22,142,14.360263722,"1"
2063,5,23,143,14.540320158,"1"
2063,5,24,144,15.001142562,"1"
2063,5,25,145,14.818034322,"1"
2063,5,26,146,15.498586614,"1"
2063,5,27,147,15.55657089,"1"
2063,5,28,148,16.185242514,"1"
2063,5,29,149,16.215760554,"1"
2063,5,30,150,16.343936322,"1"
2063,5,31,151,16.646064918,"1"
2064,5,1,122,7.005416082,"1"
2064,5,2,123,8.20172325,"1"
2064,5,3,124,8.250552114,"1"
2064,5,4,125,8.784617814,"1"
2064,5,5,126,9.868008234,"1"
2064,5,6,127,9.321735318,"1"
2064,5,7,128,9.66658917,"1"
2064,5,8,129,9.806972154,"1"
2064,5,9,130,10.777445826,"1"
2064,5,10,131,11.415272862,"1"
2064,5,11,132,11.366443998,"1"
2064,5,12,133,11.522086002,"1"
2064,5,13,134,11.900509698,"1"
2064,5,14,135,11.625847338,"1"
2064,5,15,136,11.851680834,"1"
2064,5,16,137,12.806895486,"1"
2064,5,17,138,13.26771789,"1"
2064,5,18,139,13.255510674,"1"
2064,5,19,140,13.856716062,"1"
2064,5,20,141,14.567786394,"1"
2064,5,21,142,15.141525546,"1"
2064,5,22,143,14.497594902,"1"
2064,5,23,144,14.189362698,"1"
2064,5,24,145,14.161896462,"1"
2064,5,25,146,14.558630982,"1"
2064,5,26,147,15.568778106,"1"
2064,5,27,148,16.36529895,"1"
2064,5,28,149,16.511785542,"1"
2064,5,29,150,17.628745806,"1"
2064,5,30,151,17.63179761,"1"
2064,5,31,152,16.829173158,"1"
2065,5,1,121,8.439763962,"1"
2065,5,2,122,8.09491011,"1"
2065,5,3,123,8.69001189,"1"
2065,5,4,124,8.943311622,"1"
2065,5,5,125,8.925000798,"1"
2065,5,6,126,8.757151578,"1"
2065,5,7,127,9.120316254,"1"
2065,5,8,128,9.098953626,"1"
2065,5,9,129,9.913785294,"1"
2065,5,10,130,10.493628054,"1"
2065,5,11,131,10.905621594,"1"
2065,5,12,132,11.042952774,"1"
2065,5,13,133,11.396962038,"1"
2065,5,14,134,12.339969474,"1"
2065,5,15,135,14.128326618,"1"
2065,5,16,136,15.059126838,"1"
2065,5,17,137,14.827189734,"1"
2065,5,18,138,14.006254458,"1"
2065,5,19,139,13.667504214,"1"
2065,5,20,140,14.708169378,"1"
2065,5,21,141,14.711221182,"1"
2065,5,22,142,14.47318047,"1"
2065,5,23,143,14.56473459,"1"
2065,5,24,144,14.140533834,"1"
2065,5,25,145,14.71732479,"1"
2065,5,26,146,15.733575522,"1"
2065,5,27,147,16.646064918,"1"
2065,5,28,148,16.557562602,"1"
2065,5,29,149,15.931942782,"1"
2065,5,30,150,15.324633786,"1"
2065,5,31,151,15.559622694,"1"
2066,5,1,121,7.808040534,"1"
2066,5,2,122,8.122376346,"1"
2066,5,3,123,8.14068717,"1"
2066,5,4,124,8.73578895,"1"
2066,5,5,125,9.858852822,"1"
2066,5,6,126,10.096893534,"1"
2066,5,7,127,8.946363426,"1"
2066,5,8,128,9.687951798,"1"
2066,5,9,129,9.983976786,"1"
2066,5,10,130,9.89547447,"1"
2066,5,11,131,9.944303334,"1"
2066,5,12,132,10.908673398,"1"
2066,5,13,133,12.532233126,"1"
2066,5,14,134,13.051039806,"1"
2066,5,15,135,12.529181322,"1"
2066,5,16,136,11.781489342,"1"
2066,5,17,137,12.590217402,"1"
2066,5,18,138,13.353168402,"1"
2066,5,19,139,13.261614282,"1"
2066,5,20,140,14.897381226,"1"
2066,5,21,141,14.970624522,"1"
2066,5,22,142,14.616615258,"1"
2066,5,23,143,14.47318047,"1"
2066,5,24,144,15.468068574,"1"
2066,5,25,145,16.252382202,"1"
2066,5,26,146,16.887157434,"1"
2066,5,27,147,16.25848581,"1"
2066,5,28,148,16.48737111,"1"
2066,5,29,149,16.874950218,"1"
2066,5,30,150,16.096740198,"1"
2066,5,31,151,16.072325766,"1"
2067,5,1,121,7.017623298,"1"
2067,5,2,122,7.832454966,"1"
2067,5,3,123,9.28511367,"1"
2067,5,4,124,9.800868546,"1"
2067,5,5,125,11.036849166,"1"
2067,5,6,126,11.717401458,"1"
2067,5,7,127,11.674676202,"1"
2067,5,8,128,11.631950946,"1"
2067,5,9,129,12.166016646,"1"
2067,5,10,130,12.990003726,"1"
2067,5,11,131,13.600364526,"1"
2067,5,12,132,13.98489183,"1"
2067,5,13,133,14.299227642,"1"
2067,5,14,134,13.734643902,"1"
2067,5,15,135,13.26771789,"1"
2067,5,16,136,12.904553214,"1"
2067,5,17,137,13.54238025,"1"
2067,5,18,138,14.784464478,"1"
2067,5,19,139,14.637977886,"1"
2067,5,20,140,14.99198715,"1"
2067,5,21,141,15.675591246,"1"
2067,5,22,142,15.126266526,"1"
2067,5,23,143,14.180207286,"1"
2067,5,24,144,14.027617086,"1"
2067,5,25,145,14.445714234,"1"
2067,5,26,146,14.720376594,"1"
2067,5,27,147,16.133361846,"1"
2067,5,28,148,15.382618062,"1"
2067,5,29,149,16.01434149,"1"
2067,5,30,150,16.331729106,"1"
2067,5,31,151,15.291063942,"1"
2068,5,1,122,8.207826858,"1"
2068,5,2,123,8.65949385,"1"
2068,5,3,124,8.754099774,"1"
2068,5,4,125,9.318683514,"1"
2068,5,5,126,9.51399897,"1"
2068,5,6,127,10.286105382,"1"
2068,5,7,128,10.020598434,"1"
2068,5,8,129,9.477377322,"1"
2068,5,9,130,9.297320886,"1"
2068,5,10,131,10.167085026,"1"
2068,5,11,132,11.122299678,"1"
2068,5,12,133,12.028685466,"1"
2068,5,13,134,12.376591122,"1"
2068,5,14,135,13.325702166,"1"
2068,5,15,136,13.371479226,"1"
2068,5,16,137,14.241243366,"1"
2068,5,17,138,14.415196194,"1"
2068,5,18,139,13.40504907,"1"
2068,5,19,140,12.898449606,"1"
2068,5,20,141,13.71022947,"1"
2068,5,21,142,14.27481321,"1"
2068,5,22,143,14.445714234,"1"
2068,5,23,144,14.506750314,"1"
2068,5,24,145,15.483327594,"1"
2068,5,25,146,15.83123325,"1"
2068,5,26,147,16.752878058,"1"
2068,5,27,148,17.909511774,"1"
2068,5,28,149,17.476155606,"1"
2068,5,29,150,17.766076986,"1"
2068,5,30,151,16.935986298,"1"
2068,5,31,152,15.782404386,"1"
2069,5,1,121,7.908750066,"1"
2069,5,2,122,8.15594619,"1"
2069,5,3,123,9.370564182,"1"
2069,5,4,124,9.581138658,"1"
2069,5,5,125,10.280001774,"1"
2069,5,6,126,10.423436562,"1"
2069,5,7,127,10.524146094,"1"
2069,5,8,128,10.792704846,"1"
2069,5,9,129,11.546500434,"1"
2069,5,10,130,12.281985198,"1"
2069,5,11,131,12.727548582,"1"
2069,5,12,132,13.48134417,"1"
2069,5,13,133,12.806895486,"1"
2069,5,14,134,13.090713258,"1"
2069,5,15,135,14.790568086,"1"
2069,5,16,136,15.34294461,"1"
2069,5,17,137,15.407032494,"1"
2069,5,18,138,15.233079666,"1"
2069,5,19,139,14.592200826,"1"
2069,5,20,140,14.970624522,"1"
2069,5,21,141,15.132370134,"1"
2069,5,22,142,15.669487638,"1"
2069,5,23,143,15.95330541,"1"
2069,5,24,144,16.42633503,"1"
2069,5,25,145,16.60944327,"1"
2069,5,26,146,17.088576498,"1"
2069,5,27,147,17.390705094,"1"
2069,5,28,148,17.659263846,"1"
2069,5,29,149,18.57785685,"1"
2069,5,30,150,18.022428522,"1"
2069,5,31,151,16.878002022,"1"
2070,5,1,121,8.503851846,"1"
2070,5,2,122,9.077590998,"1"
2070,5,3,123,8.711374518,"1"
2070,5,4,124,9.211870374,"1"
2070,5,5,125,8.772410598,"1"
2070,5,6,126,9.227129394,"1"
2070,5,7,127,9.333942534,"1"
2070,5,8,128,10.29220899,"1"
2070,5,9,129,10.466161818,"1"
2070,5,10,130,11.113144266,"1"
2070,5,11,131,11.674676202,"1"
2070,5,12,132,12.098876958,"1"
2070,5,13,133,11.308459722,"1"
2070,5,14,134,11.424428274,"1"
2070,5,15,135,12.91676043,"1"
2070,5,16,136,14.631874278,"1"
2070,5,17,137,14.399937174,"1"
2070,5,18,138,12.986951922,"1"
2070,5,19,139,11.656365378,"1"
2070,5,20,140,12.648201678,"1"
2070,5,21,141,13.621727154,"1"
2070,5,22,142,14.393833566,"1"
2070,5,23,143,14.51895753,"1"
2070,5,24,144,14.354160114,"1"
2070,5,25,145,14.460973254,"1"
2070,5,26,146,14.796671694,"1"
2070,5,27,147,15.410084298,"1"
2070,5,28,148,16.932934494,"1"
2070,5,29,149,17.637901218,"1"
2070,5,30,150,18.290987274,"1"
2070,5,31,151,18.74570607,"1"
2071,5,1,121,7.74395265,"1"
2071,5,2,122,8.760203382,"1"
2071,5,3,123,9.089798214,"1"
2071,5,4,124,9.990080394,"1"
2071,5,5,125,9.828334782,"1"
2071,5,6,126,9.465170106,"1"
2071,5,7,127,9.16304151,"1"
2071,5,8,128,9.916837098,"1"
2071,5,9,129,10.06332369,"1"
2071,5,10,130,9.663537366,"1"
2071,5,11,131,9.904629882,"1"
2071,5,12,132,10.447850994,"1"
2071,5,13,133,11.36034039,"1"
2071,5,14,134,12.53528493,"1"
2071,5,15,135,12.874035174,"1"
2071,5,16,136,12.501715086,"1"
2071,5,17,137,12.584113794,"1"
2071,5,18,138,12.70313415,"1"
2071,5,19,139,13.295184126,"1"
2071,5,20,140,14.464025058,"1"
2071,5,21,141,15.248338686,"1"
2071,5,22,142,15.413136102,"1"
2071,5,23,143,15.355151826,"1"
2071,5,24,144,15.028608798,"1"
2071,5,25,145,15.178147194,"1"
2071,5,26,146,15.901424742,"1"
2071,5,27,147,17.030592222,"1"
2071,5,28,148,17.409015918,"1"
2071,5,29,149,17.491414626,"1"
2071,5,30,150,17.018385006,"1"
2071,5,31,151,16.215760554,"1"
2072,5,1,122,9.004347702,"1"
2072,5,2,123,9.184404138,"1"
2072,5,3,124,9.108109038,"1"
2072,5,4,125,8.793773226,"1"
2072,5,5,126,9.013503114,"1"
2072,5,6,127,9.077590998,"1"
2072,5,7,128,10.102997142,"1"
2072,5,8,129,9.837490194,"1"
2072,5,9,130,10.283053578,"1"
2072,5,10,131,10.325778834,"1"
2072,5,11,132,11.80285197,"1"
2072,5,12,133,12.645149874,"1"
2072,5,13,134,12.761118426,"1"
2072,5,14,135,12.819102702,"1"
2072,5,15,136,12.327762258,"1"
2072,5,16,137,12.431523594,"1"
2072,5,17,138,13.386738246,"1"
2072,5,18,139,14.338901094,"1"
2072,5,19,140,14.576941806,"1"
2072,5,20,141,14.738687418,"1"
2072,5,21,142,15.596244342,"1"
2072,5,22,143,15.08354127,"1"
2072,5,23,144,14.924847462,"1"
2072,5,24,145,13.911648534,"1"
2072,5,25,146,13.615623546,"1"
2072,5,26,147,14.567786394,"1"
2072,5,27,148,15.477223986,"1"
2072,5,28,149,16.176087102,"1"
2072,5,29,150,16.649116722,"1"
2072,5,30,151,16.392765186,"1"
2072,5,31,152,16.011289686,"1"
2073,5,1,121,8.763255186,"1"
2073,5,2,122,9.349201554,"1"
2073,5,3,123,8.769358794,"1"
2073,5,4,124,10.18539585,"1"
2073,5,5,125,10.212862086,"1"
2073,5,6,126,10.97886489,"1"
2073,5,7,127,12.147705822,"1"
2073,5,8,128,12.266726178,"1"
2073,5,9,129,11.90966511,"1"
2073,5,10,130,11.03990097,"1"
2073,5,11,131,11.415272862,"1"
2073,5,12,132,11.320666938,"1"
2073,5,13,133,10.972761282,"1"
2073,5,14,134,11.580070278,"1"
2073,5,15,135,12.822154506,"1"
2073,5,16,136,14.134430226,"1"
2073,5,17,137,14.235139758,"1"
2073,5,18,138,14.140533834,"1"
2073,5,19,139,14.546423766,"1"
2073,5,20,140,14.210725326,"1"
2073,5,21,141,14.775309066,"1"
2073,5,22,142,14.894329422,"1"
2073,5,23,143,15.23613147,"1"
2073,5,24,144,15.120162918,"1"
2073,5,25,145,15.745782738,"1"
2073,5,26,146,16.682686566,"1"
2073,5,27,147,17.177078814,"1"
2073,5,28,148,16.978711554,"1"
2073,5,29,149,17.439533958,"1"
2073,5,30,150,17.503621842,"1"
2073,5,31,151,17.46394839,"1"
2074,5,1,121,8.94941523,"1"
2074,5,2,122,9.306476298,"1"
2074,5,3,123,9.288165474,"1"
2074,5,4,124,9.053176566,"1"
2074,5,5,125,9.34614975,"1"
2074,5,6,126,9.611656698,"1"
2074,5,7,127,9.181352334,"1"
2074,5,8,128,10.069427298,"1"
2074,5,9,129,9.535361598,"1"
2074,5,10,130,9.89547447,"1"
2074,5,11,131,10.640114646,"1"
2074,5,12,132,11.26878627,"1"
2074,5,13,133,10.615700214,"1"
2074,5,14,134,10.679788098,"1"
2074,5,15,135,11.476308942,"1"
2074,5,16,136,11.65026177,"1"
2074,5,17,137,12.501715086,"1"
2074,5,18,138,13.49660319,"1"
2074,5,19,139,13.621727154,"1"
2074,5,20,140,13.75600653,"1"
2074,5,21,141,14.573890002,"1"
2074,5,22,142,14.708169378,"1"
2074,5,23,143,15.111007506,"1"
2074,5,24,144,15.928890978,"1"
2074,5,25,145,15.751886346,"1"
2074,5,26,146,14.781412674,"1"
2074,5,27,147,15.123214722,"1"
2074,5,28,148,15.733575522,"1"
2074,5,29,149,16.261537614,"1"
2074,5,30,150,17.088576498,"1"
2074,5,31,151,16.859691198,"1"
2075,5,1,121,8.818187658,"1"
2075,5,2,122,8.406194118,"1"
2075,5,3,123,8.729685342,"1"
2075,5,4,124,8.909741778,"1"
2075,5,5,125,8.754099774,"1"
2075,5,6,126,10.06332369,"1"
2075,5,7,127,9.706262622,"1"
2075,5,8,128,9.965665962,"1"
2075,5,9,129,10.075530906,"1"
2075,5,10,130,10.176240438,"1"
2075,5,11,131,10.600441194,"1"
2075,5,12,132,10.896466182,"1"
2075,5,13,133,11.992063818,"1"
2075,5,14,134,12.959485686,"1"
2075,5,15,135,12.538336734,"1"
2075,5,16,136,12.294192414,"1"
2075,5,17,137,13.087661454,"1"
2075,5,18,138,14.94621009,"1"
2075,5,19,139,14.750894634,"1"
2075,5,20,140,14.171051874,"1"
2075,5,21,141,14.714272986,"1"
2075,5,22,142,14.708169378,"1"
2075,5,23,143,14.058135126,"1"
2075,5,24,144,14.738687418,"1"
2075,5,25,145,15.657280422,"1"
2075,5,26,146,15.324633786,"1"
2075,5,27,147,14.439610626,"1"
2075,5,28,148,15.345996414,"1"
2075,5,29,149,16.203553338,"1"
2075,5,30,150,17.43343035,"1"
2075,5,31,151,17.576865138,"1"
2076,5,1,122,8.81208405,"1"
2076,5,2,123,10.090789926,"1"
2076,5,3,124,10.90256979,"1"
2076,5,4,125,10.814067474,"1"
2076,5,5,126,10.29220899,"1"
2076,5,6,127,10.453954602,"1"
2076,5,7,128,11.17723215,"1"
2076,5,8,129,11.216905602,"1"
2076,5,9,130,10.487524446,"1"
2076,5,10,131,10.554664134,"1"
2076,5,11,132,10.783549434,"1"
2076,5,12,133,11.631950946,"1"
2076,5,13,134,12.440679006,"1"
2076,5,14,135,13.34401299,"1"
2076,5,15,136,13.429463502,"1"
2076,5,16,137,13.231096242,"1"
2076,5,17,138,14.35110831,"1"
2076,5,18,139,15.117111114,"1"
2076,5,19,140,14.506750314,"1"
2076,5,20,141,14.201569914,"1"
2076,5,21,142,15.29716755,"1"
2076,5,22,143,14.668495926,"1"
2076,5,23,144,14.637977886,"1"
2076,5,24,145,15.568778106,"1"
2076,5,25,146,15.623710578,"1"
2076,5,26,147,16.551458994,"1"
2076,5,27,148,16.826121354,"1"
2076,5,28,149,16.307314674,"1"
2076,5,29,150,16.295107458,"1"
2076,5,30,151,17.549398902,"1"
2076,5,31,152,17.08247289,"1"
2077,5,1,121,9.700159014,"1"
2077,5,2,122,9.843593802,"1"
2077,5,3,123,10.151826006,"1"
2077,5,4,124,9.089798214,"1"
2077,5,5,125,9.694055406,"1"
2077,5,6,126,11.143662306,"1"
2077,5,7,127,10.698098922,"1"
2077,5,8,128,10.640114646,"1"
2077,5,9,129,10.20065487,"1"
2077,5,10,130,10.679788098,"1"
2077,5,11,131,11.323718742,"1"
2077,5,12,132,12.590217402,"1"
2077,5,13,133,12.584113794,"1"
2077,5,14,134,12.831309918,"1"
2077,5,15,135,13.615623546,"1"
2077,5,16,136,14.12222301,"1"
2077,5,17,137,13.49660319,"1"
2077,5,18,138,12.236208138,"1"
2077,5,19,139,12.675667914,"1"
2077,5,20,140,13.835353434,"1"
2077,5,21,141,15.193406214,"1"
2077,5,22,142,14.689858554,"1"
2077,5,23,143,15.391773474,"1"
2077,5,24,144,14.738687418,"1"
2077,5,25,145,14.668495926,"1"
2077,5,26,146,15.275804922,"1"
2077,5,27,147,14.753946438,"1"
2077,5,28,148,15.132370134,"1"
2077,5,29,149,15.934994586,"1"
2077,5,30,150,17.314409994,"1"
2077,5,31,151,18.202484958,"1"
2078,5,1,121,7.49980833,"1"
2078,5,2,122,7.954527126,"1"
2078,5,3,123,9.489584538,"1"
2078,5,4,124,9.929044314,"1"
2078,5,5,125,10.084686318,"1"
2078,5,6,126,10.88731077,"1"
2078,5,7,127,11.195542974,"1"
2078,5,8,128,11.338977762,"1"
2078,5,9,129,10.85679273,"1"
2078,5,10,130,11.638054554,"1"
2078,5,11,131,12.404057358,"1"
2078,5,12,132,13.060195218,"1"
2078,5,13,133,13.933011162,"1"
2078,5,14,134,13.61867535,"1"
2078,5,15,135,13.777369158,"1"
2078,5,16,136,14.174103678,"1"
2078,5,17,137,13.597312722,"1"
2078,5,18,138,12.959485686,"1"
2078,5,19,139,12.21484551,"1"
2078,5,20,140,13.353168402,"1"
2078,5,21,141,13.536276642,"1"
2078,5,22,142,14.451817842,"1"
2078,5,23,143,13.731592098,"1"
2078,5,24,144,13.987943634,"1"
2078,5,25,145,14.402988978,"1"
2078,5,26,146,15.025556994,"1"
2078,5,27,147,15.535208262,"1"
2078,5,28,148,16.841380374,"1"
2078,5,29,149,16.54840719,"1"
2078,5,30,150,16.301211066,"1"
2078,5,31,151,17.045851242,"1"
2079,5,1,121,8.867016522,"1"
2079,5,2,122,9.678796386,"1"
2079,5,3,123,9.385823202,"1"
2079,5,4,124,10.121307966,"1"
2079,5,5,125,9.889370862,"1"
2079,5,6,126,10.441747386,"1"
2079,5,7,127,10.374607698,"1"
2079,5,8,128,10.609596606,"1"
2079,5,9,129,11.384754822,"1"
2079,5,10,130,11.647209966,"1"
2079,5,11,131,10.594337586,"1"
2079,5,12,132,11.058211794,"1"
2079,5,13,133,12.156861234,"1"
2079,5,14,134,13.310443146,"1"
2079,5,15,135,13.66445241,"1"
2079,5,16,136,13.041884394,"1"
2079,5,17,137,13.224992634,"1"
2079,5,18,138,13.90859673,"1"
2079,5,19,139,14.689858554,"1"
2079,5,20,140,15.776300778,"1"
2079,5,21,141,16.07537757,"1"
2079,5,22,142,16.621650486,"1"
2079,5,23,143,15.840388662,"1"
2079,5,24,144,15.73967913,"1"
2079,5,25,145,16.133361846,"1"
2079,5,26,146,16.676582958,"1"
2079,5,27,147,16.340884518,"1"
2079,5,28,148,17.15876799,"1"
2079,5,29,149,16.94514171,"1"
2079,5,30,150,16.57892523,"1"
2079,5,31,151,16.185242514,"1"
2080,5,1,122,9.633019326,"1"
2080,5,2,123,8.876171934,"1"
2080,5,3,124,9.227129394,"1"
2080,5,4,125,8.061340266,"1"
2080,5,5,126,7.43877225,"1"
2080,5,6,127,8.097961914,"1"
2080,5,7,128,8.986036878,"1"
2080,5,8,129,9.141678882,"1"
2080,5,9,130,9.938199726,"1"
2080,5,10,131,9.767298702,"1"
2080,5,11,132,10.49057625,"1"
2080,5,12,133,9.800868546,"1"
2080,5,13,134,10.606544802,"1"
2080,5,14,135,10.850689122,"1"
2080,5,15,136,11.427480078,"1"
2080,5,16,137,12.06225531,"1"
2080,5,17,138,12.693978738,"1"
2080,5,18,139,13.673607822,"1"
2080,5,19,140,14.616615258,"1"
2080,5,20,141,14.927899266,"1"
2080,5,21,142,13.926907554,"1"
2080,5,22,143,14.219880738,"1"
2080,5,23,144,15.291063942,"1"
2080,5,24,145,16.551458994,"1"
2080,5,25,146,16.88410563,"1"
2080,5,26,147,16.77729249,"1"
2080,5,27,148,17.607383178,"1"
2080,5,28,149,17.52498447,"1"
2080,5,29,150,17.091628302,"1"
2080,5,30,151,17.293047366,"1"
2080,5,31,152,17.476155606,"1"
2081,5,1,121,9.52925799,"1"
2081,5,2,122,8.656442046,"1"
2081,5,3,123,7.823299554,"1"
2081,5,4,124,7.447927662,"1"
2081,5,5,125,7.74395265,"1"
2081,5,6,126,8.619820398,"1"
2081,5,7,127,9.593345874,"1"
2081,5,8,128,9.709314426,"1"
2081,5,9,129,10.423436562,"1"
2081,5,10,130,11.439687294,"1"
2081,5,11,131,12.568854774,"1"
2081,5,12,132,11.906613306,"1"
2081,5,13,133,12.159913038,"1"
2081,5,14,134,12.950330274,"1"
2081,5,15,135,12.843517134,"1"
2081,5,16,136,12.895397802,"1"
2081,5,17,137,12.755014818,"1"
2081,5,18,138,13.096816866,"1"
2081,5,19,139,13.25245887,"1"
2081,5,20,140,13.365375618,"1"
2081,5,21,141,14.665444122,"1"
2081,5,22,142,16.06011855,"1"
2081,5,23,143,16.569769818,"1"
2081,5,24,144,15.385669866,"1"
2081,5,25,145,15.138473742,"1"
2081,5,26,146,15.355151826,"1"
2081,5,27,147,15.941098194,"1"
2081,5,28,148,15.57182991,"1"
2081,5,29,149,15.904476546,"1"
2081,5,30,150,16.215760554,"1"
2081,5,31,151,15.919735566,"1"
2082,5,1,121,8.12542815,"1"
2082,5,2,122,8.708322714,"1"
2082,5,3,123,9.324787122,"1"
2082,5,4,124,8.564887926,"1"
2082,5,5,125,8.747996166,"1"
2082,5,6,126,9.62081211,"1"
2082,5,7,127,10.359348678,"1"
2082,5,8,128,10.737772374,"1"
2082,5,9,129,10.936139634,"1"
2082,5,10,130,10.62790743,"1"
2082,5,11,131,12.025633662,"1"
2082,5,12,132,12.968641098,"1"
2082,5,13,133,12.785532858,"1"
2082,5,14,134,13.215837222,"1"
2082,5,15,135,12.941174862,"1"
2082,5,16,136,13.789576374,"1"
2082,5,17,137,14.064238734,"1"
2082,5,18,138,14.958417306,"1"
2082,5,19,139,15.245286882,"1"
2082,5,20,140,15.17509539,"1"
2082,5,21,141,15.245286882,"1"
2082,5,22,142,15.062178642,"1"
2082,5,23,143,15.028608798,"1"
2082,5,24,144,15.278856726,"1"
2082,5,25,145,16.115051022,"1"
2082,5,26,146,16.755929862,"1"
2082,5,27,147,17.302202778,"1"
2082,5,28,148,17.070265674,"1"
2082,5,29,149,16.328677302,"1"
2082,5,30,150,16.60944327,"1"
2082,5,31,151,15.538260066,"1"
2083,5,1,121,7.756159866,"1"
2083,5,2,122,8.290225566,"1"
2083,5,3,123,9.129471666,"1"
2083,5,4,124,9.831386586,"1"
2083,5,5,125,10.319675226,"1"
2083,5,6,126,10.212862086,"1"
2083,5,7,127,10.206758478,"1"
2083,5,8,128,10.798808454,"1"
2083,5,9,129,10.545508722,"1"
2083,5,10,130,10.76523861,"1"
2083,5,11,131,10.881207162,"1"
2083,5,12,132,12.85572435,"1"
2083,5,13,133,12.935071254,"1"
2083,5,14,134,12.968641098,"1"
2083,5,15,135,13.249407066,"1"
2083,5,16,136,14.079497754,"1"
2083,5,17,137,13.728540294,"1"
2083,5,18,138,13.478292366,"1"
2083,5,19,139,13.71022947,"1"
2083,5,20,140,14.726480202,"1"
2083,5,21,141,14.583045414,"1"
2083,5,22,142,15.184250802,"1"
2083,5,23,143,14.985883542,"1"
2083,5,24,144,15.672539442,"1"
2083,5,25,145,16.27374483,"1"
2083,5,26,146,16.911571866,"1"
2083,5,27,147,16.429386834,"1"
2083,5,28,148,16.88410563,"1"
2083,5,29,149,17.37239427,"1"
2083,5,30,150,17.726403534,"1"
2083,5,31,151,17.305254582,"1"
2084,5,1,122,7.716486414,"1"
2084,5,2,123,8.317691802,"1"
2084,5,3,124,7.618828686,"1"
2084,5,4,125,8.265811134,"1"
2084,5,5,126,8.91889719,"1"
2084,5,6,127,9.547568814,"1"
2084,5,7,128,10.463110014,"1"
2084,5,8,129,11.461049922,"1"
2084,5,9,130,12.141602214,"1"
2084,5,10,131,12.193482882,"1"
2084,5,11,132,11.952390366,"1"
2084,5,12,133,11.747919498,"1"
2084,5,13,134,11.491567962,"1"
2084,5,14,135,11.674676202,"1"
2084,5,15,136,10.875103554,"1"
2084,5,16,137,11.216905602,"1"
2084,5,17,138,12.645149874,"1"
2084,5,18,139,12.70313415,"1"
2084,5,19,140,13.630882566,"1"
2084,5,20,141,14.00015085,"1"
2084,5,21,142,12.67261611,"1"
2084,5,22,143,12.712289562,"1"
2084,5,23,144,12.990003726,"1"
2084,5,24,145,13.859767866,"1"
2084,5,25,146,14.790568086,"1"
2084,5,26,147,14.836345146,"1"
2084,5,27,148,15.49553481,"1"
2084,5,28,149,15.687798462,"1"
2084,5,29,150,16.36529895,"1"
2084,5,30,151,16.719308214,"1"
2084,5,31,152,15.904476546,"1"
2085,5,1,121,8.53742169,"1"
2085,5,2,122,9.199663158,"1"
2085,5,3,123,8.97993327,"1"
2085,5,4,124,9.645226542,"1"
2085,5,5,125,9.050124762,"1"
2085,5,6,126,9.80392035,"1"
2085,5,7,127,10.79575665,"1"
2085,5,8,128,10.228121106,"1"
2085,5,9,129,10.753031394,"1"
2085,5,10,130,11.37559941,"1"
2085,5,11,131,11.201646582,"1"
2085,5,12,132,11.738764086,"1"
2085,5,13,133,13.112075886,"1"
2085,5,14,134,13.829249826,"1"
2085,5,15,135,13.423359894,"1"
2085,5,16,136,12.785532858,"1"
2085,5,17,137,13.325702166,"1"
2085,5,18,138,14.149689246,"1"
2085,5,19,139,15.330737394,"1"
2085,5,20,140,15.410084298,"1"
2085,5,21,141,15.712212894,"1"
2085,5,22,142,15.260545902,"1"
2085,5,23,143,15.162888174,"1"
2085,5,24,144,15.254442294,"1"
2085,5,25,145,15.15983637,"1"
2085,5,26,146,15.669487638,"1"
2085,5,27,147,16.554510798,"1"
2085,5,28,148,16.774240686,"1"
2085,5,29,149,16.97565975,"1"
2085,5,30,150,17.21980407,"1"
2085,5,31,151,17.41817133,"1"
2086,5,1,121,8.921948994,"1"
2086,5,2,122,8.723581734,"1"
2086,5,3,123,8.91889719,"1"
2086,5,4,124,9.065383782,"1"
2086,5,5,125,9.608604894,"1"
2086,5,6,126,10.106048946,"1"
2086,5,7,127,11.05515999,"1"
2086,5,8,128,10.70420253,"1"
2086,5,9,129,11.601432906,"1"
2086,5,10,130,11.90966511,"1"
2086,5,11,131,12.895397802,"1"
2086,5,12,132,13.179215574,"1"
2086,5,13,133,13.02357357,"1"
2086,5,14,134,13.838405238,"1"
2086,5,15,135,12.819102702,"1"
2086,5,16,136,12.06225531,"1"
2086,5,17,137,12.196534686,"1"
2086,5,18,138,12.294192414,"1"
2086,5,19,139,13.899441318,"1"
2086,5,20,140,14.82413793,"1"
2086,5,21,141,14.299227642,"1"
2086,5,22,142,14.415196194,"1"
2086,5,23,143,14.357211918,"1"
2086,5,24,144,15.819026034,"1"
2086,5,25,145,16.179138906,"1"
2086,5,26,146,16.383609774,"1"
2086,5,27,147,17.103835518,"1"
2086,5,28,148,18.233002998,"1"
2086,5,29,149,17.872890126,"1"
2086,5,30,150,17.44868937,"1"
2086,5,31,151,17.903408166,"1"
2087,5,1,121,7.716486414,"1"
2087,5,2,122,8.47638561,"1"
2087,5,3,123,9.13252347,"1"
2087,5,4,124,9.983976786,"1"
2087,5,5,125,9.260699238,"1"
2087,5,6,126,8.854809306,"1"
2087,5,7,127,9.092850018,"1"
2087,5,8,128,9.199663158,"1"
2087,5,9,129,10.18539585,"1"
2087,5,10,130,11.457998118,"1"
2087,5,11,131,11.384754822,"1"
2087,5,12,132,11.357288586,"1"
2087,5,13,133,12.037840878,"1"
2087,5,14,134,12.114135978,"1"
2087,5,15,135,12.816050898,"1"
2087,5,16,136,13.429463502,"1"
2087,5,17,137,13.505758602,"1"
2087,5,18,138,13.850612454,"1"
2087,5,19,139,13.871975082,"1"
2087,5,20,140,14.048979714,"1"
2087,5,21,141,14.006254458,"1"
2087,5,22,142,13.807887198,"1"
2087,5,23,143,13.63393437,"1"
2087,5,24,144,15.257494098,"1"
2087,5,25,145,15.318530178,"1"
2087,5,26,146,13.795679982,"1"
2087,5,27,147,14.360263722,"1"
2087,5,28,148,14.90043303,"1"
2087,5,29,149,14.827189734,"1"
2087,5,30,150,15.315478374,"1"
2087,5,31,151,15.52605285,"1"
2088,5,1,122,9.044021154,"1"
2088,5,2,123,8.632027614,"1"
2088,5,3,124,8.677804674,"1"
2088,5,4,125,8.656442046,"1"
2088,5,5,126,9.169145118,"1"
2088,5,6,127,10.389866718,"1"
2088,5,7,128,10.127411574,"1"
2088,5,8,129,10.182344046,"1"
2088,5,9,130,10.466161818,"1"
2088,5,10,131,11.68077981,"1"
2088,5,11,132,11.979856602,"1"
2088,5,12,133,12.089721546,"1"
2088,5,13,134,12.388798338,"1"
2088,5,14,135,12.590217402,"1"
2088,5,15,136,13.09986867,"1"
2088,5,16,137,13.014418158,"1"
2088,5,17,138,13.32875397,"1"
2088,5,18,139,14.601356238,"1"
2088,5,19,140,14.192414502,"1"
2088,5,20,141,14.74784283,"1"
2088,5,21,142,15.422291514,"1"
2088,5,22,143,14.662392318,"1"
2088,5,23,144,14.363315526,"1"
2088,5,24,145,14.354160114,"1"
2088,5,25,146,14.418247998,"1"
2088,5,26,147,15.394825278,"1"
2088,5,27,148,16.42633503,"1"
2088,5,28,149,16.554510798,"1"
2088,5,29,150,16.73151543,"1"
2088,5,30,151,17.503621842,"1"
2088,5,31,152,18.45578469,"1"
2089,5,1,121,7.05729675,"1"
2089,5,2,122,6.96574263,"1"
2089,5,3,123,7.182420714,"1"
2089,5,4,124,7.096970202,"1"
2089,5,5,125,7.292285658,"1"
2089,5,6,126,8.894482758,"1"
2089,5,7,127,10.066375494,"1"
2089,5,8,128,10.807963866,"1"
2089,5,9,129,10.160981418,"1"
2089,5,10,130,10.789653042,"1"
2089,5,11,131,10.62790743,"1"
2089,5,12,132,11.519034198,"1"
2089,5,13,133,11.961545778,"1"
2089,5,14,134,12.617683638,"1"
2089,5,15,135,12.422368182,"1"
2089,5,16,136,12.925915842,"1"
2089,5,17,137,13.957425594,"1"
2089,5,18,138,13.66445241,"1"
2089,5,19,139,13.047988002,"1"
2089,5,20,140,14.052031518,"1"
2089,5,21,141,15.223924254,"1"
2089,5,22,142,15.29716755,"1"
2089,5,23,143,15.294115746,"1"
2089,5,24,144,16.282900242,"1"
2089,5,25,145,16.353091734,"1"
2089,5,26,146,16.667427546,"1"
2089,5,27,147,16.71625641,"1"
2089,5,28,148,16.270693026,"1"
2089,5,29,149,15.172043586,"1"
2089,5,30,150,15.867854898,"1"
2089,5,31,151,16.844432178,"1"
2090,5,1,121,8.015563206,"1"
2090,5,2,122,9.10200543,"1"
2090,5,3,123,9.703210818,"1"
2090,5,4,124,10.24643193,"1"
2090,5,5,125,10.380711306,"1"
2090,5,6,126,9.755091486,"1"
2090,5,7,127,9.98702859,"1"
2090,5,8,128,9.828334782,"1"
2090,5,9,129,10.936139634,"1"
2090,5,10,130,11.918820522,"1"
2090,5,11,131,12.272829786,"1"
2090,5,12,132,12.471197046,"1"
2090,5,13,133,12.831309918,"1"
2090,5,14,134,12.028685466,"1"
2090,5,15,135,12.312503238,"1"
2090,5,16,136,12.471197046,"1"
2090,5,17,137,13.521017622,"1"
2090,5,18,138,14.33584929,"1"
2090,5,19,139,15.193406214,"1"
2090,5,20,140,14.88517401,"1"
2090,5,21,141,14.00015085,"1"
2090,5,22,142,13.61867535,"1"
2090,5,23,143,14.052031518,"1"
2090,5,24,144,15.315478374,"1"
2090,5,25,145,16.206605142,"1"
2090,5,26,146,16.987866966,"1"
2090,5,27,147,16.887157434,"1"
2090,5,28,148,16.084532982,"1"
2090,5,29,149,15.516897438,"1"
2090,5,30,150,16.023496902,"1"
2090,5,31,151,16.447697658,"1"
2091,5,1,121,7.670709354,"1"
2091,5,2,122,7.936216302,"1"
2091,5,3,123,8.769358794,"1"
2091,5,4,124,9.703210818,"1"
2091,5,5,125,10.417332954,"1"
2091,5,6,126,10.35324507,"1"
2091,5,7,127,9.730677054,"1"
2091,5,8,128,10.115204358,"1"
2091,5,9,129,10.920880614,"1"
2091,5,10,130,11.601432906,"1"
2091,5,11,131,11.729608674,"1"
2091,5,12,132,12.861827958,"1"
2091,5,13,133,12.62683905,"1"
2091,5,14,134,11.647209966,"1"
2091,5,15,135,11.476308942,"1"
2091,5,16,136,13.173111966,"1"
2091,5,17,137,13.591209114,"1"
2091,5,18,138,12.449834418,"1"
2091,5,19,139,11.949338562,"1"
2091,5,20,140,12.175172058,"1"
2091,5,21,141,13.829249826,"1"
2091,5,22,142,14.937054678,"1"
2091,5,23,143,15.425343318,"1"
2091,5,24,144,15.486379398,"1"
2091,5,25,145,15.63286599,"1"
2091,5,26,146,15.428395122,"1"
2091,5,27,147,15.80071521,"1"
2091,5,28,148,15.651176814,"1"
2091,5,29,149,15.477223986,"1"
2091,5,30,150,15.486379398,"1"
2091,5,31,151,16.285952046,"1"
2092,5,1,122,8.906689974,"1"
2092,5,2,123,9.446859282,"1"
2092,5,3,124,9.57503505,"1"
2092,5,4,125,9.633019326,"1"
2092,5,5,126,9.72762525,"1"
2092,5,6,127,10.740824178,"1"
2092,5,7,128,11.494619766,"1"
2092,5,8,129,11.180283954,"1"
2092,5,9,130,11.201646582,"1"
2092,5,10,131,11.699090634,"1"
2092,5,11,132,12.434575398,"1"
2092,5,12,133,11.946286758,"1"
2092,5,13,134,12.556647558,"1"
2092,5,14,135,11.89440609,"1"
2092,5,15,136,12.333865866,"1"
2092,5,16,137,12.111084174,"1"
2092,5,17,138,12.318606846,"1"
2092,5,18,139,12.114135978,"1"
2092,5,19,140,12.645149874,"1"
2092,5,20,141,13.517965818,"1"
2092,5,21,142,14.857707774,"1"
2092,5,22,143,15.245286882,"1"
2092,5,23,144,15.748834542,"1"
2092,5,24,145,15.873958506,"1"
2092,5,25,146,15.553519086,"1"
2092,5,26,147,14.802775302,"1"
2092,5,27,148,14.665444122,"1"
2092,5,28,149,15.22087245,"1"
2092,5,29,150,15.73967913,"1"
2092,5,30,151,15.840388662,"1"
2092,5,31,152,16.264589418,"1"
2093,5,1,121,7.344166326,"1"
2093,5,2,122,8.052184854,"1"
2093,5,3,123,8.488592826,"1"
2093,5,4,124,9.30037269,"1"
2093,5,5,125,9.46822191,"1"
2093,5,6,126,10.038909258,"1"
2093,5,7,127,11.03990097,"1"
2093,5,8,128,11.628899142,"1"
2093,5,9,129,11.662468986,"1"
2093,5,10,130,11.049056382,"1"
2093,5,11,131,10.661477274,"1"
2093,5,12,132,10.942243242,"1"
2093,5,13,133,11.699090634,"1"
2093,5,14,134,11.03990097,"1"
2093,5,15,135,10.832378298,"1"
2093,5,16,136,11.342029566,"1"
2093,5,17,137,12.251467158,"1"
2093,5,18,138,12.968641098,"1"
2093,5,19,139,13.701074058,"1"
2093,5,20,140,14.88517401,"1"
2093,5,21,141,14.592200826,"1"
2093,5,22,142,13.804835394,"1"
2093,5,23,143,14.06118693,"1"
2093,5,24,144,15.257494098,"1"
2093,5,25,145,15.80071521,"1"
2093,5,26,146,15.812922426,"1"
2093,5,27,147,16.368350754,"1"
2093,5,28,148,17.149612578,"1"
2093,5,29,149,16.82306955,"1"
2093,5,30,150,18.144500682,"1"
2093,5,31,151,17.778284202,"1"
2094,5,1,121,8.622872202,"1"
2094,5,2,122,9.364460574,"1"
2094,5,3,123,9.663537366,"1"
2094,5,4,124,8.87312013,"1"
2094,5,5,125,8.793773226,"1"
2094,5,6,126,9.434652066,"1"
2094,5,7,127,9.34614975,"1"
2094,5,8,128,9.745936074,"1"
2094,5,9,129,10.609596606,"1"
2094,5,10,130,10.713357942,"1"
2094,5,11,131,11.372547606,"1"
2094,5,12,132,11.821162794,"1"
2094,5,13,133,11.366443998,"1"
2094,5,14,134,11.842525422,"1"
2094,5,15,135,12.556647558,"1"
2094,5,16,136,13.643089782,"1"
2094,5,17,137,12.526129518,"1"
2094,5,18,138,12.632942658,"1"
2094,5,19,139,12.599372814,"1"
2094,5,20,140,13.032728982,"1"
2094,5,21,141,13.337909382,"1"
2094,5,22,142,13.417256286,"1"
2094,5,23,143,14.467076862,"1"
2094,5,24,144,14.912640246,"1"
2094,5,25,145,14.540320158,"1"
2094,5,26,146,14.93095107,"1"
2094,5,27,147,15.654228618,"1"
2094,5,28,148,15.791559798,"1"
2094,5,29,149,16.414127814,"1"
2094,5,30,150,17.460896586,"1"
2094,5,31,151,18.815897562,"1"
2095,5,1,121,6.672769446,"1"
2095,5,2,122,8.097961914,"1"
2095,5,3,123,7.902646458,"1"
2095,5,4,124,7.780574298,"1"
2095,5,5,125,8.67475287,"1"
2095,5,6,126,9.80392035,"1"
2095,5,7,127,10.218965694,"1"
2095,5,8,128,11.326770546,"1"
2095,5,9,129,11.143662306,"1"
2095,5,10,130,11.48241255,"1"
2095,5,11,131,11.567863062,"1"
2095,5,12,132,11.918820522,"1"
2095,5,13,133,12.681771522,"1"
2095,5,14,134,12.437627202,"1"
2095,5,15,135,11.882198874,"1"
2095,5,16,136,12.736703994,"1"
2095,5,17,137,12.904553214,"1"
2095,5,18,138,12.23010453,"1"
2095,5,19,139,12.65735709,"1"
2095,5,20,140,12.956433882,"1"
2095,5,21,141,14.161896462,"1"
2095,5,22,142,14.451817842,"1"
2095,5,23,143,14.204621718,"1"
2095,5,24,144,14.59525263,"1"
2095,5,25,145,14.903484834,"1"
2095,5,26,146,14.720376594,"1"
2095,5,27,147,15.31242657,"1"
2095,5,28,148,15.681694854,"1"
2095,5,29,149,15.721368306,"1"
2095,5,30,150,16.38055797,"1"
2095,5,31,151,16.020445098,"1"
2096,5,1,122,7.634087706,"1"
2096,5,2,123,9.05622837,"1"
2096,5,3,124,9.962614158,"1"
2096,5,4,125,10.331882442,"1"
2096,5,5,126,9.602501286,"1"
2096,5,6,127,9.94125153,"1"
2096,5,7,128,9.840541998,"1"
2096,5,8,129,10.234224714,"1"
2096,5,9,130,10.32272703,"1"
2096,5,10,131,10.310519814,"1"
2096,5,11,132,10.47531723,"1"
2096,5,12,133,10.15487781,"1"
2096,5,13,134,11.931027738,"1"
2096,5,14,135,12.67261611,"1"
2096,5,15,136,12.849620742,"1"
2096,5,16,137,12.529181322,"1"
2096,5,17,138,12.94727847,"1"
2096,5,18,139,13.545432054,"1"
2096,5,19,140,13.77126555,"1"
2096,5,20,141,13.484395974,"1"
2096,5,21,142,14.436558822,"1"
2096,5,22,143,15.239183274,"1"
2096,5,23,144,15.309374766,"1"
2096,5,24,145,14.79361989,"1"
2096,5,25,146,15.605399754,"1"
2096,5,26,147,15.43449873,"1"
2096,5,27,148,15.803767014,"1"
2096,5,28,149,16.676582958,"1"
2096,5,29,150,16.917675474,"1"
2096,5,30,151,16.371402558,"1"
2096,5,31,152,16.603339662,"1"
2097,5,1,121,8.799876834,"1"
2097,5,2,122,8.925000798,"1"
2097,5,3,123,9.282061866,"1"
2097,5,4,124,9.013503114,"1"
2097,5,5,125,8.76630699,"1"
2097,5,6,126,10.151826006,"1"
2097,5,7,127,10.450902798,"1"
2097,5,8,128,10.47531723,"1"
2097,5,9,129,9.596397678,"1"
2097,5,10,130,9.831386586,"1"
2097,5,11,131,10.868999946,"1"
2097,5,12,132,11.873043462,"1"
2097,5,13,133,11.805903774,"1"
2097,5,14,134,12.013426446,"1"
2097,5,15,135,12.513922302,"1"
2097,5,16,136,12.52002591,"1"
2097,5,17,137,13.548483858,"1"
2097,5,18,138,13.17616377,"1"
2097,5,19,139,13.768213746,"1"
2097,5,20,140,13.698022254,"1"
2097,5,21,141,13.966581006,"1"
2097,5,22,142,14.41214439,"1"
2097,5,23,143,15.016401582,"1"
2097,5,24,144,15.08354127,"1"
2097,5,25,145,15.529104654,"1"
2097,5,26,146,16.850535786,"1"
2097,5,27,147,17.244218502,"1"
2097,5,28,148,17.170975206,"1"
2097,5,29,149,17.274736542,"1"
2097,5,30,150,17.836268478,"1"
2097,5,31,151,17.66231565,"1"
2098,5,1,121,8.885327346,"1"
2098,5,2,122,9.236284806,"1"
2098,5,3,123,9.22407759,"1"
2098,5,4,124,10.23117291,"1"
2098,5,5,125,10.807963866,"1"
2098,5,6,126,11.067367206,"1"
2098,5,7,127,11.97070119,"1"
2098,5,8,128,11.77233393,"1"
2098,5,9,129,12.50476689,"1"
2098,5,10,130,13.22194083,"1"
2098,5,11,131,13.383686442,"1"
2098,5,12,132,13.441670718,"1"
2098,5,13,133,12.285037002,"1"
2098,5,14,134,11.216905602,"1"
2098,5,15,135,11.595329298,"1"
2098,5,16,136,12.690926934,"1"
2098,5,17,137,14.32059027,"1"
2098,5,18,138,14.57999361,"1"
2098,5,19,139,14.088653166,"1"
2098,5,20,140,13.78652457,"1"
2098,5,21,141,14.140533834,"1"
2098,5,22,142,14.384678154,"1"
2098,5,23,143,14.787516282,"1"
2098,5,24,144,14.73258381,"1"
2098,5,25,145,15.049971426,"1"
2098,5,26,146,15.950253606,"1"
2098,5,27,147,15.413136102,"1"
2098,5,28,148,15.349048218,"1"
2098,5,29,149,15.925839174,"1"
2098,5,30,150,17.625694002,"1"
2098,5,31,151,17.878993734,"1"
2099,5,1,121,7.612725078,"1"
2099,5,2,122,7.783626102,"1"
2099,5,3,123,8.982985074,"1"
2099,5,4,124,9.36140877,"1"
2099,5,5,125,10.115204358,"1"
2099,5,6,126,9.94125153,"1"
2099,5,7,127,9.691003602,"1"
2099,5,8,128,10.527197898,"1"
2099,5,9,129,10.548560526,"1"
2099,5,10,130,11.195542974,"1"
2099,5,11,131,11.335925958,"1"
2099,5,12,132,11.079574422,"1"
2099,5,13,133,11.500723374,"1"
2099,5,14,134,11.52818961,"1"
2099,5,15,135,11.869991658,"1"
2099,5,16,136,12.935071254,"1"
2099,5,17,137,13.276873302,"1"
2099,5,18,138,12.50476689,"1"
2099,5,19,139,12.736703994,"1"
2099,5,20,140,12.513922302,"1"
2099,5,21,141,13.545432054,"1"
2099,5,22,142,14.021513478,"1"
2099,5,23,143,13.42030809,"1"
2099,5,24,144,13.929959358,"1"
2099,5,25,145,15.660332226,"1"
2099,5,26,146,17.15876799,"1"
2099,5,27,147,16.96040073,"1"
2099,5,28,148,15.989927058,"1"
2099,5,29,149,15.941098194,"1"
2099,5,30,150,16.630805898,"1"
2099,5,31,151,16.850535786,"1"
2100,5,1,121,6.422521518,"1"
2100,5,2,122,7.432668642,"1"
2100,5,3,123,7.27092303,"1"
2100,5,4,124,7.45403127,"1"
2100,5,5,125,6.880292118,"1"
2100,5,6,126,7.374684366,"1"
2100,5,7,127,8.116272738,"1"
2100,5,8,128,9.318683514,"1"
2100,5,9,129,10.011443022,"1"
2100,5,10,130,9.88021545,"1"
2100,5,11,131,9.556724226,"1"
2100,5,12,132,10.417332954,"1"
2100,5,13,133,10.664529078,"1"
2100,5,14,134,11.49767157,"1"
2100,5,15,135,11.445790902,"1"
2100,5,16,136,11.140610502,"1"
2100,5,17,137,11.976804798,"1"
2100,5,18,138,13.14564573,"1"
2100,5,19,139,14.665444122,"1"
2100,5,20,140,14.680703142,"1"
2100,5,21,141,14.650185102,"1"
2100,5,22,142,14.445714234,"1"
2100,5,23,143,14.415196194,"1"
2100,5,24,144,14.76310185,"1"
2100,5,25,145,14.622718866,"1"
2100,5,26,146,14.845500558,"1"
2100,5,27,147,15.056075034,"1"
2100,5,28,148,16.02960051,"1"
2100,5,29,149,16.145569062,"1"
2100,5,30,150,16.414127814,"1"
2100,5,31,151,16.71625641,"1"
2025,3,1,60,-8.137635366,"2"
2025,3,2,61,-8.055236658,"2"
2025,3,3,62,-7.490652918,"2"
2025,3,4,63,-6.529334658,"2"
2025,3,5,64,-6.135651942,"2"
2025,3,6,65,-5.265887802,"2"
2025,3,7,66,-4.151979342,"2"
2025,3,8,67,-4.652475198,"2"
2025,3,9,68,-4.606698138,"2"
2025,3,10,69,-4.197756402,"2"
2025,3,11,70,-3.556877562,"2"
2025,3,12,71,-3.993285534,"2"
2025,3,13,72,-4.73792571,"2"
2025,3,14,73,-4.38696825,"2"
2025,3,15,74,-3.047226294,"2"
2025,3,16,75,-2.58640389,"2"
2025,3,17,76,-2.348363178,"2"
2025,3,18,77,-2.888532486,"2"
2025,3,19,78,-3.489737874,"2"
2025,3,20,79,-3.175402062,"2"
2025,3,21,80,-1.77767583,"2"
2025,3,22,81,-1.240558326,"2"
2025,3,23,82,-2.482642554,"2"
2025,3,24,83,-2.507056986,"2"
2025,3,25,84,-1.771572222,"2"
2025,3,26,85,-0.80109855,"2"
2025,3,27,86,-1.057450086,"2"
2025,3,28,87,-0.386053206,"2"
2025,3,29,88,0.444037482,"2"
2025,3,30,89,0.315861714,"2"
2025,3,31,90,0.865186434,"2"
2026,3,1,60,-6.144807354,"2"
2026,3,2,61,-6.49271301,"2"
2026,3,3,62,-7.432668642,"2"
2026,3,4,63,-7.008467886,"2"
2026,3,5,64,-7.94231991,"2"
2026,3,6,65,-7.65239853,"2"
2026,3,7,66,-7.267871226,"2"
2026,3,8,67,-5.748072834,"2"
2026,3,9,68,-6.224154258,"2"
2026,3,10,69,-4.896619518,"2"
2026,3,11,70,-3.813229098,"2"
2026,3,12,71,-3.584343798,"2"
2026,3,13,72,-3.407339166,"2"
2026,3,14,73,-3.932249454,"2"
2026,3,15,74,-4.039062594,"2"
2026,3,16,75,-2.964827586,"2"
2026,3,17,76,-1.652551866,"2"
2026,3,18,77,-1.432821978,"2"
2026,3,19,78,-2.485694358,"2"
2026,3,20,79,-3.230334534,"2"
2026,3,21,80,-2.879377074,"2"
2026,3,22,81,-1.307698014,"2"
2026,3,23,82,0.63324933,"2"
2026,3,24,83,0.309758106,"2"
2026,3,25,84,0.254825634,"2"
2026,3,26,85,0.004577706,"2"
2026,3,27,86,0.517280778,"2"
2026,3,28,87,2.302586118,"2"
2026,3,29,88,2.80003017,"2"
2026,3,30,89,2.507056986,"2"
2026,3,31,90,2.702372442,"2"
2027,3,1,60,-8.030822226,"2"
2027,3,2,61,-7.594414254,"2"
2027,3,3,62,-7.869076614,"2"
2027,3,4,63,-7.457083074,"2"
2027,3,5,64,-6.346226418,"2"
2027,3,6,65,-5.235369762,"2"
2027,3,7,66,-5.30250945,"2"
2027,3,8,67,-4.884412302,"2"
2027,3,9,68,-4.15808295,"2"
2027,3,10,69,-4.200808206,"2"
2027,3,11,70,-4.136720322,"2"
2027,3,12,71,-3.657587094,"2"
2027,3,13,72,-4.084839654,"2"
2027,3,14,73,-3.385976538,"2"
2027,3,15,74,-3.831539922,"2"
2027,3,16,75,-4.53955845,"2"
2027,3,17,76,-3.266956182,"2"
2027,3,18,77,-3.358510302,"2"
2027,3,19,78,-2.812237386,"2"
2027,3,20,79,-2.259860862,"2"
2027,3,21,80,-2.40329565,"2"
2027,3,22,81,-1.359578682,"2"
2027,3,23,82,-0.239566614,"2"
2027,3,24,83,-0.141908886,"2"
2027,3,25,84,-0.102235434,"2"
2027,3,26,85,1.383993114,"2"
2027,3,27,86,0.630197526,"2"
2027,3,28,87,0.566109642,"2"
2027,3,29,88,0.141908886,"2"
2027,3,30,89,1.356526878,"2"
2027,3,31,90,2.15915133,"2"
2028,3,1,61,-7.780574298,"2"
2028,3,2,62,-7.707331002,"2"
2028,3,3,63,-6.26382771,"2"
2028,3,4,64,-6.08071947,"2"
2028,3,5,65,-4.625008962,"2"
2028,3,6,66,-3.53246313,"2"
2028,3,7,67,-3.071640726,"2"
2028,3,8,68,-2.790874758,"2"
2028,3,9,69,-3.16624665,"2"
2028,3,10,70,-2.778667542,"2"
2028,3,11,71,-1.124589774,"2"
2028,3,12,72,-0.062561982,"2"
2028,3,13,73,-0.64850835,"2"
2028,3,14,74,-1.527427902,"2"
2028,3,15,75,-1.963835874,"2"
2028,3,16,76,-1.91500701,"2"
2028,3,17,77,-2.436865494,"2"
2028,3,18,78,-2.705424246,"2"
2028,3,19,79,-3.15098763,"2"
2028,3,20,80,-3.312733242,"2"
2028,3,21,81,-1.771572222,"2"
2028,3,22,82,-0.682078194,"2"
2028,3,23,83,-0.859082826,"2"
2028,3,24,84,-0.791943138,"2"
2028,3,25,85,0.059510178,"2"
2028,3,26,86,1.38094131,"2"
2028,3,27,87,1.817349282,"2"
2028,3,28,88,2.96787939,"2"
2028,3,29,89,3.56298117,"2"
2028,3,30,90,3.385976538,"2"
2028,3,31,91,2.714579658,"2"
2029,3,1,60,-7.008467886,"2"
2029,3,2,61,-8.81208405,"2"
2029,3,3,62,-8.299380978,"2"
2029,3,4,63,-6.746012742,"2"
2029,3,5,64,-6.480505794,"2"
2029,3,6,65,-6.14175555,"2"
2029,3,7,66,-6.147859158,"2"
2029,3,8,67,-5.473410474,"2"
2029,3,9,68,-5.296405842,"2"
2029,3,10,69,-4.719614886,"2"
2029,3,11,70,-6.352330026,"2"
2029,3,12,71,-7.252612206,"2"
2029,3,13,72,-6.46219497,"2"
2029,3,14,73,-4.92103395,"2"
2029,3,15,74,-2.763408522,"2"
2029,3,16,75,-2.232394626,"2"
2029,3,17,76,-3.22728273,"2"
2029,3,18,77,-2.818340994,"2"
2029,3,19,78,-1.79293485,"2"
2029,3,20,79,-1.399252134,"2"
2029,3,21,80,-1.341267858,"2"
2029,3,22,81,-0.715648038,"2"
2029,3,23,82,-0.169375122,"2"
2029,3,24,83,-0.196841358,"2"
2029,3,25,84,0.141908886,"2"
2029,3,26,85,-0.102235434,"2"
2029,3,27,86,0.58747227,"2"
2029,3,28,87,0.660715566,"2"
2029,3,29,88,0.016784922,"2"
2029,3,30,89,0.395208618,"2"
2029,3,31,90,1.277179974,"2"
2030,3,1,60,-7.740900846,"2"
2030,3,2,61,-7.573051626,"2"
2030,3,3,62,-6.565956306,"2"
2030,3,4,63,-7.42351323,"2"
2030,3,5,64,-6.303501162,"2"
2030,3,6,65,-4.795909986,"2"
2030,3,7,66,-4.649423394,"2"
2030,3,8,67,-6.321811986,"2"
2030,3,9,68,-5.662622322,"2"
2030,3,10,69,-5.79079809,"2"
2030,3,11,70,-5.60768985,"2"
2030,3,12,71,-4.887464106,"2"
2030,3,13,72,-4.542610254,"2"
2030,3,14,73,-5.033950698,"2"
2030,3,15,74,-4.267947894,"2"
2030,3,16,75,-2.775615738,"2"
2030,3,17,76,-2.717631462,"2"
2030,3,18,77,-3.663690702,"2"
2030,3,19,78,-4.164186558,"2"
2030,3,20,79,-2.26596447,"2"
2030,3,21,80,-1.741054182,"2"
2030,3,22,81,-1.41145935,"2"
2030,3,23,82,-1.445029194,"2"
2030,3,24,83,-0.819409374,"2"
2030,3,25,84,-0.560006034,"2"
2030,3,26,85,1.19783307,"2"
2030,3,27,86,0.611886702,"2"
2030,3,28,87,-0.163271514,"2"
2030,3,29,88,-0.651560154,"2"
2030,3,30,89,0.193789554,"2"
2030,3,31,90,0.889600866,"2"
2031,3,1,60,-5.339131098,"2"
2031,3,2,61,-6.694132074,"2"
2031,3,3,62,-6.55374909,"2"
2031,3,4,63,-5.21095533,"2"
2031,3,5,64,-5.705347578,"2"
2031,3,6,65,-4.298465934,"2"
2031,3,7,66,-3.813229098,"2"
2031,3,8,67,-4.338139386,"2"
2031,3,9,68,-3.44090901,"2"
2031,3,10,69,-2.961775782,"2"
2031,3,11,70,-4.06652883,"2"
2031,3,12,71,-3.865109766,"2"
2031,3,13,72,-3.926145846,"2"
2031,3,14,73,-3.538566738,"2"
2031,3,15,74,-3.68505333,"2"
2031,3,16,75,-3.672846114,"2"
2031,3,17,76,-2.561989458,"2"
2031,3,18,77,-0.563057838,"2"
2031,3,19,78,-0.16021971,"2"
2031,3,20,79,-0.239566614,"2"
2031,3,21,80,0.233463006,"2"
2031,3,22,81,0.642404742,"2"
2031,3,23,82,0.117494454,"2"
2031,3,24,83,0.700389018,"2"
2031,3,25,84,0.581368662,"2"
2031,3,26,85,0.910963494,"2"
2031,3,27,86,1.322957034,"2"
2031,3,28,87,1.786831242,"2"
2031,3,29,88,1.615930218,"2"
2031,3,30,89,2.89158429,"2"
2031,3,31,90,3.834591726,"2"
2032,3,1,61,-7.814144142,"2"
2032,3,2,62,-8.20172325,"2"
2032,3,3,63,-7.771418886,"2"
2032,3,4,64,-6.877240314,"2"
2032,3,5,65,-7.338062718,"2"
2032,3,6,66,-7.527274566,"2"
2032,3,7,67,-6.526282854,"2"
2032,3,8,68,-5.192644506,"2"
2032,3,9,69,-4.75318473,"2"
2032,3,10,70,-4.747081122,"2"
2032,3,11,71,-4.200808206,"2"
2032,3,12,72,-4.652475198,"2"
2032,3,13,73,-4.47852237,"2"
2032,3,14,74,-3.205920102,"2"
2032,3,15,75,-2.665750794,"2"
2032,3,16,76,-1.994353914,"2"
2032,3,17,77,-2.644388166,"2"
2032,3,18,78,-2.607766518,"2"
2032,3,19,79,-2.522316006,"2"
2032,3,20,80,-1.313801622,"2"
2032,3,21,81,-0.291447282,"2"
2032,3,22,82,-0.263981046,"2"
2032,3,23,83,-0.996414006,"2"
2032,3,24,84,-1.054398282,"2"
2032,3,25,85,0.410467638,"2"
2032,3,26,86,0.49591815,"2"
2032,3,27,87,0.761425098,"2"
2032,3,28,88,1.551842334,"2"
2032,3,29,89,2.766460326,"2"
2032,3,30,90,3.367665714,"2"
2032,3,31,91,3.138780414,"2"
2033,3,1,60,-8.711374518,"2"
2033,3,2,61,-7.45403127,"2"
2033,3,3,62,-7.100022006,"2"
2033,3,4,63,-6.636147798,"2"
2033,3,5,64,-7.689020178,"2"
2033,3,6,65,-8.204775054,"2"
2033,3,7,66,-7.228197774,"2"
2033,3,8,67,-6.58426713,"2"
2033,3,9,68,-5.879300406,"2"
2033,3,10,69,-4.96681101,"2"
2033,3,11,70,-5.220110742,"2"
2033,3,12,71,-4.133668518,"2"
2033,3,13,72,-2.690165226,"2"
2033,3,14,73,-1.70138073,"2"
2033,3,15,74,-1.527427902,"2"
2033,3,16,75,-0.749217882,"2"
2033,3,17,76,-0.410467638,"2"
2033,3,18,77,0.37384599,"2"
2033,3,19,78,-0.34332795,"2"
2033,3,20,79,0.383001402,"2"
2033,3,21,80,1.399252134,"2"
2033,3,22,81,0.971999574,"2"
2033,3,23,82,1.02998385,"2"
2033,3,24,83,1.194781266,"2"
2033,3,25,84,2.253757254,"2"
2033,3,26,85,1.631189238,"2"
2033,3,27,86,0.340276146,"2"
2033,3,28,87,0.584420466,"2"
2033,3,29,88,1.664759082,"2"
2033,3,30,89,2.552834046,"2"
2033,3,31,90,2.60166291,"2"
2034,3,1,60,-9.596397678,"2"
2034,3,2,61,-8.360417058,"2"
2034,3,3,62,-6.788737998,"2"
2034,3,4,63,-7.212938754,"2"
2034,3,5,64,-7.243456794,"2"
2034,3,6,65,-7.68291657,"2"
2034,3,7,66,-6.541541874,"2"
2034,3,8,67,-6.849774078,"2"
2034,3,9,68,-6.410314302,"2"
2034,3,10,69,-5.16517827,"2"
2034,3,11,70,-4.194704598,"2"
2034,3,12,71,-3.596551014,"2"
2034,3,13,72,-3.923094042,"2"
2034,3,14,73,-3.82238451,"2"
2034,3,15,74,-2.803081974,"2"
2034,3,16,75,-0.874341846,"2"
2034,3,17,76,-1.206988482,"2"
2034,3,18,77,-1.985198502,"2"
2034,3,19,78,-1.939421442,"2"
2034,3,20,79,0.520332582,"2"
2034,3,21,80,1.936369638,"2"
2034,3,22,81,2.58640389,"2"
2034,3,23,82,2.806133778,"2"
2034,3,24,83,2.140840506,"2"
2034,3,25,84,1.054398282,"2"
2034,3,26,85,1.863126342,"2"
2034,3,27,86,2.772563934,"2"
2034,3,28,87,2.72373507,"2"
2034,3,29,88,1.933317834,"2"
2034,3,30,89,2.214083802,"2"
2034,3,31,90,2.665750794,"2"
2035,3,1,60,-5.064468738,"2"
2035,3,2,61,-5.421529806,"2"
2035,3,3,62,-7.04203773,"2"
2035,3,4,63,-8.632027614,"2"
2035,3,5,64,-7.197679734,"2"
2035,3,6,65,-6.184480806,"2"
2035,3,7,66,-5.375752746,"2"
2035,3,8,67,-4.939344774,"2"
2035,3,9,68,-4.240481658,"2"
2035,3,10,69,-4.704355866,"2"
2035,3,11,70,-4.588387314,"2"
2035,3,12,71,-4.856946066,"2"
2035,3,13,72,-4.78370277,"2"
2035,3,14,73,-4.472418762,"2"
2035,3,15,74,-4.744029318,"2"
2035,3,16,75,-4.820324418,"2"
2035,3,17,76,-4.350346602,"2"
2035,3,18,77,-1.652551866,"2"
2035,3,19,78,-0.550850622,"2"
2035,3,20,79,-0.813305766,"2"
2035,3,21,80,0.108339042,"2"
2035,3,22,81,0.163271514,"2"
2035,3,23,82,0.395208618,"2"
2035,3,24,83,1.225299306,"2"
2035,3,25,84,0.971999574,"2"
2035,3,26,85,0.636301134,"2"
2035,3,27,86,1.066605498,"2"
2035,3,28,87,1.80819387,"2"
2035,3,29,88,1.484702646,"2"
2035,3,30,89,1.51827249,"2"
2035,3,31,90,2.513160594,"2"
2036,3,1,61,-7.075607574,"2"
2036,3,2,62,-7.884335634,"2"
2036,3,3,63,-7.338062718,"2"
2036,3,4,64,-5.830471542,"2"
2036,3,5,65,-6.337071006,"2"
2036,3,6,66,-6.214998846,"2"
2036,3,7,67,-4.53955845,"2"
2036,3,8,68,-3.147935826,"2"
2036,3,9,69,-4.283206914,"2"
2036,3,10,70,-4.667734218,"2"
2036,3,11,71,-4.133668518,"2"
2036,3,12,72,-3.916990434,"2"
2036,3,13,73,-3.21202371,"2"
2036,3,14,74,-2.69321703,"2"
2036,3,15,75,-2.183565762,"2"
2036,3,16,76,-3.218127318,"2"
2036,3,17,77,-5.25673239,"2"
2036,3,18,78,-3.477530658,"2"
2036,3,19,79,-2.40329565,"2"
2036,3,20,80,-1.622033826,"2"
2036,3,21,81,-0.688181802,"2"
2036,3,22,82,0.46540011,"2"
2036,3,23,83,-1.347371466,"2"
2036,3,24,84,-1.390096722,"2"
2036,3,25,85,0.971999574,"2"
2036,3,26,86,1.741054182,"2"
2036,3,27,87,1.438925586,"2"
2036,3,28,88,1.557945942,"2"
2036,3,29,89,1.728846966,"2"
2036,3,30,90,2.87632527,"2"
2036,3,31,91,2.12863329,"2"
2037,3,1,60,-7.631035902,"2"
2037,3,2,61,-6.639199602,"2"
2037,3,3,62,-4.92103395,"2"
2037,3,4,63,-6.489661206,"2"
2037,3,5,64,-6.764323566,"2"
2037,3,6,65,-5.217058938,"2"
2037,3,7,66,-5.201799918,"2"
2037,3,8,67,-5.281146822,"2"
2037,3,9,68,-5.201799918,"2"
2037,3,10,69,-5.311664862,"2"
2037,3,11,70,-5.510032122,"2"
2037,3,12,71,-4.930189362,"2"
2037,3,13,72,-4.078736046,"2"
2037,3,14,73,-4.438848918,"2"
2037,3,15,74,-4.063477026,"2"
2037,3,16,75,-4.029907182,"2"
2037,3,17,76,-3.114365982,"2"
2037,3,18,77,-2.446020906,"2"
2037,3,19,78,-3.068588922,"2"
2037,3,20,79,-2.806133778,"2"
2037,3,21,80,-0.682078194,"2"
2037,3,22,81,-0.074769198,"2"
2037,3,23,82,0.340276146,"2"
2037,3,24,83,1.246661934,"2"
2037,3,25,84,1.811245674,"2"
2037,3,26,85,0.682078194,"2"
2037,3,27,86,1.30464621,"2"
2037,3,28,87,1.142900598,"2"
2037,3,29,88,0.752269686,"2"
2037,3,30,89,2.644388166,"2"
2037,3,31,90,3.27305979,"2"
2038,3,1,60,-8.198671446,"2"
2038,3,2,61,-6.761271762,"2"
2038,3,3,62,-5.168230074,"2"
2038,3,4,63,-5.964750918,"2"
2038,3,5,64,-6.898602942,"2"
2038,3,6,65,-5.63820789,"2"
2038,3,7,66,-5.326923882,"2"
2038,3,8,67,-4.161134754,"2"
2038,3,9,68,-5.189592702,"2"
2038,3,10,69,-5.915922054,"2"
2038,3,11,70,-5.040054306,"2"
2038,3,12,71,-3.739985802,"2"
2038,3,13,72,-2.08285623,"2"
2038,3,14,73,-1.911955206,"2"
2038,3,15,74,-1.744105986,"2"
2038,3,16,75,-0.645456546,"2"
2038,3,17,76,-0.886549062,"2"
2038,3,18,77,-1.097123538,"2"
2038,3,19,78,0.309758106,"2"
2038,3,20,79,1.142900598,"2"
2038,3,21,80,0.950636946,"2"
2038,3,22,81,1.094071734,"2"
2038,3,23,82,0.14496069,"2"
2038,3,24,83,0.28229187,"2"
2038,3,25,84,0.334172538,"2"
2038,3,26,85,1.329060642,"2"
2038,3,27,86,2.336155962,"2"
2038,3,28,87,2.95262037,"2"
2038,3,29,88,3.065537118,"2"
2038,3,30,89,3.398183754,"2"
2038,3,31,90,3.770503842,"2"
2039,3,1,60,-5.827419738,"2"
2039,3,2,61,-5.220110742,"2"
2039,3,3,62,-5.098038582,"2"
2039,3,4,63,-5.80605711,"2"
2039,3,5,64,-6.56900811,"2"
2039,3,6,65,-6.300449358,"2"
2039,3,7,66,-5.54665377,"2"
2039,3,8,67,-4.58533551,"2"
2039,3,9,68,-4.274051502,"2"
2039,3,10,69,-2.873273466,"2"
2039,3,11,70,-3.511100502,"2"
2039,3,12,71,-4.979018226,"2"
2039,3,13,72,-5.098038582,"2"
2039,3,14,73,-4.167238362,"2"
2039,3,15,74,-3.270007986,"2"
2039,3,16,75,-2.034027366,"2"
2039,3,17,76,-2.81528919,"2"
2039,3,18,77,-1.652551866,"2"
2039,3,19,78,-0.746166078,"2"
2039,3,20,79,-0.944533338,"2"
2039,3,21,80,-1.429770174,"2"
2039,3,22,81,-0.69428541,"2"
2039,3,23,82,0.260929242,"2"
2039,3,24,83,0.645456546,"2"
2039,3,25,84,1.023880242,"2"
2039,3,26,85,1.460288214,"2"
2039,3,27,86,1.74715779,"2"
2039,3,28,87,2.806133778,"2"
2039,3,29,88,3.663690702,"2"
2039,3,30,89,3.813229098,"2"
2039,3,31,90,2.705424246,"2"
2040,3,1,61,-6.099030294,"2"
2040,3,2,62,-5.024795286,"2"
2040,3,3,63,-5.037002502,"2"
2040,3,4,64,-5.131608426,"2"
2040,3,5,65,-3.208971906,"2"
2040,3,6,66,-3.846798942,"2"
2040,3,7,67,-4.640267982,"2"
2040,3,8,68,-4.374761034,"2"
2040,3,9,69,-5.296405842,"2"
2040,3,10,70,-4.145875734,"2"
2040,3,11,71,-3.859006158,"2"
2040,3,12,72,-4.069580634,"2"
2040,3,13,73,-2.763408522,"2"
2040,3,14,74,-3.340199478,"2"
2040,3,15,75,-3.62401725,"2"
2040,3,16,76,-3.712519566,"2"
2040,3,17,77,-3.331044066,"2"
2040,3,18,78,-2.903791506,"2"
2040,3,19,79,-2.610818322,"2"
2040,3,20,80,-0.544747014,"2"
2040,3,21,81,0.102235434,"2"
2040,3,22,82,0.071717394,"2"
2040,3,23,83,-0.563057838,"2"
2040,3,24,84,-0.529487994,"2"
2040,3,25,85,0.285343674,"2"
2040,3,26,86,2.137788702,"2"
2040,3,27,87,1.850919126,"2"
2040,3,28,88,1.307698014,"2"
2040,3,29,89,1.24361013,"2"
2040,3,30,90,2.519264202,"2"
2040,3,31,91,3.25780077,"2"
2041,3,1,60,-7.856869398,"2"
2041,3,2,61,-7.295337462,"2"
2041,3,3,62,-5.992217154,"2"
2041,3,4,63,-4.49378139,"2"
2041,3,5,64,-4.515144018,"2"
2041,3,6,65,-4.61585355,"2"
2041,3,7,66,-4.435797114,"2"
2041,3,8,67,-3.74608941,"2"
2041,3,9,68,-4.878308694,"2"
2041,3,10,69,-5.430685218,"2"
2041,3,11,70,-3.92919765,"2"
2041,3,12,71,-3.355458498,"2"
2041,3,13,72,-3.30357783,"2"
2041,3,14,73,-3.224230926,"2"
2041,3,15,74,-2.711527854,"2"
2041,3,16,75,-2.650491774,"2"
2041,3,17,76,-3.236438142,"2"
2041,3,18,77,-2.421606474,"2"
2041,3,19,78,-3.401235558,"2"
2041,3,20,79,-2.757304914,"2"
2041,3,21,80,-1.261920954,"2"
2041,3,22,81,0.29755089,"2"
2041,3,23,82,0.447089286,"2"
2041,3,24,83,0.688181802,"2"
2041,3,25,84,0.627145722,"2"
2041,3,26,85,1.438925586,"2"
2041,3,27,86,2.439917298,"2"
2041,3,28,87,1.573204962,"2"
2041,3,29,88,1.240558326,"2"
2041,3,30,89,2.17441035,"2"
2041,3,31,90,2.104218858,"2"
2042,3,1,60,-6.364537242,"2"
2042,3,2,61,-7.341114522,"2"
2042,3,3,62,-7.48454931,"2"
2042,3,4,63,-6.88944753,"2"
2042,3,5,64,-5.949491898,"2"
2042,3,6,65,-5.232317958,"2"
2042,3,7,66,-3.541618542,"2"
2042,3,8,67,-3.550773954,"2"
2042,3,9,68,-3.596551014,"2"
2042,3,10,69,-3.648431682,"2"
2042,3,11,70,-3.096055158,"2"
2042,3,12,71,-2.745097698,"2"
2042,3,13,72,-4.255740678,"2"
2042,3,14,73,-3.89867961,"2"
2042,3,15,74,-3.22728273,"2"
2042,3,16,75,-2.671854402,"2"
2042,3,17,76,-2.561989458,"2"
2042,3,18,77,-2.05233819,"2"
2042,3,19,78,-1.295490798,"2"
2042,3,20,79,-0.349431558,"2"
2042,3,21,80,-0.456244698,"2"
2042,3,22,81,-0.315861714,"2"
2042,3,23,82,0.69428541,"2"
2042,3,24,83,2.186617566,"2"
2042,3,25,84,3.056381706,"2"
2042,3,26,85,2.269016274,"2"
2042,3,27,86,1.51827249,"2"
2042,3,28,87,0.95368875,"2"
2042,3,29,88,0.67902639,"2"
2042,3,30,89,1.597619394,"2"
2042,3,31,90,2.458228122,"2"
2043,3,1,60,-6.410314302,"2"
2043,3,2,61,-5.024795286,"2"
2043,3,3,62,-3.947508474,"2"
2043,3,4,63,-5.741969226,"2"
2043,3,5,64,-5.781642678,"2"
2043,3,6,65,-5.436788826,"2"
2043,3,7,66,-4.948500186,"2"
2043,3,8,67,-5.061416934,"2"
2043,3,9,68,-4.756236534,"2"
2043,3,10,69,-3.672846114,"2"
2043,3,11,70,-2.949568566,"2"
2043,3,12,71,-2.153047722,"2"
2043,3,13,72,-1.65560367,"2"
2043,3,14,73,-2.177462154,"2"
2043,3,15,74,-2.81528919,"2"
2043,3,16,75,-3.062485314,"2"
2043,3,17,76,-3.251697162,"2"
2043,3,18,77,-2.766460326,"2"
2043,3,19,78,-2.180513958,"2"
2043,3,20,79,-1.948576854,"2"
2043,3,21,80,-2.040130974,"2"
2043,3,22,81,-0.672922782,"2"
2043,3,23,82,0.90791169,"2"
2043,3,24,83,1.158159618,"2"
2043,3,25,84,0.865186434,"2"
2043,3,26,85,0.242618418,"2"
2043,3,27,86,0.486762738,"2"
2043,3,28,87,1.344319662,"2"
2043,3,29,88,1.692225318,"2"
2043,3,30,89,1.921110618,"2"
2043,3,31,90,2.766460326,"2"
2044,3,1,61,-7.335010914,"2"
2044,3,2,62,-5.51613573,"2"
2044,3,3,63,-5.647363302,"2"
2044,3,4,64,-5.635156086,"2"
2044,3,5,65,-6.67582125,"2"
2044,3,6,66,-6.98100165,"2"
2044,3,7,67,-5.97390633,"2"
2044,3,8,68,-4.762340142,"2"
2044,3,9,69,-2.931257742,"2"
2044,3,10,70,-2.317845138,"2"
2044,3,11,71,-3.385976538,"2"
2044,3,12,72,-3.373769322,"2"
2044,3,13,73,-3.361562106,"2"
2044,3,14,74,-3.19676469,"2"
2044,3,15,75,-2.485694358,"2"
2044,3,16,76,-1.454184606,"2"
2044,3,17,77,-1.338216054,"2"
2044,3,18,78,-1.008621222,"2"
2044,3,19,79,0.163271514,"2"
2044,3,20,80,-0.273136458,"2"
2044,3,21,81,-0.49591815,"2"
2044,3,22,82,-1.127641578,"2"
2044,3,23,83,-0.804150354,"2"
2044,3,24,84,1.008621222,"2"
2044,3,25,85,1.890592578,"2"
2044,3,26,86,2.64743997,"2"
2044,3,27,87,2.613870126,"2"
2044,3,28,88,2.22018741,"2"
2044,3,29,89,1.051346478,"2"
2044,3,30,90,0.611886702,"2"
2044,3,31,91,1.847867322,"2"
2045,3,1,60,-5.558860986,"2"
2045,3,2,61,-6.532386462,"2"
2045,3,3,62,-5.56191279,"2"
2045,3,4,63,-5.711451186,"2"
2045,3,5,64,-4.121461302,"2"
2045,3,6,65,-3.94445667,"2"
2045,3,7,66,-4.243533462,"2"
2045,3,8,67,-4.960707402,"2"
2045,3,9,68,-4.191652794,"2"
2045,3,10,69,-2.964827586,"2"
2045,3,11,70,-2.699320638,"2"
2045,3,12,71,-2.140840506,"2"
2045,3,13,72,-0.178530534,"2"
2045,3,14,73,-0.096131826,"2"
2045,3,15,74,-0.843823806,"2"
2045,3,16,75,-1.567101354,"2"
2045,3,17,76,-1.347371466,"2"
2045,3,18,77,-0.584420466,"2"
2045,3,19,78,0.486762738,"2"
2045,3,20,79,0.492866346,"2"
2045,3,21,80,-0.58747227,"2"
2045,3,22,81,0.31280991,"2"
2045,3,23,82,1.341267858,"2"
2045,3,24,83,1.231402914,"2"
2045,3,25,84,0.99946581,"2"
2045,3,26,85,0.84687561,"2"
2045,3,27,86,1.799038458,"2"
2045,3,28,87,1.893644382,"2"
2045,3,29,88,3.511100502,"2"
2045,3,30,89,3.529411326,"2"
2045,3,31,90,3.221179122,"2"
2046,3,1,60,-7.25566401,"2"
2046,3,2,61,-7.109177418,"2"
2046,3,3,62,-6.929120982,"2"
2046,3,4,63,-6.666665838,"2"
2046,3,5,64,-6.69108027,"2"
2046,3,6,65,-6.517127442,"2"
2046,3,7,66,-6.108185706,"2"
2046,3,8,67,-6.245516886,"2"
2046,3,9,68,-4.576180098,"2"
2046,3,10,69,-2.96787939,"2"
2046,3,11,70,-2.201876586,"2"
2046,3,12,71,-2.592507498,"2"
2046,3,13,72,-3.605706426,"2"
2046,3,14,73,-4.713511278,"2"
2046,3,15,74,-3.01365645,"2"
2046,3,16,75,-2.146944114,"2"
2046,3,17,76,-2.229342822,"2"
2046,3,18,77,-3.248645358,"2"
2046,3,19,78,-1.911955206,"2"
2046,3,20,79,-1.515220686,"2"
2046,3,21,80,-1.756313202,"2"
2046,3,22,81,-2.046234582,"2"
2046,3,23,82,-0.520332582,"2"
2046,3,24,83,0.502021758,"2"
2046,3,25,84,0.102235434,"2"
2046,3,26,85,-0.02288853,"2"
2046,3,27,86,0.52643619,"2"
2046,3,28,87,1.65560367,"2"
2046,3,29,88,2.317845138,"2"
2046,3,30,89,2.674906206,"2"
2046,3,31,90,3.038070882,"2"
2047,3,1,60,-5.54665377,"2"
2047,3,2,61,-5.864041386,"2"
2047,3,3,62,-5.680933146,"2"
2047,3,4,63,-5.503928514,"2"
2047,3,5,64,-5.787746286,"2"
2047,3,6,65,-5.580223614,"2"
2047,3,7,66,-4.823376222,"2"
2047,3,8,67,-4.75318473,"2"
2047,3,9,68,-4.832531634,"2"
2047,3,10,69,-4.039062594,"2"
2047,3,11,70,-2.702372442,"2"
2047,3,12,71,-3.447012618,"2"
2047,3,13,72,-2.980086606,"2"
2047,3,14,73,-3.050278098,"2"
2047,3,15,74,-3.224230926,"2"
2047,3,16,75,-3.08995155,"2"
2047,3,17,76,-2.806133778,"2"
2047,3,18,77,-3.071640726,"2"
2047,3,19,78,-3.74608941,"2"
2047,3,20,79,-2.290378902,"2"
2047,3,21,80,-1.231402914,"2"
2047,3,22,81,-1.16731503,"2"
2047,3,23,82,-0.273136458,"2"
2047,3,24,83,1.21309209,"2"
2047,3,25,84,1.362630486,"2"
2047,3,26,85,1.231402914,"2"
2047,3,27,86,0.410467638,"2"
2047,3,28,87,1.658655474,"2"
2047,3,29,88,1.780727634,"2"
2047,3,30,89,2.024871954,"2"
2047,3,31,90,2.748149502,"2"
2048,3,1,61,-5.845730562,"2"
2048,3,2,62,-5.717554794,"2"
2048,3,3,63,-6.147859158,"2"
2048,3,4,64,-6.245516886,"2"
2048,3,5,65,-6.23330967,"2"
2048,3,6,66,-7.762263474,"2"
2048,3,7,67,-6.517127442,"2"
2048,3,8,68,-5.72976201,"2"
2048,3,9,69,-5.156022858,"2"
2048,3,10,70,-5.406270786,"2"
2048,3,11,71,-5.45509965,"2"
2048,3,12,72,-4.435797114,"2"
2048,3,13,73,-3.19676469,"2"
2048,3,14,74,-1.405355742,"2"
2048,3,15,75,-0.016784922,"2"
2048,3,16,76,-0.273136458,"2"
2048,3,17,77,-0.227359398,"2"
2048,3,18,78,-0.03814755,"2"
2048,3,19,79,0.044251158,"2"
2048,3,20,80,0.260929242,"2"
2048,3,21,81,1.310749818,"2"
2048,3,22,82,1.017776634,"2"
2048,3,23,83,1.695277122,"2"
2048,3,24,84,1.12153797,"2"
2048,3,25,85,-0.288395478,"2"
2048,3,26,86,0.212100378,"2"
2048,3,27,87,0.566109642,"2"
2048,3,28,88,0.575265054,"2"
2048,3,29,89,0.791943138,"2"
2048,3,30,90,1.362630486,"2"
2048,3,31,91,1.878385362,"2"
2049,3,1,60,-7.704279198,"2"
2049,3,2,61,-7.182420714,"2"
2049,3,3,62,-6.147859158,"2"
2049,3,4,63,-5.22621435,"2"
2049,3,5,64,-5.491721298,"2"
2049,3,6,65,-5.412374394,"2"
2049,3,7,66,-4.701304062,"2"
2049,3,8,67,-4.652475198,"2"
2049,3,9,68,-4.090943262,"2"
2049,3,10,69,-3.572136582,"2"
2049,3,11,70,-4.17334197,"2"
2049,3,12,71,-4.161134754,"2"
2049,3,13,72,-3.291370614,"2"
2049,3,14,73,-3.306629634,"2"
2049,3,15,74,-3.263904378,"2"
2049,3,16,75,-2.256809058,"2"
2049,3,17,76,-1.078812714,"2"
2049,3,18,77,-1.429770174,"2"
2049,3,19,78,-2.436865494,"2"
2049,3,20,79,-2.607766518,"2"
2049,3,21,80,-2.287327098,"2"
2049,3,22,81,-0.654611958,"2"
2049,3,23,82,0.715648038,"2"
2049,3,24,83,0.157167906,"2"
2049,3,25,84,-0.090028218,"2"
2049,3,26,85,0.349431558,"2"
2049,3,27,86,0.843823806,"2"
2049,3,28,87,2.84580723,"2"
2049,3,29,88,3.788814666,"2"
2049,3,30,89,2.775615738,"2"
2049,3,31,90,2.537575026,"2"
2050,3,1,60,-7.512015546,"2"
2050,3,2,61,-7.753108062,"2"
2050,3,3,62,-6.074615862,"2"
2050,3,4,63,-5.796901698,"2"
2050,3,5,64,-4.930189362,"2"
2050,3,6,65,-4.728770298,"2"
2050,3,7,66,-4.167238362,"2"
2050,3,8,67,-5.586327222,"2"
2050,3,9,68,-6.242465082,"2"
2050,3,10,69,-4.682993238,"2"
2050,3,11,70,-2.995345626,"2"
2050,3,12,71,-2.092011642,"2"
2050,3,13,72,-2.330052354,"2"
2050,3,14,73,-0.505073562,"2"
2050,3,15,74,-1.829556498,"2"
2050,3,16,75,-1.719691554,"2"
2050,3,17,76,-2.171358546,"2"
2050,3,18,77,-2.47959075,"2"
2050,3,19,78,-2.507056986,"2"
2050,3,20,79,-2.488746162,"2"
2050,3,21,80,-1.802090262,"2"
2050,3,22,81,-0.700389018,"2"
2050,3,23,82,0.196841358,"2"
2050,3,24,83,1.15205601,"2"
2050,3,25,84,2.180513958,"2"
2050,3,26,85,3.239489946,"2"
2050,3,27,86,3.248645358,"2"
2050,3,28,87,4.24963707,"2"
2050,3,29,88,3.749141214,"2"
2050,3,30,89,3.019760058,"2"
2050,3,31,90,3.602654622,"2"
2051,3,1,60,-5.854885974,"2"
2051,3,2,61,-6.337071006,"2"
2051,3,3,62,-6.471350382,"2"
2051,3,4,63,-6.169221786,"2"
2051,3,5,64,-4.896619518,"2"
2051,3,6,65,-4.087891458,"2"
2051,3,7,66,-4.591439118,"2"
2051,3,8,67,-3.901731414,"2"
2051,3,9,68,-3.21202371,"2"
2051,3,10,69,-3.160143042,"2"
2051,3,11,70,-4.496833194,"2"
2051,3,12,71,-5.40932259,"2"
2051,3,13,72,-4.29541413,"2"
2051,3,14,73,-3.263904378,"2"
2051,3,15,74,-3.24254175,"2"
2051,3,16,75,-2.192721174,"2"
2051,3,17,76,-2.504005182,"2"
2051,3,18,77,-0.431830266,"2"
2051,3,19,78,-0.148012494,"2"
2051,3,20,79,-0.78583953,"2"
2051,3,21,80,-1.445029194,"2"
2051,3,22,81,-1.429770174,"2"
2051,3,23,82,0.26703285,"2"
2051,3,24,83,0.529487994,"2"
2051,3,25,84,1.12153797,"2"
2051,3,26,85,0.743114274,"2"
2051,3,27,86,1.64034465,"2"
2051,3,28,87,2.668802598,"2"
2051,3,29,88,3.526359522,"2"
2051,3,30,89,2.882428878,"2"
2051,3,31,90,1.99130211,"2"
2052,3,1,61,-6.24856869,"2"
2052,3,2,62,-6.016631586,"2"
2052,3,3,63,-6.086823078,"2"
2052,3,4,64,-4.96681101,"2"
2052,3,5,65,-4.322880366,"2"
2052,3,6,66,-4.747081122,"2"
2052,3,7,67,-5.708399382,"2"
2052,3,8,68,-6.147859158,"2"
2052,3,9,69,-5.656518714,"2"
2052,3,10,70,-4.347294798,"2"
2052,3,11,71,-4.286258718,"2"
2052,3,12,72,-3.92919765,"2"
2052,3,13,73,-3.947508474,"2"
2052,3,14,74,-3.73083039,"2"
2052,3,15,75,-3.285267006,"2"
2052,3,16,76,-3.16624665,"2"
2052,3,17,77,-1.771572222,"2"
2052,3,18,78,-1.475547234,"2"
2052,3,19,79,-1.271076366,"2"
2052,3,20,80,-0.471503718,"2"
2052,3,21,81,-1.50301347,"2"
2052,3,22,82,-0.99946581,"2"
2052,3,23,83,-0.138857082,"2"
2052,3,24,84,1.31990523,"2"
2052,3,25,85,2.702372442,"2"
2052,3,26,86,1.542686922,"2"
2052,3,27,87,0.981154986,"2"
2052,3,28,88,1.438925586,"2"
2052,3,29,89,2.55588585,"2"
2052,3,30,90,3.025863666,"2"
2052,3,31,91,1.649500062,"2"
2053,3,1,60,-5.949491898,"2"
2053,3,2,61,-5.925077466,"2"
2053,3,3,62,-5.436788826,"2"
2053,3,4,63,-4.762340142,"2"
2053,3,5,64,-5.748072834,"2"
2053,3,6,65,-6.688028466,"2"
2053,3,7,66,-5.925077466,"2"
2053,3,8,67,-3.25780077,"2"
2053,3,9,68,-2.424658278,"2"
2053,3,10,69,-1.64034465,"2"
2053,3,11,70,-2.28122349,"2"
2053,3,12,71,-1.551842334,"2"
2053,3,13,72,-0.72480345,"2"
2053,3,14,73,-1.771572222,"2"
2053,3,15,74,-1.103227146,"2"
2053,3,16,75,-0.895704474,"2"
2053,3,17,76,-1.744105986,"2"
2053,3,18,77,-1.634241042,"2"
2053,3,19,78,-0.062561982,"2"
2053,3,20,79,0.514228974,"2"
2053,3,21,80,1.039139262,"2"
2053,3,22,81,1.15205601,"2"
2053,3,23,82,0.502021758,"2"
2053,3,24,83,1.069657302,"2"
2053,3,25,84,2.507056986,"2"
2053,3,26,85,3.270007986,"2"
2053,3,27,86,2.40329565,"2"
2053,3,28,87,3.846798942,"2"
2053,3,29,88,4.527351234,"2"
2053,3,30,89,4.765391946,"2"
2053,3,31,90,4.228274442,"2"
2054,3,1,60,-5.186540898,"2"
2054,3,2,61,-5.427633414,"2"
2054,3,3,62,-5.229266154,"2"
2054,3,4,63,-3.63927627,"2"
2054,3,5,64,-3.126573198,"2"
2054,3,6,65,-4.518195822,"2"
2054,3,7,66,-5.33302749,"2"
2054,3,8,67,-4.765391946,"2"
2054,3,9,68,-4.420538094,"2"
2054,3,10,69,-4.06652883,"2"
2054,3,11,70,-2.717631462,"2"
2054,3,12,71,-1.07576091,"2"
2054,3,13,72,-0.514228974,"2"
2054,3,14,73,-1.112382558,"2"
2054,3,15,74,-2.55588585,"2"
2054,3,16,75,-2.095063446,"2"
2054,3,17,76,-0.630197526,"2"
2054,3,18,77,-0.78583953,"2"
2054,3,19,78,-0.651560154,"2"
2054,3,20,79,0.492866346,"2"
2054,3,21,80,1.774624026,"2"
2054,3,22,81,2.030975562,"2"
2054,3,23,82,1.765468614,"2"
2054,3,24,83,2.156099526,"2"
2054,3,25,84,2.076752622,"2"
2054,3,26,85,2.29648251,"2"
2054,3,27,86,2.314793334,"2"
2054,3,28,87,3.096055158,"2"
2054,3,29,88,3.971922906,"2"
2054,3,30,89,3.871213374,"2"
2054,3,31,90,3.916990434,"2"
2055,3,1,60,-8.26275933,"2"
2055,3,2,61,-7.170213498,"2"
2055,3,3,62,-4.47852237,"2"
2055,3,4,63,-4.673837826,"2"
2055,3,5,64,-6.269931318,"2"
2055,3,6,65,-6.520179246,"2"
2055,3,7,66,-6.526282854,"2"
2055,3,8,67,-5.146867446,"2"
2055,3,9,68,-4.328983974,"2"
2055,3,10,69,-3.938353062,"2"
2055,3,11,70,-4.118409498,"2"
2055,3,12,71,-3.44090901,"2"
2055,3,13,72,-3.56298117,"2"
2055,3,14,73,-2.287327098,"2"
2055,3,15,74,-2.345311374,"2"
2055,3,16,75,-3.508048698,"2"
2055,3,17,76,-3.221179122,"2"
2055,3,18,77,-0.669870978,"2"
2055,3,19,78,0.239566614,"2"
2055,3,20,79,-1.048294674,"2"
2055,3,21,80,-1.353475074,"2"
2055,3,22,81,-1.356526878,"2"
2055,3,23,82,-1.149004206,"2"
2055,3,24,83,-0.87739365,"2"
2055,3,25,84,-0.016784922,"2"
2055,3,26,85,-0.093080022,"2"
2055,3,27,86,0.425726658,"2"
2055,3,28,87,1.338216054,"2"
2055,3,29,88,1.80819387,"2"
2055,3,30,89,1.887540774,"2"
2055,3,31,90,3.489737874,"2"
2056,3,1,61,-6.788737998,"2"
2056,3,2,62,-6.282138534,"2"
2056,3,3,63,-7.33195911,"2"
2056,3,4,64,-6.727701918,"2"
2056,3,5,65,-4.777599162,"2"
2056,3,6,66,-3.782711058,"2"
2056,3,7,67,-3.984130122,"2"
2056,3,8,68,-4.176393774,"2"
2056,3,9,69,-3.752193018,"2"
2056,3,10,70,-4.609749942,"2"
2056,3,11,71,-4.390020054,"2"
2056,3,12,72,-4.499884998,"2"
2056,3,13,73,-4.460211546,"2"
2056,3,14,74,-4.795909986,"2"
2056,3,15,75,-4.679941434,"2"
2056,3,16,76,-3.343251282,"2"
2056,3,17,77,-1.70138073,"2"
2056,3,18,78,-1.316853426,"2"
2056,3,19,79,-1.225299306,"2"
2056,3,20,80,-0.57221325,"2"
2056,3,21,81,-0.627145722,"2"
2056,3,22,82,0.639352938,"2"
2056,3,23,83,1.445029194,"2"
2056,3,24,84,1.194781266,"2"
2056,3,25,85,1.539635118,"2"
2056,3,26,86,1.560997746,"2"
2056,3,27,87,2.000457522,"2"
2056,3,28,88,2.60166291,"2"
2056,3,29,89,3.45616803,"2"
2056,3,30,90,4.457159742,"2"
2056,3,31,91,4.460211546,"2"
2057,3,1,60,-5.772487266,"2"
2057,3,2,61,-6.254672298,"2"
2057,3,3,62,-6.578163522,"2"
2057,3,4,63,-5.47035867,"2"
2057,3,5,64,-4.747081122,"2"
2057,3,6,65,-4.362553818,"2"
2057,3,7,66,-3.434805402,"2"
2057,3,8,67,-2.629129146,"2"
2057,3,9,68,-3.709467762,"2"
2057,3,10,69,-3.004501038,"2"
2057,3,11,70,-2.650491774,"2"
2057,3,12,71,-1.637292846,"2"
2057,3,13,72,-0.581368662,"2"
2057,3,14,73,-0.849927414,"2"
2057,3,15,74,-1.963835874,"2"
2057,3,16,75,-0.975051378,"2"
2057,3,17,76,-0.96894777,"2"
2057,3,18,77,-0.58747227,"2"
2057,3,19,78,-0.691233606,"2"
2057,3,20,79,0.819409374,"2"
2057,3,21,80,0.355535166,"2"
2057,3,22,81,0.718699842,"2"
2057,3,23,82,0.70954443,"2"
2057,3,24,83,-0.28229187,"2"
2057,3,25,84,0.209048574,"2"
2057,3,26,85,0.788891334,"2"
2057,3,27,86,1.039139262,"2"
2057,3,28,87,1.850919126,"2"
2057,3,29,88,2.46433173,"2"
2057,3,30,89,3.956663886,"2"
2057,3,31,90,4.145875734,"2"
2058,3,1,60,-5.442892434,"2"
2058,3,2,61,-6.105133902,"2"
2058,3,3,62,-6.43167693,"2"
2058,3,4,63,-5.705347578,"2"
2058,3,5,64,-4.634164374,"2"
2058,3,6,65,-4.21911903,"2"
2058,3,7,66,-3.79186647,"2"
2058,3,8,67,-4.689096846,"2"
2058,3,9,68,-4.438848918,"2"
2058,3,10,69,-3.370717518,"2"
2058,3,11,70,-2.531471418,"2"
2058,3,12,71,-3.645379878,"2"
2058,3,13,72,-3.443960814,"2"
2058,3,14,73,-2.879377074,"2"
2058,3,15,74,-3.477530658,"2"
2058,3,16,75,-3.59349921,"2"
2058,3,17,76,-1.490806254,"2"
2058,3,18,77,-0.761425098,"2"
2058,3,19,78,-0.49591815,"2"
2058,3,20,79,0.608834898,"2"
2058,3,21,80,0.38910501,"2"
2058,3,22,81,0.520332582,"2"
2058,3,23,82,0.538643406,"2"
2058,3,24,83,-0.32806893,"2"
2058,3,25,84,0.584420466,"2"
2058,3,26,85,0.89265267,"2"
2058,3,27,86,1.161211422,"2"
2058,3,28,87,2.29648251,"2"
2058,3,29,88,3.450064422,"2"
2058,3,30,89,3.999389142,"2"
2058,3,31,90,5.156022858,"2"
2059,3,1,60,-7.383839778,"2"
2059,3,2,61,-8.332950822,"2"
2059,3,3,62,-7.170213498,"2"
2059,3,4,63,-6.092926686,"2"
2059,3,5,64,-6.559852698,"2"
2059,3,6,65,-6.068512254,"2"
2059,3,7,66,-5.726710206,"2"
2059,3,8,67,-5.574120006,"2"
2059,3,9,68,-4.777599162,"2"
2059,3,10,69,-4.414434486,"2"
2059,3,11,70,-4.151979342,"2"
2059,3,12,71,-4.686045042,"2"
2059,3,13,72,-4.145875734,"2"
2059,3,14,73,-2.833600014,"2"
2059,3,15,74,-1.536583314,"2"
2059,3,16,75,-1.326008838,"2"
2059,3,17,76,-1.744105986,"2"
2059,3,18,77,-1.185625854,"2"
2059,3,19,78,-0.807202158,"2"
2059,3,20,79,-1.16731503,"2"
2059,3,21,80,-0.03814755,"2"
2059,3,22,81,1.149004206,"2"
2059,3,23,82,1.966887678,"2"
2059,3,24,83,1.65560367,"2"
2059,3,25,84,1.603723002,"2"
2059,3,26,85,1.753261398,"2"
2059,3,27,86,2.22018741,"2"
2059,3,28,87,3.581291994,"2"
2059,3,29,88,4.258792482,"2"
2059,3,30,89,3.645379878,"2"
2059,3,31,90,3.193712886,"2"
2060,3,1,61,-4.872205086,"2"
2060,3,2,62,-4.115357694,"2"
2060,3,3,63,-4.41748629,"2"
2060,3,4,64,-4.805065398,"2"
2060,3,5,65,-3.743037606,"2"
2060,3,6,66,-2.812237386,"2"
2060,3,7,67,-2.73899409,"2"
2060,3,8,68,-1.622033826,"2"
2060,3,9,69,-0.898756278,"2"
2060,3,10,70,-1.48775445,"2"
2060,3,11,71,-2.333104158,"2"
2060,3,12,72,-3.093003354,"2"
2060,3,13,73,-1.307698014,"2"
2060,3,14,74,-1.50301347,"2"
2060,3,15,75,-2.156099526,"2"
2060,3,16,76,-1.103227146,"2"
2060,3,17,77,0.90791169,"2"
2060,3,18,78,1.863126342,"2"
2060,3,19,79,1.081864518,"2"
2060,3,20,80,0.621042114,"2"
2060,3,21,81,1.188677658,"2"
2060,3,22,82,0.956740554,"2"
2060,3,23,83,0.975051378,"2"
2060,3,24,84,2.238498234,"2"
2060,3,25,85,1.039139262,"2"
2060,3,26,86,0.871290042,"2"
2060,3,27,87,1.661707278,"2"
2060,3,28,88,3.483634266,"2"
2060,3,29,89,4.12756491,"2"
2060,3,30,90,4.277103306,"2"
2060,3,31,91,3.880368786,"2"
2061,3,1,60,-6.47745399,"2"
2061,3,2,61,-5.833523346,"2"
2061,3,3,62,-5.351338314,"2"
2061,3,4,63,-5.842678758,"2"
2061,3,5,64,-5.650415106,"2"
2061,3,6,65,-6.40115889,"2"
2061,3,7,66,-5.128556622,"2"
2061,3,8,67,-5.13466023,"2"
2061,3,9,68,-4.573128294,"2"
2061,3,10,69,-3.24254175,"2"
2061,3,11,70,-4.057373418,"2"
2061,3,12,71,-4.029907182,"2"
2061,3,13,72,-3.752193018,"2"
2061,3,14,73,-3.291370614,"2"
2061,3,15,74,-2.009612934,"2"
2061,3,16,75,-1.460288214,"2"
2061,3,17,76,-1.704432534,"2"
2061,3,18,77,-2.073700818,"2"
2061,3,19,78,-1.322957034,"2"
2061,3,20,79,-0.614938506,"2"
2061,3,21,80,0.364690578,"2"
2061,3,22,81,0.92317071,"2"
2061,3,23,82,0.654611958,"2"
2061,3,24,83,0.63324933,"2"
2061,3,25,84,1.27412817,"2"
2061,3,26,85,1.67086269,"2"
2061,3,27,86,1.615930218,"2"
2061,3,28,87,1.86922995,"2"
2061,3,29,88,2.552834046,"2"
2061,3,30,89,3.111314178,"2"
2061,3,31,90,3.614861838,"2"
2062,3,1,60,-2.107270662,"2"
2062,3,2,61,-2.079804426,"2"
2062,3,3,62,-2.34225957,"2"
2062,3,4,63,-1.634241042,"2"
2062,3,5,64,-1.28938719,"2"
2062,3,6,65,-2.043182778,"2"
2062,3,7,66,-2.351414982,"2"
2062,3,8,67,-3.114365982,"2"
2062,3,9,68,-3.978026514,"2"
2062,3,10,69,-3.849850746,"2"
2062,3,11,70,-3.132676806,"2"
2062,3,12,71,-2.015716542,"2"
2062,3,13,72,-2.073700818,"2"
2062,3,14,73,-2.31174153,"2"
2062,3,15,74,-0.965895966,"2"
2062,3,16,75,-0.41962305,"2"
2062,3,17,76,-0.035095746,"2"
2062,3,18,77,0.422674854,"2"
2062,3,19,78,0.98420679,"2"
2062,3,20,79,1.85397093,"2"
2062,3,21,80,1.19783307,"2"
2062,3,22,81,1.811245674,"2"
2062,3,23,82,2.165254938,"2"
2062,3,24,83,2.711527854,"2"
2062,3,25,84,3.190661082,"2"
2062,3,26,85,4.47852237,"2"
2062,3,27,86,3.810177294,"2"
2062,3,28,87,2.912946918,"2"
2062,3,29,88,3.099106962,"2"
2062,3,30,89,3.968871102,"2"
2062,3,31,90,4.60059453,"2"
2063,3,1,60,-6.108185706,"2"
2063,3,2,61,-4.628060766,"2"
2063,3,3,62,-4.045166202,"2"
2063,3,4,63,-4.58533551,"2"
2063,3,5,64,-4.698252258,"2"
2063,3,6,65,-4.618905354,"2"
2063,3,7,66,-4.869153282,"2"
2063,3,8,67,-4.679941434,"2"
2063,3,9,68,-5.37880455,"2"
2063,3,10,69,-4.136720322,"2"
2063,3,11,70,-2.565041262,"2"
2063,3,12,71,-3.205920102,"2"
2063,3,13,72,-3.297474222,"2"
2063,3,14,73,-2.470435338,"2"
2063,3,15,74,-2.482642554,"2"
2063,3,16,75,-0.92317071,"2"
2063,3,17,76,0.773632314,"2"
2063,3,18,77,0.468451914,"2"
2063,3,19,78,1.322957034,"2"
2063,3,20,79,1.38094131,"2"
2063,3,21,80,0.532539798,"2"
2063,3,22,81,-0.212100378,"2"
2063,3,23,82,0.682078194,"2"
2063,3,24,83,1.31990523,"2"
2063,3,25,84,1.646448258,"2"
2063,3,26,85,1.994353914,"2"
2063,3,27,86,2.854962642,"2"
2063,3,28,87,3.57824019,"2"
2063,3,29,88,4.414434486,"2"
2063,3,30,89,5.604638046,"2"
2063,3,31,90,5.763331854,"2"
2064,3,1,61,-5.320820274,"2"
2064,3,2,62,-3.813229098,"2"
2064,3,3,63,-4.00549275,"2"
2064,3,4,64,-3.550773954,"2"
2064,3,5,65,-2.986190214,"2"
2064,3,6,66,-2.314793334,"2"
2064,3,7,67,-2.146944114,"2"
2064,3,8,68,-2.72373507,"2"
2064,3,9,69,-2.391088434,"2"
2064,3,10,70,-1.478599038,"2"
2064,3,11,71,-0.804150354,"2"
2064,3,12,72,-1.322957034,"2"
2064,3,13,73,-0.013733118,"2"
2064,3,14,74,0.45014109,"2"
2064,3,15,75,0.92317071,"2"
2064,3,16,76,1.493858058,"2"
2064,3,17,77,1.22835111,"2"
2064,3,18,78,-0.285343674,"2"
2064,3,19,79,-0.257877438,"2"
2064,3,20,80,-0.672922782,"2"
2064,3,21,81,0.627145722,"2"
2064,3,22,82,0.392156814,"2"
2064,3,23,83,-0.38910501,"2"
2064,3,24,84,0.560006034,"2"
2064,3,25,85,0.303654498,"2"
2064,3,26,86,-0.08392461,"2"
2064,3,27,87,0.40436403,"2"
2064,3,28,88,1.460288214,"2"
2064,3,29,89,2.943464958,"2"
2064,3,30,90,3.285267006,"2"
2064,3,31,91,3.526359522,"2"
2065,3,1,60,-7.45403127,"2"
2065,3,2,61,-7.069503966,"2"
2065,3,3,62,-7.185472518,"2"
2065,3,4,63,-6.688028466,"2"
2065,3,5,64,-5.720606598,"2"
2065,3,6,65,-6.910810158,"2"
2065,3,7,66,-6.468298578,"2"
2065,3,8,67,-5.079727758,"2"
2065,3,9,68,-4.435797114,"2"
2065,3,10,69,-4.121461302,"2"
2065,3,11,70,-3.266956182,"2"
2065,3,12,71,-2.171358546,"2"
2065,3,13,72,-3.083847942,"2"
2065,3,14,73,-2.339207766,"2"
2065,3,15,74,-1.82345289,"2"
2065,3,16,75,-2.241550038,"2"
2065,3,17,76,-3.047226294,"2"
2065,3,18,77,-2.384984826,"2"
2065,3,19,78,-0.654611958,"2"
2065,3,20,79,-0.263981046,"2"
2065,3,21,80,0.941481534,"2"
2065,3,22,81,1.860074538,"2"
2065,3,23,82,1.515220686,"2"
2065,3,24,83,1.264972758,"2"
2065,3,25,84,1.438925586,"2"
2065,3,26,85,3.172350258,"2"
2065,3,27,86,4.209963618,"2"
2065,3,28,87,3.743037606,"2"
2065,3,29,88,3.541618542,"2"
2065,3,30,89,3.355458498,"2"
2065,3,31,90,3.343251282,"2"
2066,3,1,60,-5.534446554,"2"
2066,3,2,61,-4.316776758,"2"
2066,3,3,62,-3.660638898,"2"
2066,3,4,63,-5.839626954,"2"
2066,3,5,64,-5.537498358,"2"
2066,3,6,65,-4.948500186,"2"
2066,3,7,66,-4.322880366,"2"
2066,3,8,67,-3.575188386,"2"
2066,3,9,68,-3.205920102,"2"
2066,3,10,69,-3.157091238,"2"
2066,3,11,70,-3.099106962,"2"
2066,3,12,71,-2.299534314,"2"
2066,3,13,72,-2.088959838,"2"
2066,3,14,73,-1.631189238,"2"
2066,3,15,74,-1.841763714,"2"
2066,3,16,75,-1.185625854,"2"
2066,3,17,76,0.288395478,"2"
2066,3,18,77,0.163271514,"2"
2066,3,19,78,-0.29755089,"2"
2066,3,20,79,-0.910963494,"2"
2066,3,21,80,-1.734950574,"2"
2066,3,22,81,-1.097123538,"2"
2066,3,23,82,-0.154116102,"2"
2066,3,24,83,0.550850622,"2"
2066,3,25,84,1.35042327,"2"
2066,3,26,85,1.811245674,"2"
2066,3,27,86,1.887540774,"2"
2066,3,28,87,1.432821978,"2"
2066,3,29,88,2.90684331,"2"
2066,3,30,89,3.62401725,"2"
2066,3,31,90,4.380864642,"2"
2067,3,1,60,-5.68398495,"2"
2067,3,2,61,-7.365528954,"2"
2067,3,3,62,-5.238421566,"2"
2067,3,4,63,-4.780650966,"2"
2067,3,5,64,-6.58426713,"2"
2067,3,6,65,-6.24856869,"2"
2067,3,7,66,-4.69214865,"2"
2067,3,8,67,-3.099106962,"2"
2067,3,9,68,-3.47142705,"2"
2067,3,10,69,-2.519264202,"2"
2067,3,11,70,-1.872281754,"2"
2067,3,12,71,-0.935377926,"2"
2067,3,13,72,-0.929274318,"2"
2067,3,14,73,-1.42671837,"2"
2067,3,15,74,-1.341267858,"2"
2067,3,16,75,-0.996414006,"2"
2067,3,17,76,-0.779735922,"2"
2067,3,18,77,-0.914015298,"2"
2067,3,19,78,-1.393148526,"2"
2067,3,20,79,-0.187685946,"2"
2067,3,21,80,-0.697337214,"2"
2067,3,22,81,-0.874341846,"2"
2067,3,23,82,-0.193789554,"2"
2067,3,24,83,-0.611886702,"2"
2067,3,25,84,-0.743114274,"2"
2067,3,26,85,0.050354766,"2"
2067,3,27,86,1.725795162,"2"
2067,3,28,87,2.958723978,"2"
2067,3,29,88,4.612801746,"2"
2067,3,30,89,4.328983974,"2"
2067,3,31,90,3.76134843,"2"
2068,3,1,61,-3.721674978,"2"
2068,3,2,62,-3.422598186,"2"
2068,3,3,63,-3.224230926,"2"
2068,3,4,64,-5.030898894,"2"
2068,3,5,65,-4.426641702,"2"
2068,3,6,66,-3.18150567,"2"
2068,3,7,67,-2.790874758,"2"
2068,3,8,68,-3.978026514,"2"
2068,3,9,69,-2.482642554,"2"
2068,3,10,70,-2.030975562,"2"
2068,3,11,71,-2.497901574,"2"
2068,3,12,72,-1.414511154,"2"
2068,3,13,73,-1.06050189,"2"
2068,3,14,74,-1.383993114,"2"
2068,3,15,75,-1.27412817,"2"
2068,3,16,76,-0.346379754,"2"
2068,3,17,77,1.161211422,"2"
2068,3,18,78,0.383001402,"2"
2068,3,19,79,-0.950636946,"2"
2068,3,20,80,-0.508125366,"2"
2068,3,21,81,-0.871290042,"2"
2068,3,22,82,-0.29755089,"2"
2068,3,23,83,0.151064298,"2"
2068,3,24,84,0.535591602,"2"
2068,3,25,85,0.581368662,"2"
2068,3,26,86,0.75532149,"2"
2068,3,27,87,1.615930218,"2"
2068,3,28,88,3.53246313,"2"
2068,3,29,89,4.649423394,"2"
2068,3,30,90,5.238421566,"2"
2068,3,31,91,5.369649138,"2"
2069,3,1,60,-6.861981294,"2"
2069,3,2,61,-6.587318934,"2"
2069,3,3,62,-7.54558539,"2"
2069,3,4,63,-7.460134878,"2"
2069,3,5,64,-6.062408646,"2"
2069,3,6,65,-5.56191279,"2"
2069,3,7,66,-5.738917422,"2"
2069,3,8,67,-5.497824906,"2"
2069,3,9,68,-6.013579782,"2"
2069,3,10,69,-5.326923882,"2"
2069,3,11,70,-5.079727758,"2"
2069,3,12,71,-4.21911903,"2"
2069,3,13,72,-2.751201306,"2"
2069,3,14,73,-2.473487142,"2"
2069,3,15,74,-2.644388166,"2"
2069,3,16,75,-3.18150567,"2"
2069,3,17,76,-2.165254938,"2"
2069,3,18,77,-1.70138073,"2"
2069,3,19,78,-1.286335386,"2"
2069,3,20,79,-0.331120734,"2"
2069,3,21,80,0.294499086,"2"
2069,3,22,81,0.98420679,"2"
2069,3,23,82,1.374837702,"2"
2069,3,24,83,1.957732266,"2"
2069,3,25,84,1.979094894,"2"
2069,3,26,85,1.728846966,"2"
2069,3,27,86,1.36568229,"2"
2069,3,28,87,1.64034465,"2"
2069,3,29,88,3.569084778,"2"
2069,3,30,89,5.53139475,"2"
2069,3,31,90,4.222170834,"2"
2070,3,1,60,-6.779582586,"2"
2070,3,2,61,-6.041046018,"2"
2070,3,3,62,-6.587318934,"2"
2070,3,4,63,-5.33302749,"2"
2070,3,5,64,-3.810177294,"2"
2070,3,6,65,-4.139772126,"2"
2070,3,7,66,-5.16517827,"2"
2070,3,8,67,-6.807048822,"2"
2070,3,9,68,-6.376744458,"2"
2070,3,10,69,-6.755168154,"2"
2070,3,11,70,-5.052261522,"2"
2070,3,12,71,-4.12756491,"2"
2070,3,13,72,-3.816280902,"2"
2070,3,14,73,-3.91393863,"2"
2070,3,15,74,-3.34935489,"2"
2070,3,16,75,-2.44907271,"2"
2070,3,17,76,-0.72480345,"2"
2070,3,18,77,-0.215152182,"2"
2070,3,19,78,-0.477607326,"2"
2070,3,20,79,0.55695423,"2"
2070,3,21,80,0.06866559,"2"
2070,3,22,81,-0.090028218,"2"
2070,3,23,82,-0.331120734,"2"
2070,3,24,83,0.440985678,"2"
2070,3,25,84,-0.138857082,"2"
2070,3,26,85,0.172426926,"2"
2070,3,27,86,0.962844162,"2"
2070,3,28,87,2.699320638,"2"
2070,3,29,88,3.489737874,"2"
2070,3,30,89,3.962767494,"2"
2070,3,31,90,4.533454842,"2"
2071,3,1,60,-5.723658402,"2"
2071,3,2,61,-6.041046018,"2"
2071,3,3,62,-5.473410474,"2"
2071,3,4,63,-4.411382682,"2"
2071,3,5,64,-3.831539922,"2"
2071,3,6,65,-5.381856354,"2"
2071,3,7,66,-6.016631586,"2"
2071,3,8,67,-5.751124638,"2"
2071,3,9,68,-5.799953502,"2"
2071,3,10,69,-3.86816157,"2"
2071,3,11,70,-2.583352086,"2"
2071,3,12,71,-2.870221662,"2"
2071,3,13,72,-4.75318473,"2"
2071,3,14,73,-5.085831366,"2"
2071,3,15,74,-3.248645358,"2"
2071,3,16,75,-2.116426074,"2"
2071,3,17,76,-1.841763714,"2"
2071,3,18,77,-1.704432534,"2"
2071,3,19,78,-1.597619394,"2"
2071,3,20,79,-1.771572222,"2"
2071,3,21,80,-0.651560154,"2"
2071,3,22,81,0.138857082,"2"
2071,3,23,82,-0.276188262,"2"
2071,3,24,83,-0.004577706,"2"
2071,3,25,84,0.09918363,"2"
2071,3,26,85,0.361638774,"2"
2071,3,27,86,0.590524074,"2"
2071,3,28,87,1.79293485,"2"
2071,3,29,88,2.308689726,"2"
2071,3,30,89,3.468375246,"2"
2071,3,31,90,4.701304062,"2"
2072,3,1,61,-2.973982998,"2"
2072,3,2,62,-3.053329902,"2"
2072,3,3,63,-4.11230589,"2"
2072,3,4,64,-5.061416934,"2"
2072,3,5,65,-5.268939606,"2"
2072,3,6,66,-4.06652883,"2"
2072,3,7,67,-3.932249454,"2"
2072,3,8,68,-4.289310522,"2"
2072,3,9,69,-2.977034802,"2"
2072,3,10,70,-3.520255914,"2"
2072,3,11,71,-3.016708254,"2"
2072,3,12,72,-2.076752622,"2"
2072,3,13,73,-1.600671198,"2"
2072,3,14,74,-1.527427902,"2"
2072,3,15,75,-0.914015298,"2"
2072,3,16,76,-1.252765542,"2"
2072,3,17,77,-1.661707278,"2"
2072,3,18,78,-0.910963494,"2"
2072,3,19,79,-0.474555522,"2"
2072,3,20,80,-0.98420679,"2"
2072,3,21,81,-1.420614762,"2"
2072,3,22,82,-0.26703285,"2"
2072,3,23,83,0.06866559,"2"
2072,3,24,84,0.474555522,"2"
2072,3,25,85,1.206988482,"2"
2072,3,26,86,1.795986654,"2"
2072,3,27,87,1.744105986,"2"
2072,3,28,88,2.137788702,"2"
2072,3,29,89,2.882428878,"2"
2072,3,30,90,3.901731414,"2"
2072,3,31,91,4.365605622,"2"
2073,3,1,60,-4.823376222,"2"
2073,3,2,61,-4.420538094,"2"
2073,3,3,62,-3.749141214,"2"
2073,3,4,63,-3.163194846,"2"
2073,3,5,64,-3.526359522,"2"
2073,3,6,65,-3.266956182,"2"
2073,3,7,66,-2.833600014,"2"
2073,3,8,67,-2.162203134,"2"
2073,3,9,68,-1.554894138,"2"
2073,3,10,69,-2.290378902,"2"
2073,3,11,70,-2.384984826,"2"
2073,3,12,71,-1.79293485,"2"
2073,3,13,72,-2.330052354,"2"
2073,3,14,73,-2.95262037,"2"
2073,3,15,74,-2.613870126,"2"
2073,3,16,75,-1.728846966,"2"
2073,3,17,76,-0.859082826,"2"
2073,3,18,77,-0.444037482,"2"
2073,3,19,78,-0.254825634,"2"
2073,3,20,79,0.108339042,"2"
2073,3,21,80,-0.392156814,"2"
2073,3,22,81,-0.340276146,"2"
2073,3,23,82,-0.187685946,"2"
2073,3,24,83,0.108339042,"2"
2073,3,25,84,0.172426926,"2"
2073,3,26,85,0.550850622,"2"
2073,3,27,86,2.272068078,"2"
2073,3,28,87,2.827496406,"2"
2073,3,29,88,4.115357694,"2"
2073,3,30,89,4.40222727,"2"
2073,3,31,90,4.838635242,"2"
2074,3,1,60,-4.15808295,"2"
2074,3,2,61,-4.658578806,"2"
2074,3,3,62,-4.625008962,"2"
2074,3,4,63,-4.487677782,"2"
2074,3,5,64,-5.479514082,"2"
2074,3,6,65,-3.804073686,"2"
2074,3,7,66,-2.720683266,"2"
2074,3,8,67,-2.86106625,"2"
2074,3,9,68,-3.599602818,"2"
2074,3,10,69,-3.617913642,"2"
2074,3,11,70,-2.351414982,"2"
2074,3,12,71,-1.908903402,"2"
2074,3,13,72,-1.835660106,"2"
2074,3,14,73,-1.170366834,"2"
2074,3,15,74,-0.910963494,"2"
2074,3,16,75,-1.22835111,"2"
2074,3,17,76,-0.874341846,"2"
2074,3,18,77,-0.547798818,"2"
2074,3,19,78,-0.340276146,"2"
2074,3,20,79,-0.059510178,"2"
2074,3,21,80,-0.181582338,"2"
2074,3,22,81,0.111390846,"2"
2074,3,23,82,2.165254938,"2"
2074,3,24,83,3.02891547,"2"
2074,3,25,84,2.574196674,"2"
2074,3,26,85,2.41855467,"2"
2074,3,27,86,2.894636094,"2"
2074,3,28,87,4.06652883,"2"
2074,3,29,88,2.958723978,"2"
2074,3,30,89,2.064545406,"2"
2074,3,31,90,2.63218095,"2"
2075,3,1,60,-6.44693595,"2"
2075,3,2,61,-5.833523346,"2"
2075,3,3,62,-5.244525174,"2"
2075,3,4,63,-3.73083039,"2"
2075,3,5,64,-4.109254086,"2"
2075,3,6,65,-5.812160718,"2"
2075,3,7,66,-5.601586242,"2"
2075,3,8,67,-5.528342946,"2"
2075,3,9,68,-4.109254086,"2"
2075,3,10,69,-2.452124514,"2"
2075,3,11,70,-1.127641578,"2"
2075,3,12,71,-1.271076366,"2"
2075,3,13,72,-3.495841482,"2"
2075,3,14,73,-3.682001526,"2"
2075,3,15,74,-3.08995155,"2"
2075,3,16,75,-2.650491774,"2"
2075,3,17,76,-1.982146698,"2"
2075,3,18,77,-2.458228122,"2"
2075,3,19,78,-2.223239214,"2"
2075,3,20,79,-1.145952402,"2"
2075,3,21,80,-0.254825634,"2"
2075,3,22,81,1.109330754,"2"
2075,3,23,82,1.658655474,"2"
2075,3,24,83,1.661707278,"2"
2075,3,25,84,1.683069906,"2"
2075,3,26,85,2.391088434,"2"
2075,3,27,86,2.66269899,"2"
2075,3,28,87,3.239489946,"2"
2075,3,29,88,3.495841482,"2"
2075,3,30,89,3.401235558,"2"
2075,3,31,90,3.404287362,"2"
2076,3,1,61,-5.626000674,"2"
2076,3,2,62,-3.91393863,"2"
2076,3,3,63,-4.09704687,"2"
2076,3,4,64,-4.628060766,"2"
2076,3,5,65,-5.101090386,"2"
2076,3,6,66,-5.214007134,"2"
2076,3,7,67,-4.527351234,"2"
2076,3,8,68,-3.468375246,"2"
2076,3,9,69,-2.348363178,"2"
2076,3,10,70,-1.918058814,"2"
2076,3,11,71,-2.821392798,"2"
2076,3,12,72,-2.293430706,"2"
2076,3,13,73,-1.997405718,"2"
2076,3,14,74,-1.50301347,"2"
2076,3,15,75,-0.737010666,"2"
2076,3,16,76,-1.637292846,"2"
2076,3,17,77,-1.448080998,"2"
2076,3,18,78,-0.749217882,"2"
2076,3,19,79,-0.80109855,"2"
2076,3,20,80,-0.209048574,"2"
2076,3,21,81,1.326008838,"2"
2076,3,22,82,3.248645358,"2"
2076,3,23,83,4.191652794,"2"
2076,3,24,84,3.147935826,"2"
2076,3,25,85,1.988250306,"2"
2076,3,26,86,3.660638898,"2"
2076,3,27,87,3.584343798,"2"
2076,3,28,88,3.79186647,"2"
2076,3,29,89,5.10414219,"2"
2076,3,30,90,5.430685218,"2"
2076,3,31,91,4.475470566,"2"
2077,3,1,60,-8.043029442,"2"
2077,3,2,61,-6.971846238,"2"
2077,3,3,62,-5.976958134,"2"
2077,3,4,63,-5.311664862,"2"
2077,3,5,64,-5.168230074,"2"
2077,3,6,65,-4.689096846,"2"
2077,3,7,66,-4.399175466,"2"
2077,3,8,67,-3.147935826,"2"
2077,3,9,68,-1.902799794,"2"
2077,3,10,69,-1.240558326,"2"
2077,3,11,70,-2.180513958,"2"
2077,3,12,71,-2.064545406,"2"
2077,3,13,72,-1.79293485,"2"
2077,3,14,73,-0.654611958,"2"
2077,3,15,74,-1.36568229,"2"
2077,3,16,75,-2.153047722,"2"
2077,3,17,76,-1.902799794,"2"
2077,3,18,77,-1.112382558,"2"
2077,3,19,78,0.016784922,"2"
2077,3,20,79,0.169375122,"2"
2077,3,21,80,-1.316853426,"2"
2077,3,22,81,-2.116426074,"2"
2077,3,23,82,-1.130693382,"2"
2077,3,24,83,-0.67902639,"2"
2077,3,25,84,-0.291447282,"2"
2077,3,26,85,-0.035095746,"2"
2077,3,27,86,1.286335386,"2"
2077,3,28,87,1.521324294,"2"
2077,3,29,88,2.726786874,"2"
2077,3,30,89,3.016708254,"2"
2077,3,31,90,3.703364154,"2"
2078,3,1,60,-4.63111257,"2"
2078,3,2,61,-3.611810034,"2"
2078,3,3,62,-3.398183754,"2"
2078,3,4,63,-3.60875823,"2"
2078,3,5,64,-3.15098763,"2"
2078,3,6,65,-2.949568566,"2"
2078,3,7,66,-2.970931194,"2"
2078,3,8,67,-3.678949722,"2"
2078,3,9,68,-3.904783218,"2"
2078,3,10,69,-2.223239214,"2"
2078,3,11,70,-1.738002378,"2"
2078,3,12,71,-2.030975562,"2"
2078,3,13,72,-0.837720198,"2"
2078,3,14,73,-0.202944966,"2"
2078,3,15,74,-0.11444265,"2"
2078,3,16,75,0.376897794,"2"
2078,3,17,76,-0.17547873,"2"
2078,3,18,77,0.233463006,"2"
2078,3,19,78,0.013733118,"2"
2078,3,20,79,0.080872806,"2"
2078,3,21,80,1.033035654,"2"
2078,3,22,81,1.408407546,"2"
2078,3,23,82,2.186617566,"2"
2078,3,24,83,2.32700055,"2"
2078,3,25,84,1.969939482,"2"
2078,3,26,85,1.496909862,"2"
2078,3,27,86,2.107270662,"2"
2078,3,28,87,3.682001526,"2"
2078,3,29,88,4.771495554,"2"
2078,3,30,89,5.876248602,"2"
2078,3,31,90,7.65239853,"2"
2079,3,1,60,-5.427633414,"2"
2079,3,2,61,-4.79896179,"2"
2079,3,3,62,-4.603646334,"2"
2079,3,4,63,-3.02891547,"2"
2079,3,5,64,-2.940413154,"2"
2079,3,6,65,-4.28015511,"2"
2079,3,7,66,-5.452047846,"2"
2079,3,8,67,-4.32593217,"2"
2079,3,9,68,-3.071640726,"2"
2079,3,10,69,-2.641336362,"2"
2079,3,11,70,-3.18150567,"2"
2079,3,12,71,-3.01365645,"2"
2079,3,13,72,-2.668802598,"2"
2079,3,14,73,-1.405355742,"2"
2079,3,15,74,-1.698328926,"2"
2079,3,16,75,-2.165254938,"2"
2079,3,17,76,-0.523384386,"2"
2079,3,18,77,0.154116102,"2"
2079,3,19,78,-1.240558326,"2"
2079,3,20,79,-2.012664738,"2"
2079,3,21,80,-0.654611958,"2"
2079,3,22,81,0.309758106,"2"
2079,3,23,82,1.567101354,"2"
2079,3,24,83,2.546730438,"2"
2079,3,25,84,3.282215202,"2"
2079,3,26,85,4.109254086,"2"
2079,3,27,86,3.880368786,"2"
2079,3,28,87,2.977034802,"2"
2079,3,29,88,2.894636094,"2"
2079,3,30,89,3.27305979,"2"
2079,3,31,90,2.305637922,"2"
2080,3,1,61,-6.410314302,"2"
2080,3,2,62,-4.777599162,"2"
2080,3,3,63,-4.682993238,"2"
2080,3,4,64,-5.143815642,"2"
2080,3,5,65,-5.037002502,"2"
2080,3,6,66,-4.176393774,"2"
2080,3,7,67,-2.757304914,"2"
2080,3,8,68,-3.566032974,"2"
2080,3,9,69,-2.070649014,"2"
2080,3,10,70,-2.40329565,"2"
2080,3,11,71,-2.003509326,"2"
2080,3,12,72,-1.551842334,"2"
2080,3,13,73,-0.581368662,"2"
2080,3,14,74,-1.112382558,"2"
2080,3,15,75,-1.435873782,"2"
2080,3,16,76,-0.672922782,"2"
2080,3,17,77,-0.016784922,"2"
2080,3,18,78,0.95368875,"2"
2080,3,19,79,1.64034465,"2"
2080,3,20,80,1.02998385,"2"
2080,3,21,81,2.11337427,"2"
2080,3,22,82,0.874341846,"2"
2080,3,23,83,0.462348306,"2"
2080,3,24,84,1.295490798,"2"
2080,3,25,85,1.82345289,"2"
2080,3,26,86,1.405355742,"2"
2080,3,27,87,2.101167054,"2"
2080,3,28,88,4.170290166,"2"
2080,3,29,89,5.128556622,"2"
2080,3,30,90,4.75318473,"2"
2080,3,31,91,4.313724954,"2"
2081,3,1,60,-4.469366958,"2"
2081,3,2,61,-4.43274531,"2"
2081,3,3,62,-4.49378139,"2"
2081,3,4,63,-3.804073686,"2"
2081,3,5,64,-3.187609278,"2"
2081,3,6,65,-3.239489946,"2"
2081,3,7,66,-2.467383534,"2"
2081,3,8,67,-2.186617566,"2"
2081,3,9,68,-2.986190214,"2"
2081,3,10,69,-2.803081974,"2"
2081,3,11,70,-2.000457522,"2"
2081,3,12,71,-0.935377926,"2"
2081,3,13,72,-1.673914494,"2"
2081,3,14,73,-0.505073562,"2"
2081,3,15,74,-0.761425098,"2"
2081,3,16,75,-1.48775445,"2"
2081,3,17,76,-0.929274318,"2"
2081,3,18,77,0.196841358,"2"
2081,3,19,78,2.308689726,"2"
2081,3,20,79,2.497901574,"2"
2081,3,21,80,1.45723641,"2"
2081,3,22,81,1.530479706,"2"
2081,3,23,82,2.595559302,"2"
2081,3,24,83,2.565041262,"2"
2081,3,25,84,2.806133778,"2"
2081,3,26,85,3.108262374,"2"
2081,3,27,86,4.365605622,"2"
2081,3,28,87,5.01258807,"2"
2081,3,29,88,4.939344774,"2"
2081,3,30,89,5.101090386,"2"
2081,3,31,90,4.161134754,"2"
2082,3,1,60,-4.747081122,"2"
2082,3,2,61,-4.817272614,"2"
2082,3,3,62,-6.166169982,"2"
2082,3,4,63,-6.30960477,"2"
2082,3,5,64,-4.484625978,"2"
2082,3,6,65,-4.261844286,"2"
2082,3,7,66,-4.08178785,"2"
2082,3,8,67,-3.892576002,"2"
2082,3,9,68,-3.178453866,"2"
2082,3,10,69,-3.004501038,"2"
2082,3,11,70,-2.22018741,"2"
2082,3,12,71,-2.241550038,"2"
2082,3,13,72,-2.665750794,"2"
2082,3,14,73,-1.64034465,"2"
2082,3,15,74,-0.721751646,"2"
2082,3,16,75,-0.437933874,"2"
2082,3,17,76,-0.050354766,"2"
2082,3,18,77,-0.743114274,"2"
2082,3,19,78,1.542686922,"2"
2082,3,20,79,3.21202371,"2"
2082,3,21,80,2.92210233,"2"
2082,3,22,81,2.061493602,"2"
2082,3,23,82,1.042191066,"2"
2082,3,24,83,1.249713738,"2"
2082,3,25,84,2.211031998,"2"
2082,3,26,85,2.577248478,"2"
2082,3,27,86,3.480582462,"2"
2082,3,28,87,4.896619518,"2"
2082,3,29,88,5.31776847,"2"
2082,3,30,89,5.336079294,"2"
2082,3,31,90,5.192644506,"2"
2083,3,1,60,-5.763331854,"2"
2083,3,2,61,-5.33302749,"2"
2083,3,3,62,-5.290302234,"2"
2083,3,4,63,-3.920042238,"2"
2083,3,5,64,-4.26489609,"2"
2083,3,6,65,-5.16517827,"2"
2083,3,7,66,-4.667734218,"2"
2083,3,8,67,-4.396123662,"2"
2083,3,9,68,-3.193712886,"2"
2083,3,10,69,-2.699320638,"2"
2083,3,11,70,-2.232394626,"2"
2083,3,12,71,-2.73899409,"2"
2083,3,13,72,-3.584343798,"2"
2083,3,14,73,-3.309681438,"2"
2083,3,15,74,-2.537575026,"2"
2083,3,16,75,-1.667810886,"2"
2083,3,17,76,-1.576256766,"2"
2083,3,18,77,-1.67086269,"2"
2083,3,19,78,-1.023880242,"2"
2083,3,20,79,-0.392156814,"2"
2083,3,21,80,0.645456546,"2"
2083,3,22,81,1.24361013,"2"
2083,3,23,82,1.570153158,"2"
2083,3,24,83,1.936369638,"2"
2083,3,25,84,2.66269899,"2"
2083,3,26,85,3.306629634,"2"
2083,3,27,86,3.706415958,"2"
2083,3,28,87,4.380864642,"2"
2083,3,29,88,4.09704687,"2"
2083,3,30,89,3.144884022,"2"
2083,3,31,90,3.233386338,"2"
2084,3,1,61,-5.235369762,"2"
2084,3,2,62,-6.532386462,"2"
2084,3,3,63,-5.741969226,"2"
2084,3,4,64,-4.518195822,"2"
2084,3,5,65,-4.655527002,"2"
2084,3,6,66,-3.71557137,"2"
2084,3,7,67,-3.025863666,"2"
2084,3,8,68,-2.864118054,"2"
2084,3,9,69,-3.361562106,"2"
2084,3,10,70,-4.255740678,"2"
2084,3,11,71,-4.252688874,"2"
2084,3,12,72,-4.881360498,"2"
2084,3,13,73,-4.26489609,"2"
2084,3,14,74,-3.749141214,"2"
2084,3,15,75,-4.548713862,"2"
2084,3,16,76,-3.019760058,"2"
2084,3,17,77,-1.103227146,"2"
2084,3,18,78,-0.798046746,"2"
2084,3,19,79,-0.032043942,"2"
2084,3,20,80,0.834668394,"2"
2084,3,21,81,0.57221325,"2"
2084,3,22,82,0.141908886,"2"
2084,3,23,83,1.414511154,"2"
2084,3,24,84,1.28938719,"2"
2084,3,25,85,0.87739365,"2"
2084,3,26,86,1.008621222,"2"
2084,3,27,87,2.003509326,"2"
2084,3,28,88,2.720683266,"2"
2084,3,29,89,1.93026603,"2"
2084,3,30,90,2.558937654,"2"
2084,3,31,91,3.483634266,"2"
2085,3,1,60,-6.15701457,"2"
2085,3,2,61,-5.381856354,"2"
2085,3,3,62,-4.744029318,"2"
2085,3,4,63,-3.947508474,"2"
2085,3,5,64,-4.52429943,"2"
2085,3,6,65,-2.958723978,"2"
2085,3,7,66,-1.765468614,"2"
2085,3,8,67,-2.46433173,"2"
2085,3,9,68,-1.979094894,"2"
2085,3,10,69,-2.278171686,"2"
2085,3,11,70,-1.954680462,"2"
2085,3,12,71,-1.017776634,"2"
2085,3,13,72,-0.392156814,"2"
2085,3,14,73,0.05340657,"2"
2085,3,15,74,0.166323318,"2"
2085,3,16,75,-1.42671837,"2"
2085,3,17,76,-1.39620033,"2"
2085,3,18,77,-1.057450086,"2"
2085,3,19,78,-0.807202158,"2"
2085,3,20,79,-0.599679486,"2"
2085,3,21,80,0.102235434,"2"
2085,3,22,81,0.654611958,"2"
2085,3,23,82,1.234454718,"2"
2085,3,24,83,2.44907271,"2"
2085,3,25,84,2.711527854,"2"
2085,3,26,85,3.025863666,"2"
2085,3,27,86,2.879377074,"2"
2085,3,28,87,2.589455694,"2"
2085,3,29,88,3.367665714,"2"
2085,3,30,89,5.320820274,"2"
2085,3,31,90,5.77553907,"2"
2086,3,1,60,-5.046157914,"2"
2086,3,2,61,-5.11940121,"2"
2086,3,3,62,-4.362553818,"2"
2086,3,4,63,-4.161134754,"2"
2086,3,5,64,-4.81422081,"2"
2086,3,6,65,-4.368657426,"2"
2086,3,7,66,-3.581291994,"2"
2086,3,8,67,-3.590447406,"2"
2086,3,9,68,-2.430761886,"2"
2086,3,10,69,-2.360570394,"2"
2086,3,11,70,-2.659647186,"2"
2086,3,12,71,-1.91500701,"2"
2086,3,13,72,-0.468451914,"2"
2086,3,14,73,-1.362630486,"2"
2086,3,15,74,-1.292438994,"2"
2086,3,16,75,-0.624093918,"2"
2086,3,17,76,-0.386053206,"2"
2086,3,18,77,-0.184634142,"2"
2086,3,19,78,0.245670222,"2"
2086,3,20,79,0.727855254,"2"
2086,3,21,80,1.179522246,"2"
2086,3,22,81,0.98420679,"2"
2086,3,23,82,1.744105986,"2"
2086,3,24,83,1.887540774,"2"
2086,3,25,84,2.262912666,"2"
2086,3,26,85,2.610818322,"2"
2086,3,27,86,2.528419614,"2"
2086,3,28,87,2.580300282,"2"
2086,3,29,88,2.455176318,"2"
2086,3,30,89,3.53246313,"2"
2086,3,31,90,5.207903526,"2"
2087,3,1,60,-4.930189362,"2"
2087,3,2,61,-3.797970078,"2"
2087,3,3,62,-3.645379878,"2"
2087,3,4,63,-3.315785046,"2"
2087,3,5,64,-2.98313841,"2"
2087,3,6,65,-2.778667542,"2"
2087,3,7,66,-3.767452038,"2"
2087,3,8,67,-3.324940458,"2"
2087,3,9,68,-1.649500062,"2"
2087,3,10,69,-0.685129998,"2"
2087,3,11,70,-0.733958862,"2"
2087,3,12,71,-0.69428541,"2"
2087,3,13,72,0.456244698,"2"
2087,3,14,73,-0.700389018,"2"
2087,3,15,74,-1.527427902,"2"
2087,3,16,75,-2.519264202,"2"
2087,3,17,76,-2.534523222,"2"
2087,3,18,77,-1.988250306,"2"
2087,3,19,78,-0.743114274,"2"
2087,3,20,79,-0.325017126,"2"
2087,3,21,80,0.303654498,"2"
2087,3,22,81,1.826504694,"2"
2087,3,23,82,2.430761886,"2"
2087,3,24,83,2.256809058,"2"
2087,3,25,84,2.116426074,"2"
2087,3,26,85,3.138780414,"2"
2087,3,27,86,4.124513106,"2"
2087,3,28,87,4.246585266,"2"
2087,3,29,88,4.689096846,"2"
2087,3,30,89,5.873196798,"2"
2087,3,31,90,5.925077466,"2"
2088,3,1,61,-6.230257866,"2"
2088,3,2,62,-5.91287025,"2"
2088,3,3,63,-4.176393774,"2"
2088,3,4,64,-3.47142705,"2"
2088,3,5,65,-3.782711058,"2"
2088,3,6,66,-4.338139386,"2"
2088,3,7,67,-4.246585266,"2"
2088,3,8,68,-3.520255914,"2"
2088,3,9,69,-3.340199478,"2"
2088,3,10,70,-2.44907271,"2"
2088,3,11,71,-1.927214226,"2"
2088,3,12,72,-2.427710082,"2"
2088,3,13,73,-2.681009814,"2"
2088,3,14,74,-1.435873782,"2"
2088,3,15,75,-1.18257405,"2"
2088,3,16,76,-1.02998385,"2"
2088,3,17,77,-0.868238238,"2"
2088,3,18,78,-0.672922782,"2"
2088,3,19,79,0.779735922,"2"
2088,3,20,80,1.283283582,"2"
2088,3,21,81,2.290378902,"2"
2088,3,22,82,2.592507498,"2"
2088,3,23,83,1.887540774,"2"
2088,3,24,84,2.909895114,"2"
2088,3,25,85,3.45616803,"2"
2088,3,26,86,2.717631462,"2"
2088,3,27,87,2.720683266,"2"
2088,3,28,88,3.041122686,"2"
2088,3,29,89,4.170290166,"2"
2088,3,30,90,4.866101478,"2"
2088,3,31,91,6.221102454,"2"
2089,3,1,60,-5.391011766,"2"
2089,3,2,61,-3.923094042,"2"
2089,3,3,62,-3.382924734,"2"
2089,3,4,63,-3.331044066,"2"
2089,3,5,64,-2.742045894,"2"
2089,3,6,65,-3.605706426,"2"
2089,3,7,66,-4.23437805,"2"
2089,3,8,67,-3.965819298,"2"
2089,3,9,68,-3.94445667,"2"
2089,3,10,69,-3.62401725,"2"
2089,3,11,70,-3.53246313,"2"
2089,3,12,71,-3.254748966,"2"
2089,3,13,72,-2.604714714,"2"
2089,3,14,73,-2.446020906,"2"
2089,3,15,74,-3.797970078,"2"
2089,3,16,75,-3.093003354,"2"
2089,3,17,76,-2.061493602,"2"
2089,3,18,77,-2.796978366,"2"
2089,3,19,78,-2.821392798,"2"
2089,3,20,79,-0.959792358,"2"
2089,3,21,80,-0.72480345,"2"
2089,3,22,81,-0.376897794,"2"
2089,3,23,82,1.210040286,"2"
2089,3,24,83,0.761425098,"2"
2089,3,25,84,1.240558326,"2"
2089,3,26,85,1.844815518,"2"
2089,3,27,86,2.412451062,"2"
2089,3,28,87,3.132676806,"2"
2089,3,29,88,3.19676469,"2"
2089,3,30,89,3.614861838,"2"
2089,3,31,90,3.56298117,"2"
2090,3,1,60,-3.605706426,"2"
2090,3,2,61,-4.46326335,"2"
2090,3,3,62,-4.747081122,"2"
2090,3,4,63,-4.374761034,"2"
2090,3,5,64,-3.663690702,"2"
2090,3,6,65,-2.424658278,"2"
2090,3,7,66,-1.954680462,"2"
2090,3,8,67,-2.217135606,"2"
2090,3,9,68,-1.551842334,"2"
2090,3,10,69,-1.622033826,"2"
2090,3,11,70,-1.12153797,"2"
2090,3,12,71,-1.530479706,"2"
2090,3,13,72,-2.574196674,"2"
2090,3,14,73,-1.277179974,"2"
2090,3,15,74,-0.593575878,"2"
2090,3,16,75,-1.570153158,"2"
2090,3,17,76,-0.40436403,"2"
2090,3,18,77,0.971999574,"2"
2090,3,19,78,1.628137434,"2"
2090,3,20,79,0.87739365,"2"
2090,3,21,80,0.09918363,"2"
2090,3,22,81,-0.392156814,"2"
2090,3,23,82,0.453192894,"2"
2090,3,24,83,1.161211422,"2"
2090,3,25,84,2.796978366,"2"
2090,3,26,85,3.459219834,"2"
2090,3,27,86,3.178453866,"2"
2090,3,28,87,2.458228122,"2"
2090,3,29,88,2.854962642,"2"
2090,3,30,89,3.663690702,"2"
2090,3,31,90,4.298465934,"2"
2091,3,1,60,-4.563972882,"2"
2091,3,2,61,-4.063477026,"2"
2091,3,3,62,-3.398183754,"2"
2091,3,4,63,-2.964827586,"2"
2091,3,5,64,-2.635232754,"2"
2091,3,6,65,-3.770503842,"2"
2091,3,7,66,-2.818340994,"2"
2091,3,8,67,-2.684061618,"2"
2091,3,9,68,-1.927214226,"2"
2091,3,10,69,-2.363622198,"2"
2091,3,11,70,-2.31174153,"2"
2091,3,12,71,-2.775615738,"2"
2091,3,13,72,-2.064545406,"2"
2091,3,14,73,-0.752269686,"2"
2091,3,15,74,-0.630197526,"2"
2091,3,16,75,-0.993362202,"2"
2091,3,17,76,0.730907058,"2"
2091,3,18,77,1.347371466,"2"
2091,3,19,78,0.904859886,"2"
2091,3,20,79,0.263981046,"2"
2091,3,21,80,2.03707917,"2"
2091,3,22,81,2.595559302,"2"
2091,3,23,82,1.957732266,"2"
2091,3,24,83,1.271076366,"2"
2091,3,25,84,1.283283582,"2"
2091,3,26,85,2.702372442,"2"
2091,3,27,86,2.705424246,"2"
2091,3,28,87,2.73899409,"2"
2091,3,29,88,3.05943351,"2"
2091,3,30,89,3.367665714,"2"
2091,3,31,90,4.270999698,"2"
2092,3,1,61,-3.68505333,"2"
2092,3,2,62,-3.291370614,"2"
2092,3,3,63,-3.703364154,"2"
2092,3,4,64,-3.175402062,"2"
2092,3,5,65,-2.381933022,"2"
2092,3,6,66,-2.23544643,"2"
2092,3,7,67,-4.435797114,"2"
2092,3,8,68,-4.396123662,"2"
2092,3,9,69,-4.08178785,"2"
2092,3,10,70,-3.508048698,"2"
2092,3,11,71,-3.041122686,"2"
2092,3,12,72,-3.483634266,"2"
2092,3,13,73,-1.67086269,"2"
2092,3,14,74,-0.697337214,"2"
2092,3,15,75,-1.133745186,"2"
2092,3,16,76,-0.959792358,"2"
2092,3,17,77,-0.691233606,"2"
2092,3,18,78,0.63324933,"2"
2092,3,19,79,1.908903402,"2"
2092,3,20,80,3.18150567,"2"
2092,3,21,81,2.119477878,"2"
2092,3,22,82,1.863126342,"2"
2092,3,23,83,2.269016274,"2"
2092,3,24,84,2.104218858,"2"
2092,3,25,85,2.412451062,"2"
2092,3,26,86,2.635232754,"2"
2092,3,27,87,3.080796138,"2"
2092,3,28,88,2.78477115,"2"
2092,3,29,89,2.99839743,"2"
2092,3,30,90,2.613870126,"2"
2092,3,31,91,1.997405718,"2"
2093,3,1,60,-3.97497471,"2"
2093,3,2,61,-4.689096846,"2"
2093,3,3,62,-3.97497471,"2"
2093,3,4,63,-4.109254086,"2"
2093,3,5,64,-3.202868298,"2"
2093,3,6,65,-3.752193018,"2"
2093,3,7,66,-3.956663886,"2"
2093,3,8,67,-3.962767494,"2"
2093,3,9,68,-3.416494578,"2"
2093,3,10,69,-2.05233819,"2"
2093,3,11,70,-1.863126342,"2"
2093,3,12,71,-1.24361013,"2"
2093,3,13,72,-1.353475074,"2"
2093,3,14,73,-1.728846966,"2"
2093,3,15,74,-2.348363178,"2"
2093,3,16,75,-2.192721174,"2"
2093,3,17,76,-1.081864518,"2"
2093,3,18,77,0.257877438,"2"
2093,3,19,78,0.63324933,"2"
2093,3,20,79,1.185625854,"2"
2093,3,21,80,0.776684118,"2"
2093,3,22,81,-0.065613786,"2"
2093,3,23,82,0.34332795,"2"
2093,3,24,83,1.417562958,"2"
2093,3,25,84,1.71663975,"2"
2093,3,26,85,2.485694358,"2"
2093,3,27,86,3.065537118,"2"
2093,3,28,87,2.711527854,"2"
2093,3,29,88,2.87632527,"2"
2093,3,30,89,4.103150478,"2"
2093,3,31,90,5.47035867,"2"
2094,3,1,60,-4.98207003,"2"
2094,3,2,61,-4.780650966,"2"
2094,3,3,62,-5.085831366,"2"
2094,3,4,63,-4.95155199,"2"
2094,3,5,64,-4.594490922,"2"
2094,3,6,65,-3.987181926,"2"
2094,3,7,66,-5.186540898,"2"
2094,3,8,67,-4.55481747,"2"
2094,3,9,68,-3.94445667,"2"
2094,3,10,69,-2.25070545,"2"
2094,3,11,70,-0.416571246,"2"
2094,3,12,71,0.35858697,"2"
2094,3,13,72,0.630197526,"2"
2094,3,14,73,-0.12970167,"2"
2094,3,15,74,-0.794994942,"2"
2094,3,16,75,-0.621042114,"2"
2094,3,17,76,0.346379754,"2"
2094,3,18,77,0.202944966,"2"
2094,3,19,78,0.19073775,"2"
2094,3,20,79,0.48065913,"2"
2094,3,21,80,1.512168882,"2"
2094,3,22,81,2.09811525,"2"
2094,3,23,82,2.043182778,"2"
2094,3,24,83,2.717631462,"2"
2094,3,25,84,1.67086269,"2"
2094,3,26,85,3.47142705,"2"
2094,3,27,86,4.084839654,"2"
2094,3,28,87,5.125504818,"2"
2094,3,29,88,5.14991925,"2"
2094,3,30,89,3.99023373,"2"
2094,3,31,90,4.58533551,"2"
2095,3,1,60,-6.913861962,"2"
2095,3,2,61,-6.465246774,"2"
2095,3,3,62,-5.476462278,"2"
2095,3,4,63,-4.802013594,"2"
2095,3,5,64,-4.185549186,"2"
2095,3,6,65,-3.60875823,"2"
2095,3,7,66,-3.22728273,"2"
2095,3,8,67,-3.285267006,"2"
2095,3,9,68,-2.995345626,"2"
2095,3,10,69,-2.714579658,"2"
2095,3,11,70,-2.030975562,"2"
2095,3,12,71,-1.97604309,"2"
2095,3,13,72,-2.23544643,"2"
2095,3,14,73,-2.03707917,"2"
2095,3,15,74,-1.24361013,"2"
2095,3,16,75,-0.54169521,"2"
2095,3,17,76,0.03814755,"2"
2095,3,18,77,1.026932046,"2"
2095,3,19,78,1.069657302,"2"
2095,3,20,79,1.118486166,"2"
2095,3,21,80,0.29755089,"2"
2095,3,22,81,0.90791169,"2"
2095,3,23,82,2.034027366,"2"
2095,3,24,83,1.542686922,"2"
2095,3,25,84,2.421606474,"2"
2095,3,26,85,3.086899746,"2"
2095,3,27,86,3.60875823,"2"
2095,3,28,87,2.702372442,"2"
2095,3,29,88,2.253757254,"2"
2095,3,30,89,2.476538946,"2"
2095,3,31,90,2.809185582,"2"
2096,3,1,61,-4.374761034,"2"
2096,3,2,62,-4.985121834,"2"
2096,3,3,63,-5.369649138,"2"
2096,3,4,64,-4.637216178,"2"
2096,3,5,65,-4.29541413,"2"
2096,3,6,66,-4.365605622,"2"
2096,3,7,67,-5.308613058,"2"
2096,3,8,68,-4.95155199,"2"
2096,3,9,69,-3.916990434,"2"
2096,3,10,70,-4.225222638,"2"
2096,3,11,71,-4.454107938,"2"
2096,3,12,72,-2.745097698,"2"
2096,3,13,73,-1.02998385,"2"
2096,3,14,74,-0.239566614,"2"
2096,3,15,75,-0.386053206,"2"
2096,3,16,76,0.395208618,"2"
2096,3,17,77,0.523384386,"2"
2096,3,18,78,0.440985678,"2"
2096,3,19,79,1.18257405,"2"
2096,3,20,80,1.374837702,"2"
2096,3,21,81,1.933317834,"2"
2096,3,22,82,2.061493602,"2"
2096,3,23,83,3.163194846,"2"
2096,3,24,84,3.62401725,"2"
2096,3,25,85,2.995345626,"2"
2096,3,26,86,1.750209594,"2"
2096,3,27,87,2.528419614,"2"
2096,3,28,88,3.63927627,"2"
2096,3,29,89,4.762340142,"2"
2096,3,30,90,4.87525689,"2"
2096,3,31,91,4.811169006,"2"
2097,3,1,60,-4.347294798,"2"
2097,3,2,61,-4.835583438,"2"
2097,3,3,62,-5.497824906,"2"
2097,3,4,63,-4.429693506,"2"
2097,3,5,64,-4.03601079,"2"
2097,3,6,65,-3.407339166,"2"
2097,3,7,66,-3.398183754,"2"
2097,3,8,67,-2.44907271,"2"
2097,3,9,68,-0.599679486,"2"
2097,3,10,69,-1.222247502,"2"
2097,3,11,70,-2.436865494,"2"
2097,3,12,71,-3.581291994,"2"
2097,3,13,72,-2.14389231,"2"
2097,3,14,73,-0.956740554,"2"
2097,3,15,74,-0.132753474,"2"
2097,3,16,75,-1.36568229,"2"
2097,3,17,76,-0.471503718,"2"
2097,3,18,77,0.428778462,"2"
2097,3,19,78,0.23651481,"2"
2097,3,20,79,-0.254825634,"2"
2097,3,21,80,1.680018102,"2"
2097,3,22,81,2.909895114,"2"
2097,3,23,82,3.129625002,"2"
2097,3,24,83,2.519264202,"2"
2097,3,25,84,3.18150567,"2"
2097,3,26,85,4.780650966,"2"
2097,3,27,86,3.663690702,"2"
2097,3,28,87,3.895627806,"2"
2097,3,29,88,4.490729586,"2"
2097,3,30,89,5.113297602,"2"
2097,3,31,90,4.863049674,"2"
2098,3,1,60,-4.41748629,"2"
2098,3,2,61,-4.377812838,"2"
2098,3,3,62,-5.046157914,"2"
2098,3,4,63,-4.98207003,"2"
2098,3,5,64,-4.664682414,"2"
2098,3,6,65,-3.804073686,"2"
2098,3,7,66,-1.76241681,"2"
2098,3,8,67,-1.359578682,"2"
2098,3,9,68,-1.554894138,"2"
2098,3,10,69,-1.063553694,"2"
2098,3,11,70,-1.936369638,"2"
2098,3,12,71,-2.000457522,"2"
2098,3,13,72,-1.463340018,"2"
2098,3,14,73,-1.033035654,"2"
2098,3,15,74,-0.51117717,"2"
2098,3,16,75,-0.523384386,"2"
2098,3,17,76,-0.880445454,"2"
2098,3,18,77,-0.865186434,"2"
2098,3,19,78,-0.093080022,"2"
2098,3,20,79,0.483710934,"2"
2098,3,21,80,0.703440822,"2"
2098,3,22,81,0.733958862,"2"
2098,3,23,82,1.22835111,"2"
2098,3,24,83,1.60982661,"2"
2098,3,25,84,2.323948746,"2"
2098,3,26,85,3.099106962,"2"
2098,3,27,86,3.590447406,"2"
2098,3,28,87,4.365605622,"2"
2098,3,29,88,4.307621346,"2"
2098,3,30,89,3.907835022,"2"
2098,3,31,90,4.399175466,"2"
2099,3,1,60,-7.313648286,"2"
2099,3,2,61,-6.895551138,"2"
2099,3,3,62,-5.055313326,"2"
2099,3,4,63,-4.530403038,"2"
2099,3,5,64,-4.756236534,"2"
2099,3,6,65,-4.344242994,"2"
2099,3,7,66,-4.139772126,"2"
2099,3,8,67,-3.633172662,"2"
2099,3,9,68,-3.620965446,"2"
2099,3,10,69,-2.613870126,"2"
2099,3,11,70,-2.214083802,"2"
2099,3,12,71,-2.024871954,"2"
2099,3,13,72,-1.765468614,"2"
2099,3,14,73,-1.53353151,"2"
2099,3,15,74,0.852979218,"2"
2099,3,16,75,2.467383534,"2"
2099,3,17,76,1.795986654,"2"
2099,3,18,77,0.321965322,"2"
2099,3,19,78,1.329060642,"2"
2099,3,20,79,2.336155962,"2"
2099,3,21,80,1.023880242,"2"
2099,3,22,81,2.446020906,"2"
2099,3,23,82,3.37987293,"2"
2099,3,24,83,3.184557474,"2"
2099,3,25,84,3.172350258,"2"
2099,3,26,85,2.28122349,"2"
2099,3,27,86,2.29648251,"2"
2099,3,28,87,3.30357783,"2"
2099,3,29,88,4.701304062,"2"
2099,3,30,89,4.014648162,"2"
2099,3,31,90,4.109254086,"2"
2100,3,1,60,-6.755168154,"2"
2100,3,2,61,-6.013579782,"2"
2100,3,3,62,-5.894559426,"2"
2100,3,4,63,-6.382848066,"2"
2100,3,5,64,-4.518195822,"2"
2100,3,6,65,-3.999389142,"2"
2100,3,7,66,-4.148927538,"2"
2100,3,8,67,-3.65453529,"2"
2100,3,9,68,-4.344242994,"2"
2100,3,10,69,-3.465323442,"2"
2100,3,11,70,-4.35645021,"2"
2100,3,12,71,-3.859006158,"2"
2100,3,13,72,-2.546730438,"2"
2100,3,14,73,-1.985198502,"2"
2100,3,15,74,-2.623025538,"2"
2100,3,16,75,-2.363622198,"2"
2100,3,17,76,-1.89974799,"2"
2100,3,18,77,-2.101167054,"2"
2100,3,19,78,-2.046234582,"2"
2100,3,20,79,-0.120546258,"2"
2100,3,21,80,0.614938506,"2"
2100,3,22,81,0.392156814,"2"
2100,3,23,82,-0.43488207,"2"
2100,3,24,83,-0.45014109,"2"
2100,3,25,84,0.239566614,"2"
2100,3,26,85,2.055389994,"2"
2100,3,27,86,3.117417786,"2"
2100,3,28,87,3.66979431,"2"
2100,3,29,88,3.996337338,"2"
2100,3,30,89,4.899671322,"2"
2100,3,31,90,4.505988606,"2"
2025,4,1,91,-0.279240066,"2"
2025,4,2,92,0.45014109,"2"
2025,4,3,93,0.29755089,"2"
2025,4,4,94,0.23651481,"2"
2025,4,5,95,0.43488207,"2"
2025,4,6,96,1.481650842,"2"
2025,4,7,97,1.530479706,"2"
2025,4,8,98,3.389028342,"2"
2025,4,9,99,4.23437805,"2"
2025,4,10,100,4.258792482,"2"
2025,4,11,101,3.553825758,"2"
2025,4,12,102,4.338139386,"2"
2025,4,13,103,4.423589898,"2"
2025,4,14,104,4.359502014,"2"
2025,4,15,105,3.941404866,"2"
2025,4,16,106,5.448996042,"2"
2025,4,17,107,6.028838802,"2"
2025,4,18,108,5.18043729,"2"
2025,4,19,109,5.094986778,"2"
2025,4,20,110,5.720606598,"2"
2025,4,21,111,6.587318934,"2"
2025,4,22,112,6.52323105,"2"
2025,4,23,113,7.631035902,"2"
2025,4,24,114,8.73578895,"2"
2025,4,25,115,8.96467425,"2"
2025,4,26,116,8.348209842,"2"
2025,4,27,117,9.141678882,"2"
2025,4,28,118,10.12435977,"2"
2025,4,29,119,10.197603066,"2"
2025,4,30,120,10.518042486,"2"
2026,4,1,91,0.413519442,"2"
2026,4,2,92,0.605783094,"2"
2026,4,3,93,0.880445454,"2"
2026,4,4,94,0.950636946,"2"
2026,4,5,95,0.688181802,"2"
2026,4,6,96,0.935377926,"2"
2026,4,7,97,1.695277122,"2"
2026,4,8,98,0.895704474,"2"
2026,4,9,99,1.789883046,"2"
2026,4,10,100,3.132676806,"2"
2026,4,11,101,4.41748629,"2"
2026,4,12,102,3.996337338,"2"
2026,4,13,103,4.451056134,"2"
2026,4,14,104,4.057373418,"2"
2026,4,15,105,3.508048698,"2"
2026,4,16,106,4.161134754,"2"
2026,4,17,107,5.19569631,"2"
2026,4,18,108,6.312656574,"2"
2026,4,19,109,6.06546045,"2"
2026,4,20,110,6.016631586,"2"
2026,4,21,111,6.654458622,"2"
2026,4,22,112,7.71343461,"2"
2026,4,23,113,6.861981294,"2"
2026,4,24,114,6.047149626,"2"
2026,4,25,115,6.877240314,"2"
2026,4,26,116,7.426565034,"2"
2026,4,27,117,9.190507746,"2"
2026,4,28,118,10.41428115,"2"
2026,4,29,119,10.197603066,"2"
2026,4,30,120,10.502783466,"2"
2027,4,1,91,0.614938506,"2"
2027,4,2,92,0.914015298,"2"
2027,4,3,93,1.100175342,"2"
2027,4,4,94,2.58640389,"2"
2027,4,5,95,3.083847942,"2"
2027,4,6,96,2.803081974,"2"
2027,4,7,97,1.774624026,"2"
2027,4,8,98,2.427710082,"2"
2027,4,9,99,3.889524198,"2"
2027,4,10,100,4.55481747,"2"
2027,4,11,101,4.43274531,"2"
2027,4,12,102,4.423589898,"2"
2027,4,13,103,5.738917422,"2"
2027,4,14,104,5.589379026,"2"
2027,4,15,105,5.510032122,"2"
2027,4,16,106,5.464255062,"2"
2027,4,17,107,5.63820789,"2"
2027,4,18,108,6.532386462,"2"
2027,4,19,109,7.676812962,"2"
2027,4,20,110,7.200731538,"2"
2027,4,21,111,7.450979466,"2"
2027,4,22,112,8.863964718,"2"
2027,4,23,113,8.93415621,"2"
2027,4,24,114,8.790721422,"2"
2027,4,25,115,8.47638561,"2"
2027,4,26,116,9.828334782,"2"
2027,4,27,117,10.21591389,"2"
2027,4,28,118,10.17013683,"2"
2027,4,29,119,10.26169095,"2"
2027,4,30,120,10.054168278,"2"
2028,4,1,92,-0.86213463,"2"
2028,4,2,93,0.016784922,"2"
2028,4,3,94,1.50301347,"2"
2028,4,4,95,1.307698014,"2"
2028,4,5,96,1.103227146,"2"
2028,4,6,97,2.03707917,"2"
2028,4,7,98,3.05943351,"2"
2028,4,8,99,3.657587094,"2"
2028,4,9,100,3.80712549,"2"
2028,4,10,101,3.474478854,"2"
2028,4,11,102,4.103150478,"2"
2028,4,12,103,4.658578806,"2"
2028,4,13,104,5.28725043,"2"
2028,4,14,105,5.92812927,"2"
2028,4,15,106,6.230257866,"2"
2028,4,16,107,6.819256038,"2"
2028,4,17,108,6.883343922,"2"
2028,4,18,109,7.060348554,"2"
2028,4,19,110,7.109177418,"2"
2028,4,20,111,6.669717642,"2"
2028,4,21,112,6.099030294,"2"
2028,4,22,113,6.846722274,"2"
2028,4,23,114,7.612725078,"2"
2028,4,24,115,7.273974834,"2"
2028,4,25,116,7.100022006,"2"
2028,4,26,117,7.890439242,"2"
2028,4,27,118,8.601509574,"2"
2028,4,28,119,9.678796386,"2"
2028,4,29,120,11.030745558,"2"
2028,4,30,121,11.998167426,"2"
2029,4,1,91,0.06866559,"2"
2029,4,2,92,0.06866559,"2"
2029,4,3,93,0.422674854,"2"
2029,4,4,94,0.37384599,"2"
2029,4,5,95,0.981154986,"2"
2029,4,6,96,1.59456759,"2"
2029,4,7,97,1.844815518,"2"
2029,4,8,98,0.715648038,"2"
2029,4,9,99,0.917067102,"2"
2029,4,10,100,2.018768346,"2"
2029,4,11,101,3.111314178,"2"
2029,4,12,102,2.635232754,"2"
2029,4,13,103,2.720683266,"2"
2029,4,14,104,3.346303086,"2"
2029,4,15,105,4.469366958,"2"
2029,4,16,106,4.466315154,"2"
2029,4,17,107,4.673837826,"2"
2029,4,18,108,4.945448382,"2"
2029,4,19,109,5.72976201,"2"
2029,4,20,110,5.970854526,"2"
2029,4,21,111,5.45509965,"2"
2029,4,22,112,5.824367934,"2"
2029,4,23,113,6.32486379,"2"
2029,4,24,114,6.291293946,"2"
2029,4,25,115,7.704279198,"2"
2029,4,26,116,8.732737146,"2"
2029,4,27,117,8.455022982,"2"
2029,4,28,118,8.390935098,"2"
2029,4,29,119,9.703210818,"2"
2029,4,30,120,10.203706674,"2"
2030,4,1,91,-0.379949598,"2"
2030,4,2,92,0.245670222,"2"
2030,4,3,93,0.706492626,"2"
2030,4,4,94,1.893644382,"2"
2030,4,5,95,2.60166291,"2"
2030,4,6,96,3.07469253,"2"
2030,4,7,97,2.803081974,"2"
2030,4,8,98,2.995345626,"2"
2030,4,9,99,3.51720411,"2"
2030,4,10,100,4.512092214,"2"
2030,4,11,101,4.869153282,"2"
2030,4,12,102,4.063477026,"2"
2030,4,13,103,3.758296626,"2"
2030,4,14,104,3.889524198,"2"
2030,4,15,105,4.771495554,"2"
2030,4,16,106,5.320820274,"2"
2030,4,17,107,5.860989582,"2"
2030,4,18,108,6.468298578,"2"
2030,4,19,109,6.38589987,"2"
2030,4,20,110,7.237353186,"2"
2030,4,21,111,7.188524322,"2"
2030,4,22,112,7.817195946,"2"
2030,4,23,113,8.436712158,"2"
2030,4,24,114,9.684899994,"2"
2030,4,25,115,10.411229346,"2"
2030,4,26,116,10.76523861,"2"
2030,4,27,117,11.036849166,"2"
2030,4,28,118,11.74181589,"2"
2030,4,29,119,11.641106358,"2"
2030,4,30,120,11.738764086,"2"
2031,4,1,91,1.44197739,"2"
2031,4,2,92,1.634241042,"2"
2031,4,3,93,1.786831242,"2"
2031,4,4,94,2.09811525,"2"
2031,4,5,95,1.423666566,"2"
2031,4,6,96,1.44197739,"2"
2031,4,7,97,2.287327098,"2"
2031,4,8,98,3.401235558,"2"
2031,4,9,99,5.061416934,"2"
2031,4,10,100,5.064468738,"2"
2031,4,11,101,5.015639874,"2"
2031,4,12,102,4.777599162,"2"
2031,4,13,103,4.914930342,"2"
2031,4,14,104,4.11230589,"2"
2031,4,15,105,4.060425222,"2"
2031,4,16,106,4.762340142,"2"
2031,4,17,107,5.217058938,"2"
2031,4,18,108,5.702295774,"2"
2031,4,19,109,6.150910962,"2"
2031,4,20,110,6.26382771,"2"
2031,4,21,111,6.27908673,"2"
2031,4,22,112,7.219042362,"2"
2031,4,23,113,7.414357818,"2"
2031,4,24,114,7.60662147,"2"
2031,4,25,115,7.978941558,"2"
2031,4,26,116,8.653390242,"2"
2031,4,27,117,9.800868546,"2"
2031,4,28,118,10.286105382,"2"
2031,4,29,119,9.553672422,"2"
2031,4,30,120,9.678796386,"2"
2032,4,1,92,1.231402914,"2"
2032,4,2,93,1.692225318,"2"
2032,4,3,94,1.545738726,"2"
2032,4,4,95,1.536583314,"2"
2032,4,5,96,2.516212398,"2"
2032,4,6,97,3.276111594,"2"
2032,4,7,98,2.34225957,"2"
2032,4,8,99,2.226291018,"2"
2032,4,9,100,2.070649014,"2"
2032,4,10,101,2.378881218,"2"
2032,4,11,102,2.955672174,"2"
2032,4,12,103,3.346303086,"2"
2032,4,13,104,3.971922906,"2"
2032,4,14,105,3.682001526,"2"
2032,4,15,106,4.170290166,"2"
2032,4,16,107,5.497824906,"2"
2032,4,17,108,6.190584414,"2"
2032,4,18,109,6.623940582,"2"
2032,4,19,110,7.740900846,"2"
2032,4,20,111,8.424504942,"2"
2032,4,21,112,8.946363426,"2"
2032,4,22,113,8.784617814,"2"
2032,4,23,114,9.654381954,"2"
2032,4,24,115,10.057220082,"2"
2032,4,25,116,9.279010062,"2"
2032,4,26,117,9.626915718,"2"
2032,4,27,118,10.893414378,"2"
2032,4,28,119,11.027693754,"2"
2032,4,29,120,10.679788098,"2"
2032,4,30,121,11.381703018,"2"
2033,4,1,91,-0.440985678,"2"
2033,4,2,92,-0.535591602,"2"
2033,4,3,93,0.706492626,"2"
2033,4,4,94,1.268024562,"2"
2033,4,5,95,1.127641578,"2"
2033,4,6,96,2.430761886,"2"
2033,4,7,97,3.74608941,"2"
2033,4,8,98,4.191652794,"2"
2033,4,9,99,4.582283706,"2"
2033,4,10,100,4.521247626,"2"
2033,4,11,101,4.481574174,"2"
2033,4,12,102,4.588387314,"2"
2033,4,13,103,4.52429943,"2"
2033,4,14,104,5.24147337,"2"
2033,4,15,105,6.626992386,"2"
2033,4,16,106,6.73685733,"2"
2033,4,17,107,7.298389266,"2"
2033,4,18,108,7.014571494,"2"
2033,4,19,109,7.19462793,"2"
2033,4,20,110,7.753108062,"2"
2033,4,21,111,7.676812962,"2"
2033,4,22,112,8.561836122,"2"
2033,4,23,113,8.525214474,"2"
2033,4,24,114,8.931104406,"2"
2033,4,25,115,10.13961879,"2"
2033,4,26,116,10.511938878,"2"
2033,4,27,117,11.061263598,"2"
2033,4,28,118,11.293200702,"2"
2033,4,29,119,11.656365378,"2"
2033,4,30,120,12.709237758,"2"
2034,4,1,91,-0.520332582,"2"
2034,4,2,92,0.819409374,"2"
2034,4,3,93,1.463340018,"2"
2034,4,4,94,1.65560367,"2"
2034,4,5,95,0.584420466,"2"
2034,4,6,96,2.320896942,"2"
2034,4,7,97,3.169298454,"2"
2034,4,8,98,2.583352086,"2"
2034,4,9,99,2.461279926,"2"
2034,4,10,100,3.865109766,"2"
2034,4,11,101,4.161134754,"2"
2034,4,12,102,3.12046959,"2"
2034,4,13,103,3.590447406,"2"
2034,4,14,104,3.666742506,"2"
2034,4,15,105,4.411382682,"2"
2034,4,16,106,5.68398495,"2"
2034,4,17,107,6.382848066,"2"
2034,4,18,108,7.170213498,"2"
2034,4,19,109,7.243456794,"2"
2034,4,20,110,8.06439207,"2"
2034,4,21,111,7.878232026,"2"
2034,4,22,112,7.83550677,"2"
2034,4,23,113,7.814144142,"2"
2034,4,24,114,8.976881466,"2"
2034,4,25,115,9.733728858,"2"
2034,4,26,116,9.709314426,"2"
2034,4,27,117,8.723581734,"2"
2034,4,28,118,8.387883294,"2"
2034,4,29,119,10.386814914,"2"
2034,4,30,120,11.592277494,"2"
2035,4,1,91,0.416571246,"2"
2035,4,2,92,0.63324933,"2"
2035,4,3,93,-0.013733118,"2"
2035,4,4,94,0.257877438,"2"
2035,4,5,95,0.17547873,"2"
2035,4,6,96,1.405355742,"2"
2035,4,7,97,2.720683266,"2"
2035,4,8,98,4.24963707,"2"
2035,4,9,99,4.078736046,"2"
2035,4,10,100,4.11230589,"2"
2035,4,11,101,4.99732905,"2"
2035,4,12,102,5.659570518,"2"
2035,4,13,103,5.59243083,"2"
2035,4,14,104,5.329975686,"2"
2035,4,15,105,6.031890606,"2"
2035,4,16,106,6.334019202,"2"
2035,4,17,107,6.541541874,"2"
2035,4,18,108,6.56900811,"2"
2035,4,19,109,6.877240314,"2"
2035,4,20,110,7.472342094,"2"
2035,4,21,111,8.244448506,"2"
2035,4,22,112,8.09491011,"2"
2035,4,23,113,8.091858306,"2"
2035,4,24,114,8.55268071,"2"
2035,4,25,115,9.810023958,"2"
2035,4,26,116,10.588233978,"2"
2035,4,27,117,10.58213037,"2"
2035,4,28,118,10.466161818,"2"
2035,4,29,119,11.540396826,"2"
2035,4,30,120,11.40611745,"2"
2036,4,1,92,-0.444037482,"2"
2036,4,2,93,0.517280778,"2"
2036,4,3,94,1.463340018,"2"
2036,4,4,95,2.424658278,"2"
2036,4,5,96,3.315785046,"2"
2036,4,6,97,3.382924734,"2"
2036,4,7,98,4.40222727,"2"
2036,4,8,99,4.841687046,"2"
2036,4,9,100,4.377812838,"2"
2036,4,10,101,4.490729586,"2"
2036,4,11,102,4.298465934,"2"
2036,4,12,103,3.590447406,"2"
2036,4,13,104,3.947508474,"2"
2036,4,14,105,5.311664862,"2"
2036,4,15,106,6.318760182,"2"
2036,4,16,107,5.772487266,"2"
2036,4,17,108,6.483557598,"2"
2036,4,18,109,7.066452162,"2"
2036,4,19,110,6.044097822,"2"
2036,4,20,111,6.47745399,"2"
2036,4,21,112,6.926069178,"2"
2036,4,22,113,7.862973006,"2"
2036,4,23,114,7.310596482,"2"
2036,4,24,115,6.90470655,"2"
2036,4,25,116,7.844662182,"2"
2036,4,26,117,9.266802846,"2"
2036,4,27,118,10.676736294,"2"
2036,4,28,119,10.759135002,"2"
2036,4,29,120,10.472265426,"2"
2036,4,30,121,11.26878627,"2"
2037,4,1,91,-0.010681314,"2"
2037,4,2,92,0.08392461,"2"
2037,4,3,93,0.70954443,"2"
2037,4,4,94,0.657663762,"2"
2037,4,5,95,1.560997746,"2"
2037,4,6,96,1.280231778,"2"
2037,4,7,97,1.322957034,"2"
2037,4,8,98,1.509117078,"2"
2037,4,9,99,1.39620033,"2"
2037,4,10,100,3.382924734,"2"
2037,4,11,101,4.23437805,"2"
2037,4,12,102,5.049209718,"2"
2037,4,13,103,5.14991925,"2"
2037,4,14,104,4.649423394,"2"
2037,4,15,105,4.435797114,"2"
2037,4,16,106,4.664682414,"2"
2037,4,17,107,5.842678758,"2"
2037,4,18,108,6.300449358,"2"
2037,4,19,109,6.163118178,"2"
2037,4,20,110,6.50797203,"2"
2037,4,21,111,7.548637194,"2"
2037,4,22,112,7.405202406,"2"
2037,4,23,113,7.661553942,"2"
2037,4,24,114,8.711374518,"2"
2037,4,25,115,9.565879638,"2"
2037,4,26,116,10.084686318,"2"
2037,4,27,117,9.111160842,"2"
2037,4,28,118,10.09384173,"2"
2037,4,29,119,11.05515999,"2"
2037,4,30,120,12.217897314,"2"
2038,4,1,91,0.407415834,"2"
2038,4,2,92,1.19783307,"2"
2038,4,3,93,2.278171686,"2"
2038,4,4,94,3.511100502,"2"
2038,4,5,95,3.590447406,"2"
2038,4,6,96,3.21202371,"2"
2038,4,7,97,3.230334534,"2"
2038,4,8,98,3.89867961,"2"
2038,4,9,99,4.72266669,"2"
2038,4,10,100,4.835583438,"2"
2038,4,11,101,5.983061742,"2"
2038,4,12,102,5.696192166,"2"
2038,4,13,103,5.946440094,"2"
2038,4,14,104,5.397115374,"2"
2038,4,15,105,4.963759206,"2"
2038,4,16,106,5.629052478,"2"
2038,4,17,107,6.608681562,"2"
2038,4,18,108,6.245516886,"2"
2038,4,19,109,7.43877225,"2"
2038,4,20,110,7.307544678,"2"
2038,4,21,111,7.33195911,"2"
2038,4,22,112,7.627984098,"2"
2038,4,23,113,8.01861501,"2"
2038,4,24,114,8.88837915,"2"
2038,4,25,115,11.357288586,"2"
2038,4,26,116,10.966657674,"2"
2038,4,27,117,10.572974958,"2"
2038,4,28,118,9.69710721,"2"
2038,4,29,119,10.97886489,"2"
2038,4,30,120,11.738764086,"2"
2039,4,1,91,0.364690578,"2"
2039,4,2,92,1.573204962,"2"
2039,4,3,93,1.756313202,"2"
2039,4,4,94,2.400243846,"2"
2039,4,5,95,3.13572861,"2"
2039,4,6,96,3.44090901,"2"
2039,4,7,97,3.590447406,"2"
2039,4,8,98,3.962767494,"2"
2039,4,9,99,4.664682414,"2"
2039,4,10,100,4.621957158,"2"
2039,4,11,101,3.694208742,"2"
2039,4,12,102,5.223162546,"2"
2039,4,13,103,5.107193994,"2"
2039,4,14,104,5.281146822,"2"
2039,4,15,105,5.537498358,"2"
2039,4,16,106,6.178377198,"2"
2039,4,17,107,5.13466023,"2"
2039,4,18,108,5.14991925,"2"
2039,4,19,109,5.39406357,"2"
2039,4,20,110,6.95048361,"2"
2039,4,21,111,7.466238486,"2"
2039,4,22,112,8.183412426,"2"
2039,4,23,113,8.989088682,"2"
2039,4,24,114,9.20881857,"2"
2039,4,25,115,10.136566986,"2"
2039,4,26,116,9.639122934,"2"
2039,4,27,117,10.020598434,"2"
2039,4,28,118,9.904629882,"2"
2039,4,29,119,10.362400482,"2"
2039,4,30,120,11.531241414,"2"
2040,4,1,92,-0.29755089,"2"
2040,4,2,93,0.132753474,"2"
2040,4,3,94,0.593575878,"2"
2040,4,4,95,1.539635118,"2"
2040,4,5,96,2.781719346,"2"
2040,4,6,97,3.529411326,"2"
2040,4,7,98,4.054321614,"2"
2040,4,8,99,3.923094042,"2"
2040,4,9,100,3.981078318,"2"
2040,4,10,101,3.385976538,"2"
2040,4,11,102,3.617913642,"2"
2040,4,12,103,3.785762862,"2"
2040,4,13,104,4.908826734,"2"
2040,4,14,105,5.769435462,"2"
2040,4,15,106,6.120392922,"2"
2040,4,16,107,5.543601966,"2"
2040,4,17,108,6.511023834,"2"
2040,4,18,109,7.084762986,"2"
2040,4,19,110,7.475393898,"2"
2040,4,20,111,8.342106234,"2"
2040,4,21,112,9.23933661,"2"
2040,4,22,113,9.59029407,"2"
2040,4,23,114,10.41428115,"2"
2040,4,24,115,9.80392035,"2"
2040,4,25,116,9.153886098,"2"
2040,4,26,117,9.413289438,"2"
2040,4,27,118,10.087738122,"2"
2040,4,28,119,11.332874154,"2"
2040,4,29,120,11.473257138,"2"
2040,4,30,121,11.454946314,"2"
2041,4,1,91,0.102235434,"2"
2041,4,2,92,0.932326122,"2"
2041,4,3,93,1.478599038,"2"
2041,4,4,94,2.574196674,"2"
2041,4,5,95,3.08995155,"2"
2041,4,6,96,3.923094042,"2"
2041,4,7,97,3.703364154,"2"
2041,4,8,98,4.640267982,"2"
2041,4,9,99,4.896619518,"2"
2041,4,10,100,5.11940121,"2"
2041,4,11,101,3.74608941,"2"
2041,4,12,102,3.13572861,"2"
2041,4,13,103,4.444952526,"2"
2041,4,14,104,4.719614886,"2"
2041,4,15,105,5.711451186,"2"
2041,4,16,106,6.01968339,"2"
2041,4,17,107,6.077667666,"2"
2041,4,18,108,6.211947042,"2"
2041,4,19,109,6.06546045,"2"
2041,4,20,110,6.590370738,"2"
2041,4,21,111,7.83550677,"2"
2041,4,22,112,7.151902674,"2"
2041,4,23,113,7.029830514,"2"
2041,4,24,114,7.734797238,"2"
2041,4,25,115,9.07148739,"2"
2041,4,26,116,9.501791754,"2"
2041,4,27,117,9.33089073,"2"
2041,4,28,118,10.316623422,"2"
2041,4,29,119,10.652321862,"2"
2041,4,30,120,10.533301506,"2"
2042,4,1,91,0.553902426,"2"
2042,4,2,92,0.904859886,"2"
2042,4,3,93,1.512168882,"2"
2042,4,4,94,2.354466786,"2"
2042,4,5,95,3.263904378,"2"
2042,4,6,96,3.340199478,"2"
2042,4,7,97,3.953612082,"2"
2042,4,8,98,4.072632438,"2"
2042,4,9,99,3.642328074,"2"
2042,4,10,100,3.15098763,"2"
2042,4,11,101,3.706415958,"2"
2042,4,12,102,3.627069054,"2"
2042,4,13,103,4.084839654,"2"
2042,4,14,104,3.282215202,"2"
2042,4,15,105,3.82238451,"2"
2042,4,16,106,4.182497382,"2"
2042,4,17,107,3.965819298,"2"
2042,4,18,108,4.658578806,"2"
2042,4,19,109,4.560921078,"2"
2042,4,20,110,5.42458161,"2"
2042,4,21,111,7.173265302,"2"
2042,4,22,112,8.81208405,"2"
2042,4,23,113,8.284121958,"2"
2042,4,24,114,7.753108062,"2"
2042,4,25,115,8.012511402,"2"
2042,4,26,116,9.535361598,"2"
2042,4,27,117,10.402073934,"2"
2042,4,28,118,11.05515999,"2"
2042,4,29,119,11.210801994,"2"
2042,4,30,120,11.824214598,"2"
2043,4,1,91,0.379949598,"2"
2043,4,2,92,1.127641578,"2"
2043,4,3,93,1.033035654,"2"
2043,4,4,94,1.905851598,"2"
2043,4,5,95,2.839703622,"2"
2043,4,6,96,2.827496406,"2"
2043,4,7,97,3.144884022,"2"
2043,4,8,98,2.44907271,"2"
2043,4,9,99,2.565041262,"2"
2043,4,10,100,4.139772126,"2"
2043,4,11,101,3.739985802,"2"
2043,4,12,102,5.098038582,"2"
2043,4,13,103,4.725718494,"2"
2043,4,14,104,4.95155199,"2"
2043,4,15,105,5.11940121,"2"
2043,4,16,106,6.434728734,"2"
2043,4,17,107,6.990157062,"2"
2043,4,18,108,7.191576126,"2"
2043,4,19,109,7.978941558,"2"
2043,4,20,110,9.37666779,"2"
2043,4,21,111,9.077590998,"2"
2043,4,22,112,8.119324542,"2"
2043,4,23,113,8.604561378,"2"
2043,4,24,114,8.592354162,"2"
2043,4,25,115,9.196611354,"2"
2043,4,26,116,10.194551262,"2"
2043,4,27,117,11.064315402,"2"
2043,4,28,118,10.804912062,"2"
2043,4,29,119,9.26985465,"2"
2043,4,30,120,9.20881857,"2"
2044,4,1,92,0.483710934,"2"
2044,4,2,93,0.962844162,"2"
2044,4,3,94,1.094071734,"2"
2044,4,4,95,1.799038458,"2"
2044,4,5,96,1.588463982,"2"
2044,4,6,97,2.668802598,"2"
2044,4,7,98,2.885480682,"2"
2044,4,8,99,2.345311374,"2"
2044,4,9,100,2.87632527,"2"
2044,4,10,101,3.965819298,"2"
2044,4,11,102,4.621957158,"2"
2044,4,12,103,5.412374394,"2"
2044,4,13,104,5.018691678,"2"
2044,4,14,105,5.33302749,"2"
2044,4,15,106,5.812160718,"2"
2044,4,16,107,5.589379026,"2"
2044,4,17,108,5.528342946,"2"
2044,4,18,109,6.367589046,"2"
2044,4,19,110,7.112229222,"2"
2044,4,20,111,6.620888778,"2"
2044,4,21,112,5.735865618,"2"
2044,4,22,113,5.793849894,"2"
2044,4,23,114,7.023726906,"2"
2044,4,24,115,7.115281026,"2"
2044,4,25,116,7.670709354,"2"
2044,4,26,117,8.973829662,"2"
2044,4,27,118,8.81208405,"2"
2044,4,28,119,9.23933661,"2"
2044,4,29,120,10.212862086,"2"
2044,4,30,121,10.771342218,"2"
2045,4,1,91,0.303654498,"2"
2045,4,2,92,0.96894777,"2"
2045,4,3,93,1.423666566,"2"
2045,4,4,94,1.606774806,"2"
2045,4,5,95,1.438925586,"2"
2045,4,6,96,1.860074538,"2"
2045,4,7,97,2.354466786,"2"
2045,4,8,98,2.745097698,"2"
2045,4,9,99,3.712519566,"2"
2045,4,10,100,5.192644506,"2"
2045,4,11,101,5.430685218,"2"
2045,4,12,102,4.673837826,"2"
2045,4,13,103,4.689096846,"2"
2045,4,14,104,5.51613573,"2"
2045,4,15,105,5.479514082,"2"
2045,4,16,106,5.726710206,"2"
2045,4,17,107,7.414357818,"2"
2045,4,18,108,8.189516034,"2"
2045,4,19,109,7.335010914,"2"
2045,4,20,110,8.000304186,"2"
2045,4,21,111,9.367512378,"2"
2045,4,22,112,10.12435977,"2"
2045,4,23,113,10.386814914,"2"
2045,4,24,114,9.75814329,"2"
2045,4,25,115,10.420384758,"2"
2045,4,26,116,10.975813086,"2"
2045,4,27,117,10.472265426,"2"
2045,4,28,118,9.571983246,"2"
2045,4,29,119,9.782557722,"2"
2045,4,30,120,10.728616962,"2"
2046,4,1,91,0.788891334,"2"
2046,4,2,92,2.180513958,"2"
2046,4,3,93,2.928205938,"2"
2046,4,4,94,2.51010879,"2"
2046,4,5,95,2.29648251,"2"
2046,4,6,96,2.348363178,"2"
2046,4,7,97,2.598611106,"2"
2046,4,8,98,3.419546382,"2"
2046,4,9,99,3.71557137,"2"
2046,4,10,100,3.651483486,"2"
2046,4,11,101,3.849850746,"2"
2046,4,12,102,3.956663886,"2"
2046,4,13,103,5.006484462,"2"
2046,4,14,104,6.178377198,"2"
2046,4,15,105,6.245516886,"2"
2046,4,16,106,6.511023834,"2"
2046,4,17,107,7.341114522,"2"
2046,4,18,108,7.762263474,"2"
2046,4,19,109,7.460134878,"2"
2046,4,20,110,7.524222762,"2"
2046,4,21,111,6.56900811,"2"
2046,4,22,112,6.941328198,"2"
2046,4,23,113,9.141678882,"2"
2046,4,24,114,10.79575665,"2"
2046,4,25,115,10.50583527,"2"
2046,4,26,116,10.228121106,"2"
2046,4,27,117,10.62790743,"2"
2046,4,28,118,10.710306138,"2"
2046,4,29,119,10.893414378,"2"
2046,4,30,120,11.89440609,"2"
2047,4,1,91,0.63324933,"2"
2047,4,2,92,1.60982661,"2"
2047,4,3,93,2.156099526,"2"
2047,4,4,94,1.301594406,"2"
2047,4,5,95,2.360570394,"2"
2047,4,6,96,2.436865494,"2"
2047,4,7,97,3.169298454,"2"
2047,4,8,98,3.016708254,"2"
2047,4,9,99,3.508048698,"2"
2047,4,10,100,3.965819298,"2"
2047,4,11,101,3.938353062,"2"
2047,4,12,102,3.254748966,"2"
2047,4,13,103,4.075684242,"2"
2047,4,14,104,4.603646334,"2"
2047,4,15,105,5.476462278,"2"
2047,4,16,106,5.574120006,"2"
2047,4,17,107,6.144807354,"2"
2047,4,18,108,6.449987754,"2"
2047,4,19,109,6.709391094,"2"
2047,4,20,110,6.73685733,"2"
2047,4,21,111,7.56084441,"2"
2047,4,22,112,8.271914742,"2"
2047,4,23,113,8.84260209,"2"
2047,4,24,114,8.561836122,"2"
2047,4,25,115,9.242388414,"2"
2047,4,26,116,10.035857454,"2"
2047,4,27,117,10.24643193,"2"
2047,4,28,118,10.18539585,"2"
2047,4,29,119,10.164033222,"2"
2047,4,30,120,11.415272862,"2"
2048,4,1,92,0.605783094,"2"
2048,4,2,93,1.359578682,"2"
2048,4,3,94,0.428778462,"2"
2048,4,4,95,-0.523384386,"2"
2048,4,5,96,-0.224307594,"2"
2048,4,6,97,1.50301347,"2"
2048,4,7,98,1.435873782,"2"
2048,4,8,99,2.278171686,"2"
2048,4,9,100,3.367665714,"2"
2048,4,10,101,4.00549275,"2"
2048,4,11,102,4.505988606,"2"
2048,4,12,103,4.945448382,"2"
2048,4,13,104,5.827419738,"2"
2048,4,14,105,5.406270786,"2"
2048,4,15,106,5.232317958,"2"
2048,4,16,107,5.433737022,"2"
2048,4,17,108,5.659570518,"2"
2048,4,18,109,6.456091362,"2"
2048,4,19,110,7.551688998,"2"
2048,4,20,111,8.119324542,"2"
2048,4,21,112,7.960630734,"2"
2048,4,22,113,8.284121958,"2"
2048,4,23,114,8.433660354,"2"
2048,4,24,115,8.937208014,"2"
2048,4,25,116,10.359348678,"2"
2048,4,26,117,10.402073934,"2"
2048,4,27,118,10.64316645,"2"
2048,4,28,119,11.26878627,"2"
2048,4,29,120,11.616691926,"2"
2048,4,30,121,12.224000922,"2"
2049,4,1,91,0.752269686,"2"
2049,4,2,92,0.64850835,"2"
2049,4,3,93,1.38094131,"2"
2049,4,4,94,1.676966298,"2"
2049,4,5,95,1.469443626,"2"
2049,4,6,96,3.001449234,"2"
2049,4,7,97,4.185549186,"2"
2049,4,8,98,4.808117202,"2"
2049,4,9,99,5.30250945,"2"
2049,4,10,100,5.647363302,"2"
2049,4,11,101,6.358433634,"2"
2049,4,12,102,6.93522459,"2"
2049,4,13,103,7.07255577,"2"
2049,4,14,104,6.724650114,"2"
2049,4,15,105,6.770427174,"2"
2049,4,16,106,7.264819422,"2"
2049,4,17,107,7.069503966,"2"
2049,4,18,108,6.764323566,"2"
2049,4,19,109,7.63713951,"2"
2049,4,20,110,8.577095142,"2"
2049,4,21,111,8.900586366,"2"
2049,4,22,112,8.36957247,"2"
2049,4,23,113,7.765315278,"2"
2049,4,24,114,8.38483149,"2"
2049,4,25,115,9.883267254,"2"
2049,4,26,116,9.800868546,"2"
2049,4,27,117,9.388875006,"2"
2049,4,28,118,10.530249702,"2"
2049,4,29,119,10.847637318,"2"
2049,4,30,120,11.143662306,"2"
2050,4,1,91,0.819409374,"2"
2050,4,2,92,1.499961666,"2"
2050,4,3,93,1.359578682,"2"
2050,4,4,94,1.738002378,"2"
2050,4,5,95,1.79293485,"2"
2050,4,6,96,2.040130974,"2"
2050,4,7,97,2.854962642,"2"
2050,4,8,98,3.910886826,"2"
2050,4,9,99,5.244525174,"2"
2050,4,10,100,5.461203258,"2"
2050,4,11,101,4.963759206,"2"
2050,4,12,102,6.071564058,"2"
2050,4,13,103,6.572059914,"2"
2050,4,14,104,5.586327222,"2"
2050,4,15,105,5.28725043,"2"
2050,4,16,106,5.781642678,"2"
2050,4,17,107,6.086823078,"2"
2050,4,18,108,5.95864731,"2"
2050,4,19,109,6.077667666,"2"
2050,4,20,110,6.593422542,"2"
2050,4,21,111,7.762263474,"2"
2050,4,22,112,7.444875858,"2"
2050,4,23,113,7.533378174,"2"
2050,4,24,114,7.924009086,"2"
2050,4,25,115,8.891430954,"2"
2050,4,26,116,9.053176566,"2"
2050,4,27,117,9.282061866,"2"
2050,4,28,118,9.49873995,"2"
2050,4,29,119,10.054168278,"2"
2050,4,30,120,10.740824178,"2"
2051,4,1,91,1.112382558,"2"
2051,4,2,92,1.07576091,"2"
2051,4,3,93,0.959792358,"2"
2051,4,4,94,0.621042114,"2"
2051,4,5,95,2.287327098,"2"
2051,4,6,96,3.254748966,"2"
2051,4,7,97,3.245593554,"2"
2051,4,8,98,3.33409587,"2"
2051,4,9,99,2.992293822,"2"
2051,4,10,100,3.434805402,"2"
2051,4,11,101,4.41748629,"2"
2051,4,12,102,5.42458161,"2"
2051,4,13,103,5.247576978,"2"
2051,4,14,104,5.674829538,"2"
2051,4,15,105,5.571068202,"2"
2051,4,16,106,6.196688022,"2"
2051,4,17,107,7.277026638,"2"
2051,4,18,108,7.841610378,"2"
2051,4,19,109,7.457083074,"2"
2051,4,20,110,7.246508598,"2"
2051,4,21,111,8.073547482,"2"
2051,4,22,112,7.600517862,"2"
2051,4,23,113,7.664605746,"2"
2051,4,24,114,8.43060855,"2"
2051,4,25,115,9.617760306,"2"
2051,4,26,116,9.825282978,"2"
2051,4,27,117,10.676736294,"2"
2051,4,28,118,10.88731077,"2"
2051,4,29,119,10.728616962,"2"
2051,4,30,120,11.943234954,"2"
2052,4,1,92,-0.242618418,"2"
2052,4,2,93,0.337224342,"2"
2052,4,3,94,0.804150354,"2"
2052,4,4,95,1.30464621,"2"
2052,4,5,96,1.112382558,"2"
2052,4,6,97,1.734950574,"2"
2052,4,7,98,3.27305979,"2"
2052,4,8,99,3.758296626,"2"
2052,4,9,100,3.99023373,"2"
2052,4,10,101,3.877316982,"2"
2052,4,11,102,3.66979431,"2"
2052,4,12,103,3.916990434,"2"
2052,4,13,104,5.08888317,"2"
2052,4,14,105,5.772487266,"2"
2052,4,15,106,6.956587218,"2"
2052,4,16,107,8.235293094,"2"
2052,4,17,108,7.158006282,"2"
2052,4,18,109,6.465246774,"2"
2052,4,19,110,6.971846238,"2"
2052,4,20,111,7.569999822,"2"
2052,4,21,112,7.725641826,"2"
2052,4,22,113,7.417409622,"2"
2052,4,23,114,7.85076579,"2"
2052,4,24,115,7.63713951,"2"
2052,4,25,116,8.284121958,"2"
2052,4,26,117,9.489584538,"2"
2052,4,27,118,8.836498482,"2"
2052,4,28,119,8.348209842,"2"
2052,4,29,120,9.526206186,"2"
2052,4,30,121,11.494619766,"2"
2053,4,1,91,2.024871954,"2"
2053,4,2,92,2.580300282,"2"
2053,4,3,93,2.366674002,"2"
2053,4,4,94,1.722743358,"2"
2053,4,5,95,1.713587946,"2"
2053,4,6,96,2.375829414,"2"
2053,4,7,97,2.934309546,"2"
2053,4,8,98,4.115357694,"2"
2053,4,9,99,3.816280902,"2"
2053,4,10,100,3.797970078,"2"
2053,4,11,101,4.548713862,"2"
2053,4,12,102,5.152971054,"2"
2053,4,13,103,5.723658402,"2"
2053,4,14,104,5.644311498,"2"
2053,4,15,105,5.876248602,"2"
2053,4,16,106,5.931181074,"2"
2053,4,17,107,6.58426713,"2"
2053,4,18,108,7.313648286,"2"
2053,4,19,109,8.345158038,"2"
2053,4,20,110,7.783626102,"2"
2053,4,21,111,7.869076614,"2"
2053,4,22,112,8.41534953,"2"
2053,4,23,113,9.187455942,"2"
2053,4,24,114,10.55161233,"2"
2053,4,25,115,10.594337586,"2"
2053,4,26,116,10.15487781,"2"
2053,4,27,117,10.984968498,"2"
2053,4,28,118,11.921872326,"2"
2053,4,29,119,12.101928762,"2"
2053,4,30,120,12.373539318,"2"
2054,4,1,91,0.880445454,"2"
2054,4,2,92,1.615930218,"2"
2054,4,3,93,1.994353914,"2"
2054,4,4,94,3.193712886,"2"
2054,4,5,95,4.274051502,"2"
2054,4,6,96,4.89051591,"2"
2054,4,7,97,5.131608426,"2"
2054,4,8,98,4.95155199,"2"
2054,4,9,99,5.369649138,"2"
2054,4,10,100,5.02784709,"2"
2054,4,11,101,5.171281878,"2"
2054,4,12,102,5.052261522,"2"
2054,4,13,103,5.146867446,"2"
2054,4,14,104,6.001372566,"2"
2054,4,15,105,6.434728734,"2"
2054,4,16,106,6.703287486,"2"
2054,4,17,107,7.045089534,"2"
2054,4,18,108,7.936216302,"2"
2054,4,19,109,6.88944753,"2"
2054,4,20,110,6.266879514,"2"
2054,4,21,111,7.875180222,"2"
2054,4,22,112,8.73578895,"2"
2054,4,23,113,8.055236658,"2"
2054,4,24,114,8.43060855,"2"
2054,4,25,115,8.59845777,"2"
2054,4,26,116,8.299380978,"2"
2054,4,27,117,9.05622837,"2"
2054,4,28,118,9.962614158,"2"
2054,4,29,119,10.374607698,"2"
2054,4,30,120,10.710306138,"2"
2055,4,1,91,1.957732266,"2"
2055,4,2,92,2.507056986,"2"
2055,4,3,93,2.76951213,"2"
2055,4,4,94,2.574196674,"2"
2055,4,5,95,2.354466786,"2"
2055,4,6,96,2.134736898,"2"
2055,4,7,97,2.629129146,"2"
2055,4,8,98,3.270007986,"2"
2055,4,9,99,2.705424246,"2"
2055,4,10,100,3.376821126,"2"
2055,4,11,101,5.113297602,"2"
2055,4,12,102,4.79896179,"2"
2055,4,13,103,4.377812838,"2"
2055,4,14,104,5.091934974,"2"
2055,4,15,105,5.909818446,"2"
2055,4,16,106,7.130540046,"2"
2055,4,17,107,7.05729675,"2"
2055,4,18,108,6.498816618,"2"
2055,4,19,109,6.343174614,"2"
2055,4,20,110,7.475393898,"2"
2055,4,21,111,7.689020178,"2"
2055,4,22,112,7.981993362,"2"
2055,4,23,113,7.734797238,"2"
2055,4,24,114,8.006407794,"2"
2055,4,25,115,9.562827834,"2"
2055,4,26,116,9.990080394,"2"
2055,4,27,117,10.499731662,"2"
2055,4,28,118,11.60448471,"2"
2055,4,29,119,11.888302482,"2"
2055,4,30,120,11.320666938,"2"
2056,4,1,92,0.544747014,"2"
2056,4,2,93,0.578316858,"2"
2056,4,3,94,1.179522246,"2"
2056,4,4,95,1.817349282,"2"
2056,4,5,96,2.598611106,"2"
2056,4,6,97,3.376821126,"2"
2056,4,7,98,3.788814666,"2"
2056,4,8,99,3.358510302,"2"
2056,4,9,100,4.38696825,"2"
2056,4,10,101,5.842678758,"2"
2056,4,11,102,6.214998846,"2"
2056,4,12,103,5.71450299,"2"
2056,4,13,104,5.357441922,"2"
2056,4,14,105,4.50904041,"2"
2056,4,15,106,4.609749942,"2"
2056,4,16,107,5.799953502,"2"
2056,4,17,108,6.907758354,"2"
2056,4,18,109,6.651406818,"2"
2056,4,19,110,7.029830514,"2"
2056,4,20,111,7.88128383,"2"
2056,4,21,112,7.634087706,"2"
2056,4,22,113,7.557792606,"2"
2056,4,23,114,8.442815766,"2"
2056,4,24,115,9.584190462,"2"
2056,4,25,116,9.297320886,"2"
2056,4,26,117,9.37666779,"2"
2056,4,27,118,10.542456918,"2"
2056,4,28,119,12.095825154,"2"
2056,4,29,120,12.248415354,"2"
2056,4,30,121,12.263674374,"2"
2057,4,1,91,0.401312226,"2"
2057,4,2,92,-0.697337214,"2"
2057,4,3,93,-0.141908886,"2"
2057,4,4,94,1.158159618,"2"
2057,4,5,95,2.226291018,"2"
2057,4,6,96,2.961775782,"2"
2057,4,7,97,3.346303086,"2"
2057,4,8,98,3.33409587,"2"
2057,4,9,99,2.894636094,"2"
2057,4,10,100,3.819332706,"2"
2057,4,11,101,4.23437805,"2"
2057,4,12,102,3.886472394,"2"
2057,4,13,103,3.968871102,"2"
2057,4,14,104,5.598534438,"2"
2057,4,15,105,5.854885974,"2"
2057,4,16,106,6.349278222,"2"
2057,4,17,107,7.78972971,"2"
2057,4,18,108,7.92706089,"2"
2057,4,19,109,7.237353186,"2"
2057,4,20,110,8.412297726,"2"
2057,4,21,111,9.037917546,"2"
2057,4,22,112,8.836498482,"2"
2057,4,23,113,9.45296289,"2"
2057,4,24,114,9.748987878,"2"
2057,4,25,115,9.340046142,"2"
2057,4,26,116,9.340046142,"2"
2057,4,27,117,10.286105382,"2"
2057,4,28,118,10.609596606,"2"
2057,4,29,119,11.134506894,"2"
2057,4,30,120,11.689935222,"2"
2058,4,1,91,1.963835874,"2"
2058,4,2,92,2.28122349,"2"
2058,4,3,93,2.134736898,"2"
2058,4,4,94,1.371785898,"2"
2058,4,5,95,1.15205601,"2"
2058,4,6,96,2.000457522,"2"
2058,4,7,97,3.038070882,"2"
2058,4,8,98,3.279163398,"2"
2058,4,9,99,3.840695334,"2"
2058,4,10,100,3.935301258,"2"
2058,4,11,101,5.66872593,"2"
2058,4,12,102,5.616845262,"2"
2058,4,13,103,5.198748114,"2"
2058,4,14,104,5.995268958,"2"
2058,4,15,105,6.718546506,"2"
2058,4,16,106,6.742960938,"2"
2058,4,17,107,6.861981294,"2"
2058,4,18,108,8.299380978,"2"
2058,4,19,109,9.547568814,"2"
2058,4,20,110,9.953458746,"2"
2058,4,21,111,10.197603066,"2"
2058,4,22,112,10.435643778,"2"
2058,4,23,113,10.939191438,"2"
2058,4,24,114,10.823222886,"2"
2058,4,25,115,10.438695582,"2"
2058,4,26,116,10.640114646,"2"
2058,4,27,117,11.473257138,"2"
2058,4,28,118,11.75707491,"2"
2058,4,29,119,12.315555042,"2"
2058,4,30,120,12.629890854,"2"
2059,4,1,91,1.417562958,"2"
2059,4,2,92,2.397192042,"2"
2059,4,3,93,2.626077342,"2"
2059,4,4,94,2.116426074,"2"
2059,4,5,95,2.635232754,"2"
2059,4,6,96,3.300526026,"2"
2059,4,7,97,3.337147674,"2"
2059,4,8,98,3.065537118,"2"
2059,4,9,99,2.149995918,"2"
2059,4,10,100,3.901731414,"2"
2059,4,11,101,3.79186647,"2"
2059,4,12,102,4.298465934,"2"
2059,4,13,103,4.811169006,"2"
2059,4,14,104,5.21095533,"2"
2059,4,15,105,4.527351234,"2"
2059,4,16,106,4.853894262,"2"
2059,4,17,107,5.445944238,"2"
2059,4,18,108,6.93522459,"2"
2059,4,19,109,6.941328198,"2"
2059,4,20,110,7.646294922,"2"
2059,4,21,111,8.805980442,"2"
2059,4,22,112,8.970777858,"2"
2059,4,23,113,9.425496654,"2"
2059,4,24,114,8.882275542,"2"
2059,4,25,115,9.706262622,"2"
2059,4,26,116,9.874111842,"2"
2059,4,27,117,10.264742754,"2"
2059,4,28,118,12.111084174,"2"
2059,4,29,119,13.05409161,"2"
2059,4,30,120,13.469136954,"2"
2060,4,1,92,2.009612934,"2"
2060,4,2,93,2.223239214,"2"
2060,4,3,94,2.424658278,"2"
2060,4,4,95,2.534523222,"2"
2060,4,5,96,3.065537118,"2"
2060,4,6,97,3.276111594,"2"
2060,4,7,98,3.86816157,"2"
2060,4,8,99,3.385976538,"2"
2060,4,9,100,3.34935489,"2"
2060,4,10,101,4.200808206,"2"
2060,4,11,102,4.93629297,"2"
2060,4,12,103,5.308613058,"2"
2060,4,13,104,6.120392922,"2"
2060,4,14,105,6.764323566,"2"
2060,4,15,106,6.303501162,"2"
2060,4,16,107,7.508963742,"2"
2060,4,17,108,8.33905443,"2"
2060,4,18,109,7.359425346,"2"
2060,4,19,110,6.303501162,"2"
2060,4,20,111,7.084762986,"2"
2060,4,21,112,7.92706089,"2"
2060,4,22,113,8.516059062,"2"
2060,4,23,114,9.654381954,"2"
2060,4,24,115,9.608604894,"2"
2060,4,25,116,9.629967522,"2"
2060,4,26,117,9.852749214,"2"
2060,4,27,118,10.463110014,"2"
2060,4,28,119,10.234224714,"2"
2060,4,29,120,10.844585514,"2"
2060,4,30,121,12.440679006,"2"
2061,4,1,91,1.649500062,"2"
2061,4,2,92,1.44197739,"2"
2061,4,3,93,1.451132802,"2"
2061,4,4,94,2.256809058,"2"
2061,4,5,95,3.065537118,"2"
2061,4,6,96,2.83054821,"2"
2061,4,7,97,3.08995155,"2"
2061,4,8,98,3.401235558,"2"
2061,4,9,99,4.368657426,"2"
2061,4,10,100,4.914930342,"2"
2061,4,11,101,5.68398495,"2"
2061,4,12,102,5.143815642,"2"
2061,4,13,103,4.545662058,"2"
2061,4,14,104,4.167238362,"2"
2061,4,15,105,5.10414219,"2"
2061,4,16,106,5.247576978,"2"
2061,4,17,107,5.934232878,"2"
2061,4,18,108,7.951475322,"2"
2061,4,19,109,9.138627078,"2"
2061,4,20,110,9.07148739,"2"
2061,4,21,111,8.937208014,"2"
2061,4,22,112,9.425496654,"2"
2061,4,23,113,8.793773226,"2"
2061,4,24,114,8.50690365,"2"
2061,4,25,115,9.733728858,"2"
2061,4,26,116,9.861904626,"2"
2061,4,27,117,10.44479919,"2"
2061,4,28,118,11.030745558,"2"
2061,4,29,119,11.003279322,"2"
2061,4,30,120,11.586173886,"2"
2062,4,1,91,1.841763714,"2"
2062,4,2,92,1.80819387,"2"
2062,4,3,93,2.470435338,"2"
2062,4,4,94,2.778667542,"2"
2062,4,5,95,3.392080146,"2"
2062,4,6,96,3.492789678,"2"
2062,4,7,97,3.575188386,"2"
2062,4,8,98,2.665750794,"2"
2062,4,9,99,3.36461391,"2"
2062,4,10,100,5.22621435,"2"
2062,4,11,101,6.61478517,"2"
2062,4,12,102,5.876248602,"2"
2062,4,13,103,5.140763838,"2"
2062,4,14,104,6.01968339,"2"
2062,4,15,105,6.517127442,"2"
2062,4,16,106,6.175325394,"2"
2062,4,17,107,6.395055282,"2"
2062,4,18,108,7.46929029,"2"
2062,4,19,109,8.250552114,"2"
2062,4,20,110,8.284121958,"2"
2062,4,21,111,8.69001189,"2"
2062,4,22,112,8.56793973,"2"
2062,4,23,113,8.769358794,"2"
2062,4,24,114,9.074539194,"2"
2062,4,25,115,9.97176957,"2"
2062,4,26,116,10.47531723,"2"
2062,4,27,117,10.847637318,"2"
2062,4,28,118,10.884258966,"2"
2062,4,29,119,11.470205334,"2"
2062,4,30,120,11.71129785,"2"
2063,4,1,91,2.214083802,"2"
2063,4,2,92,3.111314178,"2"
2063,4,3,93,3.645379878,"2"
2063,4,4,94,3.633172662,"2"
2063,4,5,95,3.431753598,"2"
2063,4,6,96,3.541618542,"2"
2063,4,7,97,3.498893286,"2"
2063,4,8,98,3.846798942,"2"
2063,4,9,99,5.030898894,"2"
2063,4,10,100,5.25673239,"2"
2063,4,11,101,5.494773102,"2"
2063,4,12,102,6.376744458,"2"
2063,4,13,103,7.20988695,"2"
2063,4,14,104,6.98100165,"2"
2063,4,15,105,7.505911938,"2"
2063,4,16,106,7.243456794,"2"
2063,4,17,107,6.724650114,"2"
2063,4,18,108,7.417409622,"2"
2063,4,19,109,8.528266278,"2"
2063,4,20,110,7.853817594,"2"
2063,4,21,111,7.747004454,"2"
2063,4,22,112,8.381779686,"2"
2063,4,23,113,9.333942534,"2"
2063,4,24,114,10.472265426,"2"
2063,4,25,115,9.718469838,"2"
2063,4,26,116,10.533301506,"2"
2063,4,27,117,11.366443998,"2"
2063,4,28,118,11.54344863,"2"
2063,4,29,119,12.437627202,"2"
2063,4,30,120,13.035780786,"2"
2064,4,1,92,1.341267858,"2"
2064,4,2,93,1.451132802,"2"
2064,4,3,94,2.909895114,"2"
2064,4,4,95,3.935301258,"2"
2064,4,5,96,3.047226294,"2"
2064,4,6,97,3.370717518,"2"
2064,4,7,98,5.125504818,"2"
2064,4,8,99,5.513083926,"2"
2064,4,9,100,6.135651942,"2"
2064,4,10,101,5.833523346,"2"
2064,4,11,102,5.421529806,"2"
2064,4,12,103,6.269931318,"2"
2064,4,13,104,7.383839778,"2"
2064,4,14,105,7.005416082,"2"
2064,4,15,106,6.651406818,"2"
2064,4,16,107,7.17936891,"2"
2064,4,17,108,7.502860134,"2"
2064,4,18,109,7.121384634,"2"
2064,4,19,110,7.432668642,"2"
2064,4,20,111,8.213930466,"2"
2064,4,21,112,8.696115498,"2"
2064,4,22,113,9.013503114,"2"
2064,4,23,114,8.668649262,"2"
2064,4,24,115,9.07148739,"2"
2064,4,25,116,9.617760306,"2"
2064,4,26,117,10.249483734,"2"
2064,4,27,118,10.99412391,"2"
2064,4,28,119,11.265734466,"2"
2064,4,29,120,12.15380943,"2"
2064,4,30,121,12.693978738,"2"
2065,4,1,91,1.67086269,"2"
2065,4,2,92,1.438925586,"2"
2065,4,3,93,0.184634142,"2"
2065,4,4,94,0.321965322,"2"
2065,4,5,95,1.48775445,"2"
2065,4,6,96,2.577248478,"2"
2065,4,7,97,3.550773954,"2"
2065,4,8,98,3.636224466,"2"
2065,4,9,99,3.859006158,"2"
2065,4,10,100,4.18860099,"2"
2065,4,11,101,5.140763838,"2"
2065,4,12,102,4.695200454,"2"
2065,4,13,103,3.572136582,"2"
2065,4,14,104,4.670786022,"2"
2065,4,15,105,5.05836513,"2"
2065,4,16,106,5.064468738,"2"
2065,4,17,107,5.366597334,"2"
2065,4,18,108,5.525291142,"2"
2065,4,19,109,7.08781479,"2"
2065,4,20,110,9.089798214,"2"
2065,4,21,111,9.86495643,"2"
2065,4,22,112,10.145722398,"2"
2065,4,23,113,9.37666779,"2"
2065,4,24,114,9.43770387,"2"
2065,4,25,115,10.725565158,"2"
2065,4,26,116,11.174180346,"2"
2065,4,27,117,11.17723215,"2"
2065,4,28,118,11.201646582,"2"
2065,4,29,119,11.393910234,"2"
2065,4,30,120,11.171128542,"2"
2066,4,1,91,2.02182015,"2"
2066,4,2,92,1.673914494,"2"
2066,4,3,93,2.35751859,"2"
2066,4,4,94,3.59349921,"2"
2066,4,5,95,4.206911814,"2"
2066,4,6,96,4.115357694,"2"
2066,4,7,97,3.63927627,"2"
2066,4,8,98,4.37170923,"2"
2066,4,9,99,5.314716666,"2"
2066,4,10,100,5.91287025,"2"
2066,4,11,101,6.562904502,"2"
2066,4,12,102,6.807048822,"2"
2066,4,13,103,6.803997018,"2"
2066,4,14,104,6.898602942,"2"
2066,4,15,105,6.79789341,"2"
2066,4,16,106,7.985045166,"2"
2066,4,17,107,7.963682538,"2"
2066,4,18,108,7.493704722,"2"
2066,4,19,109,7.853817594,"2"
2066,4,20,110,7.457083074,"2"
2066,4,21,111,8.07965109,"2"
2066,4,22,112,8.458074786,"2"
2066,4,23,113,7.725641826,"2"
2066,4,24,114,8.290225566,"2"
2066,4,25,115,9.144730686,"2"
2066,4,26,116,10.569923154,"2"
2066,4,27,117,11.912716914,"2"
2066,4,28,118,11.357288586,"2"
2066,4,29,119,11.033797362,"2"
2066,4,30,120,12.45898983,"2"
2067,4,1,91,1.185625854,"2"
2067,4,2,92,2.73899409,"2"
2067,4,3,93,2.854962642,"2"
2067,4,4,94,2.674906206,"2"
2067,4,5,95,2.659647186,"2"
2067,4,6,96,3.697260546,"2"
2067,4,7,97,3.871213374,"2"
2067,4,8,98,4.643319786,"2"
2067,4,9,99,5.217058938,"2"
2067,4,10,100,5.763331854,"2"
2067,4,11,101,5.894559426,"2"
2067,4,12,102,5.934232878,"2"
2067,4,13,103,5.818264326,"2"
2067,4,14,104,5.033950698,"2"
2067,4,15,105,6.09597849,"2"
2067,4,16,106,7.008467886,"2"
2067,4,17,107,7.768367082,"2"
2067,4,18,108,7.539481782,"2"
2067,4,19,109,7.22514597,"2"
2067,4,20,110,7.450979466,"2"
2067,4,21,111,8.699167302,"2"
2067,4,22,112,8.78156601,"2"
2067,4,23,113,8.976881466,"2"
2067,4,24,114,9.019606722,"2"
2067,4,25,115,8.976881466,"2"
2067,4,26,116,10.005339414,"2"
2067,4,27,117,10.646218254,"2"
2067,4,28,118,10.853740926,"2"
2067,4,29,119,10.740824178,"2"
2067,4,30,120,11.692987026,"2"
2068,4,1,92,2.964827586,"2"
2068,4,2,93,3.617913642,"2"
2068,4,3,94,4.76844375,"2"
2068,4,4,95,3.648431682,"2"
2068,4,5,96,3.010604646,"2"
2068,4,6,97,3.553825758,"2"
2068,4,7,98,4.817272614,"2"
2068,4,8,99,4.530403038,"2"
2068,4,9,100,4.191652794,"2"
2068,4,10,101,4.573128294,"2"
2068,4,11,102,4.322880366,"2"
2068,4,12,103,5.232317958,"2"
2068,4,13,104,6.739909134,"2"
2068,4,14,105,6.251620494,"2"
2068,4,15,106,7.142747262,"2"
2068,4,16,107,7.158006282,"2"
2068,4,17,108,7.872128418,"2"
2068,4,18,109,8.543525298,"2"
2068,4,19,110,7.328907306,"2"
2068,4,20,111,8.174257014,"2"
2068,4,21,112,9.169145118,"2"
2068,4,22,113,9.28511367,"2"
2068,4,23,114,9.474325518,"2"
2068,4,24,115,10.011443022,"2"
2068,4,25,116,10.167085026,"2"
2068,4,26,117,10.344089658,"2"
2068,4,27,118,10.61264841,"2"
2068,4,28,119,10.954450458,"2"
2068,4,29,120,12.156861234,"2"
2068,4,30,121,13.31349495,"2"
2069,4,1,91,2.369725806,"2"
2069,4,2,92,1.811245674,"2"
2069,4,3,93,2.131685094,"2"
2069,4,4,94,2.543678634,"2"
2069,4,5,95,3.193712886,"2"
2069,4,6,96,3.260852574,"2"
2069,4,7,97,4.289310522,"2"
2069,4,8,98,5.137712034,"2"
2069,4,9,99,5.809108914,"2"
2069,4,10,100,5.63820789,"2"
2069,4,11,101,7.14885087,"2"
2069,4,12,102,8.250552114,"2"
2069,4,13,103,7.978941558,"2"
2069,4,14,104,7.945371714,"2"
2069,4,15,105,8.27801835,"2"
2069,4,16,106,8.342106234,"2"
2069,4,17,107,8.473333806,"2"
2069,4,18,108,8.860912914,"2"
2069,4,19,109,8.497748238,"2"
2069,4,20,110,9.382771398,"2"
2069,4,21,111,10.347141462,"2"
2069,4,22,112,9.401082222,"2"
2069,4,23,113,9.324787122,"2"
2069,4,24,114,10.112152554,"2"
2069,4,25,115,11.366443998,"2"
2069,4,26,116,11.473257138,"2"
2069,4,27,117,11.775385734,"2"
2069,4,28,118,12.224000922,"2"
2069,4,29,119,13.716333078,"2"
2069,4,30,120,13.270769694,"2"
2070,4,1,91,0.80109855,"2"
2070,4,2,92,0.538643406,"2"
2070,4,3,93,1.42671837,"2"
2070,4,4,94,0.910963494,"2"
2070,4,5,95,1.191729462,"2"
2070,4,6,96,1.933317834,"2"
2070,4,7,97,1.942473246,"2"
2070,4,8,98,2.400243846,"2"
2070,4,9,99,2.763408522,"2"
2070,4,10,100,3.541618542,"2"
2070,4,11,101,4.029907182,"2"
2070,4,12,102,4.518195822,"2"
2070,4,13,103,5.71450299,"2"
2070,4,14,104,5.86709319,"2"
2070,4,15,105,6.709391094,"2"
2070,4,16,106,6.709391094,"2"
2070,4,17,107,5.830471542,"2"
2070,4,18,108,6.010527978,"2"
2070,4,19,109,6.334019202,"2"
2070,4,20,110,6.321811986,"2"
2070,4,21,111,7.405202406,"2"
2070,4,22,112,7.59136245,"2"
2070,4,23,113,7.844662182,"2"
2070,4,24,114,8.357365254,"2"
2070,4,25,115,9.401082222,"2"
2070,4,26,116,10.68894351,"2"
2070,4,27,117,11.232164622,"2"
2070,4,28,118,12.44373081,"2"
2070,4,29,119,12.721444974,"2"
2070,4,30,120,12.24536355,"2"
2071,4,1,91,2.467383534,"2"
2071,4,2,92,2.684061618,"2"
2071,4,3,93,2.894636094,"2"
2071,4,4,94,3.083847942,"2"
2071,4,5,95,3.718623174,"2"
2071,4,6,96,3.712519566,"2"
2071,4,7,97,4.31067315,"2"
2071,4,8,98,4.087891458,"2"
2071,4,9,99,4.917982146,"2"
2071,4,10,100,5.091934974,"2"
2071,4,11,101,5.818264326,"2"
2071,4,12,102,5.110245798,"2"
2071,4,13,103,5.107193994,"2"
2071,4,14,104,5.369649138,"2"
2071,4,15,105,6.413366106,"2"
2071,4,16,106,7.203783342,"2"
2071,4,17,107,8.107117326,"2"
2071,4,18,108,7.029830514,"2"
2071,4,19,109,8.345158038,"2"
2071,4,20,110,9.340046142,"2"
2071,4,21,111,10.258639146,"2"
2071,4,22,112,10.728616962,"2"
2071,4,23,113,10.072479102,"2"
2071,4,24,114,10.402073934,"2"
2071,4,25,115,10.881207162,"2"
2071,4,26,116,10.33798605,"2"
2071,4,27,117,9.779505918,"2"
2071,4,28,118,10.432591974,"2"
2071,4,29,119,10.664529078,"2"
2071,4,30,120,11.63500275,"2"
2072,4,1,92,1.371785898,"2"
2072,4,2,93,2.766460326,"2"
2072,4,3,94,2.851910838,"2"
2072,4,4,95,1.985198502,"2"
2072,4,5,96,1.982146698,"2"
2072,4,6,97,1.698328926,"2"
2072,4,7,98,2.61692193,"2"
2072,4,8,99,3.355458498,"2"
2072,4,9,100,3.572136582,"2"
2072,4,10,101,4.73792571,"2"
2072,4,11,102,5.159074662,"2"
2072,4,12,103,5.574120006,"2"
2072,4,13,104,5.598534438,"2"
2072,4,14,105,6.083771274,"2"
2072,4,15,106,6.852825882,"2"
2072,4,16,107,6.388951674,"2"
2072,4,17,108,5.769435462,"2"
2072,4,18,109,5.799953502,"2"
2072,4,19,110,6.343174614,"2"
2072,4,20,111,7.65239853,"2"
2072,4,21,112,8.317691802,"2"
2072,4,22,113,9.11726445,"2"
2072,4,23,114,9.550620618,"2"
2072,4,24,115,9.657433758,"2"
2072,4,25,116,10.121307966,"2"
2072,4,26,117,9.776454114,"2"
2072,4,27,118,10.283053578,"2"
2072,4,28,119,9.97176957,"2"
2072,4,29,120,9.60555309,"2"
2072,4,30,121,9.883267254,"2"
2073,4,1,91,1.268024562,"2"
2073,4,2,92,1.683069906,"2"
2073,4,3,93,1.948576854,"2"
2073,4,4,94,3.062485314,"2"
2073,4,5,95,4.789806378,"2"
2073,4,6,96,5.281146822,"2"
2073,4,7,97,5.436788826,"2"
2073,4,8,98,5.980009938,"2"
2073,4,9,99,5.934232878,"2"
2073,4,10,100,5.778590874,"2"
2073,4,11,101,6.419469714,"2"
2073,4,12,102,6.807048822,"2"
2073,4,13,103,5.59243083,"2"
2073,4,14,104,7.344166326,"2"
2073,4,15,105,7.734797238,"2"
2073,4,16,106,7.512015546,"2"
2073,4,17,107,8.177308818,"2"
2073,4,18,108,8.23224129,"2"
2073,4,19,109,7.692071982,"2"
2073,4,20,110,8.332950822,"2"
2073,4,21,111,8.732737146,"2"
2073,4,22,112,9.507895362,"2"
2073,4,23,113,10.365452286,"2"
2073,4,24,114,11.229112818,"2"
2073,4,25,115,11.95544217,"2"
2073,4,26,116,11.857784442,"2"
2073,4,27,117,11.97070119,"2"
2073,4,28,118,12.758066622,"2"
2073,4,29,119,12.50476689,"2"
2073,4,30,120,11.448842706,"2"
2074,4,1,91,1.725795162,"2"
2074,4,2,92,3.483634266,"2"
2074,4,3,93,2.684061618,"2"
2074,4,4,94,1.893644382,"2"
2074,4,5,95,2.781719346,"2"
2074,4,6,96,3.48668607,"2"
2074,4,7,97,3.865109766,"2"
2074,4,8,98,4.521247626,"2"
2074,4,9,99,5.342182902,"2"
2074,4,10,100,5.31776847,"2"
2074,4,11,101,4.817272614,"2"
2074,4,12,102,4.969862814,"2"
2074,4,13,103,5.937284682,"2"
2074,4,14,104,7.075607574,"2"
2074,4,15,105,7.460134878,"2"
2074,4,16,106,6.81315243,"2"
2074,4,17,107,6.95048361,"2"
2074,4,18,108,7.295337462,"2"
2074,4,19,109,7.756159866,"2"
2074,4,20,110,7.402150602,"2"
2074,4,21,111,8.870068326,"2"
2074,4,22,112,10.252535538,"2"
2074,4,23,113,11.030745558,"2"
2074,4,24,114,10.97886489,"2"
2074,4,25,115,11.152817718,"2"
2074,4,26,116,11.26878627,"2"
2074,4,27,117,10.930036026,"2"
2074,4,28,118,11.976804798,"2"
2074,4,29,119,12.968641098,"2"
2074,4,30,120,13.133438514,"2"
2075,4,1,91,1.70138073,"2"
2075,4,2,92,1.692225318,"2"
2075,4,3,93,1.957732266,"2"
2075,4,4,94,2.03707917,"2"
2075,4,5,95,3.407339166,"2"
2075,4,6,96,3.633172662,"2"
2075,4,7,97,4.200808206,"2"
2075,4,8,98,5.214007134,"2"
2075,4,9,99,5.018691678,"2"
2075,4,10,100,4.64637159,"2"
2075,4,11,101,5.125504818,"2"
2075,4,12,102,5.198748114,"2"
2075,4,13,103,5.473410474,"2"
2075,4,14,104,7.405202406,"2"
2075,4,15,105,7.872128418,"2"
2075,4,16,106,8.152894386,"2"
2075,4,17,107,8.555732514,"2"
2075,4,18,108,8.625924006,"2"
2075,4,19,109,8.378727882,"2"
2075,4,20,110,8.223085878,"2"
2075,4,21,111,8.442815766,"2"
2075,4,22,112,8.799876834,"2"
2075,4,23,113,10.569923154,"2"
2075,4,24,114,11.946286758,"2"
2075,4,25,115,12.285037002,"2"
2075,4,26,116,11.998167426,"2"
2075,4,27,117,11.171128542,"2"
2075,4,28,118,10.789653042,"2"
2075,4,29,119,12.080566134,"2"
2075,4,30,120,12.73365219,"2"
2076,4,1,92,1.939421442,"2"
2076,4,2,93,2.394140238,"2"
2076,4,3,94,2.168306742,"2"
2076,4,4,95,3.086899746,"2"
2076,4,5,96,3.50194509,"2"
2076,4,6,97,4.048218006,"2"
2076,4,7,98,4.002440946,"2"
2076,4,8,99,5.311664862,"2"
2076,4,9,100,5.473410474,"2"
2076,4,10,101,5.418478002,"2"
2076,4,11,102,5.860989582,"2"
2076,4,12,103,6.041046018,"2"
2076,4,13,104,6.346226418,"2"
2076,4,14,105,7.167161694,"2"
2076,4,15,106,7.716486414,"2"
2076,4,16,107,7.624932294,"2"
2076,4,17,108,6.910810158,"2"
2076,4,18,109,7.719538218,"2"
2076,4,19,110,8.088806502,"2"
2076,4,20,111,9.245440218,"2"
2076,4,21,112,10.832378298,"2"
2076,4,22,113,11.586173886,"2"
2076,4,23,114,11.25352725,"2"
2076,4,24,115,11.232164622,"2"
2076,4,25,116,11.488516158,"2"
2076,4,26,117,11.256579054,"2"
2076,4,27,118,11.885250678,"2"
2076,4,28,119,12.843517134,"2"
2076,4,29,120,12.437627202,"2"
2076,4,30,121,11.091781638,"2"
2077,4,1,91,2.421606474,"2"
2077,4,2,92,3.02891547,"2"
2077,4,3,93,2.330052354,"2"
2077,4,4,94,3.404287362,"2"
2077,4,5,95,4.078736046,"2"
2077,4,6,96,2.888532486,"2"
2077,4,7,97,2.156099526,"2"
2077,4,8,98,2.29648251,"2"
2077,4,9,99,2.793926562,"2"
2077,4,10,100,3.28831881,"2"
2077,4,11,101,4.664682414,"2"
2077,4,12,102,6.43167693,"2"
2077,4,13,103,6.132600138,"2"
2077,4,14,104,6.022735194,"2"
2077,4,15,105,6.880292118,"2"
2077,4,16,106,6.547645482,"2"
2077,4,17,107,7.035934122,"2"
2077,4,18,108,6.733805526,"2"
2077,4,19,109,7.444875858,"2"
2077,4,20,110,9.364460574,"2"
2077,4,21,111,11.186387562,"2"
2077,4,22,112,10.64316645,"2"
2077,4,23,113,11.323718742,"2"
2077,4,24,114,10.899517986,"2"
2077,4,25,115,10.804912062,"2"
2077,4,26,116,11.570914866,"2"
2077,4,27,117,11.738764086,"2"
2077,4,28,118,12.022581858,"2"
2077,4,29,119,12.468145242,"2"
2077,4,30,120,13.536276642,"2"
2078,4,1,91,3.077744334,"2"
2078,4,2,92,2.507056986,"2"
2078,4,3,93,3.47142705,"2"
2078,4,4,94,3.230334534,"2"
2078,4,5,95,3.108262374,"2"
2078,4,6,96,2.90684331,"2"
2078,4,7,97,3.712519566,"2"
2078,4,8,98,4.191652794,"2"
2078,4,9,99,4.24963707,"2"
2078,4,10,100,4.89051591,"2"
2078,4,11,101,5.345234706,"2"
2078,4,12,102,6.227206062,"2"
2078,4,13,103,7.496756526,"2"
2078,4,14,104,7.16410989,"2"
2078,4,15,105,7.090866594,"2"
2078,4,16,106,6.785686194,"2"
2078,4,17,107,6.175325394,"2"
2078,4,18,108,6.565956306,"2"
2078,4,19,109,7.817195946,"2"
2078,4,20,110,7.924009086,"2"
2078,4,21,111,10.264742754,"2"
2078,4,22,112,10.65842547,"2"
2078,4,23,113,9.904629882,"2"
2078,4,24,114,9.687951798,"2"
2078,4,25,115,9.71236623,"2"
2078,4,26,116,10.102997142,"2"
2078,4,27,117,11.165024934,"2"
2078,4,28,118,12.925915842,"2"
2078,4,29,119,13.090713258,"2"
2078,4,30,120,11.989012014,"2"
2079,4,1,91,2.043182778,"2"
2079,4,2,92,3.038070882,"2"
2079,4,3,93,3.398183754,"2"
2079,4,4,94,3.962767494,"2"
2079,4,5,95,3.88342059,"2"
2079,4,6,96,3.859006158,"2"
2079,4,7,97,4.786754574,"2"
2079,4,8,98,5.290302234,"2"
2079,4,9,99,5.83657515,"2"
2079,4,10,100,5.583275418,"2"
2079,4,11,101,4.948500186,"2"
2079,4,12,102,5.955595506,"2"
2079,4,13,103,7.035934122,"2"
2079,4,14,104,7.356373542,"2"
2079,4,15,105,7.277026638,"2"
2079,4,16,106,7.298389266,"2"
2079,4,17,107,7.17936891,"2"
2079,4,18,108,7.344166326,"2"
2079,4,19,109,8.21698227,"2"
2079,4,20,110,8.473333806,"2"
2079,4,21,111,8.165101602,"2"
2079,4,22,112,8.53742169,"2"
2079,4,23,113,9.526206186,"2"
2079,4,24,114,9.523154382,"2"
2079,4,25,115,9.800868546,"2"
2079,4,26,116,9.54451701,"2"
2079,4,27,117,9.596397678,"2"
2079,4,28,118,9.947355138,"2"
2079,4,29,119,10.38376311,"2"
2079,4,30,120,11.323718742,"2"
2080,4,1,92,1.10627895,"2"
2080,4,2,93,2.336155962,"2"
2080,4,3,94,3.129625002,"2"
2080,4,4,95,3.144884022,"2"
2080,4,5,96,2.34225957,"2"
2080,4,6,97,3.178453866,"2"
2080,4,7,98,4.194704598,"2"
2080,4,8,99,4.93629297,"2"
2080,4,9,100,4.853894262,"2"
2080,4,10,101,4.32593217,"2"
2080,4,11,102,4.914930342,"2"
2080,4,12,103,6.037994214,"2"
2080,4,13,104,6.926069178,"2"
2080,4,14,105,6.318760182,"2"
2080,4,15,106,6.367589046,"2"
2080,4,16,107,7.65239853,"2"
2080,4,17,108,8.564887926,"2"
2080,4,18,109,8.378727882,"2"
2080,4,19,110,9.028762134,"2"
2080,4,20,111,10.435643778,"2"
2080,4,21,112,10.096893534,"2"
2080,4,22,113,9.733728858,"2"
2080,4,23,114,10.725565158,"2"
2080,4,24,115,11.622795534,"2"
2080,4,25,116,12.159913038,"2"
2080,4,26,117,12.019530054,"2"
2080,4,27,118,12.324710454,"2"
2080,4,28,119,12.800791878,"2"
2080,4,29,120,12.324710454,"2"
2080,4,30,121,11.979856602,"2"
2081,4,1,91,1.567101354,"2"
2081,4,2,92,2.900739702,"2"
2081,4,3,93,3.389028342,"2"
2081,4,4,94,3.511100502,"2"
2081,4,5,95,3.184557474,"2"
2081,4,6,96,3.962767494,"2"
2081,4,7,97,5.235369762,"2"
2081,4,8,98,5.201799918,"2"
2081,4,9,99,5.207903526,"2"
2081,4,10,100,5.644311498,"2"
2081,4,11,101,6.47745399,"2"
2081,4,12,102,7.136643654,"2"
2081,4,13,103,6.91996557,"2"
2081,4,14,104,7.566948018,"2"
2081,4,15,105,7.527274566,"2"
2081,4,16,106,7.68291657,"2"
2081,4,17,107,8.946363426,"2"
2081,4,18,108,9.428548458,"2"
2081,4,19,109,10.441747386,"2"
2081,4,20,110,10.145722398,"2"
2081,4,21,111,10.511938878,"2"
2081,4,22,112,11.549552238,"2"
2081,4,23,113,11.729608674,"2"
2081,4,24,114,11.015486538,"2"
2081,4,25,115,10.853740926,"2"
2081,4,26,116,12.00121923,"2"
2081,4,27,117,12.187379274,"2"
2081,4,28,118,12.095825154,"2"
2081,4,29,119,11.95544217,"2"
2081,4,30,120,12.547492146,"2"
2082,4,1,91,2.641336362,"2"
2082,4,2,92,3.480582462,"2"
2082,4,3,93,3.953612082,"2"
2082,4,4,94,3.956663886,"2"
2082,4,5,95,4.850842458,"2"
2082,4,6,96,5.702295774,"2"
2082,4,7,97,6.013579782,"2"
2082,4,8,98,5.66872593,"2"
2082,4,9,99,6.352330026,"2"
2082,4,10,100,6.30960477,"2"
2082,4,11,101,7.142747262,"2"
2082,4,12,102,7.07255577,"2"
2082,4,13,103,7.05729675,"2"
2082,4,14,104,7.85076579,"2"
2082,4,15,105,7.899594654,"2"
2082,4,16,106,7.692071982,"2"
2082,4,17,107,7.71343461,"2"
2082,4,18,108,7.670709354,"2"
2082,4,19,109,7.920957282,"2"
2082,4,20,110,8.744944362,"2"
2082,4,21,111,9.166093314,"2"
2082,4,22,112,9.013503114,"2"
2082,4,23,113,9.541465206,"2"
2082,4,24,114,10.30746801,"2"
2082,4,25,115,10.212862086,"2"
2082,4,26,116,10.453954602,"2"
2082,4,27,117,12.190431078,"2"
2082,4,28,118,13.340961186,"2"
2082,4,29,119,13.591209114,"2"
2082,4,30,120,12.874035174,"2"
2083,4,1,91,1.002517614,"2"
2083,4,2,92,2.17441035,"2"
2083,4,3,93,2.934309546,"2"
2083,4,4,94,3.169298454,"2"
2083,4,5,95,4.270999698,"2"
2083,4,6,96,4.151979342,"2"
2083,4,7,97,3.355458498,"2"
2083,4,8,98,3.294422418,"2"
2083,4,9,99,3.941404866,"2"
2083,4,10,100,5.519187534,"2"
2083,4,11,101,5.992217154,"2"
2083,4,12,102,6.144807354,"2"
2083,4,13,103,7.05729675,"2"
2083,4,14,104,7.481497506,"2"
2083,4,15,105,7.106125614,"2"
2083,4,16,106,6.63004419,"2"
2083,4,17,107,6.871136706,"2"
2083,4,18,108,6.700235682,"2"
2083,4,19,109,8.693063694,"2"
2083,4,20,110,9.333942534,"2"
2083,4,21,111,9.364460574,"2"
2083,4,22,112,8.830394874,"2"
2083,4,23,113,8.760203382,"2"
2083,4,24,114,8.88837915,"2"
2083,4,25,115,9.596397678,"2"
2083,4,26,116,10.771342218,"2"
2083,4,27,117,10.804912062,"2"
2083,4,28,118,11.735712282,"2"
2083,4,29,119,11.946286758,"2"
2083,4,30,120,12.892345998,"2"
2084,4,1,92,1.255817346,"2"
2084,4,2,93,2.012664738,"2"
2084,4,3,94,2.05233819,"2"
2084,4,4,95,3.132676806,"2"
2084,4,5,96,3.996337338,"2"
2084,4,6,97,3.871213374,"2"
2084,4,7,98,3.941404866,"2"
2084,4,8,99,3.935301258,"2"
2084,4,9,100,4.145875734,"2"
2084,4,10,101,4.53955845,"2"
2084,4,11,102,5.491721298,"2"
2084,4,12,103,5.983061742,"2"
2084,4,13,104,6.12649653,"2"
2084,4,14,105,6.230257866,"2"
2084,4,15,106,6.648355014,"2"
2084,4,16,107,7.841610378,"2"
2084,4,17,108,7.72869363,"2"
2084,4,18,109,7.496756526,"2"
2084,4,19,110,7.371632562,"2"
2084,4,20,111,7.74395265,"2"
2084,4,21,112,8.619820398,"2"
2084,4,22,113,9.318683514,"2"
2084,4,23,114,9.398030418,"2"
2084,4,24,115,9.07148739,"2"
2084,4,25,116,9.904629882,"2"
2084,4,26,117,10.624855626,"2"
2084,4,27,118,10.365452286,"2"
2084,4,28,119,10.756083198,"2"
2084,4,29,120,11.674676202,"2"
2084,4,30,121,12.843517134,"2"
2085,4,1,91,3.495841482,"2"
2085,4,2,92,3.923094042,"2"
2085,4,3,93,4.216067226,"2"
2085,4,4,94,4.567024686,"2"
2085,4,5,95,5.345234706,"2"
2085,4,6,96,5.000380854,"2"
2085,4,7,97,5.781642678,"2"
2085,4,8,98,5.342182902,"2"
2085,4,9,99,4.914930342,"2"
2085,4,10,100,4.914930342,"2"
2085,4,11,101,5.82131613,"2"
2085,4,12,102,6.50797203,"2"
2085,4,13,103,7.689020178,"2"
2085,4,14,104,7.429616838,"2"
2085,4,15,105,7.124436438,"2"
2085,4,16,106,7.71343461,"2"
2085,4,17,107,7.640191314,"2"
2085,4,18,108,7.890439242,"2"
2085,4,19,109,8.24750031,"2"
2085,4,20,110,9.25459563,"2"
2085,4,21,111,10.432591974,"2"
2085,4,22,112,11.311511526,"2"
2085,4,23,113,10.579078566,"2"
2085,4,24,114,10.701150726,"2"
2085,4,25,115,11.63500275,"2"
2085,4,26,116,12.837413526,"2"
2085,4,27,117,13.301287734,"2"
2085,4,28,118,12.632942658,"2"
2085,4,29,119,12.663460698,"2"
2085,4,30,120,13.609519938,"2"
2086,4,1,91,3.453116226,"2"
2086,4,2,92,4.194704598,"2"
2086,4,3,93,4.072632438,"2"
2086,4,4,94,4.039062594,"2"
2086,4,5,95,5.055313326,"2"
2086,4,6,96,5.448996042,"2"
2086,4,7,97,5.354390118,"2"
2086,4,8,98,6.193636218,"2"
2086,4,9,99,7.032882318,"2"
2086,4,10,100,6.977949846,"2"
2086,4,11,101,6.758219958,"2"
2086,4,12,102,6.407262498,"2"
2086,4,13,103,6.85892949,"2"
2086,4,14,104,8.180360622,"2"
2086,4,15,105,9.251543826,"2"
2086,4,16,106,8.671701066,"2"
2086,4,17,107,8.406194118,"2"
2086,4,18,108,8.778514206,"2"
2086,4,19,109,9.700159014,"2"
2086,4,20,110,10.450902798,"2"
2086,4,21,111,9.336994338,"2"
2086,4,22,112,9.373615986,"2"
2086,4,23,113,10.591285782,"2"
2086,4,24,114,10.984968498,"2"
2086,4,25,115,10.823222886,"2"
2086,4,26,116,11.918820522,"2"
2086,4,27,117,12.373539318,"2"
2086,4,28,118,12.498663282,"2"
2086,4,29,119,12.97779651,"2"
2086,4,30,120,12.889294194,"2"
2087,4,1,91,3.245593554,"2"
2087,4,2,92,3.657587094,"2"
2087,4,3,93,4.817272614,"2"
2087,4,4,94,5.662622322,"2"
2087,4,5,95,4.93629297,"2"
2087,4,6,96,5.366597334,"2"
2087,4,7,97,5.564964594,"2"
2087,4,8,98,5.452047846,"2"
2087,4,9,99,5.583275418,"2"
2087,4,10,100,6.09597849,"2"
2087,4,11,101,6.901654746,"2"
2087,4,12,102,8.024718618,"2"
2087,4,13,103,8.574043338,"2"
2087,4,14,104,9.169145118,"2"
2087,4,15,105,9.23933661,"2"
2087,4,16,106,8.59845777,"2"
2087,4,17,107,8.998244094,"2"
2087,4,18,108,9.440755674,"2"
2087,4,19,109,9.275958258,"2"
2087,4,20,110,9.62081211,"2"
2087,4,21,111,10.106048946,"2"
2087,4,22,112,10.58213037,"2"
2087,4,23,113,11.348133174,"2"
2087,4,24,114,11.003279322,"2"
2087,4,25,115,12.36743571,"2"
2087,4,26,116,12.16906845,"2"
2087,4,27,117,11.598381102,"2"
2087,4,28,118,11.427480078,"2"
2087,4,29,119,11.906613306,"2"
2087,4,30,120,12.999159138,"2"
2088,4,1,92,3.785762862,"2"
2088,4,2,93,4.106202282,"2"
2088,4,3,94,2.714579658,"2"
2088,4,4,95,3.053329902,"2"
2088,4,5,96,3.581291994,"2"
2088,4,6,97,4.133668518,"2"
2088,4,7,98,4.481574174,"2"
2088,4,8,99,4.307621346,"2"
2088,4,9,100,2.726786874,"2"
2088,4,10,101,3.627069054,"2"
2088,4,11,102,4.502936802,"2"
2088,4,12,103,5.262835998,"2"
2088,4,13,104,5.610741654,"2"
2088,4,14,105,5.76028005,"2"
2088,4,15,106,6.990157062,"2"
2088,4,16,107,6.663614034,"2"
2088,4,17,108,6.465246774,"2"
2088,4,18,109,6.581215326,"2"
2088,4,19,110,6.959639022,"2"
2088,4,20,111,8.683908282,"2"
2088,4,21,112,9.004347702,"2"
2088,4,22,113,9.660485562,"2"
2088,4,23,114,10.646218254,"2"
2088,4,24,115,10.820171082,"2"
2088,4,25,116,10.350193266,"2"
2088,4,26,117,9.980924982,"2"
2088,4,27,118,10.289157186,"2"
2088,4,28,119,10.325778834,"2"
2088,4,29,120,10.072479102,"2"
2088,4,30,121,12.120239586,"2"
2089,4,1,91,0.392156814,"2"
2089,4,2,92,1.109330754,"2"
2089,4,3,93,1.814297478,"2"
2089,4,4,94,1.80819387,"2"
2089,4,5,95,2.08285623,"2"
2089,4,6,96,2.314793334,"2"
2089,4,7,97,2.751201306,"2"
2089,4,8,98,4.155031146,"2"
2089,4,9,99,4.914930342,"2"
2089,4,10,100,3.993285534,"2"
2089,4,11,101,4.557869274,"2"
2089,4,12,102,4.902723126,"2"
2089,4,13,103,4.853894262,"2"
2089,4,14,104,5.830471542,"2"
2089,4,15,105,7.20988695,"2"
2089,4,16,106,6.468298578,"2"
2089,4,17,107,5.671777734,"2"
2089,4,18,108,6.361485438,"2"
2089,4,19,109,6.98100165,"2"
2089,4,20,110,7.97283795,"2"
2089,4,21,111,8.244448506,"2"
2089,4,22,112,7.710382806,"2"
2089,4,23,113,7.646294922,"2"
2089,4,24,114,9.242388414,"2"
2089,4,25,115,10.81101567,"2"
2089,4,26,116,11.857784442,"2"
2089,4,27,117,11.17723215,"2"
2089,4,28,118,10.585182174,"2"
2089,4,29,119,11.744867694,"2"
2089,4,30,120,12.608528226,"2"
2090,4,1,91,1.234454718,"2"
2090,4,2,92,1.026932046,"2"
2090,4,3,93,0.874341846,"2"
2090,4,4,94,1.542686922,"2"
2090,4,5,95,2.537575026,"2"
2090,4,6,96,3.59349921,"2"
2090,4,7,97,3.953612082,"2"
2090,4,8,98,4.637216178,"2"
2090,4,9,99,5.018691678,"2"
2090,4,10,100,4.823376222,"2"
2090,4,11,101,4.863049674,"2"
2090,4,12,102,5.128556622,"2"
2090,4,13,103,6.810100626,"2"
2090,4,14,104,7.014571494,"2"
2090,4,15,105,6.810100626,"2"
2090,4,16,106,7.36247715,"2"
2090,4,17,107,7.466238486,"2"
2090,4,18,108,8.412297726,"2"
2090,4,19,109,8.699167302,"2"
2090,4,20,110,8.372624274,"2"
2090,4,21,111,9.114212646,"2"
2090,4,22,112,9.166093314,"2"
2090,4,23,113,10.548560526,"2"
2090,4,24,114,10.701150726,"2"
2090,4,25,115,10.679788098,"2"
2090,4,26,116,10.664529078,"2"
2090,4,27,117,10.859844534,"2"
2090,4,28,118,11.216905602,"2"
2090,4,29,119,12.111084174,"2"
2090,4,30,120,12.745859406,"2"
2091,4,1,91,2.088959838,"2"
2091,4,2,92,2.330052354,"2"
2091,4,3,93,2.211031998,"2"
2091,4,4,94,1.997405718,"2"
2091,4,5,95,4.115357694,"2"
2091,4,6,96,4.802013594,"2"
2091,4,7,97,4.603646334,"2"
2091,4,8,98,4.673837826,"2"
2091,4,9,99,5.510032122,"2"
2091,4,10,100,7.603569666,"2"
2091,4,11,101,8.134583562,"2"
2091,4,12,102,6.810100626,"2"
2091,4,13,103,7.100022006,"2"
2091,4,14,104,8.53742169,"2"
2091,4,15,105,9.81917937,"2"
2091,4,16,106,9.526206186,"2"
2091,4,17,107,9.233233002,"2"
2091,4,18,108,9.321735318,"2"
2091,4,19,109,8.44586757,"2"
2091,4,20,110,8.62897581,"2"
2091,4,21,111,7.649346726,"2"
2091,4,22,112,7.396046994,"2"
2091,4,23,113,8.421453138,"2"
2091,4,24,114,9.321735318,"2"
2091,4,25,115,10.395970326,"2"
2091,4,26,116,10.905621594,"2"
2091,4,27,117,11.488516158,"2"
2091,4,28,118,11.77233393,"2"
2091,4,29,119,12.404057358,"2"
2091,4,30,120,13.002210942,"2"
2092,4,1,92,0.84687561,"2"
2092,4,2,93,1.939421442,"2"
2092,4,3,94,1.631189238,"2"
2092,4,4,95,2.546730438,"2"
2092,4,5,96,3.721674978,"2"
2092,4,6,97,4.155031146,"2"
2092,4,7,98,3.846798942,"2"
2092,4,8,99,4.15808295,"2"
2092,4,9,100,4.792858182,"2"
2092,4,10,101,4.87525689,"2"
2092,4,11,102,5.677881342,"2"
2092,4,12,103,6.398107086,"2"
2092,4,13,104,7.325855502,"2"
2092,4,14,105,7.37773617,"2"
2092,4,15,106,7.322803698,"2"
2092,4,16,107,8.281070154,"2"
2092,4,17,108,8.958570642,"2"
2092,4,18,109,9.538413402,"2"
2092,4,19,110,8.662545654,"2"
2092,4,20,111,8.906689974,"2"
2092,4,21,112,9.840541998,"2"
2092,4,22,113,9.828334782,"2"
2092,4,23,114,10.548560526,"2"
2092,4,24,115,10.722513354,"2"
2092,4,25,116,11.58922569,"2"
2092,4,26,117,11.415272862,"2"
2092,4,27,118,11.531241414,"2"
2092,4,28,119,11.702142438,"2"
2092,4,29,120,12.022581858,"2"
2092,4,30,121,12.083617938,"2"
2093,4,1,91,1.93026603,"2"
2093,4,2,92,2.29648251,"2"
2093,4,3,93,2.72373507,"2"
2093,4,4,94,2.964827586,"2"
2093,4,5,95,3.093003354,"2"
2093,4,6,96,3.923094042,"2"
2093,4,7,97,4.70740767,"2"
2093,4,8,98,4.945448382,"2"
2093,4,9,99,4.634164374,"2"
2093,4,10,100,4.29541413,"2"
2093,4,11,101,5.21095533,"2"
2093,4,12,102,7.096970202,"2"
2093,4,13,103,6.99626067,"2"
2093,4,14,104,6.901654746,"2"
2093,4,15,105,7.945371714,"2"
2093,4,16,106,7.768367082,"2"
2093,4,17,107,7.722590022,"2"
2093,4,18,108,8.131531758,"2"
2093,4,19,109,8.366520666,"2"
2093,4,20,110,9.248492022,"2"
2093,4,21,111,9.724573446,"2"
2093,4,22,112,9.272906454,"2"
2093,4,23,113,10.218965694,"2"
2093,4,24,114,11.021590146,"2"
2093,4,25,115,10.508887074,"2"
2093,4,26,116,10.646218254,"2"
2093,4,27,117,10.61264841,"2"
2093,4,28,118,10.988020302,"2"
2093,4,29,119,11.90966511,"2"
2093,4,30,120,13.728540294,"2"
2094,4,1,91,1.576256766,"2"
2094,4,2,92,1.719691554,"2"
2094,4,3,93,2.180513958,"2"
2094,4,4,94,2.427710082,"2"
2094,4,5,95,2.629129146,"2"
2094,4,6,96,3.910886826,"2"
2094,4,7,97,4.521247626,"2"
2094,4,8,98,5.629052478,"2"
2094,4,9,99,5.329975686,"2"
2094,4,10,100,5.445944238,"2"
2094,4,11,101,5.91287025,"2"
2094,4,12,102,5.94338829,"2"
2094,4,13,103,6.169221786,"2"
2094,4,14,104,6.14175555,"2"
2094,4,15,105,6.425573322,"2"
2094,4,16,106,6.346226418,"2"
2094,4,17,107,6.910810158,"2"
2094,4,18,108,8.53742169,"2"
2094,4,19,109,9.245440218,"2"
2094,4,20,110,9.623863914,"2"
2094,4,21,111,9.26985465,"2"
2094,4,22,112,8.580146946,"2"
2094,4,23,113,9.349201554,"2"
2094,4,24,114,10.084686318,"2"
2094,4,25,115,9.871060038,"2"
2094,4,26,116,9.654381954,"2"
2094,4,27,117,10.423436562,"2"
2094,4,28,118,11.232164622,"2"
2094,4,29,119,11.430531882,"2"
2094,4,30,120,11.857784442,"2"
2095,4,1,91,0.22125579,"2"
2095,4,2,92,0.090028218,"2"
2095,4,3,93,0.865186434,"2"
2095,4,4,94,2.180513958,"2"
2095,4,5,95,3.172350258,"2"
2095,4,6,96,4.039062594,"2"
2095,4,7,97,5.345234706,"2"
2095,4,8,98,5.082779562,"2"
2095,4,9,99,4.994277246,"2"
2095,4,10,100,6.074615862,"2"
2095,4,11,101,6.791789802,"2"
2095,4,12,102,7.045089534,"2"
2095,4,13,103,6.91996557,"2"
2095,4,14,104,6.770427174,"2"
2095,4,15,105,7.032882318,"2"
2095,4,16,106,6.639199602,"2"
2095,4,17,107,6.855877686,"2"
2095,4,18,108,8.488592826,"2"
2095,4,19,109,9.39192681,"2"
2095,4,20,110,9.538413402,"2"
2095,4,21,111,10.652321862,"2"
2095,4,22,112,11.735712282,"2"
2095,4,23,113,11.952390366,"2"
2095,4,24,114,11.03990097,"2"
2095,4,25,115,10.923932418,"2"
2095,4,26,116,11.372547606,"2"
2095,4,27,117,12.364383906,"2"
2095,4,28,118,12.26062257,"2"
2095,4,29,119,13.005262746,"2"
2095,4,30,120,13.789576374,"2"
2096,4,1,92,2.64743997,"2"
2096,4,2,93,3.233386338,"2"
2096,4,3,94,3.92919765,"2"
2096,4,4,95,5.220110742,"2"
2096,4,5,96,5.101090386,"2"
2096,4,6,97,4.771495554,"2"
2096,4,7,98,5.293354038,"2"
2096,4,8,99,5.903714838,"2"
2096,4,9,100,6.334019202,"2"
2096,4,10,101,6.959639022,"2"
2096,4,11,102,7.066452162,"2"
2096,4,12,103,7.676812962,"2"
2096,4,13,104,8.027770422,"2"
2096,4,14,105,7.978941558,"2"
2096,4,15,106,8.342106234,"2"
2096,4,16,107,8.116272738,"2"
2096,4,17,108,8.479437414,"2"
2096,4,18,109,8.665597458,"2"
2096,4,19,110,8.65949385,"2"
2096,4,20,111,8.302432782,"2"
2096,4,21,112,9.248492022,"2"
2096,4,22,113,9.358356966,"2"
2096,4,23,114,9.83443839,"2"
2096,4,24,115,11.107040658,"2"
2096,4,25,116,10.365452286,"2"
2096,4,26,117,10.789653042,"2"
2096,4,27,118,11.424428274,"2"
2096,4,28,119,11.51293059,"2"
2096,4,29,120,12.004271034,"2"
2096,4,30,121,13.66445241,"2"
2097,4,1,91,2.369725806,"2"
2097,4,2,92,2.046234582,"2"
2097,4,3,93,2.757304914,"2"
2097,4,4,94,3.224230926,"2"
2097,4,5,95,3.62401725,"2"
2097,4,6,96,3.831539922,"2"
2097,4,7,97,4.130616714,"2"
2097,4,8,98,5.116349406,"2"
2097,4,9,99,5.146867446,"2"
2097,4,10,100,5.726710206,"2"
2097,4,11,101,6.688028466,"2"
2097,4,12,102,6.868084902,"2"
2097,4,13,103,7.203783342,"2"
2097,4,14,104,8.32379541,"2"
2097,4,15,105,9.761195094,"2"
2097,4,16,106,8.88837915,"2"
2097,4,17,107,7.716486414,"2"
2097,4,18,108,7.335010914,"2"
2097,4,19,109,8.836498482,"2"
2097,4,20,110,9.352253358,"2"
2097,4,21,111,9.748987878,"2"
2097,4,22,112,9.990080394,"2"
2097,4,23,113,10.057220082,"2"
2097,4,24,114,10.005339414,"2"
2097,4,25,115,10.310519814,"2"
2097,4,26,116,11.030745558,"2"
2097,4,27,117,12.117187782,"2"
2097,4,28,118,12.385746534,"2"
2097,4,29,119,12.30639963,"2"
2097,4,30,120,13.658348802,"2"
2098,4,1,91,1.588463982,"2"
2098,4,2,92,2.812237386,"2"
2098,4,3,93,4.148927538,"2"
2098,4,4,94,4.399175466,"2"
2098,4,5,95,3.953612082,"2"
2098,4,6,96,4.667734218,"2"
2098,4,7,97,6.160066374,"2"
2098,4,8,98,6.437780538,"2"
2098,4,9,99,6.52323105,"2"
2098,4,10,100,7.457083074,"2"
2098,4,11,101,6.550697286,"2"
2098,4,12,102,7.234301382,"2"
2098,4,13,103,7.933164498,"2"
2098,4,14,104,8.747996166,"2"
2098,4,15,105,8.070495678,"2"
2098,4,16,106,8.824291266,"2"
2098,4,17,107,9.535361598,"2"
2098,4,18,108,10.514990682,"2"
2098,4,19,109,11.25352725,"2"
2098,4,20,110,9.935147922,"2"
2098,4,21,111,9.434652066,"2"
2098,4,22,112,9.80392035,"2"
2098,4,23,113,9.550620618,"2"
2098,4,24,114,9.36140877,"2"
2098,4,25,115,10.493628054,"2"
2098,4,26,116,11.839473618,"2"
2098,4,27,117,11.78759295,"2"
2098,4,28,118,11.799800166,"2"
2098,4,29,119,13.157852946,"2"
2098,4,30,120,14.891277618,"2"
2099,4,1,91,1.707484338,"2"
2099,4,2,92,2.278171686,"2"
2099,4,3,93,2.73899409,"2"
2099,4,4,94,2.851910838,"2"
2099,4,5,95,3.477530658,"2"
2099,4,6,96,5.391011766,"2"
2099,4,7,97,5.74502103,"2"
2099,4,8,98,4.979018226,"2"
2099,4,9,99,4.057373418,"2"
2099,4,10,100,4.460211546,"2"
2099,4,11,101,5.13466023,"2"
2099,4,12,102,6.428625126,"2"
2099,4,13,103,7.902646458,"2"
2099,4,14,104,8.360417058,"2"
2099,4,15,105,7.731745434,"2"
2099,4,16,106,7.42351323,"2"
2099,4,17,107,6.306552966,"2"
2099,4,18,108,7.45403127,"2"
2099,4,19,109,8.35431345,"2"
2099,4,20,110,9.153886098,"2"
2099,4,21,111,10.222017498,"2"
2099,4,22,112,10.218965694,"2"
2099,4,23,113,10.411229346,"2"
2099,4,24,114,10.191499458,"2"
2099,4,25,115,11.134506894,"2"
2099,4,26,116,11.912716914,"2"
2099,4,27,117,11.98596021,"2"
2099,4,28,118,12.678719718,"2"
2099,4,29,119,13.401997266,"2"
2099,4,30,120,14.287020426,"2"
2100,4,1,91,1.078812714,"2"
2100,4,2,92,1.88448897,"2"
2100,4,3,93,2.046234582,"2"
2100,4,4,94,2.079804426,"2"
2100,4,5,95,2.226291018,"2"
2100,4,6,96,3.514152306,"2"
2100,4,7,97,5.02784709,"2"
2100,4,8,98,4.972914618,"2"
2100,4,9,99,4.689096846,"2"
2100,4,10,100,4.00549275,"2"
2100,4,11,101,4.222170834,"2"
2100,4,12,102,4.283206914,"2"
2100,4,13,103,4.841687046,"2"
2100,4,14,104,5.601586242,"2"
2100,4,15,105,6.092926686,"2"
2100,4,16,106,6.602577954,"2"
2100,4,17,107,6.53849007,"2"
2100,4,18,108,7.457083074,"2"
2100,4,19,109,8.650338438,"2"
2100,4,20,110,8.55268071,"2"
2100,4,21,111,9.355305162,"2"
2100,4,22,112,10.61264841,"2"
2100,4,23,113,11.302356114,"2"
2100,4,24,114,11.946286758,"2"
2100,4,25,115,11.256579054,"2"
2100,4,26,116,11.750971302,"2"
2100,4,27,117,12.880138782,"2"
2100,4,28,118,13.240251654,"2"
2100,4,29,119,13.530173034,"2"
2100,4,30,120,13.600364526,"2"
2025,5,1,121,7.597466058,"2"
2025,5,2,122,8.38483149,"2"
2025,5,3,123,8.729685342,"2"
2025,5,4,124,9.22407759,"2"
2025,5,5,125,8.433660354,"2"
2025,5,6,126,8.287173762,"2"
2025,5,7,127,8.47638561,"2"
2025,5,8,128,8.085754698,"2"
2025,5,9,129,8.363468862,"2"
2025,5,10,130,9.840541998,"2"
2025,5,11,131,10.26169095,"2"
2025,5,12,132,10.969709478,"2"
2025,5,13,133,12.126343194,"2"
2025,5,14,134,12.239259942,"2"
2025,5,15,135,12.471197046,"2"
2025,5,16,136,12.599372814,"2"
2025,5,17,137,11.934079542,"2"
2025,5,18,138,13.133438514,"2"
2025,5,19,139,13.426411698,"2"
2025,5,20,140,14.201569914,"2"
2025,5,21,141,15.43449873,"2"
2025,5,22,142,15.553519086,"2"
2025,5,23,143,14.378574546,"2"
2025,5,24,144,15.339892806,"2"
2025,5,25,145,15.577933518,"2"
2025,5,26,146,15.492483006,"2"
2025,5,27,147,16.02960051,"2"
2025,5,28,148,15.468068574,"2"
2025,5,29,149,16.231019574,"2"
2025,5,30,150,16.96040073,"2"
2025,5,31,151,16.35003993,"2"
2026,5,1,121,6.70633929,"2"
2026,5,2,122,7.292285658,"2"
2026,5,3,123,7.090866594,"2"
2026,5,4,124,7.627984098,"2"
2026,5,5,125,8.390935098,"2"
2026,5,6,126,8.854809306,"2"
2026,5,7,127,9.291217278,"2"
2026,5,8,128,9.794764938,"2"
2026,5,9,129,9.462118302,"2"
2026,5,10,130,10.07858271,"2"
2026,5,11,131,10.64316645,"2"
2026,5,12,132,11.073470814,"2"
2026,5,13,133,10.545508722,"2"
2026,5,14,134,10.728616962,"2"
2026,5,15,135,11.60448471,"2"
2026,5,16,136,12.953382078,"2"
2026,5,17,137,12.91676043,"2"
2026,5,18,138,12.895397802,"2"
2026,5,19,139,13.783472766,"2"
2026,5,20,140,14.393833566,"2"
2026,5,21,141,13.37453103,"2"
2026,5,22,142,13.398945462,"2"
2026,5,23,143,14.01540987,"2"
2026,5,24,144,15.245286882,"2"
2026,5,25,145,14.973676326,"2"
2026,5,26,146,15.263597706,"2"
2026,5,27,147,16.020445098,"2"
2026,5,28,148,15.217820646,"2"
2026,5,29,149,14.827189734,"2"
2026,5,30,150,14.13748203,"2"
2026,5,31,151,13.87807869,"2"
2027,5,1,121,6.840618666,"2"
2027,5,2,122,6.88944753,"2"
2027,5,3,123,7.963682538,"2"
2027,5,4,124,8.503851846,"2"
2027,5,5,125,8.519110866,"2"
2027,5,6,126,9.221025786,"2"
2027,5,7,127,10.00228761,"2"
2027,5,8,128,10.743875982,"2"
2027,5,9,129,10.194551262,"2"
2027,5,10,130,9.938199726,"2"
2027,5,11,131,10.38376311,"2"
2027,5,12,132,10.499731662,"2"
2027,5,13,133,9.922940706,"2"
2027,5,14,134,11.033797362,"2"
2027,5,15,135,12.028685466,"2"
2027,5,16,136,13.182267378,"2"
2027,5,17,137,14.576941806,"2"
2027,5,18,138,14.24429517,"2"
2027,5,19,139,13.661400606,"2"
2027,5,20,140,12.404057358,"2"
2027,5,21,141,13.453877934,"2"
2027,5,22,142,13.331805774,"2"
2027,5,23,143,14.451817842,"2"
2027,5,24,144,15.32768559,"2"
2027,5,25,145,17.039747634,"2"
2027,5,26,146,16.621650486,"2"
2027,5,27,147,16.02960051,"2"
2027,5,28,148,16.481267502,"2"
2027,5,29,149,16.466008482,"2"
2027,5,30,150,16.633857702,"2"
2027,5,31,151,17.17402701,"2"
2028,5,1,122,7.899594654,"2"
2028,5,2,123,8.558784318,"2"
2028,5,3,124,8.851757502,"2"
2028,5,4,125,8.183412426,"2"
2028,5,5,126,7.85076579,"2"
2028,5,6,127,7.753108062,"2"
2028,5,7,128,8.052184854,"2"
2028,5,8,129,9.205766766,"2"
2028,5,9,130,9.858852822,"2"
2028,5,10,131,10.481420838,"2"
2028,5,11,132,10.64316645,"2"
2028,5,12,133,10.069427298,"2"
2028,5,13,134,10.46005821,"2"
2028,5,14,135,11.073470814,"2"
2028,5,15,136,12.645149874,"2"
2028,5,16,137,12.663460698,"2"
2028,5,17,138,11.049056382,"2"
2028,5,18,139,11.51293059,"2"
2028,5,19,140,12.532233126,"2"
2028,5,20,141,13.197526398,"2"
2028,5,21,142,13.03883259,"2"
2028,5,22,143,12.709237758,"2"
2028,5,23,144,13.722436686,"2"
2028,5,24,145,14.210725326,"2"
2028,5,25,146,15.181198998,"2"
2028,5,26,147,15.913631958,"2"
2028,5,27,148,15.168991782,"2"
2028,5,28,149,14.567786394,"2"
2028,5,29,150,14.25955419,"2"
2028,5,30,151,14.695962162,"2"
2028,5,31,152,16.33478091,"2"
2029,5,1,121,8.436712158,"2"
2029,5,2,122,9.501791754,"2"
2029,5,3,123,10.014494826,"2"
2029,5,4,124,9.028762134,"2"
2029,5,5,125,8.67475287,"2"
2029,5,6,126,8.152894386,"2"
2029,5,7,127,8.296329174,"2"
2029,5,8,128,8.69001189,"2"
2029,5,9,129,9.382771398,"2"
2029,5,10,130,10.524146094,"2"
2029,5,11,131,9.648278346,"2"
2029,5,12,132,10.145722398,"2"
2029,5,13,133,11.442739098,"2"
2029,5,14,134,12.751963014,"2"
2029,5,15,135,12.751963014,"2"
2029,5,16,136,12.574958382,"2"
2029,5,17,137,13.517965818,"2"
2029,5,18,138,12.892345998,"2"
2029,5,19,139,13.408100874,"2"
2029,5,20,140,13.060195218,"2"
2029,5,21,141,13.426411698,"2"
2029,5,22,142,13.859767866,"2"
2029,5,23,143,15.046919622,"2"
2029,5,24,144,15.330737394,"2"
2029,5,25,145,14.552527374,"2"
2029,5,26,146,14.879070402,"2"
2029,5,27,147,15.925839174,"2"
2029,5,28,148,15.843440466,"2"
2029,5,29,149,15.635917794,"2"
2029,5,30,150,16.261537614,"2"
2029,5,31,151,16.13641365,"2"
2030,5,1,121,8.073547482,"2"
2030,5,2,122,8.299380978,"2"
2030,5,3,123,8.671701066,"2"
2030,5,4,124,8.754099774,"2"
2030,5,5,125,9.654381954,"2"
2030,5,6,126,10.801860258,"2"
2030,5,7,127,10.15487781,"2"
2030,5,8,128,9.477377322,"2"
2030,5,9,129,8.876171934,"2"
2030,5,10,130,8.906689974,"2"
2030,5,11,131,9.050124762,"2"
2030,5,12,132,9.318683514,"2"
2030,5,13,133,11.064315402,"2"
2030,5,14,134,11.80285197,"2"
2030,5,15,135,12.407109162,"2"
2030,5,16,136,13.051039806,"2"
2030,5,17,137,12.495611478,"2"
2030,5,18,138,12.727548582,"2"
2030,5,19,139,13.533224838,"2"
2030,5,20,140,13.670556018,"2"
2030,5,21,141,12.684823326,"2"
2030,5,22,142,12.346073082,"2"
2030,5,23,143,13.63393437,"2"
2030,5,24,144,14.842448754,"2"
2030,5,25,145,14.708169378,"2"
2030,5,26,146,14.409092586,"2"
2030,5,27,147,14.637977886,"2"
2030,5,28,148,14.204621718,"2"
2030,5,29,149,13.798731786,"2"
2030,5,30,150,13.957425594,"2"
2030,5,31,151,14.634926082,"2"
2031,5,1,121,6.79789341,"2"
2031,5,2,122,7.246508598,"2"
2031,5,3,123,8.424504942,"2"
2031,5,4,124,8.62897581,"2"
2031,5,5,125,8.897534562,"2"
2031,5,6,126,9.14778249,"2"
2031,5,7,127,9.825282978,"2"
2031,5,8,128,9.404134026,"2"
2031,5,9,129,9.538413402,"2"
2031,5,10,130,10.637062842,"2"
2031,5,11,131,10.838481906,"2"
2031,5,12,132,11.36034039,"2"
2031,5,13,133,11.647209966,"2"
2031,5,14,134,12.492559674,"2"
2031,5,15,135,13.844508846,"2"
2031,5,16,136,13.441670718,"2"
2031,5,17,137,13.255510674,"2"
2031,5,18,138,12.32165865,"2"
2031,5,19,139,12.48950787,"2"
2031,5,20,140,13.255510674,"2"
2031,5,21,141,13.533224838,"2"
2031,5,22,142,12.935071254,"2"
2031,5,23,143,13.966581006,"2"
2031,5,24,144,14.83939695,"2"
2031,5,25,145,14.042876106,"2"
2031,5,26,146,13.777369158,"2"
2031,5,27,147,14.934002874,"2"
2031,5,28,148,16.127258238,"2"
2031,5,29,149,15.947201802,"2"
2031,5,30,150,16.12115463,"2"
2031,5,31,151,15.70916109,"2"
2032,5,1,122,8.143738974,"2"
2032,5,2,123,8.406194118,"2"
2032,5,3,124,8.809032246,"2"
2032,5,4,125,9.898526274,"2"
2032,5,5,126,9.30037269,"2"
2032,5,6,127,9.398030418,"2"
2032,5,7,128,8.458074786,"2"
2032,5,8,129,8.433660354,"2"
2032,5,9,130,9.92599251,"2"
2032,5,10,131,11.290148898,"2"
2032,5,11,132,11.256579054,"2"
2032,5,12,133,11.332874154,"2"
2032,5,13,134,11.433583686,"2"
2032,5,14,135,12.513922302,"2"
2032,5,15,136,12.007322838,"2"
2032,5,16,137,11.326770546,"2"
2032,5,17,138,11.546500434,"2"
2032,5,18,139,11.662468986,"2"
2032,5,19,140,13.102920474,"2"
2032,5,20,141,13.899441318,"2"
2032,5,21,142,14.293124034,"2"
2032,5,22,143,13.871975082,"2"
2032,5,23,144,14.039824302,"2"
2032,5,24,145,14.006254458,"2"
2032,5,25,146,14.509802118,"2"
2032,5,26,147,14.833293342,"2"
2032,5,27,148,15.26664951,"2"
2032,5,28,149,15.90752835,"2"
2032,5,29,150,16.77729249,"2"
2032,5,30,151,17.015333202,"2"
2032,5,31,152,16.887157434,"2"
2033,5,1,121,8.516059062,"2"
2033,5,2,122,8.656442046,"2"
2033,5,3,123,9.059280174,"2"
2033,5,4,124,9.123368058,"2"
2033,5,5,125,9.324787122,"2"
2033,5,6,126,9.89547447,"2"
2033,5,7,127,9.654381954,"2"
2033,5,8,128,9.63607113,"2"
2033,5,9,129,10.499731662,"2"
2033,5,10,130,10.716409746,"2"
2033,5,11,131,10.76523861,"2"
2033,5,12,132,11.20775019,"2"
2033,5,13,133,12.507818694,"2"
2033,5,14,134,13.188370986,"2"
2033,5,15,135,13.72548849,"2"
2033,5,16,136,13.398945462,"2"
2033,5,17,137,14.048979714,"2"
2033,5,18,138,14.021513478,"2"
2033,5,19,139,14.058135126,"2"
2033,5,20,140,14.055083322,"2"
2033,5,21,141,14.476232274,"2"
2033,5,22,142,14.674599534,"2"
2033,5,23,143,14.158844658,"2"
2033,5,24,144,13.475240562,"2"
2033,5,25,145,14.726480202,"2"
2033,5,26,146,15.446705946,"2"
2033,5,27,147,15.80071521,"2"
2033,5,28,148,15.996030666,"2"
2033,5,29,149,17.210648658,"2"
2033,5,30,150,17.409015918,"2"
2033,5,31,151,17.439533958,"2"
2034,5,1,121,9.059280174,"2"
2034,5,2,122,8.790721422,"2"
2034,5,3,123,8.180360622,"2"
2034,5,4,124,8.372624274,"2"
2034,5,5,125,8.729685342,"2"
2034,5,6,126,9.474325518,"2"
2034,5,7,127,10.325778834,"2"
2034,5,8,128,10.530249702,"2"
2034,5,9,129,9.950406942,"2"
2034,5,10,130,11.042952774,"2"
2034,5,11,131,11.369495802,"2"
2034,5,12,132,11.87914707,"2"
2034,5,13,133,12.739755798,"2"
2034,5,14,134,12.990003726,"2"
2034,5,15,135,12.70313415,"2"
2034,5,16,136,12.822154506,"2"
2034,5,17,137,13.38979005,"2"
2034,5,18,138,13.624778958,"2"
2034,5,19,139,13.438618914,"2"
2034,5,20,140,14.048979714,"2"
2034,5,21,141,13.456929738,"2"
2034,5,22,142,14.491491294,"2"
2034,5,23,143,14.909588442,"2"
2034,5,24,144,15.248338686,"2"
2034,5,25,145,15.452809554,"2"
2034,5,26,146,15.269701314,"2"
2034,5,27,147,15.675591246,"2"
2034,5,28,148,16.575873426,"2"
2034,5,29,149,17.268632934,"2"
2034,5,30,150,17.83016487,"2"
2034,5,31,151,16.536199974,"2"
2035,5,1,121,7.353321738,"2"
2035,5,2,122,7.310596482,"2"
2035,5,3,123,8.82734307,"2"
2035,5,4,124,9.581138658,"2"
2035,5,5,125,8.619820398,"2"
2035,5,6,126,9.156937902,"2"
2035,5,7,127,9.730677054,"2"
2035,5,8,128,10.82627469,"2"
2035,5,9,129,10.472265426,"2"
2035,5,10,130,10.188447654,"2"
2035,5,11,131,10.685891706,"2"
2035,5,12,132,11.134506894,"2"
2035,5,13,133,11.140610502,"2"
2035,5,14,134,11.274889878,"2"
2035,5,15,135,11.763178518,"2"
2035,5,16,136,12.13855041,"2"
2035,5,17,137,12.346073082,"2"
2035,5,18,138,13.118179494,"2"
2035,5,19,139,13.170060162,"2"
2035,5,20,140,13.26771789,"2"
2035,5,21,141,13.728540294,"2"
2035,5,22,142,15.584037126,"2"
2035,5,23,143,16.337832714,"2"
2035,5,24,144,15.806818818,"2"
2035,5,25,145,15.40398069,"2"
2035,5,26,146,16.032652314,"2"
2035,5,27,147,16.368350754,"2"
2035,5,28,148,16.432438638,"2"
2035,5,29,149,17.271684738,"2"
2035,5,30,150,16.83832857,"2"
2035,5,31,151,15.57182991,"2"
2036,5,1,122,7.78972971,"2"
2036,5,2,123,8.220034074,"2"
2036,5,3,124,9.17830053,"2"
2036,5,4,125,8.650338438,"2"
2036,5,5,126,8.592354162,"2"
2036,5,6,127,9.309528102,"2"
2036,5,7,128,9.553672422,"2"
2036,5,8,129,10.10910075,"2"
2036,5,9,130,10.859844534,"2"
2036,5,10,131,10.655373666,"2"
2036,5,11,132,10.85679273,"2"
2036,5,12,133,11.68077981,"2"
2036,5,13,134,13.157852946,"2"
2036,5,14,135,12.339969474,"2"
2036,5,15,136,12.553595754,"2"
2036,5,16,137,13.890285906,"2"
2036,5,17,138,14.790568086,"2"
2036,5,18,139,13.92385575,"2"
2036,5,19,140,13.64919339,"2"
2036,5,20,141,13.78652457,"2"
2036,5,21,142,14.25955419,"2"
2036,5,22,143,15.345996414,"2"
2036,5,23,144,16.508733738,"2"
2036,5,24,145,16.017393294,"2"
2036,5,25,146,15.886165722,"2"
2036,5,26,147,15.26664951,"2"
2036,5,27,148,14.784464478,"2"
2036,5,28,149,15.275804922,"2"
2036,5,29,150,16.157776278,"2"
2036,5,30,151,17.195389638,"2"
2036,5,31,152,17.576865138,"2"
2037,5,1,121,9.462118302,"2"
2037,5,2,122,9.456014694,"2"
2037,5,3,123,8.738840754,"2"
2037,5,4,124,9.028762134,"2"
2037,5,5,125,9.364460574,"2"
2037,5,6,126,9.550620618,"2"
2037,5,7,127,10.167085026,"2"
2037,5,8,128,10.157929614,"2"
2037,5,9,129,10.041961062,"2"
2037,5,10,130,10.386814914,"2"
2037,5,11,131,11.134506894,"2"
2037,5,12,132,11.906613306,"2"
2037,5,13,133,11.979856602,"2"
2037,5,14,134,11.821162794,"2"
2037,5,15,135,11.866939854,"2"
2037,5,16,136,12.990003726,"2"
2037,5,17,137,13.38979005,"2"
2037,5,18,138,13.685815038,"2"
2037,5,19,139,13.55763927,"2"
2037,5,20,140,15.049971426,"2"
2037,5,21,141,16.536199974,"2"
2037,5,22,142,16.008237882,"2"
2037,5,23,143,15.330737394,"2"
2037,5,24,144,14.744791026,"2"
2037,5,25,145,13.963529202,"2"
2037,5,26,146,13.55763927,"2"
2037,5,27,147,14.814982518,"2"
2037,5,28,148,15.156784566,"2"
2037,5,29,149,16.481267502,"2"
2037,5,30,150,16.331729106,"2"
2037,5,31,151,16.313418282,"2"
2038,5,1,121,7.658502138,"2"
2038,5,2,122,9.175248726,"2"
2038,5,3,123,9.84969741,"2"
2038,5,4,124,10.21591389,"2"
2038,5,5,125,10.579078566,"2"
2038,5,6,126,9.968717766,"2"
2038,5,7,127,9.214922178,"2"
2038,5,8,128,9.733728858,"2"
2038,5,9,129,10.527197898,"2"
2038,5,10,130,10.463110014,"2"
2038,5,11,131,11.448842706,"2"
2038,5,12,132,12.025633662,"2"
2038,5,13,133,13.014418158,"2"
2038,5,14,134,12.318606846,"2"
2038,5,15,135,12.263674374,"2"
2038,5,16,136,13.37453103,"2"
2038,5,17,137,13.459981542,"2"
2038,5,18,138,14.119171206,"2"
2038,5,19,139,14.262605994,"2"
2038,5,20,140,13.188370986,"2"
2038,5,21,141,12.745859406,"2"
2038,5,22,142,13.301287734,"2"
2038,5,23,143,14.876018598,"2"
2038,5,24,144,15.455861358,"2"
2038,5,25,145,15.757989954,"2"
2038,5,26,146,16.066222158,"2"
2038,5,27,147,16.51788915,"2"
2038,5,28,148,15.83123325,"2"
2038,5,29,149,16.408024206,"2"
2038,5,30,150,17.955288834,"2"
2038,5,31,151,17.991910482,"2"
2039,5,1,121,7.206835146,"2"
2039,5,2,122,6.52323105,"2"
2039,5,3,123,6.044097822,"2"
2039,5,4,124,6.88944753,"2"
2039,5,5,125,7.060348554,"2"
2039,5,6,126,7.051193142,"2"
2039,5,7,127,6.90470655,"2"
2039,5,8,128,8.317691802,"2"
2039,5,9,129,9.623863914,"2"
2039,5,10,130,10.045012866,"2"
2039,5,11,131,9.843593802,"2"
2039,5,12,132,10.838481906,"2"
2039,5,13,133,11.52818961,"2"
2039,5,14,134,10.484472642,"2"
2039,5,15,135,10.20065487,"2"
2039,5,16,136,10.728616962,"2"
2039,5,17,137,12.06225531,"2"
2039,5,18,138,12.343021278,"2"
2039,5,19,139,12.68787513,"2"
2039,5,20,140,13.194474594,"2"
2039,5,21,141,13.615623546,"2"
2039,5,22,142,11.515982394,"2"
2039,5,23,143,11.476308942,"2"
2039,5,24,144,12.68787513,"2"
2039,5,25,145,13.002210942,"2"
2039,5,26,146,14.283968622,"2"
2039,5,27,147,14.647133298,"2"
2039,5,28,148,15.010297974,"2"
2039,5,29,149,15.687798462,"2"
2039,5,30,150,16.01434149,"2"
2039,5,31,151,16.722360018,"2"
2040,5,1,122,9.123368058,"2"
2040,5,2,123,9.700159014,"2"
2040,5,3,124,10.713357942,"2"
2040,5,4,125,10.42954017,"2"
2040,5,5,126,9.352253358,"2"
2040,5,6,127,8.442815766,"2"
2040,5,7,128,9.156937902,"2"
2040,5,8,129,9.584190462,"2"
2040,5,9,130,10.798808454,"2"
2040,5,10,131,10.829326494,"2"
2040,5,11,132,9.877163646,"2"
2040,5,12,133,10.03280565,"2"
2040,5,13,134,10.737772374,"2"
2040,5,14,135,11.11619607,"2"
2040,5,15,136,10.801860258,"2"
2040,5,16,137,11.082626226,"2"
2040,5,17,138,11.683831614,"2"
2040,5,18,139,13.072402434,"2"
2040,5,19,140,12.910656822,"2"
2040,5,20,141,12.660408894,"2"
2040,5,21,142,12.959485686,"2"
2040,5,22,143,13.127334906,"2"
2040,5,23,144,13.310443146,"2"
2040,5,24,145,14.006254458,"2"
2040,5,25,146,14.65628871,"2"
2040,5,26,147,14.552527374,"2"
2040,5,27,148,15.288012138,"2"
2040,5,28,149,15.23613147,"2"
2040,5,29,150,16.218812358,"2"
2040,5,30,151,15.83123325,"2"
2040,5,31,152,14.74784283,"2"
2041,5,1,121,7.121384634,"2"
2041,5,2,122,8.424504942,"2"
2041,5,3,123,7.920957282,"2"
2041,5,4,124,8.488592826,"2"
2041,5,5,125,8.900586366,"2"
2041,5,6,126,8.427556746,"2"
2041,5,7,127,8.961622446,"2"
2041,5,8,128,9.95651055,"2"
2041,5,9,129,10.905621594,"2"
2041,5,10,130,11.555655846,"2"
2041,5,11,131,11.134506894,"2"
2041,5,12,132,11.07041901,"2"
2041,5,13,133,11.549552238,"2"
2041,5,14,134,12.21484551,"2"
2041,5,15,135,11.979856602,"2"
2041,5,16,136,12.544440342,"2"
2041,5,17,137,13.109024082,"2"
2041,5,18,138,13.362323814,"2"
2041,5,19,139,13.997099046,"2"
2041,5,20,140,14.659340514,"2"
2041,5,21,141,15.864803094,"2"
2041,5,22,142,16.25848581,"2"
2041,5,23,143,15.712212894,"2"
2041,5,24,144,14.866863186,"2"
2041,5,25,145,14.76310185,"2"
2041,5,26,146,15.596244342,"2"
2041,5,27,147,16.163879886,"2"
2041,5,28,148,16.054014942,"2"
2041,5,29,149,16.435490442,"2"
2041,5,30,150,16.185242514,"2"
2041,5,31,151,15.20561343,"2"
2042,5,1,121,7.801936926,"2"
2042,5,2,122,6.489661206,"2"
2042,5,3,123,7.17936891,"2"
2042,5,4,124,7.936216302,"2"
2042,5,5,125,8.635079418,"2"
2042,5,6,126,10.038909258,"2"
2042,5,7,127,11.580070278,"2"
2042,5,8,128,12.098876958,"2"
2042,5,9,129,12.385746534,"2"
2042,5,10,130,11.68077981,"2"
2042,5,11,131,12.004271034,"2"
2042,5,12,132,12.339969474,"2"
2042,5,13,133,11.564811258,"2"
2042,5,14,134,10.42954017,"2"
2042,5,15,135,10.73472057,"2"
2042,5,16,136,12.422368182,"2"
2042,5,17,137,13.67971143,"2"
2042,5,18,138,14.363315526,"2"
2042,5,19,139,14.515905726,"2"
2042,5,20,140,14.64102969,"2"
2042,5,21,141,15.028608798,"2"
2042,5,22,142,15.681694854,"2"
2042,5,23,143,15.043867818,"2"
2042,5,24,144,15.291063942,"2"
2042,5,25,145,16.078429374,"2"
2042,5,26,146,16.835276766,"2"
2042,5,27,147,16.337832714,"2"
2042,5,28,148,14.93095107,"2"
2042,5,29,149,15.962460822,"2"
2042,5,30,150,16.069273962,"2"
2042,5,31,151,16.15167267,"2"
2043,5,1,121,6.01968339,"2"
2043,5,2,122,6.82841145,"2"
2043,5,3,123,6.483557598,"2"
2043,5,4,124,7.048141338,"2"
2043,5,5,125,7.594414254,"2"
2043,5,6,126,7.325855502,"2"
2043,5,7,127,7.594414254,"2"
2043,5,8,128,8.027770422,"2"
2043,5,9,129,8.686960086,"2"
2043,5,10,130,10.289157186,"2"
2043,5,11,131,11.171128542,"2"
2043,5,12,132,12.019530054,"2"
2043,5,13,133,11.647209966,"2"
2043,5,14,134,11.290148898,"2"
2043,5,15,135,11.28404529,"2"
2043,5,16,136,11.51293059,"2"
2043,5,17,137,12.193482882,"2"
2043,5,18,138,12.468145242,"2"
2043,5,19,139,13.139542122,"2"
2043,5,20,140,13.49660319,"2"
2043,5,21,141,13.340961186,"2"
2043,5,22,142,13.005262746,"2"
2043,5,23,143,13.057143414,"2"
2043,5,24,144,14.009306262,"2"
2043,5,25,145,13.441670718,"2"
2043,5,26,146,13.57289829,"2"
2043,5,27,147,13.987943634,"2"
2043,5,28,148,15.715264698,"2"
2043,5,29,149,16.237123182,"2"
2043,5,30,150,16.264589418,"2"
2043,5,31,151,15.559622694,"2"
2044,5,1,122,8.49164463,"2"
2044,5,2,123,9.343097946,"2"
2044,5,3,124,9.871060038,"2"
2044,5,4,125,9.43770387,"2"
2044,5,5,126,8.702219106,"2"
2044,5,6,127,8.485541022,"2"
2044,5,7,128,10.13961879,"2"
2044,5,8,129,11.052108186,"2"
2044,5,9,130,10.545508722,"2"
2044,5,10,131,11.378651214,"2"
2044,5,11,132,11.293200702,"2"
2044,5,12,133,11.280993486,"2"
2044,5,13,134,11.412221058,"2"
2044,5,14,135,11.592277494,"2"
2044,5,15,136,12.681771522,"2"
2044,5,16,137,13.16090475,"2"
2044,5,17,138,12.968641098,"2"
2044,5,18,139,12.822154506,"2"
2044,5,19,140,13.310443146,"2"
2044,5,20,141,14.988935346,"2"
2044,5,21,142,15.428395122,"2"
2044,5,22,143,14.039824302,"2"
2044,5,23,144,13.859767866,"2"
2044,5,24,145,13.240251654,"2"
2044,5,25,146,14.174103678,"2"
2044,5,26,147,15.840388662,"2"
2044,5,27,148,16.127258238,"2"
2044,5,28,149,16.017393294,"2"
2044,5,29,150,16.093688394,"2"
2044,5,30,151,16.67047935,"2"
2044,5,31,152,16.566718014,"2"
2045,5,1,121,7.417409622,"2"
2045,5,2,122,7.222094166,"2"
2045,5,3,123,7.612725078,"2"
2045,5,4,124,8.622872202,"2"
2045,5,5,125,10.075530906,"2"
2045,5,6,126,10.936139634,"2"
2045,5,7,127,10.743875982,"2"
2045,5,8,128,10.359348678,"2"
2045,5,9,129,11.448842706,"2"
2045,5,10,130,11.473257138,"2"
2045,5,11,131,10.96360587,"2"
2045,5,12,132,10.817119278,"2"
2045,5,13,133,11.219957406,"2"
2045,5,14,134,10.691995314,"2"
2045,5,15,135,13.087661454,"2"
2045,5,16,136,14.036772498,"2"
2045,5,17,137,13.652245194,"2"
2045,5,18,138,14.12222301,"2"
2045,5,19,139,14.531164746,"2"
2045,5,20,140,14.12222301,"2"
2045,5,21,141,13.990995438,"2"
2045,5,22,142,14.86991499,"2"
2045,5,23,143,15.886165722,"2"
2045,5,24,144,15.574881714,"2"
2045,5,25,145,14.543371962,"2"
2045,5,26,146,14.363315526,"2"
2045,5,27,147,15.071334054,"2"
2045,5,28,148,15.996030666,"2"
2045,5,29,149,15.660332226,"2"
2045,5,30,150,16.704049194,"2"
2045,5,31,151,17.244218502,"2"
2046,5,1,121,9.370564182,"2"
2046,5,2,122,8.921948994,"2"
2046,5,3,123,9.733728858,"2"
2046,5,4,124,9.861904626,"2"
2046,5,5,125,10.884258966,"2"
2046,5,6,126,10.74997959,"2"
2046,5,7,127,10.49057625,"2"
2046,5,8,128,10.655373666,"2"
2046,5,9,129,10.167085026,"2"
2046,5,10,130,10.862896338,"2"
2046,5,11,131,10.908673398,"2"
2046,5,12,132,10.176240438,"2"
2046,5,13,133,10.283053578,"2"
2046,5,14,134,10.850689122,"2"
2046,5,15,135,11.357288586,"2"
2046,5,16,136,11.793696558,"2"
2046,5,17,137,12.712289562,"2"
2046,5,18,138,14.073394146,"2"
2046,5,19,139,14.110015794,"2"
2046,5,20,140,14.036772498,"2"
2046,5,21,141,14.653236906,"2"
2046,5,22,142,15.217820646,"2"
2046,5,23,143,15.452809554,"2"
2046,5,24,144,15.339892806,"2"
2046,5,25,145,15.516897438,"2"
2046,5,26,146,15.916683762,"2"
2046,5,27,147,17.351031642,"2"
2046,5,28,148,17.817957654,"2"
2046,5,29,149,17.094680106,"2"
2046,5,30,150,17.497518234,"2"
2046,5,31,151,17.973599658,"2"
2047,5,1,121,8.570991534,"2"
2047,5,2,122,7.975889754,"2"
2047,5,3,123,8.220034074,"2"
2047,5,4,124,8.70527091,"2"
2047,5,5,125,9.431600262,"2"
2047,5,6,126,10.01754663,"2"
2047,5,7,127,9.663537366,"2"
2047,5,8,128,9.861904626,"2"
2047,5,9,129,10.20065487,"2"
2047,5,10,130,10.402073934,"2"
2047,5,11,131,11.049056382,"2"
2047,5,12,132,12.455938026,"2"
2047,5,13,133,12.492559674,"2"
2047,5,14,134,12.614631834,"2"
2047,5,15,135,12.94727847,"2"
2047,5,16,136,13.966581006,"2"
2047,5,17,137,14.683754946,"2"
2047,5,18,138,14.821086126,"2"
2047,5,19,139,15.156784566,"2"
2047,5,20,140,15.431446926,"2"
2047,5,21,141,15.696953874,"2"
2047,5,22,142,15.90752835,"2"
2047,5,23,143,15.437550534,"2"
2047,5,24,144,14.888225814,"2"
2047,5,25,145,15.230027862,"2"
2047,5,26,146,15.608451558,"2"
2047,5,27,147,16.322573694,"2"
2047,5,28,148,16.520940954,"2"
2047,5,29,149,16.176087102,"2"
2047,5,30,150,16.844432178,"2"
2047,5,31,151,17.637901218,"2"
2048,5,1,122,8.815135854,"2"
2048,5,2,123,9.257647434,"2"
2048,5,3,124,9.126419862,"2"
2048,5,4,125,8.458074786,"2"
2048,5,5,126,8.067443874,"2"
2048,5,6,127,8.943311622,"2"
2048,5,7,128,9.233233002,"2"
2048,5,8,129,9.108109038,"2"
2048,5,9,130,9.36140877,"2"
2048,5,10,131,10.585182174,"2"
2048,5,11,132,11.378651214,"2"
2048,5,12,133,11.686883418,"2"
2048,5,13,134,12.12329139,"2"
2048,5,14,135,12.263674374,"2"
2048,5,15,136,13.530173034,"2"
2048,5,16,137,14.47318047,"2"
2048,5,17,138,14.192414502,"2"
2048,5,18,139,13.84756065,"2"
2048,5,19,140,13.777369158,"2"
2048,5,20,141,12.834361722,"2"
2048,5,21,142,12.370487514,"2"
2048,5,22,143,13.304339538,"2"
2048,5,23,144,14.952313698,"2"
2048,5,24,145,15.596244342,"2"
2048,5,25,146,16.15167267,"2"
2048,5,26,147,15.41923971,"2"
2048,5,27,148,14.729532006,"2"
2048,5,28,149,15.629814186,"2"
2048,5,29,150,16.07537757,"2"
2048,5,30,151,16.499578326,"2"
2048,5,31,152,16.44159405,"2"
2049,5,1,121,8.815135854,"2"
2049,5,2,122,8.845653894,"2"
2049,5,3,123,8.192567838,"2"
2049,5,4,124,8.070495678,"2"
2049,5,5,125,9.816127566,"2"
2049,5,6,126,11.033797362,"2"
2049,5,7,127,11.500723374,"2"
2049,5,8,128,11.128403286,"2"
2049,5,9,129,10.319675226,"2"
2049,5,10,130,10.52109429,"2"
2049,5,11,131,11.815059186,"2"
2049,5,12,132,13.215837222,"2"
2049,5,13,133,12.791636466,"2"
2049,5,14,134,13.228044438,"2"
2049,5,15,135,12.254518962,"2"
2049,5,16,136,12.935071254,"2"
2049,5,17,137,13.035780786,"2"
2049,5,18,138,13.316546754,"2"
2049,5,19,139,13.61867535,"2"
2049,5,20,140,12.953382078,"2"
2049,5,21,141,13.127334906,"2"
2049,5,22,142,13.960477398,"2"
2049,5,23,143,15.056075034,"2"
2049,5,24,144,14.96146911,"2"
2049,5,25,145,15.138473742,"2"
2049,5,26,146,15.501638418,"2"
2049,5,27,147,15.318530178,"2"
2049,5,28,148,16.16693169,"2"
2049,5,29,149,17.259477522,"2"
2049,5,30,150,16.97565975,"2"
2049,5,31,151,16.48737111,"2"
2050,5,1,121,7.01151969,"2"
2050,5,2,122,8.091858306,"2"
2050,5,3,123,9.404134026,"2"
2050,5,4,124,9.822231174,"2"
2050,5,5,125,9.062331978,"2"
2050,5,6,126,8.784617814,"2"
2050,5,7,127,9.919888902,"2"
2050,5,8,128,9.776454114,"2"
2050,5,9,129,9.739832466,"2"
2050,5,10,130,10.884258966,"2"
2050,5,11,131,10.792704846,"2"
2050,5,12,132,10.417332954,"2"
2050,5,13,133,12.324710454,"2"
2050,5,14,134,13.00831455,"2"
2050,5,15,135,13.072402434,"2"
2050,5,16,136,12.883190586,"2"
2050,5,17,137,11.747919498,"2"
2050,5,18,138,10.453954602,"2"
2050,5,19,139,10.634011038,"2"
2050,5,20,140,11.448842706,"2"
2050,5,21,141,12.385746534,"2"
2050,5,22,142,13.078506042,"2"
2050,5,23,143,13.441670718,"2"
2050,5,24,144,13.463033346,"2"
2050,5,25,145,14.094756774,"2"
2050,5,26,146,14.872966794,"2"
2050,5,27,147,16.551458994,"2"
2050,5,28,148,16.856639394,"2"
2050,5,29,149,17.796595026,"2"
2050,5,30,150,18.56259783,"2"
2050,5,31,151,17.619590394,"2"
2051,5,1,121,8.635079418,"2"
2051,5,2,122,9.172196922,"2"
2051,5,3,123,9.92599251,"2"
2051,5,4,124,10.112152554,"2"
2051,5,5,125,10.377659502,"2"
2051,5,6,126,11.16197313,"2"
2051,5,7,127,11.89440609,"2"
2051,5,8,128,11.540396826,"2"
2051,5,9,129,11.689935222,"2"
2051,5,10,130,12.233156334,"2"
2051,5,11,131,13.017469962,"2"
2051,5,12,132,12.709237758,"2"
2051,5,13,133,11.744867694,"2"
2051,5,14,134,12.120239586,"2"
2051,5,15,135,13.762110138,"2"
2051,5,16,136,14.454869646,"2"
2051,5,17,137,14.30533125,"2"
2051,5,18,138,13.444722522,"2"
2051,5,19,139,15.138473742,"2"
2051,5,20,140,16.710152802,"2"
2051,5,21,141,16.786447902,"2"
2051,5,22,142,16.322573694,"2"
2051,5,23,143,16.093688394,"2"
2051,5,24,144,16.722360018,"2"
2051,5,25,145,16.795603314,"2"
2051,5,26,146,16.24322679,"2"
2051,5,27,147,15.364307238,"2"
2051,5,28,148,15.49553481,"2"
2051,5,29,149,15.873958506,"2"
2051,5,30,150,16.04485953,"2"
2051,5,31,151,15.730523718,"2"
2052,5,1,122,8.165101602,"2"
2052,5,2,123,8.760203382,"2"
2052,5,3,124,9.17830053,"2"
2052,5,4,125,9.419393046,"2"
2052,5,5,126,10.389866718,"2"
2052,5,6,127,11.23826823,"2"
2052,5,7,128,11.851680834,"2"
2052,5,8,129,11.641106358,"2"
2052,5,9,130,11.860836246,"2"
2052,5,10,131,11.943234954,"2"
2052,5,11,132,11.03990097,"2"
2052,5,12,133,10.975813086,"2"
2052,5,13,134,11.317615134,"2"
2052,5,14,135,12.196534686,"2"
2052,5,15,136,12.022581858,"2"
2052,5,16,137,11.77233393,"2"
2052,5,17,138,12.788584662,"2"
2052,5,18,139,13.279925106,"2"
2052,5,19,140,14.033720694,"2"
2052,5,20,141,14.113067598,"2"
2052,5,21,142,14.348056506,"2"
2052,5,22,143,14.93095107,"2"
2052,5,23,144,15.08354127,"2"
2052,5,24,145,15.400928886,"2"
2052,5,25,146,15.379566258,"2"
2052,5,26,147,15.989927058,"2"
2052,5,27,148,16.725411822,"2"
2052,5,28,149,17.058058458,"2"
2052,5,29,150,16.932934494,"2"
2052,5,30,151,17.592124158,"2"
2052,5,31,152,18.82200117,"2"
2053,5,1,121,9.257647434,"2"
2053,5,2,122,9.596397678,"2"
2053,5,3,123,10.670632686,"2"
2053,5,4,124,10.218965694,"2"
2053,5,5,125,9.907681686,"2"
2053,5,6,126,9.944303334,"2"
2053,5,7,127,8.708322714,"2"
2053,5,8,128,8.668649262,"2"
2053,5,9,129,9.791713134,"2"
2053,5,10,130,11.393910234,"2"
2053,5,11,131,11.122299678,"2"
2053,5,12,132,10.283053578,"2"
2053,5,13,133,10.514990682,"2"
2053,5,14,134,11.708246046,"2"
2053,5,15,135,12.510870498,"2"
2053,5,16,136,12.556647558,"2"
2053,5,17,137,12.806895486,"2"
2053,5,18,138,13.157852946,"2"
2053,5,19,139,12.99305553,"2"
2053,5,20,140,13.23719985,"2"
2053,5,21,141,14.522009334,"2"
2053,5,22,142,15.318530178,"2"
2053,5,23,143,15.92278737,"2"
2053,5,24,144,16.221864162,"2"
2053,5,25,145,17.824061262,"2"
2053,5,26,146,18.580908654,"2"
2053,5,27,147,18.937969722,"2"
2053,5,28,148,17.842372086,"2"
2053,5,29,149,16.566718014,"2"
2053,5,30,150,16.597236054,"2"
2053,5,31,151,16.481267502,"2"
2054,5,1,121,8.281070154,"2"
2054,5,2,122,9.059280174,"2"
2054,5,3,123,9.221025786,"2"
2054,5,4,124,9.202714962,"2"
2054,5,5,125,9.410237634,"2"
2054,5,6,126,9.868008234,"2"
2054,5,7,127,10.011443022,"2"
2054,5,8,128,10.090789926,"2"
2054,5,9,129,10.682839902,"2"
2054,5,10,130,11.45189451,"2"
2054,5,11,131,11.195542974,"2"
2054,5,12,132,11.186387562,"2"
2054,5,13,133,12.00121923,"2"
2054,5,14,134,12.64209807,"2"
2054,5,15,135,12.828258114,"2"
2054,5,16,136,13.49660319,"2"
2054,5,17,137,12.97779651,"2"
2054,5,18,138,12.632942658,"2"
2054,5,19,139,13.093765062,"2"
2054,5,20,140,13.414204482,"2"
2054,5,21,141,14.158844658,"2"
2054,5,22,142,13.676659626,"2"
2054,5,23,143,13.972684614,"2"
2054,5,24,144,14.35110831,"2"
2054,5,25,145,14.94621009,"2"
2054,5,26,146,14.94621009,"2"
2054,5,27,147,15.788507994,"2"
2054,5,28,148,16.298159262,"2"
2054,5,29,149,16.25848581,"2"
2054,5,30,150,16.676582958,"2"
2054,5,31,151,17.927822598,"2"
2055,5,1,121,9.523154382,"2"
2055,5,2,122,9.520102578,"2"
2055,5,3,123,9.327838926,"2"
2055,5,4,124,9.324787122,"2"
2055,5,5,125,10.27694997,"2"
2055,5,6,126,9.877163646,"2"
2055,5,7,127,9.816127566,"2"
2055,5,8,128,10.478369034,"2"
2055,5,9,129,10.188447654,"2"
2055,5,10,130,10.450902798,"2"
2055,5,11,131,10.923932418,"2"
2055,5,12,132,11.067367206,"2"
2055,5,13,133,12.056151702,"2"
2055,5,14,134,12.64209807,"2"
2055,5,15,135,12.74891121,"2"
2055,5,16,136,12.745859406,"2"
2055,5,17,137,12.88624239,"2"
2055,5,18,138,14.277865014,"2"
2055,5,19,139,15.425343318,"2"
2055,5,20,140,15.870906702,"2"
2055,5,21,141,15.574881714,"2"
2055,5,22,142,14.689858554,"2"
2055,5,23,143,15.245286882,"2"
2055,5,24,144,15.461964966,"2"
2055,5,25,145,14.860759578,"2"
2055,5,26,146,15.629814186,"2"
2055,5,27,147,16.25848581,"2"
2055,5,28,148,16.932934494,"2"
2055,5,29,149,17.781336006,"2"
2055,5,30,150,17.64705663,"2"
2055,5,31,151,16.969556142,"2"
2056,5,1,122,9.510947166,"2"
2056,5,2,123,9.904629882,"2"
2056,5,3,124,10.06332369,"2"
2056,5,4,125,9.196611354,"2"
2056,5,5,126,8.378727882,"2"
2056,5,6,127,8.390935098,"2"
2056,5,7,128,8.580146946,"2"
2056,5,8,129,9.675744582,"2"
2056,5,9,130,10.844585514,"2"
2056,5,10,131,11.457998118,"2"
2056,5,11,132,12.028685466,"2"
2056,5,12,133,12.251467158,"2"
2056,5,13,134,11.766230322,"2"
2056,5,14,135,11.769282126,"2"
2056,5,15,136,11.546500434,"2"
2056,5,16,137,11.091781638,"2"
2056,5,17,138,11.403065646,"2"
2056,5,18,139,12.968641098,"2"
2056,5,19,140,13.823146218,"2"
2056,5,20,141,15.184250802,"2"
2056,5,21,142,16.466008482,"2"
2056,5,22,143,15.837336858,"2"
2056,5,23,144,14.726480202,"2"
2056,5,24,145,14.485387686,"2"
2056,5,25,146,15.446705946,"2"
2056,5,26,147,15.855647682,"2"
2056,5,27,148,15.718316502,"2"
2056,5,28,149,16.264589418,"2"
2056,5,29,150,16.68573837,"2"
2056,5,30,151,16.789499706,"2"
2056,5,31,152,17.177078814,"2"
2057,5,1,121,8.464178394,"2"
2057,5,2,122,8.769358794,"2"
2057,5,3,123,9.443807478,"2"
2057,5,4,124,10.270846362,"2"
2057,5,5,125,11.158921326,"2"
2057,5,6,126,11.69603883,"2"
2057,5,7,127,11.485464354,"2"
2057,5,8,128,12.202638294,"2"
2057,5,9,129,11.976804798,"2"
2057,5,10,130,11.976804798,"2"
2057,5,11,131,12.77942925,"2"
2057,5,12,132,13.423359894,"2"
2057,5,13,133,13.368427422,"2"
2057,5,14,134,13.838405238,"2"
2057,5,15,135,13.759058334,"2"
2057,5,16,136,13.386738246,"2"
2057,5,17,137,13.029677178,"2"
2057,5,18,138,13.066298826,"2"
2057,5,19,139,13.17616377,"2"
2057,5,20,140,13.606468134,"2"
2057,5,21,141,14.665444122,"2"
2057,5,22,142,16.31952189,"2"
2057,5,23,143,16.939038102,"2"
2057,5,24,144,16.478215698,"2"
2057,5,25,145,15.843440466,"2"
2057,5,26,146,16.050963138,"2"
2057,5,27,147,16.859691198,"2"
2057,5,28,148,17.271684738,"2"
2057,5,29,149,17.43343035,"2"
2057,5,30,150,16.652168526,"2"
2057,5,31,151,16.713204606,"2"
2058,5,1,121,7.798885122,"2"
2058,5,2,122,8.101013718,"2"
2058,5,3,123,9.52925799,"2"
2058,5,4,124,10.209810282,"2"
2058,5,5,125,10.203706674,"2"
2058,5,6,126,10.716409746,"2"
2058,5,7,127,10.618752018,"2"
2058,5,8,128,10.576026762,"2"
2058,5,9,129,11.110092462,"2"
2058,5,10,130,11.40611745,"2"
2058,5,11,131,11.219957406,"2"
2058,5,12,132,11.49767157,"2"
2058,5,13,133,11.714349654,"2"
2058,5,14,134,11.699090634,"2"
2058,5,15,135,12.938123058,"2"
2058,5,16,136,14.833293342,"2"
2058,5,17,137,14.879070402,"2"
2058,5,18,138,14.323642074,"2"
2058,5,19,139,14.802775302,"2"
2058,5,20,140,15.66338403,"2"
2058,5,21,141,17.042799438,"2"
2058,5,22,142,16.697945586,"2"
2058,5,23,143,16.057066746,"2"
2058,5,24,144,16.530096366,"2"
2058,5,25,145,17.000074182,"2"
2058,5,26,146,17.140457166,"2"
2058,5,27,147,17.033644026,"2"
2058,5,28,148,16.972607946,"2"
2058,5,29,149,16.499578326,"2"
2058,5,30,150,17.170975206,"2"
2058,5,31,151,16.50263013,"2"
2059,5,1,121,9.01045131,"2"
2059,5,2,122,8.882275542,"2"
2059,5,3,123,8.85786111,"2"
2059,5,4,124,8.41534953,"2"
2059,5,5,125,8.509955454,"2"
2059,5,6,126,10.493628054,"2"
2059,5,7,127,10.960554066,"2"
2059,5,8,128,10.682839902,"2"
2059,5,9,129,10.594337586,"2"
2059,5,10,130,9.764246898,"2"
2059,5,11,131,9.91073349,"2"
2059,5,12,132,10.237276518,"2"
2059,5,13,133,11.45189451,"2"
2059,5,14,134,12.178223862,"2"
2059,5,15,135,11.94018315,"2"
2059,5,16,136,12.663460698,"2"
2059,5,17,137,13.292132322,"2"
2059,5,18,138,12.79468827,"2"
2059,5,19,139,12.874035174,"2"
2059,5,20,140,13.844508846,"2"
2059,5,21,141,14.814982518,"2"
2059,5,22,142,15.870906702,"2"
2059,5,23,143,16.133361846,"2"
2059,5,24,144,15.321581982,"2"
2059,5,25,145,14.88517401,"2"
2059,5,26,146,15.153732762,"2"
2059,5,27,147,14.872966794,"2"
2059,5,28,148,16.292055654,"2"
2059,5,29,149,16.475163894,"2"
2059,5,30,150,16.206605142,"2"
2059,5,31,151,16.59418425,"2"
2060,5,1,122,8.805980442,"2"
2060,5,2,123,8.931104406,"2"
2060,5,3,124,9.45296289,"2"
2060,5,4,125,8.607613182,"2"
2060,5,5,126,9.187455942,"2"
2060,5,6,127,9.706262622,"2"
2060,5,7,128,10.701150726,"2"
2060,5,8,129,11.43663549,"2"
2060,5,9,130,12.007322838,"2"
2060,5,10,131,12.126343194,"2"
2060,5,11,132,12.355228494,"2"
2060,5,12,133,12.736703994,"2"
2060,5,13,134,12.608528226,"2"
2060,5,14,135,12.281985198,"2"
2060,5,15,136,12.617683638,"2"
2060,5,16,137,13.157852946,"2"
2060,5,17,138,13.560691074,"2"
2060,5,18,139,14.287020426,"2"
2060,5,19,140,15.06828225,"2"
2060,5,20,141,15.260545902,"2"
2060,5,21,142,15.15983637,"2"
2060,5,22,143,15.504690222,"2"
2060,5,23,144,16.511785542,"2"
2060,5,24,145,15.773248974,"2"
2060,5,25,146,15.17509539,"2"
2060,5,26,147,14.561682786,"2"
2060,5,27,148,15.886165722,"2"
2060,5,28,149,15.75493815,"2"
2060,5,29,150,16.89936465,"2"
2060,5,30,151,17.561606118,"2"
2060,5,31,152,16.59418425,"2"
2061,5,1,121,9.013503114,"2"
2061,5,2,122,8.641183026,"2"
2061,5,3,123,8.36957247,"2"
2061,5,4,124,8.891430954,"2"
2061,5,5,125,9.123368058,"2"
2061,5,6,126,9.46822191,"2"
2061,5,7,127,10.313571618,"2"
2061,5,8,128,10.405125738,"2"
2061,5,9,129,11.415272862,"2"
2061,5,10,130,11.607536514,"2"
2061,5,11,131,11.525137806,"2"
2061,5,12,132,11.445790902,"2"
2061,5,13,133,11.766230322,"2"
2061,5,14,134,12.837413526,"2"
2061,5,15,135,13.762110138,"2"
2061,5,16,136,13.713281274,"2"
2061,5,17,137,13.713281274,"2"
2061,5,18,138,14.210725326,"2"
2061,5,19,139,14.390781762,"2"
2061,5,20,140,13.752954726,"2"
2061,5,21,141,14.064238734,"2"
2061,5,22,142,15.675591246,"2"
2061,5,23,143,16.505681934,"2"
2061,5,24,144,16.408024206,"2"
2061,5,25,145,16.337832714,"2"
2061,5,26,146,16.154724474,"2"
2061,5,27,147,15.776300778,"2"
2061,5,28,148,16.06011855,"2"
2061,5,29,149,16.157776278,"2"
2061,5,30,150,16.966504338,"2"
2061,5,31,151,16.96040073,"2"
2062,5,1,121,8.387883294,"2"
2062,5,2,122,10.32272703,"2"
2062,5,3,123,11.290148898,"2"
2062,5,4,124,11.433583686,"2"
2062,5,5,125,10.041961062,"2"
2062,5,6,126,10.466161818,"2"
2062,5,7,127,11.05515999,"2"
2062,5,8,128,10.972761282,"2"
2062,5,9,129,11.247423642,"2"
2062,5,10,130,11.37559941,"2"
2062,5,11,131,11.628899142,"2"
2062,5,12,132,12.462041634,"2"
2062,5,13,133,13.173111966,"2"
2062,5,14,134,13.42030809,"2"
2062,5,15,135,14.500646706,"2"
2062,5,16,136,15.919735566,"2"
2062,5,17,137,15.974668038,"2"
2062,5,18,138,14.851604166,"2"
2062,5,19,139,14.738687418,"2"
2062,5,20,140,15.547415478,"2"
2062,5,21,141,15.513845634,"2"
2062,5,22,142,15.84649227,"2"
2062,5,23,143,15.352100022,"2"
2062,5,24,144,14.94621009,"2"
2062,5,25,145,15.226976058,"2"
2062,5,26,146,14.77836087,"2"
2062,5,27,147,14.973676326,"2"
2062,5,28,148,16.12115463,"2"
2062,5,29,149,15.568778106,"2"
2062,5,30,150,15.443654142,"2"
2062,5,31,151,15.263597706,"2"
2063,5,1,121,10.176240438,"2"
2063,5,2,122,9.94125153,"2"
2063,5,3,123,9.837490194,"2"
2063,5,4,124,9.996184002,"2"
2063,5,5,125,11.378651214,"2"
2063,5,6,126,12.333865866,"2"
2063,5,7,127,11.540396826,"2"
2063,5,8,128,11.076522618,"2"
2063,5,9,129,11.183335758,"2"
2063,5,10,130,10.868999946,"2"
2063,5,11,131,10.997175714,"2"
2063,5,12,132,12.35217669,"2"
2063,5,13,133,12.709237758,"2"
2063,5,14,134,12.730600386,"2"
2063,5,15,135,13.81704261,"2"
2063,5,16,136,13.502706798,"2"
2063,5,17,137,12.938123058,"2"
2063,5,18,138,13.655296998,"2"
2063,5,19,139,15.03776421,"2"
2063,5,20,140,15.58708893,"2"
2063,5,21,141,15.260545902,"2"
2063,5,22,142,15.324633786,"2"
2063,5,23,143,14.851604166,"2"
2063,5,24,144,15.324633786,"2"
2063,5,25,145,15.095748486,"2"
2063,5,26,146,15.675591246,"2"
2063,5,27,147,16.697945586,"2"
2063,5,28,148,17.177078814,"2"
2063,5,29,149,17.381549682,"2"
2063,5,30,150,16.383609774,"2"
2063,5,31,151,16.050963138,"2"
2064,5,1,122,10.203706674,"2"
2064,5,2,123,10.814067474,"2"
2064,5,3,124,10.533301506,"2"
2064,5,4,125,10.380711306,"2"
2064,5,5,126,10.255587342,"2"
2064,5,6,127,10.640114646,"2"
2064,5,7,128,10.865948142,"2"
2064,5,8,129,11.042952774,"2"
2064,5,9,130,12.26062257,"2"
2064,5,10,131,13.051039806,"2"
2064,5,11,132,12.773325642,"2"
2064,5,12,133,13.386738246,"2"
2064,5,13,134,13.40504907,"2"
2064,5,14,135,13.185319182,"2"
2064,5,15,136,13.911648534,"2"
2064,5,16,137,14.699013966,"2"
2064,5,17,138,15.214768842,"2"
2064,5,18,139,15.28190853,"2"
2064,5,19,140,14.741739222,"2"
2064,5,20,141,15.156784566,"2"
2064,5,21,142,15.638969598,"2"
2064,5,22,143,14.567786394,"2"
2064,5,23,144,14.787516282,"2"
2064,5,24,145,15.803767014,"2"
2064,5,25,146,16.12115463,"2"
2064,5,26,147,16.224915966,"2"
2064,5,27,148,17.781336006,"2"
2064,5,28,149,17.656212042,"2"
2064,5,29,150,17.866786518,"2"
2064,5,30,151,17.592124158,"2"
2064,5,31,152,16.76203347,"2"
2065,5,1,121,7.95757893,"2"
2065,5,2,122,8.65949385,"2"
2065,5,3,123,9.413289438,"2"
2065,5,4,124,9.60555309,"2"
2065,5,5,125,10.280001774,"2"
2065,5,6,126,10.447850994,"2"
2065,5,7,127,10.127411574,"2"
2065,5,8,128,10.435643778,"2"
2065,5,9,129,10.527197898,"2"
2065,5,10,130,10.30746801,"2"
2065,5,11,131,10.951398654,"2"
2065,5,12,132,12.114135978,"2"
2065,5,13,133,12.727548582,"2"
2065,5,14,134,13.066298826,"2"
2065,5,15,135,12.388798338,"2"
2065,5,16,136,12.553595754,"2"
2065,5,17,137,13.554587466,"2"
2065,5,18,138,14.042876106,"2"
2065,5,19,139,13.853664258,"2"
2065,5,20,140,13.990995438,"2"
2065,5,21,141,14.644081494,"2"
2065,5,22,142,14.683754946,"2"
2065,5,23,143,15.367359042,"2"
2065,5,24,144,16.078429374,"2"
2065,5,25,145,16.377506166,"2"
2065,5,26,146,16.59418425,"2"
2065,5,27,147,16.679634762,"2"
2065,5,28,148,17.244218502,"2"
2065,5,29,149,17.918667186,"2"
2065,5,30,150,18.168915114,"2"
2065,5,31,151,19.047834666,"2"
2066,5,1,121,8.93415621,"2"
2066,5,2,122,8.915845386,"2"
2066,5,3,123,8.26275933,"2"
2066,5,4,124,7.768367082,"2"
2066,5,5,125,9.779505918,"2"
2066,5,6,126,10.038909258,"2"
2066,5,7,127,9.62081211,"2"
2066,5,8,128,10.73472057,"2"
2066,5,9,129,12.205690098,"2"
2066,5,10,130,12.99305553,"2"
2066,5,11,131,12.968641098,"2"
2066,5,12,132,11.747919498,"2"
2066,5,13,133,13.258562478,"2"
2066,5,14,134,12.712289562,"2"
2066,5,15,135,12.632942658,"2"
2066,5,16,136,13.670556018,"2"
2066,5,17,137,14.04592791,"2"
2066,5,18,138,14.012358066,"2"
2066,5,19,139,13.844508846,"2"
2066,5,20,140,13.249407066,"2"
2066,5,21,141,13.792628178,"2"
2066,5,22,142,15.202561626,"2"
2066,5,23,143,16.124206434,"2"
2066,5,24,144,15.635917794,"2"
2066,5,25,145,15.43449873,"2"
2066,5,26,146,16.44159405,"2"
2066,5,27,147,17.467000194,"2"
2066,5,28,148,18.611426694,"2"
2066,5,29,149,19.682609898,"2"
2066,5,30,150,19.609366602,"2"
2066,5,31,151,19.099715334,"2"
2067,5,1,121,8.863964718,"2"
2067,5,2,122,9.97176957,"2"
2067,5,3,123,10.35324507,"2"
2067,5,4,124,10.64316645,"2"
2067,5,5,125,11.28404529,"2"
2067,5,6,126,11.076522618,"2"
2067,5,7,127,10.423436562,"2"
2067,5,8,128,10.667580882,"2"
2067,5,9,129,11.461049922,"2"
2067,5,10,130,12.16906845,"2"
2067,5,11,131,12.26062257,"2"
2067,5,12,132,11.622795534,"2"
2067,5,13,133,11.48241255,"2"
2067,5,14,134,13.270769694,"2"
2067,5,15,135,13.691918646,"2"
2067,5,16,136,13.609519938,"2"
2067,5,17,137,13.453877934,"2"
2067,5,18,138,13.487447778,"2"
2067,5,19,139,14.74784283,"2"
2067,5,20,140,14.692910358,"2"
2067,5,21,141,14.180207286,"2"
2067,5,22,142,14.876018598,"2"
2067,5,23,143,16.02960051,"2"
2067,5,24,144,16.768137078,"2"
2067,5,25,145,16.588080642,"2"
2067,5,26,146,15.66338403,"2"
2067,5,27,147,16.032652314,"2"
2067,5,28,148,15.980771646,"2"
2067,5,29,149,16.041807726,"2"
2067,5,30,150,17.491414626,"2"
2067,5,31,151,17.628745806,"2"
2068,5,1,122,10.020598434,"2"
2068,5,2,123,10.91782881,"2"
2068,5,3,124,10.447850994,"2"
2068,5,4,125,9.556724226,"2"
2068,5,5,126,10.341037854,"2"
2068,5,6,127,11.012434734,"2"
2068,5,7,128,11.400013842,"2"
2068,5,8,129,11.491567962,"2"
2068,5,9,130,12.71839317,"2"
2068,5,10,131,13.627830762,"2"
2068,5,11,132,13.63393437,"2"
2068,5,12,133,14.287020426,"2"
2068,5,13,134,15.245286882,"2"
2068,5,14,135,14.872966794,"2"
2068,5,15,136,14.952313698,"2"
2068,5,16,137,15.321581982,"2"
2068,5,17,138,15.300219354,"2"
2068,5,18,139,16.160828082,"2"
2068,5,19,140,16.581977034,"2"
2068,5,20,141,16.545355386,"2"
2068,5,21,142,15.919735566,"2"
2068,5,22,143,15.324633786,"2"
2068,5,23,144,16.218812358,"2"
2068,5,24,145,17.225907678,"2"
2068,5,25,146,17.52498447,"2"
2068,5,26,147,17.802698634,"2"
2068,5,27,148,17.964444246,"2"
2068,5,28,149,18.071257386,"2"
2068,5,29,150,18.138397074,"2"
2068,5,30,151,17.689781886,"2"
2068,5,31,152,18.004117698,"2"
2069,5,1,121,9.227129394,"2"
2069,5,2,122,10.051116474,"2"
2069,5,3,123,10.060271886,"2"
2069,5,4,124,10.618752018,"2"
2069,5,5,125,11.586173886,"2"
2069,5,6,126,10.209810282,"2"
2069,5,7,127,10.615700214,"2"
2069,5,8,128,12.07751433,"2"
2069,5,9,129,12.797740074,"2"
2069,5,10,130,12.599372814,"2"
2069,5,11,131,12.446782614,"2"
2069,5,12,132,12.401005554,"2"
2069,5,13,133,13.197526398,"2"
2069,5,14,134,13.936062966,"2"
2069,5,15,135,14.50369851,"2"
2069,5,16,136,12.541388538,"2"
2069,5,17,137,12.03173727,"2"
2069,5,18,138,13.212785418,"2"
2069,5,19,139,13.77126555,"2"
2069,5,20,140,14.003202654,"2"
2069,5,21,141,14.555579178,"2"
2069,5,22,142,15.233079666,"2"
2069,5,23,143,15.104903898,"2"
2069,5,24,144,14.65628871,"2"
2069,5,25,145,14.222932542,"2"
2069,5,26,146,14.329745682,"2"
2069,5,27,147,14.76310185,"2"
2069,5,28,148,15.913631958,"2"
2069,5,29,149,16.957348926,"2"
2069,5,30,150,17.729455338,"2"
2069,5,31,151,16.600287858,"2"
2070,5,1,121,8.793773226,"2"
2070,5,2,122,9.471273714,"2"
2070,5,3,123,10.30746801,"2"
2070,5,4,124,10.670632686,"2"
2070,5,5,125,9.678796386,"2"
2070,5,6,126,9.935147922,"2"
2070,5,7,127,11.018538342,"2"
2070,5,8,128,12.013426446,"2"
2070,5,9,129,12.877086978,"2"
2070,5,10,130,13.31349495,"2"
2070,5,11,131,13.371479226,"2"
2070,5,12,132,14.094756774,"2"
2070,5,13,133,13.517965818,"2"
2070,5,14,134,13.548483858,"2"
2070,5,15,135,14.314486662,"2"
2070,5,16,136,13.624778958,"2"
2070,5,17,137,13.783472766,"2"
2070,5,18,138,14.164948266,"2"
2070,5,19,139,14.705117574,"2"
2070,5,20,140,15.107955702,"2"
2070,5,21,141,15.382618062,"2"
2070,5,22,142,16.65522033,"2"
2070,5,23,143,17.015333202,"2"
2070,5,24,144,16.643013114,"2"
2070,5,25,145,16.740670842,"2"
2070,5,26,146,17.015333202,"2"
2070,5,27,147,17.582968746,"2"
2070,5,28,148,18.046842954,"2"
2070,5,29,149,18.016324914,"2"
2070,5,30,150,17.244218502,"2"
2070,5,31,151,17.119094538,"2"
2071,5,1,121,9.04096935,"2"
2071,5,2,122,8.458074786,"2"
2071,5,3,123,8.78156601,"2"
2071,5,4,124,9.501791754,"2"
2071,5,5,125,10.90256979,"2"
2071,5,6,126,12.700082346,"2"
2071,5,7,127,13.188370986,"2"
2071,5,8,128,12.42847179,"2"
2071,5,9,129,12.324710454,"2"
2071,5,10,130,12.315555042,"2"
2071,5,11,131,13.20668181,"2"
2071,5,12,132,14.103912186,"2"
2071,5,13,133,13.60341633,"2"
2071,5,14,134,13.514914014,"2"
2071,5,15,135,13.83230163,"2"
2071,5,16,136,14.100860382,"2"
2071,5,17,137,13.95437379,"2"
2071,5,18,138,12.935071254,"2"
2071,5,19,139,14.720376594,"2"
2071,5,20,140,15.590140734,"2"
2071,5,21,141,16.020445098,"2"
2071,5,22,142,16.661323938,"2"
2071,5,23,143,15.77019717,"2"
2071,5,24,144,14.222932542,"2"
2071,5,25,145,14.604408042,"2"
2071,5,26,146,16.203553338,"2"
2071,5,27,147,17.717248122,"2"
2071,5,28,148,18.117034446,"2"
2071,5,29,149,18.07430919,"2"
2071,5,30,150,18.141448878,"2"
2071,5,31,151,18.263521038,"2"
2072,5,1,122,7.075607574,"2"
2072,5,2,123,7.203783342,"2"
2072,5,3,124,7.512015546,"2"
2072,5,4,125,8.59845777,"2"
2072,5,5,126,9.398030418,"2"
2072,5,6,127,9.922940706,"2"
2072,5,7,128,10.389866718,"2"
2072,5,8,129,11.046004578,"2"
2072,5,9,130,11.552604042,"2"
2072,5,10,131,12.376591122,"2"
2072,5,11,132,12.211793706,"2"
2072,5,12,133,12.126343194,"2"
2072,5,13,134,12.715341366,"2"
2072,5,14,135,13.188370986,"2"
2072,5,15,136,14.409092586,"2"
2072,5,16,137,14.882122206,"2"
2072,5,17,138,13.139542122,"2"
2072,5,18,139,12.21484551,"2"
2072,5,19,140,13.194474594,"2"
2072,5,20,141,14.113067598,"2"
2072,5,21,142,14.726480202,"2"
2072,5,22,143,14.653236906,"2"
2072,5,23,144,15.78545619,"2"
2072,5,24,145,16.282900242,"2"
2072,5,25,146,16.948193514,"2"
2072,5,26,147,17.335772622,"2"
2072,5,27,148,17.775232398,"2"
2072,5,28,149,17.90645997,"2"
2072,5,29,150,17.940029814,"2"
2072,5,30,151,18.28793547,"2"
2072,5,31,152,17.885097342,"2"
2073,5,1,121,7.215990558,"2"
2073,5,2,122,7.460134878,"2"
2073,5,3,123,8.14068717,"2"
2073,5,4,124,8.891430954,"2"
2073,5,5,125,9.95651055,"2"
2073,5,6,126,10.426488366,"2"
2073,5,7,127,9.883267254,"2"
2073,5,8,128,10.075530906,"2"
2073,5,9,129,10.395970326,"2"
2073,5,10,130,11.277941682,"2"
2073,5,11,131,10.743875982,"2"
2073,5,12,132,11.84862903,"2"
2073,5,13,133,12.294192414,"2"
2073,5,14,134,11.729608674,"2"
2073,5,15,135,12.043944486,"2"
2073,5,16,136,13.362323814,"2"
2073,5,17,137,13.768213746,"2"
2073,5,18,138,14.576941806,"2"
2073,5,19,139,14.949261894,"2"
2073,5,20,140,14.888225814,"2"
2073,5,21,141,15.016401582,"2"
2073,5,22,142,15.43449873,"2"
2073,5,23,143,15.077437662,"2"
2073,5,24,144,14.522009334,"2"
2073,5,25,145,14.48843949,"2"
2073,5,26,146,15.700005678,"2"
2073,5,27,147,17.05195485,"2"
2073,5,28,148,17.634849414,"2"
2073,5,29,149,17.57076153,"2"
2073,5,30,150,16.984815162,"2"
2073,5,31,151,16.35003993,"2"
2074,5,1,121,9.019606722,"2"
2074,5,2,122,9.935147922,"2"
2074,5,3,123,10.15487781,"2"
2074,5,4,124,10.807963866,"2"
2074,5,5,125,11.723505066,"2"
2074,5,6,126,12.193482882,"2"
2074,5,7,127,11.464101726,"2"
2074,5,8,128,11.515982394,"2"
2074,5,9,129,12.48950787,"2"
2074,5,10,130,12.205690098,"2"
2074,5,11,131,11.076522618,"2"
2074,5,12,132,11.54344863,"2"
2074,5,13,133,11.824214598,"2"
2074,5,14,134,12.614631834,"2"
2074,5,15,135,13.22194083,"2"
2074,5,16,136,13.807887198,"2"
2074,5,17,137,14.253450582,"2"
2074,5,18,138,13.792628178,"2"
2074,5,19,139,14.348056506,"2"
2074,5,20,140,14.53421655,"2"
2074,5,21,141,15.55657089,"2"
2074,5,22,142,16.020445098,"2"
2074,5,23,143,16.462956678,"2"
2074,5,24,144,16.392765186,"2"
2074,5,25,145,16.42633503,"2"
2074,5,26,146,16.636909506,"2"
2074,5,27,147,16.664375742,"2"
2074,5,28,148,16.743722646,"2"
2074,5,29,149,17.17402701,"2"
2074,5,30,150,18.428318454,"2"
2074,5,31,151,18.037687542,"2"
2075,5,1,121,9.55977603,"2"
2075,5,2,122,8.986036878,"2"
2075,5,3,123,9.150834294,"2"
2075,5,4,124,9.172196922,"2"
2075,5,5,125,9.272906454,"2"
2075,5,6,126,9.166093314,"2"
2075,5,7,127,9.077590998,"2"
2075,5,8,128,10.499731662,"2"
2075,5,9,129,11.519034198,"2"
2075,5,10,130,12.635994462,"2"
2075,5,11,131,12.950330274,"2"
2075,5,12,132,13.484395974,"2"
2075,5,13,133,13.047988002,"2"
2075,5,14,134,12.590217402,"2"
2075,5,15,135,13.362323814,"2"
2075,5,16,136,13.231096242,"2"
2075,5,17,137,13.185319182,"2"
2075,5,18,138,13.20668181,"2"
2075,5,19,139,13.112075886,"2"
2075,5,20,140,13.975736418,"2"
2075,5,21,141,14.009306262,"2"
2075,5,22,142,15.101852094,"2"
2075,5,23,143,16.06011855,"2"
2075,5,24,144,17.314409994,"2"
2075,5,25,145,17.152664382,"2"
2075,5,26,146,16.588080642,"2"
2075,5,27,147,16.923779082,"2"
2075,5,28,148,16.115051022,"2"
2075,5,29,149,16.801706922,"2"
2075,5,30,150,17.439533958,"2"
2075,5,31,151,16.694893782,"2"
2076,5,1,122,7.344166326,"2"
2076,5,2,123,8.882275542,"2"
2076,5,3,124,9.297320886,"2"
2076,5,4,125,9.892422666,"2"
2076,5,5,126,11.134506894,"2"
2076,5,6,127,12.022581858,"2"
2076,5,7,128,11.021590146,"2"
2076,5,8,129,10.33798605,"2"
2076,5,9,130,11.195542974,"2"
2076,5,10,131,11.366443998,"2"
2076,5,11,132,11.81811099,"2"
2076,5,12,133,11.625847338,"2"
2076,5,13,134,12.837413526,"2"
2076,5,14,135,12.97779651,"2"
2076,5,15,136,13.81704261,"2"
2076,5,16,137,14.210725326,"2"
2076,5,17,138,13.95437379,"2"
2076,5,18,139,13.90859673,"2"
2076,5,19,140,14.271761406,"2"
2076,5,20,141,14.927899266,"2"
2076,5,21,142,15.111007506,"2"
2076,5,22,143,14.094756774,"2"
2076,5,23,144,12.974744706,"2"
2076,5,24,145,13.997099046,"2"
2076,5,25,146,15.046919622,"2"
2076,5,26,147,16.108947414,"2"
2076,5,27,148,16.581977034,"2"
2076,5,28,149,17.317461798,"2"
2076,5,29,150,17.534139882,"2"
2076,5,30,151,17.454792978,"2"
2076,5,31,152,16.493474718,"2"
2077,5,1,121,9.617760306,"2"
2077,5,2,122,9.980924982,"2"
2077,5,3,123,11.204698386,"2"
2077,5,4,124,11.265734466,"2"
2077,5,5,125,10.511938878,"2"
2077,5,6,126,10.939191438,"2"
2077,5,7,127,10.50583527,"2"
2077,5,8,128,11.366443998,"2"
2077,5,9,129,12.376591122,"2"
2077,5,10,130,13.517965818,"2"
2077,5,11,131,13.46608515,"2"
2077,5,12,132,12.022581858,"2"
2077,5,13,133,12.767222034,"2"
2077,5,14,134,14.271761406,"2"
2077,5,15,135,14.180207286,"2"
2077,5,16,136,13.459981542,"2"
2077,5,17,137,12.84046533,"2"
2077,5,18,138,13.743799314,"2"
2077,5,19,139,14.647133298,"2"
2077,5,20,140,15.043867818,"2"
2077,5,21,141,14.360263722,"2"
2077,5,22,142,14.186310894,"2"
2077,5,23,143,14.024565282,"2"
2077,5,24,144,14.695962162,"2"
2077,5,25,145,15.654228618,"2"
2077,5,26,146,16.023496902,"2"
2077,5,27,147,16.084532982,"2"
2077,5,28,148,17.12824995,"2"
2077,5,29,149,17.106887322,"2"
2077,5,30,150,18.08956821,"2"
2077,5,31,151,18.367282374,"2"
2078,5,1,121,9.263751042,"2"
2078,5,2,122,10.594337586,"2"
2078,5,3,123,11.110092462,"2"
2078,5,4,124,10.481420838,"2"
2078,5,5,125,10.969709478,"2"
2078,5,6,126,11.75707491,"2"
2078,5,7,127,11.760126714,"2"
2078,5,8,128,11.598381102,"2"
2078,5,9,129,11.174180346,"2"
2078,5,10,130,11.921872326,"2"
2078,5,11,131,12.773325642,"2"
2078,5,12,132,14.15274105,"2"
2078,5,13,133,14.479284078,"2"
2078,5,14,134,14.592200826,"2"
2078,5,15,135,14.27481321,"2"
2078,5,16,136,14.186310894,"2"
2078,5,17,137,14.589149022,"2"
2078,5,18,138,15.910580154,"2"
2078,5,19,139,15.980771646,"2"
2078,5,20,140,15.544363674,"2"
2078,5,21,141,15.925839174,"2"
2078,5,22,142,15.986875254,"2"
2078,5,23,143,16.057066746,"2"
2078,5,24,144,16.59418425,"2"
2078,5,25,145,16.676582958,"2"
2078,5,26,146,16.44159405,"2"
2078,5,27,147,16.435490442,"2"
2078,5,28,148,16.890209238,"2"
2078,5,29,149,18.294039078,"2"
2078,5,30,150,18.519872574,"2"
2078,5,31,151,18.312349902,"2"
2079,5,1,121,8.055236658,"2"
2079,5,2,122,8.586250554,"2"
2079,5,3,123,8.96467425,"2"
2079,5,4,124,10.014494826,"2"
2079,5,5,125,11.006331126,"2"
2079,5,6,126,11.11619607,"2"
2079,5,7,127,11.75707491,"2"
2079,5,8,128,11.674676202,"2"
2079,5,9,129,11.335925958,"2"
2079,5,10,130,12.098876958,"2"
2079,5,11,131,11.815059186,"2"
2079,5,12,132,13.224992634,"2"
2079,5,13,133,12.544440342,"2"
2079,5,14,134,12.007322838,"2"
2079,5,15,135,11.94018315,"2"
2079,5,16,136,12.950330274,"2"
2079,5,17,137,12.935071254,"2"
2079,5,18,138,12.706185954,"2"
2079,5,19,139,13.380634638,"2"
2079,5,20,140,14.210725326,"2"
2079,5,21,141,14.253450582,"2"
2079,5,22,142,14.094756774,"2"
2079,5,23,143,13.820094414,"2"
2079,5,24,144,14.784464478,"2"
2079,5,25,145,15.867854898,"2"
2079,5,26,146,16.50263013,"2"
2079,5,27,147,15.986875254,"2"
2079,5,28,148,16.749826254,"2"
2079,5,29,149,17.283891954,"2"
2079,5,30,150,17.650108434,"2"
2079,5,31,151,17.50972545,"2"
2080,5,1,122,7.405202406,"2"
2080,5,2,123,7.53032637,"2"
2080,5,3,124,8.238344898,"2"
2080,5,4,125,8.531318082,"2"
2080,5,5,126,9.257647434,"2"
2080,5,6,127,9.562827834,"2"
2080,5,7,128,10.310519814,"2"
2080,5,8,129,11.39085843,"2"
2080,5,9,130,11.735712282,"2"
2080,5,10,131,11.476308942,"2"
2080,5,11,132,11.763178518,"2"
2080,5,12,133,12.999159138,"2"
2080,5,13,134,14.525061138,"2"
2080,5,14,135,14.628822474,"2"
2080,5,15,136,14.50369851,"2"
2080,5,16,137,13.804835394,"2"
2080,5,17,138,14.384678154,"2"
2080,5,18,139,14.262605994,"2"
2080,5,19,140,14.27481321,"2"
2080,5,20,141,14.192414502,"2"
2080,5,21,142,14.094756774,"2"
2080,5,22,143,14.65628871,"2"
2080,5,23,144,15.028608798,"2"
2080,5,24,145,16.118102826,"2"
2080,5,25,146,16.09063659,"2"
2080,5,26,147,16.588080642,"2"
2080,5,27,148,16.972607946,"2"
2080,5,28,149,16.453801266,"2"
2080,5,29,150,16.188294318,"2"
2080,5,30,151,16.173035298,"2"
2080,5,31,152,16.28900385,"2"
2081,5,1,121,10.64316645,"2"
2081,5,2,122,11.610588318,"2"
2081,5,3,123,10.634011038,"2"
2081,5,4,124,9.611656698,"2"
2081,5,5,125,10.44479919,"2"
2081,5,6,126,11.515982394,"2"
2081,5,7,127,12.510870498,"2"
2081,5,8,128,12.056151702,"2"
2081,5,9,129,12.266726178,"2"
2081,5,10,130,12.35217669,"2"
2081,5,11,131,12.059203506,"2"
2081,5,12,132,12.333865866,"2"
2081,5,13,133,12.431523594,"2"
2081,5,14,134,13.856716062,"2"
2081,5,15,135,13.83230163,"2"
2081,5,16,136,14.619667062,"2"
2081,5,17,137,14.42740341,"2"
2081,5,18,138,14.131378422,"2"
2081,5,19,139,14.415196194,"2"
2081,5,20,140,14.164948266,"2"
2081,5,21,141,14.250398778,"2"
2081,5,22,142,13.810939002,"2"
2081,5,23,143,14.750894634,"2"
2081,5,24,144,15.675591246,"2"
2081,5,25,145,16.209656946,"2"
2081,5,26,146,15.577933518,"2"
2081,5,27,147,16.758981666,"2"
2081,5,28,148,17.796595026,"2"
2081,5,29,149,18.144500682,"2"
2081,5,30,150,18.184174134,"2"
2081,5,31,151,19.09666353,"2"
2082,5,1,121,8.32379541,"2"
2082,5,2,122,7.981993362,"2"
2082,5,3,123,8.656442046,"2"
2082,5,4,124,8.998244094,"2"
2082,5,5,125,10.060271886,"2"
2082,5,6,126,10.325778834,"2"
2082,5,7,127,10.603492998,"2"
2082,5,8,128,11.457998118,"2"
2082,5,9,129,10.838481906,"2"
2082,5,10,130,10.524146094,"2"
2082,5,11,131,11.018538342,"2"
2082,5,12,132,12.315555042,"2"
2082,5,13,133,13.06935063,"2"
2082,5,14,134,14.56473459,"2"
2082,5,15,135,15.422291514,"2"
2082,5,16,136,14.705117574,"2"
2082,5,17,137,13.539328446,"2"
2082,5,18,138,14.912640246,"2"
2082,5,19,139,15.132370134,"2"
2082,5,20,140,15.08354127,"2"
2082,5,21,141,14.65628871,"2"
2082,5,22,142,14.576941806,"2"
2082,5,23,143,15.071334054,"2"
2082,5,24,144,14.949261894,"2"
2082,5,25,145,16.102843806,"2"
2082,5,26,146,15.407032494,"2"
2082,5,27,147,14.949261894,"2"
2082,5,28,148,14.909588442,"2"
2082,5,29,149,16.646064918,"2"
2082,5,30,150,17.384601486,"2"
2082,5,31,151,17.653160238,"2"
2083,5,1,121,9.721521642,"2"
2083,5,2,122,10.18539585,"2"
2083,5,3,123,11.808955578,"2"
2083,5,4,124,11.149765914,"2"
2083,5,5,125,10.936139634,"2"
2083,5,6,126,10.838481906,"2"
2083,5,7,127,11.29930431,"2"
2083,5,8,128,10.878155358,"2"
2083,5,9,129,11.113144266,"2"
2083,5,10,130,11.509878786,"2"
2083,5,11,131,12.178223862,"2"
2083,5,12,132,12.297244218,"2"
2083,5,13,133,12.56580297,"2"
2083,5,14,134,13.075454238,"2"
2083,5,15,135,13.185319182,"2"
2083,5,16,136,14.888225814,"2"
2083,5,17,137,14.827189734,"2"
2083,5,18,138,13.661400606,"2"
2083,5,19,139,14.345004702,"2"
2083,5,20,140,15.751886346,"2"
2083,5,21,141,17.070265674,"2"
2083,5,22,142,16.820017746,"2"
2083,5,23,143,17.604331374,"2"
2083,5,24,144,18.403904022,"2"
2083,5,25,145,17.943081618,"2"
2083,5,26,146,17.164871598,"2"
2083,5,27,147,16.740670842,"2"
2083,5,28,148,16.536199974,"2"
2083,5,29,149,16.92988269,"2"
2083,5,30,150,17.729455338,"2"
2083,5,31,151,17.277788346,"2"
2084,5,1,122,9.520102578,"2"
2084,5,2,123,8.894482758,"2"
2084,5,3,124,8.982985074,"2"
2084,5,4,125,10.011443022,"2"
2084,5,5,126,11.473257138,"2"
2084,5,6,127,11.653313574,"2"
2084,5,7,128,11.076522618,"2"
2084,5,8,129,12.00121923,"2"
2084,5,9,130,12.71839317,"2"
2084,5,10,131,13.972684614,"2"
2084,5,11,132,13.575950094,"2"
2084,5,12,133,13.163956554,"2"
2084,5,13,134,13.035780786,"2"
2084,5,14,135,13.240251654,"2"
2084,5,15,136,13.813990806,"2"
2084,5,16,137,14.32059027,"2"
2084,5,17,138,13.804835394,"2"
2084,5,18,139,13.362323814,"2"
2084,5,19,140,14.293124034,"2"
2084,5,20,141,14.393833566,"2"
2084,5,21,142,14.482335882,"2"
2084,5,22,143,15.016401582,"2"
2084,5,23,144,15.61760697,"2"
2084,5,24,145,15.489431202,"2"
2084,5,25,146,15.05302323,"2"
2084,5,26,147,15.461964966,"2"
2084,5,27,148,17.03669583,"2"
2084,5,28,149,18.513768966,"2"
2084,5,29,150,19.00510941,"2"
2084,5,30,151,18.88303725,"2"
2084,5,31,152,17.872890126,"2"
2085,5,1,121,10.084686318,"2"
2085,5,2,122,9.657433758,"2"
2085,5,3,123,9.105057234,"2"
2085,5,4,124,9.190507746,"2"
2085,5,5,125,9.883267254,"2"
2085,5,6,126,10.792704846,"2"
2085,5,7,127,11.34508137,"2"
2085,5,8,128,10.695047118,"2"
2085,5,9,129,11.363392194,"2"
2085,5,10,130,12.471197046,"2"
2085,5,11,131,11.659417182,"2"
2085,5,12,132,11.351184978,"2"
2085,5,13,133,11.87914707,"2"
2085,5,14,134,12.422368182,"2"
2085,5,15,135,14.216828934,"2"
2085,5,16,136,14.406040782,"2"
2085,5,17,137,14.54947557,"2"
2085,5,18,138,14.677651338,"2"
2085,5,19,139,14.61051165,"2"
2085,5,20,140,14.482335882,"2"
2085,5,21,141,15.455861358,"2"
2085,5,22,142,16.972607946,"2"
2085,5,23,143,16.48737111,"2"
2085,5,24,144,17.11299093,"2"
2085,5,25,145,16.874950218,"2"
2085,5,26,146,16.499578326,"2"
2085,5,27,147,15.996030666,"2"
2085,5,28,148,16.942089906,"2"
2085,5,29,149,17.286943758,"2"
2085,5,30,150,18.016324914,"2"
2085,5,31,151,17.802698634,"2"
2086,5,1,121,9.05622837,"2"
2086,5,2,122,9.578086854,"2"
2086,5,3,123,9.94125153,"2"
2086,5,4,124,10.402073934,"2"
2086,5,5,125,10.82627469,"2"
2086,5,6,126,11.363392194,"2"
2086,5,7,127,11.976804798,"2"
2086,5,8,128,12.281985198,"2"
2086,5,9,129,12.52002591,"2"
2086,5,10,130,13.646141586,"2"
2086,5,11,131,12.532233126,"2"
2086,5,12,132,13.304339538,"2"
2086,5,13,133,14.668495926,"2"
2086,5,14,134,13.957425594,"2"
2086,5,15,135,13.353168402,"2"
2086,5,16,136,14.238191562,"2"
2086,5,17,137,13.783472766,"2"
2086,5,18,138,14.421299802,"2"
2086,5,19,139,15.162888174,"2"
2086,5,20,140,15.20561343,"2"
2086,5,21,141,15.193406214,"2"
2086,5,22,142,15.504690222,"2"
2086,5,23,143,16.16693169,"2"
2086,5,24,144,16.51788915,"2"
2086,5,25,145,17.384601486,"2"
2086,5,26,146,17.582968746,"2"
2086,5,27,147,17.390705094,"2"
2086,5,28,148,17.531088078,"2"
2086,5,29,149,18.18112233,"2"
2086,5,30,150,18.39474861,"2"
2086,5,31,151,18.077360994,"2"
2087,5,1,121,10.051116474,"2"
2087,5,2,122,10.591285782,"2"
2087,5,3,123,11.494619766,"2"
2087,5,4,124,10.865948142,"2"
2087,5,5,125,11.616691926,"2"
2087,5,6,126,11.61974373,"2"
2087,5,7,127,11.168076738,"2"
2087,5,8,128,11.613640122,"2"
2087,5,9,129,12.339969474,"2"
2087,5,10,130,13.072402434,"2"
2087,5,11,131,12.211793706,"2"
2087,5,12,132,11.775385734,"2"
2087,5,13,133,13.255510674,"2"
2087,5,14,134,14.225984346,"2"
2087,5,15,135,14.409092586,"2"
2087,5,16,136,14.988935346,"2"
2087,5,17,137,15.345996414,"2"
2087,5,18,138,15.12931833,"2"
2087,5,19,139,14.573890002,"2"
2087,5,20,140,12.965589294,"2"
2087,5,21,141,14.402988978,"2"
2087,5,22,142,15.446705946,"2"
2087,5,23,143,15.721368306,"2"
2087,5,24,144,15.26664951,"2"
2087,5,25,145,14.699013966,"2"
2087,5,26,146,15.147629154,"2"
2087,5,27,147,16.163879886,"2"
2087,5,28,148,16.490422914,"2"
2087,5,29,149,17.180130618,"2"
2087,5,30,150,16.630805898,"2"
2087,5,31,151,16.59418425,"2"
2088,5,1,122,8.897534562,"2"
2088,5,2,123,8.876171934,"2"
2088,5,3,124,8.967726054,"2"
2088,5,4,125,10.179292242,"2"
2088,5,5,126,10.984968498,"2"
2088,5,6,127,11.259630858,"2"
2088,5,7,128,11.812007382,"2"
2088,5,8,129,12.095825154,"2"
2088,5,9,130,12.38269473,"2"
2088,5,10,131,12.73365219,"2"
2088,5,11,132,13.03883259,"2"
2088,5,12,133,13.105972278,"2"
2088,5,13,134,12.715341366,"2"
2088,5,14,135,13.774317354,"2"
2088,5,15,136,14.21377713,"2"
2088,5,16,137,14.018461674,"2"
2088,5,17,138,14.375522742,"2"
2088,5,18,139,14.695962162,"2"
2088,5,19,140,15.687798462,"2"
2088,5,20,141,16.51788915,"2"
2088,5,21,142,17.293047366,"2"
2088,5,22,143,17.546347098,"2"
2088,5,23,144,17.091628302,"2"
2088,5,24,145,17.05195485,"2"
2088,5,25,146,17.378497878,"2"
2088,5,26,147,16.957348926,"2"
2088,5,27,148,17.40291231,"2"
2088,5,28,149,17.460896586,"2"
2088,5,29,150,16.682686566,"2"
2088,5,30,151,17.21980407,"2"
2088,5,31,152,18.513768966,"2"
2089,5,1,121,9.404134026,"2"
2089,5,2,122,9.639122934,"2"
2089,5,3,123,10.533301506,"2"
2089,5,4,124,10.493628054,"2"
2089,5,5,125,10.13961879,"2"
2089,5,6,126,10.377659502,"2"
2089,5,7,127,11.073470814,"2"
2089,5,8,128,11.561759454,"2"
2089,5,9,129,11.824214598,"2"
2089,5,10,130,11.125351482,"2"
2089,5,11,131,11.607536514,"2"
2089,5,12,132,12.327762258,"2"
2089,5,13,133,12.84046533,"2"
2089,5,14,134,13.295184126,"2"
2089,5,15,135,13.246355262,"2"
2089,5,16,136,13.16090475,"2"
2089,5,17,137,13.46608515,"2"
2089,5,18,138,14.708169378,"2"
2089,5,19,139,15.73967913,"2"
2089,5,20,140,15.623710578,"2"
2089,5,21,141,14.65628871,"2"
2089,5,22,142,14.906536638,"2"
2089,5,23,143,16.176087102,"2"
2089,5,24,144,16.51788915,"2"
2089,5,25,145,16.682686566,"2"
2089,5,26,146,17.045851242,"2"
2089,5,27,147,17.576865138,"2"
2089,5,28,148,18.458836494,"2"
2089,5,29,149,18.544287006,"2"
2089,5,30,150,18.358126962,"2"
2089,5,31,151,19.06614549,"2"
2090,5,1,121,9.39192681,"2"
2090,5,2,122,10.38376311,"2"
2090,5,3,123,10.920880614,"2"
2090,5,4,124,11.705194242,"2"
2090,5,5,125,11.973752994,"2"
2090,5,6,126,11.232164622,"2"
2090,5,7,127,10.969709478,"2"
2090,5,8,128,11.021590146,"2"
2090,5,9,129,11.616691926,"2"
2090,5,10,130,12.986951922,"2"
2090,5,11,131,14.216828934,"2"
2090,5,12,132,14.326693878,"2"
2090,5,13,133,14.460973254,"2"
2090,5,14,134,14.433507018,"2"
2090,5,15,135,14.268709602,"2"
2090,5,16,136,13.966581006,"2"
2090,5,17,137,14.03066889,"2"
2090,5,18,138,14.805827106,"2"
2090,5,19,139,16.081481178,"2"
2090,5,20,140,15.03776421,"2"
2090,5,21,141,15.550467282,"2"
2090,5,22,142,16.25848581,"2"
2090,5,23,143,16.758981666,"2"
2090,5,24,144,16.200501534,"2"
2090,5,25,145,16.917675474,"2"
2090,5,26,146,16.82306955,"2"
2090,5,27,147,16.798655118,"2"
2090,5,28,148,18.040739346,"2"
2090,5,29,149,18.370334178,"2"
2090,5,30,150,18.892192662,"2"
2090,5,31,151,18.953228742,"2"
2091,5,1,121,10.365452286,"2"
2091,5,2,122,11.171128542,"2"
2091,5,3,123,11.311511526,"2"
2091,5,4,124,11.088729834,"2"
2091,5,5,125,10.386814914,"2"
2091,5,6,126,10.798808454,"2"
2091,5,7,127,11.515982394,"2"
2091,5,8,128,12.419316378,"2"
2091,5,9,129,12.343021278,"2"
2091,5,10,130,13.563742878,"2"
2091,5,11,131,12.587165598,"2"
2091,5,12,132,12.38269473,"2"
2091,5,13,133,12.220949118,"2"
2091,5,14,134,13.163956554,"2"
2091,5,15,135,12.861827958,"2"
2091,5,16,136,13.234148046,"2"
2091,5,17,137,14.146637442,"2"
2091,5,18,138,14.058135126,"2"
2091,5,19,139,15.034712406,"2"
2091,5,20,140,15.516897438,"2"
2091,5,21,141,14.83939695,"2"
2091,5,22,142,15.458913162,"2"
2091,5,23,143,16.597236054,"2"
2091,5,24,144,17.573813334,"2"
2091,5,25,145,16.935986298,"2"
2091,5,26,146,17.34187623,"2"
2091,5,27,147,16.786447902,"2"
2091,5,28,148,16.39581699,"2"
2091,5,29,149,17.552450706,"2"
2091,5,30,150,18.79148313,"2"
2091,5,31,151,19.139388786,"2"
2092,5,1,122,8.839550286,"2"
2092,5,2,123,9.691003602,"2"
2092,5,3,124,9.764246898,"2"
2092,5,4,125,9.86495643,"2"
2092,5,5,126,10.868999946,"2"
2092,5,6,127,12.486456066,"2"
2092,5,7,128,12.42847179,"2"
2092,5,8,129,11.32982235,"2"
2092,5,9,130,10.676736294,"2"
2092,5,10,131,11.784541146,"2"
2092,5,11,132,11.55870765,"2"
2092,5,12,133,12.544440342,"2"
2092,5,13,134,12.623787246,"2"
2092,5,14,135,13.301287734,"2"
2092,5,15,136,13.51186221,"2"
2092,5,16,137,14.509802118,"2"
2092,5,17,138,13.966581006,"2"
2092,5,18,139,14.277865014,"2"
2092,5,19,140,15.257494098,"2"
2092,5,20,141,15.440602338,"2"
2092,5,21,142,15.761041758,"2"
2092,5,22,143,15.49553481,"2"
2092,5,23,144,16.829173158,"2"
2092,5,24,145,17.195389638,"2"
2092,5,25,146,15.986875254,"2"
2092,5,26,147,15.14457735,"2"
2092,5,27,148,14.723428398,"2"
2092,5,28,149,14.860759578,"2"
2092,5,29,150,16.30426287,"2"
2092,5,30,151,17.613486786,"2"
2092,5,31,152,17.912563578,"2"
2093,5,1,121,10.081634514,"2"
2093,5,2,122,9.388875006,"2"
2093,5,3,123,9.037917546,"2"
2093,5,4,124,10.24643193,"2"
2093,5,5,125,10.905621594,"2"
2093,5,6,126,10.988020302,"2"
2093,5,7,127,11.595329298,"2"
2093,5,8,128,12.132446802,"2"
2093,5,9,129,11.744867694,"2"
2093,5,10,130,11.769282126,"2"
2093,5,11,131,12.45898983,"2"
2093,5,12,132,13.524069426,"2"
2093,5,13,133,13.77126555,"2"
2093,5,14,134,13.505758602,"2"
2093,5,15,135,14.18325909,"2"
2093,5,16,136,14.155792854,"2"
2093,5,17,137,13.945218378,"2"
2093,5,18,138,13.795679982,"2"
2093,5,19,139,13.560691074,"2"
2093,5,20,140,13.713281274,"2"
2093,5,21,141,14.387729958,"2"
2093,5,22,142,14.512853922,"2"
2093,5,23,143,15.745782738,"2"
2093,5,24,144,15.934994586,"2"
2093,5,25,145,15.071334054,"2"
2093,5,26,146,14.659340514,"2"
2093,5,27,147,15.15983637,"2"
2093,5,28,148,16.023496902,"2"
2093,5,29,149,16.41107601,"2"
2093,5,30,150,17.561606118,"2"
2093,5,31,151,18.41000763,"2"
2094,5,1,121,9.217973982,"2"
2094,5,2,122,9.04096935,"2"
2094,5,3,123,9.69710721,"2"
2094,5,4,124,10.38376311,"2"
2094,5,5,125,11.692987026,"2"
2094,5,6,126,11.470205334,"2"
2094,5,7,127,11.021590146,"2"
2094,5,8,128,11.10093705,"2"
2094,5,9,129,11.430531882,"2"
2094,5,10,130,11.387806626,"2"
2094,5,11,131,12.065307114,"2"
2094,5,12,132,12.819102702,"2"
2094,5,13,133,12.62683905,"2"
2094,5,14,134,13.246355262,"2"
2094,5,15,135,14.268709602,"2"
2094,5,16,136,14.668495926,"2"
2094,5,17,137,14.668495926,"2"
2094,5,18,138,15.03776421,"2"
2094,5,19,139,16.148620866,"2"
2094,5,20,140,16.176087102,"2"
2094,5,21,141,16.038755922,"2"
2094,5,22,142,16.600287858,"2"
2094,5,23,143,16.499578326,"2"
2094,5,24,144,17.384601486,"2"
2094,5,25,145,18.86777823,"2"
2094,5,26,146,18.42526665,"2"
2094,5,27,147,17.286943758,"2"
2094,5,28,148,17.430378546,"2"
2094,5,29,149,17.308306386,"2"
2094,5,30,150,18.382541394,"2"
2094,5,31,151,18.294039078,"2"
2095,5,1,121,10.756083198,"2"
2095,5,2,122,10.774394022,"2"
2095,5,3,123,9.929044314,"2"
2095,5,4,124,9.279010062,"2"
2095,5,5,125,9.07148739,"2"
2095,5,6,126,10.646218254,"2"
2095,5,7,127,11.781489342,"2"
2095,5,8,128,10.945295046,"2"
2095,5,9,129,11.097885246,"2"
2095,5,10,130,12.248415354,"2"
2095,5,11,131,13.16090475,"2"
2095,5,12,132,13.972684614,"2"
2095,5,13,133,13.911648534,"2"
2095,5,14,134,14.424351606,"2"
2095,5,15,135,14.155792854,"2"
2095,5,16,136,14.561682786,"2"
2095,5,17,137,14.650185102,"2"
2095,5,18,138,14.16800007,"2"
2095,5,19,139,14.04592791,"2"
2095,5,20,140,14.888225814,"2"
2095,5,21,141,16.066222158,"2"
2095,5,22,142,16.142517258,"2"
2095,5,23,143,15.120162918,"2"
2095,5,24,144,15.22087245,"2"
2095,5,25,145,15.898372938,"2"
2095,5,26,146,16.932934494,"2"
2095,5,27,147,18.12008625,"2"
2095,5,28,148,17.552450706,"2"
2095,5,29,149,17.659263846,"2"
2095,5,30,150,18.840311994,"2"
2095,5,31,151,18.339816138,"2"
2096,5,1,122,9.633019326,"2"
2096,5,2,123,9.578086854,"2"
2096,5,3,124,8.982985074,"2"
2096,5,4,125,9.050124762,"2"
2096,5,5,126,9.950406942,"2"
2096,5,6,127,11.39085843,"2"
2096,5,7,128,12.907605018,"2"
2096,5,8,129,11.989012014,"2"
2096,5,9,130,12.095825154,"2"
2096,5,10,131,12.617683638,"2"
2096,5,11,132,12.193482882,"2"
2096,5,12,133,11.647209966,"2"
2096,5,13,134,11.155869522,"2"
2096,5,14,135,11.076522618,"2"
2096,5,15,136,10.853740926,"2"
2096,5,16,137,12.083617938,"2"
2096,5,17,138,14.103912186,"2"
2096,5,18,139,15.00724617,"2"
2096,5,19,140,14.48843949,"2"
2096,5,20,141,14.287020426,"2"
2096,5,21,142,15.14457735,"2"
2096,5,22,143,16.310366478,"2"
2096,5,23,144,16.511785542,"2"
2096,5,24,145,17.11299093,"2"
2096,5,25,146,17.314409994,"2"
2096,5,26,147,16.923779082,"2"
2096,5,27,148,16.893261042,"2"
2096,5,28,149,17.763025182,"2"
2096,5,29,150,17.93697801,"2"
2096,5,30,151,17.125198146,"2"
2096,5,31,152,17.49446643,"2"
2097,5,1,121,9.755091486,"2"
2097,5,2,122,10.691995314,"2"
2097,5,3,123,10.853740926,"2"
2097,5,4,124,11.244371838,"2"
2097,5,5,125,10.255587342,"2"
2097,5,6,126,10.41428115,"2"
2097,5,7,127,10.743875982,"2"
2097,5,8,128,11.427480078,"2"
2097,5,9,129,12.59632101,"2"
2097,5,10,130,13.533224838,"2"
2097,5,11,131,13.798731786,"2"
2097,5,12,132,14.689858554,"2"
2097,5,13,133,15.605399754,"2"
2097,5,14,134,15.08354127,"2"
2097,5,15,135,14.47318047,"2"
2097,5,16,136,13.887234102,"2"
2097,5,17,137,13.774317354,"2"
2097,5,18,138,14.879070402,"2"
2097,5,19,139,15.38872167,"2"
2097,5,20,140,15.623710578,"2"
2097,5,21,141,15.483327594,"2"
2097,5,22,142,15.32768559,"2"
2097,5,23,143,14.912640246,"2"
2097,5,24,144,14.750894634,"2"
2097,5,25,145,16.06011855,"2"
2097,5,26,146,16.920727278,"2"
2097,5,27,147,16.45685307,"2"
2097,5,28,148,17.857631106,"2"
2097,5,29,149,19.093611726,"2"
2097,5,30,150,19.191269454,"2"
2097,5,31,151,17.84542389,"2"
2098,5,1,121,10.759135002,"2"
2098,5,2,122,9.440755674,"2"
2098,5,3,123,9.83443839,"2"
2098,5,4,124,10.560767742,"2"
2098,5,5,125,12.117187782,"2"
2098,5,6,126,12.32165865,"2"
2098,5,7,127,12.330814062,"2"
2098,5,8,128,12.660408894,"2"
2098,5,9,129,12.690926934,"2"
2098,5,10,130,12.501715086,"2"
2098,5,11,131,13.81704261,"2"
2098,5,12,132,13.92385575,"2"
2098,5,13,133,13.868923278,"2"
2098,5,14,134,13.933011162,"2"
2098,5,15,135,14.85465597,"2"
2098,5,16,136,14.79361989,"2"
2098,5,17,137,14.970624522,"2"
2098,5,18,138,14.90043303,"2"
2098,5,19,139,14.323642074,"2"
2098,5,20,140,13.926907554,"2"
2098,5,21,141,13.676659626,"2"
2098,5,22,142,14.903484834,"2"
2098,5,23,143,16.18219071,"2"
2098,5,24,144,17.683678278,"2"
2098,5,25,145,17.644004826,"2"
2098,5,26,146,17.442585762,"2"
2098,5,27,147,16.56366621,"2"
2098,5,28,148,17.84542389,"2"
2098,5,29,149,17.96749605,"2"
2098,5,30,150,18.077360994,"2"
2098,5,31,151,19.667350878,"2"
2099,5,1,121,10.966657674,"2"
2099,5,2,122,11.763178518,"2"
2099,5,3,123,12.095825154,"2"
2099,5,4,124,11.891354286,"2"
2099,5,5,125,11.860836246,"2"
2099,5,6,126,12.510870498,"2"
2099,5,7,127,13.25245887,"2"
2099,5,8,128,13.463033346,"2"
2099,5,9,129,13.615623546,"2"
2099,5,10,130,14.65628871,"2"
2099,5,11,131,15.071334054,"2"
2099,5,12,132,14.25955419,"2"
2099,5,13,133,13.417256286,"2"
2099,5,14,134,13.87807869,"2"
2099,5,15,135,14.65628871,"2"
2099,5,16,136,14.36636733,"2"
2099,5,17,137,14.033720694,"2"
2099,5,18,138,14.631874278,"2"
2099,5,19,139,14.515905726,"2"
2099,5,20,140,15.001142562,"2"
2099,5,21,141,15.507742026,"2"
2099,5,22,142,15.516897438,"2"
2099,5,23,143,15.269701314,"2"
2099,5,24,144,16.072325766,"2"
2099,5,25,145,16.115051022,"2"
2099,5,26,146,16.469060286,"2"
2099,5,27,147,17.088576498,"2"
2099,5,28,148,17.259477522,"2"
2099,5,29,149,17.439533958,"2"
2099,5,30,150,16.798655118,"2"
2099,5,31,151,16.041807726,"2"
2100,5,1,121,9.01045131,"2"
2100,5,2,122,9.279010062,"2"
2100,5,3,123,9.297320886,"2"
2100,5,4,124,10.298312598,"2"
2100,5,5,125,10.698098922,"2"
2100,5,6,126,10.789653042,"2"
2100,5,7,127,11.781489342,"2"
2100,5,8,128,12.73365219,"2"
2100,5,9,129,13.539328446,"2"
2100,5,10,130,13.463033346,"2"
2100,5,11,131,12.141602214,"2"
2100,5,12,132,12.574958382,"2"
2100,5,13,133,13.853664258,"2"
2100,5,14,134,13.643089782,"2"
2100,5,15,135,14.018461674,"2"
2100,5,16,136,14.891277618,"2"
2100,5,17,137,15.336841002,"2"
2100,5,18,138,16.13641365,"2"
2100,5,19,139,16.771188882,"2"
2100,5,20,140,16.810862334,"2"
2100,5,21,141,16.878002022,"2"
2100,5,22,142,16.462956678,"2"
2100,5,23,143,16.12115463,"2"
2100,5,24,144,16.102843806,"2"
2100,5,25,145,16.939038102,"2"
2100,5,26,146,17.085524694,"2"
2100,5,27,147,17.44868937,"2"
2100,5,28,148,17.473103802,"2"
2100,5,29,149,18.236054802,"2"
2100,5,30,150,17.732507142,"2"
2100,5,31,151,17.140457166,"2"
2025,3,1,60,-7.85076579,"3"
2025,3,2,61,-7.27092303,"3"
2025,3,3,62,-7.27092303,"3"
2025,3,4,63,-5.107193994,"3"
2025,3,5,64,-3.916990434,"3"
2025,3,6,65,-3.141832218,"3"
2025,3,7,66,-3.22728273,"3"
2025,3,8,67,-4.374761034,"3"
2025,3,9,68,-6.169221786,"3"
2025,3,10,69,-6.410314302,"3"
2025,3,11,70,-5.497824906,"3"
2025,3,12,71,-6.013579782,"3"
2025,3,13,72,-5.50087671,"3"
2025,3,14,73,-3.819332706,"3"
2025,3,15,74,-3.01365645,"3"
2025,3,16,75,-2.217135606,"3"
2025,3,17,76,-2.415502866,"3"
2025,3,18,77,-3.126573198,"3"
2025,3,19,78,-2.888532486,"3"
2025,3,20,79,-2.247653646,"3"
2025,3,21,80,-2.406347454,"3"
2025,3,22,81,-2.760356718,"3"
2025,3,23,82,-1.68612171,"3"
2025,3,24,83,-0.431830266,"3"
2025,3,25,84,0.447089286,"3"
2025,3,26,85,0.071717394,"3"
2025,3,27,86,0.810253962,"3"
2025,3,28,87,0.93842973,"3"
2025,3,29,88,1.414511154,"3"
2025,3,30,89,1.542686922,"3"
2025,3,31,90,2.06759721,"3"
2026,3,1,60,-8.88837915,"3"
2026,3,2,61,-8.158997994,"3"
2026,3,3,62,-7.46929029,"3"
2026,3,4,63,-7.89654285,"3"
2026,3,5,64,-7.28618205,"3"
2026,3,6,65,-5.769435462,"3"
2026,3,7,66,-5.189592702,"3"
2026,3,8,67,-5.586327222,"3"
2026,3,9,68,-5.961699114,"3"
2026,3,10,69,-4.40222727,"3"
2026,3,11,70,-3.880368786,"3"
2026,3,12,71,-4.89051591,"3"
2026,3,13,72,-3.437857206,"3"
2026,3,14,73,-2.543678634,"3"
2026,3,15,74,-3.886472394,"3"
2026,3,16,75,-4.579231902,"3"
2026,3,17,76,-3.862057962,"3"
2026,3,18,77,-3.419546382,"3"
2026,3,19,78,-1.753261398,"3"
2026,3,20,79,-0.822461178,"3"
2026,3,21,80,-0.971999574,"3"
2026,3,22,81,0.401312226,"3"
2026,3,23,82,0.901808082,"3"
2026,3,24,83,1.41145935,"3"
2026,3,25,84,0.29755089,"3"
2026,3,26,85,-0.291447282,"3"
2026,3,27,86,-0.346379754,"3"
2026,3,28,87,0.962844162,"3"
2026,3,29,88,2.259860862,"3"
2026,3,30,89,2.381933022,"3"
2026,3,31,90,1.887540774,"3"
2027,3,1,60,-5.833523346,"3"
2027,3,2,61,-6.559852698,"3"
2027,3,3,62,-7.478445702,"3"
2027,3,4,63,-8.656442046,"3"
2027,3,5,64,-8.11016913,"3"
2027,3,6,65,-7.234301382,"3"
2027,3,7,66,-5.934232878,"3"
2027,3,8,67,-4.960707402,"3"
2027,3,9,68,-6.03494241,"3"
2027,3,10,69,-6.193636218,"3"
2027,3,11,70,-5.66872593,"3"
2027,3,12,71,-3.810177294,"3"
2027,3,13,72,-4.017699966,"3"
2027,3,14,73,-4.40222727,"3"
2027,3,15,74,-3.797970078,"3"
2027,3,16,75,-3.297474222,"3"
2027,3,17,76,-3.483634266,"3"
2027,3,18,77,-2.732890482,"3"
2027,3,19,78,-3.30357783,"3"
2027,3,20,79,-3.724726782,"3"
2027,3,21,80,-3.025863666,"3"
2027,3,22,81,-2.317845138,"3"
2027,3,23,82,-1.246661934,"3"
2027,3,24,83,-1.057450086,"3"
2027,3,25,84,-1.084916322,"3"
2027,3,26,85,-0.886549062,"3"
2027,3,27,86,-0.523384386,"3"
2027,3,28,87,0.627145722,"3"
2027,3,29,88,1.65560367,"3"
2027,3,30,89,1.371785898,"3"
2027,3,31,90,0.044251158,"3"
2028,3,1,61,-7.56084441,"3"
2028,3,2,62,-6.495764814,"3"
2028,3,3,63,-7.402150602,"3"
2028,3,4,64,-7.161058086,"3"
2028,3,5,65,-7.130540046,"3"
2028,3,6,66,-6.43167693,"3"
2028,3,7,67,-5.513083926,"3"
2028,3,8,68,-5.650415106,"3"
2028,3,9,69,-5.748072834,"3"
2028,3,10,70,-5.162126466,"3"
2028,3,11,71,-5.619897066,"3"
2028,3,12,72,-4.316776758,"3"
2028,3,13,73,-2.894636094,"3"
2028,3,14,74,-3.24254175,"3"
2028,3,15,75,-3.282215202,"3"
2028,3,16,76,-2.793926562,"3"
2028,3,17,77,-0.804150354,"3"
2028,3,18,78,-1.24361013,"3"
2028,3,19,79,-1.493858058,"3"
2028,3,20,80,-0.920118906,"3"
2028,3,21,81,-1.005569418,"3"
2028,3,22,82,-0.401312226,"3"
2028,3,23,83,-0.523384386,"3"
2028,3,24,84,0.483710934,"3"
2028,3,25,85,0.703440822,"3"
2028,3,26,86,0.782787726,"3"
2028,3,27,87,0.614938506,"3"
2028,3,28,88,1.30464621,"3"
2028,3,29,89,1.710536142,"3"
2028,3,30,90,1.881437166,"3"
2028,3,31,91,2.851910838,"3"
2029,3,1,60,-9.263751042,"3"
2029,3,2,61,-5.696192166,"3"
2029,3,3,62,-3.828488118,"3"
2029,3,4,63,-4.182497382,"3"
2029,3,5,64,-4.023803574,"3"
2029,3,6,65,-3.541618542,"3"
2029,3,7,66,-4.032958986,"3"
2029,3,8,67,-4.884412302,"3"
2029,3,9,68,-4.100098674,"3"
2029,3,10,69,-3.984130122,"3"
2029,3,11,70,-3.202868298,"3"
2029,3,12,71,-1.829556498,"3"
2029,3,13,72,-0.975051378,"3"
2029,3,14,73,-1.481650842,"3"
2029,3,15,74,-1.896696186,"3"
2029,3,16,75,-2.269016274,"3"
2029,3,17,76,-2.363622198,"3"
2029,3,18,77,-2.140840506,"3"
2029,3,19,78,-1.567101354,"3"
2029,3,20,79,-0.074769198,"3"
2029,3,21,80,-0.32806893,"3"
2029,3,22,81,-0.38910501,"3"
2029,3,23,82,0.306706302,"3"
2029,3,24,83,1.359578682,"3"
2029,3,25,84,2.308689726,"3"
2029,3,26,85,2.107270662,"3"
2029,3,27,86,1.176470442,"3"
2029,3,28,87,1.124589774,"3"
2029,3,29,88,1.377889506,"3"
2029,3,30,89,2.60166291,"3"
2029,3,31,90,3.727778586,"3"
2030,3,1,60,-6.76737537,"3"
2030,3,2,61,-6.971846238,"3"
2030,3,3,62,-6.15701457,"3"
2030,3,4,63,-4.426641702,"3"
2030,3,5,64,-5.113297602,"3"
2030,3,6,65,-5.113297602,"3"
2030,3,7,66,-4.374761034,"3"
2030,3,8,67,-4.92103395,"3"
2030,3,9,68,-5.491721298,"3"
2030,3,10,69,-5.662622322,"3"
2030,3,11,70,-4.484625978,"3"
2030,3,12,71,-3.874265178,"3"
2030,3,13,72,-4.682993238,"3"
2030,3,14,73,-3.99023373,"3"
2030,3,15,74,-4.344242994,"3"
2030,3,16,75,-3.904783218,"3"
2030,3,17,76,-3.041122686,"3"
2030,3,18,77,-1.890592578,"3"
2030,3,19,78,-1.30464621,"3"
2030,3,20,79,-0.37384599,"3"
2030,3,21,80,0.17547873,"3"
2030,3,22,81,-0.035095746,"3"
2030,3,23,82,-0.43488207,"3"
2030,3,24,83,-0.218203986,"3"
2030,3,25,84,0.715648038,"3"
2030,3,26,85,1.142900598,"3"
2030,3,27,86,1.515220686,"3"
2030,3,28,87,1.374837702,"3"
2030,3,29,88,1.28938719,"3"
2030,3,30,89,1.863126342,"3"
2030,3,31,90,2.528419614,"3"
2031,3,1,60,-6.575111718,"3"
2031,3,2,61,-6.944380002,"3"
2031,3,3,62,-6.501868422,"3"
2031,3,4,63,-6.78263439,"3"
2031,3,5,64,-6.892499334,"3"
2031,3,6,65,-5.888455818,"3"
2031,3,7,66,-4.838635242,"3"
2031,3,8,67,-4.908826734,"3"
2031,3,9,68,-3.33409587,"3"
2031,3,10,69,-2.705424246,"3"
2031,3,11,70,-3.038070882,"3"
2031,3,12,71,-2.470435338,"3"
2031,3,13,72,-3.294422418,"3"
2031,3,14,73,-5.152971054,"3"
2031,3,15,74,-4.887464106,"3"
2031,3,16,75,-4.933241166,"3"
2031,3,17,76,-3.245593554,"3"
2031,3,18,77,-3.053329902,"3"
2031,3,19,78,-3.300526026,"3"
2031,3,20,79,-2.760356718,"3"
2031,3,21,80,-2.455176318,"3"
2031,3,22,81,-1.551842334,"3"
2031,3,23,82,-1.45723641,"3"
2031,3,24,83,-1.24361013,"3"
2031,3,25,84,-0.477607326,"3"
2031,3,26,85,0.181582338,"3"
2031,3,27,86,0.31280991,"3"
2031,3,28,87,0.700389018,"3"
2031,3,29,88,0.813305766,"3"
2031,3,30,89,1.271076366,"3"
2031,3,31,90,1.057450086,"3"
2032,3,1,61,-5.571068202,"3"
2032,3,2,62,-5.568016398,"3"
2032,3,3,63,-5.818264326,"3"
2032,3,4,64,-4.884412302,"3"
2032,3,5,65,-6.083771274,"3"
2032,3,6,66,-4.774547358,"3"
2032,3,7,67,-3.804073686,"3"
2032,3,8,68,-4.603646334,"3"
2032,3,9,69,-4.487677782,"3"
2032,3,10,70,-4.026855378,"3"
2032,3,11,71,-4.37170923,"3"
2032,3,12,72,-5.021743482,"3"
2032,3,13,73,-4.164186558,"3"
2032,3,14,74,-3.038070882,"3"
2032,3,15,75,-2.702372442,"3"
2032,3,16,76,-1.283283582,"3"
2032,3,17,77,-2.308689726,"3"
2032,3,18,78,-1.890592578,"3"
2032,3,19,79,-1.490806254,"3"
2032,3,20,80,-0.086976414,"3"
2032,3,21,81,-0.69428541,"3"
2032,3,22,82,-1.002517614,"3"
2032,3,23,83,-0.794994942,"3"
2032,3,24,84,0.38910501,"3"
2032,3,25,85,0.718699842,"3"
2032,3,26,86,-0.004577706,"3"
2032,3,27,87,0.151064298,"3"
2032,3,28,88,0.898756278,"3"
2032,3,29,89,1.96078407,"3"
2032,3,30,90,1.329060642,"3"
2032,3,31,91,1.567101354,"3"
2033,3,1,60,-7.359425346,"3"
2033,3,2,61,-8.726633538,"3"
2033,3,3,62,-7.365528954,"3"
2033,3,4,63,-7.267871226,"3"
2033,3,5,64,-6.312656574,"3"
2033,3,6,65,-5.680933146,"3"
2033,3,7,66,-6.007476174,"3"
2033,3,8,67,-5.345234706,"3"
2033,3,9,68,-5.555809182,"3"
2033,3,10,69,-6.40115889,"3"
2033,3,11,70,-7.676812962,"3"
2033,3,12,71,-7.948423518,"3"
2033,3,13,72,-5.66872593,"3"
2033,3,14,73,-4.414434486,"3"
2033,3,15,74,-3.810177294,"3"
2033,3,16,75,-3.657587094,"3"
2033,3,17,76,-3.779659254,"3"
2033,3,18,77,-3.053329902,"3"
2033,3,19,78,-1.667810886,"3"
2033,3,20,79,-0.477607326,"3"
2033,3,21,80,-0.141908886,"3"
2033,3,22,81,0.517280778,"3"
2033,3,23,82,-0.593575878,"3"
2033,3,24,83,-0.55695423,"3"
2033,3,25,84,0.608834898,"3"
2033,3,26,85,1.109330754,"3"
2033,3,27,86,1.591515786,"3"
2033,3,28,87,2.08285623,"3"
2033,3,29,88,2.247653646,"3"
2033,3,30,89,2.574196674,"3"
2033,3,31,90,2.238498234,"3"
2034,3,1,60,-6.208895238,"3"
2034,3,2,61,-6.11123751,"3"
2034,3,3,62,-5.69924397,"3"
2034,3,4,63,-5.632104282,"3"
2034,3,5,64,-4.176393774,"3"
2034,3,6,65,-4.826428026,"3"
2034,3,7,66,-5.452047846,"3"
2034,3,8,67,-5.009536266,"3"
2034,3,9,68,-4.588387314,"3"
2034,3,10,69,-4.322880366,"3"
2034,3,11,70,-3.025863666,"3"
2034,3,12,71,-1.530479706,"3"
2034,3,13,72,-0.64850835,"3"
2034,3,14,73,-2.02182015,"3"
2034,3,15,74,-2.461279926,"3"
2034,3,16,75,-1.826504694,"3"
2034,3,17,76,-1.545738726,"3"
2034,3,18,77,-0.990310398,"3"
2034,3,19,78,-0.044251158,"3"
2034,3,20,79,-0.19073775,"3"
2034,3,21,80,-1.112382558,"3"
2034,3,22,81,0.248722026,"3"
2034,3,23,82,0.080872806,"3"
2034,3,24,83,1.478599038,"3"
2034,3,25,84,1.011673026,"3"
2034,3,26,85,0.181582338,"3"
2034,3,27,86,0.550850622,"3"
2034,3,28,87,0.209048574,"3"
2034,3,29,88,2.626077342,"3"
2034,3,30,89,3.34935489,"3"
2034,3,31,90,3.443960814,"3"
2035,3,1,60,-6.163118178,"3"
2035,3,2,61,-6.208895238,"3"
2035,3,3,62,-7.298389266,"3"
2035,3,4,63,-7.960630734,"3"
2035,3,5,64,-5.74502103,"3"
2035,3,6,65,-3.712519566,"3"
2035,3,7,66,-3.688105134,"3"
2035,3,8,67,-4.557869274,"3"
2035,3,9,68,-6.199739826,"3"
2035,3,10,69,-6.709391094,"3"
2035,3,11,70,-4.670786022,"3"
2035,3,12,71,-3.36461391,"3"
2035,3,13,72,-1.557945942,"3"
2035,3,14,73,-2.751201306,"3"
2035,3,15,74,-4.042114398,"3"
2035,3,16,75,-2.818340994,"3"
2035,3,17,76,-2.287327098,"3"
2035,3,18,77,-2.421606474,"3"
2035,3,19,78,-2.613870126,"3"
2035,3,20,79,-2.89158429,"3"
2035,3,21,80,-1.506065274,"3"
2035,3,22,81,-0.169375122,"3"
2035,3,23,82,1.383993114,"3"
2035,3,24,83,1.371785898,"3"
2035,3,25,84,0.254825634,"3"
2035,3,26,85,0.978103182,"3"
2035,3,27,86,0.517280778,"3"
2035,3,28,87,1.094071734,"3"
2035,3,29,88,1.759365006,"3"
2035,3,30,89,2.476538946,"3"
2035,3,31,90,2.980086606,"3"
2036,3,1,61,-6.648355014,"3"
2036,3,2,62,-7.261767618,"3"
2036,3,3,63,-7.661553942,"3"
2036,3,4,64,-7.371632562,"3"
2036,3,5,65,-5.116349406,"3"
2036,3,6,66,-4.322880366,"3"
2036,3,7,67,-3.810177294,"3"
2036,3,8,68,-4.106202282,"3"
2036,3,9,69,-5.671777734,"3"
2036,3,10,70,-5.876248602,"3"
2036,3,11,71,-6.364537242,"3"
2036,3,12,72,-6.001372566,"3"
2036,3,13,73,-5.80605711,"3"
2036,3,14,74,-4.344242994,"3"
2036,3,15,75,-3.407339166,"3"
2036,3,16,76,-2.369725806,"3"
2036,3,17,77,-1.329060642,"3"
2036,3,18,78,-1.063553694,"3"
2036,3,19,79,-0.981154986,"3"
2036,3,20,80,-1.765468614,"3"
2036,3,21,81,-1.698328926,"3"
2036,3,22,82,-1.460288214,"3"
2036,3,23,83,-0.910963494,"3"
2036,3,24,84,-1.142900598,"3"
2036,3,25,85,-0.669870978,"3"
2036,3,26,86,0.993362202,"3"
2036,3,27,87,0.910963494,"3"
2036,3,28,88,0.791943138,"3"
2036,3,29,89,1.857022734,"3"
2036,3,30,90,3.15098763,"3"
2036,3,31,91,4.042114398,"3"
2037,3,1,60,-4.551765666,"3"
2037,3,2,61,-3.801021882,"3"
2037,3,3,62,-4.255740678,"3"
2037,3,4,63,-3.474478854,"3"
2037,3,5,64,-4.73792571,"3"
2037,3,6,65,-3.645379878,"3"
2037,3,7,66,-2.394140238,"3"
2037,3,8,67,-1.56404955,"3"
2037,3,9,68,-2.98313841,"3"
2037,3,10,69,-2.153047722,"3"
2037,3,11,70,-4.100098674,"3"
2037,3,12,71,-4.58533551,"3"
2037,3,13,72,-5.299457646,"3"
2037,3,14,73,-4.301517738,"3"
2037,3,15,74,-2.885480682,"3"
2037,3,16,75,-2.803081974,"3"
2037,3,17,76,-1.948576854,"3"
2037,3,18,77,-1.97604309,"3"
2037,3,19,78,-2.229342822,"3"
2037,3,20,79,-2.177462154,"3"
2037,3,21,80,-1.53353151,"3"
2037,3,22,81,0.407415834,"3"
2037,3,23,82,-0.212100378,"3"
2037,3,24,83,-0.599679486,"3"
2037,3,25,84,-1.100175342,"3"
2037,3,26,85,-0.657663762,"3"
2037,3,27,86,0.810253962,"3"
2037,3,28,87,1.878385362,"3"
2037,3,29,88,1.588463982,"3"
2037,3,30,89,2.623025538,"3"
2037,3,31,90,2.89158429,"3"
2038,3,1,60,-7.11833283,"3"
2038,3,2,61,-7.374684366,"3"
2038,3,3,62,-6.318760182,"3"
2038,3,4,63,-6.196688022,"3"
2038,3,5,64,-7.756159866,"3"
2038,3,6,65,-7.298389266,"3"
2038,3,7,66,-5.98916535,"3"
2038,3,8,67,-5.687036754,"3"
2038,3,9,68,-4.02075177,"3"
2038,3,10,69,-2.95262037,"3"
2038,3,11,70,-3.889524198,"3"
2038,3,12,71,-5.448996042,"3"
2038,3,13,72,-4.222170834,"3"
2038,3,14,73,-3.270007986,"3"
2038,3,15,74,-2.93736135,"3"
2038,3,16,75,-2.314793334,"3"
2038,3,17,76,-1.79293485,"3"
2038,3,18,77,-0.40436403,"3"
2038,3,19,78,-0.712596234,"3"
2038,3,20,79,-2.049286386,"3"
2038,3,21,80,-3.65453529,"3"
2038,3,22,81,-2.629129146,"3"
2038,3,23,82,-1.41145935,"3"
2038,3,24,83,-0.627145722,"3"
2038,3,25,84,0.498969954,"3"
2038,3,26,85,1.06050189,"3"
2038,3,27,86,-0.050354766,"3"
2038,3,28,87,1.756313202,"3"
2038,3,29,88,2.378881218,"3"
2038,3,30,89,4.213015422,"3"
2038,3,31,90,4.823376222,"3"
2039,3,1,60,-6.239413278,"3"
2039,3,2,61,-6.623940582,"3"
2039,3,3,62,-7.130540046,"3"
2039,3,4,63,-7.472342094,"3"
2039,3,5,64,-6.596474346,"3"
2039,3,6,65,-5.580223614,"3"
2039,3,7,66,-4.60059453,"3"
2039,3,8,67,-3.508048698,"3"
2039,3,9,68,-4.426641702,"3"
2039,3,10,69,-4.46326335,"3"
2039,3,11,70,-3.480582462,"3"
2039,3,12,71,-2.03707917,"3"
2039,3,13,72,-2.384984826,"3"
2039,3,14,73,-3.596551014,"3"
2039,3,15,74,-4.200808206,"3"
2039,3,16,75,-2.561989458,"3"
2039,3,17,76,-2.055389994,"3"
2039,3,18,77,-1.759365006,"3"
2039,3,19,78,-1.429770174,"3"
2039,3,20,79,-0.315861714,"3"
2039,3,21,80,-0.285343674,"3"
2039,3,22,81,-0.135805278,"3"
2039,3,23,82,-0.02288853,"3"
2039,3,24,83,0.996414006,"3"
2039,3,25,84,1.240558326,"3"
2039,3,26,85,1.835660106,"3"
2039,3,27,86,2.339207766,"3"
2039,3,28,87,1.591515786,"3"
2039,3,29,88,2.76951213,"3"
2039,3,30,89,3.297474222,"3"
2039,3,31,90,4.026855378,"3"
2040,3,1,61,-7.65239853,"3"
2040,3,2,62,-6.95048361,"3"
2040,3,3,63,-6.468298578,"3"
2040,3,4,64,-6.083771274,"3"
2040,3,5,65,-6.053253234,"3"
2040,3,6,66,-5.983061742,"3"
2040,3,7,67,-5.229266154,"3"
2040,3,8,68,-5.494773102,"3"
2040,3,9,69,-4.426641702,"3"
2040,3,10,70,-2.958723978,"3"
2040,3,11,71,-3.160143042,"3"
2040,3,12,72,-4.139772126,"3"
2040,3,13,73,-2.302586118,"3"
2040,3,14,74,-1.094071734,"3"
2040,3,15,75,-0.416571246,"3"
2040,3,16,76,-0.859082826,"3"
2040,3,17,77,-1.155107814,"3"
2040,3,18,78,-1.316853426,"3"
2040,3,19,79,-2.195772978,"3"
2040,3,20,80,-1.734950574,"3"
2040,3,21,81,-1.512168882,"3"
2040,3,22,82,-0.874341846,"3"
2040,3,23,83,-0.151064298,"3"
2040,3,24,84,1.41145935,"3"
2040,3,25,85,2.000457522,"3"
2040,3,26,86,1.124589774,"3"
2040,3,27,87,1.161211422,"3"
2040,3,28,88,1.988250306,"3"
2040,3,29,89,3.828488118,"3"
2040,3,30,90,4.58533551,"3"
2040,3,31,91,3.312733242,"3"
2041,3,1,60,-5.723658402,"3"
2041,3,2,61,-5.91287025,"3"
2041,3,3,62,-6.163118178,"3"
2041,3,4,63,-6.926069178,"3"
2041,3,5,64,-7.280078442,"3"
2041,3,6,65,-6.123444726,"3"
2041,3,7,66,-5.30250945,"3"
2041,3,8,67,-4.12756491,"3"
2041,3,9,68,-3.666742506,"3"
2041,3,10,69,-3.245593554,"3"
2041,3,11,70,-2.928205938,"3"
2041,3,12,71,-2.488746162,"3"
2041,3,13,72,-2.949568566,"3"
2041,3,14,73,-3.117417786,"3"
2041,3,15,74,-3.147935826,"3"
2041,3,16,75,-2.23544643,"3"
2041,3,17,76,-1.338216054,"3"
2041,3,18,77,-0.89265267,"3"
2041,3,19,78,-1.326008838,"3"
2041,3,20,79,-1.490806254,"3"
2041,3,21,80,-1.47249543,"3"
2041,3,22,81,-1.313801622,"3"
2041,3,23,82,-1.191729462,"3"
2041,3,24,83,-1.31990523,"3"
2041,3,25,84,-0.819409374,"3"
2041,3,26,85,-0.645456546,"3"
2041,3,27,86,0.364690578,"3"
2041,3,28,87,1.374837702,"3"
2041,3,29,88,1.67086269,"3"
2041,3,30,89,2.531471418,"3"
2041,3,31,90,3.050278098,"3"
2042,3,1,60,-5.940336486,"3"
2042,3,2,61,-5.07362415,"3"
2042,3,3,62,-4.792858182,"3"
2042,3,4,63,-4.313724954,"3"
2042,3,5,64,-5.482565886,"3"
2042,3,6,65,-4.759288338,"3"
2042,3,7,66,-5.201799918,"3"
2042,3,8,67,-4.411382682,"3"
2042,3,9,68,-3.56298117,"3"
2042,3,10,69,-2.64743997,"3"
2042,3,11,70,-2.116426074,"3"
2042,3,12,71,-1.738002378,"3"
2042,3,13,72,-1.829556498,"3"
2042,3,14,73,-1.969939482,"3"
2042,3,15,74,-0.98420679,"3"
2042,3,16,75,-1.725795162,"3"
2042,3,17,76,-1.557945942,"3"
2042,3,18,77,-1.24361013,"3"
2042,3,19,78,-1.603723002,"3"
2042,3,20,79,-0.752269686,"3"
2042,3,21,80,-0.41962305,"3"
2042,3,22,81,0.233463006,"3"
2042,3,23,82,0.822461178,"3"
2042,3,24,83,0.154116102,"3"
2042,3,25,84,-0.28229187,"3"
2042,3,26,85,0.883497258,"3"
2042,3,27,86,1.750209594,"3"
2042,3,28,87,2.412451062,"3"
2042,3,29,88,3.080796138,"3"
2042,3,30,89,2.827496406,"3"
2042,3,31,90,2.12863329,"3"
2043,3,1,60,-4.582283706,"3"
2043,3,2,61,-5.02784709,"3"
2043,3,3,62,-4.130616714,"3"
2043,3,4,63,-3.184557474,"3"
2043,3,5,64,-3.66979431,"3"
2043,3,6,65,-4.609749942,"3"
2043,3,7,66,-5.040054306,"3"
2043,3,8,67,-3.947508474,"3"
2043,3,9,68,-4.18860099,"3"
2043,3,10,69,-4.423589898,"3"
2043,3,11,70,-4.301517738,"3"
2043,3,12,71,-3.736933998,"3"
2043,3,13,72,-3.688105134,"3"
2043,3,14,73,-4.11230589,"3"
2043,3,15,74,-2.442969102,"3"
2043,3,16,75,-2.406347454,"3"
2043,3,17,76,-1.451132802,"3"
2043,3,18,77,-1.62508563,"3"
2043,3,19,78,-0.383001402,"3"
2043,3,20,79,0.041199354,"3"
2043,3,21,80,0.09918363,"3"
2043,3,22,81,0.654611958,"3"
2043,3,23,82,0.727855254,"3"
2043,3,24,83,2.09811525,"3"
2043,3,25,84,1.185625854,"3"
2043,3,26,85,0.935377926,"3"
2043,3,27,86,2.02182015,"3"
2043,3,28,87,2.52536781,"3"
2043,3,29,88,2.973982998,"3"
2043,3,30,89,4.075684242,"3"
2043,3,31,90,5.354390118,"3"
2044,3,1,61,-9.617760306,"3"
2044,3,2,62,-9.492636342,"3"
2044,3,3,63,-9.159989706,"3"
2044,3,4,64,-8.558784318,"3"
2044,3,5,65,-7.924009086,"3"
2044,3,6,66,-7.36247715,"3"
2044,3,7,67,-6.923017374,"3"
2044,3,8,68,-6.91996557,"3"
2044,3,9,69,-5.69924397,"3"
2044,3,10,70,-5.22621435,"3"
2044,3,11,71,-4.985121834,"3"
2044,3,12,72,-4.567024686,"3"
2044,3,13,73,-4.374761034,"3"
2044,3,14,74,-5.049209718,"3"
2044,3,15,75,-5.11940121,"3"
2044,3,16,76,-4.243533462,"3"
2044,3,17,77,-3.498893286,"3"
2044,3,18,78,-2.412451062,"3"
2044,3,19,79,-1.420614762,"3"
2044,3,20,80,-0.627145722,"3"
2044,3,21,81,0.468451914,"3"
2044,3,22,82,0.471503718,"3"
2044,3,23,83,-0.874341846,"3"
2044,3,24,84,-1.30464621,"3"
2044,3,25,85,-0.55695423,"3"
2044,3,26,86,0.294499086,"3"
2044,3,27,87,1.56404955,"3"
2044,3,28,88,0.849927414,"3"
2044,3,29,89,1.866178146,"3"
2044,3,30,90,1.30464621,"3"
2044,3,31,91,2.52536781,"3"
2045,3,1,60,-5.830471542,"3"
2045,3,2,61,-5.833523346,"3"
2045,3,3,62,-6.190584414,"3"
2045,3,4,63,-5.568016398,"3"
2045,3,5,64,-4.765391946,"3"
2045,3,6,65,-4.136720322,"3"
2045,3,7,66,-4.03601079,"3"
2045,3,8,67,-3.636224466,"3"
2045,3,9,68,-3.346303086,"3"
2045,3,10,69,-3.526359522,"3"
2045,3,11,70,-3.99023373,"3"
2045,3,12,71,-3.566032974,"3"
2045,3,13,72,-4.118409498,"3"
2045,3,14,73,-3.648431682,"3"
2045,3,15,74,-2.528419614,"3"
2045,3,16,75,-2.149995918,"3"
2045,3,17,76,-3.163194846,"3"
2045,3,18,77,-4.655527002,"3"
2045,3,19,78,-2.619973734,"3"
2045,3,20,79,-1.36568229,"3"
2045,3,21,80,-0.459296502,"3"
2045,3,22,81,-0.090028218,"3"
2045,3,23,82,0.492866346,"3"
2045,3,24,83,1.368734094,"3"
2045,3,25,84,1.70138073,"3"
2045,3,26,85,1.341267858,"3"
2045,3,27,86,1.466391822,"3"
2045,3,28,87,2.26596447,"3"
2045,3,29,88,3.05943351,"3"
2045,3,30,89,3.459219834,"3"
2045,3,31,90,3.855954354,"3"
2046,3,1,60,-2.955672174,"3"
2046,3,2,61,-4.270999698,"3"
2046,3,3,62,-4.76844375,"3"
2046,3,4,63,-5.171281878,"3"
2046,3,5,64,-4.734873906,"3"
2046,3,6,65,-3.923094042,"3"
2046,3,7,66,-2.973982998,"3"
2046,3,8,67,-1.74715779,"3"
2046,3,9,68,-1.50301347,"3"
2046,3,10,69,-2.247653646,"3"
2046,3,11,70,-2.137788702,"3"
2046,3,12,71,-1.179522246,"3"
2046,3,13,72,-0.721751646,"3"
2046,3,14,73,-1.185625854,"3"
2046,3,15,74,-1.078812714,"3"
2046,3,16,75,-1.338216054,"3"
2046,3,17,76,-1.161211422,"3"
2046,3,18,77,-1.799038458,"3"
2046,3,19,78,-1.615930218,"3"
2046,3,20,79,-0.920118906,"3"
2046,3,21,80,-0.474555522,"3"
2046,3,22,81,-0.12970167,"3"
2046,3,23,82,0.325017126,"3"
2046,3,24,83,0.508125366,"3"
2046,3,25,84,1.77767583,"3"
2046,3,26,85,3.18150567,"3"
2046,3,27,86,2.836651818,"3"
2046,3,28,87,3.010604646,"3"
2046,3,29,88,3.788814666,"3"
2046,3,30,89,3.91393863,"3"
2046,3,31,90,4.048218006,"3"
2047,3,1,60,-6.199739826,"3"
2047,3,2,61,-5.247576978,"3"
2047,3,3,62,-6.224154258,"3"
2047,3,4,63,-5.763331854,"3"
2047,3,5,64,-5.397115374,"3"
2047,3,6,65,-4.298465934,"3"
2047,3,7,66,-2.537575026,"3"
2047,3,8,67,-2.354466786,"3"
2047,3,9,68,-2.168306742,"3"
2047,3,10,69,-4.182497382,"3"
2047,3,11,70,-4.426641702,"3"
2047,3,12,71,-3.260852574,"3"
2047,3,13,72,-1.902799794,"3"
2047,3,14,73,-2.305637922,"3"
2047,3,15,74,-1.756313202,"3"
2047,3,16,75,-1.91500701,"3"
2047,3,17,76,-1.957732266,"3"
2047,3,18,77,-2.20492839,"3"
2047,3,19,78,-1.017776634,"3"
2047,3,20,79,-0.28229187,"3"
2047,3,21,80,0.047302962,"3"
2047,3,22,81,0.798046746,"3"
2047,3,23,82,0.46540011,"3"
2047,3,24,83,0.63324933,"3"
2047,3,25,84,1.41145935,"3"
2047,3,26,85,1.765468614,"3"
2047,3,27,86,2.577248478,"3"
2047,3,28,87,2.851910838,"3"
2047,3,29,88,3.694208742,"3"
2047,3,30,89,4.634164374,"3"
2047,3,31,90,4.939344774,"3"
2048,3,1,61,-4.76844375,"3"
2048,3,2,62,-3.660638898,"3"
2048,3,3,63,-2.162203134,"3"
2048,3,4,64,-1.545738726,"3"
2048,3,5,65,-2.05233819,"3"
2048,3,6,66,-2.446020906,"3"
2048,3,7,67,-2.092011642,"3"
2048,3,8,68,-2.211031998,"3"
2048,3,9,69,-2.778667542,"3"
2048,3,10,70,-2.58640389,"3"
2048,3,11,71,-2.406347454,"3"
2048,3,12,72,-1.866178146,"3"
2048,3,13,73,-1.893644382,"3"
2048,3,14,74,-2.439917298,"3"
2048,3,15,75,-1.356526878,"3"
2048,3,16,76,-0.730907058,"3"
2048,3,17,77,-0.29755089,"3"
2048,3,18,78,-1.222247502,"3"
2048,3,19,79,-0.288395478,"3"
2048,3,20,80,-0.086976414,"3"
2048,3,21,81,0.672922782,"3"
2048,3,22,82,0.941481534,"3"
2048,3,23,83,1.405355742,"3"
2048,3,24,84,2.40329565,"3"
2048,3,25,85,2.561989458,"3"
2048,3,26,86,3.392080146,"3"
2048,3,27,87,3.169298454,"3"
2048,3,28,88,4.231326246,"3"
2048,3,29,89,4.261844286,"3"
2048,3,30,90,5.006484462,"3"
2048,3,31,91,6.092926686,"3"
2049,3,1,60,-4.634164374,"3"
2049,3,2,61,-2.84580723,"3"
2049,3,3,62,-2.165254938,"3"
2049,3,4,63,-3.581291994,"3"
2049,3,5,64,-3.77660745,"3"
2049,3,6,65,-3.688105134,"3"
2049,3,7,66,-4.209963618,"3"
2049,3,8,67,-3.529411326,"3"
2049,3,9,68,-2.116426074,"3"
2049,3,10,69,-2.806133778,"3"
2049,3,11,70,-2.668802598,"3"
2049,3,12,71,-2.308689726,"3"
2049,3,13,72,-1.722743358,"3"
2049,3,14,73,-2.070649014,"3"
2049,3,15,74,-1.789883046,"3"
2049,3,16,75,0.169375122,"3"
2049,3,17,76,-0.108339042,"3"
2049,3,18,77,-0.51117717,"3"
2049,3,19,78,-0.477607326,"3"
2049,3,20,79,0.370794186,"3"
2049,3,21,80,1.887540774,"3"
2049,3,22,81,1.02998385,"3"
2049,3,23,82,1.347371466,"3"
2049,3,24,83,2.864118054,"3"
2049,3,25,84,3.218127318,"3"
2049,3,26,85,2.574196674,"3"
2049,3,27,86,2.86106625,"3"
2049,3,28,87,3.035019078,"3"
2049,3,29,88,2.32700055,"3"
2049,3,30,89,2.366674002,"3"
2049,3,31,90,2.333104158,"3"
2050,3,1,60,-7.338062718,"3"
2050,3,2,61,-6.883343922,"3"
2050,3,3,62,-6.334019202,"3"
2050,3,4,63,-6.443884146,"3"
2050,3,5,64,-4.667734218,"3"
2050,3,6,65,-2.78477115,"3"
2050,3,7,66,-3.126573198,"3"
2050,3,8,67,-3.804073686,"3"
2050,3,9,68,-3.788814666,"3"
2050,3,10,69,-3.102158766,"3"
2050,3,11,70,-2.430761886,"3"
2050,3,12,71,-1.887540774,"3"
2050,3,13,72,-1.756313202,"3"
2050,3,14,73,-1.322957034,"3"
2050,3,15,74,0.260929242,"3"
2050,3,16,75,-0.102235434,"3"
2050,3,17,76,-1.203936678,"3"
2050,3,18,77,-0.52643619,"3"
2050,3,19,78,0.019836726,"3"
2050,3,20,79,0.682078194,"3"
2050,3,21,80,0.34332795,"3"
2050,3,22,81,1.490806254,"3"
2050,3,23,82,1.225299306,"3"
2050,3,24,83,1.612878414,"3"
2050,3,25,84,1.637292846,"3"
2050,3,26,85,3.41039097,"3"
2050,3,27,86,3.437857206,"3"
2050,3,28,87,3.428701794,"3"
2050,3,29,88,3.28831881,"3"
2050,3,30,89,2.293430706,"3"
2050,3,31,90,1.515220686,"3"
2051,3,1,60,-7.856869398,"3"
2051,3,2,61,-7.78972971,"3"
2051,3,3,62,-8.14068717,"3"
2051,3,4,63,-5.824367934,"3"
2051,3,5,64,-4.151979342,"3"
2051,3,6,65,-4.344242994,"3"
2051,3,7,66,-3.007552842,"3"
2051,3,8,67,-2.058441798,"3"
2051,3,9,68,-1.33516425,"3"
2051,3,10,69,-1.020828438,"3"
2051,3,11,70,-1.704432534,"3"
2051,3,12,71,-0.697337214,"3"
2051,3,13,72,-1.313801622,"3"
2051,3,14,73,-2.06759721,"3"
2051,3,15,74,-1.115434362,"3"
2051,3,16,75,-1.612878414,"3"
2051,3,17,76,-1.280231778,"3"
2051,3,18,77,-0.837720198,"3"
2051,3,19,78,-0.43488207,"3"
2051,3,20,79,0.105287238,"3"
2051,3,21,80,0.657663762,"3"
2051,3,22,81,0.58747227,"3"
2051,3,23,82,1.634241042,"3"
2051,3,24,83,2.595559302,"3"
2051,3,25,84,2.363622198,"3"
2051,3,26,85,1.643396454,"3"
2051,3,27,86,1.756313202,"3"
2051,3,28,87,1.56404955,"3"
2051,3,29,88,3.047226294,"3"
2051,3,30,89,2.543678634,"3"
2051,3,31,90,4.09704687,"3"
2052,3,1,61,-7.676812962,"3"
2052,3,2,62,-7.359425346,"3"
2052,3,3,63,-6.587318934,"3"
2052,3,4,64,-5.812160718,"3"
2052,3,5,65,-7.219042362,"3"
2052,3,6,66,-6.474402186,"3"
2052,3,7,67,-5.198748114,"3"
2052,3,8,68,-5.461203258,"3"
2052,3,9,69,-4.438848918,"3"
2052,3,10,70,-2.80003017,"3"
2052,3,11,71,-2.183565762,"3"
2052,3,12,72,-2.467383534,"3"
2052,3,13,73,-2.64743997,"3"
2052,3,14,74,-3.361562106,"3"
2052,3,15,75,-3.132676806,"3"
2052,3,16,76,-2.104218858,"3"
2052,3,17,77,-1.887540774,"3"
2052,3,18,78,-2.52536781,"3"
2052,3,19,79,-1.16731503,"3"
2052,3,20,80,-0.154116102,"3"
2052,3,21,81,-0.23651481,"3"
2052,3,22,82,-0.303654498,"3"
2052,3,23,83,0.08392461,"3"
2052,3,24,84,1.97604309,"3"
2052,3,25,85,1.832608302,"3"
2052,3,26,86,1.246661934,"3"
2052,3,27,87,1.017776634,"3"
2052,3,28,88,1.969939482,"3"
2052,3,29,89,2.592507498,"3"
2052,3,30,90,2.796978366,"3"
2052,3,31,91,3.678949722,"3"
2053,3,1,60,-6.559852698,"3"
2053,3,2,61,-5.299457646,"3"
2053,3,3,62,-3.450064422,"3"
2053,3,4,63,-1.924162422,"3"
2053,3,5,64,-1.359578682,"3"
2053,3,6,65,-1.219195698,"3"
2053,3,7,66,-1.54879053,"3"
2053,3,8,67,-2.226291018,"3"
2053,3,9,68,-2.442969102,"3"
2053,3,10,69,-2.894636094,"3"
2053,3,11,70,-3.205920102,"3"
2053,3,12,71,-3.825436314,"3"
2053,3,13,72,-2.531471418,"3"
2053,3,14,73,-1.704432534,"3"
2053,3,15,74,-0.987258594,"3"
2053,3,16,75,-0.80109855,"3"
2053,3,17,76,0.32806893,"3"
2053,3,18,77,-0.578316858,"3"
2053,3,19,78,1.173418638,"3"
2053,3,20,79,2.018768346,"3"
2053,3,21,80,2.32700055,"3"
2053,3,22,81,2.552834046,"3"
2053,3,23,82,2.497901574,"3"
2053,3,24,83,2.75425311,"3"
2053,3,25,84,2.650491774,"3"
2053,3,26,85,3.376821126,"3"
2053,3,27,86,3.389028342,"3"
2053,3,28,87,3.327992262,"3"
2053,3,29,88,3.843747138,"3"
2053,3,30,89,4.731822102,"3"
2053,3,31,90,3.871213374,"3"
2054,3,1,60,-5.000380854,"3"
2054,3,2,61,-5.564964594,"3"
2054,3,3,62,-4.499884998,"3"
2054,3,4,63,-3.114365982,"3"
2054,3,5,64,-3.184557474,"3"
2054,3,6,65,-3.160143042,"3"
2054,3,7,66,-2.476538946,"3"
2054,3,8,67,-2.22018741,"3"
2054,3,9,68,-3.80712549,"3"
2054,3,10,69,-2.772563934,"3"
2054,3,11,70,-1.997405718,"3"
2054,3,12,71,-1.902799794,"3"
2054,3,13,72,-2.323948746,"3"
2054,3,14,73,-2.467383534,"3"
2054,3,15,74,-1.399252134,"3"
2054,3,16,75,0.383001402,"3"
2054,3,17,76,0.285343674,"3"
2054,3,18,77,-0.383001402,"3"
2054,3,19,78,-0.474555522,"3"
2054,3,20,79,0.498969954,"3"
2054,3,21,80,1.753261398,"3"
2054,3,22,81,3.294422418,"3"
2054,3,23,82,4.243533462,"3"
2054,3,24,83,4.06652883,"3"
2054,3,25,84,4.37170923,"3"
2054,3,26,85,5.156022858,"3"
2054,3,27,86,4.954603794,"3"
2054,3,28,87,4.344242994,"3"
2054,3,29,88,5.21095533,"3"
2054,3,30,89,5.421529806,"3"
2054,3,31,90,3.630120858,"3"
2055,3,1,60,-3.477530658,"3"
2055,3,2,61,-4.32593217,"3"
2055,3,3,62,-3.54772215,"3"
2055,3,4,63,-4.078736046,"3"
2055,3,5,64,-4.63111257,"3"
2055,3,6,65,-5.055313326,"3"
2055,3,7,66,-5.525291142,"3"
2055,3,8,67,-4.588387314,"3"
2055,3,9,68,-3.645379878,"3"
2055,3,10,69,-2.55588585,"3"
2055,3,11,70,-2.458228122,"3"
2055,3,12,71,-1.875333558,"3"
2055,3,13,72,-1.951628658,"3"
2055,3,14,73,-0.257877438,"3"
2055,3,15,74,-1.158159618,"3"
2055,3,16,75,-2.153047722,"3"
2055,3,17,76,-1.542686922,"3"
2055,3,18,77,-0.70954443,"3"
2055,3,19,78,-0.46540011,"3"
2055,3,20,79,0.26703285,"3"
2055,3,21,80,1.020828438,"3"
2055,3,22,81,1.835660106,"3"
2055,3,23,82,3.041122686,"3"
2055,3,24,83,2.598611106,"3"
2055,3,25,84,2.186617566,"3"
2055,3,26,85,2.247653646,"3"
2055,3,27,86,2.52536781,"3"
2055,3,28,87,1.408407546,"3"
2055,3,29,88,1.185625854,"3"
2055,3,30,89,3.324940458,"3"
2055,3,31,90,4.161134754,"3"
2056,3,1,61,-5.320820274,"3"
2056,3,2,62,-5.43984063,"3"
2056,3,3,63,-5.131608426,"3"
2056,3,4,64,-4.551765666,"3"
2056,3,5,65,-5.107193994,"3"
2056,3,6,66,-4.536506646,"3"
2056,3,7,67,-5.19569631,"3"
2056,3,8,68,-4.313724954,"3"
2056,3,9,69,-3.880368786,"3"
2056,3,10,70,-2.842755426,"3"
2056,3,11,71,-2.061493602,"3"
2056,3,12,72,-1.066605498,"3"
2056,3,13,73,-1.280231778,"3"
2056,3,14,74,-1.371785898,"3"
2056,3,15,75,-1.481650842,"3"
2056,3,16,76,-1.191729462,"3"
2056,3,17,77,-1.99130211,"3"
2056,3,18,78,-0.630197526,"3"
2056,3,19,79,0.169375122,"3"
2056,3,20,80,0.257877438,"3"
2056,3,21,81,0.428778462,"3"
2056,3,22,82,0.941481534,"3"
2056,3,23,83,2.03707917,"3"
2056,3,24,84,2.888532486,"3"
2056,3,25,85,1.829556498,"3"
2056,3,26,86,1.347371466,"3"
2056,3,27,87,2.201876586,"3"
2056,3,28,88,3.60875823,"3"
2056,3,29,89,3.703364154,"3"
2056,3,30,90,5.757228246,"3"
2056,3,31,91,5.662622322,"3"
2057,3,1,60,-3.825436314,"3"
2057,3,2,61,-4.789806378,"3"
2057,3,3,62,-4.527351234,"3"
2057,3,4,63,-4.222170834,"3"
2057,3,5,64,-4.222170834,"3"
2057,3,6,65,-4.136720322,"3"
2057,3,7,66,-4.47852237,"3"
2057,3,8,67,-3.739985802,"3"
2057,3,9,68,-3.572136582,"3"
2057,3,10,69,-3.871213374,"3"
2057,3,11,70,-3.544670346,"3"
2057,3,12,71,-3.346303086,"3"
2057,3,13,72,-3.373769322,"3"
2057,3,14,73,-3.05943351,"3"
2057,3,15,74,-2.558937654,"3"
2057,3,16,75,-2.610818322,"3"
2057,3,17,76,-2.12863329,"3"
2057,3,18,77,-2.259860862,"3"
2057,3,19,78,-2.20492839,"3"
2057,3,20,79,-0.98420679,"3"
2057,3,21,80,0.096131826,"3"
2057,3,22,81,1.466391822,"3"
2057,3,23,82,1.649500062,"3"
2057,3,24,83,2.35751859,"3"
2057,3,25,84,3.291370614,"3"
2057,3,26,85,3.230334534,"3"
2057,3,27,86,3.63927627,"3"
2057,3,28,87,4.200808206,"3"
2057,3,29,88,5.076675954,"3"
2057,3,30,89,5.766383658,"3"
2057,3,31,90,5.720606598,"3"
2058,3,1,60,-3.828488118,"3"
2058,3,2,61,-2.504005182,"3"
2058,3,3,62,-3.254748966,"3"
2058,3,4,63,-4.64637159,"3"
2058,3,5,64,-4.686045042,"3"
2058,3,6,65,-3.782711058,"3"
2058,3,7,66,-1.826504694,"3"
2058,3,8,67,-2.085908034,"3"
2058,3,9,68,-2.900739702,"3"
2058,3,10,69,-3.443960814,"3"
2058,3,11,70,-2.821392798,"3"
2058,3,12,71,-1.82345289,"3"
2058,3,13,72,-3.111314178,"3"
2058,3,14,73,-3.093003354,"3"
2058,3,15,74,-2.034027366,"3"
2058,3,16,75,-0.703440822,"3"
2058,3,17,76,-0.19073775,"3"
2058,3,18,77,-0.004577706,"3"
2058,3,19,78,0.29755089,"3"
2058,3,20,79,0.61799031,"3"
2058,3,21,80,0.51117717,"3"
2058,3,22,81,0.715648038,"3"
2058,3,23,82,1.79293485,"3"
2058,3,24,83,1.22835111,"3"
2058,3,25,84,1.19783307,"3"
2058,3,26,85,1.551842334,"3"
2058,3,27,86,1.811245674,"3"
2058,3,28,87,2.95262037,"3"
2058,3,29,88,3.996337338,"3"
2058,3,30,89,3.675897918,"3"
2058,3,31,90,4.542610254,"3"
2059,3,1,60,-4.032958986,"3"
2059,3,2,61,-4.222170834,"3"
2059,3,3,62,-2.897687898,"3"
2059,3,4,63,-2.027923758,"3"
2059,3,5,64,-2.37277761,"3"
2059,3,6,65,-4.246585266,"3"
2059,3,7,66,-4.710459474,"3"
2059,3,8,67,-3.895627806,"3"
2059,3,9,68,-3.587395602,"3"
2059,3,10,69,-3.413442774,"3"
2059,3,11,70,-3.138780414,"3"
2059,3,12,71,-2.81528919,"3"
2059,3,13,72,-1.48775445,"3"
2059,3,14,73,-1.56404955,"3"
2059,3,15,74,-1.04524287,"3"
2059,3,16,75,-0.889600866,"3"
2059,3,17,76,-0.376897794,"3"
2059,3,18,77,-0.706492626,"3"
2059,3,19,78,-0.26703285,"3"
2059,3,20,79,0.993362202,"3"
2059,3,21,80,2.546730438,"3"
2059,3,22,81,2.38803663,"3"
2059,3,23,82,1.603723002,"3"
2059,3,24,83,2.98313841,"3"
2059,3,25,84,3.60875823,"3"
2059,3,26,85,3.279163398,"3"
2059,3,27,86,3.767452038,"3"
2059,3,28,87,4.344242994,"3"
2059,3,29,88,3.831539922,"3"
2059,3,30,89,4.02075177,"3"
2059,3,31,90,5.131608426,"3"
2060,3,1,61,-3.840695334,"3"
2060,3,2,62,-4.042114398,"3"
2060,3,3,63,-3.648431682,"3"
2060,3,4,64,-2.09811525,"3"
2060,3,5,65,-2.406347454,"3"
2060,3,6,66,-2.934309546,"3"
2060,3,7,67,-4.213015422,"3"
2060,3,8,68,-4.008544554,"3"
2060,3,9,69,-4.24963707,"3"
2060,3,10,70,-3.877316982,"3"
2060,3,11,71,-2.940413154,"3"
2060,3,12,72,-2.336155962,"3"
2060,3,13,73,-2.03707917,"3"
2060,3,14,74,-2.278171686,"3"
2060,3,15,75,-1.545738726,"3"
2060,3,16,76,-1.420614762,"3"
2060,3,17,77,-0.651560154,"3"
2060,3,18,78,-0.074769198,"3"
2060,3,19,79,-0.12970167,"3"
2060,3,20,80,-0.611886702,"3"
2060,3,21,81,-0.257877438,"3"
2060,3,22,82,0.90791169,"3"
2060,3,23,83,1.93026603,"3"
2060,3,24,84,1.939421442,"3"
2060,3,25,85,2.15915133,"3"
2060,3,26,86,2.604714714,"3"
2060,3,27,87,3.831539922,"3"
2060,3,28,88,3.327992262,"3"
2060,3,29,89,2.589455694,"3"
2060,3,30,90,3.24254175,"3"
2060,3,31,91,3.12046959,"3"
2061,3,1,60,-1.646448258,"3"
2061,3,2,61,-2.308689726,"3"
2061,3,3,62,-2.867169858,"3"
2061,3,4,63,-2.76951213,"3"
2061,3,5,64,-3.239489946,"3"
2061,3,6,65,-2.214083802,"3"
2061,3,7,66,-1.67086269,"3"
2061,3,8,67,-1.490806254,"3"
2061,3,9,68,-1.734950574,"3"
2061,3,10,69,-1.124589774,"3"
2061,3,11,70,-0.636301134,"3"
2061,3,12,71,0.437933874,"3"
2061,3,13,72,1.649500062,"3"
2061,3,14,73,2.29648251,"3"
2061,3,15,74,1.454184606,"3"
2061,3,16,75,2.02182015,"3"
2061,3,17,76,3.544670346,"3"
2061,3,18,77,3.508048698,"3"
2061,3,19,78,3.688105134,"3"
2061,3,20,79,4.011596358,"3"
2061,3,21,80,4.075684242,"3"
2061,3,22,81,2.742045894,"3"
2061,3,23,82,3.413442774,"3"
2061,3,24,83,4.075684242,"3"
2061,3,25,84,5.48561769,"3"
2061,3,26,85,5.626000674,"3"
2061,3,27,86,5.387959962,"3"
2061,3,28,87,5.369649138,"3"
2061,3,29,88,5.168230074,"3"
2061,3,30,89,3.63927627,"3"
2061,3,31,90,5.381856354,"3"
2062,3,1,60,-4.362553818,"3"
2062,3,2,61,-5.082779562,"3"
2062,3,3,62,-5.879300406,"3"
2062,3,4,63,-5.80605711,"3"
2062,3,5,64,-4.917982146,"3"
2062,3,6,65,-3.520255914,"3"
2062,3,7,66,-2.17441035,"3"
2062,3,8,67,-1.972991286,"3"
2062,3,9,68,-2.943464958,"3"
2062,3,10,69,-2.760356718,"3"
2062,3,11,70,-1.57930857,"3"
2062,3,12,71,-0.331120734,"3"
2062,3,13,72,0.019836726,"3"
2062,3,14,73,-1.42671837,"3"
2062,3,15,74,-1.448080998,"3"
2062,3,16,75,-0.868238238,"3"
2062,3,17,76,-1.750209594,"3"
2062,3,18,77,-2.070649014,"3"
2062,3,19,78,-0.60273129,"3"
2062,3,20,79,0.459296502,"3"
2062,3,21,80,-0.422674854,"3"
2062,3,22,81,0.102235434,"3"
2062,3,23,82,2.09811525,"3"
2062,3,24,83,1.664759082,"3"
2062,3,25,84,1.786831242,"3"
2062,3,26,85,2.278171686,"3"
2062,3,27,86,2.14389231,"3"
2062,3,28,87,2.079804426,"3"
2062,3,29,88,2.934309546,"3"
2062,3,30,89,4.579231902,"3"
2062,3,31,90,5.08888317,"3"
2063,3,1,60,-5.787746286,"3"
2063,3,2,61,-5.223162546,"3"
2063,3,3,62,-5.351338314,"3"
2063,3,4,63,-4.686045042,"3"
2063,3,5,64,-5.214007134,"3"
2063,3,6,65,-4.408330878,"3"
2063,3,7,66,-3.389028342,"3"
2063,3,8,67,-2.714579658,"3"
2063,3,9,68,-1.15205601,"3"
2063,3,10,69,-1.326008838,"3"
2063,3,11,70,-2.552834046,"3"
2063,3,12,71,-3.245593554,"3"
2063,3,13,72,-2.565041262,"3"
2063,3,14,73,-1.799038458,"3"
2063,3,15,74,-1.774624026,"3"
2063,3,16,75,-0.727855254,"3"
2063,3,17,76,0.193789554,"3"
2063,3,18,77,0.407415834,"3"
2063,3,19,78,1.023880242,"3"
2063,3,20,79,2.140840506,"3"
2063,3,21,80,2.964827586,"3"
2063,3,22,81,2.720683266,"3"
2063,3,23,82,2.864118054,"3"
2063,3,24,83,3.54772215,"3"
2063,3,25,84,3.627069054,"3"
2063,3,26,85,4.182497382,"3"
2063,3,27,86,4.393071858,"3"
2063,3,28,87,4.917982146,"3"
2063,3,29,88,4.38696825,"3"
2063,3,30,89,4.039062594,"3"
2063,3,31,90,3.816280902,"3"
2064,3,1,61,-5.482565886,"3"
2064,3,2,62,-4.78370277,"3"
2064,3,3,63,-4.49378139,"3"
2064,3,4,64,-3.73083039,"3"
2064,3,5,65,-3.093003354,"3"
2064,3,6,66,-2.171358546,"3"
2064,3,7,67,-1.59456759,"3"
2064,3,8,68,-2.931257742,"3"
2064,3,9,69,-3.21202371,"3"
2064,3,10,70,-2.574196674,"3"
2064,3,11,71,-1.979094894,"3"
2064,3,12,72,-2.446020906,"3"
2064,3,13,73,-2.354466786,"3"
2064,3,14,74,-1.48775445,"3"
2064,3,15,75,-0.248722026,"3"
2064,3,16,76,1.490806254,"3"
2064,3,17,77,1.481650842,"3"
2064,3,18,78,1.957732266,"3"
2064,3,19,79,2.119477878,"3"
2064,3,20,80,2.394140238,"3"
2064,3,21,81,3.840695334,"3"
2064,3,22,82,3.859006158,"3"
2064,3,23,83,3.062485314,"3"
2064,3,24,84,2.12863329,"3"
2064,3,25,85,2.381933022,"3"
2064,3,26,86,2.928205938,"3"
2064,3,27,87,3.42564999,"3"
2064,3,28,88,4.32593217,"3"
2064,3,29,89,4.14282393,"3"
2064,3,30,90,4.084839654,"3"
2064,3,31,91,4.277103306,"3"
2065,3,1,60,-3.691156938,"3"
2065,3,2,61,-3.79186647,"3"
2065,3,3,62,-4.213015422,"3"
2065,3,4,63,-2.977034802,"3"
2065,3,5,64,-1.817349282,"3"
2065,3,6,65,-1.417562958,"3"
2065,3,7,66,-1.033035654,"3"
2065,3,8,67,-1.07576091,"3"
2065,3,9,68,-1.93026603,"3"
2065,3,10,69,-1.530479706,"3"
2065,3,11,70,-1.231402914,"3"
2065,3,12,71,-1.680018102,"3"
2065,3,13,72,-1.326008838,"3"
2065,3,14,73,-0.773632314,"3"
2065,3,15,74,-0.566109642,"3"
2065,3,16,75,-1.191729462,"3"
2065,3,17,76,-1.612878414,"3"
2065,3,18,77,-0.166323318,"3"
2065,3,19,78,0.074769198,"3"
2065,3,20,79,0.99946581,"3"
2065,3,21,80,1.570153158,"3"
2065,3,22,81,1.966887678,"3"
2065,3,23,82,2.531471418,"3"
2065,3,24,83,2.76951213,"3"
2065,3,25,84,3.193712886,"3"
2065,3,26,85,3.361562106,"3"
2065,3,27,86,3.706415958,"3"
2065,3,28,87,4.161134754,"3"
2065,3,29,88,4.328983974,"3"
2065,3,30,89,3.984130122,"3"
2065,3,31,90,3.99023373,"3"
2066,3,1,60,-5.125504818,"3"
2066,3,2,61,-4.353398406,"3"
2066,3,3,62,-2.458228122,"3"
2066,3,4,63,-1.783779438,"3"
2066,3,5,64,-2.619973734,"3"
2066,3,6,65,-2.873273466,"3"
2066,3,7,66,-2.03707917,"3"
2066,3,8,67,-2.009612934,"3"
2066,3,9,68,-2.15915133,"3"
2066,3,10,69,-2.22018741,"3"
2066,3,11,70,-2.809185582,"3"
2066,3,12,71,-1.42671837,"3"
2066,3,13,72,-0.51117717,"3"
2066,3,14,73,-0.224307594,"3"
2066,3,15,74,0.361638774,"3"
2066,3,16,75,0.224307594,"3"
2066,3,17,76,-1.615930218,"3"
2066,3,18,77,-1.631189238,"3"
2066,3,19,78,-0.730907058,"3"
2066,3,20,79,0.196841358,"3"
2066,3,21,80,1.454184606,"3"
2066,3,22,81,2.027923758,"3"
2066,3,23,82,1.432821978,"3"
2066,3,24,83,0.181582338,"3"
2066,3,25,84,0.627145722,"3"
2066,3,26,85,1.652551866,"3"
2066,3,27,86,2.207980194,"3"
2066,3,28,87,2.726786874,"3"
2066,3,29,88,3.538566738,"3"
2066,3,30,89,4.481574174,"3"
2066,3,31,90,4.225222638,"3"
2067,3,1,60,-3.077744334,"3"
2067,3,2,61,-3.077744334,"3"
2067,3,3,62,-3.691156938,"3"
2067,3,4,63,-4.106202282,"3"
2067,3,5,64,-4.411382682,"3"
2067,3,6,65,-3.102158766,"3"
2067,3,7,66,-2.592507498,"3"
2067,3,8,67,-2.430761886,"3"
2067,3,9,68,-3.163194846,"3"
2067,3,10,69,-3.080796138,"3"
2067,3,11,70,-3.346303086,"3"
2067,3,12,71,-2.439917298,"3"
2067,3,13,72,-1.066605498,"3"
2067,3,14,73,-0.40436403,"3"
2067,3,15,74,1.115434362,"3"
2067,3,16,75,0.773632314,"3"
2067,3,17,76,1.176470442,"3"
2067,3,18,77,0.468451914,"3"
2067,3,19,78,1.06050189,"3"
2067,3,20,79,1.19783307,"3"
2067,3,21,80,1.322957034,"3"
2067,3,22,81,1.649500062,"3"
2067,3,23,82,2.568093066,"3"
2067,3,24,83,3.05943351,"3"
2067,3,25,84,3.392080146,"3"
2067,3,26,85,3.468375246,"3"
2067,3,27,86,4.438848918,"3"
2067,3,28,87,3.529411326,"3"
2067,3,29,88,3.797970078,"3"
2067,3,30,89,4.81422081,"3"
2067,3,31,90,5.555809182,"3"
2068,3,1,61,-1.573204962,"3"
2068,3,2,62,-1.576256766,"3"
2068,3,3,63,-2.00656113,"3"
2068,3,4,64,-1.692225318,"3"
2068,3,5,65,-1.445029194,"3"
2068,3,6,66,-2.34225957,"3"
2068,3,7,67,-2.623025538,"3"
2068,3,8,68,-1.878385362,"3"
2068,3,9,69,-1.847867322,"3"
2068,3,10,70,-1.25886915,"3"
2068,3,11,71,-1.64034465,"3"
2068,3,12,72,-1.887540774,"3"
2068,3,13,73,-1.951628658,"3"
2068,3,14,74,-2.339207766,"3"
2068,3,15,75,-0.639352938,"3"
2068,3,16,76,0.535591602,"3"
2068,3,17,77,0.483710934,"3"
2068,3,18,78,1.210040286,"3"
2068,3,19,79,1.768520418,"3"
2068,3,20,80,3.077744334,"3"
2068,3,21,81,2.720683266,"3"
2068,3,22,82,3.22728273,"3"
2068,3,23,83,3.208971906,"3"
2068,3,24,84,3.538566738,"3"
2068,3,25,85,3.068588922,"3"
2068,3,26,86,4.368657426,"3"
2068,3,27,87,4.850842458,"3"
2068,3,28,88,5.403218982,"3"
2068,3,29,89,5.891507622,"3"
2068,3,30,90,6.379796262,"3"
2068,3,31,91,6.392003478,"3"
2069,3,1,60,-3.300526026,"3"
2069,3,2,61,-2.57114487,"3"
2069,3,3,62,-2.75425311,"3"
2069,3,4,63,-2.833600014,"3"
2069,3,5,64,-2.87632527,"3"
2069,3,6,65,-3.21202371,"3"
2069,3,7,66,-4.115357694,"3"
2069,3,8,67,-3.916990434,"3"
2069,3,9,68,-3.880368786,"3"
2069,3,10,69,-3.767452038,"3"
2069,3,11,70,-3.431753598,"3"
2069,3,12,71,-2.61692193,"3"
2069,3,13,72,-1.62508563,"3"
2069,3,14,73,-1.835660106,"3"
2069,3,15,74,-1.997405718,"3"
2069,3,16,75,-0.141908886,"3"
2069,3,17,76,-0.334172538,"3"
2069,3,18,77,-0.166323318,"3"
2069,3,19,78,-1.432821978,"3"
2069,3,20,79,-0.64850835,"3"
2069,3,21,80,0.111390846,"3"
2069,3,22,81,0.83161659,"3"
2069,3,23,82,1.393148526,"3"
2069,3,24,83,2.681009814,"3"
2069,3,25,84,3.22728273,"3"
2069,3,26,85,3.682001526,"3"
2069,3,27,86,3.724726782,"3"
2069,3,28,87,3.733882194,"3"
2069,3,29,88,4.032958986,"3"
2069,3,30,89,4.225222638,"3"
2069,3,31,90,3.996337338,"3"
2070,3,1,60,-3.996337338,"3"
2070,3,2,61,-3.85290255,"3"
2070,3,3,62,-3.675897918,"3"
2070,3,4,63,-4.350346602,"3"
2070,3,5,64,-4.002440946,"3"
2070,3,6,65,-3.266956182,"3"
2070,3,7,66,-2.796978366,"3"
2070,3,8,67,-2.717631462,"3"
2070,3,9,68,-3.004501038,"3"
2070,3,10,69,-4.164186558,"3"
2070,3,11,70,-3.97497471,"3"
2070,3,12,71,-3.248645358,"3"
2070,3,13,72,-2.696268834,"3"
2070,3,14,73,-2.241550038,"3"
2070,3,15,74,-0.727855254,"3"
2070,3,16,75,-0.32806893,"3"
2070,3,17,76,-0.013733118,"3"
2070,3,18,77,0.263981046,"3"
2070,3,19,78,0.529487994,"3"
2070,3,20,79,0.773632314,"3"
2070,3,21,80,1.82345289,"3"
2070,3,22,81,2.009612934,"3"
2070,3,23,82,1.835660106,"3"
2070,3,24,83,3.480582462,"3"
2070,3,25,84,4.045166202,"3"
2070,3,26,85,3.920042238,"3"
2070,3,27,86,4.34119119,"3"
2070,3,28,87,5.250628782,"3"
2070,3,29,88,6.41641791,"3"
2070,3,30,89,6.373692654,"3"
2070,3,31,90,6.138703746,"3"
2071,3,1,60,-4.286258718,"3"
2071,3,2,61,-3.468375246,"3"
2071,3,3,62,-2.635232754,"3"
2071,3,4,63,-1.765468614,"3"
2071,3,5,64,-1.54879053,"3"
2071,3,6,65,-2.574196674,"3"
2071,3,7,66,-3.096055158,"3"
2071,3,8,67,-3.254748966,"3"
2071,3,9,68,-3.114365982,"3"
2071,3,10,69,-2.153047722,"3"
2071,3,11,70,-0.825512982,"3"
2071,3,12,71,0.70954443,"3"
2071,3,13,72,1.017776634,"3"
2071,3,14,73,0.502021758,"3"
2071,3,15,74,-0.05340657,"3"
2071,3,16,75,0.852979218,"3"
2071,3,17,76,0.730907058,"3"
2071,3,18,77,0.303654498,"3"
2071,3,19,78,0.804150354,"3"
2071,3,20,79,1.707484338,"3"
2071,3,21,80,2.70847605,"3"
2071,3,22,81,3.123521394,"3"
2071,3,23,82,2.928205938,"3"
2071,3,24,83,2.51010879,"3"
2071,3,25,84,3.175402062,"3"
2071,3,26,85,4.628060766,"3"
2071,3,27,86,5.583275418,"3"
2071,3,28,87,5.693140362,"3"
2071,3,29,88,6.163118178,"3"
2071,3,30,89,7.338062718,"3"
2071,3,31,90,7.084762986,"3"
2072,3,1,61,-4.551765666,"3"
2072,3,2,62,-4.40222727,"3"
2072,3,3,63,-3.123521394,"3"
2072,3,4,64,-2.330052354,"3"
2072,3,5,65,-2.653543578,"3"
2072,3,6,66,-2.81528919,"3"
2072,3,7,67,-1.295490798,"3"
2072,3,8,68,-0.325017126,"3"
2072,3,9,69,-0.98420679,"3"
2072,3,10,70,-1.033035654,"3"
2072,3,11,71,-1.170366834,"3"
2072,3,12,72,-1.222247502,"3"
2072,3,13,73,0.086976414,"3"
2072,3,14,74,1.255817346,"3"
2072,3,15,75,0.917067102,"3"
2072,3,16,76,0.31280991,"3"
2072,3,17,77,0.666819174,"3"
2072,3,18,78,1.738002378,"3"
2072,3,19,79,2.78477115,"3"
2072,3,20,80,2.424658278,"3"
2072,3,21,81,2.519264202,"3"
2072,3,22,82,3.24254175,"3"
2072,3,23,83,4.176393774,"3"
2072,3,24,84,3.263904378,"3"
2072,3,25,85,1.698328926,"3"
2072,3,26,86,1.741054182,"3"
2072,3,27,87,2.363622198,"3"
2072,3,28,88,4.777599162,"3"
2072,3,29,89,5.372700942,"3"
2072,3,30,90,5.018691678,"3"
2072,3,31,91,5.265887802,"3"
2073,3,1,60,-2.439917298,"3"
2073,3,2,61,-1.927214226,"3"
2073,3,3,62,-1.683069906,"3"
2073,3,4,63,-2.192721174,"3"
2073,3,5,64,-2.287327098,"3"
2073,3,6,65,-2.95262037,"3"
2073,3,7,66,-2.507056986,"3"
2073,3,8,67,-2.259860862,"3"
2073,3,9,68,-2.314793334,"3"
2073,3,10,69,-1.582360374,"3"
2073,3,11,70,-0.376897794,"3"
2073,3,12,71,0.202944966,"3"
2073,3,13,72,0.700389018,"3"
2073,3,14,73,1.191729462,"3"
2073,3,15,74,1.316853426,"3"
2073,3,16,75,0.575265054,"3"
2073,3,17,76,0.51117717,"3"
2073,3,18,77,0.40436403,"3"
2073,3,19,78,0.639352938,"3"
2073,3,20,79,1.829556498,"3"
2073,3,21,80,3.270007986,"3"
2073,3,22,81,3.770503842,"3"
2073,3,23,82,4.11230589,"3"
2073,3,24,83,3.865109766,"3"
2073,3,25,84,3.813229098,"3"
2073,3,26,85,3.218127318,"3"
2073,3,27,86,4.274051502,"3"
2073,3,28,87,6.260775906,"3"
2073,3,29,88,6.010527978,"3"
2073,3,30,89,5.702295774,"3"
2073,3,31,90,4.38696825,"3"
2074,3,1,60,-2.073700818,"3"
2074,3,2,61,-1.19783307,"3"
2074,3,3,62,-1.145952402,"3"
2074,3,4,63,-1.783779438,"3"
2074,3,5,64,-3.22728273,"3"
2074,3,6,65,-3.047226294,"3"
2074,3,7,66,-2.467383534,"3"
2074,3,8,67,-1.65560367,"3"
2074,3,9,68,-0.779735922,"3"
2074,3,10,69,-0.752269686,"3"
2074,3,11,70,-0.767528706,"3"
2074,3,12,71,-0.105287238,"3"
2074,3,13,72,0.456244698,"3"
2074,3,14,73,1.417562958,"3"
2074,3,15,74,2.18966937,"3"
2074,3,16,75,2.369725806,"3"
2074,3,17,76,2.269016274,"3"
2074,3,18,77,1.88448897,"3"
2074,3,19,78,1.927214226,"3"
2074,3,20,79,2.580300282,"3"
2074,3,21,80,3.035019078,"3"
2074,3,22,81,3.080796138,"3"
2074,3,23,82,3.840695334,"3"
2074,3,24,83,5.217058938,"3"
2074,3,25,84,4.747081122,"3"
2074,3,26,85,4.225222638,"3"
2074,3,27,86,4.838635242,"3"
2074,3,28,87,5.741969226,"3"
2074,3,29,88,5.375752746,"3"
2074,3,30,89,4.81422081,"3"
2074,3,31,90,6.120392922,"3"
2075,3,1,60,-3.660638898,"3"
2075,3,2,61,-2.705424246,"3"
2075,3,3,62,-2.732890482,"3"
2075,3,4,63,-3.24254175,"3"
2075,3,5,64,-3.160143042,"3"
2075,3,6,65,-3.413442774,"3"
2075,3,7,66,-2.656595382,"3"
2075,3,8,67,-1.704432534,"3"
2075,3,9,68,-1.582360374,"3"
2075,3,10,69,-0.584420466,"3"
2075,3,11,70,0.138857082,"3"
2075,3,12,71,-0.611886702,"3"
2075,3,13,72,1.499961666,"3"
2075,3,14,73,2.528419614,"3"
2075,3,15,74,2.64743997,"3"
2075,3,16,75,1.667810886,"3"
2075,3,17,76,1.588463982,"3"
2075,3,18,77,1.283283582,"3"
2075,3,19,78,1.68612171,"3"
2075,3,20,79,1.576256766,"3"
2075,3,21,80,0.624093918,"3"
2075,3,22,81,0.63324933,"3"
2075,3,23,82,1.469443626,"3"
2075,3,24,83,3.202868298,"3"
2075,3,25,84,4.246585266,"3"
2075,3,26,85,5.049209718,"3"
2075,3,27,86,4.679941434,"3"
2075,3,28,87,4.954603794,"3"
2075,3,29,88,6.96574263,"3"
2075,3,30,89,7.219042362,"3"
2075,3,31,90,4.679941434,"3"
2076,3,1,61,-2.22018741,"3"
2076,3,2,62,-2.125581486,"3"
2076,3,3,63,-1.62508563,"3"
2076,3,4,64,-1.74715779,"3"
2076,3,5,65,-1.515220686,"3"
2076,3,6,66,-1.02998385,"3"
2076,3,7,67,-0.975051378,"3"
2076,3,8,68,0.09918363,"3"
2076,3,9,69,-0.657663762,"3"
2076,3,10,70,-1.002517614,"3"
2076,3,11,71,-0.288395478,"3"
2076,3,12,72,0.306706302,"3"
2076,3,13,73,1.170366834,"3"
2076,3,14,74,1.530479706,"3"
2076,3,15,75,2.262912666,"3"
2076,3,16,76,2.49484977,"3"
2076,3,17,77,2.29648251,"3"
2076,3,18,78,2.60166291,"3"
2076,3,19,79,3.099106962,"3"
2076,3,20,80,3.48668607,"3"
2076,3,21,81,4.31067315,"3"
2076,3,22,82,4.026855378,"3"
2076,3,23,83,3.993285534,"3"
2076,3,24,84,3.904783218,"3"
2076,3,25,85,5.094986778,"3"
2076,3,26,86,5.08888317,"3"
2076,3,27,87,6.205843434,"3"
2076,3,28,88,5.92812927,"3"
2076,3,29,89,5.854885974,"3"
2076,3,30,90,6.330967398,"3"
2076,3,31,91,7.554740802,"3"
2077,3,1,60,-3.688105134,"3"
2077,3,2,61,-4.246585266,"3"
2077,3,3,62,-4.89051591,"3"
2077,3,4,63,-4.319828562,"3"
2077,3,5,64,-2.96787939,"3"
2077,3,6,65,-2.57114487,"3"
2077,3,7,66,-2.26596447,"3"
2077,3,8,67,-1.606774806,"3"
2077,3,9,68,-2.137788702,"3"
2077,3,10,69,-2.140840506,"3"
2077,3,11,70,-1.86922995,"3"
2077,3,12,71,-1.399252134,"3"
2077,3,13,72,-0.669870978,"3"
2077,3,14,73,-0.721751646,"3"
2077,3,15,74,0.08392461,"3"
2077,3,16,75,0.077821002,"3"
2077,3,17,76,0.26703285,"3"
2077,3,18,77,-0.209048574,"3"
2077,3,19,78,-0.120546258,"3"
2077,3,20,79,0.437933874,"3"
2077,3,21,80,0.761425098,"3"
2077,3,22,81,1.756313202,"3"
2077,3,23,82,2.851910838,"3"
2077,3,24,83,3.95971569,"3"
2077,3,25,84,4.625008962,"3"
2077,3,26,85,4.118409498,"3"
2077,3,27,86,4.43274531,"3"
2077,3,28,87,5.473410474,"3"
2077,3,29,88,6.395055282,"3"
2077,3,30,89,6.849774078,"3"
2077,3,31,90,6.666665838,"3"
2078,3,1,60,-1.539635118,"3"
2078,3,2,61,-1.73189877,"3"
2078,3,3,62,-1.188677658,"3"
2078,3,4,63,-1.118486166,"3"
2078,3,5,64,-1.356526878,"3"
2078,3,6,65,-0.17547873,"3"
2078,3,7,66,0.61799031,"3"
2078,3,8,67,0.58747227,"3"
2078,3,9,68,0.523384386,"3"
2078,3,10,69,0.608834898,"3"
2078,3,11,70,0.233463006,"3"
2078,3,12,71,0.181582338,"3"
2078,3,13,72,0.303654498,"3"
2078,3,14,73,0.852979218,"3"
2078,3,15,74,2.195772978,"3"
2078,3,16,75,2.760356718,"3"
2078,3,17,76,1.710536142,"3"
2078,3,18,77,1.896696186,"3"
2078,3,19,78,2.018768346,"3"
2078,3,20,79,1.911955206,"3"
2078,3,21,80,2.17441035,"3"
2078,3,22,81,1.753261398,"3"
2078,3,23,82,1.530479706,"3"
2078,3,24,83,2.766460326,"3"
2078,3,25,84,4.628060766,"3"
2078,3,26,85,4.502936802,"3"
2078,3,27,86,4.933241166,"3"
2078,3,28,87,5.13466023,"3"
2078,3,29,88,5.082779562,"3"
2078,3,30,89,5.827419738,"3"
2078,3,31,90,7.539481782,"3"
2079,3,1,60,-3.709467762,"3"
2079,3,2,61,-3.535514934,"3"
2079,3,3,62,-3.199816494,"3"
2079,3,4,63,-2.44907271,"3"
2079,3,5,64,-1.435873782,"3"
2079,3,6,65,-1.51827249,"3"
2079,3,7,66,-0.852979218,"3"
2079,3,8,67,0.309758106,"3"
2079,3,9,68,0.392156814,"3"
2079,3,10,69,0.746166078,"3"
2079,3,11,70,1.738002378,"3"
2079,3,12,71,2.439917298,"3"
2079,3,13,72,2.790874758,"3"
2079,3,14,73,2.290378902,"3"
2079,3,15,74,1.811245674,"3"
2079,3,16,75,2.47959075,"3"
2079,3,17,76,3.001449234,"3"
2079,3,18,77,3.587395602,"3"
2079,3,19,78,3.907835022,"3"
2079,3,20,79,4.048218006,"3"
2079,3,21,80,2.409399258,"3"
2079,3,22,81,2.272068078,"3"
2079,3,23,82,3.880368786,"3"
2079,3,24,83,4.774547358,"3"
2079,3,25,84,5.845730562,"3"
2079,3,26,85,5.037002502,"3"
2079,3,27,86,4.924085754,"3"
2079,3,28,87,5.098038582,"3"
2079,3,29,88,5.662622322,"3"
2079,3,30,89,6.166169982,"3"
2079,3,31,90,6.593422542,"3"
2080,3,1,61,-2.180513958,"3"
2080,3,2,62,-1.905851598,"3"
2080,3,3,63,-1.338216054,"3"
2080,3,4,64,-0.865186434,"3"
2080,3,5,65,-0.871290042,"3"
2080,3,6,66,-1.081864518,"3"
2080,3,7,67,-0.55695423,"3"
2080,3,8,68,-0.874341846,"3"
2080,3,9,69,-0.483710934,"3"
2080,3,10,70,0.22125579,"3"
2080,3,11,71,0.23651481,"3"
2080,3,12,72,-0.706492626,"3"
2080,3,13,73,-1.28938719,"3"
2080,3,14,74,-1.155107814,"3"
2080,3,15,75,-0.654611958,"3"
2080,3,16,76,-0.12970167,"3"
2080,3,17,77,1.68612171,"3"
2080,3,18,78,2.537575026,"3"
2080,3,19,79,3.843747138,"3"
2080,3,20,80,3.968871102,"3"
2080,3,21,81,3.376821126,"3"
2080,3,22,82,3.114365982,"3"
2080,3,23,83,3.47142705,"3"
2080,3,24,84,4.31067315,"3"
2080,3,25,85,5.720606598,"3"
2080,3,26,86,5.964750918,"3"
2080,3,27,87,6.63004419,"3"
2080,3,28,88,7.40825421,"3"
2080,3,29,89,7.325855502,"3"
2080,3,30,90,8.076599286,"3"
2080,3,31,91,8.265811134,"3"
2081,3,1,60,-1.405355742,"3"
2081,3,2,61,-0.044251158,"3"
2081,3,3,62,-0.901808082,"3"
2081,3,4,63,-1.652551866,"3"
2081,3,5,64,-0.871290042,"3"
2081,3,6,65,-0.447089286,"3"
2081,3,7,66,-0.325017126,"3"
2081,3,8,67,-0.071717394,"3"
2081,3,9,68,0.077821002,"3"
2081,3,10,69,0.645456546,"3"
2081,3,11,70,0.956740554,"3"
2081,3,12,71,1.017776634,"3"
2081,3,13,72,1.19783307,"3"
2081,3,14,73,0.90791169,"3"
2081,3,15,74,0.263981046,"3"
2081,3,16,75,1.448080998,"3"
2081,3,17,76,1.759365006,"3"
2081,3,18,77,1.554894138,"3"
2081,3,19,78,1.27412817,"3"
2081,3,20,79,1.918058814,"3"
2081,3,21,80,2.864118054,"3"
2081,3,22,81,2.650491774,"3"
2081,3,23,82,3.260852574,"3"
2081,3,24,83,3.218127318,"3"
2081,3,25,84,3.758296626,"3"
2081,3,26,85,4.512092214,"3"
2081,3,27,86,5.980009938,"3"
2081,3,28,87,5.671777734,"3"
2081,3,29,88,5.839626954,"3"
2081,3,30,89,6.877240314,"3"
2081,3,31,90,6.971846238,"3"
2082,3,1,60,-3.926145846,"3"
2082,3,2,61,-2.259860862,"3"
2082,3,3,62,-1.963835874,"3"
2082,3,4,63,-1.811245674,"3"
2082,3,5,64,-1.542686922,"3"
2082,3,6,65,-1.927214226,"3"
2082,3,7,66,-1.985198502,"3"
2082,3,8,67,-1.286335386,"3"
2082,3,9,68,0.596627682,"3"
2082,3,10,69,0.611886702,"3"
2082,3,11,70,0.38910501,"3"
2082,3,12,71,1.802090262,"3"
2082,3,13,72,1.10627895,"3"
2082,3,14,73,0.483710934,"3"
2082,3,15,74,-0.154116102,"3"
2082,3,16,75,0.538643406,"3"
2082,3,17,76,0.81635757,"3"
2082,3,18,77,2.302586118,"3"
2082,3,19,78,3.199816494,"3"
2082,3,20,79,2.476538946,"3"
2082,3,21,80,2.415502866,"3"
2082,3,22,81,2.15915133,"3"
2082,3,23,82,2.44907271,"3"
2082,3,24,83,2.345311374,"3"
2082,3,25,84,2.51010879,"3"
2082,3,26,85,2.95262037,"3"
2082,3,27,86,4.057373418,"3"
2082,3,28,87,5.879300406,"3"
2082,3,29,88,5.174333682,"3"
2082,3,30,89,5.494773102,"3"
2082,3,31,90,6.99626067,"3"
2083,3,1,60,-3.291370614,"3"
2083,3,2,61,-3.361562106,"3"
2083,3,3,62,-2.766460326,"3"
2083,3,4,63,-1.91500701,"3"
2083,3,5,64,-0.383001402,"3"
2083,3,6,65,-0.547798818,"3"
2083,3,7,66,-1.194781266,"3"
2083,3,8,67,0.028992138,"3"
2083,3,9,68,0.605783094,"3"
2083,3,10,69,0.645456546,"3"
2083,3,11,70,0.895704474,"3"
2083,3,12,71,-0.54169521,"3"
2083,3,13,72,0.080872806,"3"
2083,3,14,73,1.277179974,"3"
2083,3,15,74,1.524376098,"3"
2083,3,16,75,1.063553694,"3"
2083,3,17,76,0.865186434,"3"
2083,3,18,77,1.521324294,"3"
2083,3,19,78,2.442969102,"3"
2083,3,20,79,3.413442774,"3"
2083,3,21,80,3.239489946,"3"
2083,3,22,81,3.01365645,"3"
2083,3,23,82,3.160143042,"3"
2083,3,24,83,3.343251282,"3"
2083,3,25,84,3.987181926,"3"
2083,3,26,85,3.202868298,"3"
2083,3,27,86,2.668802598,"3"
2083,3,28,87,3.251697162,"3"
2083,3,29,88,4.750132926,"3"
2083,3,30,89,5.558860986,"3"
2083,3,31,90,6.483557598,"3"
2084,3,1,61,-2.055389994,"3"
2084,3,2,62,-2.696268834,"3"
2084,3,3,63,-3.41039097,"3"
2084,3,4,64,-2.63218095,"3"
2084,3,5,65,-2.25070545,"3"
2084,3,6,66,-2.348363178,"3"
2084,3,7,67,-2.09811525,"3"
2084,3,8,68,-1.664759082,"3"
2084,3,9,69,-1.399252134,"3"
2084,3,10,70,-0.917067102,"3"
2084,3,11,71,-0.016784922,"3"
2084,3,12,72,-0.187685946,"3"
2084,3,13,73,-0.212100378,"3"
2084,3,14,74,-0.196841358,"3"
2084,3,15,75,1.249713738,"3"
2084,3,16,76,1.393148526,"3"
2084,3,17,77,0.489814542,"3"
2084,3,18,78,0.743114274,"3"
2084,3,19,79,1.615930218,"3"
2084,3,20,80,1.893644382,"3"
2084,3,21,81,1.692225318,"3"
2084,3,22,82,2.879377074,"3"
2084,3,23,83,3.865109766,"3"
2084,3,24,84,5.125504818,"3"
2084,3,25,85,5.748072834,"3"
2084,3,26,86,5.922025662,"3"
2084,3,27,87,5.885404014,"3"
2084,3,28,88,6.08071947,"3"
2084,3,29,89,6.742960938,"3"
2084,3,30,90,7.344166326,"3"
2084,3,31,91,6.17227359,"3"
2085,3,1,60,-2.735942286,"3"
2085,3,2,61,-2.409399258,"3"
2085,3,3,62,-1.725795162,"3"
2085,3,4,63,-1.374837702,"3"
2085,3,5,64,-1.902799794,"3"
2085,3,6,65,-1.77767583,"3"
2085,3,7,66,-1.145952402,"3"
2085,3,8,67,0.410467638,"3"
2085,3,9,68,0.52643619,"3"
2085,3,10,69,0.080872806,"3"
2085,3,11,70,-1.06050189,"3"
2085,3,12,71,0.569161446,"3"
2085,3,13,72,1.414511154,"3"
2085,3,14,73,1.173418638,"3"
2085,3,15,74,1.866178146,"3"
2085,3,16,75,2.287327098,"3"
2085,3,17,76,2.003509326,"3"
2085,3,18,77,2.873273466,"3"
2085,3,19,78,3.862057962,"3"
2085,3,20,79,4.21911903,"3"
2085,3,21,80,4.124513106,"3"
2085,3,22,81,4.52429943,"3"
2085,3,23,82,4.551765666,"3"
2085,3,24,83,4.689096846,"3"
2085,3,25,84,4.34119119,"3"
2085,3,26,85,4.689096846,"3"
2085,3,27,86,4.991225442,"3"
2085,3,28,87,5.619897066,"3"
2085,3,29,88,5.616845262,"3"
2085,3,30,89,5.48561769,"3"
2085,3,31,90,7.280078442,"3"
2086,3,1,60,-2.92210233,"3"
2086,3,2,61,-1.496909862,"3"
2086,3,3,62,-0.971999574,"3"
2086,3,4,63,-0.28229187,"3"
2086,3,5,64,-0.260929242,"3"
2086,3,6,65,-0.553902426,"3"
2086,3,7,66,-0.52643619,"3"
2086,3,8,67,-0.767528706,"3"
2086,3,9,68,-1.042191066,"3"
2086,3,10,69,-0.721751646,"3"
2086,3,11,70,-0.383001402,"3"
2086,3,12,71,0.044251158,"3"
2086,3,13,72,1.094071734,"3"
2086,3,14,73,2.171358546,"3"
2086,3,15,74,1.62508563,"3"
2086,3,16,75,2.336155962,"3"
2086,3,17,76,3.324940458,"3"
2086,3,18,77,3.321888654,"3"
2086,3,19,78,2.681009814,"3"
2086,3,20,79,2.812237386,"3"
2086,3,21,80,2.650491774,"3"
2086,3,22,81,3.758296626,"3"
2086,3,23,82,5.68398495,"3"
2086,3,24,83,5.677881342,"3"
2086,3,25,84,7.234301382,"3"
2086,3,26,85,6.312656574,"3"
2086,3,27,86,5.995268958,"3"
2086,3,28,87,6.700235682,"3"
2086,3,29,88,6.565956306,"3"
2086,3,30,89,7.258715814,"3"
2086,3,31,90,7.441824054,"3"
2087,3,1,60,-2.134736898,"3"
2087,3,2,61,-2.339207766,"3"
2087,3,3,62,-1.707484338,"3"
2087,3,4,63,-1.96078407,"3"
2087,3,5,64,-0.93842973,"3"
2087,3,6,65,-0.993362202,"3"
2087,3,7,66,-1.374837702,"3"
2087,3,8,67,-0.758373294,"3"
2087,3,9,68,0.60273129,"3"
2087,3,10,69,0.926222514,"3"
2087,3,11,70,0.672922782,"3"
2087,3,12,71,0.761425098,"3"
2087,3,13,72,1.707484338,"3"
2087,3,14,73,1.872281754,"3"
2087,3,15,74,-0.437933874,"3"
2087,3,16,75,0.447089286,"3"
2087,3,17,76,2.101167054,"3"
2087,3,18,77,2.256809058,"3"
2087,3,19,78,1.310749818,"3"
2087,3,20,79,0.96894777,"3"
2087,3,21,80,0.462348306,"3"
2087,3,22,81,2.568093066,"3"
2087,3,23,82,3.44090901,"3"
2087,3,24,83,3.782711058,"3"
2087,3,25,84,4.76844375,"3"
2087,3,26,85,5.537498358,"3"
2087,3,27,86,4.548713862,"3"
2087,3,28,87,3.611810034,"3"
2087,3,29,88,5.558860986,"3"
2087,3,30,89,7.39299519,"3"
2087,3,31,90,7.365528954,"3"
2088,3,1,61,-2.76951213,"3"
2088,3,2,62,-3.407339166,"3"
2088,3,3,63,-2.977034802,"3"
2088,3,4,64,-2.818340994,"3"
2088,3,5,65,-3.346303086,"3"
2088,3,6,66,-2.31174153,"3"
2088,3,7,67,-1.606774806,"3"
2088,3,8,68,-1.261920954,"3"
2088,3,9,69,0.056458374,"3"
2088,3,10,70,0.57221325,"3"
2088,3,11,71,1.76241681,"3"
2088,3,12,72,1.54879053,"3"
2088,3,13,73,1.10627895,"3"
2088,3,14,74,0.746166078,"3"
2088,3,15,75,2.32700055,"3"
2088,3,16,76,1.948576854,"3"
2088,3,17,77,1.951628658,"3"
2088,3,18,78,2.061493602,"3"
2088,3,19,79,1.765468614,"3"
2088,3,20,80,0.962844162,"3"
2088,3,21,81,2.214083802,"3"
2088,3,22,82,3.047226294,"3"
2088,3,23,83,3.48668607,"3"
2088,3,24,84,4.38696825,"3"
2088,3,25,85,4.44800433,"3"
2088,3,26,86,4.81422081,"3"
2088,3,27,87,5.998320762,"3"
2088,3,28,88,6.75211635,"3"
2088,3,29,89,7.051193142,"3"
2088,3,30,90,6.72159831,"3"
2088,3,31,91,5.793849894,"3"
2089,3,1,60,-0.84687561,"3"
2089,3,2,61,-1.734950574,"3"
2089,3,3,62,-2.107270662,"3"
2089,3,4,63,-0.593575878,"3"
2089,3,5,64,-0.868238238,"3"
2089,3,6,65,0.071717394,"3"
2089,3,7,66,-0.608834898,"3"
2089,3,8,67,-0.044251158,"3"
2089,3,9,68,0.669870978,"3"
2089,3,10,69,0.83161659,"3"
2089,3,11,70,1.786831242,"3"
2089,3,12,71,1.408407546,"3"
2089,3,13,72,2.253757254,"3"
2089,3,14,73,1.615930218,"3"
2089,3,15,74,1.39620033,"3"
2089,3,16,75,2.391088434,"3"
2089,3,17,76,1.957732266,"3"
2089,3,18,77,2.207980194,"3"
2089,3,19,78,2.55588585,"3"
2089,3,20,79,2.201876586,"3"
2089,3,21,80,2.38803663,"3"
2089,3,22,81,3.385976538,"3"
2089,3,23,82,4.222170834,"3"
2089,3,24,83,4.182497382,"3"
2089,3,25,84,4.53955845,"3"
2089,3,26,85,5.174333682,"3"
2089,3,27,86,5.772487266,"3"
2089,3,28,87,5.488669494,"3"
2089,3,29,88,5.586327222,"3"
2089,3,30,89,6.953535414,"3"
2089,3,31,90,8.226137682,"3"
2090,3,1,60,-3.584343798,"3"
2090,3,2,61,-3.65453529,"3"
2090,3,3,62,-3.535514934,"3"
2090,3,4,63,-3.230334534,"3"
2090,3,5,64,-2.854962642,"3"
2090,3,6,65,-2.14389231,"3"
2090,3,7,66,-1.234454718,"3"
2090,3,8,67,-1.286335386,"3"
2090,3,9,68,-1.249713738,"3"
2090,3,10,69,-0.37384599,"3"
2090,3,11,70,0.315861714,"3"
2090,3,12,71,1.130693382,"3"
2090,3,13,72,0.965895966,"3"
2090,3,14,73,0.971999574,"3"
2090,3,15,74,1.698328926,"3"
2090,3,16,75,2.54062683,"3"
2090,3,17,76,2.760356718,"3"
2090,3,18,77,2.211031998,"3"
2090,3,19,78,2.656595382,"3"
2090,3,20,79,2.970931194,"3"
2090,3,21,80,2.949568566,"3"
2090,3,22,81,5.159074662,"3"
2090,3,23,82,4.41748629,"3"
2090,3,24,83,4.487677782,"3"
2090,3,25,84,4.225222638,"3"
2090,3,26,85,4.072632438,"3"
2090,3,27,86,5.192644506,"3"
2090,3,28,87,5.568016398,"3"
2090,3,29,88,5.815212522,"3"
2090,3,30,89,6.178377198,"3"
2090,3,31,90,6.208895238,"3"
2091,3,1,60,-1.982146698,"3"
2091,3,2,61,-2.317845138,"3"
2091,3,3,62,-1.359578682,"3"
2091,3,4,63,-0.77058051,"3"
2091,3,5,64,0.077821002,"3"
2091,3,6,65,0.196841358,"3"
2091,3,7,66,0.245670222,"3"
2091,3,8,67,0.260929242,"3"
2091,3,9,68,1.835660106,"3"
2091,3,10,69,1.768520418,"3"
2091,3,11,70,1.795986654,"3"
2091,3,12,71,2.055389994,"3"
2091,3,13,72,1.994353914,"3"
2091,3,14,73,3.038070882,"3"
2091,3,15,74,3.190661082,"3"
2091,3,16,75,3.483634266,"3"
2091,3,17,76,3.038070882,"3"
2091,3,18,77,3.770503842,"3"
2091,3,19,78,4.283206914,"3"
2091,3,20,79,5.503928514,"3"
2091,3,21,80,5.39406357,"3"
2091,3,22,81,6.352330026,"3"
2091,3,23,82,7.39299519,"3"
2091,3,24,83,7.673761158,"3"
2091,3,25,84,8.039977638,"3"
2091,3,26,85,7.920957282,"3"
2091,3,27,86,6.602577954,"3"
2091,3,28,87,7.243456794,"3"
2091,3,29,88,7.48454931,"3"
2091,3,30,89,8.818187658,"3"
2091,3,31,90,9.352253358,"3"
2092,3,1,61,-1.438925586,"3"
2092,3,2,62,-1.96078407,"3"
2092,3,3,63,-1.62508563,"3"
2092,3,4,64,-1.38094131,"3"
2092,3,5,65,-1.744105986,"3"
2092,3,6,66,-1.451132802,"3"
2092,3,7,67,-0.346379754,"3"
2092,3,8,68,0.95368875,"3"
2092,3,9,69,0.889600866,"3"
2092,3,10,70,1.286335386,"3"
2092,3,11,71,1.536583314,"3"
2092,3,12,72,2.989242018,"3"
2092,3,13,73,4.060425222,"3"
2092,3,14,74,2.314793334,"3"
2092,3,15,75,3.016708254,"3"
2092,3,16,76,4.31067315,"3"
2092,3,17,77,3.367665714,"3"
2092,3,18,78,2.90684331,"3"
2092,3,19,79,3.535514934,"3"
2092,3,20,80,4.240481658,"3"
2092,3,21,81,5.16517827,"3"
2092,3,22,82,6.09597849,"3"
2092,3,23,83,6.688028466,"3"
2092,3,24,84,6.75211635,"3"
2092,3,25,85,6.129548334,"3"
2092,3,26,86,6.129548334,"3"
2092,3,27,87,6.395055282,"3"
2092,3,28,88,7.380787974,"3"
2092,3,29,89,7.875180222,"3"
2092,3,30,90,7.450979466,"3"
2092,3,31,91,8.482489218,"3"
2093,3,1,60,-0.325017126,"3"
2093,3,2,61,0.697337214,"3"
2093,3,3,62,0.004577706,"3"
2093,3,4,63,0.117494454,"3"
2093,3,5,64,-0.447089286,"3"
2093,3,6,65,-1.496909862,"3"
2093,3,7,66,-0.993362202,"3"
2093,3,8,67,-1.057450086,"3"
2093,3,9,68,-1.206988482,"3"
2093,3,10,69,0.45014109,"3"
2093,3,11,70,-0.17547873,"3"
2093,3,12,71,0.138857082,"3"
2093,3,13,72,1.481650842,"3"
2093,3,14,73,2.354466786,"3"
2093,3,15,74,3.096055158,"3"
2093,3,16,75,2.653543578,"3"
2093,3,17,76,3.068588922,"3"
2093,3,18,77,2.84580723,"3"
2093,3,19,78,2.18966937,"3"
2093,3,20,79,2.854962642,"3"
2093,3,21,80,4.64637159,"3"
2093,3,22,81,4.710459474,"3"
2093,3,23,82,3.724726782,"3"
2093,3,24,83,4.228274442,"3"
2093,3,25,84,4.762340142,"3"
2093,3,26,85,4.423589898,"3"
2093,3,27,86,3.504996894,"3"
2093,3,28,87,4.255740678,"3"
2093,3,29,88,6.404210694,"3"
2093,3,30,89,7.89654285,"3"
2093,3,31,90,7.762263474,"3"
2094,3,1,60,-2.104218858,"3"
2094,3,2,61,-3.312733242,"3"
2094,3,3,62,-3.083847942,"3"
2094,3,4,63,-3.245593554,"3"
2094,3,5,64,-2.537575026,"3"
2094,3,6,65,-1.863126342,"3"
2094,3,7,66,-1.149004206,"3"
2094,3,8,67,0.273136458,"3"
2094,3,9,68,0.08392461,"3"
2094,3,10,69,0.245670222,"3"
2094,3,11,70,-0.08392461,"3"
2094,3,12,71,0.532539798,"3"
2094,3,13,72,1.252765542,"3"
2094,3,14,73,2.018768346,"3"
2094,3,15,74,2.284275294,"3"
2094,3,16,75,3.147935826,"3"
2094,3,17,76,3.282215202,"3"
2094,3,18,77,3.382924734,"3"
2094,3,19,78,4.09704687,"3"
2094,3,20,79,4.927137558,"3"
2094,3,21,80,5.177385486,"3"
2094,3,22,81,5.101090386,"3"
2094,3,23,82,5.510032122,"3"
2094,3,24,83,5.183489094,"3"
2094,3,25,84,6.712442898,"3"
2094,3,26,85,7.960630734,"3"
2094,3,27,86,8.741892558,"3"
2094,3,28,87,9.016554918,"3"
2094,3,29,88,8.149842582,"3"
2094,3,30,89,7.795833318,"3"
2094,3,31,90,6.923017374,"3"
2095,3,1,60,-0.532539798,"3"
2095,3,2,61,-0.34332795,"3"
2095,3,3,62,0.538643406,"3"
2095,3,4,63,1.054398282,"3"
2095,3,5,64,1.271076366,"3"
2095,3,6,65,1.295490798,"3"
2095,3,7,66,1.023880242,"3"
2095,3,8,67,0.553902426,"3"
2095,3,9,68,2.000457522,"3"
2095,3,10,69,2.778667542,"3"
2095,3,11,70,2.458228122,"3"
2095,3,12,71,3.07469253,"3"
2095,3,13,72,3.556877562,"3"
2095,3,14,73,2.427710082,"3"
2095,3,15,74,2.095063446,"3"
2095,3,16,75,2.101167054,"3"
2095,3,17,76,2.787822954,"3"
2095,3,18,77,3.874265178,"3"
2095,3,19,78,4.408330878,"3"
2095,3,20,79,5.107193994,"3"
2095,3,21,80,6.892499334,"3"
2095,3,22,81,6.639199602,"3"
2095,3,23,82,5.308613058,"3"
2095,3,24,83,5.107193994,"3"
2095,3,25,84,6.21805065,"3"
2095,3,26,85,6.547645482,"3"
2095,3,27,86,6.82841145,"3"
2095,3,28,87,5.720606598,"3"
2095,3,29,88,5.784694482,"3"
2095,3,30,89,6.037994214,"3"
2095,3,31,90,6.63004419,"3"
2096,3,1,61,-2.598611106,"3"
2096,3,2,62,-1.954680462,"3"
2096,3,3,63,-1.231402914,"3"
2096,3,4,64,-0.163271514,"3"
2096,3,5,65,0.318913518,"3"
2096,3,6,66,0.346379754,"3"
2096,3,7,67,0.20599677,"3"
2096,3,8,68,-0.865186434,"3"
2096,3,9,69,-0.202944966,"3"
2096,3,10,70,0.553902426,"3"
2096,3,11,71,1.24361013,"3"
2096,3,12,72,1.22835111,"3"
2096,3,13,73,2.549782242,"3"
2096,3,14,74,2.442969102,"3"
2096,3,15,75,2.400243846,"3"
2096,3,16,76,2.610818322,"3"
2096,3,17,77,2.345311374,"3"
2096,3,18,78,3.01365645,"3"
2096,3,19,79,3.706415958,"3"
2096,3,20,80,4.084839654,"3"
2096,3,21,81,5.094986778,"3"
2096,3,22,82,4.69214865,"3"
2096,3,23,83,4.786754574,"3"
2096,3,24,84,5.708399382,"3"
2096,3,25,85,5.540550162,"3"
2096,3,26,86,5.534446554,"3"
2096,3,27,87,6.596474346,"3"
2096,3,28,88,7.31670009,"3"
2096,3,29,89,7.359425346,"3"
2096,3,30,90,7.371632562,"3"
2096,3,31,91,7.234301382,"3"
2097,3,1,60,-1.722743358,"3"
2097,3,2,61,-2.51010879,"3"
2097,3,3,62,-2.076752622,"3"
2097,3,4,63,-1.646448258,"3"
2097,3,5,64,-1.496909862,"3"
2097,3,6,65,-1.484702646,"3"
2097,3,7,66,-1.664759082,"3"
2097,3,8,67,-1.417562958,"3"
2097,3,9,68,-0.505073562,"3"
2097,3,10,69,0.468451914,"3"
2097,3,11,70,-0.096131826,"3"
2097,3,12,71,1.194781266,"3"
2097,3,13,72,2.088959838,"3"
2097,3,14,73,2.38803663,"3"
2097,3,15,74,2.665750794,"3"
2097,3,16,75,2.537575026,"3"
2097,3,17,76,3.660638898,"3"
2097,3,18,77,3.361562106,"3"
2097,3,19,78,3.926145846,"3"
2097,3,20,79,5.619897066,"3"
2097,3,21,80,5.937284682,"3"
2097,3,22,81,5.525291142,"3"
2097,3,23,82,4.911878538,"3"
2097,3,24,83,5.05836513,"3"
2097,3,25,84,4.664682414,"3"
2097,3,26,85,5.10414219,"3"
2097,3,27,86,4.95155199,"3"
2097,3,28,87,5.845730562,"3"
2097,3,29,88,6.626992386,"3"
2097,3,30,89,6.749064546,"3"
2097,3,31,90,5.854885974,"3"
2098,3,1,60,-0.718699842,"3"
2098,3,2,61,-1.295490798,"3"
2098,3,3,62,-0.93842973,"3"
2098,3,4,63,-0.086976414,"3"
2098,3,5,64,0.20599677,"3"
2098,3,6,65,0.685129998,"3"
2098,3,7,66,1.246661934,"3"
2098,3,8,67,1.557945942,"3"
2098,3,9,68,1.634241042,"3"
2098,3,10,69,2.226291018,"3"
2098,3,11,70,1.673914494,"3"
2098,3,12,71,2.378881218,"3"
2098,3,13,72,2.207980194,"3"
2098,3,14,73,2.23544643,"3"
2098,3,15,74,2.28122349,"3"
2098,3,16,75,1.698328926,"3"
2098,3,17,76,2.507056986,"3"
2098,3,18,77,3.157091238,"3"
2098,3,19,78,3.77660745,"3"
2098,3,20,79,3.566032974,"3"
2098,3,21,80,4.12756491,"3"
2098,3,22,81,5.43984063,"3"
2098,3,23,82,6.24856869,"3"
2098,3,24,83,6.620888778,"3"
2098,3,25,84,6.58426713,"3"
2098,3,26,85,6.376744458,"3"
2098,3,27,86,6.367589046,"3"
2098,3,28,87,6.456091362,"3"
2098,3,29,88,6.880292118,"3"
2098,3,30,89,8.223085878,"3"
2098,3,31,90,8.015563206,"3"
2099,3,1,60,-1.93026603,"3"
2099,3,2,61,-1.47249543,"3"
2099,3,3,62,-0.935377926,"3"
2099,3,4,63,0.624093918,"3"
2099,3,5,64,0.26703285,"3"
2099,3,6,65,0.31280991,"3"
2099,3,7,66,0.141908886,"3"
2099,3,8,67,0.86213463,"3"
2099,3,9,68,1.094071734,"3"
2099,3,10,69,0.959792358,"3"
2099,3,11,70,0.822461178,"3"
2099,3,12,71,1.094071734,"3"
2099,3,13,72,1.924162422,"3"
2099,3,14,73,2.302586118,"3"
2099,3,15,74,1.985198502,"3"
2099,3,16,75,2.226291018,"3"
2099,3,17,76,4.103150478,"3"
2099,3,18,77,4.780650966,"3"
2099,3,19,78,4.151979342,"3"
2099,3,20,79,3.923094042,"3"
2099,3,21,80,4.79896179,"3"
2099,3,22,81,5.690088558,"3"
2099,3,23,82,6.63004419,"3"
2099,3,24,83,6.770427174,"3"
2099,3,25,84,7.215990558,"3"
2099,3,26,85,6.617836974,"3"
2099,3,27,86,6.428625126,"3"
2099,3,28,87,6.544593678,"3"
2099,3,29,88,6.90470655,"3"
2099,3,30,89,7.917905478,"3"
2099,3,31,90,8.815135854,"3"
2100,3,1,60,-0.791943138,"3"
2100,3,2,61,-0.67902639,"3"
2100,3,3,62,-0.428778462,"3"
2100,3,4,63,-0.25177383,"3"
2100,3,5,64,-0.639352938,"3"
2100,3,6,65,0.123598062,"3"
2100,3,7,66,-0.105287238,"3"
2100,3,8,67,0.706492626,"3"
2100,3,9,68,1.506065274,"3"
2100,3,10,69,2.491797966,"3"
2100,3,11,70,3.483634266,"3"
2100,3,12,71,3.764400234,"3"
2100,3,13,72,3.901731414,"3"
2100,3,14,73,3.407339166,"3"
2100,3,15,74,3.224230926,"3"
2100,3,16,75,3.053329902,"3"
2100,3,17,76,3.233386338,"3"
2100,3,18,77,4.37170923,"3"
2100,3,19,78,4.79896179,"3"
2100,3,20,79,3.489737874,"3"
2100,3,21,80,3.199816494,"3"
2100,3,22,81,4.228274442,"3"
2100,3,23,82,5.711451186,"3"
2100,3,24,83,6.565956306,"3"
2100,3,25,84,6.785686194,"3"
2100,3,26,85,6.810100626,"3"
2100,3,27,86,6.358433634,"3"
2100,3,28,87,7.54558539,"3"
2100,3,29,88,8.421453138,"3"
2100,3,30,89,7.707331002,"3"
2100,3,31,90,8.345158038,"3"
2025,4,1,91,0.599679486,"3"
2025,4,2,92,2.153047722,"3"
2025,4,3,93,2.290378902,"3"
2025,4,4,94,1.957732266,"3"
2025,4,5,95,2.439917298,"3"
2025,4,6,96,2.153047722,"3"
2025,4,7,97,1.918058814,"3"
2025,4,8,98,2.37277761,"3"
2025,4,9,99,2.711527854,"3"
2025,4,10,100,3.76134843,"3"
2025,4,11,101,4.408330878,"3"
2025,4,12,102,4.41748629,"3"
2025,4,13,103,3.66979431,"3"
2025,4,14,104,3.382924734,"3"
2025,4,15,105,4.084839654,"3"
2025,4,16,106,5.098038582,"3"
2025,4,17,107,6.410314302,"3"
2025,4,18,108,6.974898042,"3"
2025,4,19,109,6.974898042,"3"
2025,4,20,110,6.895551138,"3"
2025,4,21,111,6.578163522,"3"
2025,4,22,112,6.474402186,"3"
2025,4,23,113,6.73685733,"3"
2025,4,24,114,7.966734342,"3"
2025,4,25,115,8.464178394,"3"
2025,4,26,116,9.233233002,"3"
2025,4,27,117,9.236284806,"3"
2025,4,28,118,9.028762134,"3"
2025,4,29,119,9.883267254,"3"
2025,4,30,120,9.57503505,"3"
2026,4,1,91,-0.306706302,"3"
2026,4,2,92,-0.544747014,"3"
2026,4,3,93,-0.199893162,"3"
2026,4,4,94,-1.149004206,"3"
2026,4,5,95,-0.621042114,"3"
2026,4,6,96,0.334172538,"3"
2026,4,7,97,1.268024562,"3"
2026,4,8,98,1.15205601,"3"
2026,4,9,99,3.508048698,"3"
2026,4,10,100,4.023803574,"3"
2026,4,11,101,3.739985802,"3"
2026,4,12,102,3.535514934,"3"
2026,4,13,103,4.228274442,"3"
2026,4,14,104,4.66163061,"3"
2026,4,15,105,4.957655598,"3"
2026,4,16,106,5.711451186,"3"
2026,4,17,107,6.074615862,"3"
2026,4,18,108,6.654458622,"3"
2026,4,19,109,5.629052478,"3"
2026,4,20,110,6.26382771,"3"
2026,4,21,111,6.88944753,"3"
2026,4,22,112,7.582207038,"3"
2026,4,23,113,7.10307381,"3"
2026,4,24,114,7.136643654,"3"
2026,4,25,115,8.793773226,"3"
2026,4,26,116,8.946363426,"3"
2026,4,27,117,8.43060855,"3"
2026,4,28,118,8.982985074,"3"
2026,4,29,119,8.94941523,"3"
2026,4,30,120,8.58319875,"3"
2027,4,1,91,-1.41145935,"3"
2027,4,2,92,-1.18257405,"3"
2027,4,3,93,-1.176470442,"3"
2027,4,4,94,-0.248722026,"3"
2027,4,5,95,-0.077821002,"3"
2027,4,6,96,0.230411202,"3"
2027,4,7,97,0.959792358,"3"
2027,4,8,98,1.008621222,"3"
2027,4,9,99,1.71663975,"3"
2027,4,10,100,2.671854402,"3"
2027,4,11,101,3.138780414,"3"
2027,4,12,102,3.129625002,"3"
2027,4,13,103,4.856946066,"3"
2027,4,14,104,4.75318473,"3"
2027,4,15,105,4.811169006,"3"
2027,4,16,106,4.750132926,"3"
2027,4,17,107,4.313724954,"3"
2027,4,18,108,4.866101478,"3"
2027,4,19,109,6.260775906,"3"
2027,4,20,110,6.742960938,"3"
2027,4,21,111,5.610741654,"3"
2027,4,22,112,5.787746286,"3"
2027,4,23,113,6.144807354,"3"
2027,4,24,114,7.298389266,"3"
2027,4,25,115,8.143738974,"3"
2027,4,26,116,9.053176566,"3"
2027,4,27,117,9.43770387,"3"
2027,4,28,118,8.653390242,"3"
2027,4,29,119,9.504843558,"3"
2027,4,30,120,9.901578078,"3"
2028,4,1,92,0.67902639,"3"
2028,4,2,93,0.782787726,"3"
2028,4,3,94,0.590524074,"3"
2028,4,4,95,1.429770174,"3"
2028,4,5,96,2.381933022,"3"
2028,4,6,97,2.629129146,"3"
2028,4,7,98,2.638284558,"3"
2028,4,8,99,3.581291994,"3"
2028,4,9,100,3.95971569,"3"
2028,4,10,101,3.877316982,"3"
2028,4,11,102,3.514152306,"3"
2028,4,12,103,4.682993238,"3"
2028,4,13,104,5.250628782,"3"
2028,4,14,105,5.156022858,"3"
2028,4,15,106,5.51613573,"3"
2028,4,16,107,5.299457646,"3"
2028,4,17,108,5.427633414,"3"
2028,4,18,109,5.986113546,"3"
2028,4,19,110,6.254672298,"3"
2028,4,20,111,6.932172786,"3"
2028,4,21,112,7.661553942,"3"
2028,4,22,113,7.875180222,"3"
2028,4,23,114,8.96467425,"3"
2028,4,24,115,8.699167302,"3"
2028,4,25,116,8.116272738,"3"
2028,4,26,117,8.348209842,"3"
2028,4,27,118,9.57503505,"3"
2028,4,28,119,10.682839902,"3"
2028,4,29,120,11.213853798,"3"
2028,4,30,121,11.28404529,"3"
2029,4,1,91,0.825512982,"3"
2029,4,2,92,0.87739365,"3"
2029,4,3,93,0.666819174,"3"
2029,4,4,94,0.376897794,"3"
2029,4,5,95,0.596627682,"3"
2029,4,6,96,1.597619394,"3"
2029,4,7,97,1.829556498,"3"
2029,4,8,98,1.008621222,"3"
2029,4,9,99,1.850919126,"3"
2029,4,10,100,2.681009814,"3"
2029,4,11,101,3.984130122,"3"
2029,4,12,102,4.197756402,"3"
2029,4,13,103,4.914930342,"3"
2029,4,14,104,5.43984063,"3"
2029,4,15,105,5.63820789,"3"
2029,4,16,106,6.214998846,"3"
2029,4,17,107,6.367589046,"3"
2029,4,18,108,6.35538183,"3"
2029,4,19,109,7.292285658,"3"
2029,4,20,110,8.088806502,"3"
2029,4,21,111,8.152894386,"3"
2029,4,22,112,8.528266278,"3"
2029,4,23,113,7.450979466,"3"
2029,4,24,114,7.747004454,"3"
2029,4,25,115,8.229189486,"3"
2029,4,26,116,8.513007258,"3"
2029,4,27,117,9.55977603,"3"
2029,4,28,118,10.47531723,"3"
2029,4,29,119,11.342029566,"3"
2029,4,30,120,10.52109429,"3"
2030,4,1,91,0.16021971,"3"
2030,4,2,92,0.239566614,"3"
2030,4,3,93,0.392156814,"3"
2030,4,4,94,0.090028218,"3"
2030,4,5,95,0.321965322,"3"
2030,4,6,96,-0.102235434,"3"
2030,4,7,97,0.06866559,"3"
2030,4,8,98,-0.035095746,"3"
2030,4,9,99,1.948576854,"3"
2030,4,10,100,2.476538946,"3"
2030,4,11,101,2.092011642,"3"
2030,4,12,102,3.859006158,"3"
2030,4,13,103,4.228274442,"3"
2030,4,14,104,4.048218006,"3"
2030,4,15,105,4.99732905,"3"
2030,4,16,106,5.342182902,"3"
2030,4,17,107,5.320820274,"3"
2030,4,18,108,6.01968339,"3"
2030,4,19,109,6.697183878,"3"
2030,4,20,110,7.643243118,"3"
2030,4,21,111,7.939268106,"3"
2030,4,22,112,7.811092338,"3"
2030,4,23,113,7.386891582,"3"
2030,4,24,114,7.624932294,"3"
2030,4,25,115,7.460134878,"3"
2030,4,26,116,7.707331002,"3"
2030,4,27,117,8.577095142,"3"
2030,4,28,118,9.608604894,"3"
2030,4,29,119,9.75814329,"3"
2030,4,30,120,10.926984222,"3"
2031,4,1,91,-0.865186434,"3"
2031,4,2,92,0.242618418,"3"
2031,4,3,93,1.783779438,"3"
2031,4,4,94,3.190661082,"3"
2031,4,5,95,2.211031998,"3"
2031,4,6,96,1.676966298,"3"
2031,4,7,97,1.652551866,"3"
2031,4,8,98,1.759365006,"3"
2031,4,9,99,2.275119882,"3"
2031,4,10,100,3.636224466,"3"
2031,4,11,101,3.224230926,"3"
2031,4,12,102,3.816280902,"3"
2031,4,13,103,3.544670346,"3"
2031,4,14,104,4.441900722,"3"
2031,4,15,105,5.63820789,"3"
2031,4,16,106,6.816204234,"3"
2031,4,17,107,6.169221786,"3"
2031,4,18,108,6.666665838,"3"
2031,4,19,109,7.368580758,"3"
2031,4,20,110,7.82024775,"3"
2031,4,21,111,8.162049798,"3"
2031,4,22,112,8.76630699,"3"
2031,4,23,113,8.256655722,"3"
2031,4,24,114,8.281070154,"3"
2031,4,25,115,8.70527091,"3"
2031,4,26,116,9.42244485,"3"
2031,4,27,117,9.199663158,"3"
2031,4,28,118,9.33089073,"3"
2031,4,29,119,10.542456918,"3"
2031,4,30,120,12.883190586,"3"
2032,4,1,92,-0.599679486,"3"
2032,4,2,93,-0.346379754,"3"
2032,4,3,94,0.563057838,"3"
2032,4,4,95,1.054398282,"3"
2032,4,5,96,1.478599038,"3"
2032,4,6,97,1.744105986,"3"
2032,4,7,98,2.934309546,"3"
2032,4,8,99,3.25780077,"3"
2032,4,9,100,2.69321703,"3"
2032,4,10,101,2.970931194,"3"
2032,4,11,102,3.932249454,"3"
2032,4,12,103,4.805065398,"3"
2032,4,13,104,4.38696825,"3"
2032,4,14,105,4.100098674,"3"
2032,4,15,106,4.731822102,"3"
2032,4,16,107,4.505988606,"3"
2032,4,17,108,6.221102454,"3"
2032,4,18,109,7.426565034,"3"
2032,4,19,110,7.92706089,"3"
2032,4,20,111,8.058288462,"3"
2032,4,21,112,7.463186682,"3"
2032,4,22,113,8.281070154,"3"
2032,4,23,114,8.500800042,"3"
2032,4,24,115,8.93415621,"3"
2032,4,25,116,9.047072958,"3"
2032,4,26,117,9.22407759,"3"
2032,4,27,118,9.584190462,"3"
2032,4,28,119,10.417332954,"3"
2032,4,29,120,10.502783466,"3"
2032,4,30,121,10.646218254,"3"
2033,4,1,91,0.575265054,"3"
2033,4,2,92,0.67902639,"3"
2033,4,3,93,0.962844162,"3"
2033,4,4,94,1.560997746,"3"
2033,4,5,95,2.14389231,"3"
2033,4,6,96,3.215075514,"3"
2033,4,7,97,4.289310522,"3"
2033,4,8,98,4.95155199,"3"
2033,4,9,99,5.000380854,"3"
2033,4,10,100,5.168230074,"3"
2033,4,11,101,4.872205086,"3"
2033,4,12,102,4.908826734,"3"
2033,4,13,103,4.969862814,"3"
2033,4,14,104,4.567024686,"3"
2033,4,15,105,5.238421566,"3"
2033,4,16,106,5.952543702,"3"
2033,4,17,107,6.636147798,"3"
2033,4,18,108,6.169221786,"3"
2033,4,19,109,5.876248602,"3"
2033,4,20,110,6.596474346,"3"
2033,4,21,111,6.987105258,"3"
2033,4,22,112,7.80498873,"3"
2033,4,23,113,7.917905478,"3"
2033,4,24,114,7.237353186,"3"
2033,4,25,115,6.79789341,"3"
2033,4,26,116,7.457083074,"3"
2033,4,27,117,8.531318082,"3"
2033,4,28,118,9.63607113,"3"
2033,4,29,119,10.15487781,"3"
2033,4,30,120,11.16197313,"3"
2034,4,1,91,1.191729462,"3"
2034,4,2,92,1.582360374,"3"
2034,4,3,93,1.002517614,"3"
2034,4,4,94,1.219195698,"3"
2034,4,5,95,2.415502866,"3"
2034,4,6,96,3.416494578,"3"
2034,4,7,97,3.056381706,"3"
2034,4,8,98,2.778667542,"3"
2034,4,9,99,2.531471418,"3"
2034,4,10,100,3.190661082,"3"
2034,4,11,101,4.390020054,"3"
2034,4,12,102,3.544670346,"3"
2034,4,13,103,4.609749942,"3"
2034,4,14,104,4.765391946,"3"
2034,4,15,105,5.336079294,"3"
2034,4,16,106,5.845730562,"3"
2034,4,17,107,6.21805065,"3"
2034,4,18,108,6.556800894,"3"
2034,4,19,109,6.651406818,"3"
2034,4,20,110,6.440832342,"3"
2034,4,21,111,7.563896214,"3"
2034,4,22,112,8.821239462,"3"
2034,4,23,113,9.547568814,"3"
2034,4,24,114,9.672692778,"3"
2034,4,25,115,9.75814329,"3"
2034,4,26,116,9.794764938,"3"
2034,4,27,117,10.923932418,"3"
2034,4,28,118,10.569923154,"3"
2034,4,29,119,9.947355138,"3"
2034,4,30,120,11.305407918,"3"
2035,4,1,91,0.51117717,"3"
2035,4,2,92,0.614938506,"3"
2035,4,3,93,0.880445454,"3"
2035,4,4,94,0.303654498,"3"
2035,4,5,95,0.92317071,"3"
2035,4,6,96,1.982146698,"3"
2035,4,7,97,3.123521394,"3"
2035,4,8,98,3.022811862,"3"
2035,4,9,99,3.498893286,"3"
2035,4,10,100,3.94445667,"3"
2035,4,11,101,4.243533462,"3"
2035,4,12,102,4.820324418,"3"
2035,4,13,103,5.589379026,"3"
2035,4,14,104,5.613793458,"3"
2035,4,15,105,5.830471542,"3"
2035,4,16,106,6.044097822,"3"
2035,4,17,107,6.257724102,"3"
2035,4,18,108,7.032882318,"3"
2035,4,19,109,6.11123751,"3"
2035,4,20,110,5.586327222,"3"
2035,4,21,111,5.83657515,"3"
2035,4,22,112,6.184480806,"3"
2035,4,23,113,8.097961914,"3"
2035,4,24,114,8.830394874,"3"
2035,4,25,115,9.373615986,"3"
2035,4,26,116,10.518042486,"3"
2035,4,27,117,10.588233978,"3"
2035,4,28,118,10.218965694,"3"
2035,4,29,119,11.564811258,"3"
2035,4,30,120,12.77942925,"3"
2036,4,1,92,1.643396454,"3"
2036,4,2,93,1.661707278,"3"
2036,4,3,94,2.015716542,"3"
2036,4,4,95,2.278171686,"3"
2036,4,5,96,2.180513958,"3"
2036,4,6,97,2.394140238,"3"
2036,4,7,98,2.125581486,"3"
2036,4,8,99,2.973982998,"3"
2036,4,9,100,3.981078318,"3"
2036,4,10,101,4.61585355,"3"
2036,4,11,102,4.643319786,"3"
2036,4,12,103,4.866101478,"3"
2036,4,13,104,5.89761123,"3"
2036,4,14,105,6.282138534,"3"
2036,4,15,106,6.407262498,"3"
2036,4,16,107,6.898602942,"3"
2036,4,17,108,7.399098798,"3"
2036,4,18,109,7.569999822,"3"
2036,4,19,110,8.073547482,"3"
2036,4,20,111,7.786677906,"3"
2036,4,21,112,7.069503966,"3"
2036,4,22,113,8.146790778,"3"
2036,4,23,114,8.33905443,"3"
2036,4,24,115,8.961622446,"3"
2036,4,25,116,10.057220082,"3"
2036,4,26,117,10.957502262,"3"
2036,4,27,118,11.595329298,"3"
2036,4,28,119,11.586173886,"3"
2036,4,29,120,12.300296022,"3"
2036,4,30,121,12.727548582,"3"
2037,4,1,91,0.340276146,"3"
2037,4,2,92,0.889600866,"3"
2037,4,3,93,1.676966298,"3"
2037,4,4,94,2.287327098,"3"
2037,4,5,95,2.232394626,"3"
2037,4,6,96,1.628137434,"3"
2037,4,7,97,0.98420679,"3"
2037,4,8,98,2.757304914,"3"
2037,4,9,99,4.606698138,"3"
2037,4,10,100,4.487677782,"3"
2037,4,11,101,5.10414219,"3"
2037,4,12,102,5.113297602,"3"
2037,4,13,103,5.735865618,"3"
2037,4,14,104,6.724650114,"3"
2037,4,15,105,6.092926686,"3"
2037,4,16,106,6.17227359,"3"
2037,4,17,107,6.117341118,"3"
2037,4,18,108,6.346226418,"3"
2037,4,19,109,7.386891582,"3"
2037,4,20,110,8.021666814,"3"
2037,4,21,111,9.016554918,"3"
2037,4,22,112,9.135575274,"3"
2037,4,23,113,10.081634514,"3"
2037,4,24,114,10.27694997,"3"
2037,4,25,115,10.594337586,"3"
2037,4,26,116,11.277941682,"3"
2037,4,27,117,10.911725202,"3"
2037,4,28,118,10.069427298,"3"
2037,4,29,119,10.133515182,"3"
2037,4,30,120,12.098876958,"3"
2038,4,1,91,1.359578682,"3"
2038,4,2,92,0.273136458,"3"
2038,4,3,93,0.70954443,"3"
2038,4,4,94,1.499961666,"3"
2038,4,5,95,2.461279926,"3"
2038,4,6,96,3.038070882,"3"
2038,4,7,97,2.76951213,"3"
2038,4,8,98,2.363622198,"3"
2038,4,9,99,2.345311374,"3"
2038,4,10,100,2.83054821,"3"
2038,4,11,101,3.89867961,"3"
2038,4,12,102,4.792858182,"3"
2038,4,13,103,5.598534438,"3"
2038,4,14,104,5.85183417,"3"
2038,4,15,105,6.620888778,"3"
2038,4,16,106,7.371632562,"3"
2038,4,17,107,7.264819422,"3"
2038,4,18,108,7.899594654,"3"
2038,4,19,109,8.137635366,"3"
2038,4,20,110,8.662545654,"3"
2038,4,21,111,8.64423483,"3"
2038,4,22,112,9.184404138,"3"
2038,4,23,113,9.752039682,"3"
2038,4,24,114,10.576026762,"3"
2038,4,25,115,9.816127566,"3"
2038,4,26,116,9.922940706,"3"
2038,4,27,117,10.514990682,"3"
2038,4,28,118,11.369495802,"3"
2038,4,29,119,11.708246046,"3"
2038,4,30,120,11.427480078,"3"
2039,4,1,91,1.509117078,"3"
2039,4,2,92,1.185625854,"3"
2039,4,3,93,0.761425098,"3"
2039,4,4,94,1.10627895,"3"
2039,4,5,95,1.710536142,"3"
2039,4,6,96,1.023880242,"3"
2039,4,7,97,1.301594406,"3"
2039,4,8,98,2.934309546,"3"
2039,4,9,99,4.869153282,"3"
2039,4,10,100,3.877316982,"3"
2039,4,11,101,4.15808295,"3"
2039,4,12,102,5.183489094,"3"
2039,4,13,103,5.610741654,"3"
2039,4,14,104,6.114289314,"3"
2039,4,15,105,6.70633929,"3"
2039,4,16,106,7.277026638,"3"
2039,4,17,107,8.039977638,"3"
2039,4,18,108,7.740900846,"3"
2039,4,19,109,8.55268071,"3"
2039,4,20,110,8.775462402,"3"
2039,4,21,111,8.848705698,"3"
2039,4,22,112,9.33089073,"3"
2039,4,23,113,9.953458746,"3"
2039,4,24,114,8.754099774,"3"
2039,4,25,115,9.593345874,"3"
2039,4,26,116,10.225069302,"3"
2039,4,27,117,11.241320034,"3"
2039,4,28,118,11.476308942,"3"
2039,4,29,119,10.991072106,"3"
2039,4,30,120,11.018538342,"3"
2040,4,1,92,1.408407546,"3"
2040,4,2,93,1.664759082,"3"
2040,4,3,94,1.771572222,"3"
2040,4,4,95,1.42671837,"3"
2040,4,5,96,1.789883046,"3"
2040,4,6,97,2.223239214,"3"
2040,4,7,98,2.516212398,"3"
2040,4,8,99,1.799038458,"3"
2040,4,9,100,2.504005182,"3"
2040,4,10,101,3.175402062,"3"
2040,4,11,102,4.14282393,"3"
2040,4,12,103,4.499884998,"3"
2040,4,13,104,4.475470566,"3"
2040,4,14,105,5.488669494,"3"
2040,4,15,106,5.952543702,"3"
2040,4,16,107,6.498816618,"3"
2040,4,17,108,6.334019202,"3"
2040,4,18,109,6.239413278,"3"
2040,4,19,110,6.938276394,"3"
2040,4,20,111,7.27092303,"3"
2040,4,21,112,8.589302358,"3"
2040,4,22,113,9.752039682,"3"
2040,4,23,114,9.761195094,"3"
2040,4,24,115,9.327838926,"3"
2040,4,25,116,9.108109038,"3"
2040,4,26,117,9.150834294,"3"
2040,4,27,118,9.568931442,"3"
2040,4,28,119,10.10910075,"3"
2040,4,29,120,9.739832466,"3"
2040,4,30,121,10.511938878,"3"
2041,4,1,91,0.593575878,"3"
2041,4,2,92,1.188677658,"3"
2041,4,3,93,1.130693382,"3"
2041,4,4,94,1.438925586,"3"
2041,4,5,95,1.756313202,"3"
2041,4,6,96,2.873273466,"3"
2041,4,7,97,2.836651818,"3"
2041,4,8,98,2.989242018,"3"
2041,4,9,99,4.087891458,"3"
2041,4,10,100,5.445944238,"3"
2041,4,11,101,5.885404014,"3"
2041,4,12,102,5.76028005,"3"
2041,4,13,103,4.960707402,"3"
2041,4,14,104,5.406270786,"3"
2041,4,15,105,5.278095018,"3"
2041,4,16,106,5.980009938,"3"
2041,4,17,107,6.251620494,"3"
2041,4,18,108,5.891507622,"3"
2041,4,19,109,6.007476174,"3"
2041,4,20,110,7.11833283,"3"
2041,4,21,111,8.18646423,"3"
2041,4,22,112,8.213930466,"3"
2041,4,23,113,8.958570642,"3"
2041,4,24,114,8.891430954,"3"
2041,4,25,115,9.26985465,"3"
2041,4,26,116,10.145722398,"3"
2041,4,27,117,9.791713134,"3"
2041,4,28,118,10.075530906,"3"
2041,4,29,119,10.26169095,"3"
2041,4,30,120,10.685891706,"3"
2042,4,1,91,0.672922782,"3"
2042,4,2,92,0.95368875,"3"
2042,4,3,93,0.929274318,"3"
2042,4,4,94,0.483710934,"3"
2042,4,5,95,1.567101354,"3"
2042,4,6,96,2.461279926,"3"
2042,4,7,97,3.529411326,"3"
2042,4,8,98,3.111314178,"3"
2042,4,9,99,2.879377074,"3"
2042,4,10,100,3.16624665,"3"
2042,4,11,101,3.85290255,"3"
2042,4,12,102,4.527351234,"3"
2042,4,13,103,5.311664862,"3"
2042,4,14,104,4.21911903,"3"
2042,4,15,105,4.240481658,"3"
2042,4,16,106,5.18043729,"3"
2042,4,17,107,5.482565886,"3"
2042,4,18,108,6.37064085,"3"
2042,4,19,109,6.58426713,"3"
2042,4,20,110,6.517127442,"3"
2042,4,21,111,6.825359646,"3"
2042,4,22,112,7.91180187,"3"
2042,4,23,113,8.561836122,"3"
2042,4,24,114,9.379719594,"3"
2042,4,25,115,9.36140877,"3"
2042,4,26,116,9.84969741,"3"
2042,4,27,117,9.94125153,"3"
2042,4,28,118,9.968717766,"3"
2042,4,29,119,10.160981418,"3"
2042,4,30,120,10.569923154,"3"
2043,4,1,91,2.25070545,"3"
2043,4,2,92,2.882428878,"3"
2043,4,3,93,2.992293822,"3"
2043,4,4,94,2.22018741,"3"
2043,4,5,95,1.771572222,"3"
2043,4,6,96,2.549782242,"3"
2043,4,7,97,3.620965446,"3"
2043,4,8,98,3.544670346,"3"
2043,4,9,99,4.03601079,"3"
2043,4,10,100,5.189592702,"3"
2043,4,11,101,5.204851722,"3"
2043,4,12,102,4.902723126,"3"
2043,4,13,103,5.549705574,"3"
2043,4,14,104,6.163118178,"3"
2043,4,15,105,6.587318934,"3"
2043,4,16,106,7.145799066,"3"
2043,4,17,107,6.883343922,"3"
2043,4,18,108,7.295337462,"3"
2043,4,19,109,8.036925834,"3"
2043,4,20,110,8.78156601,"3"
2043,4,21,111,8.70527091,"3"
2043,4,22,112,7.740900846,"3"
2043,4,23,113,8.012511402,"3"
2043,4,24,114,9.013503114,"3"
2043,4,25,115,9.94125153,"3"
2043,4,26,116,10.115204358,"3"
2043,4,27,117,11.16197313,"3"
2043,4,28,118,11.854732638,"3"
2043,4,29,119,12.248415354,"3"
2043,4,30,120,11.86388805,"3"
2044,4,1,92,0.660715566,"3"
2044,4,2,93,0.40436403,"3"
2044,4,3,94,0.428778462,"3"
2044,4,4,95,1.875333558,"3"
2044,4,5,96,2.333104158,"3"
2044,4,6,97,3.327992262,"3"
2044,4,7,98,3.773555646,"3"
2044,4,8,99,3.739985802,"3"
2044,4,9,100,4.039062594,"3"
2044,4,10,101,3.993285534,"3"
2044,4,11,102,4.725718494,"3"
2044,4,12,103,5.204851722,"3"
2044,4,13,104,5.754176442,"3"
2044,4,14,105,6.047149626,"3"
2044,4,15,106,6.330967398,"3"
2044,4,16,107,6.669717642,"3"
2044,4,17,108,6.260775906,"3"
2044,4,18,109,7.582207038,"3"
2044,4,19,110,9.602501286,"3"
2044,4,20,111,9.84969741,"3"
2044,4,21,112,9.184404138,"3"
2044,4,22,113,7.673761158,"3"
2044,4,23,114,7.57610343,"3"
2044,4,24,115,8.699167302,"3"
2044,4,25,116,10.624855626,"3"
2044,4,26,117,11.342029566,"3"
2044,4,27,118,11.525137806,"3"
2044,4,28,119,12.068358918,"3"
2044,4,29,120,11.519034198,"3"
2044,4,30,121,11.265734466,"3"
2045,4,1,91,1.783779438,"3"
2045,4,2,92,2.485694358,"3"
2045,4,3,93,3.102158766,"3"
2045,4,4,94,3.321888654,"3"
2045,4,5,95,3.361562106,"3"
2045,4,6,96,4.06652883,"3"
2045,4,7,97,3.010604646,"3"
2045,4,8,98,2.915998722,"3"
2045,4,9,99,4.307621346,"3"
2045,4,10,100,4.542610254,"3"
2045,4,11,101,4.985121834,"3"
2045,4,12,102,5.262835998,"3"
2045,4,13,103,6.221102454,"3"
2045,4,14,104,6.636147798,"3"
2045,4,15,105,7.22514597,"3"
2045,4,16,106,6.559852698,"3"
2045,4,17,107,6.532386462,"3"
2045,4,18,108,6.990157062,"3"
2045,4,19,109,7.893491046,"3"
2045,4,20,110,7.792781514,"3"
2045,4,21,111,8.448919374,"3"
2045,4,22,112,8.711374518,"3"
2045,4,23,113,10.090789926,"3"
2045,4,24,114,10.328830638,"3"
2045,4,25,115,10.737772374,"3"
2045,4,26,116,10.356296874,"3"
2045,4,27,117,11.586173886,"3"
2045,4,28,118,12.178223862,"3"
2045,4,29,119,12.751963014,"3"
2045,4,30,120,12.211793706,"3"
2046,4,1,91,3.31883685,"3"
2046,4,2,92,2.040130974,"3"
2046,4,3,93,2.29648251,"3"
2046,4,4,94,2.919050526,"3"
2046,4,5,95,3.630120858,"3"
2046,4,6,96,4.38696825,"3"
2046,4,7,97,5.351338314,"3"
2046,4,8,98,4.52429943,"3"
2046,4,9,99,4.155031146,"3"
2046,4,10,100,4.060425222,"3"
2046,4,11,101,4.960707402,"3"
2046,4,12,102,5.000380854,"3"
2046,4,13,103,6.236361474,"3"
2046,4,14,104,6.099030294,"3"
2046,4,15,105,6.529334658,"3"
2046,4,16,106,7.14885087,"3"
2046,4,17,107,6.700235682,"3"
2046,4,18,108,6.434728734,"3"
2046,4,19,109,6.129548334,"3"
2046,4,20,110,6.66056223,"3"
2046,4,21,111,8.082702894,"3"
2046,4,22,112,8.967726054,"3"
2046,4,23,113,8.570991534,"3"
2046,4,24,114,8.671701066,"3"
2046,4,25,115,9.718469838,"3"
2046,4,26,116,10.798808454,"3"
2046,4,27,117,11.19249117,"3"
2046,4,28,118,11.262682662,"3"
2046,4,29,119,11.174180346,"3"
2046,4,30,120,12.709237758,"3"
2047,4,1,91,0.93842973,"3"
2047,4,2,92,1.451132802,"3"
2047,4,3,93,2.302586118,"3"
2047,4,4,94,2.934309546,"3"
2047,4,5,95,2.31174153,"3"
2047,4,6,96,3.254748966,"3"
2047,4,7,97,4.26489609,"3"
2047,4,8,98,4.277103306,"3"
2047,4,9,99,3.178453866,"3"
2047,4,10,100,3.282215202,"3"
2047,4,11,101,3.541618542,"3"
2047,4,12,102,4.780650966,"3"
2047,4,13,103,4.811169006,"3"
2047,4,14,104,5.320820274,"3"
2047,4,15,105,6.138703746,"3"
2047,4,16,106,6.26382771,"3"
2047,4,17,107,7.106125614,"3"
2047,4,18,108,7.441824054,"3"
2047,4,19,109,7.69817559,"3"
2047,4,20,110,8.27801835,"3"
2047,4,21,111,9.221025786,"3"
2047,4,22,112,9.687951798,"3"
2047,4,23,113,9.150834294,"3"
2047,4,24,114,8.403142314,"3"
2047,4,25,115,8.442815766,"3"
2047,4,26,116,9.43770387,"3"
2047,4,27,117,9.55977603,"3"
2047,4,28,118,9.495688146,"3"
2047,4,29,119,9.739832466,"3"
2047,4,30,120,10.804912062,"3"
2048,4,1,92,2.93736135,"3"
2048,4,2,93,2.436865494,"3"
2048,4,3,94,3.263904378,"3"
2048,4,4,95,3.926145846,"3"
2048,4,5,96,3.04417449,"3"
2048,4,6,97,2.992293822,"3"
2048,4,7,98,3.529411326,"3"
2048,4,8,99,3.920042238,"3"
2048,4,9,100,4.011596358,"3"
2048,4,10,101,4.58533551,"3"
2048,4,11,102,5.079727758,"3"
2048,4,12,103,5.970854526,"3"
2048,4,13,104,5.476462278,"3"
2048,4,14,105,5.586327222,"3"
2048,4,15,106,5.961699114,"3"
2048,4,16,107,6.17227359,"3"
2048,4,17,108,7.020675102,"3"
2048,4,18,109,6.852825882,"3"
2048,4,19,110,8.250552114,"3"
2048,4,20,111,8.769358794,"3"
2048,4,21,112,9.275958258,"3"
2048,4,22,113,9.410237634,"3"
2048,4,23,114,9.843593802,"3"
2048,4,24,115,9.034865742,"3"
2048,4,25,116,8.699167302,"3"
2048,4,26,117,10.289157186,"3"
2048,4,27,118,11.082626226,"3"
2048,4,28,119,11.638054554,"3"
2048,4,29,120,11.277941682,"3"
2048,4,30,121,11.128403286,"3"
2049,4,1,91,1.249713738,"3"
2049,4,2,92,1.86922995,"3"
2049,4,3,93,2.101167054,"3"
2049,4,4,94,1.515220686,"3"
2049,4,5,95,2.308689726,"3"
2049,4,6,96,3.282215202,"3"
2049,4,7,97,2.476538946,"3"
2049,4,8,98,2.915998722,"3"
2049,4,9,99,3.785762862,"3"
2049,4,10,100,4.206911814,"3"
2049,4,11,101,5.110245798,"3"
2049,4,12,102,5.635156086,"3"
2049,4,13,103,6.910810158,"3"
2049,4,14,104,7.069503966,"3"
2049,4,15,105,7.292285658,"3"
2049,4,16,106,8.46112659,"3"
2049,4,17,107,9.13252347,"3"
2049,4,18,108,8.442815766,"3"
2049,4,19,109,7.338062718,"3"
2049,4,20,110,6.984053454,"3"
2049,4,21,111,7.304492874,"3"
2049,4,22,112,7.527274566,"3"
2049,4,23,113,8.549628906,"3"
2049,4,24,114,9.52925799,"3"
2049,4,25,115,10.157929614,"3"
2049,4,26,116,8.906689974,"3"
2049,4,27,117,8.619820398,"3"
2049,4,28,118,10.051116474,"3"
2049,4,29,119,11.332874154,"3"
2049,4,30,120,11.656365378,"3"
2050,4,1,91,-0.172426926,"3"
2050,4,2,92,1.277179974,"3"
2050,4,3,93,1.811245674,"3"
2050,4,4,94,1.307698014,"3"
2050,4,5,95,1.387044918,"3"
2050,4,6,96,1.841763714,"3"
2050,4,7,97,2.49484977,"3"
2050,4,8,98,4.289310522,"3"
2050,4,9,99,5.01258807,"3"
2050,4,10,100,4.695200454,"3"
2050,4,11,101,4.469366958,"3"
2050,4,12,102,5.030898894,"3"
2050,4,13,103,6.056305038,"3"
2050,4,14,104,6.56900811,"3"
2050,4,15,105,8.03387403,"3"
2050,4,16,106,9.388875006,"3"
2050,4,17,107,8.824291266,"3"
2050,4,18,108,8.158997994,"3"
2050,4,19,109,8.189516034,"3"
2050,4,20,110,8.793773226,"3"
2050,4,21,111,8.845653894,"3"
2050,4,22,112,8.56793973,"3"
2050,4,23,113,8.366520666,"3"
2050,4,24,114,9.541465206,"3"
2050,4,25,115,9.617760306,"3"
2050,4,26,116,9.456014694,"3"
2050,4,27,117,9.94125153,"3"
2050,4,28,118,10.576026762,"3"
2050,4,29,119,11.256579054,"3"
2050,4,30,120,13.047988002,"3"
2051,4,1,91,1.817349282,"3"
2051,4,2,92,2.519264202,"3"
2051,4,3,93,2.583352086,"3"
2051,4,4,94,3.096055158,"3"
2051,4,5,95,3.21202371,"3"
2051,4,6,96,2.909895114,"3"
2051,4,7,97,3.401235558,"3"
2051,4,8,98,4.588387314,"3"
2051,4,9,99,5.354390118,"3"
2051,4,10,100,5.293354038,"3"
2051,4,11,101,5.162126466,"3"
2051,4,12,102,5.63820789,"3"
2051,4,13,103,5.94338829,"3"
2051,4,14,104,6.337071006,"3"
2051,4,15,105,6.770427174,"3"
2051,4,16,106,6.971846238,"3"
2051,4,17,107,6.831463254,"3"
2051,4,18,108,6.87418851,"3"
2051,4,19,109,6.871136706,"3"
2051,4,20,110,6.11123751,"3"
2051,4,21,111,6.245516886,"3"
2051,4,22,112,7.234301382,"3"
2051,4,23,113,7.768367082,"3"
2051,4,24,114,8.00335599,"3"
2051,4,25,115,9.028762134,"3"
2051,4,26,116,9.904629882,"3"
2051,4,27,117,10.331882442,"3"
2051,4,28,118,10.682839902,"3"
2051,4,29,119,11.265734466,"3"
2051,4,30,120,10.96360587,"3"
2052,4,1,92,0.874341846,"3"
2052,4,2,93,1.652551866,"3"
2052,4,3,94,1.673914494,"3"
2052,4,4,95,2.049286386,"3"
2052,4,5,96,2.207980194,"3"
2052,4,6,97,3.236438142,"3"
2052,4,7,98,3.41039097,"3"
2052,4,8,99,3.504996894,"3"
2052,4,9,100,4.014648162,"3"
2052,4,10,101,4.655527002,"3"
2052,4,11,102,4.545662058,"3"
2052,4,12,103,5.555809182,"3"
2052,4,13,104,5.076675954,"3"
2052,4,14,105,4.878308694,"3"
2052,4,15,106,5.326923882,"3"
2052,4,16,107,6.083771274,"3"
2052,4,17,108,6.984053454,"3"
2052,4,18,109,7.432668642,"3"
2052,4,19,110,8.287173762,"3"
2052,4,20,111,9.34614975,"3"
2052,4,21,112,9.626915718,"3"
2052,4,22,113,10.12435977,"3"
2052,4,23,114,9.443807478,"3"
2052,4,24,115,8.876171934,"3"
2052,4,25,116,8.723581734,"3"
2052,4,26,117,9.034865742,"3"
2052,4,27,118,10.148774202,"3"
2052,4,28,119,10.112152554,"3"
2052,4,29,120,11.125351482,"3"
2052,4,30,121,12.043944486,"3"
2053,4,1,91,1.28938719,"3"
2053,4,2,92,1.774624026,"3"
2053,4,3,93,2.37277761,"3"
2053,4,4,94,2.623025538,"3"
2053,4,5,95,3.358510302,"3"
2053,4,6,96,4.167238362,"3"
2053,4,7,97,4.505988606,"3"
2053,4,8,98,5.094986778,"3"
2053,4,9,99,5.137712034,"3"
2053,4,10,100,5.537498358,"3"
2053,4,11,101,3.920042238,"3"
2053,4,12,102,3.42564999,"3"
2053,4,13,103,4.985121834,"3"
2053,4,14,104,5.992217154,"3"
2053,4,15,105,6.999312474,"3"
2053,4,16,106,8.021666814,"3"
2053,4,17,107,7.85076579,"3"
2053,4,18,108,7.924009086,"3"
2053,4,19,109,8.436712158,"3"
2053,4,20,110,9.120316254,"3"
2053,4,21,111,9.364460574,"3"
2053,4,22,112,9.095901822,"3"
2053,4,23,113,9.28511367,"3"
2053,4,24,114,9.98702859,"3"
2053,4,25,115,9.532309794,"3"
2053,4,26,116,9.260699238,"3"
2053,4,27,117,10.270846362,"3"
2053,4,28,118,11.168076738,"3"
2053,4,29,119,11.68077981,"3"
2053,4,30,120,13.29823593,"3"
2054,4,1,91,1.832608302,"3"
2054,4,2,92,1.652551866,"3"
2054,4,3,93,1.649500062,"3"
2054,4,4,94,3.193712886,"3"
2054,4,5,95,4.487677782,"3"
2054,4,6,96,4.420538094,"3"
2054,4,7,97,4.304569542,"3"
2054,4,8,98,3.404287362,"3"
2054,4,9,99,4.853894262,"3"
2054,4,10,100,5.19569631,"3"
2054,4,11,101,5.488669494,"3"
2054,4,12,102,5.391011766,"3"
2054,4,13,103,6.059356842,"3"
2054,4,14,104,6.495764814,"3"
2054,4,15,105,7.200731538,"3"
2054,4,16,106,7.42351323,"3"
2054,4,17,107,6.605629758,"3"
2054,4,18,108,8.311588194,"3"
2054,4,19,109,8.760203382,"3"
2054,4,20,110,8.906689974,"3"
2054,4,21,111,8.91889719,"3"
2054,4,22,112,8.802928638,"3"
2054,4,23,113,9.669640974,"3"
2054,4,24,114,10.606544802,"3"
2054,4,25,115,11.43663549,"3"
2054,4,26,116,11.561759454,"3"
2054,4,27,117,12.339969474,"3"
2054,4,28,118,12.892345998,"3"
2054,4,29,119,12.721444974,"3"
2054,4,30,120,12.144654018,"3"
2055,4,1,91,0.935377926,"3"
2055,4,2,92,1.283283582,"3"
2055,4,3,93,1.448080998,"3"
2055,4,4,94,2.363622198,"3"
2055,4,5,95,3.859006158,"3"
2055,4,6,96,3.39513195,"3"
2055,4,7,97,3.05943351,"3"
2055,4,8,98,3.346303086,"3"
2055,4,9,99,4.185549186,"3"
2055,4,10,100,5.644311498,"3"
2055,4,11,101,6.907758354,"3"
2055,4,12,102,7.07255577,"3"
2055,4,13,103,7.154954478,"3"
2055,4,14,104,7.28618205,"3"
2055,4,15,105,6.779582586,"3"
2055,4,16,106,7.237353186,"3"
2055,4,17,107,8.357365254,"3"
2055,4,18,108,9.535361598,"3"
2055,4,19,109,10.585182174,"3"
2055,4,20,110,11.067367206,"3"
2055,4,21,111,10.682839902,"3"
2055,4,22,112,9.233233002,"3"
2055,4,23,113,10.084686318,"3"
2055,4,24,114,9.843593802,"3"
2055,4,25,115,9.999235806,"3"
2055,4,26,116,10.18539585,"3"
2055,4,27,117,10.823222886,"3"
2055,4,28,118,12.407109162,"3"
2055,4,29,119,13.423359894,"3"
2055,4,30,120,13.871975082,"3"
2056,4,1,92,1.115434362,"3"
2056,4,2,93,1.27412817,"3"
2056,4,3,94,1.286335386,"3"
2056,4,4,95,2.83054821,"3"
2056,4,5,96,3.24254175,"3"
2056,4,6,97,3.678949722,"3"
2056,4,7,98,4.15808295,"3"
2056,4,8,99,4.423589898,"3"
2056,4,9,100,4.985121834,"3"
2056,4,10,101,5.629052478,"3"
2056,4,11,102,6.82841145,"3"
2056,4,12,103,7.14885087,"3"
2056,4,13,104,7.188524322,"3"
2056,4,14,105,7.573051626,"3"
2056,4,15,106,7.603569666,"3"
2056,4,16,107,6.730753722,"3"
2056,4,17,108,7.368580758,"3"
2056,4,18,109,7.771418886,"3"
2056,4,19,110,8.729685342,"3"
2056,4,20,111,8.717478126,"3"
2056,4,21,112,9.28511367,"3"
2056,4,22,113,9.312579906,"3"
2056,4,23,114,9.968717766,"3"
2056,4,24,115,10.496679858,"3"
2056,4,25,116,11.366443998,"3"
2056,4,26,117,12.16906845,"3"
2056,4,27,118,12.040892682,"3"
2056,4,28,119,13.246355262,"3"
2056,4,29,120,13.548483858,"3"
2056,4,30,121,12.651253482,"3"
2057,4,1,91,2.330052354,"3"
2057,4,2,92,3.367665714,"3"
2057,4,3,93,4.383916446,"3"
2057,4,4,94,4.02075177,"3"
2057,4,5,95,3.953612082,"3"
2057,4,6,96,4.811169006,"3"
2057,4,7,97,5.824367934,"3"
2057,4,8,98,6.09597849,"3"
2057,4,9,99,6.91996557,"3"
2057,4,10,100,6.932172786,"3"
2057,4,11,101,6.27908673,"3"
2057,4,12,102,4.805065398,"3"
2057,4,13,103,5.83657515,"3"
2057,4,14,104,7.533378174,"3"
2057,4,15,105,7.066452162,"3"
2057,4,16,106,6.803997018,"3"
2057,4,17,107,6.770427174,"3"
2057,4,18,108,7.411306014,"3"
2057,4,19,109,7.53032637,"3"
2057,4,20,110,7.829403162,"3"
2057,4,21,111,9.205766766,"3"
2057,4,22,112,10.359348678,"3"
2057,4,23,113,10.530249702,"3"
2057,4,24,114,10.835430102,"3"
2057,4,25,115,11.372547606,"3"
2057,4,26,116,11.473257138,"3"
2057,4,27,117,11.54344863,"3"
2057,4,28,118,12.083617938,"3"
2057,4,29,119,11.342029566,"3"
2057,4,30,120,11.503775178,"3"
2058,4,1,91,2.37277761,"3"
2058,4,2,92,2.775615738,"3"
2058,4,3,93,3.538566738,"3"
2058,4,4,94,3.389028342,"3"
2058,4,5,95,3.581291994,"3"
2058,4,6,96,4.673837826,"3"
2058,4,7,97,5.497824906,"3"
2058,4,8,98,5.305561254,"3"
2058,4,9,99,4.594490922,"3"
2058,4,10,100,5.381856354,"3"
2058,4,11,101,6.572059914,"3"
2058,4,12,102,5.980009938,"3"
2058,4,13,103,5.497824906,"3"
2058,4,14,104,6.605629758,"3"
2058,4,15,105,6.66056223,"3"
2058,4,16,106,6.727701918,"3"
2058,4,17,107,7.28618205,"3"
2058,4,18,108,8.09491011,"3"
2058,4,19,109,8.015563206,"3"
2058,4,20,110,8.329899018,"3"
2058,4,21,111,9.813075762,"3"
2058,4,22,112,10.76523861,"3"
2058,4,23,113,10.905621594,"3"
2058,4,24,114,10.069427298,"3"
2058,4,25,115,10.493628054,"3"
2058,4,26,116,10.682839902,"3"
2058,4,27,117,10.316623422,"3"
2058,4,28,118,11.22300921,"3"
2058,4,29,119,11.812007382,"3"
2058,4,30,120,12.971692902,"3"
2059,4,1,91,2.262912666,"3"
2059,4,2,92,2.308689726,"3"
2059,4,3,93,2.729838678,"3"
2059,4,4,94,3.987181926,"3"
2059,4,5,95,4.591439118,"3"
2059,4,6,96,4.747081122,"3"
2059,4,7,97,4.58533551,"3"
2059,4,8,98,4.591439118,"3"
2059,4,9,99,5.39406357,"3"
2059,4,10,100,6.037994214,"3"
2059,4,11,101,6.666665838,"3"
2059,4,12,102,7.313648286,"3"
2059,4,13,103,8.04913305,"3"
2059,4,14,104,7.985045166,"3"
2059,4,15,105,7.884335634,"3"
2059,4,16,106,8.35431345,"3"
2059,4,17,107,8.23224129,"3"
2059,4,18,108,8.107117326,"3"
2059,4,19,109,7.710382806,"3"
2059,4,20,110,8.180360622,"3"
2059,4,21,111,9.51399897,"3"
2059,4,22,112,10.121307966,"3"
2059,4,23,113,10.893414378,"3"
2059,4,24,114,10.32272703,"3"
2059,4,25,115,10.64316645,"3"
2059,4,26,116,11.412221058,"3"
2059,4,27,117,11.857784442,"3"
2059,4,28,118,11.323718742,"3"
2059,4,29,119,11.140610502,"3"
2059,4,30,120,11.760126714,"3"
2060,4,1,92,1.069657302,"3"
2060,4,2,93,2.308689726,"3"
2060,4,3,94,4.58533551,"3"
2060,4,4,95,4.145875734,"3"
2060,4,5,96,4.289310522,"3"
2060,4,6,97,4.31067315,"3"
2060,4,7,98,4.988173638,"3"
2060,4,8,99,5.281146822,"3"
2060,4,9,100,4.64637159,"3"
2060,4,10,101,4.41748629,"3"
2060,4,11,102,4.948500186,"3"
2060,4,12,103,5.323872078,"3"
2060,4,13,104,5.995268958,"3"
2060,4,14,105,6.083771274,"3"
2060,4,15,106,6.746012742,"3"
2060,4,16,107,7.389943386,"3"
2060,4,17,108,8.116272738,"3"
2060,4,18,109,8.570991534,"3"
2060,4,19,110,9.07148739,"3"
2060,4,20,111,9.095901822,"3"
2060,4,21,112,8.90363817,"3"
2060,4,22,113,9.75814329,"3"
2060,4,23,114,10.817119278,"3"
2060,4,24,115,11.567863062,"3"
2060,4,25,116,12.037840878,"3"
2060,4,26,117,12.150757626,"3"
2060,4,27,118,11.662468986,"3"
2060,4,28,119,11.662468986,"3"
2060,4,29,120,11.720453262,"3"
2060,4,30,121,12.38269473,"3"
2061,4,1,91,2.421606474,"3"
2061,4,2,92,2.69321703,"3"
2061,4,3,93,2.589455694,"3"
2061,4,4,94,3.126573198,"3"
2061,4,5,95,3.657587094,"3"
2061,4,6,96,4.14282393,"3"
2061,4,7,97,4.98207003,"3"
2061,4,8,98,5.140763838,"3"
2061,4,9,99,5.77553907,"3"
2061,4,10,100,7.069503966,"3"
2061,4,11,101,7.359425346,"3"
2061,4,12,102,7.460134878,"3"
2061,4,13,103,7.029830514,"3"
2061,4,14,104,7.405202406,"3"
2061,4,15,105,7.908750066,"3"
2061,4,16,106,8.226137682,"3"
2061,4,17,107,8.238344898,"3"
2061,4,18,108,8.55268071,"3"
2061,4,19,109,8.848705698,"3"
2061,4,20,110,9.593345874,"3"
2061,4,21,111,10.53635331,"3"
2061,4,22,112,9.68184819,"3"
2061,4,23,113,10.289157186,"3"
2061,4,24,114,11.75707491,"3"
2061,4,25,115,11.122299678,"3"
2061,4,26,116,11.641106358,"3"
2061,4,27,117,11.595329298,"3"
2061,4,28,118,11.500723374,"3"
2061,4,29,119,12.083617938,"3"
2061,4,30,120,12.980848314,"3"
2062,4,1,91,3.251697162,"3"
2062,4,2,92,3.935301258,"3"
2062,4,3,93,3.688105134,"3"
2062,4,4,94,3.59349921,"3"
2062,4,5,95,3.504996894,"3"
2062,4,6,96,3.392080146,"3"
2062,4,7,97,3.367665714,"3"
2062,4,8,98,3.138780414,"3"
2062,4,9,99,4.319828562,"3"
2062,4,10,100,6.190584414,"3"
2062,4,11,101,7.090866594,"3"
2062,4,12,102,6.666665838,"3"
2062,4,13,103,6.770427174,"3"
2062,4,14,104,6.852825882,"3"
2062,4,15,105,6.684976662,"3"
2062,4,16,106,7.634087706,"3"
2062,4,17,107,8.046081246,"3"
2062,4,18,108,8.189516034,"3"
2062,4,19,109,9.053176566,"3"
2062,4,20,110,10.905621594,"3"
2062,4,21,111,10.814067474,"3"
2062,4,22,112,10.228121106,"3"
2062,4,23,113,10.035857454,"3"
2062,4,24,114,10.362400482,"3"
2062,4,25,115,11.699090634,"3"
2062,4,26,116,11.866939854,"3"
2062,4,27,117,11.744867694,"3"
2062,4,28,118,12.007322838,"3"
2062,4,29,119,12.48950787,"3"
2062,4,30,120,11.598381102,"3"
2063,4,1,91,2.534523222,"3"
2063,4,2,92,3.251697162,"3"
2063,4,3,93,3.30357783,"3"
2063,4,4,94,3.324940458,"3"
2063,4,5,95,3.981078318,"3"
2063,4,6,96,5.02784709,"3"
2063,4,7,97,5.830471542,"3"
2063,4,8,98,6.404210694,"3"
2063,4,9,99,5.778590874,"3"
2063,4,10,100,5.741969226,"3"
2063,4,11,101,5.830471542,"3"
2063,4,12,102,6.010527978,"3"
2063,4,13,103,6.37064085,"3"
2063,4,14,104,6.639199602,"3"
2063,4,15,105,6.337071006,"3"
2063,4,16,106,6.803997018,"3"
2063,4,17,107,7.386891582,"3"
2063,4,18,108,8.244448506,"3"
2063,4,19,109,8.439763962,"3"
2063,4,20,110,9.715418034,"3"
2063,4,21,111,10.814067474,"3"
2063,4,22,112,10.563819546,"3"
2063,4,23,113,9.202714962,"3"
2063,4,24,114,9.138627078,"3"
2063,4,25,115,10.637062842,"3"
2063,4,26,116,11.14671411,"3"
2063,4,27,117,11.644158162,"3"
2063,4,28,118,13.185319182,"3"
2063,4,29,119,14.238191562,"3"
2063,4,30,120,14.940106482,"3"
2064,4,1,92,2.72373507,"3"
2064,4,2,93,3.108262374,"3"
2064,4,3,94,2.903791506,"3"
2064,4,4,95,3.22728273,"3"
2064,4,5,96,3.758296626,"3"
2064,4,6,97,5.51613573,"3"
2064,4,7,98,6.43167693,"3"
2064,4,8,99,4.975966422,"3"
2064,4,9,100,6.105133902,"3"
2064,4,10,101,6.132600138,"3"
2064,4,11,102,7.020675102,"3"
2064,4,12,103,7.121384634,"3"
2064,4,13,104,6.75211635,"3"
2064,4,14,105,7.237353186,"3"
2064,4,15,106,7.609673274,"3"
2064,4,16,107,8.336002626,"3"
2064,4,17,108,9.462118302,"3"
2064,4,18,109,10.206758478,"3"
2064,4,19,110,10.997175714,"3"
2064,4,20,111,9.89547447,"3"
2064,4,21,112,8.610664986,"3"
2064,4,22,113,9.065383782,"3"
2064,4,23,114,9.645226542,"3"
2064,4,24,115,11.082626226,"3"
2064,4,25,116,11.903561502,"3"
2064,4,26,117,12.156861234,"3"
2064,4,27,118,12.852672546,"3"
2064,4,28,119,13.032728982,"3"
2064,4,29,120,12.495611478,"3"
2064,4,30,121,13.453877934,"3"
2065,4,1,91,0.407415834,"3"
2065,4,2,92,0.962844162,"3"
2065,4,3,93,2.485694358,"3"
2065,4,4,94,3.764400234,"3"
2065,4,5,95,3.19676469,"3"
2065,4,6,96,2.995345626,"3"
2065,4,7,97,3.251697162,"3"
2065,4,8,98,4.795909986,"3"
2065,4,9,99,5.366597334,"3"
2065,4,10,100,5.323872078,"3"
2065,4,11,101,5.40932259,"3"
2065,4,12,102,5.799953502,"3"
2065,4,13,103,6.24856869,"3"
2065,4,14,104,7.096970202,"3"
2065,4,15,105,6.556800894,"3"
2065,4,16,106,6.361485438,"3"
2065,4,17,107,6.90470655,"3"
2065,4,18,108,7.966734342,"3"
2065,4,19,109,8.616768594,"3"
2065,4,20,110,9.81917937,"3"
2065,4,21,111,10.405125738,"3"
2065,4,22,112,10.630959234,"3"
2065,4,23,113,11.03990097,"3"
2065,4,24,114,11.287097094,"3"
2065,4,25,115,11.296252506,"3"
2065,4,26,116,11.601432906,"3"
2065,4,27,117,11.659417182,"3"
2065,4,28,118,12.394901946,"3"
2065,4,29,119,13.615623546,"3"
2065,4,30,120,14.796671694,"3"
2066,4,1,91,1.841763714,"3"
2066,4,2,92,2.122529682,"3"
2066,4,3,93,2.568093066,"3"
2066,4,4,94,4.469366958,"3"
2066,4,5,95,5.101090386,"3"
2066,4,6,96,4.92103395,"3"
2066,4,7,97,4.179445578,"3"
2066,4,8,98,3.956663886,"3"
2066,4,9,99,5.818264326,"3"
2066,4,10,100,6.742960938,"3"
2066,4,11,101,7.420461426,"3"
2066,4,12,102,7.62188049,"3"
2066,4,13,103,8.039977638,"3"
2066,4,14,104,8.91889719,"3"
2066,4,15,105,8.149842582,"3"
2066,4,16,106,7.832454966,"3"
2066,4,17,107,7.295337462,"3"
2066,4,18,108,7.731745434,"3"
2066,4,19,109,8.653390242,"3"
2066,4,20,110,10.209810282,"3"
2066,4,21,111,10.804912062,"3"
2066,4,22,112,10.38376311,"3"
2066,4,23,113,10.896466182,"3"
2066,4,24,114,10.969709478,"3"
2066,4,25,115,12.028685466,"3"
2066,4,26,116,12.349124886,"3"
2066,4,27,117,12.602424618,"3"
2066,4,28,118,12.608528226,"3"
2066,4,29,119,12.922864038,"3"
2066,4,30,120,13.905544926,"3"
2067,4,1,91,2.162203134,"3"
2067,4,2,92,2.900739702,"3"
2067,4,3,93,2.32700055,"3"
2067,4,4,94,2.473487142,"3"
2067,4,5,95,3.788814666,"3"
2067,4,6,96,4.460211546,"3"
2067,4,7,97,4.70740767,"3"
2067,4,8,98,4.87525689,"3"
2067,4,9,99,6.27908673,"3"
2067,4,10,100,8.20172325,"3"
2067,4,11,101,8.473333806,"3"
2067,4,12,102,8.046081246,"3"
2067,4,13,103,8.607613182,"3"
2067,4,14,104,8.625924006,"3"
2067,4,15,105,8.940259818,"3"
2067,4,16,106,9.159989706,"3"
2067,4,17,107,9.187455942,"3"
2067,4,18,108,10.624855626,"3"
2067,4,19,109,11.244371838,"3"
2067,4,20,110,10.91782881,"3"
2067,4,21,111,10.878155358,"3"
2067,4,22,112,11.400013842,"3"
2067,4,23,113,12.239259942,"3"
2067,4,24,114,11.689935222,"3"
2067,4,25,115,10.997175714,"3"
2067,4,26,116,11.854732638,"3"
2067,4,27,117,12.034789074,"3"
2067,4,28,118,13.139542122,"3"
2067,4,29,119,14.225984346,"3"
2067,4,30,120,14.027617086,"3"
2068,4,1,92,4.637216178,"3"
2068,4,2,93,4.472418762,"3"
2068,4,3,94,4.362553818,"3"
2068,4,4,95,4.573128294,"3"
2068,4,5,96,4.667734218,"3"
2068,4,6,97,3.941404866,"3"
2068,4,7,98,4.362553818,"3"
2068,4,8,99,6.193636218,"3"
2068,4,9,100,6.18753261,"3"
2068,4,10,101,7.185472518,"3"
2068,4,11,102,7.429616838,"3"
2068,4,12,103,7.383839778,"3"
2068,4,13,104,7.237353186,"3"
2068,4,14,105,7.30144107,"3"
2068,4,15,106,7.502860134,"3"
2068,4,16,107,7.267871226,"3"
2068,4,17,108,7.62188049,"3"
2068,4,18,109,7.325855502,"3"
2068,4,19,110,7.62188049,"3"
2068,4,20,111,9.05622837,"3"
2068,4,21,112,10.212862086,"3"
2068,4,22,113,11.717401458,"3"
2068,4,23,114,11.995115622,"3"
2068,4,24,115,10.771342218,"3"
2068,4,25,116,11.42137647,"3"
2068,4,26,117,11.509878786,"3"
2068,4,27,118,11.80285197,"3"
2068,4,28,119,13.337909382,"3"
2068,4,29,120,13.84756065,"3"
2068,4,30,121,13.917752142,"3"
2069,4,1,91,2.305637922,"3"
2069,4,2,92,3.801021882,"3"
2069,4,3,93,3.57824019,"3"
2069,4,4,94,4.24963707,"3"
2069,4,5,95,4.246585266,"3"
2069,4,6,96,5.101090386,"3"
2069,4,7,97,5.601586242,"3"
2069,4,8,98,6.669717642,"3"
2069,4,9,99,6.144807354,"3"
2069,4,10,100,6.269931318,"3"
2069,4,11,101,7.59136245,"3"
2069,4,12,102,8.168153406,"3"
2069,4,13,103,9.034865742,"3"
2069,4,14,104,8.78156601,"3"
2069,4,15,105,8.595405966,"3"
2069,4,16,106,7.94231991,"3"
2069,4,17,107,8.998244094,"3"
2069,4,18,108,9.275958258,"3"
2069,4,19,109,9.892422666,"3"
2069,4,20,110,11.577018474,"3"
2069,4,21,111,10.997175714,"3"
2069,4,22,112,11.332874154,"3"
2069,4,23,113,11.302356114,"3"
2069,4,24,114,11.78759295,"3"
2069,4,25,115,12.080566134,"3"
2069,4,26,116,11.247423642,"3"
2069,4,27,117,12.065307114,"3"
2069,4,28,118,12.095825154,"3"
2069,4,29,119,12.64209807,"3"
2069,4,30,120,13.579001898,"3"
2070,4,1,91,4.365605622,"3"
2070,4,2,92,4.820324418,"3"
2070,4,3,93,4.786754574,"3"
2070,4,4,94,5.54665377,"3"
2070,4,5,95,5.949491898,"3"
2070,4,6,96,6.120392922,"3"
2070,4,7,97,6.153962766,"3"
2070,4,8,98,6.565956306,"3"
2070,4,9,99,6.565956306,"3"
2070,4,10,100,6.196688022,"3"
2070,4,11,101,6.681924858,"3"
2070,4,12,102,8.11016913,"3"
2070,4,13,103,8.168153406,"3"
2070,4,14,104,8.992140486,"3"
2070,4,15,105,8.632027614,"3"
2070,4,16,106,8.061340266,"3"
2070,4,17,107,8.485541022,"3"
2070,4,18,108,8.442815766,"3"
2070,4,19,109,8.726633538,"3"
2070,4,20,110,8.952467034,"3"
2070,4,21,111,10.102997142,"3"
2070,4,22,112,10.59738939,"3"
2070,4,23,113,11.210801994,"3"
2070,4,24,114,11.66552079,"3"
2070,4,25,115,11.338977762,"3"
2070,4,26,116,11.766230322,"3"
2070,4,27,117,11.760126714,"3"
2070,4,28,118,10.441747386,"3"
2070,4,29,119,10.569923154,"3"
2070,4,30,120,11.750971302,"3"
2071,4,1,91,3.587395602,"3"
2071,4,2,92,3.636224466,"3"
2071,4,3,93,3.627069054,"3"
2071,4,4,94,3.489737874,"3"
2071,4,5,95,4.628060766,"3"
2071,4,6,96,5.415426198,"3"
2071,4,7,97,5.68398495,"3"
2071,4,8,98,5.967802722,"3"
2071,4,9,99,6.352330026,"3"
2071,4,10,100,6.236361474,"3"
2071,4,11,101,6.53849007,"3"
2071,4,12,102,6.55374909,"3"
2071,4,13,103,7.243456794,"3"
2071,4,14,104,7.54558539,"3"
2071,4,15,105,7.426565034,"3"
2071,4,16,106,8.043029442,"3"
2071,4,17,107,8.26275933,"3"
2071,4,18,108,9.031813938,"3"
2071,4,19,109,9.724573446,"3"
2071,4,20,110,10.008391218,"3"
2071,4,21,111,10.484472642,"3"
2071,4,22,112,10.777445826,"3"
2071,4,23,113,11.40611745,"3"
2071,4,24,114,12.166016646,"3"
2071,4,25,115,11.952390366,"3"
2071,4,26,116,12.477300654,"3"
2071,4,27,117,12.446782614,"3"
2071,4,28,118,12.492559674,"3"
2071,4,29,119,12.645149874,"3"
2071,4,30,120,12.303347826,"3"
2072,4,1,92,3.602654622,"3"
2072,4,2,93,3.25780077,"3"
2072,4,3,94,3.340199478,"3"
2072,4,4,95,4.50904041,"3"
2072,4,5,96,4.908826734,"3"
2072,4,6,97,5.000380854,"3"
2072,4,7,98,4.878308694,"3"
2072,4,8,99,5.74502103,"3"
2072,4,9,100,5.442892434,"3"
2072,4,10,101,5.738917422,"3"
2072,4,11,102,6.84367047,"3"
2072,4,12,103,7.158006282,"3"
2072,4,13,104,7.304492874,"3"
2072,4,14,105,8.72052993,"3"
2072,4,15,106,9.489584538,"3"
2072,4,16,107,8.915845386,"3"
2072,4,17,108,8.213930466,"3"
2072,4,18,109,8.24750031,"3"
2072,4,19,110,9.321735318,"3"
2072,4,20,111,10.441747386,"3"
2072,4,21,112,10.630959234,"3"
2072,4,22,113,10.768290414,"3"
2072,4,23,114,11.949338562,"3"
2072,4,24,115,11.769282126,"3"
2072,4,25,116,11.412221058,"3"
2072,4,26,117,11.430531882,"3"
2072,4,27,118,12.022581858,"3"
2072,4,28,119,12.852672546,"3"
2072,4,29,120,13.19142279,"3"
2072,4,30,121,13.380634638,"3"
2073,4,1,91,1.927214226,"3"
2073,4,2,92,3.010604646,"3"
2073,4,3,93,4.176393774,"3"
2073,4,4,94,4.82947983,"3"
2073,4,5,95,5.784694482,"3"
2073,4,6,96,5.824367934,"3"
2073,4,7,97,5.796901698,"3"
2073,4,8,98,5.83657515,"3"
2073,4,9,99,6.20279163,"3"
2073,4,10,100,6.144807354,"3"
2073,4,11,101,6.987105258,"3"
2073,4,12,102,8.570991534,"3"
2073,4,13,103,9.449911086,"3"
2073,4,14,104,9.138627078,"3"
2073,4,15,105,8.268862938,"3"
2073,4,16,106,8.097961914,"3"
2073,4,17,107,8.876171934,"3"
2073,4,18,108,9.684899994,"3"
2073,4,19,109,10.179292242,"3"
2073,4,20,110,9.321735318,"3"
2073,4,21,111,9.806972154,"3"
2073,4,22,112,10.182344046,"3"
2073,4,23,113,11.210801994,"3"
2073,4,24,114,12.043944486,"3"
2073,4,25,115,13.051039806,"3"
2073,4,26,116,13.383686442,"3"
2073,4,27,117,13.11512769,"3"
2073,4,28,118,13.264666086,"3"
2073,4,29,119,13.139542122,"3"
2073,4,30,120,13.933011162,"3"
2074,4,1,91,3.154039434,"3"
2074,4,2,92,3.675897918,"3"
2074,4,3,93,4.069580634,"3"
2074,4,4,94,4.557869274,"3"
2074,4,5,95,4.460211546,"3"
2074,4,6,96,4.597542726,"3"
2074,4,7,97,5.372700942,"3"
2074,4,8,98,6.037994214,"3"
2074,4,9,99,5.980009938,"3"
2074,4,10,100,6.20279163,"3"
2074,4,11,101,7.22514597,"3"
2074,4,12,102,7.176317106,"3"
2074,4,13,103,6.64530321,"3"
2074,4,14,104,7.032882318,"3"
2074,4,15,105,7.978941558,"3"
2074,4,16,106,7.899594654,"3"
2074,4,17,107,8.772410598,"3"
2074,4,18,108,9.813075762,"3"
2074,4,19,109,11.042952774,"3"
2074,4,20,110,10.594337586,"3"
2074,4,21,111,9.996184002,"3"
2074,4,22,112,10.618752018,"3"
2074,4,23,113,10.722513354,"3"
2074,4,24,114,11.000227518,"3"
2074,4,25,115,10.33798605,"3"
2074,4,26,116,10.463110014,"3"
2074,4,27,117,11.485464354,"3"
2074,4,28,118,12.803843682,"3"
2074,4,29,119,14.265657798,"3"
2074,4,30,120,14.47318047,"3"
2075,4,1,91,2.796978366,"3"
2075,4,2,92,3.672846114,"3"
2075,4,3,93,4.52429943,"3"
2075,4,4,94,5.171281878,"3"
2075,4,5,95,6.05020143,"3"
2075,4,6,96,6.666665838,"3"
2075,4,7,97,6.43167693,"3"
2075,4,8,98,6.898602942,"3"
2075,4,9,99,6.79789341,"3"
2075,4,10,100,6.260775906,"3"
2075,4,11,101,6.550697286,"3"
2075,4,12,102,7.695123786,"3"
2075,4,13,103,7.936216302,"3"
2075,4,14,104,7.371632562,"3"
2075,4,15,105,8.393986902,"3"
2075,4,16,106,8.24750031,"3"
2075,4,17,107,8.20172325,"3"
2075,4,18,108,8.867016522,"3"
2075,4,19,109,8.897534562,"3"
2075,4,20,110,9.868008234,"3"
2075,4,21,111,10.164033222,"3"
2075,4,22,112,10.252535538,"3"
2075,4,23,113,10.447850994,"3"
2075,4,24,114,10.466161818,"3"
2075,4,25,115,11.54344863,"3"
2075,4,26,116,12.706185954,"3"
2075,4,27,117,13.200578202,"3"
2075,4,28,118,13.453877934,"3"
2075,4,29,119,15.031660602,"3"
2075,4,30,120,16.279848438,"3"
2076,4,1,92,5.671777734,"3"
2076,4,2,93,6.09597849,"3"
2076,4,3,94,6.709391094,"3"
2076,4,4,95,7.447927662,"3"
2076,4,5,96,6.715494702,"3"
2076,4,6,97,6.471350382,"3"
2076,4,7,98,5.131608426,"3"
2076,4,8,99,5.467306866,"3"
2076,4,9,100,5.616845262,"3"
2076,4,10,101,6.285190338,"3"
2076,4,11,102,6.648355014,"3"
2076,4,12,103,5.91287025,"3"
2076,4,13,104,8.223085878,"3"
2076,4,14,105,9.999235806,"3"
2076,4,15,106,9.80392035,"3"
2076,4,16,107,9.45296289,"3"
2076,4,17,108,9.456014694,"3"
2076,4,18,109,9.26985465,"3"
2076,4,19,110,9.831386586,"3"
2076,4,20,111,10.710306138,"3"
2076,4,21,112,10.988020302,"3"
2076,4,22,113,12.416264574,"3"
2076,4,23,114,13.783472766,"3"
2076,4,24,115,14.491491294,"3"
2076,4,25,116,14.714272986,"3"
2076,4,26,117,14.796671694,"3"
2076,4,27,118,14.454869646,"3"
2076,4,28,119,14.479284078,"3"
2076,4,29,120,14.036772498,"3"
2076,4,30,121,14.677651338,"3"
2077,4,1,91,4.399175466,"3"
2077,4,2,92,4.237429854,"3"
2077,4,3,93,5.162126466,"3"
2077,4,4,94,4.896619518,"3"
2077,4,5,95,4.17334197,"3"
2077,4,6,96,4.28015511,"3"
2077,4,7,97,4.774547358,"3"
2077,4,8,98,5.049209718,"3"
2077,4,9,99,4.933241166,"3"
2077,4,10,100,6.056305038,"3"
2077,4,11,101,7.823299554,"3"
2077,4,12,102,8.360417058,"3"
2077,4,13,103,8.96467425,"3"
2077,4,14,104,9.184404138,"3"
2077,4,15,105,9.138627078,"3"
2077,4,16,106,8.970777858,"3"
2077,4,17,107,9.49873995,"3"
2077,4,18,108,10.389866718,"3"
2077,4,19,109,10.762186806,"3"
2077,4,20,110,10.698098922,"3"
2077,4,21,111,11.128403286,"3"
2077,4,22,112,11.470205334,"3"
2077,4,23,113,11.262682662,"3"
2077,4,24,114,11.229112818,"3"
2077,4,25,115,11.186387562,"3"
2077,4,26,116,11.491567962,"3"
2077,4,27,117,11.610588318,"3"
2077,4,28,118,12.452886222,"3"
2077,4,29,119,13.200578202,"3"
2077,4,30,120,13.591209114,"3"
2078,4,1,91,4.740977514,"3"
2078,4,2,92,4.911878538,"3"
2078,4,3,93,4.075684242,"3"
2078,4,4,94,4.55481747,"3"
2078,4,5,95,5.894559426,"3"
2078,4,6,96,6.87418851,"3"
2078,4,7,97,6.901654746,"3"
2078,4,8,98,6.535438266,"3"
2078,4,9,99,5.595482634,"3"
2078,4,10,100,6.764323566,"3"
2078,4,11,101,7.475393898,"3"
2078,4,12,102,7.747004454,"3"
2078,4,13,103,7.878232026,"3"
2078,4,14,104,8.174257014,"3"
2078,4,15,105,8.143738974,"3"
2078,4,16,106,7.573051626,"3"
2078,4,17,107,8.97993327,"3"
2078,4,18,108,10.395970326,"3"
2078,4,19,109,10.91782881,"3"
2078,4,20,110,11.869991658,"3"
2078,4,21,111,12.571906578,"3"
2078,4,22,112,12.217897314,"3"
2078,4,23,113,12.852672546,"3"
2078,4,24,114,12.471197046,"3"
2078,4,25,115,11.683831614,"3"
2078,4,26,116,12.269777982,"3"
2078,4,27,117,12.24536355,"3"
2078,4,28,118,12.715341366,"3"
2078,4,29,119,12.690926934,"3"
2078,4,30,120,12.803843682,"3"
2079,4,1,91,4.527351234,"3"
2079,4,2,92,4.11230589,"3"
2079,4,3,93,4.307621346,"3"
2079,4,4,94,4.124513106,"3"
2079,4,5,95,3.953612082,"3"
2079,4,6,96,3.86816157,"3"
2079,4,7,97,4.792858182,"3"
2079,4,8,98,5.47035867,"3"
2079,4,9,99,5.647363302,"3"
2079,4,10,100,6.526282854,"3"
2079,4,11,101,7.121384634,"3"
2079,4,12,102,6.810100626,"3"
2079,4,13,103,7.158006282,"3"
2079,4,14,104,7.096970202,"3"
2079,4,15,105,8.397038706,"3"
2079,4,16,106,9.22407759,"3"
2079,4,17,107,10.142670594,"3"
2079,4,18,108,10.20065487,"3"
2079,4,19,109,9.892422666,"3"
2079,4,20,110,10.634011038,"3"
2079,4,21,111,11.763178518,"3"
2079,4,22,112,11.311511526,"3"
2079,4,23,113,11.415272862,"3"
2079,4,24,114,11.40611745,"3"
2079,4,25,115,13.081557846,"3"
2079,4,26,116,12.556647558,"3"
2079,4,27,117,12.574958382,"3"
2079,4,28,118,14.110015794,"3"
2079,4,29,119,14.744791026,"3"
2079,4,30,120,14.119171206,"3"
2080,4,1,92,5.354390118,"3"
2080,4,2,93,5.92812927,"3"
2080,4,3,94,6.907758354,"3"
2080,4,4,95,7.298389266,"3"
2080,4,5,96,6.941328198,"3"
2080,4,6,97,6.730753722,"3"
2080,4,7,98,7.396046994,"3"
2080,4,8,99,7.493704722,"3"
2080,4,9,100,7.91180187,"3"
2080,4,10,101,7.872128418,"3"
2080,4,11,102,8.372624274,"3"
2080,4,12,103,9.398030418,"3"
2080,4,13,104,10.65842547,"3"
2080,4,14,105,11.250475446,"3"
2080,4,15,106,10.334934246,"3"
2080,4,16,107,9.123368058,"3"
2080,4,17,108,9.257647434,"3"
2080,4,18,109,10.374607698,"3"
2080,4,19,110,11.201646582,"3"
2080,4,20,111,10.62790743,"3"
2080,4,21,112,10.542456918,"3"
2080,4,22,113,10.255587342,"3"
2080,4,23,114,11.659417182,"3"
2080,4,24,115,12.422368182,"3"
2080,4,25,116,12.880138782,"3"
2080,4,26,117,13.490499582,"3"
2080,4,27,118,13.96963281,"3"
2080,4,28,119,14.80887891,"3"
2080,4,29,120,14.814982518,"3"
2080,4,30,121,15.156784566,"3"
2081,4,1,91,3.663690702,"3"
2081,4,2,92,4.53955845,"3"
2081,4,3,93,4.457159742,"3"
2081,4,4,94,5.513083926,"3"
2081,4,5,95,5.68398495,"3"
2081,4,6,96,5.336079294,"3"
2081,4,7,97,7.88128383,"3"
2081,4,8,98,7.899594654,"3"
2081,4,9,99,7.008467886,"3"
2081,4,10,100,7.344166326,"3"
2081,4,11,101,8.20172325,"3"
2081,4,12,102,8.970777858,"3"
2081,4,13,103,9.55977603,"3"
2081,4,14,104,9.288165474,"3"
2081,4,15,105,9.614708502,"3"
2081,4,16,106,11.079574422,"3"
2081,4,17,107,11.31456333,"3"
2081,4,18,108,12.083617938,"3"
2081,4,19,109,12.587165598,"3"
2081,4,20,110,12.782481054,"3"
2081,4,21,111,12.297244218,"3"
2081,4,22,112,12.236208138,"3"
2081,4,23,113,12.956433882,"3"
2081,4,24,114,13.615623546,"3"
2081,4,25,115,13.539328446,"3"
2081,4,26,116,13.514914014,"3"
2081,4,27,117,13.383686442,"3"
2081,4,28,118,14.003202654,"3"
2081,4,29,119,14.271761406,"3"
2081,4,30,120,14.537268354,"3"
2082,4,1,91,4.63111257,"3"
2082,4,2,92,4.200808206,"3"
2082,4,3,93,4.451056134,"3"
2082,4,4,94,3.996337338,"3"
2082,4,5,95,4.213015422,"3"
2082,4,6,96,4.679941434,"3"
2082,4,7,97,6.504920226,"3"
2082,4,8,98,6.587318934,"3"
2082,4,9,99,7.969786146,"3"
2082,4,10,100,6.755168154,"3"
2082,4,11,101,6.117341118,"3"
2082,4,12,102,7.176317106,"3"
2082,4,13,103,8.177308818,"3"
2082,4,14,104,8.067443874,"3"
2082,4,15,105,8.952467034,"3"
2082,4,16,106,10.55161233,"3"
2082,4,17,107,10.817119278,"3"
2082,4,18,108,10.371555894,"3"
2082,4,19,109,11.097885246,"3"
2082,4,20,110,11.357288586,"3"
2082,4,21,111,11.43663549,"3"
2082,4,22,112,12.751963014,"3"
2082,4,23,113,12.889294194,"3"
2082,4,24,114,13.23719985,"3"
2082,4,25,115,13.151749338,"3"
2082,4,26,116,13.142593926,"3"
2082,4,27,117,13.597312722,"3"
2082,4,28,118,13.475240562,"3"
2082,4,29,119,14.140533834,"3"
2082,4,30,120,14.680703142,"3"
2083,4,1,91,5.217058938,"3"
2083,4,2,92,5.955595506,"3"
2083,4,3,93,6.318760182,"3"
2083,4,4,94,6.654458622,"3"
2083,4,5,95,7.838558574,"3"
2083,4,6,96,7.493704722,"3"
2083,4,7,97,6.541541874,"3"
2083,4,8,98,7.121384634,"3"
2083,4,9,99,7.737849042,"3"
2083,4,10,100,7.777522494,"3"
2083,4,11,101,7.685968374,"3"
2083,4,12,102,8.360417058,"3"
2083,4,13,103,8.711374518,"3"
2083,4,14,104,8.94941523,"3"
2083,4,15,105,9.221025786,"3"
2083,4,16,106,9.922940706,"3"
2083,4,17,107,10.316623422,"3"
2083,4,18,108,10.783549434,"3"
2083,4,19,109,11.29930431,"3"
2083,4,20,110,11.08567803,"3"
2083,4,21,111,10.289157186,"3"
2083,4,22,112,10.630959234,"3"
2083,4,23,113,11.799800166,"3"
2083,4,24,114,13.417256286,"3"
2083,4,25,115,14.207673522,"3"
2083,4,26,116,13.041884394,"3"
2083,4,27,117,12.135498606,"3"
2083,4,28,118,12.654305286,"3"
2083,4,29,119,13.728540294,"3"
2083,4,30,120,13.926907554,"3"
2084,4,1,92,4.130616714,"3"
2084,4,2,93,4.438848918,"3"
2084,4,3,94,4.472418762,"3"
2084,4,4,95,4.673837826,"3"
2084,4,5,96,4.652475198,"3"
2084,4,6,97,5.995268958,"3"
2084,4,7,98,6.14175555,"3"
2084,4,8,99,5.571068202,"3"
2084,4,9,100,5.92812927,"3"
2084,4,10,101,6.24856869,"3"
2084,4,11,102,7.310596482,"3"
2084,4,12,103,8.790721422,"3"
2084,4,13,104,8.64423483,"3"
2084,4,14,105,9.486532734,"3"
2084,4,15,106,10.026702042,"3"
2084,4,16,107,9.492636342,"3"
2084,4,17,108,9.565879638,"3"
2084,4,18,109,9.388875006,"3"
2084,4,19,110,9.672692778,"3"
2084,4,20,111,10.759135002,"3"
2084,4,21,112,10.862896338,"3"
2084,4,22,113,11.22300921,"3"
2084,4,23,114,11.95544217,"3"
2084,4,24,115,12.547492146,"3"
2084,4,25,116,12.425419986,"3"
2084,4,26,117,12.797740074,"3"
2084,4,27,118,13.554587466,"3"
2084,4,28,119,14.83939695,"3"
2084,4,29,120,15.870906702,"3"
2084,4,30,121,15.562674498,"3"
2085,4,1,91,4.90577493,"3"
2085,4,2,92,4.222170834,"3"
2085,4,3,93,4.542610254,"3"
2085,4,4,94,4.228274442,"3"
2085,4,5,95,4.78370277,"3"
2085,4,6,96,5.268939606,"3"
2085,4,7,97,5.613793458,"3"
2085,4,8,98,5.308613058,"3"
2085,4,9,99,5.601586242,"3"
2085,4,10,100,6.730753722,"3"
2085,4,11,101,6.941328198,"3"
2085,4,12,102,6.901654746,"3"
2085,4,13,103,6.514075638,"3"
2085,4,14,104,7.481497506,"3"
2085,4,15,105,8.220034074,"3"
2085,4,16,106,8.870068326,"3"
2085,4,17,107,10.029753846,"3"
2085,4,18,108,11.030745558,"3"
2085,4,19,109,11.692987026,"3"
2085,4,20,110,11.369495802,"3"
2085,4,21,111,10.78049763,"3"
2085,4,22,112,10.438695582,"3"
2085,4,23,113,11.66552079,"3"
2085,4,24,114,12.410160966,"3"
2085,4,25,115,13.246355262,"3"
2085,4,26,116,13.020521766,"3"
2085,4,27,117,13.307391342,"3"
2085,4,28,118,14.851604166,"3"
2085,4,29,119,15.25139049,"3"
2085,4,30,120,15.306322962,"3"
2086,4,1,91,4.484625978,"3"
2086,4,2,92,4.643319786,"3"
2086,4,3,93,4.817272614,"3"
2086,4,4,94,5.552757378,"3"
2086,4,5,95,5.07362415,"3"
2086,4,6,96,5.705347578,"3"
2086,4,7,97,5.976958134,"3"
2086,4,8,98,8.03387403,"3"
2086,4,9,99,8.11016913,"3"
2086,4,10,100,7.68291657,"3"
2086,4,11,101,8.403142314,"3"
2086,4,12,102,8.970777858,"3"
2086,4,13,103,9.538413402,"3"
2086,4,14,104,10.164033222,"3"
2086,4,15,105,10.347141462,"3"
2086,4,16,106,11.094833442,"3"
2086,4,17,107,11.296252506,"3"
2086,4,18,108,10.76523861,"3"
2086,4,19,109,10.99412391,"3"
2086,4,20,110,11.23826823,"3"
2086,4,21,111,12.053099898,"3"
2086,4,22,112,11.506826982,"3"
2086,4,23,113,11.082626226,"3"
2086,4,24,114,11.37559941,"3"
2086,4,25,115,12.50476689,"3"
2086,4,26,116,13.502706798,"3"
2086,4,27,117,13.707177666,"3"
2086,4,28,118,13.502706798,"3"
2086,4,29,119,13.890285906,"3"
2086,4,30,120,14.683754946,"3"
2087,4,1,91,5.540550162,"3"
2087,4,2,92,6.55374909,"3"
2087,4,3,93,5.940336486,"3"
2087,4,4,94,6.404210694,"3"
2087,4,5,95,7.093918398,"3"
2087,4,6,96,7.59136245,"3"
2087,4,7,97,7.960630734,"3"
2087,4,8,98,8.097961914,"3"
2087,4,9,99,8.165101602,"3"
2087,4,10,100,8.192567838,"3"
2087,4,11,101,8.146790778,"3"
2087,4,12,102,7.68291657,"3"
2087,4,13,103,8.036925834,"3"
2087,4,14,104,9.053176566,"3"
2087,4,15,105,9.486532734,"3"
2087,4,16,106,10.267794558,"3"
2087,4,17,107,11.500723374,"3"
2087,4,18,108,11.32982235,"3"
2087,4,19,109,11.213853798,"3"
2087,4,20,110,11.729608674,"3"
2087,4,21,111,11.08567803,"3"
2087,4,22,112,11.34508137,"3"
2087,4,23,113,12.239259942,"3"
2087,4,24,114,12.297244218,"3"
2087,4,25,115,12.059203506,"3"
2087,4,26,116,12.065307114,"3"
2087,4,27,117,12.361332102,"3"
2087,4,28,118,12.440679006,"3"
2087,4,29,119,13.978788222,"3"
2087,4,30,120,15.364307238,"3"
2088,4,1,92,3.938353062,"3"
2088,4,2,93,4.408330878,"3"
2088,4,3,94,4.69214865,"3"
2088,4,4,95,4.655527002,"3"
2088,4,5,96,4.637216178,"3"
2088,4,6,97,5.229266154,"3"
2088,4,7,98,5.918973858,"3"
2088,4,8,99,6.67582125,"3"
2088,4,9,100,6.755168154,"3"
2088,4,10,101,6.758219958,"3"
2088,4,11,102,8.015563206,"3"
2088,4,12,103,8.488592826,"3"
2088,4,13,104,9.752039682,"3"
2088,4,14,105,9.108109038,"3"
2088,4,15,106,9.39192681,"3"
2088,4,16,107,10.286105382,"3"
2088,4,17,108,10.905621594,"3"
2088,4,18,109,11.552604042,"3"
2088,4,19,110,12.111084174,"3"
2088,4,20,111,12.892345998,"3"
2088,4,21,112,12.684823326,"3"
2088,4,22,113,12.782481054,"3"
2088,4,23,114,12.18432747,"3"
2088,4,24,115,12.33691767,"3"
2088,4,25,116,13.066298826,"3"
2088,4,26,117,13.133438514,"3"
2088,4,27,118,13.456929738,"3"
2088,4,28,119,14.406040782,"3"
2088,4,29,120,14.790568086,"3"
2088,4,30,121,15.428395122,"3"
2089,4,1,91,4.231326246,"3"
2089,4,2,92,4.942396578,"3"
2089,4,3,93,5.372700942,"3"
2089,4,4,94,6.001372566,"3"
2089,4,5,95,6.028838802,"3"
2089,4,6,96,6.709391094,"3"
2089,4,7,97,8.097961914,"3"
2089,4,8,98,8.177308818,"3"
2089,4,9,99,7.14885087,"3"
2089,4,10,100,6.984053454,"3"
2089,4,11,101,8.778514206,"3"
2089,4,12,102,9.523154382,"3"
2089,4,13,103,10.151826006,"3"
2089,4,14,104,9.974821374,"3"
2089,4,15,105,9.172196922,"3"
2089,4,16,106,8.564887926,"3"
2089,4,17,107,8.909741778,"3"
2089,4,18,108,9.892422666,"3"
2089,4,19,109,10.197603066,"3"
2089,4,20,110,10.23117291,"3"
2089,4,21,111,11.042952774,"3"
2089,4,22,112,11.20775019,"3"
2089,4,23,113,12.15380943,"3"
2089,4,24,114,12.941174862,"3"
2089,4,25,115,12.791636466,"3"
2089,4,26,116,14.467076862,"3"
2089,4,27,117,14.430455214,"3"
2089,4,28,118,14.540320158,"3"
2089,4,29,119,15.590140734,"3"
2089,4,30,120,15.736627326,"3"
2090,4,1,91,3.480582462,"3"
2090,4,2,92,3.752193018,"3"
2090,4,3,93,4.313724954,"3"
2090,4,4,94,3.968871102,"3"
2090,4,5,95,3.65453529,"3"
2090,4,6,96,4.435797114,"3"
2090,4,7,97,4.87525689,"3"
2090,4,8,98,5.796901698,"3"
2090,4,9,99,6.041046018,"3"
2090,4,10,100,6.807048822,"3"
2090,4,11,101,7.322803698,"3"
2090,4,12,102,7.98809697,"3"
2090,4,13,103,8.33905443,"3"
2090,4,14,104,8.940259818,"3"
2090,4,15,105,8.90363817,"3"
2090,4,16,106,9.465170106,"3"
2090,4,17,107,9.510947166,"3"
2090,4,18,108,10.310519814,"3"
2090,4,19,109,10.319675226,"3"
2090,4,20,110,10.829326494,"3"
2090,4,21,111,12.236208138,"3"
2090,4,22,112,12.547492146,"3"
2090,4,23,113,12.678719718,"3"
2090,4,24,114,12.858776154,"3"
2090,4,25,115,13.322650362,"3"
2090,4,26,116,14.711221182,"3"
2090,4,27,117,15.172043586,"3"
2090,4,28,118,15.013349778,"3"
2090,4,29,119,14.491491294,"3"
2090,4,30,120,14.927899266,"3"
2091,4,1,91,6.47745399,"3"
2091,4,2,92,5.854885974,"3"
2091,4,3,93,5.650415106,"3"
2091,4,4,94,6.276034926,"3"
2091,4,5,95,5.992217154,"3"
2091,4,6,96,6.727701918,"3"
2091,4,7,97,7.603569666,"3"
2091,4,8,98,7.389943386,"3"
2091,4,9,99,6.962690826,"3"
2091,4,10,100,8.656442046,"3"
2091,4,11,101,9.877163646,"3"
2091,4,12,102,9.935147922,"3"
2091,4,13,103,9.205766766,"3"
2091,4,14,104,8.76630699,"3"
2091,4,15,105,9.49873995,"3"
2091,4,16,106,10.206758478,"3"
2091,4,17,107,10.743875982,"3"
2091,4,18,108,10.99412391,"3"
2091,4,19,109,10.328830638,"3"
2091,4,20,110,10.997175714,"3"
2091,4,21,111,11.927975934,"3"
2091,4,22,112,12.739755798,"3"
2091,4,23,113,13.118179494,"3"
2091,4,24,114,13.423359894,"3"
2091,4,25,115,13.228044438,"3"
2091,4,26,116,13.545432054,"3"
2091,4,27,117,14.16800007,"3"
2091,4,28,118,14.418247998,"3"
2091,4,29,119,14.424351606,"3"
2091,4,30,120,13.859767866,"3"
2092,4,1,92,7.115281026,"3"
2092,4,2,93,7.51506735,"3"
2092,4,3,94,7.313648286,"3"
2092,4,4,95,7.481497506,"3"
2092,4,5,96,7.414357818,"3"
2092,4,6,97,8.012511402,"3"
2092,4,7,98,7.98809697,"3"
2092,4,8,99,8.210878662,"3"
2092,4,9,100,8.677804674,"3"
2092,4,10,101,8.561836122,"3"
2092,4,11,102,9.144730686,"3"
2092,4,12,103,8.854809306,"3"
2092,4,13,104,9.385823202,"3"
2092,4,14,105,10.249483734,"3"
2092,4,15,106,11.305407918,"3"
2092,4,16,107,11.32982235,"3"
2092,4,17,108,11.686883418,"3"
2092,4,18,109,12.440679006,"3"
2092,4,19,110,12.53528493,"3"
2092,4,20,111,12.87098337,"3"
2092,4,21,112,14.094756774,"3"
2092,4,22,113,14.241243366,"3"
2092,4,23,114,14.866863186,"3"
2092,4,24,115,15.516897438,"3"
2092,4,25,116,14.659340514,"3"
2092,4,26,117,14.155792854,"3"
2092,4,27,118,13.929959358,"3"
2092,4,28,119,13.453877934,"3"
2092,4,29,120,13.990995438,"3"
2092,4,30,121,14.61051165,"3"
2093,4,1,91,4.527351234,"3"
2093,4,2,92,4.689096846,"3"
2093,4,3,93,5.552757378,"3"
2093,4,4,94,5.473410474,"3"
2093,4,5,95,5.86709319,"3"
2093,4,6,96,7.380787974,"3"
2093,4,7,97,6.58426713,"3"
2093,4,8,98,7.496756526,"3"
2093,4,9,99,8.650338438,"3"
2093,4,10,100,9.001295898,"3"
2093,4,11,101,9.004347702,"3"
2093,4,12,102,8.381779686,"3"
2093,4,13,103,8.882275542,"3"
2093,4,14,104,10.054168278,"3"
2093,4,15,105,10.90256979,"3"
2093,4,16,106,11.723505066,"3"
2093,4,17,107,11.653313574,"3"
2093,4,18,108,10.792704846,"3"
2093,4,19,109,11.577018474,"3"
2093,4,20,110,12.462041634,"3"
2093,4,21,111,12.446782614,"3"
2093,4,22,112,13.289080518,"3"
2093,4,23,113,13.261614282,"3"
2093,4,24,114,12.953382078,"3"
2093,4,25,115,13.807887198,"3"
2093,4,26,116,13.835353434,"3"
2093,4,27,117,14.44266243,"3"
2093,4,28,118,14.88517401,"3"
2093,4,29,119,14.86991499,"3"
2093,4,30,120,14.91569205,"3"
2094,4,1,91,4.557869274,"3"
2094,4,2,92,5.848782366,"3"
2094,4,3,93,6.257724102,"3"
2094,4,4,94,6.364537242,"3"
2094,4,5,95,5.613793458,"3"
2094,4,6,96,5.372700942,"3"
2094,4,7,97,6.395055282,"3"
2094,4,8,98,7.978941558,"3"
2094,4,9,99,8.24750031,"3"
2094,4,10,100,8.540473494,"3"
2094,4,11,101,8.885327346,"3"
2094,4,12,102,9.474325518,"3"
2094,4,13,103,10.817119278,"3"
2094,4,14,104,10.514990682,"3"
2094,4,15,105,10.814067474,"3"
2094,4,16,106,10.209810282,"3"
2094,4,17,107,10.029753846,"3"
2094,4,18,108,10.072479102,"3"
2094,4,19,109,11.021590146,"3"
2094,4,20,110,12.614631834,"3"
2094,4,21,111,13.463033346,"3"
2094,4,22,112,14.293124034,"3"
2094,4,23,113,13.630882566,"3"
2094,4,24,114,13.734643902,"3"
2094,4,25,115,13.51186221,"3"
2094,4,26,116,13.749902922,"3"
2094,4,27,117,14.723428398,"3"
2094,4,28,118,14.784464478,"3"
2094,4,29,119,14.448766038,"3"
2094,4,30,120,15.895321134,"3"
2095,4,1,91,4.869153282,"3"
2095,4,2,92,5.314716666,"3"
2095,4,3,93,5.976958134,"3"
2095,4,4,94,6.395055282,"3"
2095,4,5,95,6.688028466,"3"
2095,4,6,96,6.474402186,"3"
2095,4,7,97,7.618828686,"3"
2095,4,8,98,9.26985465,"3"
2095,4,9,99,9.382771398,"3"
2095,4,10,100,9.202714962,"3"
2095,4,11,101,8.851757502,"3"
2095,4,12,102,8.757151578,"3"
2095,4,13,103,8.696115498,"3"
2095,4,14,104,7.634087706,"3"
2095,4,15,105,8.632027614,"3"
2095,4,16,106,9.62081211,"3"
2095,4,17,107,9.489584538,"3"
2095,4,18,108,10.392918522,"3"
2095,4,19,109,10.789653042,"3"
2095,4,20,110,11.369495802,"3"
2095,4,21,111,11.198594778,"3"
2095,4,22,112,11.13145509,"3"
2095,4,23,113,11.387806626,"3"
2095,4,24,114,11.393910234,"3"
2095,4,25,115,11.906613306,"3"
2095,4,26,116,12.407109162,"3"
2095,4,27,117,12.96253749,"3"
2095,4,28,118,13.234148046,"3"
2095,4,29,119,12.819102702,"3"
2095,4,30,120,13.484395974,"3"
2096,4,1,92,4.243533462,"3"
2096,4,2,93,4.176393774,"3"
2096,4,3,94,4.963759206,"3"
2096,4,4,95,5.903714838,"3"
2096,4,5,96,6.056305038,"3"
2096,4,6,97,6.08071947,"3"
2096,4,7,98,7.502860134,"3"
2096,4,8,99,8.265811134,"3"
2096,4,9,100,8.784617814,"3"
2096,4,10,101,8.424504942,"3"
2096,4,11,102,8.56793973,"3"
2096,4,12,103,9.385823202,"3"
2096,4,13,104,9.517050774,"3"
2096,4,14,105,10.466161818,"3"
2096,4,15,106,11.860836246,"3"
2096,4,16,107,12.376591122,"3"
2096,4,17,108,11.921872326,"3"
2096,4,18,109,11.641106358,"3"
2096,4,19,110,11.866939854,"3"
2096,4,20,111,11.982908406,"3"
2096,4,21,112,12.730600386,"3"
2096,4,22,113,12.721444974,"3"
2096,4,23,114,13.292132322,"3"
2096,4,24,115,13.536276642,"3"
2096,4,25,116,13.340961186,"3"
2096,4,26,117,13.609519938,"3"
2096,4,27,118,14.27481321,"3"
2096,4,28,119,15.452809554,"3"
2096,4,29,120,15.315478374,"3"
2096,4,30,121,15.31242657,"3"
2097,4,1,91,3.675897918,"3"
2097,4,2,92,4.969862814,"3"
2097,4,3,93,6.001372566,"3"
2097,4,4,94,6.443884146,"3"
2097,4,5,95,6.761271762,"3"
2097,4,6,96,6.98100165,"3"
2097,4,7,97,7.161058086,"3"
2097,4,8,98,8.119324542,"3"
2097,4,9,99,8.668649262,"3"
2097,4,10,100,9.962614158,"3"
2097,4,11,101,10.392918522,"3"
2097,4,12,102,9.471273714,"3"
2097,4,13,103,9.257647434,"3"
2097,4,14,104,9.175248726,"3"
2097,4,15,105,9.916837098,"3"
2097,4,16,106,10.70420253,"3"
2097,4,17,107,10.301364402,"3"
2097,4,18,108,11.396962038,"3"
2097,4,19,109,11.204698386,"3"
2097,4,20,110,11.71129785,"3"
2097,4,21,111,11.747919498,"3"
2097,4,22,112,11.866939854,"3"
2097,4,23,113,11.882198874,"3"
2097,4,24,114,12.239259942,"3"
2097,4,25,115,12.434575398,"3"
2097,4,26,116,13.701074058,"3"
2097,4,27,117,15.303271158,"3"
2097,4,28,118,16.267641222,"3"
2097,4,29,119,15.80071521,"3"
2097,4,30,120,15.590140734,"3"
2098,4,1,91,5.925077466,"3"
2098,4,2,92,5.21095533,"3"
2098,4,3,93,5.54665377,"3"
2098,4,4,94,5.723658402,"3"
2098,4,5,95,5.171281878,"3"
2098,4,6,96,6.059356842,"3"
2098,4,7,97,7.692071982,"3"
2098,4,8,98,7.710382806,"3"
2098,4,9,99,7.402150602,"3"
2098,4,10,100,7.762263474,"3"
2098,4,11,101,9.089798214,"3"
2098,4,12,102,8.836498482,"3"
2098,4,13,103,8.85786111,"3"
2098,4,14,104,8.87312013,"3"
2098,4,15,105,8.952467034,"3"
2098,4,16,106,8.952467034,"3"
2098,4,17,107,8.96467425,"3"
2098,4,18,108,10.359348678,"3"
2098,4,19,109,11.424428274,"3"
2098,4,20,110,12.727548582,"3"
2098,4,21,111,14.033720694,"3"
2098,4,22,112,13.563742878,"3"
2098,4,23,113,12.559699362,"3"
2098,4,24,114,12.675667914,"3"
2098,4,25,115,13.798731786,"3"
2098,4,26,116,14.402988978,"3"
2098,4,27,117,14.769205458,"3"
2098,4,28,118,15.538260066,"3"
2098,4,29,119,15.474172182,"3"
2098,4,30,120,15.184250802,"3"
2099,4,1,91,5.720606598,"3"
2099,4,2,92,5.751124638,"3"
2099,4,3,93,6.712442898,"3"
2099,4,4,94,7.573051626,"3"
2099,4,5,95,7.212938754,"3"
2099,4,6,96,7.432668642,"3"
2099,4,7,97,7.747004454,"3"
2099,4,8,98,7.951475322,"3"
2099,4,9,99,7.792781514,"3"
2099,4,10,100,8.009459598,"3"
2099,4,11,101,6.99626067,"3"
2099,4,12,102,8.082702894,"3"
2099,4,13,103,8.665597458,"3"
2099,4,14,104,8.955518838,"3"
2099,4,15,105,10.78049763,"3"
2099,4,16,106,10.670632686,"3"
2099,4,17,107,11.210801994,"3"
2099,4,18,108,11.662468986,"3"
2099,4,19,109,12.227052726,"3"
2099,4,20,110,11.891354286,"3"
2099,4,21,111,12.343021278,"3"
2099,4,22,112,12.608528226,"3"
2099,4,23,113,13.859767866,"3"
2099,4,24,114,12.925915842,"3"
2099,4,25,115,11.851680834,"3"
2099,4,26,116,12.196534686,"3"
2099,4,27,117,13.29823593,"3"
2099,4,28,118,14.744791026,"3"
2099,4,29,119,15.443654142,"3"
2099,4,30,120,15.80071521,"3"
2100,4,1,91,6.025786998,"3"
2100,4,2,92,6.932172786,"3"
2100,4,3,93,6.52323105,"3"
2100,4,4,94,7.533378174,"3"
2100,4,5,95,7.997252382,"3"
2100,4,6,96,7.60662147,"3"
2100,4,7,97,7.597466058,"3"
2100,4,8,98,7.960630734,"3"
2100,4,9,99,8.61371679,"3"
2100,4,10,100,10.090789926,"3"
2100,4,11,101,11.610588318,"3"
2100,4,12,102,11.262682662,"3"
2100,4,13,103,11.409169254,"3"
2100,4,14,104,12.263674374,"3"
2100,4,15,105,11.412221058,"3"
2100,4,16,106,11.427480078,"3"
2100,4,17,107,11.631950946,"3"
2100,4,18,108,10.53635331,"3"
2100,4,19,109,10.972761282,"3"
2100,4,20,110,12.767222034,"3"
2100,4,21,111,12.239259942,"3"
2100,4,22,112,11.54344863,"3"
2100,4,23,113,11.860836246,"3"
2100,4,24,114,13.173111966,"3"
2100,4,25,115,13.075454238,"3"
2100,4,26,116,13.789576374,"3"
2100,4,27,117,15.117111114,"3"
2100,4,28,118,15.153732762,"3"
2100,4,29,119,14.064238734,"3"
2100,4,30,120,14.677651338,"3"
2025,5,1,121,5.60768985,"3"
2025,5,2,122,6.803997018,"3"
2025,5,3,123,7.246508598,"3"
2025,5,4,124,7.627984098,"3"
2025,5,5,125,8.296329174,"3"
2025,5,6,126,8.589302358,"3"
2025,5,7,127,9.782557722,"3"
2025,5,8,128,10.664529078,"3"
2025,5,9,129,11.189439366,"3"
2025,5,10,130,12.037840878,"3"
2025,5,11,131,11.873043462,"3"
2025,5,12,132,13.011366354,"3"
2025,5,13,133,13.856716062,"3"
2025,5,14,134,12.62683905,"3"
2025,5,15,135,12.190431078,"3"
2025,5,16,136,13.365375618,"3"
2025,5,17,137,13.411152678,"3"
2025,5,18,138,11.396962038,"3"
2025,5,19,139,11.824214598,"3"
2025,5,20,140,12.678719718,"3"
2025,5,21,141,13.51186221,"3"
2025,5,22,142,13.994047242,"3"
2025,5,23,143,14.729532006,"3"
2025,5,24,144,15.09880029,"3"
2025,5,25,145,15.742730934,"3"
2025,5,26,146,16.200501534,"3"
2025,5,27,147,16.371402558,"3"
2025,5,28,148,16.76203347,"3"
2025,5,29,149,16.346988126,"3"
2025,5,30,150,16.600287858,"3"
2025,5,31,151,17.44868937,"3"
2026,5,1,121,4.863049674,"3"
2026,5,2,122,5.799953502,"3"
2026,5,3,123,6.840618666,"3"
2026,5,4,124,7.350269934,"3"
2026,5,5,125,8.131531758,"3"
2026,5,6,126,7.765315278,"3"
2026,5,7,127,8.937208014,"3"
2026,5,8,128,9.49873995,"3"
2026,5,9,129,10.817119278,"3"
2026,5,10,130,11.638054554,"3"
2026,5,11,131,11.509878786,"3"
2026,5,12,132,10.682839902,"3"
2026,5,13,133,10.46005821,"3"
2026,5,14,134,10.051116474,"3"
2026,5,15,135,10.634011038,"3"
2026,5,16,136,12.593269206,"3"
2026,5,17,137,12.70313415,"3"
2026,5,18,138,12.074462526,"3"
2026,5,19,139,13.353168402,"3"
2026,5,20,140,12.721444974,"3"
2026,5,21,141,12.202638294,"3"
2026,5,22,142,12.90150141,"3"
2026,5,23,143,13.52712123,"3"
2026,5,24,144,14.363315526,"3"
2026,5,25,145,14.250398778,"3"
2026,5,26,146,14.668495926,"3"
2026,5,27,147,15.507742026,"3"
2026,5,28,148,16.234071378,"3"
2026,5,29,149,16.12115463,"3"
2026,5,30,150,17.14350897,"3"
2026,5,31,151,18.037687542,"3"
2027,5,1,121,5.888455818,"3"
2027,5,2,122,6.102082098,"3"
2027,5,3,123,6.532386462,"3"
2027,5,4,124,7.405202406,"3"
2027,5,5,125,7.414357818,"3"
2027,5,6,126,8.162049798,"3"
2027,5,7,127,9.257647434,"3"
2027,5,8,128,9.43770387,"3"
2027,5,9,129,10.710306138,"3"
2027,5,10,130,10.579078566,"3"
2027,5,11,131,10.942243242,"3"
2027,5,12,132,12.300296022,"3"
2027,5,13,133,12.10803237,"3"
2027,5,14,134,12.07751433,"3"
2027,5,15,135,12.87098337,"3"
2027,5,16,136,13.188370986,"3"
2027,5,17,137,13.408100874,"3"
2027,5,18,138,13.23719985,"3"
2027,5,19,139,13.914700338,"3"
2027,5,20,140,13.331805774,"3"
2027,5,21,141,12.874035174,"3"
2027,5,22,142,13.295184126,"3"
2027,5,23,143,13.636986174,"3"
2027,5,24,144,14.799723498,"3"
2027,5,25,145,14.56473459,"3"
2027,5,26,146,15.168991782,"3"
2027,5,27,147,15.638969598,"3"
2027,5,28,148,16.057066746,"3"
2027,5,29,149,15.956357214,"3"
2027,5,30,150,15.996030666,"3"
2027,5,31,151,15.635917794,"3"
2028,5,1,122,6.697183878,"3"
2028,5,2,123,5.71450299,"3"
2028,5,3,124,6.303501162,"3"
2028,5,4,125,7.512015546,"3"
2028,5,5,126,8.207826858,"3"
2028,5,6,127,9.120316254,"3"
2028,5,7,128,9.694055406,"3"
2028,5,8,129,9.465170106,"3"
2028,5,9,130,9.45296289,"3"
2028,5,10,131,10.286105382,"3"
2028,5,11,132,10.865948142,"3"
2028,5,12,133,10.331882442,"3"
2028,5,13,134,10.84153371,"3"
2028,5,14,135,12.208741902,"3"
2028,5,15,136,11.583122082,"3"
2028,5,16,137,11.989012014,"3"
2028,5,17,138,13.173111966,"3"
2028,5,18,139,13.627830762,"3"
2028,5,19,140,13.80178359,"3"
2028,5,20,141,13.87807869,"3"
2028,5,21,142,14.71732479,"3"
2028,5,22,143,15.64812501,"3"
2028,5,23,144,15.141525546,"3"
2028,5,24,145,14.186310894,"3"
2028,5,25,146,13.90859673,"3"
2028,5,26,147,14.268709602,"3"
2028,5,27,148,14.522009334,"3"
2028,5,28,149,14.048979714,"3"
2028,5,29,150,14.799723498,"3"
2028,5,30,151,15.397877082,"3"
2028,5,31,152,15.99908247,"3"
2029,5,1,121,7.612725078,"3"
2029,5,2,122,8.097961914,"3"
2029,5,3,123,8.09491011,"3"
2029,5,4,124,9.196611354,"3"
2029,5,5,125,9.153886098,"3"
2029,5,6,126,9.39192681,"3"
2029,5,7,127,9.456014694,"3"
2029,5,8,128,9.370564182,"3"
2029,5,9,129,10.74997959,"3"
2029,5,10,130,10.896466182,"3"
2029,5,11,131,10.646218254,"3"
2029,5,12,132,11.656365378,"3"
2029,5,13,133,11.17723215,"3"
2029,5,14,134,11.561759454,"3"
2029,5,15,135,11.952390366,"3"
2029,5,16,136,12.660408894,"3"
2029,5,17,137,12.660408894,"3"
2029,5,18,138,12.797740074,"3"
2029,5,19,139,13.078506042,"3"
2029,5,20,140,13.997099046,"3"
2029,5,21,141,14.683754946,"3"
2029,5,22,142,15.330737394,"3"
2029,5,23,143,15.72442011,"3"
2029,5,24,144,15.635917794,"3"
2029,5,25,145,15.092696682,"3"
2029,5,26,146,15.382618062,"3"
2029,5,27,147,15.538260066,"3"
2029,5,28,148,15.748834542,"3"
2029,5,29,149,15.977719842,"3"
2029,5,30,150,15.87701031,"3"
2029,5,31,151,16.267641222,"3"
2030,5,1,121,7.89654285,"3"
2030,5,2,122,7.475393898,"3"
2030,5,3,123,6.257724102,"3"
2030,5,4,124,7.191576126,"3"
2030,5,5,125,7.521170958,"3"
2030,5,6,126,8.085754698,"3"
2030,5,7,127,8.586250554,"3"
2030,5,8,128,8.860912914,"3"
2030,5,9,129,9.794764938,"3"
2030,5,10,130,11.073470814,"3"
2030,5,11,131,11.506826982,"3"
2030,5,12,132,12.01647825,"3"
2030,5,13,133,12.236208138,"3"
2030,5,14,134,11.958493974,"3"
2030,5,15,135,11.39085843,"3"
2030,5,16,136,13.005262746,"3"
2030,5,17,137,14.247346974,"3"
2030,5,18,138,14.650185102,"3"
2030,5,19,139,14.613563454,"3"
2030,5,20,140,15.181198998,"3"
2030,5,21,141,15.965512626,"3"
2030,5,22,142,15.614555166,"3"
2030,5,23,143,15.17509539,"3"
2030,5,24,144,14.912640246,"3"
2030,5,25,145,15.272753118,"3"
2030,5,26,146,15.852595878,"3"
2030,5,27,147,15.779352582,"3"
2030,5,28,148,15.196458018,"3"
2030,5,29,149,14.955365502,"3"
2030,5,30,150,15.49553481,"3"
2030,5,31,151,16.386661578,"3"
2031,5,1,121,8.90363817,"3"
2031,5,2,122,9.01045131,"3"
2031,5,3,123,9.013503114,"3"
2031,5,4,124,9.123368058,"3"
2031,5,5,125,9.33089073,"3"
2031,5,6,126,9.166093314,"3"
2031,5,7,127,8.59845777,"3"
2031,5,8,128,9.053176566,"3"
2031,5,9,129,9.78866133,"3"
2031,5,10,130,9.800868546,"3"
2031,5,11,131,10.18539585,"3"
2031,5,12,132,11.485464354,"3"
2031,5,13,133,11.384754822,"3"
2031,5,14,134,11.091781638,"3"
2031,5,15,135,11.479360746,"3"
2031,5,16,136,12.120239586,"3"
2031,5,17,137,11.952390366,"3"
2031,5,18,138,12.721444974,"3"
2031,5,19,139,13.820094414,"3"
2031,5,20,140,14.204621718,"3"
2031,5,21,141,14.042876106,"3"
2031,5,22,142,15.504690222,"3"
2031,5,23,143,15.90752835,"3"
2031,5,24,144,14.048979714,"3"
2031,5,25,145,13.936062966,"3"
2031,5,26,146,13.478292366,"3"
2031,5,27,147,12.904553214,"3"
2031,5,28,148,13.77126555,"3"
2031,5,29,149,15.60234795,"3"
2031,5,30,150,17.167923402,"3"
2031,5,31,151,17.625694002,"3"
2032,5,1,122,8.104065522,"3"
2032,5,2,123,8.265811134,"3"
2032,5,3,124,7.679864766,"3"
2032,5,4,125,8.177308818,"3"
2032,5,5,126,7.960630734,"3"
2032,5,6,127,7.585258842,"3"
2032,5,7,128,8.088806502,"3"
2032,5,8,129,9.874111842,"3"
2032,5,9,130,10.148774202,"3"
2032,5,10,131,10.652321862,"3"
2032,5,11,132,11.65026177,"3"
2032,5,12,133,12.620735442,"3"
2032,5,13,134,11.979856602,"3"
2032,5,14,135,12.080566134,"3"
2032,5,15,136,12.858776154,"3"
2032,5,16,137,12.117187782,"3"
2032,5,17,138,12.111084174,"3"
2032,5,18,139,12.877086978,"3"
2032,5,19,140,13.264666086,"3"
2032,5,20,141,12.922864038,"3"
2032,5,21,142,13.493551386,"3"
2032,5,22,143,13.81704261,"3"
2032,5,23,144,14.006254458,"3"
2032,5,24,145,14.372470938,"3"
2032,5,25,146,14.33584929,"3"
2032,5,26,147,14.601356238,"3"
2032,5,27,148,14.964520914,"3"
2032,5,28,149,15.989927058,"3"
2032,5,29,150,16.633857702,"3"
2032,5,30,151,15.93804639,"3"
2032,5,31,152,16.902416454,"3"
2033,5,1,121,7.39299519,"3"
2033,5,2,122,7.051193142,"3"
2033,5,3,123,7.771418886,"3"
2033,5,4,124,8.36957247,"3"
2033,5,5,125,8.805980442,"3"
2033,5,6,126,8.82734307,"3"
2033,5,7,127,9.477377322,"3"
2033,5,8,128,9.89547447,"3"
2033,5,9,129,9.855801018,"3"
2033,5,10,130,9.837490194,"3"
2033,5,11,131,10.029753846,"3"
2033,5,12,132,10.981916694,"3"
2033,5,13,133,12.040892682,"3"
2033,5,14,134,11.903561502,"3"
2033,5,15,135,12.42847179,"3"
2033,5,16,136,12.59632101,"3"
2033,5,17,137,14.177155482,"3"
2033,5,18,138,13.926907554,"3"
2033,5,19,139,14.131378422,"3"
2033,5,20,140,14.219880738,"3"
2033,5,21,141,15.288012138,"3"
2033,5,22,142,15.944149998,"3"
2033,5,23,143,16.081481178,"3"
2033,5,24,144,16.081481178,"3"
2033,5,25,145,16.386661578,"3"
2033,5,26,146,15.727471914,"3"
2033,5,27,147,16.041807726,"3"
2033,5,28,148,15.73967913,"3"
2033,5,29,149,15.199509822,"3"
2033,5,30,150,15.757989954,"3"
2033,5,31,151,15.855647682,"3"
2034,5,1,121,7.634087706,"3"
2034,5,2,122,7.655450334,"3"
2034,5,3,123,8.729685342,"3"
2034,5,4,124,9.547568814,"3"
2034,5,5,125,9.169145118,"3"
2034,5,6,126,8.982985074,"3"
2034,5,7,127,9.199663158,"3"
2034,5,8,128,9.648278346,"3"
2034,5,9,129,10.21591389,"3"
2034,5,10,130,10.38376311,"3"
2034,5,11,131,9.608604894,"3"
2034,5,12,132,9.806972154,"3"
2034,5,13,133,10.203706674,"3"
2034,5,14,134,11.674676202,"3"
2034,5,15,135,12.837413526,"3"
2034,5,16,136,13.044936198,"3"
2034,5,17,137,13.188370986,"3"
2034,5,18,138,13.459981542,"3"
2034,5,19,139,14.128326618,"3"
2034,5,20,140,14.055083322,"3"
2034,5,21,141,13.11512769,"3"
2034,5,22,142,12.980848314,"3"
2034,5,23,143,14.006254458,"3"
2034,5,24,144,14.277865014,"3"
2034,5,25,145,14.912640246,"3"
2034,5,26,146,15.458913162,"3"
2034,5,27,147,16.041807726,"3"
2034,5,28,148,16.200501534,"3"
2034,5,29,149,16.041807726,"3"
2034,5,30,150,15.864803094,"3"
2034,5,31,151,16.179138906,"3"
2035,5,1,121,9.279010062,"3"
2035,5,2,122,9.443807478,"3"
2035,5,3,123,9.59029407,"3"
2035,5,4,124,8.097961914,"3"
2035,5,5,125,8.52216267,"3"
2035,5,6,126,9.28511367,"3"
2035,5,7,127,9.706262622,"3"
2035,5,8,128,9.626915718,"3"
2035,5,9,129,9.63607113,"3"
2035,5,10,130,9.367512378,"3"
2035,5,11,131,9.843593802,"3"
2035,5,12,132,11.31456333,"3"
2035,5,13,133,12.007322838,"3"
2035,5,14,134,13.090713258,"3"
2035,5,15,135,13.966581006,"3"
2035,5,16,136,14.277865014,"3"
2035,5,17,137,14.009306262,"3"
2035,5,18,138,13.646141586,"3"
2035,5,19,139,12.907605018,"3"
2035,5,20,140,13.261614282,"3"
2035,5,21,141,13.890285906,"3"
2035,5,22,142,14.692910358,"3"
2035,5,23,143,15.599296146,"3"
2035,5,24,144,16.237123182,"3"
2035,5,25,145,15.529104654,"3"
2035,5,26,146,15.22087245,"3"
2035,5,27,147,16.27374483,"3"
2035,5,28,148,16.664375742,"3"
2035,5,29,149,17.21980407,"3"
2035,5,30,150,17.299150974,"3"
2035,5,31,151,17.396808702,"3"
2036,5,1,122,8.851757502,"3"
2036,5,2,123,8.894482758,"3"
2036,5,3,124,9.752039682,"3"
2036,5,4,125,9.501791754,"3"
2036,5,5,126,9.007399506,"3"
2036,5,6,127,9.23933661,"3"
2036,5,7,128,9.42244485,"3"
2036,5,8,129,9.52925799,"3"
2036,5,9,130,9.462118302,"3"
2036,5,10,131,9.599449482,"3"
2036,5,11,132,10.759135002,"3"
2036,5,12,133,12.227052726,"3"
2036,5,13,134,13.215837222,"3"
2036,5,14,135,12.67261611,"3"
2036,5,15,136,13.698022254,"3"
2036,5,16,137,14.372470938,"3"
2036,5,17,138,14.714272986,"3"
2036,5,18,139,14.470128666,"3"
2036,5,19,140,13.83230163,"3"
2036,5,20,141,13.58815731,"3"
2036,5,21,142,14.393833566,"3"
2036,5,22,143,14.90043303,"3"
2036,5,23,144,15.431446926,"3"
2036,5,24,145,15.547415478,"3"
2036,5,25,146,16.25848581,"3"
2036,5,26,147,15.626762382,"3"
2036,5,27,148,16.231019574,"3"
2036,5,28,149,15.819026034,"3"
2036,5,29,150,15.910580154,"3"
2036,5,30,151,16.337832714,"3"
2036,5,31,152,17.26558113,"3"
2037,5,1,121,8.757151578,"3"
2037,5,2,122,9.892422666,"3"
2037,5,3,123,10.923932418,"3"
2037,5,4,124,11.149765914,"3"
2037,5,5,125,11.296252506,"3"
2037,5,6,126,10.222017498,"3"
2037,5,7,127,9.980924982,"3"
2037,5,8,128,9.794764938,"3"
2037,5,9,129,10.380711306,"3"
2037,5,10,130,10.884258966,"3"
2037,5,11,131,11.02464195,"3"
2037,5,12,132,12.074462526,"3"
2037,5,13,133,12.202638294,"3"
2037,5,14,134,12.94727847,"3"
2037,5,15,135,13.200578202,"3"
2037,5,16,136,12.883190586,"3"
2037,5,17,137,12.90150141,"3"
2037,5,18,138,12.88624239,"3"
2037,5,19,139,13.304339538,"3"
2037,5,20,140,14.83939695,"3"
2037,5,21,141,14.287020426,"3"
2037,5,22,142,13.966581006,"3"
2037,5,23,143,14.659340514,"3"
2037,5,24,144,15.83123325,"3"
2037,5,25,145,17.180130618,"3"
2037,5,26,146,16.737619038,"3"
2037,5,27,147,15.440602338,"3"
2037,5,28,148,15.48027579,"3"
2037,5,29,149,16.16693169,"3"
2037,5,30,150,16.316470086,"3"
2037,5,31,151,16.148620866,"3"
2038,5,1,121,7.234301382,"3"
2038,5,2,122,7.493704722,"3"
2038,5,3,123,8.53742169,"3"
2038,5,4,124,9.26985465,"3"
2038,5,5,125,9.858852822,"3"
2038,5,6,126,9.471273714,"3"
2038,5,7,127,8.702219106,"3"
2038,5,8,128,8.894482758,"3"
2038,5,9,129,10.380711306,"3"
2038,5,10,130,11.027693754,"3"
2038,5,11,131,11.445790902,"3"
2038,5,12,132,12.037840878,"3"
2038,5,13,133,12.889294194,"3"
2038,5,14,134,13.209733614,"3"
2038,5,15,135,13.362323814,"3"
2038,5,16,136,12.730600386,"3"
2038,5,17,137,13.060195218,"3"
2038,5,18,138,12.990003726,"3"
2038,5,19,139,13.35927201,"3"
2038,5,20,140,14.80887891,"3"
2038,5,21,141,15.382618062,"3"
2038,5,22,142,15.193406214,"3"
2038,5,23,143,14.720376594,"3"
2038,5,24,144,13.990995438,"3"
2038,5,25,145,13.951321986,"3"
2038,5,26,146,14.979779934,"3"
2038,5,27,147,16.035704118,"3"
2038,5,28,148,16.70099739,"3"
2038,5,29,149,17.213700462,"3"
2038,5,30,150,17.622642198,"3"
2038,5,31,151,17.918667186,"3"
2039,5,1,121,7.756159866,"3"
2039,5,2,122,8.726633538,"3"
2039,5,3,123,8.265811134,"3"
2039,5,4,124,8.55268071,"3"
2039,5,5,125,8.635079418,"3"
2039,5,6,126,8.393986902,"3"
2039,5,7,127,9.425496654,"3"
2039,5,8,128,10.301364402,"3"
2039,5,9,129,10.920880614,"3"
2039,5,10,130,10.237276518,"3"
2039,5,11,131,10.81101567,"3"
2039,5,12,132,10.96360587,"3"
2039,5,13,133,11.854732638,"3"
2039,5,14,134,12.48950787,"3"
2039,5,15,135,12.404057358,"3"
2039,5,16,136,12.849620742,"3"
2039,5,17,137,13.585105506,"3"
2039,5,18,138,13.850612454,"3"
2039,5,19,139,13.304339538,"3"
2039,5,20,140,14.814982518,"3"
2039,5,21,141,14.912640246,"3"
2039,5,22,142,14.940106482,"3"
2039,5,23,143,14.38162635,"3"
2039,5,24,144,13.829249826,"3"
2039,5,25,145,14.491491294,"3"
2039,5,26,146,15.611503362,"3"
2039,5,27,147,16.963452534,"3"
2039,5,28,148,17.21980407,"3"
2039,5,29,149,17.198441442,"3"
2039,5,30,150,17.473103802,"3"
2039,5,31,151,18.052946562,"3"
2040,5,1,122,7.753108062,"3"
2040,5,2,123,9.419393046,"3"
2040,5,3,124,8.88837915,"3"
2040,5,4,125,8.961622446,"3"
2040,5,5,126,8.879223738,"3"
2040,5,6,127,9.474325518,"3"
2040,5,7,128,9.755091486,"3"
2040,5,8,129,11.461049922,"3"
2040,5,9,130,11.08567803,"3"
2040,5,10,131,11.012434734,"3"
2040,5,11,132,11.705194242,"3"
2040,5,12,133,11.778437538,"3"
2040,5,13,134,12.449834418,"3"
2040,5,14,135,12.56580297,"3"
2040,5,15,136,12.660408894,"3"
2040,5,16,137,12.74891121,"3"
2040,5,17,138,13.112075886,"3"
2040,5,18,139,12.373539318,"3"
2040,5,19,140,12.41321277,"3"
2040,5,20,141,13.551535662,"3"
2040,5,21,142,14.515905726,"3"
2040,5,22,143,15.095748486,"3"
2040,5,23,144,15.080489466,"3"
2040,5,24,145,15.608451558,"3"
2040,5,25,146,16.020445098,"3"
2040,5,26,147,17.064162066,"3"
2040,5,27,148,17.061110262,"3"
2040,5,28,149,16.267641222,"3"
2040,5,29,150,16.163879886,"3"
2040,5,30,151,16.475163894,"3"
2040,5,31,152,16.917675474,"3"
2041,5,1,121,8.006407794,"3"
2041,5,2,122,8.253603918,"3"
2041,5,3,123,8.65949385,"3"
2041,5,4,124,8.540473494,"3"
2041,5,5,125,8.555732514,"3"
2041,5,6,126,8.961622446,"3"
2041,5,7,127,9.535361598,"3"
2041,5,8,128,11.033797362,"3"
2041,5,9,129,12.281985198,"3"
2041,5,10,130,10.496679858,"3"
2041,5,11,131,11.165024934,"3"
2041,5,12,132,12.04699629,"3"
2041,5,13,133,13.319598558,"3"
2041,5,14,134,13.804835394,"3"
2041,5,15,135,13.676659626,"3"
2041,5,16,136,14.003202654,"3"
2041,5,17,137,13.347064794,"3"
2041,5,18,138,13.887234102,"3"
2041,5,19,139,15.217820646,"3"
2041,5,20,140,15.492483006,"3"
2041,5,21,141,15.75493815,"3"
2041,5,22,142,15.635917794,"3"
2041,5,23,143,15.584037126,"3"
2041,5,24,144,15.455861358,"3"
2041,5,25,145,14.311434858,"3"
2041,5,26,146,14.726480202,"3"
2041,5,27,147,15.35820363,"3"
2041,5,28,148,15.147629154,"3"
2041,5,29,149,15.593192538,"3"
2041,5,30,150,15.35820363,"3"
2041,5,31,151,15.73967913,"3"
2042,5,1,121,7.154954478,"3"
2042,5,2,122,7.801936926,"3"
2042,5,3,123,8.131531758,"3"
2042,5,4,124,8.821239462,"3"
2042,5,5,125,8.928052602,"3"
2042,5,6,126,9.205766766,"3"
2042,5,7,127,9.94125153,"3"
2042,5,8,128,9.382771398,"3"
2042,5,9,129,8.99519229,"3"
2042,5,10,130,9.10200543,"3"
2042,5,11,131,10.670632686,"3"
2042,5,12,132,11.692987026,"3"
2042,5,13,133,12.791636466,"3"
2042,5,14,134,13.273821498,"3"
2042,5,15,135,13.34401299,"3"
2042,5,16,136,14.744791026,"3"
2042,5,17,137,16.279848438,"3"
2042,5,18,138,15.471120378,"3"
2042,5,19,139,15.001142562,"3"
2042,5,20,140,14.924847462,"3"
2042,5,21,141,14.497594902,"3"
2042,5,22,142,14.830241538,"3"
2042,5,23,143,14.760050046,"3"
2042,5,24,144,15.336841002,"3"
2042,5,25,145,15.812922426,"3"
2042,5,26,146,14.995038954,"3"
2042,5,27,147,15.803767014,"3"
2042,5,28,148,17.262529326,"3"
2042,5,29,149,17.665367454,"3"
2042,5,30,150,17.467000194,"3"
2042,5,31,151,16.86884661,"3"
2043,5,1,121,8.680856478,"3"
2043,5,2,122,9.260699238,"3"
2043,5,3,123,8.729685342,"3"
2043,5,4,124,9.050124762,"3"
2043,5,5,125,9.263751042,"3"
2043,5,6,126,8.94941523,"3"
2043,5,7,127,9.169145118,"3"
2043,5,8,128,9.404134026,"3"
2043,5,9,129,9.349201554,"3"
2043,5,10,130,10.344089658,"3"
2043,5,11,131,10.588233978,"3"
2043,5,12,132,10.52109429,"3"
2043,5,13,133,11.168076738,"3"
2043,5,14,134,11.49767157,"3"
2043,5,15,135,12.385746534,"3"
2043,5,16,136,12.935071254,"3"
2043,5,17,137,12.867931566,"3"
2043,5,18,138,11.949338562,"3"
2043,5,19,139,12.202638294,"3"
2043,5,20,140,13.655296998,"3"
2043,5,21,141,13.017469962,"3"
2043,5,22,142,13.057143414,"3"
2043,5,23,143,14.113067598,"3"
2043,5,24,144,15.02250519,"3"
2043,5,25,145,15.257494098,"3"
2043,5,26,146,15.059126838,"3"
2043,5,27,147,15.980771646,"3"
2043,5,28,148,16.047911334,"3"
2043,5,29,149,16.569769818,"3"
2043,5,30,150,17.41817133,"3"
2043,5,31,151,18.086516406,"3"
2044,5,1,122,8.723581734,"3"
2044,5,2,123,8.253603918,"3"
2044,5,3,124,7.679864766,"3"
2044,5,4,125,7.853817594,"3"
2044,5,5,126,9.623863914,"3"
2044,5,6,127,11.235216426,"3"
2044,5,7,128,12.751963014,"3"
2044,5,8,129,11.781489342,"3"
2044,5,9,130,10.997175714,"3"
2044,5,10,131,10.50583527,"3"
2044,5,11,132,10.746927786,"3"
2044,5,12,133,11.351184978,"3"
2044,5,13,134,11.046004578,"3"
2044,5,14,135,11.076522618,"3"
2044,5,15,136,10.90256979,"3"
2044,5,16,137,12.13855041,"3"
2044,5,17,138,12.974744706,"3"
2044,5,18,139,13.078506042,"3"
2044,5,19,140,14.247346974,"3"
2044,5,20,141,15.187302606,"3"
2044,5,21,142,14.894329422,"3"
2044,5,22,143,14.326693878,"3"
2044,5,23,144,14.738687418,"3"
2044,5,24,145,15.519949242,"3"
2044,5,25,146,15.925839174,"3"
2044,5,26,147,15.46501677,"3"
2044,5,27,148,15.675591246,"3"
2044,5,28,149,16.020445098,"3"
2044,5,29,150,16.215760554,"3"
2044,5,30,151,16.008237882,"3"
2044,5,31,152,15.883113918,"3"
2045,5,1,121,8.85786111,"3"
2045,5,2,122,9.364460574,"3"
2045,5,3,123,10.514990682,"3"
2045,5,4,124,11.351184978,"3"
2045,5,5,125,12.15380943,"3"
2045,5,6,126,11.915768718,"3"
2045,5,7,127,10.96360587,"3"
2045,5,8,128,11.610588318,"3"
2045,5,9,129,12.730600386,"3"
2045,5,10,130,12.983900118,"3"
2045,5,11,131,12.39795375,"3"
2045,5,12,132,13.521017622,"3"
2045,5,13,133,13.286028714,"3"
2045,5,14,134,12.65735709,"3"
2045,5,15,135,12.755014818,"3"
2045,5,16,136,12.47424885,"3"
2045,5,17,137,12.239259942,"3"
2045,5,18,138,12.248415354,"3"
2045,5,19,139,12.980848314,"3"
2045,5,20,140,13.960477398,"3"
2045,5,21,141,14.918743854,"3"
2045,5,22,142,14.821086126,"3"
2045,5,23,143,15.971616234,"3"
2045,5,24,144,17.00617779,"3"
2045,5,25,145,16.261537614,"3"
2045,5,26,146,15.928890978,"3"
2045,5,27,147,16.310366478,"3"
2045,5,28,148,16.86884661,"3"
2045,5,29,149,17.21980407,"3"
2045,5,30,150,18.123138054,"3"
2045,5,31,151,18.391696806,"3"
2046,5,1,121,9.779505918,"3"
2046,5,2,122,8.50690365,"3"
2046,5,3,123,8.104065522,"3"
2046,5,4,124,9.327838926,"3"
2046,5,5,125,9.443807478,"3"
2046,5,6,126,10.160981418,"3"
2046,5,7,127,10.209810282,"3"
2046,5,8,128,10.051116474,"3"
2046,5,9,129,10.115204358,"3"
2046,5,10,130,10.746927786,"3"
2046,5,11,131,10.789653042,"3"
2046,5,12,132,11.29930431,"3"
2046,5,13,133,11.729608674,"3"
2046,5,14,134,11.552604042,"3"
2046,5,15,135,12.004271034,"3"
2046,5,16,136,12.55054395,"3"
2046,5,17,137,12.449834418,"3"
2046,5,18,138,12.266726178,"3"
2046,5,19,139,14.13748203,"3"
2046,5,20,140,14.802775302,"3"
2046,5,21,141,14.54947557,"3"
2046,5,22,142,13.627830762,"3"
2046,5,23,143,14.460973254,"3"
2046,5,24,144,13.795679982,"3"
2046,5,25,145,14.103912186,"3"
2046,5,26,146,14.799723498,"3"
2046,5,27,147,15.764093562,"3"
2046,5,28,148,15.959409018,"3"
2046,5,29,149,16.231019574,"3"
2046,5,30,150,17.415119526,"3"
2046,5,31,151,18.60837489,"3"
2047,5,1,121,7.808040534,"3"
2047,5,2,122,8.604561378,"3"
2047,5,3,123,9.715418034,"3"
2047,5,4,124,9.858852822,"3"
2047,5,5,125,10.655373666,"3"
2047,5,6,126,10.859844534,"3"
2047,5,7,127,9.904629882,"3"
2047,5,8,128,10.591285782,"3"
2047,5,9,129,11.11619607,"3"
2047,5,10,130,11.445790902,"3"
2047,5,11,131,11.577018474,"3"
2047,5,12,132,12.422368182,"3"
2047,5,13,133,12.776377446,"3"
2047,5,14,134,12.935071254,"3"
2047,5,15,135,13.28297691,"3"
2047,5,16,136,13.606468134,"3"
2047,5,17,137,14.540320158,"3"
2047,5,18,138,14.491491294,"3"
2047,5,19,139,14.546423766,"3"
2047,5,20,140,13.768213746,"3"
2047,5,21,141,14.323642074,"3"
2047,5,22,142,14.833293342,"3"
2047,5,23,143,16.429386834,"3"
2047,5,24,144,15.260545902,"3"
2047,5,25,145,15.117111114,"3"
2047,5,26,146,16.652168526,"3"
2047,5,27,147,17.039747634,"3"
2047,5,28,148,17.338824426,"3"
2047,5,29,149,16.816965942,"3"
2047,5,30,150,17.317461798,"3"
2047,5,31,151,17.244218502,"3"
2048,5,1,122,7.417409622,"3"
2048,5,2,123,8.204775054,"3"
2048,5,3,124,9.150834294,"3"
2048,5,4,125,9.584190462,"3"
2048,5,5,126,9.846645606,"3"
2048,5,6,127,10.334934246,"3"
2048,5,7,128,9.886319058,"3"
2048,5,8,129,10.823222886,"3"
2048,5,9,130,11.732660478,"3"
2048,5,10,131,11.247423642,"3"
2048,5,11,132,11.52818961,"3"
2048,5,12,133,12.120239586,"3"
2048,5,13,134,11.659417182,"3"
2048,5,14,135,10.722513354,"3"
2048,5,15,136,11.219957406,"3"
2048,5,16,137,12.468145242,"3"
2048,5,17,138,13.438618914,"3"
2048,5,18,139,13.331805774,"3"
2048,5,19,140,13.035780786,"3"
2048,5,20,141,13.636986174,"3"
2048,5,21,142,14.460973254,"3"
2048,5,22,143,15.162888174,"3"
2048,5,23,144,16.469060286,"3"
2048,5,24,145,16.398868794,"3"
2048,5,25,146,16.911571866,"3"
2048,5,26,147,16.50263013,"3"
2048,5,27,148,16.215760554,"3"
2048,5,28,149,16.71625641,"3"
2048,5,29,150,16.295107458,"3"
2048,5,30,151,16.646064918,"3"
2048,5,31,152,17.259477522,"3"
2049,5,1,121,8.55268071,"3"
2049,5,2,122,9.474325518,"3"
2049,5,3,123,10.310519814,"3"
2049,5,4,124,11.165024934,"3"
2049,5,5,125,10.82627469,"3"
2049,5,6,126,10.79575665,"3"
2049,5,7,127,12.00121923,"3"
2049,5,8,128,12.446782614,"3"
2049,5,9,129,12.965589294,"3"
2049,5,10,130,12.85572435,"3"
2049,5,11,131,13.46608515,"3"
2049,5,12,132,13.121231298,"3"
2049,5,13,133,12.27588159,"3"
2049,5,14,134,12.480352458,"3"
2049,5,15,135,12.431523594,"3"
2049,5,16,136,12.32165865,"3"
2049,5,17,137,12.834361722,"3"
2049,5,18,138,13.987943634,"3"
2049,5,19,139,14.552527374,"3"
2049,5,20,140,15.294115746,"3"
2049,5,21,141,15.919735566,"3"
2049,5,22,142,16.466008482,"3"
2049,5,23,143,16.057066746,"3"
2049,5,24,144,13.734643902,"3"
2049,5,25,145,13.835353434,"3"
2049,5,26,146,14.872966794,"3"
2049,5,27,147,16.530096366,"3"
2049,5,28,148,17.061110262,"3"
2049,5,29,149,17.076369282,"3"
2049,5,30,150,17.024488614,"3"
2049,5,31,151,17.439533958,"3"
2050,5,1,121,10.417332954,"3"
2050,5,2,122,10.652321862,"3"
2050,5,3,123,11.509878786,"3"
2050,5,4,124,11.747919498,"3"
2050,5,5,125,11.387806626,"3"
2050,5,6,126,11.103988854,"3"
2050,5,7,127,11.839473618,"3"
2050,5,8,128,12.202638294,"3"
2050,5,9,129,11.989012014,"3"
2050,5,10,130,11.28404529,"3"
2050,5,11,131,10.768290414,"3"
2050,5,12,132,11.570914866,"3"
2050,5,13,133,12.843517134,"3"
2050,5,14,134,13.170060162,"3"
2050,5,15,135,14.009306262,"3"
2050,5,16,136,14.09170497,"3"
2050,5,17,137,14.537268354,"3"
2050,5,18,138,13.548483858,"3"
2050,5,19,139,14.10696399,"3"
2050,5,20,140,14.61051165,"3"
2050,5,21,141,15.492483006,"3"
2050,5,22,142,15.873958506,"3"
2050,5,23,143,15.81597423,"3"
2050,5,24,144,16.032652314,"3"
2050,5,25,145,17.958340638,"3"
2050,5,26,146,18.147552486,"3"
2050,5,27,147,17.628745806,"3"
2050,5,28,148,16.917675474,"3"
2050,5,29,149,17.332720818,"3"
2050,5,30,150,17.335772622,"3"
2050,5,31,151,17.485311018,"3"
2051,5,1,121,6.93522459,"3"
2051,5,2,122,7.386891582,"3"
2051,5,3,123,8.204775054,"3"
2051,5,4,124,9.199663158,"3"
2051,5,5,125,10.453954602,"3"
2051,5,6,126,11.183335758,"3"
2051,5,7,127,10.814067474,"3"
2051,5,8,128,10.405125738,"3"
2051,5,9,129,10.82627469,"3"
2051,5,10,130,10.844585514,"3"
2051,5,11,131,11.293200702,"3"
2051,5,12,132,11.720453262,"3"
2051,5,13,133,13.228044438,"3"
2051,5,14,134,13.414204482,"3"
2051,5,15,135,12.846568938,"3"
2051,5,16,136,12.776377446,"3"
2051,5,17,137,13.368427422,"3"
2051,5,18,138,13.212785418,"3"
2051,5,19,139,14.027617086,"3"
2051,5,20,140,15.657280422,"3"
2051,5,21,141,15.925839174,"3"
2051,5,22,142,15.70916109,"3"
2051,5,23,143,15.028608798,"3"
2051,5,24,144,14.921795658,"3"
2051,5,25,145,16.328677302,"3"
2051,5,26,146,16.749826254,"3"
2051,5,27,147,15.806818818,"3"
2051,5,28,148,15.397877082,"3"
2051,5,29,149,16.057066746,"3"
2051,5,30,150,15.904476546,"3"
2051,5,31,151,16.392765186,"3"
2052,5,1,122,9.752039682,"3"
2052,5,2,123,8.894482758,"3"
2052,5,3,124,9.062331978,"3"
2052,5,4,125,9.63607113,"3"
2052,5,5,126,10.606544802,"3"
2052,5,6,127,11.000227518,"3"
2052,5,7,128,10.600441194,"3"
2052,5,8,129,11.473257138,"3"
2052,5,9,130,12.440679006,"3"
2052,5,10,131,12.452886222,"3"
2052,5,11,132,13.392841854,"3"
2052,5,12,133,14.048979714,"3"
2052,5,13,134,14.436558822,"3"
2052,5,14,135,14.186310894,"3"
2052,5,15,136,13.975736418,"3"
2052,5,16,137,13.905544926,"3"
2052,5,17,138,14.583045414,"3"
2052,5,18,139,15.336841002,"3"
2052,5,19,140,15.330737394,"3"
2052,5,20,141,15.05302323,"3"
2052,5,21,142,15.93804639,"3"
2052,5,22,143,16.423283226,"3"
2052,5,23,144,17.03669583,"3"
2052,5,24,145,17.274736542,"3"
2052,5,25,146,17.08247289,"3"
2052,5,26,147,16.438542246,"3"
2052,5,27,148,16.862743002,"3"
2052,5,28,149,17.534139882,"3"
2052,5,29,150,17.442585762,"3"
2052,5,30,151,17.885097342,"3"
2052,5,31,152,18.95933235,"3"
2053,5,1,121,9.962614158,"3"
2053,5,2,122,10.069427298,"3"
2053,5,3,123,10.29220899,"3"
2053,5,4,124,10.777445826,"3"
2053,5,5,125,11.332874154,"3"
2053,5,6,126,11.28404529,"3"
2053,5,7,127,11.290148898,"3"
2053,5,8,128,11.204698386,"3"
2053,5,9,129,10.954450458,"3"
2053,5,10,130,11.22300921,"3"
2053,5,11,131,11.812007382,"3"
2053,5,12,132,13.81704261,"3"
2053,5,13,133,14.57999361,"3"
2053,5,14,134,14.25955419,"3"
2053,5,15,135,14.094756774,"3"
2053,5,16,136,14.146637442,"3"
2053,5,17,137,14.726480202,"3"
2053,5,18,138,14.512853922,"3"
2053,5,19,139,15.086593074,"3"
2053,5,20,140,15.407032494,"3"
2053,5,21,141,15.584037126,"3"
2053,5,22,142,15.700005678,"3"
2053,5,23,143,16.47211209,"3"
2053,5,24,144,16.496526522,"3"
2053,5,25,145,15.901424742,"3"
2053,5,26,146,16.22796777,"3"
2053,5,27,147,15.608451558,"3"
2053,5,28,148,15.001142562,"3"
2053,5,29,149,16.417179618,"3"
2053,5,30,150,17.427326742,"3"
2053,5,31,151,17.335772622,"3"
2054,5,1,121,9.294269082,"3"
2054,5,2,122,11.186387562,"3"
2054,5,3,123,11.662468986,"3"
2054,5,4,124,11.534293218,"3"
2054,5,5,125,11.531241414,"3"
2054,5,6,126,11.903561502,"3"
2054,5,7,127,12.202638294,"3"
2054,5,8,128,11.775385734,"3"
2054,5,9,129,11.84862903,"3"
2054,5,10,130,12.13855041,"3"
2054,5,11,131,11.42137647,"3"
2054,5,12,132,11.503775178,"3"
2054,5,13,133,11.989012014,"3"
2054,5,14,134,12.190431078,"3"
2054,5,15,135,12.16906845,"3"
2054,5,16,136,12.666512502,"3"
2054,5,17,137,13.337909382,"3"
2054,5,18,138,14.897381226,"3"
2054,5,19,139,14.876018598,"3"
2054,5,20,140,14.537268354,"3"
2054,5,21,141,14.927899266,"3"
2054,5,22,142,15.855647682,"3"
2054,5,23,143,16.57892523,"3"
2054,5,24,144,16.340884518,"3"
2054,5,25,145,16.36529895,"3"
2054,5,26,146,16.737619038,"3"
2054,5,27,147,17.759973378,"3"
2054,5,28,148,18.69992901,"3"
2054,5,29,149,18.51682077,"3"
2054,5,30,150,18.721291638,"3"
2054,5,31,151,18.74570607,"3"
2055,5,1,121,11.555655846,"3"
2055,5,2,122,10.88731077,"3"
2055,5,3,123,11.23826823,"3"
2055,5,4,124,11.19249117,"3"
2055,5,5,125,9.913785294,"3"
2055,5,6,126,9.852749214,"3"
2055,5,7,127,10.73472057,"3"
2055,5,8,128,10.878155358,"3"
2055,5,9,129,11.866939854,"3"
2055,5,10,130,11.274889878,"3"
2055,5,11,131,11.961545778,"3"
2055,5,12,132,12.785532858,"3"
2055,5,13,133,13.051039806,"3"
2055,5,14,134,13.011366354,"3"
2055,5,15,135,13.325702166,"3"
2055,5,16,136,13.585105506,"3"
2055,5,17,137,14.042876106,"3"
2055,5,18,138,14.522009334,"3"
2055,5,19,139,14.924847462,"3"
2055,5,20,140,15.132370134,"3"
2055,5,21,141,16.041807726,"3"
2055,5,22,142,16.328677302,"3"
2055,5,23,143,16.398868794,"3"
2055,5,24,144,16.621650486,"3"
2055,5,25,145,16.612495074,"3"
2055,5,26,146,16.514837346,"3"
2055,5,27,147,15.852595878,"3"
2055,5,28,148,16.218812358,"3"
2055,5,29,149,17.323565406,"3"
2055,5,30,150,18.80674215,"3"
2055,5,31,151,17.726403534,"3"
2056,5,1,122,9.477377322,"3"
2056,5,2,123,10.09384173,"3"
2056,5,3,124,10.618752018,"3"
2056,5,4,125,10.783549434,"3"
2056,5,5,126,11.793696558,"3"
2056,5,6,127,11.525137806,"3"
2056,5,7,128,11.10093705,"3"
2056,5,8,129,10.850689122,"3"
2056,5,9,130,11.57396667,"3"
2056,5,10,131,12.26062257,"3"
2056,5,11,132,13.051039806,"3"
2056,5,12,133,13.484395974,"3"
2056,5,13,134,15.248338686,"3"
2056,5,14,135,15.17509539,"3"
2056,5,15,136,14.628822474,"3"
2056,5,16,137,15.32768559,"3"
2056,5,17,138,15.211717038,"3"
2056,5,18,139,14.479284078,"3"
2056,5,19,140,14.421299802,"3"
2056,5,20,141,14.827189734,"3"
2056,5,21,142,15.736627326,"3"
2056,5,22,143,16.163879886,"3"
2056,5,23,144,16.179138906,"3"
2056,5,24,145,15.959409018,"3"
2056,5,25,146,16.82306955,"3"
2056,5,26,147,17.201493246,"3"
2056,5,27,148,17.457844782,"3"
2056,5,28,149,18.391696806,"3"
2056,5,29,150,18.178070526,"3"
2056,5,30,151,18.101775426,"3"
2056,5,31,152,17.302202778,"3"
2057,5,1,121,8.790721422,"3"
2057,5,2,122,9.275958258,"3"
2057,5,3,123,9.761195094,"3"
2057,5,4,124,9.413289438,"3"
2057,5,5,125,9.593345874,"3"
2057,5,6,126,10.710306138,"3"
2057,5,7,127,11.137558698,"3"
2057,5,8,128,10.942243242,"3"
2057,5,9,129,11.052108186,"3"
2057,5,10,130,11.018538342,"3"
2057,5,11,131,11.036849166,"3"
2057,5,12,132,11.69603883,"3"
2057,5,13,133,11.94018315,"3"
2057,5,14,134,12.913708626,"3"
2057,5,15,135,14.522009334,"3"
2057,5,16,136,14.64102969,"3"
2057,5,17,137,13.55763927,"3"
2057,5,18,138,13.234148046,"3"
2057,5,19,139,13.829249826,"3"
2057,5,20,140,14.253450582,"3"
2057,5,21,141,14.637977886,"3"
2057,5,22,142,14.592200826,"3"
2057,5,23,143,15.645073206,"3"
2057,5,24,144,15.703057482,"3"
2057,5,25,145,15.681694854,"3"
2057,5,26,146,16.392765186,"3"
2057,5,27,147,17.213700462,"3"
2057,5,28,148,17.381549682,"3"
2057,5,29,149,18.019376718,"3"
2057,5,30,150,18.86777823,"3"
2057,5,31,151,18.80674215,"3"
2058,5,1,121,8.99519229,"3"
2058,5,2,122,8.372624274,"3"
2058,5,3,123,8.119324542,"3"
2058,5,4,124,8.128479954,"3"
2058,5,5,125,8.311588194,"3"
2058,5,6,126,9.089798214,"3"
2058,5,7,127,10.923932418,"3"
2058,5,8,128,12.156861234,"3"
2058,5,9,129,13.09986867,"3"
2058,5,10,130,13.45082613,"3"
2058,5,11,131,13.331805774,"3"
2058,5,12,132,13.768213746,"3"
2058,5,13,133,13.087661454,"3"
2058,5,14,134,12.986951922,"3"
2058,5,15,135,13.173111966,"3"
2058,5,16,136,12.925915842,"3"
2058,5,17,137,12.629890854,"3"
2058,5,18,138,14.079497754,"3"
2058,5,19,139,16.063170354,"3"
2058,5,20,140,15.797663406,"3"
2058,5,21,141,15.446705946,"3"
2058,5,22,142,15.34294461,"3"
2058,5,23,143,15.623710578,"3"
2058,5,24,144,15.568778106,"3"
2058,5,25,145,16.279848438,"3"
2058,5,26,146,16.646064918,"3"
2058,5,27,147,17.763025182,"3"
2058,5,28,148,17.909511774,"3"
2058,5,29,149,17.491414626,"3"
2058,5,30,150,16.813914138,"3"
2058,5,31,151,16.871898414,"3"
2059,5,1,121,9.581138658,"3"
2059,5,2,122,10.432591974,"3"
2059,5,3,123,10.539405114,"3"
2059,5,4,124,10.737772374,"3"
2059,5,5,125,11.235216426,"3"
2059,5,6,126,11.857784442,"3"
2059,5,7,127,12.034789074,"3"
2059,5,8,128,11.97070119,"3"
2059,5,9,129,12.208741902,"3"
2059,5,10,130,13.185319182,"3"
2059,5,11,131,13.600364526,"3"
2059,5,12,132,12.938123058,"3"
2059,5,13,133,12.651253482,"3"
2059,5,14,134,13.289080518,"3"
2059,5,15,135,13.289080518,"3"
2059,5,16,136,13.688866842,"3"
2059,5,17,137,13.411152678,"3"
2059,5,18,138,14.802775302,"3"
2059,5,19,139,15.60234795,"3"
2059,5,20,140,15.257494098,"3"
2059,5,21,141,15.355151826,"3"
2059,5,22,142,15.31242657,"3"
2059,5,23,143,15.773248974,"3"
2059,5,24,144,17.238114894,"3"
2059,5,25,145,17.323565406,"3"
2059,5,26,146,17.610434982,"3"
2059,5,27,147,18.62363391,"3"
2059,5,28,148,19.92065061,"3"
2059,5,29,149,20.949108558,"3"
2059,5,30,150,21.327532254,"3"
2059,5,31,151,19.27977177,"3"
2060,5,1,122,9.40718583,"3"
2060,5,2,123,9.462118302,"3"
2060,5,3,124,10.377659502,"3"
2060,5,4,125,9.81917937,"3"
2060,5,5,126,10.075530906,"3"
2060,5,6,127,9.694055406,"3"
2060,5,7,128,10.218965694,"3"
2060,5,8,129,10.743875982,"3"
2060,5,9,130,10.823222886,"3"
2060,5,10,131,11.277941682,"3"
2060,5,11,132,11.433583686,"3"
2060,5,12,133,12.034789074,"3"
2060,5,13,134,12.425419986,"3"
2060,5,14,135,13.026625374,"3"
2060,5,15,136,13.469136954,"3"
2060,5,16,137,12.324710454,"3"
2060,5,17,138,13.286028714,"3"
2060,5,18,139,14.634926082,"3"
2060,5,19,140,15.010297974,"3"
2060,5,20,141,14.265657798,"3"
2060,5,21,142,14.250398778,"3"
2060,5,22,143,15.309374766,"3"
2060,5,23,144,15.477223986,"3"
2060,5,24,145,15.300219354,"3"
2060,5,25,146,15.028608798,"3"
2060,5,26,147,15.92278737,"3"
2060,5,27,148,17.094680106,"3"
2060,5,28,149,17.439533958,"3"
2060,5,29,150,18.602271282,"3"
2060,5,30,151,18.306246294,"3"
2060,5,31,152,16.887157434,"3"
2061,5,1,121,10.280001774,"3"
2061,5,2,122,10.588233978,"3"
2061,5,3,123,11.586173886,"3"
2061,5,4,124,11.671624398,"3"
2061,5,5,125,11.296252506,"3"
2061,5,6,126,10.768290414,"3"
2061,5,7,127,10.533301506,"3"
2061,5,8,128,10.484472642,"3"
2061,5,9,129,10.301364402,"3"
2061,5,10,130,11.088729834,"3"
2061,5,11,131,12.486456066,"3"
2061,5,12,132,12.254518962,"3"
2061,5,13,133,12.227052726,"3"
2061,5,14,134,12.639046266,"3"
2061,5,15,135,13.438618914,"3"
2061,5,16,136,13.83230163,"3"
2061,5,17,137,14.125274814,"3"
2061,5,18,138,14.940106482,"3"
2061,5,19,139,16.447697658,"3"
2061,5,20,140,16.636909506,"3"
2061,5,21,141,16.285952046,"3"
2061,5,22,142,16.51788915,"3"
2061,5,23,143,16.081481178,"3"
2061,5,24,144,16.25848581,"3"
2061,5,25,145,17.317461798,"3"
2061,5,26,146,17.918667186,"3"
2061,5,27,147,18.657203754,"3"
2061,5,28,148,17.817957654,"3"
2061,5,29,149,17.12824995,"3"
2061,5,30,150,17.821009458,"3"
2061,5,31,151,17.924770794,"3"
2062,5,1,121,8.574043338,"3"
2062,5,2,122,9.648278346,"3"
2062,5,3,123,10.96360587,"3"
2062,5,4,124,10.70420253,"3"
2062,5,5,125,11.244371838,"3"
2062,5,6,126,11.491567962,"3"
2062,5,7,127,12.376591122,"3"
2062,5,8,128,12.29114061,"3"
2062,5,9,129,11.897457894,"3"
2062,5,10,130,12.089721546,"3"
2062,5,11,131,12.10803237,"3"
2062,5,12,132,12.761118426,"3"
2062,5,13,133,13.408100874,"3"
2062,5,14,134,13.414204482,"3"
2062,5,15,135,14.76310185,"3"
2062,5,16,136,14.937054678,"3"
2062,5,17,137,15.178147194,"3"
2062,5,18,138,14.872966794,"3"
2062,5,19,139,14.955365502,"3"
2062,5,20,140,15.248338686,"3"
2062,5,21,141,15.745782738,"3"
2062,5,22,142,16.414127814,"3"
2062,5,23,143,17.994962286,"3"
2062,5,24,144,17.454792978,"3"
2062,5,25,145,16.353091734,"3"
2062,5,26,146,16.475163894,"3"
2062,5,27,147,16.984815162,"3"
2062,5,28,148,16.79255151,"3"
2062,5,29,149,17.518880862,"3"
2062,5,30,150,18.370334178,"3"
2062,5,31,151,18.361178766,"3"
2063,5,1,121,11.290148898,"3"
2063,5,2,122,9.999235806,"3"
2063,5,3,123,10.228121106,"3"
2063,5,4,124,10.402073934,"3"
2063,5,5,125,10.954450458,"3"
2063,5,6,126,11.51293059,"3"
2063,5,7,127,11.77233393,"3"
2063,5,8,128,12.578010186,"3"
2063,5,9,129,12.303347826,"3"
2063,5,10,130,12.758066622,"3"
2063,5,11,131,13.551535662,"3"
2063,5,12,132,14.03066889,"3"
2063,5,13,133,14.341952898,"3"
2063,5,14,134,14.619667062,"3"
2063,5,15,135,14.769205458,"3"
2063,5,16,136,15.040816014,"3"
2063,5,17,137,15.852595878,"3"
2063,5,18,138,16.343936322,"3"
2063,5,19,139,16.527044562,"3"
2063,5,20,140,15.996030666,"3"
2063,5,21,141,16.67047935,"3"
2063,5,22,142,17.38765329,"3"
2063,5,23,143,17.225907678,"3"
2063,5,24,144,17.323565406,"3"
2063,5,25,145,17.192337834,"3"
2063,5,26,146,16.92988269,"3"
2063,5,27,147,18.055998366,"3"
2063,5,28,148,18.995953998,"3"
2063,5,29,149,18.797586738,"3"
2063,5,30,150,17.912563578,"3"
2063,5,31,151,18.187225938,"3"
2064,5,1,122,9.584190462,"3"
2064,5,2,123,9.343097946,"3"
2064,5,3,124,9.983976786,"3"
2064,5,4,125,9.91073349,"3"
2064,5,5,126,10.695047118,"3"
2064,5,6,127,11.183335758,"3"
2064,5,7,128,10.768290414,"3"
2064,5,8,129,11.775385734,"3"
2064,5,9,130,12.617683638,"3"
2064,5,10,131,13.090713258,"3"
2064,5,11,132,13.157852946,"3"
2064,5,12,133,13.301287734,"3"
2064,5,13,134,14.027617086,"3"
2064,5,14,135,14.699013966,"3"
2064,5,15,136,14.494543098,"3"
2064,5,16,137,14.470128666,"3"
2064,5,17,138,15.046919622,"3"
2064,5,18,139,15.736627326,"3"
2064,5,19,140,15.519949242,"3"
2064,5,20,141,16.063170354,"3"
2064,5,21,142,17.18928603,"3"
2064,5,22,143,17.308306386,"3"
2064,5,23,144,17.28084015,"3"
2064,5,24,145,17.467000194,"3"
2064,5,25,146,17.012281398,"3"
2064,5,26,147,17.622642198,"3"
2064,5,27,148,16.997022378,"3"
2064,5,28,149,16.859691198,"3"
2064,5,29,150,17.360187054,"3"
2064,5,30,151,17.970547854,"3"
2064,5,31,152,18.34897155,"3"
2065,5,1,121,11.857784442,"3"
2065,5,2,122,12.144654018,"3"
2065,5,3,123,12.114135978,"3"
2065,5,4,124,11.354236782,"3"
2065,5,5,125,10.249483734,"3"
2065,5,6,126,10.00228761,"3"
2065,5,7,127,11.409169254,"3"
2065,5,8,128,12.654305286,"3"
2065,5,9,129,11.946286758,"3"
2065,5,10,130,11.644158162,"3"
2065,5,11,131,11.464101726,"3"
2065,5,12,132,12.178223862,"3"
2065,5,13,133,13.081557846,"3"
2065,5,14,134,14.50369851,"3"
2065,5,15,135,14.680703142,"3"
2065,5,16,136,14.644081494,"3"
2065,5,17,137,14.665444122,"3"
2065,5,18,138,15.782404386,"3"
2065,5,19,139,16.783396098,"3"
2065,5,20,140,17.164871598,"3"
2065,5,21,141,16.926830886,"3"
2065,5,22,142,16.804758726,"3"
2065,5,23,143,17.393756898,"3"
2065,5,24,144,17.558554314,"3"
2065,5,25,145,17.061110262,"3"
2065,5,26,146,17.766076986,"3"
2065,5,27,147,18.159759702,"3"
2065,5,28,148,18.095671818,"3"
2065,5,29,149,17.109939126,"3"
2065,5,30,150,17.222855874,"3"
2065,5,31,151,17.772180594,"3"
2066,5,1,121,11.485464354,"3"
2066,5,2,122,10.356296874,"3"
2066,5,3,123,9.825282978,"3"
2066,5,4,124,10.380711306,"3"
2066,5,5,125,11.677728006,"3"
2066,5,6,126,12.996107334,"3"
2066,5,7,127,12.56580297,"3"
2066,5,8,128,11.55870765,"3"
2066,5,9,129,12.61158003,"3"
2066,5,10,130,13.151749338,"3"
2066,5,11,131,13.469136954,"3"
2066,5,12,132,13.87807869,"3"
2066,5,13,133,14.409092586,"3"
2066,5,14,134,13.90859673,"3"
2066,5,15,135,14.47318047,"3"
2066,5,16,136,14.99198715,"3"
2066,5,17,137,14.515905726,"3"
2066,5,18,138,14.512853922,"3"
2066,5,19,139,15.284960334,"3"
2066,5,20,140,16.499578326,"3"
2066,5,21,141,17.122146342,"3"
2066,5,22,142,16.658272134,"3"
2066,5,23,143,16.60944327,"3"
2066,5,24,144,18.01327311,"3"
2066,5,25,145,18.36423057,"3"
2066,5,26,146,18.132293466,"3"
2066,5,27,147,17.228959482,"3"
2066,5,28,148,17.854579302,"3"
2066,5,29,149,17.805750438,"3"
2066,5,30,150,18.41000763,"3"
2066,5,31,151,18.89829627,"3"
2067,5,1,121,9.706262622,"3"
2067,5,2,122,10.026702042,"3"
2067,5,3,123,10.646218254,"3"
2067,5,4,124,11.122299678,"3"
2067,5,5,125,12.083617938,"3"
2067,5,6,126,12.79468827,"3"
2067,5,7,127,12.71839317,"3"
2067,5,8,128,13.234148046,"3"
2067,5,9,129,13.173111966,"3"
2067,5,10,130,13.08460965,"3"
2067,5,11,131,13.301287734,"3"
2067,5,12,132,13.90859673,"3"
2067,5,13,133,15.217820646,"3"
2067,5,14,134,15.593192538,"3"
2067,5,15,135,16.038755922,"3"
2067,5,16,136,14.888225814,"3"
2067,5,17,137,13.55763927,"3"
2067,5,18,138,14.363315526,"3"
2067,5,19,139,14.494543098,"3"
2067,5,20,140,14.73258381,"3"
2067,5,21,141,14.36636733,"3"
2067,5,22,142,14.863811382,"3"
2067,5,23,143,13.826198022,"3"
2067,5,24,144,13.621727154,"3"
2067,5,25,145,14.41214439,"3"
2067,5,26,146,16.041807726,"3"
2067,5,27,147,16.490422914,"3"
2067,5,28,148,16.279848438,"3"
2067,5,29,149,16.926830886,"3"
2067,5,30,150,17.81490585,"3"
2067,5,31,151,17.72335173,"3"
2068,5,1,122,9.748987878,"3"
2068,5,2,123,9.877163646,"3"
2068,5,3,124,10.798808454,"3"
2068,5,4,125,11.564811258,"3"
2068,5,5,126,12.104980566,"3"
2068,5,6,127,13.777369158,"3"
2068,5,7,128,13.655296998,"3"
2068,5,8,129,13.759058334,"3"
2068,5,9,130,14.296175838,"3"
2068,5,10,131,13.667504214,"3"
2068,5,11,132,13.066298826,"3"
2068,5,12,133,13.319598558,"3"
2068,5,13,134,13.182267378,"3"
2068,5,14,135,13.05409161,"3"
2068,5,15,136,12.861827958,"3"
2068,5,16,137,13.905544926,"3"
2068,5,17,138,15.32768559,"3"
2068,5,18,139,15.66338403,"3"
2068,5,19,140,16.160828082,"3"
2068,5,20,141,15.855647682,"3"
2068,5,21,142,15.651176814,"3"
2068,5,22,143,15.489431202,"3"
2068,5,23,144,15.962460822,"3"
2068,5,24,145,16.725411822,"3"
2068,5,25,146,17.125198146,"3"
2068,5,26,147,17.363238858,"3"
2068,5,27,148,16.749826254,"3"
2068,5,28,149,16.850535786,"3"
2068,5,29,150,17.598227766,"3"
2068,5,30,151,19.346911458,"3"
2068,5,31,152,18.513768966,"3"
2069,5,1,121,10.218965694,"3"
2069,5,2,122,10.42954017,"3"
2069,5,3,123,10.905621594,"3"
2069,5,4,124,11.607536514,"3"
2069,5,5,125,11.71129785,"3"
2069,5,6,126,12.224000922,"3"
2069,5,7,127,12.935071254,"3"
2069,5,8,128,13.514914014,"3"
2069,5,9,129,12.898449606,"3"
2069,5,10,130,13.22194083,"3"
2069,5,11,131,13.231096242,"3"
2069,5,12,132,14.311434858,"3"
2069,5,13,133,15.486379398,"3"
2069,5,14,134,16.209656946,"3"
2069,5,15,135,15.761041758,"3"
2069,5,16,136,14.802775302,"3"
2069,5,17,137,14.79361989,"3"
2069,5,18,138,15.03776421,"3"
2069,5,19,139,15.14457735,"3"
2069,5,20,140,16.417179618,"3"
2069,5,21,141,16.74677445,"3"
2069,5,22,142,17.289995562,"3"
2069,5,23,143,17.149612578,"3"
2069,5,24,144,17.369342466,"3"
2069,5,25,145,17.375446074,"3"
2069,5,26,146,17.43343035,"3"
2069,5,27,147,18.110930838,"3"
2069,5,28,148,18.397800414,"3"
2069,5,29,149,18.83726019,"3"
2069,5,30,150,19.14244059,"3"
2069,5,31,151,19.114974354,"3"
2070,5,1,121,9.126419862,"3"
2070,5,2,122,9.324787122,"3"
2070,5,3,123,10.630959234,"3"
2070,5,4,124,11.174180346,"3"
2070,5,5,125,11.55870765,"3"
2070,5,6,126,11.152817718,"3"
2070,5,7,127,11.134506894,"3"
2070,5,8,128,12.156861234,"3"
2070,5,9,129,13.310443146,"3"
2070,5,10,130,13.551535662,"3"
2070,5,11,131,13.899441318,"3"
2070,5,12,132,14.378574546,"3"
2070,5,13,133,13.777369158,"3"
2070,5,14,134,14.24429517,"3"
2070,5,15,135,14.528112942,"3"
2070,5,16,136,15.391773474,"3"
2070,5,17,137,15.590140734,"3"
2070,5,18,138,15.257494098,"3"
2070,5,19,139,14.448766038,"3"
2070,5,20,140,16.18219071,"3"
2070,5,21,141,16.691841978,"3"
2070,5,22,142,15.843440466,"3"
2070,5,23,143,15.532156458,"3"
2070,5,24,144,15.352100022,"3"
2070,5,25,145,16.44159405,"3"
2070,5,26,146,17.735558946,"3"
2070,5,27,147,18.62363391,"3"
2070,5,28,148,19.85961453,"3"
2070,5,29,149,20.37842121,"3"
2070,5,30,150,20.680549806,"3"
2070,5,31,151,19.801630254,"3"
2071,5,1,121,9.657433758,"3"
2071,5,2,122,10.130463378,"3"
2071,5,3,123,11.171128542,"3"
2071,5,4,124,12.96253749,"3"
2071,5,5,125,14.384678154,"3"
2071,5,6,126,14.363315526,"3"
2071,5,7,127,14.70206577,"3"
2071,5,8,128,14.479284078,"3"
2071,5,9,129,15.080489466,"3"
2071,5,10,130,14.894329422,"3"
2071,5,11,131,14.80887891,"3"
2071,5,12,132,13.868923278,"3"
2071,5,13,133,14.71732479,"3"
2071,5,14,134,15.864803094,"3"
2071,5,15,135,16.099792002,"3"
2071,5,16,136,16.447697658,"3"
2071,5,17,137,16.490422914,"3"
2071,5,18,138,15.54131187,"3"
2071,5,19,139,16.35003993,"3"
2071,5,20,140,16.74677445,"3"
2071,5,21,141,16.896312846,"3"
2071,5,22,142,16.38055797,"3"
2071,5,23,143,16.084532982,"3"
2071,5,24,144,16.389713382,"3"
2071,5,25,145,17.25032211,"3"
2071,5,26,146,16.566718014,"3"
2071,5,27,147,16.713204606,"3"
2071,5,28,148,16.621650486,"3"
2071,5,29,149,17.55550251,"3"
2071,5,30,150,18.403904022,"3"
2071,5,31,151,19.682609898,"3"
2072,5,1,122,10.91782881,"3"
2072,5,2,123,11.552604042,"3"
2072,5,3,124,12.486456066,"3"
2072,5,4,125,12.166016646,"3"
2072,5,5,126,11.921872326,"3"
2072,5,6,127,12.083617938,"3"
2072,5,7,128,11.522086002,"3"
2072,5,8,129,12.028685466,"3"
2072,5,9,130,13.243303458,"3"
2072,5,10,131,13.215837222,"3"
2072,5,11,132,11.723505066,"3"
2072,5,12,133,12.236208138,"3"
2072,5,13,134,13.353168402,"3"
2072,5,14,135,13.591209114,"3"
2072,5,15,136,13.478292366,"3"
2072,5,16,137,14.631874278,"3"
2072,5,17,138,15.675591246,"3"
2072,5,18,139,15.764093562,"3"
2072,5,19,140,15.333789198,"3"
2072,5,20,141,15.275804922,"3"
2072,5,21,142,15.989927058,"3"
2072,5,22,143,16.51788915,"3"
2072,5,23,144,16.06011855,"3"
2072,5,24,145,15.242235078,"3"
2072,5,25,146,15.730523718,"3"
2072,5,26,147,16.832224962,"3"
2072,5,27,148,16.939038102,"3"
2072,5,28,149,17.76912879,"3"
2072,5,29,150,19.41710295,"3"
2072,5,30,151,19.46288001,"3"
2072,5,31,152,19.765008606,"3"
2073,5,1,121,11.714349654,"3"
2073,5,2,122,12.361332102,"3"
2073,5,3,123,13.444722522,"3"
2073,5,4,124,13.356220206,"3"
2073,5,5,125,13.997099046,"3"
2073,5,6,126,14.613563454,"3"
2073,5,7,127,13.762110138,"3"
2073,5,8,128,13.386738246,"3"
2073,5,9,129,14.207673522,"3"
2073,5,10,130,14.949261894,"3"
2073,5,11,131,14.219880738,"3"
2073,5,12,132,14.058135126,"3"
2073,5,13,133,15.28190853,"3"
2073,5,14,134,16.011289686,"3"
2073,5,15,135,16.804758726,"3"
2073,5,16,136,16.68573837,"3"
2073,5,17,137,16.551458994,"3"
2073,5,18,138,17.268632934,"3"
2073,5,19,139,17.717248122,"3"
2073,5,20,140,17.274736542,"3"
2073,5,21,141,16.316470086,"3"
2073,5,22,142,15.040816014,"3"
2073,5,23,143,16.118102826,"3"
2073,5,24,144,17.735558946,"3"
2073,5,25,145,18.193329546,"3"
2073,5,26,146,18.605323086,"3"
2073,5,27,147,19.673454486,"3"
2073,5,28,148,19.658195466,"3"
2073,5,29,149,18.971539566,"3"
2073,5,30,150,19.237046514,"3"
2073,5,31,151,19.899287982,"3"
2074,5,1,121,12.022581858,"3"
2074,5,2,122,11.74181589,"3"
2074,5,3,123,11.29930431,"3"
2074,5,4,124,10.65842547,"3"
2074,5,5,125,11.012434734,"3"
2074,5,6,126,11.494619766,"3"
2074,5,7,127,12.220949118,"3"
2074,5,8,128,13.273821498,"3"
2074,5,9,129,13.368427422,"3"
2074,5,10,130,12.419316378,"3"
2074,5,11,131,12.495611478,"3"
2074,5,12,132,12.629890854,"3"
2074,5,13,133,13.560691074,"3"
2074,5,14,134,15.03776421,"3"
2074,5,15,135,15.730523718,"3"
2074,5,16,136,16.221864162,"3"
2074,5,17,137,16.420231422,"3"
2074,5,18,138,17.598227766,"3"
2074,5,19,139,18.599219478,"3"
2074,5,20,140,18.97459137,"3"
2074,5,21,141,18.400852218,"3"
2074,5,22,142,18.583960458,"3"
2074,5,23,143,18.24215841,"3"
2074,5,24,144,17.58602055,"3"
2074,5,25,145,18.47104371,"3"
2074,5,26,146,18.483250926,"3"
2074,5,27,147,18.309298098,"3"
2074,5,28,148,18.904399878,"3"
2074,5,29,149,18.785379522,"3"
2074,5,30,150,18.48630273,"3"
2074,5,31,151,17.64705663,"3"
2075,5,1,121,14.38162635,"3"
2075,5,2,122,13.414204482,"3"
2075,5,3,123,12.47424885,"3"
2075,5,4,124,12.355228494,"3"
2075,5,5,125,12.288088806,"3"
2075,5,6,126,11.989012014,"3"
2075,5,7,127,13.047988002,"3"
2075,5,8,128,14.341952898,"3"
2075,5,9,129,13.719384882,"3"
2075,5,10,130,13.264666086,"3"
2075,5,11,131,13.734643902,"3"
2075,5,12,132,13.865871474,"3"
2075,5,13,133,13.258562478,"3"
2075,5,14,134,13.627830762,"3"
2075,5,15,135,14.631874278,"3"
2075,5,16,136,14.598304434,"3"
2075,5,17,137,14.561682786,"3"
2075,5,18,138,14.79361989,"3"
2075,5,19,139,15.379566258,"3"
2075,5,20,140,15.17509539,"3"
2075,5,21,141,15.00724617,"3"
2075,5,22,142,15.333789198,"3"
2075,5,23,143,15.782404386,"3"
2075,5,24,144,16.01434149,"3"
2075,5,25,145,16.267641222,"3"
2075,5,26,146,16.392765186,"3"
2075,5,27,147,16.60944327,"3"
2075,5,28,148,17.64705663,"3"
2075,5,29,149,18.950176938,"3"
2075,5,30,150,18.88303725,"3"
2075,5,31,151,18.724343442,"3"
2076,5,1,122,10.807963866,"3"
2076,5,2,123,11.036849166,"3"
2076,5,3,124,12.315555042,"3"
2076,5,4,125,12.431523594,"3"
2076,5,5,126,11.805903774,"3"
2076,5,6,127,12.568854774,"3"
2076,5,7,128,13.200578202,"3"
2076,5,8,129,13.98489183,"3"
2076,5,9,130,13.899441318,"3"
2076,5,10,131,15.001142562,"3"
2076,5,11,132,15.80071521,"3"
2076,5,12,133,16.30426287,"3"
2076,5,13,134,16.252382202,"3"
2076,5,14,135,15.794611602,"3"
2076,5,15,136,16.261537614,"3"
2076,5,16,137,16.804758726,"3"
2076,5,17,138,17.064162066,"3"
2076,5,18,139,16.804758726,"3"
2076,5,19,140,17.430378546,"3"
2076,5,20,141,17.772180594,"3"
2076,5,21,142,18.269624646,"3"
2076,5,22,143,18.202484958,"3"
2076,5,23,144,18.019376718,"3"
2076,5,24,145,18.327608922,"3"
2076,5,25,146,17.668419258,"3"
2076,5,26,147,17.409015918,"3"
2076,5,27,148,17.894252754,"3"
2076,5,28,149,18.751809678,"3"
2076,5,29,150,19.533071502,"3"
2076,5,30,151,19.612418406,"3"
2076,5,31,152,19.026472038,"3"
2077,5,1,121,11.48241255,"3"
2077,5,2,122,12.391850142,"3"
2077,5,3,123,11.967649386,"3"
2077,5,4,124,12.248415354,"3"
2077,5,5,125,12.019530054,"3"
2077,5,6,126,12.333865866,"3"
2077,5,7,127,13.517965818,"3"
2077,5,8,128,14.048979714,"3"
2077,5,9,129,15.437550534,"3"
2077,5,10,130,15.535208262,"3"
2077,5,11,131,16.081481178,"3"
2077,5,12,132,17.579916942,"3"
2077,5,13,133,16.566718014,"3"
2077,5,14,134,15.962460822,"3"
2077,5,15,135,16.066222158,"3"
2077,5,16,136,16.652168526,"3"
2077,5,17,137,16.359195342,"3"
2077,5,18,138,15.873958506,"3"
2077,5,19,139,17.512777254,"3"
2077,5,20,140,17.943081618,"3"
2077,5,21,141,17.454792978,"3"
2077,5,22,142,17.247270306,"3"
2077,5,23,143,17.567709726,"3"
2077,5,24,144,17.763025182,"3"
2077,5,25,145,18.663307362,"3"
2077,5,26,146,18.785379522,"3"
2077,5,27,147,18.941021526,"3"
2077,5,28,148,17.99801409,"3"
2077,5,29,149,18.767068698,"3"
2077,5,30,150,19.597159386,"3"
2077,5,31,151,18.764016894,"3"
2078,5,1,121,10.753031394,"3"
2078,5,2,122,11.912716914,"3"
2078,5,3,123,12.095825154,"3"
2078,5,4,124,12.651253482,"3"
2078,5,5,125,11.77233393,"3"
2078,5,6,126,10.899517986,"3"
2078,5,7,127,12.074462526,"3"
2078,5,8,128,12.675667914,"3"
2078,5,9,129,12.510870498,"3"
2078,5,10,130,12.144654018,"3"
2078,5,11,131,12.553595754,"3"
2078,5,12,132,12.13855041,"3"
2078,5,13,133,12.77942925,"3"
2078,5,14,134,14.357211918,"3"
2078,5,15,135,15.840388662,"3"
2078,5,16,136,16.682686566,"3"
2078,5,17,137,16.536199974,"3"
2078,5,18,138,16.542303582,"3"
2078,5,19,139,16.28900385,"3"
2078,5,20,140,15.834285054,"3"
2078,5,21,141,15.208665234,"3"
2078,5,22,142,16.18219071,"3"
2078,5,23,143,17.167923402,"3"
2078,5,24,144,17.41817133,"3"
2078,5,25,145,16.713204606,"3"
2078,5,26,146,16.658272134,"3"
2078,5,27,147,17.091628302,"3"
2078,5,28,148,17.750817966,"3"
2078,5,29,149,18.849467406,"3"
2078,5,30,150,18.812845758,"3"
2078,5,31,151,18.739602462,"3"
2079,5,1,121,10.249483734,"3"
2079,5,2,122,10.884258966,"3"
2079,5,3,123,11.036849166,"3"
2079,5,4,124,11.94018315,"3"
2079,5,5,125,12.971692902,"3"
2079,5,6,126,14.140533834,"3"
2079,5,7,127,14.177155482,"3"
2079,5,8,128,14.54947557,"3"
2079,5,9,129,14.317538466,"3"
2079,5,10,130,14.357211918,"3"
2079,5,11,131,14.934002874,"3"
2079,5,12,132,15.336841002,"3"
2079,5,13,133,15.126266526,"3"
2079,5,14,134,15.44975775,"3"
2079,5,15,135,16.249330398,"3"
2079,5,16,136,16.615546878,"3"
2079,5,17,137,16.74677445,"3"
2079,5,18,138,17.534139882,"3"
2079,5,19,139,18.193329546,"3"
2079,5,20,140,18.22689939,"3"
2079,5,21,141,17.384601486,"3"
2079,5,22,142,16.65522033,"3"
2079,5,23,143,16.551458994,"3"
2079,5,24,144,17.46394839,"3"
2079,5,25,145,17.93697801,"3"
2079,5,26,146,18.922710702,"3"
2079,5,27,147,18.962384154,"3"
2079,5,28,148,18.382541394,"3"
2079,5,29,149,18.678566382,"3"
2079,5,30,150,18.464940102,"3"
2079,5,31,151,18.083464602,"3"
2080,5,1,122,11.22300921,"3"
2080,5,2,123,11.827266402,"3"
2080,5,3,124,11.705194242,"3"
2080,5,4,125,12.059203506,"3"
2080,5,5,126,12.742807602,"3"
2080,5,6,127,12.297244218,"3"
2080,5,7,128,12.19958649,"3"
2080,5,8,129,12.849620742,"3"
2080,5,9,130,13.167008358,"3"
2080,5,10,131,14.00015085,"3"
2080,5,11,132,15.349048218,"3"
2080,5,12,133,16.139465454,"3"
2080,5,13,134,16.429386834,"3"
2080,5,14,135,16.24322679,"3"
2080,5,15,136,15.635917794,"3"
2080,5,16,137,15.202561626,"3"
2080,5,17,138,15.78545619,"3"
2080,5,18,139,16.07537757,"3"
2080,5,19,140,16.36529895,"3"
2080,5,20,141,16.050963138,"3"
2080,5,21,142,14.891277618,"3"
2080,5,22,143,14.59525263,"3"
2080,5,23,144,14.735635614,"3"
2080,5,24,145,15.016401582,"3"
2080,5,25,146,16.835276766,"3"
2080,5,26,147,18.220795782,"3"
2080,5,27,148,18.858622818,"3"
2080,5,28,149,18.870830034,"3"
2080,5,29,150,18.495458142,"3"
2080,5,30,151,19.044782862,"3"
2080,5,31,152,19.206528474,"3"
2081,5,1,121,11.653313574,"3"
2081,5,2,122,12.370487514,"3"
2081,5,3,123,13.051039806,"3"
2081,5,4,124,13.218889026,"3"
2081,5,5,125,13.765161942,"3"
2081,5,6,126,14.097808578,"3"
2081,5,7,127,13.48134417,"3"
2081,5,8,128,14.116119402,"3"
2081,5,9,129,14.833293342,"3"
2081,5,10,130,15.428395122,"3"
2081,5,11,131,15.19035441,"3"
2081,5,12,132,15.367359042,"3"
2081,5,13,133,15.654228618,"3"
2081,5,14,134,16.133361846,"3"
2081,5,15,135,16.47211209,"3"
2081,5,16,136,17.308306386,"3"
2081,5,17,137,17.338824426,"3"
2081,5,18,138,17.37239427,"3"
2081,5,19,139,17.167923402,"3"
2081,5,20,140,18.01327311,"3"
2081,5,21,141,17.305254582,"3"
2081,5,22,142,17.961392442,"3"
2081,5,23,143,17.653160238,"3"
2081,5,24,144,18.05905017,"3"
2081,5,25,145,19.02036843,"3"
2081,5,26,146,19.765008606,"3"
2081,5,27,147,20.11901787,"3"
2081,5,28,148,19.154647806,"3"
2081,5,29,149,18.309298098,"3"
2081,5,30,150,19.887080766,"3"
2081,5,31,151,21.428241786,"3"
2082,5,1,121,11.107040658,"3"
2082,5,2,122,10.50583527,"3"
2082,5,3,123,11.091781638,"3"
2082,5,4,124,12.239259942,"3"
2082,5,5,125,12.904553214,"3"
2082,5,6,126,13.408100874,"3"
2082,5,7,127,13.020521766,"3"
2082,5,8,128,13.490499582,"3"
2082,5,9,129,13.579001898,"3"
2082,5,10,130,14.357211918,"3"
2082,5,11,131,14.540320158,"3"
2082,5,12,132,15.132370134,"3"
2082,5,13,133,15.120162918,"3"
2082,5,14,134,15.580985322,"3"
2082,5,15,135,15.794611602,"3"
2082,5,16,136,16.450749462,"3"
2082,5,17,137,16.081481178,"3"
2082,5,18,138,16.203553338,"3"
2082,5,19,139,16.94514171,"3"
2082,5,20,140,17.06721387,"3"
2082,5,21,141,17.96749605,"3"
2082,5,22,142,16.911571866,"3"
2082,5,23,143,17.329669014,"3"
2082,5,24,144,18.095671818,"3"
2082,5,25,145,18.831156582,"3"
2082,5,26,146,19.044782862,"3"
2082,5,27,147,19.093611726,"3"
2082,5,28,148,19.84435551,"3"
2082,5,29,149,19.526967894,"3"
2082,5,30,150,19.816889274,"3"
2082,5,31,151,19.343859654,"3"
2083,5,1,121,11.158921326,"3"
2083,5,2,122,12.205690098,"3"
2083,5,3,123,13.258562478,"3"
2083,5,4,124,12.706185954,"3"
2083,5,5,125,11.97070119,"3"
2083,5,6,126,12.297244218,"3"
2083,5,7,127,12.21484551,"3"
2083,5,8,128,12.410160966,"3"
2083,5,9,129,14.10696399,"3"
2083,5,10,130,14.509802118,"3"
2083,5,11,131,13.884182298,"3"
2083,5,12,132,13.884182298,"3"
2083,5,13,133,13.829249826,"3"
2083,5,14,134,13.911648534,"3"
2083,5,15,135,14.94621009,"3"
2083,5,16,136,15.559622694,"3"
2083,5,17,137,16.234071378,"3"
2083,5,18,138,16.520940954,"3"
2083,5,19,139,17.26558113,"3"
2083,5,20,140,17.338824426,"3"
2083,5,21,141,16.99091877,"3"
2083,5,22,142,17.35713525,"3"
2083,5,23,143,18.248262018,"3"
2083,5,24,144,18.648048342,"3"
2083,5,25,145,18.690773598,"3"
2083,5,26,146,18.553442418,"3"
2083,5,27,147,19.221787494,"3"
2083,5,28,148,19.472035422,"3"
2083,5,29,149,18.617530302,"3"
2083,5,30,150,19.227891102,"3"
2083,5,31,151,20.091551634,"3"
2084,5,1,122,11.31456333,"3"
2084,5,2,123,12.196534686,"3"
2084,5,3,124,12.986951922,"3"
2084,5,4,125,13.75600653,"3"
2084,5,5,126,13.49660319,"3"
2084,5,6,127,13.514914014,"3"
2084,5,7,128,13.64919339,"3"
2084,5,8,129,13.594260918,"3"
2084,5,9,130,14.77836087,"3"
2084,5,10,131,15.83123325,"3"
2084,5,11,132,16.392765186,"3"
2084,5,12,133,16.36529895,"3"
2084,5,13,134,15.272753118,"3"
2084,5,14,135,15.43449873,"3"
2084,5,15,136,15.44975775,"3"
2084,5,16,137,15.959409018,"3"
2084,5,17,138,16.881053826,"3"
2084,5,18,139,16.859691198,"3"
2084,5,19,140,17.579916942,"3"
2084,5,20,141,17.582968746,"3"
2084,5,21,142,18.76096509,"3"
2084,5,22,143,18.233002998,"3"
2084,5,23,144,18.065153778,"3"
2084,5,24,145,18.458836494,"3"
2084,5,25,146,18.828104778,"3"
2084,5,26,147,19.03562745,"3"
2084,5,27,148,19.957272258,"3"
2084,5,28,149,20.793466554,"3"
2084,5,29,150,20.695808826,"3"
2084,5,30,151,20.848399026,"3"
2084,5,31,152,20.534063214,"3"
2085,5,1,121,11.68077981,"3"
2085,5,2,122,12.648201678,"3"
2085,5,3,123,13.37453103,"3"
2085,5,4,124,12.538336734,"3"
2085,5,5,125,12.38269473,"3"
2085,5,6,126,12.608528226,"3"
2085,5,7,127,12.27588159,"3"
2085,5,8,128,12.922864038,"3"
2085,5,9,129,13.884182298,"3"
2085,5,10,130,14.662392318,"3"
2085,5,11,131,13.704125862,"3"
2085,5,12,132,13.139542122,"3"
2085,5,13,133,13.963529202,"3"
2085,5,14,134,13.521017622,"3"
2085,5,15,135,14.283968622,"3"
2085,5,16,136,15.208665234,"3"
2085,5,17,137,16.231019574,"3"
2085,5,18,138,16.368350754,"3"
2085,5,19,139,17.009229594,"3"
2085,5,20,140,17.12824995,"3"
2085,5,21,141,16.862743002,"3"
2085,5,22,142,16.896312846,"3"
2085,5,23,143,18.391696806,"3"
2085,5,24,144,18.568701438,"3"
2085,5,25,145,18.587012262,"3"
2085,5,26,146,18.840311994,"3"
2085,5,27,147,19.29503079,"3"
2085,5,28,148,19.429310166,"3"
2085,5,29,149,18.767068698,"3"
2085,5,30,150,19.380481302,"3"
2085,5,31,151,19.023420234,"3"
2086,5,1,121,12.84046533,"3"
2086,5,2,122,13.514914014,"3"
2086,5,3,123,12.990003726,"3"
2086,5,4,124,12.281985198,"3"
2086,5,5,125,13.163956554,"3"
2086,5,6,126,15.248338686,"3"
2086,5,7,127,15.422291514,"3"
2086,5,8,128,15.059126838,"3"
2086,5,9,129,15.315478374,"3"
2086,5,10,130,14.644081494,"3"
2086,5,11,131,14.906536638,"3"
2086,5,12,132,15.196458018,"3"
2086,5,13,133,15.291063942,"3"
2086,5,14,134,15.73967913,"3"
2086,5,15,135,15.483327594,"3"
2086,5,16,136,15.712212894,"3"
2086,5,17,137,17.048903046,"3"
2086,5,18,138,18.513768966,"3"
2086,5,19,139,18.65415195,"3"
2086,5,20,140,17.833216674,"3"
2086,5,21,141,17.375446074,"3"
2086,5,22,142,17.561606118,"3"
2086,5,23,143,18.382541394,"3"
2086,5,24,144,18.879985446,"3"
2086,5,25,145,18.596167674,"3"
2086,5,26,146,18.779275914,"3"
2086,5,27,147,19.349963262,"3"
2086,5,28,148,19.273668162,"3"
2086,5,29,149,20.74463769,"3"
2086,5,30,150,21.300066018,"3"
2086,5,31,151,20.69886063,"3"
2087,5,1,121,11.702142438,"3"
2087,5,2,122,12.025633662,"3"
2087,5,3,123,11.995115622,"3"
2087,5,4,124,10.743875982,"3"
2087,5,5,125,10.920880614,"3"
2087,5,6,126,12.181275666,"3"
2087,5,7,127,12.706185954,"3"
2087,5,8,128,12.236208138,"3"
2087,5,9,129,13.61867535,"3"
2087,5,10,130,14.45792145,"3"
2087,5,11,131,15.70916109,"3"
2087,5,12,132,15.657280422,"3"
2087,5,13,133,15.72442011,"3"
2087,5,14,134,16.707100998,"3"
2087,5,15,135,16.722360018,"3"
2087,5,16,136,16.789499706,"3"
2087,5,17,137,16.478215698,"3"
2087,5,18,138,16.072325766,"3"
2087,5,19,139,15.90752835,"3"
2087,5,20,140,16.74677445,"3"
2087,5,21,141,17.119094538,"3"
2087,5,22,142,17.323565406,"3"
2087,5,23,143,18.873881838,"3"
2087,5,24,144,19.209580278,"3"
2087,5,25,145,19.58495217,"3"
2087,5,26,146,19.987790298,"3"
2087,5,27,147,20.421146466,"3"
2087,5,28,148,20.756844906,"3"
2087,5,29,149,21.147475818,"3"
2087,5,30,150,20.56152945,"3"
2087,5,31,151,20.067137202,"3"
2088,5,1,122,12.498663282,"3"
2088,5,2,123,12.935071254,"3"
2088,5,3,124,13.292132322,"3"
2088,5,4,125,13.231096242,"3"
2088,5,5,126,13.307391342,"3"
2088,5,6,127,14.103912186,"3"
2088,5,7,128,14.326693878,"3"
2088,5,8,129,14.497594902,"3"
2088,5,9,130,13.746851118,"3"
2088,5,10,131,14.329745682,"3"
2088,5,11,132,15.20561343,"3"
2088,5,12,133,15.230027862,"3"
2088,5,13,134,14.90043303,"3"
2088,5,14,135,16.057066746,"3"
2088,5,15,136,17.195389638,"3"
2088,5,16,137,16.54840719,"3"
2088,5,17,138,16.44159405,"3"
2088,5,18,139,16.200501534,"3"
2088,5,19,140,16.786447902,"3"
2088,5,20,141,17.08247289,"3"
2088,5,21,142,17.048903046,"3"
2088,5,22,143,17.17402701,"3"
2088,5,23,144,18.046842954,"3"
2088,5,24,145,17.756921574,"3"
2088,5,25,146,17.701989102,"3"
2088,5,26,147,18.422214846,"3"
2088,5,27,148,19.301134398,"3"
2088,5,28,149,19.536123306,"3"
2088,5,29,150,19.182114042,"3"
2088,5,30,151,19.728386958,"3"
2088,5,31,152,19.038679254,"3"
2089,5,1,121,12.33691767,"3"
2089,5,2,122,12.56580297,"3"
2089,5,3,123,12.629890854,"3"
2089,5,4,124,13.371479226,"3"
2089,5,5,125,13.792628178,"3"
2089,5,6,126,14.766153654,"3"
2089,5,7,127,15.339892806,"3"
2089,5,8,128,14.94621009,"3"
2089,5,9,129,13.905544926,"3"
2089,5,10,130,13.698022254,"3"
2089,5,11,131,14.723428398,"3"
2089,5,12,132,15.004194366,"3"
2089,5,13,133,16.557562602,"3"
2089,5,14,134,16.096740198,"3"
2089,5,15,135,14.79361989,"3"
2089,5,16,136,15.245286882,"3"
2089,5,17,137,16.276796634,"3"
2089,5,18,138,16.099792002,"3"
2089,5,19,139,17.50972545,"3"
2089,5,20,140,18.999005802,"3"
2089,5,21,141,19.679558094,"3"
2089,5,22,142,19.652091858,"3"
2089,5,23,143,19.993893906,"3"
2089,5,24,144,19.655143662,"3"
2089,5,25,145,19.526967894,"3"
2089,5,26,146,19.819941078,"3"
2089,5,27,147,19.887080766,"3"
2089,5,28,148,19.746697782,"3"
2089,5,29,149,20.888072478,"3"
2089,5,30,150,20.86670985,"3"
2089,5,31,151,20.796518358,"3"
2090,5,1,121,12.544440342,"3"
2090,5,2,122,12.739755798,"3"
2090,5,3,123,12.874035174,"3"
2090,5,4,124,12.70313415,"3"
2090,5,5,125,13.417256286,"3"
2090,5,6,126,13.29823593,"3"
2090,5,7,127,14.012358066,"3"
2090,5,8,128,13.792628178,"3"
2090,5,9,129,14.329745682,"3"
2090,5,10,130,15.718316502,"3"
2090,5,11,131,15.672539442,"3"
2090,5,12,132,15.919735566,"3"
2090,5,13,133,15.75493815,"3"
2090,5,14,134,15.919735566,"3"
2090,5,15,135,15.712212894,"3"
2090,5,16,136,15.614555166,"3"
2090,5,17,137,16.688790174,"3"
2090,5,18,138,17.787439614,"3"
2090,5,19,139,18.797586738,"3"
2090,5,20,140,18.07430919,"3"
2090,5,21,141,17.653160238,"3"
2090,5,22,142,19.502553462,"3"
2090,5,23,143,19.118026158,"3"
2090,5,24,144,18.724343442,"3"
2090,5,25,145,18.934917918,"3"
2090,5,26,146,19.154647806,"3"
2090,5,27,147,19.597159386,"3"
2090,5,28,148,19.14244059,"3"
2090,5,29,149,19.52391609,"3"
2090,5,30,150,18.892192662,"3"
2090,5,31,151,17.857631106,"3"
2091,5,1,121,12.114135978,"3"
2091,5,2,122,12.62683905,"3"
2091,5,3,123,13.322650362,"3"
2091,5,4,124,14.421299802,"3"
2091,5,5,125,15.46501677,"3"
2091,5,6,126,15.757989954,"3"
2091,5,7,127,14.283968622,"3"
2091,5,8,128,13.368427422,"3"
2091,5,9,129,14.537268354,"3"
2091,5,10,130,15.248338686,"3"
2091,5,11,131,15.654228618,"3"
2091,5,12,132,16.569769818,"3"
2091,5,13,133,16.63996131,"3"
2091,5,14,134,16.28900385,"3"
2091,5,15,135,16.96040073,"3"
2091,5,16,136,16.298159262,"3"
2091,5,17,137,16.67047935,"3"
2091,5,18,138,16.804758726,"3"
2091,5,19,139,17.149612578,"3"
2091,5,20,140,17.363238858,"3"
2091,5,21,141,18.21164037,"3"
2091,5,22,142,19.163803218,"3"
2091,5,23,143,19.835200098,"3"
2091,5,24,144,20.588995686,"3"
2091,5,25,145,19.972531278,"3"
2091,5,26,146,19.679558094,"3"
2091,5,27,147,19.322497026,"3"
2091,5,28,148,18.229951194,"3"
2091,5,29,149,18.153656094,"3"
2091,5,30,150,19.887080766,"3"
2091,5,31,151,20.918590518,"3"
2092,5,1,122,11.052108186,"3"
2092,5,2,123,11.226061014,"3"
2092,5,3,124,12.358280298,"3"
2092,5,4,125,11.708246046,"3"
2092,5,5,126,12.050048094,"3"
2092,5,6,127,13.841457042,"3"
2092,5,7,128,13.942166574,"3"
2092,5,8,129,14.125274814,"3"
2092,5,9,130,13.942166574,"3"
2092,5,10,131,14.048979714,"3"
2092,5,11,132,14.979779934,"3"
2092,5,12,133,15.553519086,"3"
2092,5,13,134,15.898372938,"3"
2092,5,14,135,16.643013114,"3"
2092,5,15,136,16.45685307,"3"
2092,5,16,137,17.259477522,"3"
2092,5,17,138,17.842372086,"3"
2092,5,18,139,17.99801409,"3"
2092,5,19,140,17.241166698,"3"
2092,5,20,141,17.442585762,"3"
2092,5,21,142,17.439533958,"3"
2092,5,22,143,17.457844782,"3"
2092,5,23,144,18.370334178,"3"
2092,5,24,145,20.643928158,"3"
2092,5,25,146,21.37025751,"3"
2092,5,26,147,20.680549806,"3"
2092,5,27,148,20.979626598,"3"
2092,5,28,149,21.11085417,"3"
2092,5,29,150,20.619513726,"3"
2092,5,30,151,20.878917066,"3"
2092,5,31,152,20.305177914,"3"
2093,5,1,121,12.559699362,"3"
2093,5,2,122,12.431523594,"3"
2093,5,3,123,13.03883259,"3"
2093,5,4,124,13.37453103,"3"
2093,5,5,125,13.127334906,"3"
2093,5,6,126,14.280916818,"3"
2093,5,7,127,15.010297974,"3"
2093,5,8,128,15.669487638,"3"
2093,5,9,129,16.36529895,"3"
2093,5,10,130,15.916683762,"3"
2093,5,11,131,16.078429374,"3"
2093,5,12,132,15.901424742,"3"
2093,5,13,133,16.130310042,"3"
2093,5,14,134,16.557562602,"3"
2093,5,15,135,16.752878058,"3"
2093,5,16,136,16.481267502,"3"
2093,5,17,137,17.283891954,"3"
2093,5,18,138,17.744714358,"3"
2093,5,19,139,18.388645002,"3"
2093,5,20,140,18.696877206,"3"
2093,5,21,141,17.729455338,"3"
2093,5,22,142,17.851527498,"3"
2093,5,23,143,18.193329546,"3"
2093,5,24,144,18.34897155,"3"
2093,5,25,145,18.400852218,"3"
2093,5,26,146,19.276719966,"3"
2093,5,27,147,20.109862458,"3"
2093,5,28,148,20.946056754,"3"
2093,5,29,149,21.986721918,"3"
2093,5,30,150,22.07217243,"3"
2093,5,31,151,21.513692298,"3"
2094,5,1,121,13.224992634,"3"
2094,5,2,122,13.456929738,"3"
2094,5,3,123,13.185319182,"3"
2094,5,4,124,13.02357357,"3"
2094,5,5,125,13.383686442,"3"
2094,5,6,126,14.375522742,"3"
2094,5,7,127,14.558630982,"3"
2094,5,8,128,14.35110831,"3"
2094,5,9,129,13.81704261,"3"
2094,5,10,130,15.086593074,"3"
2094,5,11,131,15.132370134,"3"
2094,5,12,132,16.27374483,"3"
2094,5,13,133,17.305254582,"3"
2094,5,14,134,17.592124158,"3"
2094,5,15,135,17.64705663,"3"
2094,5,16,136,17.347979838,"3"
2094,5,17,137,17.67757467,"3"
2094,5,18,138,17.625694002,"3"
2094,5,19,139,17.970547854,"3"
2094,5,20,140,18.855571014,"3"
2094,5,21,141,18.809793954,"3"
2094,5,22,142,18.937969722,"3"
2094,5,23,143,18.992902194,"3"
2094,5,24,144,19.047834666,"3"
2094,5,25,145,19.362170478,"3"
2094,5,26,146,19.694817114,"3"
2094,5,27,147,19.594107582,"3"
2094,5,28,148,19.560537738,"3"
2094,5,29,149,19.55443413,"3"
2094,5,30,150,19.139388786,"3"
2094,5,31,151,19.291978986,"3"
2095,5,1,121,10.923932418,"3"
2095,5,2,122,11.869991658,"3"
2095,5,3,123,12.266726178,"3"
2095,5,4,124,11.967649386,"3"
2095,5,5,125,12.62683905,"3"
2095,5,6,126,13.579001898,"3"
2095,5,7,127,14.506750314,"3"
2095,5,8,128,15.111007506,"3"
2095,5,9,129,16.096740198,"3"
2095,5,10,130,16.362247146,"3"
2095,5,11,131,16.54840719,"3"
2095,5,12,132,16.67047935,"3"
2095,5,13,133,17.894252754,"3"
2095,5,14,134,17.424274938,"3"
2095,5,15,135,17.167923402,"3"
2095,5,16,136,17.079421086,"3"
2095,5,17,137,16.420231422,"3"
2095,5,18,138,16.719308214,"3"
2095,5,19,139,16.466008482,"3"
2095,5,20,140,17.366290662,"3"
2095,5,21,141,18.474095514,"3"
2095,5,22,142,19.267564554,"3"
2095,5,23,143,19.15769961,"3"
2095,5,24,144,19.942013238,"3"
2095,5,25,145,19.789423038,"3"
2095,5,26,146,19.92065061,"3"
2095,5,27,147,20.228882814,"3"
2095,5,28,148,20.625617334,"3"
2095,5,29,149,20.28686709,"3"
2095,5,30,150,20.329592346,"3"
2095,5,31,151,19.618522014,"3"
2096,5,1,122,12.220949118,"3"
2096,5,2,123,12.227052726,"3"
2096,5,3,124,13.005262746,"3"
2096,5,4,125,13.072402434,"3"
2096,5,5,126,13.408100874,"3"
2096,5,6,127,13.441670718,"3"
2096,5,7,128,14.30533125,"3"
2096,5,8,129,15.08354127,"3"
2096,5,9,130,16.63996131,"3"
2096,5,10,131,16.60944327,"3"
2096,5,11,132,16.356143538,"3"
2096,5,12,133,16.743722646,"3"
2096,5,13,134,16.728463626,"3"
2096,5,14,135,15.599296146,"3"
2096,5,15,136,15.803767014,"3"
2096,5,16,137,15.645073206,"3"
2096,5,17,138,16.301211066,"3"
2096,5,18,139,16.51788915,"3"
2096,5,19,140,17.360187054,"3"
2096,5,20,141,18.464940102,"3"
2096,5,21,142,18.403904022,"3"
2096,5,22,143,17.778284202,"3"
2096,5,23,144,18.437473866,"3"
2096,5,24,145,19.121077962,"3"
2096,5,25,146,19.835200098,"3"
2096,5,26,147,19.633781034,"3"
2096,5,27,148,19.560537738,"3"
2096,5,28,149,19.319445222,"3"
2096,5,29,150,19.392688518,"3"
2096,5,30,151,20.05798179,"3"
2096,5,31,152,19.932857826,"3"
2097,5,1,121,12.355228494,"3"
2097,5,2,122,13.688866842,"3"
2097,5,3,123,14.299227642,"3"
2097,5,4,124,13.789576374,"3"
2097,5,5,125,13.28297691,"3"
2097,5,6,126,13.92385575,"3"
2097,5,7,127,15.09880029,"3"
2097,5,8,128,14.94621009,"3"
2097,5,9,129,15.513845634,"3"
2097,5,10,130,15.95330541,"3"
2097,5,11,131,17.256425718,"3"
2097,5,12,132,17.83016487,"3"
2097,5,13,133,17.305254582,"3"
2097,5,14,134,16.606391466,"3"
2097,5,15,135,16.575873426,"3"
2097,5,16,136,17.146560774,"3"
2097,5,17,137,17.561606118,"3"
2097,5,18,138,17.857631106,"3"
2097,5,19,139,18.126189858,"3"
2097,5,20,140,18.098723622,"3"
2097,5,21,141,18.162811506,"3"
2097,5,22,142,18.626685714,"3"
2097,5,23,143,19.288927182,"3"
2097,5,24,144,19.389636714,"3"
2097,5,25,145,19.78331943,"3"
2097,5,26,146,19.938961434,"3"
2097,5,27,147,19.978634886,"3"
2097,5,28,148,20.50049337,"3"
2097,5,29,149,20.955212166,"3"
2097,5,30,150,21.49232967,"3"
2097,5,31,151,21.26344437,"3"
2098,5,1,121,11.244371838,"3"
2098,5,2,122,11.277941682,"3"
2098,5,3,123,12.263674374,"3"
2098,5,4,124,12.59632101,"3"
2098,5,5,125,12.700082346,"3"
2098,5,6,126,12.523077714,"3"
2098,5,7,127,13.463033346,"3"
2098,5,8,128,14.195466306,"3"
2098,5,9,129,14.476232274,"3"
2098,5,10,130,15.193406214,"3"
2098,5,11,131,15.696953874,"3"
2098,5,12,132,15.230027862,"3"
2098,5,13,133,15.99908247,"3"
2098,5,14,134,16.530096366,"3"
2098,5,15,135,16.44159405,"3"
2098,5,16,136,16.041807726,"3"
2098,5,17,137,16.67047935,"3"
2098,5,18,138,16.820017746,"3"
2098,5,19,139,18.107879034,"3"
2098,5,20,140,19.46288001,"3"
2098,5,21,141,19.319445222,"3"
2098,5,22,142,19.725335154,"3"
2098,5,23,143,19.301134398,"3"
2098,5,24,144,18.85251921,"3"
2098,5,25,145,19.450672794,"3"
2098,5,26,146,19.673454486,"3"
2098,5,27,147,20.802621966,"3"
2098,5,28,148,21.510640494,"3"
2098,5,29,149,21.898219602,"3"
2098,5,30,150,21.251237154,"3"
2098,5,31,151,21.687645126,"3"
2099,5,1,121,12.297244218,"3"
2099,5,2,122,13.673607822,"3"
2099,5,3,123,13.868923278,"3"
2099,5,4,124,13.533224838,"3"
2099,5,5,125,13.783472766,"3"
2099,5,6,126,14.06118693,"3"
2099,5,7,127,13.691918646,"3"
2099,5,8,128,13.859767866,"3"
2099,5,9,129,14.93095107,"3"
2099,5,10,130,16.224915966,"3"
2099,5,11,131,16.63996131,"3"
2099,5,12,132,16.53314817,"3"
2099,5,13,133,16.01434149,"3"
2099,5,14,134,16.026548706,"3"
2099,5,15,135,16.072325766,"3"
2099,5,16,136,15.81597423,"3"
2099,5,17,137,16.554510798,"3"
2099,5,18,138,17.09773191,"3"
2099,5,19,139,17.634849414,"3"
2099,5,20,140,18.266572842,"3"
2099,5,21,141,18.751809678,"3"
2099,5,22,142,18.767068698,"3"
2099,5,23,143,18.59311587,"3"
2099,5,24,144,19.700920722,"3"
2099,5,25,145,20.738534082,"3"
2099,5,26,146,20.85145083,"3"
2099,5,27,147,20.747689494,"3"
2099,5,28,148,20.68360161,"3"
2099,5,29,149,21.358050294,"3"
2099,5,30,150,21.64491987,"3"
2099,5,31,151,21.129164994,"3"
2100,5,1,121,12.742807602,"3"
2100,5,2,122,13.902493122,"3"
2100,5,3,123,14.238191562,"3"
2100,5,4,124,13.658348802,"3"
2100,5,5,125,14.662392318,"3"
2100,5,6,126,14.650185102,"3"
2100,5,7,127,14.848552362,"3"
2100,5,8,128,15.059126838,"3"
2100,5,9,129,15.376514454,"3"
2100,5,10,130,15.52605285,"3"
2100,5,11,131,15.748834542,"3"
2100,5,12,132,15.29716755,"3"
2100,5,13,133,15.727471914,"3"
2100,5,14,134,17.164871598,"3"
2100,5,15,135,18.068205582,"3"
2100,5,16,136,18.416111238,"3"
2100,5,17,137,17.698937298,"3"
2100,5,18,138,18.12008625,"3"
2100,5,19,139,18.873881838,"3"
2100,5,20,140,18.864726426,"3"
2100,5,21,141,18.916607094,"3"
2100,5,22,142,18.416111238,"3"
2100,5,23,143,18.229951194,"3"
2100,5,24,144,18.168915114,"3"
2100,5,25,145,18.483250926,"3"
2100,5,26,146,19.252305534,"3"
2100,5,27,147,20.198364774,"3"
2100,5,28,148,20.122069674,"3"
2100,5,29,149,19.972531278,"3"
2100,5,30,150,20.524907802,"3"
2100,5,31,151,20.680549806,"3"
