"year","month","day","ordinal_day","total_precip","scenario"
2025,3,1,60,1.26656081000004,"1"
2025,3,2,61,1.03767551000004,"1"
2025,3,3,62,1.51070513000002,"1"
2025,3,4,63,1.02241649000001,"1"
2025,3,5,64,2.59409555000002,"1"
2025,3,6,65,1.69381337000004,"1"
2025,3,7,66,1.35811493,"1"
2025,3,8,67,1.99899377000003,"1"
2025,3,9,68,2.79246281000002,"1"
2025,3,10,69,3.89111224999999,"1"
2025,3,11,70,3.50963675000003,"1"
2025,3,12,71,3.58593185000001,"1"
2025,3,13,72,2.54831849000004,"1"
2025,3,14,73,1.87692161000001,"1"
2025,3,15,74,1.37337395000003,"1"
2025,3,16,75,2.41098731,"1"
2025,3,17,76,2.60935456999999,"1"
2025,3,18,77,1.72433141000005,"1"
2025,3,19,78,1.81588553,"1"
2025,3,20,79,2.39572829000002,"1"
2025,3,21,80,1.55648219,"1"
2025,3,22,81,2.30417417000001,"1"
2025,3,23,82,4.66932227000001,"1"
2025,3,24,83,3.25023341000002,"1"
2025,3,25,84,0.747754130000033,"1"
2025,3,26,85,2.21262005,"1"
2025,3,27,86,2.83823987,"1"
2025,3,28,87,3.37230557000004,"1"
2025,3,29,88,2.09054789000004,"1"
2025,3,30,89,2.92979399000001,"1"
2025,3,31,90,2.63987261,"1"
2026,3,1,60,2.30417417000001,"1"
2026,3,2,61,1.72433141000005,"1"
2026,3,3,62,1.34285591000003,"1"
2026,3,4,63,1.54122317000002,"1"
2026,3,5,64,1.70907239000002,"1"
2026,3,6,65,1.40389199000003,"1"
2026,3,7,66,1.63277729000004,"1"
2026,3,8,67,1.22078375000001,"1"
2026,3,9,68,1.64803631000001,"1"
2026,3,10,69,1.57174121000003,"1"
2026,3,11,70,1.66329533000004,"1"
2026,3,12,71,2.38046926999999,"1"
2026,3,13,72,2.50254143000001,"1"
2026,3,14,73,3.37230557000004,"1"
2026,3,15,74,2.44150535,"1"
2026,3,16,75,1.05293453000002,"1"
2026,3,17,76,3.12816125,"1"
2026,3,18,77,3.12816125,"1"
2026,3,19,78,1.89218063000004,"1"
2026,3,20,79,2.16684299000002,"1"
2026,3,21,80,2.70090869000001,"1"
2026,3,22,81,2.56357751000002,"1"
2026,3,23,82,2.07528887000001,"1"
2026,3,24,83,2.65513163000003,"1"
2026,3,25,84,2.70090869000001,"1"
2026,3,26,85,3.31126949000003,"1"
2026,3,27,86,3.64696793000002,"1"
2026,3,28,87,2.83823987,"1"
2026,3,29,88,1.61751827,"1"
2026,3,30,89,3.57067283000003,"1"
2026,3,31,90,2.60935456999999,"1"
2027,3,1,60,1.92269867000005,"1"
2027,3,2,61,2.62461359000002,"1"
2027,3,3,62,1.66329533000004,"1"
2027,3,4,63,2.16684299000002,"1"
2027,3,5,64,2.12106593000004,"1"
2027,3,6,65,0.778272170000037,"1"
2027,3,7,66,3.31126949000003,"1"
2027,3,8,67,1.15974767,"1"
2027,3,9,68,3.15867929000001,"1"
2027,3,10,69,1.96847573000002,"1"
2027,3,11,70,2.71616771000004,"1"
2027,3,12,71,2.76194477000001,"1"
2027,3,13,72,1.48018709000002,"1"
2027,3,14,73,2.31943319000004,"1"
2027,3,15,74,2.28891515000004,"1"
2027,3,16,75,2.10580691000001,"1"
2027,3,17,76,2.82298085000002,"1"
2027,3,18,77,2.65513163000003,"1"
2027,3,19,78,4.22681069000004,"1"
2027,3,20,79,2.04477083,"1"
2027,3,21,80,1.72433141000005,"1"
2027,3,22,81,1.55648219,"1"
2027,3,23,82,2.15158397000005,"1"
2027,3,24,83,1.58700023,"1"
2027,3,25,84,1.58700023,"1"
2027,3,26,85,2.88401693000003,"1"
2027,3,27,86,1.22078375000001,"1"
2027,3,28,87,1.78536749,"1"
2027,3,29,88,4.01318441000001,"1"
2027,3,30,89,1.72433141000005,"1"
2027,3,31,90,1.70907239000002,"1"
2028,3,1,61,2.18210200999999,"1"
2028,3,2,62,1.72433141000005,"1"
2028,3,3,63,1.06819355000005,"1"
2028,3,4,64,1.38863297,"1"
2028,3,5,65,3.28075145000003,"1"
2028,3,6,66,2.31943319000004,"1"
2028,3,7,67,1.34285591000003,"1"
2028,3,8,68,1.44966905000001,"1"
2028,3,9,69,1.34285591000003,"1"
2028,3,10,70,2.07528887000001,"1"
2028,3,11,71,2.39572829000002,"1"
2028,3,12,72,2.41098731,"1"
2028,3,13,73,3.32652851,"1"
2028,3,14,74,2.83823987,"1"
2028,3,15,75,2.77720379000004,"1"
2028,3,16,76,2.50254143000001,"1"
2028,3,17,77,3.03660712999999,"1"
2028,3,18,78,1.22078375000001,"1"
2028,3,19,79,2.19736103000002,"1"
2028,3,20,80,4.30310579000002,"1"
2028,3,21,81,2.42624633000003,"1"
2028,3,22,82,2.50254143000001,"1"
2028,3,23,83,2.57883653000005,"1"
2028,3,24,84,2.77720379000004,"1"
2028,3,25,85,2.19736103000002,"1"
2028,3,26,86,2.21262005,"1"
2028,3,27,87,2.09054789000004,"1"
2028,3,28,88,2.62461359000002,"1"
2028,3,29,89,1.92269867000005,"1"
2028,3,30,90,2.02951181000003,"1"
2028,3,31,91,4.65406325000004,"1"
2029,3,1,60,2.13632495000002,"1"
2029,3,2,61,1.89218063000004,"1"
2029,3,3,62,1.61751827,"1"
2029,3,4,63,0.534127850000004,"1"
2029,3,5,64,1.40389199000003,"1"
2029,3,6,65,0.549386870000035,"1"
2029,3,7,66,1.25130179000001,"1"
2029,3,8,67,1.35811493,"1"
2029,3,9,68,2.48728241000003,"1"
2029,3,10,69,3.29601047,"1"
2029,3,11,70,1.26656081000004,"1"
2029,3,12,71,1.11397061000002,"1"
2029,3,13,72,1.11397061000002,"1"
2029,3,14,73,0.747754130000033,"1"
2029,3,15,74,1.19026571000001,"1"
2029,3,16,75,1.38863297,"1"
2029,3,17,76,1.51070513000002,"1"
2029,3,18,77,1.89218063000004,"1"
2029,3,19,78,2.48728241000003,"1"
2029,3,20,79,2.76194477000001,"1"
2029,3,21,80,2.36521025000002,"1"
2029,3,22,81,0.976639430000034,"1"
2029,3,23,82,2.34995123000004,"1"
2029,3,24,83,1.14448865000003,"1"
2029,3,25,84,2.97557105000004,"1"
2029,3,26,85,1.72433141000005,"1"
2029,3,27,86,3.47911871000002,"1"
2029,3,28,87,2.21262005,"1"
2029,3,29,88,2.54831849000004,"1"
2029,3,30,89,4.21155167000001,"1"
2029,3,31,90,3.23497439000005,"1"
2030,3,1,60,1.99899377000003,"1"
2030,3,2,61,0.427314710000019,"1"
2030,3,3,62,1.93795769000002,"1"
2030,3,4,63,2.18210200999999,"1"
2030,3,5,64,1.92269867000005,"1"
2030,3,6,65,2.44150535,"1"
2030,3,7,66,2.54831849000004,"1"
2030,3,8,67,2.36521025000002,"1"
2030,3,9,68,2.99083007000002,"1"
2030,3,10,69,1.96847573000002,"1"
2030,3,11,70,1.55648219,"1"
2030,3,12,71,1.60225925000003,"1"
2030,3,13,72,1.80062651000003,"1"
2030,3,14,73,3.14342027000004,"1"
2030,3,15,74,2.50254143000001,"1"
2030,3,16,75,2.68564967000003,"1"
2030,3,17,76,1.60225925000003,"1"
2030,3,18,77,3.44860067000002,"1"
2030,3,19,78,2.60935456999999,"1"
2030,3,20,79,1.87692161000001,"1"
2030,3,21,80,2.63987261,"1"
2030,3,22,81,2.15158397000005,"1"
2030,3,23,82,2.42624633000003,"1"
2030,3,24,83,2.24313809,"1"
2030,3,25,84,2.54831849000004,"1"
2030,3,26,85,3.20445635000004,"1"
2030,3,27,86,2.01425279,"1"
2030,3,28,87,1.67855435000001,"1"
2030,3,29,88,4.34888285,"1"
2030,3,30,89,3.02134811000002,"1"
2030,3,31,90,3.44860067000002,"1"
2031,3,1,60,2.28891515000004,"1"
2031,3,2,61,1.11397061000002,"1"
2031,3,3,62,1.66329533000004,"1"
2031,3,4,63,1.40389199000003,"1"
2031,3,5,64,1.69381337000004,"1"
2031,3,6,65,1.09871158999999,"1"
2031,3,7,66,2.28891515000004,"1"
2031,3,8,67,2.24313809,"1"
2031,3,9,68,0.885085310000022,"1"
2031,3,10,69,1.57174121000003,"1"
2031,3,11,70,1.55648219,"1"
2031,3,12,71,1.60225925000003,"1"
2031,3,13,72,3.78429911000001,"1"
2031,3,14,73,2.10580691000001,"1"
2031,3,15,74,1.61751827,"1"
2031,3,16,75,0.549386870000035,"1"
2031,3,17,76,1.43441003000004,"1"
2031,3,18,77,3.40282361000004,"1"
2031,3,19,78,2.92979399000001,"1"
2031,3,20,79,2.39572829000002,"1"
2031,3,21,80,3.23497439000005,"1"
2031,3,22,81,2.39572829000002,"1"
2031,3,23,82,1.63277729000004,"1"
2031,3,24,83,2.24313809,"1"
2031,3,25,84,3.95214833,"1"
2031,3,26,85,3.54015479000003,"1"
2031,3,27,86,2.73142673000001,"1"
2031,3,28,87,2.48728241000003,"1"
2031,3,29,88,2.54831849000004,"1"
2031,3,30,89,2.21262005,"1"
2031,3,31,90,3.98266637,"1"
2032,3,1,61,1.78536749,"1"
2032,3,2,62,1.37337395000003,"1"
2032,3,3,63,2.82298085000002,"1"
2032,3,4,64,2.59409555000002,"1"
2032,3,5,65,0.640940990000047,"1"
2032,3,6,66,0.79353119000001,"1"
2032,3,7,67,1.23604277000004,"1"
2032,3,8,68,1.02241649000001,"1"
2032,3,9,69,1.51070513000002,"1"
2032,3,10,70,1.17500669000003,"1"
2032,3,11,71,1.40389199000003,"1"
2032,3,12,72,3.14342027000004,"1"
2032,3,13,73,1.98373475,"1"
2032,3,14,74,2.33469221000001,"1"
2032,3,15,75,1.52596414999999,"1"
2032,3,16,76,2.42624633000003,"1"
2032,3,17,77,3.61644989000001,"1"
2032,3,18,78,1.80062651000003,"1"
2032,3,19,79,1.90743965000001,"1"
2032,3,20,80,1.80062651000003,"1"
2032,3,21,81,2.96031203000001,"1"
2032,3,22,82,1.78536749,"1"
2032,3,23,83,2.16684299000002,"1"
2032,3,24,84,1.75484944999999,"1"
2032,3,25,85,4.56250913000002,"1"
2032,3,26,86,1.22078375000001,"1"
2032,3,27,87,2.41098731,"1"
2032,3,28,88,4.40991893,"1"
2032,3,29,89,2.70090869000001,"1"
2032,3,30,90,1.72433141000005,"1"
2032,3,31,91,1.54122317000002,"1"
2033,3,1,60,2.68564967000003,"1"
2033,3,2,61,2.94505301000004,"1"
2033,3,3,62,2.24313809,"1"
2033,3,4,63,1.73959043000002,"1"
2033,3,5,64,2.25839711000003,"1"
2033,3,6,65,1.29707884999999,"1"
2033,3,7,66,2.62461359000002,"1"
2033,3,8,67,1.54122317000002,"1"
2033,3,9,68,1.19026571000001,"1"
2033,3,10,69,3.34178753000003,"1"
2033,3,11,70,1.55648219,"1"
2033,3,12,71,3.00608909000005,"1"
2033,3,13,72,1.05293453000002,"1"
2033,3,14,73,2.50254143000001,"1"
2033,3,15,74,1.95321670999999,"1"
2033,3,16,75,2.47202339,"1"
2033,3,17,76,2.74668575000004,"1"
2033,3,18,77,4.86768953000001,"1"
2033,3,19,78,2.04477083,"1"
2033,3,20,79,1.43441003000004,"1"
2033,3,21,80,1.72433141000005,"1"
2033,3,22,81,2.82298085000002,"1"
2033,3,23,82,2.12106593000004,"1"
2033,3,24,83,1.12922963,"1"
2033,3,25,84,1.63277729000004,"1"
2033,3,26,85,1.37337395000003,"1"
2033,3,27,86,3.78429911000001,"1"
2033,3,28,87,1.44966905000001,"1"
2033,3,29,88,1.12922963,"1"
2033,3,30,89,3.49437773,"1"
2033,3,31,90,3.78429911000001,"1"
2034,3,1,60,0.961380410000004,"1"
2034,3,2,61,1.73959043000002,"1"
2034,3,3,62,2.19736103000002,"1"
2034,3,4,63,1.15974767,"1"
2034,3,5,64,1.19026571000001,"1"
2034,3,6,65,1.41915101000001,"1"
2034,3,7,66,2.31943319000004,"1"
2034,3,8,67,2.80772182999999,"1"
2034,3,9,68,1.63277729000004,"1"
2034,3,10,69,0.808790210000041,"1"
2034,3,11,70,1.05293453000002,"1"
2034,3,12,71,2.94505301000004,"1"
2034,3,13,72,2.33469221000001,"1"
2034,3,14,73,2.07528887000001,"1"
2034,3,15,74,2.38046926999999,"1"
2034,3,16,75,0.824049230000014,"1"
2034,3,17,76,2.10580691000001,"1"
2034,3,18,77,2.22787907000003,"1"
2034,3,19,78,2.76194477000001,"1"
2034,3,20,79,2.97557105000004,"1"
2034,3,21,80,2.62461359000002,"1"
2034,3,22,81,2.62461359000002,"1"
2034,3,23,82,2.16684299000002,"1"
2034,3,24,83,2.31943319000004,"1"
2034,3,25,84,1.89218063000004,"1"
2034,3,26,85,1.35811493,"1"
2034,3,27,86,1.69381337000004,"1"
2034,3,28,87,1.96847573000002,"1"
2034,3,29,88,2.60935456999999,"1"
2034,3,30,89,2.33469221000001,"1"
2034,3,31,90,2.76194477000001,"1"
2035,3,1,60,3.32652851,"1"
2035,3,2,61,3.28075145000003,"1"
2035,3,3,62,2.97557105000004,"1"
2035,3,4,63,2.18210200999999,"1"
2035,3,5,64,1.46492807000004,"1"
2035,3,6,65,1.69381337000004,"1"
2035,3,7,66,2.86875791,"1"
2035,3,8,67,2.04477083,"1"
2035,3,9,68,3.50963675000003,"1"
2035,3,10,69,2.57883653000005,"1"
2035,3,11,70,2.06002985000003,"1"
2035,3,12,71,1.95321670999999,"1"
2035,3,13,72,2.38046926999999,"1"
2035,3,14,73,2.96031203000001,"1"
2035,3,15,74,2.07528887000001,"1"
2035,3,16,75,1.49544611000005,"1"
2035,3,17,76,2.01425279,"1"
2035,3,18,77,2.33469221000001,"1"
2035,3,19,78,1.98373475,"1"
2035,3,20,79,1.95321670999999,"1"
2035,3,21,80,1.66329533000004,"1"
2035,3,22,81,1.19026571000001,"1"
2035,3,23,82,0.900344329999996,"1"
2035,3,24,83,2.39572829000002,"1"
2035,3,25,84,2.85349889000003,"1"
2035,3,26,85,1.83114455000003,"1"
2035,3,27,86,1.99899377000003,"1"
2035,3,28,87,1.37337395000003,"1"
2035,3,29,88,2.77720379000004,"1"
2035,3,30,89,3.52489577,"1"
2035,3,31,90,1.78536749,"1"
2036,3,1,61,1.60225925000003,"1"
2036,3,2,62,2.74668575000004,"1"
2036,3,3,63,1.93795769000002,"1"
2036,3,4,64,2.22787907000003,"1"
2036,3,5,65,1.25130179000001,"1"
2036,3,6,66,2.21262005,"1"
2036,3,7,67,1.44966905000001,"1"
2036,3,8,68,1.12922963,"1"
2036,3,9,69,2.63987261,"1"
2036,3,10,70,2.62461359000002,"1"
2036,3,11,71,2.59409555000002,"1"
2036,3,12,72,1.66329533000004,"1"
2036,3,13,73,2.63987261,"1"
2036,3,14,74,2.74668575000004,"1"
2036,3,15,75,2.19736103000002,"1"
2036,3,16,76,1.66329533000004,"1"
2036,3,17,77,2.63987261,"1"
2036,3,18,78,1.20552473000004,"1"
2036,3,19,79,1.37337395000003,"1"
2036,3,20,80,0.824049230000014,"1"
2036,3,21,81,2.33469221000001,"1"
2036,3,22,82,2.25839711000003,"1"
2036,3,23,83,1.46492807000004,"1"
2036,3,24,84,2.89927595,"1"
2036,3,25,85,3.02134811000002,"1"
2036,3,26,86,2.50254143000001,"1"
2036,3,27,87,3.32652851,"1"
2036,3,28,88,3.23497439000005,"1"
2036,3,29,89,1.31233787000002,"1"
2036,3,30,90,3.03660712999999,"1"
2036,3,31,91,2.31943319000004,"1"
2037,3,1,60,2.07528887000001,"1"
2037,3,2,61,2.19736103000002,"1"
2037,3,3,62,3.25023341000002,"1"
2037,3,4,63,2.67039065,"1"
2037,3,5,64,1.61751827,"1"
2037,3,6,65,1.58700023,"1"
2037,3,7,66,1.20552473000004,"1"
2037,3,8,67,2.22787907000003,"1"
2037,3,9,68,1.75484944999999,"1"
2037,3,10,69,0.824049230000014,"1"
2037,3,11,70,0.671459029999994,"1"
2037,3,12,71,1.31233787000002,"1"
2037,3,13,72,1.70907239000002,"1"
2037,3,14,73,2.27365613000001,"1"
2037,3,15,74,1.40389199000003,"1"
2037,3,16,75,2.12106593000004,"1"
2037,3,17,76,2.48728241000003,"1"
2037,3,18,77,1.37337395000003,"1"
2037,3,19,78,2.27365613000001,"1"
2037,3,20,79,2.83823987,"1"
2037,3,21,80,2.68564967000003,"1"
2037,3,22,81,2.94505301000004,"1"
2037,3,23,82,2.68564967000003,"1"
2037,3,24,83,1.78536749,"1"
2037,3,25,84,2.28891515000004,"1"
2037,3,26,85,2.71616771000004,"1"
2037,3,27,86,1.49544611000005,"1"
2037,3,28,87,1.52596414999999,"1"
2037,3,29,88,3.11290223000003,"1"
2037,3,30,89,2.80772182999999,"1"
2037,3,31,90,2.30417417000001,"1"
2038,3,1,60,2.30417417000001,"1"
2038,3,2,61,3.81481715000001,"1"
2038,3,3,62,1.98373475,"1"
2038,3,4,63,2.42624633000003,"1"
2038,3,5,64,3.37230557000004,"1"
2038,3,6,65,1.35811493,"1"
2038,3,7,66,1.44966905000001,"1"
2038,3,8,67,0.915603350000026,"1"
2038,3,9,68,1.52596414999999,"1"
2038,3,10,69,1.64803631000001,"1"
2038,3,11,70,2.02951181000003,"1"
2038,3,12,71,1.99899377000003,"1"
2038,3,13,72,2.41098731,"1"
2038,3,14,73,2.07528887000001,"1"
2038,3,15,74,1.11397061000002,"1"
2038,3,16,75,2.10580691000001,"1"
2038,3,17,76,1.48018709000002,"1"
2038,3,18,77,2.27365613000001,"1"
2038,3,19,78,1.87692161000001,"1"
2038,3,20,79,2.82298085000002,"1"
2038,3,21,80,2.96031203000001,"1"
2038,3,22,81,5.35597817000001,"1"
2038,3,23,82,4.74561736999999,"1"
2038,3,24,83,2.15158397000005,"1"
2038,3,25,84,2.50254143000001,"1"
2038,3,26,85,2.38046926999999,"1"
2038,3,27,86,1.11397061000002,"1"
2038,3,28,87,2.79246281000002,"1"
2038,3,29,88,2.76194477000001,"1"
2038,3,30,89,4.71509933000004,"1"
2038,3,31,90,4.42517795000003,"1"
2039,3,1,60,0.808790210000041,"1"
2039,3,2,61,1.31233787000002,"1"
2039,3,3,62,0.94612139000003,"1"
2039,3,4,63,3.54015479000003,"1"
2039,3,5,64,3.35704655000001,"1"
2039,3,6,65,1.80062651000003,"1"
2039,3,7,66,1.75484944999999,"1"
2039,3,8,67,1.83114455000003,"1"
2039,3,9,68,1.93795769000002,"1"
2039,3,10,69,1.37337395000003,"1"
2039,3,11,70,1.63277729000004,"1"
2039,3,12,71,1.69381337000004,"1"
2039,3,13,72,1.00715747000004,"1"
2039,3,14,73,2.77720379000004,"1"
2039,3,15,74,2.71616771000004,"1"
2039,3,16,75,2.56357751000002,"1"
2039,3,17,76,2.68564967000003,"1"
2039,3,18,77,2.91453497000003,"1"
2039,3,19,78,1.02241649000001,"1"
2039,3,20,79,1.81588553,"1"
2039,3,21,80,1.99899377000003,"1"
2039,3,22,81,1.38863297,"1"
2039,3,23,82,1.05293453000002,"1"
2039,3,24,83,1.38863297,"1"
2039,3,25,84,1.93795769000002,"1"
2039,3,26,85,0.885085310000022,"1"
2039,3,27,86,1.19026571000001,"1"
2039,3,28,87,1.78536749,"1"
2039,3,29,88,1.55648219,"1"
2039,3,30,89,1.93795769000002,"1"
2039,3,31,90,3.31126949000003,"1"
2040,3,1,61,2.82298085000002,"1"
2040,3,2,62,1.20552473000004,"1"
2040,3,3,63,1.66329533000004,"1"
2040,3,4,64,2.28891515000004,"1"
2040,3,5,65,3.49437773,"1"
2040,3,6,66,2.04477083,"1"
2040,3,7,67,1.75484944999999,"1"
2040,3,8,68,1.70907239000002,"1"
2040,3,9,69,2.22787907000003,"1"
2040,3,10,70,1.90743965000001,"1"
2040,3,11,71,0.732495110000002,"1"
2040,3,12,72,1.26656081000004,"1"
2040,3,13,73,3.21971537000002,"1"
2040,3,14,74,3.02134811000002,"1"
2040,3,15,75,3.37230557000004,"1"
2040,3,16,76,2.50254143000001,"1"
2040,3,17,77,1.55648219,"1"
2040,3,18,78,2.04477083,"1"
2040,3,19,79,2.19736103000002,"1"
2040,3,20,80,4.05896147000004,"1"
2040,3,21,81,2.22787907000003,"1"
2040,3,22,82,1.87692161000001,"1"
2040,3,23,83,3.02134811000002,"1"
2040,3,24,84,3.43334165000005,"1"
2040,3,25,85,1.58700023,"1"
2040,3,26,86,2.15158397000005,"1"
2040,3,27,87,1.90743965000001,"1"
2040,3,28,88,1.11397061000002,"1"
2040,3,29,89,3.14342027000004,"1"
2040,3,30,90,3.75378107,"1"
2040,3,31,91,2.12106593000004,"1"
2041,3,1,60,1.64803631000001,"1"
2041,3,2,61,1.83114455000003,"1"
2041,3,3,62,2.31943319000004,"1"
2041,3,4,63,0.991898450000008,"1"
2041,3,5,64,1.84640357000001,"1"
2041,3,6,65,3.37230557000004,"1"
2041,3,7,66,2.16684299000002,"1"
2041,3,8,67,1.81588553,"1"
2041,3,9,68,1.67855435000001,"1"
2041,3,10,69,2.80772182999999,"1"
2041,3,11,70,1.95321670999999,"1"
2041,3,12,71,2.70090869000001,"1"
2041,3,13,72,2.63987261,"1"
2041,3,14,73,2.85349889000003,"1"
2041,3,15,74,3.43334165000005,"1"
2041,3,16,75,1.54122317000002,"1"
2041,3,17,76,1.89218063000004,"1"
2041,3,18,77,1.14448865000003,"1"
2041,3,19,78,2.15158397000005,"1"
2041,3,20,79,3.18919733000001,"1"
2041,3,21,80,1.86166259000004,"1"
2041,3,22,81,2.56357751000002,"1"
2041,3,23,82,2.19736103000002,"1"
2041,3,24,83,2.36521025000002,"1"
2041,3,25,84,1.52596414999999,"1"
2041,3,26,85,2.92979399000001,"1"
2041,3,27,86,2.30417417000001,"1"
2041,3,28,87,3.75378107,"1"
2041,3,29,88,3.21971537000002,"1"
2041,3,30,89,2.28891515000004,"1"
2041,3,31,90,3.20445635000004,"1"
2042,3,1,60,1.28181983000002,"1"
2042,3,2,61,1.67855435000001,"1"
2042,3,3,62,2.82298085000002,"1"
2042,3,4,63,1.26656081000004,"1"
2042,3,5,64,0.94612139000003,"1"
2042,3,6,65,1.58700023,"1"
2042,3,7,66,1.38863297,"1"
2042,3,8,67,2.51780045000004,"1"
2042,3,9,68,1.89218063000004,"1"
2042,3,10,69,2.13632495000002,"1"
2042,3,11,70,2.28891515000004,"1"
2042,3,12,71,2.47202339,"1"
2042,3,13,72,1.54122317000002,"1"
2042,3,14,73,2.04477083,"1"
2042,3,15,74,2.67039065,"1"
2042,3,16,75,2.94505301000004,"1"
2042,3,17,76,2.68564967000003,"1"
2042,3,18,77,2.31943319000004,"1"
2042,3,19,78,2.22787907000003,"1"
2042,3,20,79,4.92872561000001,"1"
2042,3,21,80,2.19736103000002,"1"
2042,3,22,81,2.31943319000004,"1"
2042,3,23,82,3.79955813000004,"1"
2042,3,24,83,2.63987261,"1"
2042,3,25,84,3.20445635000004,"1"
2042,3,26,85,2.60935456999999,"1"
2042,3,27,86,2.25839711000003,"1"
2042,3,28,87,2.36521025000002,"1"
2042,3,29,88,2.41098731,"1"
2042,3,30,89,2.30417417000001,"1"
2042,3,31,90,2.79246281000002,"1"
2043,3,1,60,1.73959043000002,"1"
2043,3,2,61,1.57174121000003,"1"
2043,3,3,62,1.52596414999999,"1"
2043,3,4,63,1.29707884999999,"1"
2043,3,5,64,1.49544611000005,"1"
2043,3,6,65,3.81481715000001,"1"
2043,3,7,66,3.31126949000003,"1"
2043,3,8,67,2.16684299000002,"1"
2043,3,9,68,3.50963675000003,"1"
2043,3,10,69,3.09764321,"1"
2043,3,11,70,3.98266637,"1"
2043,3,12,71,3.32652851,"1"
2043,3,13,72,2.96031203000001,"1"
2043,3,14,73,1.49544611000005,"1"
2043,3,15,74,1.75484944999999,"1"
2043,3,16,75,2.59409555000002,"1"
2043,3,17,76,1.02241649000001,"1"
2043,3,18,77,2.97557105000004,"1"
2043,3,19,78,2.68564967000003,"1"
2043,3,20,79,2.74668575000004,"1"
2043,3,21,80,1.81588553,"1"
2043,3,22,81,3.20445635000004,"1"
2043,3,23,82,1.44966905000001,"1"
2043,3,24,83,2.85349889000003,"1"
2043,3,25,84,2.27365613000001,"1"
2043,3,26,85,1.54122317000002,"1"
2043,3,27,86,4.01318441000001,"1"
2043,3,28,87,3.44860067000002,"1"
2043,3,29,88,3.49437773,"1"
2043,3,30,89,1.92269867000005,"1"
2043,3,31,90,2.16684299000002,"1"
2044,3,1,61,1.93795769000002,"1"
2044,3,2,62,2.10580691000001,"1"
2044,3,3,63,1.77010847000003,"1"
2044,3,4,64,2.01425279,"1"
2044,3,5,65,2.31943319000004,"1"
2044,3,6,66,1.19026571000001,"1"
2044,3,7,67,2.01425279,"1"
2044,3,8,68,2.59409555000002,"1"
2044,3,9,69,3.64696793000002,"1"
2044,3,10,70,1.38863297,"1"
2044,3,11,71,0.869826289999992,"1"
2044,3,12,72,1.92269867000005,"1"
2044,3,13,73,1.54122317000002,"1"
2044,3,14,74,1.98373475,"1"
2044,3,15,75,1.49544611000005,"1"
2044,3,16,76,3.75378107,"1"
2044,3,17,77,2.12106593000004,"1"
2044,3,18,78,1.49544611000005,"1"
2044,3,19,79,1.02241649000001,"1"
2044,3,20,80,2.45676437000003,"1"
2044,3,21,81,2.59409555000002,"1"
2044,3,22,82,1.23604277000004,"1"
2044,3,23,83,1.84640357000001,"1"
2044,3,24,84,3.40282361000004,"1"
2044,3,25,85,3.20445635000004,"1"
2044,3,26,86,3.20445635000004,"1"
2044,3,27,87,2.25839711000003,"1"
2044,3,28,88,1.57174121000003,"1"
2044,3,29,89,3.95214833,"1"
2044,3,30,90,2.76194477000001,"1"
2044,3,31,91,2.60935456999999,"1"
2045,3,1,60,2.96031203000001,"1"
2045,3,2,61,2.50254143000001,"1"
2045,3,3,62,1.77010847000003,"1"
2045,3,4,63,2.41098731,"1"
2045,3,5,64,3.28075145000003,"1"
2045,3,6,65,4.27258775000001,"1"
2045,3,7,66,2.16684299000002,"1"
2045,3,8,67,3.37230557000004,"1"
2045,3,9,68,2.44150535,"1"
2045,3,10,69,2.97557105000004,"1"
2045,3,11,70,4.62354521000003,"1"
2045,3,12,71,2.24313809,"1"
2045,3,13,72,2.30417417000001,"1"
2045,3,14,73,1.43441003000004,"1"
2045,3,15,74,2.48728241000003,"1"
2045,3,16,75,4.13525657000002,"1"
2045,3,17,76,3.15867929000001,"1"
2045,3,18,77,2.82298085000002,"1"
2045,3,19,78,1.99899377000003,"1"
2045,3,20,79,2.21262005,"1"
2045,3,21,80,1.22078375000001,"1"
2045,3,22,81,2.28891515000004,"1"
2045,3,23,82,2.45676437000003,"1"
2045,3,24,83,2.54831849000004,"1"
2045,3,25,84,1.48018709000002,"1"
2045,3,26,85,2.54831849000004,"1"
2045,3,27,86,2.18210200999999,"1"
2045,3,28,87,2.88401693000003,"1"
2045,3,29,88,2.27365613000001,"1"
2045,3,30,89,2.38046926999999,"1"
2045,3,31,90,3.03660712999999,"1"
2046,3,1,60,3.08238419000003,"1"
2046,3,2,61,3.69274498999999,"1"
2046,3,3,62,1.14448865000003,"1"
2046,3,4,63,1.80062651000003,"1"
2046,3,5,64,2.01425279,"1"
2046,3,6,65,3.90637127000002,"1"
2046,3,7,66,2.56357751000002,"1"
2046,3,8,67,1.98373475,"1"
2046,3,9,68,0.991898450000008,"1"
2046,3,10,69,1.22078375000001,"1"
2046,3,11,70,1.05293453000002,"1"
2046,3,12,71,2.06002985000003,"1"
2046,3,13,72,1.84640357000001,"1"
2046,3,14,73,2.62461359000002,"1"
2046,3,15,74,2.27365613000001,"1"
2046,3,16,75,1.22078375000001,"1"
2046,3,17,76,3.69274498999999,"1"
2046,3,18,77,2.12106593000004,"1"
2046,3,19,78,2.36521025000002,"1"
2046,3,20,79,2.83823987,"1"
2046,3,21,80,1.73959043000002,"1"
2046,3,22,81,2.30417417000001,"1"
2046,3,23,82,2.50254143000001,"1"
2046,3,24,83,5.26442405,"1"
2046,3,25,84,2.96031203000001,"1"
2046,3,26,85,2.07528887000001,"1"
2046,3,27,86,2.34995123000004,"1"
2046,3,28,87,2.04477083,"1"
2046,3,29,88,2.89927595,"1"
2046,3,30,89,2.65513163000003,"1"
2046,3,31,90,1.77010847000003,"1"
2047,3,1,60,0.869826289999992,"1"
2047,3,2,61,3.15867929000001,"1"
2047,3,3,62,1.96847573000002,"1"
2047,3,4,63,0.991898450000008,"1"
2047,3,5,64,1.32759689,"1"
2047,3,6,65,0.93086237,"1"
2047,3,7,66,2.07528887000001,"1"
2047,3,8,67,2.70090869000001,"1"
2047,3,9,68,1.58700023,"1"
2047,3,10,69,0.839308250000045,"1"
2047,3,11,70,2.10580691000001,"1"
2047,3,12,71,2.06002985000003,"1"
2047,3,13,72,0.976639430000034,"1"
2047,3,14,73,1.14448865000003,"1"
2047,3,15,74,1.67855435000001,"1"
2047,3,16,75,1.29707884999999,"1"
2047,3,17,76,1.89218063000004,"1"
2047,3,18,77,2.04477083,"1"
2047,3,19,78,1.92269867000005,"1"
2047,3,20,79,2.06002985000003,"1"
2047,3,21,80,2.53305947000001,"1"
2047,3,22,81,2.53305947000001,"1"
2047,3,23,82,2.65513163000003,"1"
2047,3,24,83,2.38046926999999,"1"
2047,3,25,84,1.40389199000003,"1"
2047,3,26,85,1.60225925000003,"1"
2047,3,27,86,2.51780045000004,"1"
2047,3,28,87,1.98373475,"1"
2047,3,29,88,1.75484944999999,"1"
2047,3,30,89,3.89111224999999,"1"
2047,3,31,90,3.81481715000001,"1"
2048,3,1,61,1.61751827,"1"
2048,3,2,62,2.36521025000002,"1"
2048,3,3,63,2.91453497000003,"1"
2048,3,4,64,3.14342027000004,"1"
2048,3,5,65,1.60225925000003,"1"
2048,3,6,66,2.42624633000003,"1"
2048,3,7,67,2.74668575000004,"1"
2048,3,8,68,1.75484944999999,"1"
2048,3,9,69,3.38756459000001,"1"
2048,3,10,70,2.13632495000002,"1"
2048,3,11,71,2.86875791,"1"
2048,3,12,72,4.28784677000004,"1"
2048,3,13,73,2.44150535,"1"
2048,3,14,74,2.27365613000001,"1"
2048,3,15,75,3.17393831000004,"1"
2048,3,16,76,2.97557105000004,"1"
2048,3,17,77,2.57883653000005,"1"
2048,3,18,78,1.70907239000002,"1"
2048,3,19,79,1.69381337000004,"1"
2048,3,20,80,1.66329533000004,"1"
2048,3,21,81,2.85349889000003,"1"
2048,3,22,82,2.59409555000002,"1"
2048,3,23,83,3.96740735000003,"1"
2048,3,24,84,0.961380410000004,"1"
2048,3,25,85,2.60935456999999,"1"
2048,3,26,86,2.33469221000001,"1"
2048,3,27,87,1.99899377000003,"1"
2048,3,28,88,2.16684299000002,"1"
2048,3,29,89,3.14342027000004,"1"
2048,3,30,90,2.36521025000002,"1"
2048,3,31,91,3.14342027000004,"1"
2049,3,1,60,3.20445635000004,"1"
2049,3,2,61,3.40282361000004,"1"
2049,3,3,62,2.09054789000004,"1"
2049,3,4,63,1.83114455000003,"1"
2049,3,5,64,2.24313809,"1"
2049,3,6,65,1.49544611000005,"1"
2049,3,7,66,1.32759689,"1"
2049,3,8,67,3.76904009000003,"1"
2049,3,9,68,3.11290223000003,"1"
2049,3,10,69,2.13632495000002,"1"
2049,3,11,70,3.52489577,"1"
2049,3,12,71,3.26549243,"1"
2049,3,13,72,2.09054789000004,"1"
2049,3,14,73,0.869826289999992,"1"
2049,3,15,74,1.58700023,"1"
2049,3,16,75,2.45676437000003,"1"
2049,3,17,76,1.93795769000002,"1"
2049,3,18,77,1.70907239000002,"1"
2049,3,19,78,0.79353119000001,"1"
2049,3,20,79,1.15974767,"1"
2049,3,21,80,3.09764321,"1"
2049,3,22,81,1.26656081000004,"1"
2049,3,23,82,1.58700023,"1"
2049,3,24,83,3.49437773,"1"
2049,3,25,84,1.52596414999999,"1"
2049,3,26,85,1.77010847000003,"1"
2049,3,27,86,1.40389199000003,"1"
2049,3,28,87,1.83114455000003,"1"
2049,3,29,88,0.854567270000018,"1"
2049,3,30,89,0.93086237,"1"
2049,3,31,90,2.13632495000002,"1"
2050,3,1,60,3.37230557000004,"1"
2050,3,2,61,1.80062651000003,"1"
2050,3,3,62,2.34995123000004,"1"
2050,3,4,63,1.86166259000004,"1"
2050,3,5,64,1.20552473000004,"1"
2050,3,6,65,1.22078375000001,"1"
2050,3,7,66,2.51780045000004,"1"
2050,3,8,67,1.78536749,"1"
2050,3,9,68,1.06819355000005,"1"
2050,3,10,69,2.01425279,"1"
2050,3,11,70,1.20552473000004,"1"
2050,3,12,71,2.85349889000003,"1"
2050,3,13,72,4.30310579000002,"1"
2050,3,14,73,1.41915101000001,"1"
2050,3,15,74,1.80062651000003,"1"
2050,3,16,75,3.17393831000004,"1"
2050,3,17,76,1.25130179000001,"1"
2050,3,18,77,1.90743965000001,"1"
2050,3,19,78,3.43334165000005,"1"
2050,3,20,79,3.05186615000002,"1"
2050,3,21,80,1.44966905000001,"1"
2050,3,22,81,2.18210200999999,"1"
2050,3,23,82,2.50254143000001,"1"
2050,3,24,83,2.41098731,"1"
2050,3,25,84,1.54122317000002,"1"
2050,3,26,85,2.96031203000001,"1"
2050,3,27,86,4.34888285,"1"
2050,3,28,87,1.58700023,"1"
2050,3,29,88,3.54015479000003,"1"
2050,3,30,89,2.62461359000002,"1"
2050,3,31,90,3.72326303,"1"
2051,3,1,60,4.30310579000002,"1"
2051,3,2,61,4.69984031000001,"1"
2051,3,3,62,3.49437773,"1"
2051,3,4,63,2.09054789000004,"1"
2051,3,5,64,3.15867929000001,"1"
2051,3,6,65,2.04477083,"1"
2051,3,7,66,2.41098731,"1"
2051,3,8,67,2.04477083,"1"
2051,3,9,68,3.17393831000004,"1"
2051,3,10,69,2.12106593000004,"1"
2051,3,11,70,2.34995123000004,"1"
2051,3,12,71,2.10580691000001,"1"
2051,3,13,72,2.28891515000004,"1"
2051,3,14,73,3.17393831000004,"1"
2051,3,15,74,1.61751827,"1"
2051,3,16,75,3.60119087000004,"1"
2051,3,17,76,1.99899377000003,"1"
2051,3,18,77,1.92269867000005,"1"
2051,3,19,78,0.717236090000029,"1"
2051,3,20,79,2.89927595,"1"
2051,3,21,80,1.81588553,"1"
2051,3,22,81,6.62247683000004,"1"
2051,3,23,82,2.24313809,"1"
2051,3,24,83,2.16684299000002,"1"
2051,3,25,84,1.60225925000003,"1"
2051,3,26,85,1.78536749,"1"
2051,3,27,86,2.27365613000001,"1"
2051,3,28,87,1.22078375000001,"1"
2051,3,29,88,2.41098731,"1"
2051,3,30,89,2.45676437000003,"1"
2051,3,31,90,1.81588553,"1"
2052,3,1,61,3.00608909000005,"1"
2052,3,2,62,2.13632495000002,"1"
2052,3,3,63,3.08238419000003,"1"
2052,3,4,64,2.82298085000002,"1"
2052,3,5,65,1.93795769000002,"1"
2052,3,6,66,2.13632495000002,"1"
2052,3,7,67,1.28181983000002,"1"
2052,3,8,68,2.59409555000002,"1"
2052,3,9,69,2.68564967000003,"1"
2052,3,10,70,2.28891515000004,"1"
2052,3,11,71,3.35704655000001,"1"
2052,3,12,72,2.30417417000001,"1"
2052,3,13,73,3.15867929000001,"1"
2052,3,14,74,1.67855435000001,"1"
2052,3,15,75,1.84640357000001,"1"
2052,3,16,76,1.89218063000004,"1"
2052,3,17,77,1.75484944999999,"1"
2052,3,18,78,2.62461359000002,"1"
2052,3,19,79,2.56357751000002,"1"
2052,3,20,80,1.75484944999999,"1"
2052,3,21,81,2.25839711000003,"1"
2052,3,22,82,0.763013150000006,"1"
2052,3,23,83,1.17500669000003,"1"
2052,3,24,84,1.25130179000001,"1"
2052,3,25,85,1.66329533000004,"1"
2052,3,26,86,1.93795769000002,"1"
2052,3,27,87,2.06002985000003,"1"
2052,3,28,88,3.12816125,"1"
2052,3,29,89,3.43334165000005,"1"
2052,3,30,90,1.72433141000005,"1"
2052,3,31,91,3.52489577,"1"
2053,3,1,60,1.95321670999999,"1"
2053,3,2,61,0.610422950000043,"1"
2053,3,3,62,2.09054789000004,"1"
2053,3,4,63,2.60935456999999,"1"
2053,3,5,64,2.04477083,"1"
2053,3,6,65,3.08238419000003,"1"
2053,3,7,66,3.55541381,"1"
2053,3,8,67,1.67855435000001,"1"
2053,3,9,68,1.51070513000002,"1"
2053,3,10,69,3.70800401000002,"1"
2053,3,11,70,1.35811493,"1"
2053,3,12,71,1.26656081000004,"1"
2053,3,13,72,0.885085310000022,"1"
2053,3,14,73,3.09764321,"1"
2053,3,15,74,1.57174121000003,"1"
2053,3,16,75,2.51780045000004,"1"
2053,3,17,76,3.46385968999999,"1"
2053,3,18,77,3.69274498999999,"1"
2053,3,19,78,2.21262005,"1"
2053,3,20,79,2.76194477000001,"1"
2053,3,21,80,2.34995123000004,"1"
2053,3,22,81,2.57883653000005,"1"
2053,3,23,82,1.83114455000003,"1"
2053,3,24,83,2.48728241000003,"1"
2053,3,25,84,3.95214833,"1"
2053,3,26,85,2.28891515000004,"1"
2053,3,27,86,2.13632495000002,"1"
2053,3,28,87,2.16684299000002,"1"
2053,3,29,88,2.07528887000001,"1"
2053,3,30,89,1.19026571000001,"1"
2053,3,31,90,1.99899377000003,"1"
2054,3,1,60,2.50254143000001,"1"
2054,3,2,61,2.34995123000004,"1"
2054,3,3,62,2.44150535,"1"
2054,3,4,63,3.60119087000004,"1"
2054,3,5,64,2.04477083,"1"
2054,3,6,65,2.50254143000001,"1"
2054,3,7,66,2.44150535,"1"
2054,3,8,67,1.41915101000001,"1"
2054,3,9,68,2.28891515000004,"1"
2054,3,10,69,3.70800401000002,"1"
2054,3,11,70,3.55541381,"1"
2054,3,12,71,2.28891515000004,"1"
2054,3,13,72,0.732495110000002,"1"
2054,3,14,73,3.66222695000005,"1"
2054,3,15,74,4.98976169000002,"1"
2054,3,16,75,2.97557105000004,"1"
2054,3,17,76,1.40389199000003,"1"
2054,3,18,77,1.72433141000005,"1"
2054,3,19,78,1.89218063000004,"1"
2054,3,20,79,2.57883653000005,"1"
2054,3,21,80,1.17500669000003,"1"
2054,3,22,81,2.99083007000002,"1"
2054,3,23,82,1.86166259000004,"1"
2054,3,24,83,2.94505301000004,"1"
2054,3,25,84,1.66329533000004,"1"
2054,3,26,85,1.05293453000002,"1"
2054,3,27,86,1.34285591000003,"1"
2054,3,28,87,2.59409555000002,"1"
2054,3,29,88,1.86166259000004,"1"
2054,3,30,89,1.19026571000001,"1"
2054,3,31,90,4.53199109000002,"1"
2055,3,1,60,1.67855435000001,"1"
2055,3,2,61,1.64803631000001,"1"
2055,3,3,62,2.21262005,"1"
2055,3,4,63,3.29601047,"1"
2055,3,5,64,1.41915101000001,"1"
2055,3,6,65,0.885085310000022,"1"
2055,3,7,66,2.07528887000001,"1"
2055,3,8,67,2.63987261,"1"
2055,3,9,68,1.41915101000001,"1"
2055,3,10,69,2.45676437000003,"1"
2055,3,11,70,1.95321670999999,"1"
2055,3,12,71,1.80062651000003,"1"
2055,3,13,72,1.57174121000003,"1"
2055,3,14,73,0.94612139000003,"1"
2055,3,15,74,1.75484944999999,"1"
2055,3,16,75,1.17500669000003,"1"
2055,3,17,76,3.00608909000005,"1"
2055,3,18,77,2.48728241000003,"1"
2055,3,19,78,3.23497439000005,"1"
2055,3,20,79,1.70907239000002,"1"
2055,3,21,80,4.11999754999999,"1"
2055,3,22,81,2.06002985000003,"1"
2055,3,23,82,3.92163029,"1"
2055,3,24,83,3.21971537000002,"1"
2055,3,25,84,2.04477083,"1"
2055,3,26,85,4.97450266999999,"1"
2055,3,27,86,3.67748597000002,"1"
2055,3,28,87,1.64803631000001,"1"
2055,3,29,88,3.90637127000002,"1"
2055,3,30,89,2.70090869000001,"1"
2055,3,31,90,0.763013150000006,"1"
2056,3,1,61,1.84640357000001,"1"
2056,3,2,62,1.38863297,"1"
2056,3,3,63,2.28891515000004,"1"
2056,3,4,64,2.12106593000004,"1"
2056,3,5,65,2.09054789000004,"1"
2056,3,6,66,0.79353119000001,"1"
2056,3,7,67,1.26656081000004,"1"
2056,3,8,68,2.70090869000001,"1"
2056,3,9,69,2.27365613000001,"1"
2056,3,10,70,2.16684299000002,"1"
2056,3,11,71,1.22078375000001,"1"
2056,3,12,72,2.56357751000002,"1"
2056,3,13,73,1.43441003000004,"1"
2056,3,14,74,2.73142673000001,"1"
2056,3,15,75,1.03767551000004,"1"
2056,3,16,76,1.40389199000003,"1"
2056,3,17,77,3.90637127000002,"1"
2056,3,18,78,3.20445635000004,"1"
2056,3,19,79,1.25130179000001,"1"
2056,3,20,80,2.62461359000002,"1"
2056,3,21,81,1.14448865000003,"1"
2056,3,22,82,0.976639430000034,"1"
2056,3,23,83,1.46492807000004,"1"
2056,3,24,84,2.25839711000003,"1"
2056,3,25,85,3.20445635000004,"1"
2056,3,26,86,3.17393831000004,"1"
2056,3,27,87,3.86059421000004,"1"
2056,3,28,88,2.80772182999999,"1"
2056,3,29,89,3.66222695000005,"1"
2056,3,30,90,2.44150535,"1"
2056,3,31,91,4.91346659000004,"1"
2057,3,1,60,2.13632495000002,"1"
2057,3,2,61,1.48018709000002,"1"
2057,3,3,62,2.28891515000004,"1"
2057,3,4,63,1.54122317000002,"1"
2057,3,5,64,2.30417417000001,"1"
2057,3,6,65,1.96847573000002,"1"
2057,3,7,66,2.63987261,"1"
2057,3,8,67,3.29601047,"1"
2057,3,9,68,1.99899377000003,"1"
2057,3,10,69,1.70907239000002,"1"
2057,3,11,70,3.58593185000001,"1"
2057,3,12,71,1.06819355000005,"1"
2057,3,13,72,1.40389199000003,"1"
2057,3,14,73,1.66329533000004,"1"
2057,3,15,74,2.42624633000003,"1"
2057,3,16,75,1.90743965000001,"1"
2057,3,17,76,1.93795769000002,"1"
2057,3,18,77,1.51070513000002,"1"
2057,3,19,78,2.30417417000001,"1"
2057,3,20,79,2.50254143000001,"1"
2057,3,21,80,2.41098731,"1"
2057,3,22,81,2.63987261,"1"
2057,3,23,82,1.51070513000002,"1"
2057,3,24,83,1.58700023,"1"
2057,3,25,84,1.63277729000004,"1"
2057,3,26,85,2.33469221000001,"1"
2057,3,27,86,2.07528887000001,"1"
2057,3,28,87,3.15867929000001,"1"
2057,3,29,88,3.41808263000001,"1"
2057,3,30,89,2.10580691000001,"1"
2057,3,31,90,1.58700023,"1"
2058,3,1,60,0.808790210000041,"1"
2058,3,2,61,0.274724509999999,"1"
2058,3,3,62,0.991898450000008,"1"
2058,3,4,63,2.27365613000001,"1"
2058,3,5,64,3.00608909000005,"1"
2058,3,6,65,1.22078375000001,"1"
2058,3,7,66,1.77010847000003,"1"
2058,3,8,67,2.39572829000002,"1"
2058,3,9,68,2.56357751000002,"1"
2058,3,10,69,1.99899377000003,"1"
2058,3,11,70,2.30417417000001,"1"
2058,3,12,71,3.35704655000001,"1"
2058,3,13,72,2.15158397000005,"1"
2058,3,14,73,0.717236090000029,"1"
2058,3,15,74,4.28784677000004,"1"
2058,3,16,75,1.17500669000003,"1"
2058,3,17,76,3.34178753000003,"1"
2058,3,18,77,2.83823987,"1"
2058,3,19,78,2.04477083,"1"
2058,3,20,79,3.23497439000005,"1"
2058,3,21,80,3.12816125,"1"
2058,3,22,81,2.63987261,"1"
2058,3,23,82,3.17393831000004,"1"
2058,3,24,83,1.40389199000003,"1"
2058,3,25,84,1.63277729000004,"1"
2058,3,26,85,1.52596414999999,"1"
2058,3,27,86,1.26656081000004,"1"
2058,3,28,87,1.78536749,"1"
2058,3,29,88,2.48728241000003,"1"
2058,3,30,89,3.49437773,"1"
2058,3,31,90,1.89218063000004,"1"
2059,3,1,60,1.34285591000003,"1"
2059,3,2,61,2.07528887000001,"1"
2059,3,3,62,1.11397061000002,"1"
2059,3,4,63,0.869826289999992,"1"
2059,3,5,64,3.14342027000004,"1"
2059,3,6,65,2.86875791,"1"
2059,3,7,66,2.21262005,"1"
2059,3,8,67,3.15867929000001,"1"
2059,3,9,68,1.40389199000003,"1"
2059,3,10,69,0.915603350000026,"1"
2059,3,11,70,2.47202339,"1"
2059,3,12,71,1.57174121000003,"1"
2059,3,13,72,1.29707884999999,"1"
2059,3,14,73,1.43441003000004,"1"
2059,3,15,74,2.12106593000004,"1"
2059,3,16,75,1.61751827,"1"
2059,3,17,76,2.73142673000001,"1"
2059,3,18,77,1.86166259000004,"1"
2059,3,19,78,1.19026571000001,"1"
2059,3,20,79,1.99899377000003,"1"
2059,3,21,80,2.33469221000001,"1"
2059,3,22,81,2.51780045000004,"1"
2059,3,23,82,2.83823987,"1"
2059,3,24,83,1.87692161000001,"1"
2059,3,25,84,1.78536749,"1"
2059,3,26,85,4.22681069000004,"1"
2059,3,27,86,4.53199109000002,"1"
2059,3,28,87,1.92269867000005,"1"
2059,3,29,88,1.64803631000001,"1"
2059,3,30,89,2.36521025000002,"1"
2059,3,31,90,2.07528887000001,"1"
2060,3,1,61,1.80062651000003,"1"
2060,3,2,62,1.67855435000001,"1"
2060,3,3,63,1.93795769000002,"1"
2060,3,4,64,2.88401693000003,"1"
2060,3,5,65,2.96031203000001,"1"
2060,3,6,66,1.31233787000002,"1"
2060,3,7,67,0.473091769999996,"1"
2060,3,8,68,2.21262005,"1"
2060,3,9,69,3.14342027000004,"1"
2060,3,10,70,1.92269867000005,"1"
2060,3,11,71,1.98373475,"1"
2060,3,12,72,2.18210200999999,"1"
2060,3,13,73,2.73142673000001,"1"
2060,3,14,74,0.93086237,"1"
2060,3,15,75,2.15158397000005,"1"
2060,3,16,76,2.74668575000004,"1"
2060,3,17,77,2.89927595,"1"
2060,3,18,78,2.39572829000002,"1"
2060,3,19,79,2.16684299000002,"1"
2060,3,20,80,2.68564967000003,"1"
2060,3,21,81,3.86059421000004,"1"
2060,3,22,82,3.95214833,"1"
2060,3,23,83,2.76194477000001,"1"
2060,3,24,84,2.22787907000003,"1"
2060,3,25,85,3.29601047,"1"
2060,3,26,86,2.91453497000003,"1"
2060,3,27,87,1.58700023,"1"
2060,3,28,88,2.09054789000004,"1"
2060,3,29,89,1.73959043000002,"1"
2060,3,30,90,1.96847573000002,"1"
2060,3,31,91,3.49437773,"1"
2061,3,1,60,3.14342027000004,"1"
2061,3,2,61,3.49437773,"1"
2061,3,3,62,2.01425279,"1"
2061,3,4,63,1.35811493,"1"
2061,3,5,64,2.27365613000001,"1"
2061,3,6,65,1.64803631000001,"1"
2061,3,7,66,1.92269867000005,"1"
2061,3,8,67,1.90743965000001,"1"
2061,3,9,68,1.87692161000001,"1"
2061,3,10,69,1.32759689,"1"
2061,3,11,70,0.747754130000033,"1"
2061,3,12,71,2.01425279,"1"
2061,3,13,72,1.86166259000004,"1"
2061,3,14,73,2.56357751000002,"1"
2061,3,15,74,1.40389199000003,"1"
2061,3,16,75,3.29601047,"1"
2061,3,17,76,3.64696793000002,"1"
2061,3,18,77,2.34995123000004,"1"
2061,3,19,78,2.59409555000002,"1"
2061,3,20,79,0.747754130000033,"1"
2061,3,21,80,1.40389199000003,"1"
2061,3,22,81,0.869826289999992,"1"
2061,3,23,82,1.83114455000003,"1"
2061,3,24,83,1.35811493,"1"
2061,3,25,84,0.747754130000033,"1"
2061,3,26,85,2.01425279,"1"
2061,3,27,86,3.14342027000004,"1"
2061,3,28,87,2.86875791,"1"
2061,3,29,88,4.66932227000001,"1"
2061,3,30,89,3.47911871000002,"1"
2061,3,31,90,2.38046926999999,"1"
2062,3,1,60,1.58700023,"1"
2062,3,2,61,1.28181983000002,"1"
2062,3,3,62,3.11290223000003,"1"
2062,3,4,63,2.13632495000002,"1"
2062,3,5,64,1.43441003000004,"1"
2062,3,6,65,1.03767551000004,"1"
2062,3,7,66,0.79353119000001,"1"
2062,3,8,67,2.31943319000004,"1"
2062,3,9,68,1.81588553,"1"
2062,3,10,69,0.808790210000041,"1"
2062,3,11,70,0.412055690000045,"1"
2062,3,12,71,1.25130179000001,"1"
2062,3,13,72,1.60225925000003,"1"
2062,3,14,73,2.83823987,"1"
2062,3,15,74,2.38046926999999,"1"
2062,3,16,75,2.09054789000004,"1"
2062,3,17,76,1.29707884999999,"1"
2062,3,18,77,1.89218063000004,"1"
2062,3,19,78,2.33469221000001,"1"
2062,3,20,79,2.99083007000002,"1"
2062,3,21,80,1.20552473000004,"1"
2062,3,22,81,1.49544611000005,"1"
2062,3,23,82,0.412055690000045,"1"
2062,3,24,83,1.57174121000003,"1"
2062,3,25,84,0.579904910000039,"1"
2062,3,26,85,1.46492807000004,"1"
2062,3,27,86,2.89927595,"1"
2062,3,28,87,2.65513163000003,"1"
2062,3,29,88,2.62461359000002,"1"
2062,3,30,89,3.23497439000005,"1"
2062,3,31,90,3.58593185000001,"1"
2063,3,1,60,3.34178753000003,"1"
2063,3,2,61,3.76904009000003,"1"
2063,3,3,62,1.22078375000001,"1"
2063,3,4,63,1.32759689,"1"
2063,3,5,64,2.44150535,"1"
2063,3,6,65,0.961380410000004,"1"
2063,3,7,66,3.00608909000005,"1"
2063,3,8,67,2.16684299000002,"1"
2063,3,9,68,2.38046926999999,"1"
2063,3,10,69,2.97557105000004,"1"
2063,3,11,70,0.732495110000002,"1"
2063,3,12,71,1.81588553,"1"
2063,3,13,72,2.02951181000003,"1"
2063,3,14,73,2.04477083,"1"
2063,3,15,74,1.90743965000001,"1"
2063,3,16,75,2.80772182999999,"1"
2063,3,17,76,2.19736103000002,"1"
2063,3,18,77,2.60935456999999,"1"
2063,3,19,78,2.45676437000003,"1"
2063,3,20,79,3.15867929000001,"1"
2063,3,21,80,2.70090869000001,"1"
2063,3,22,81,3.35704655000001,"1"
2063,3,23,82,2.12106593000004,"1"
2063,3,24,83,0.915603350000026,"1"
2063,3,25,84,2.73142673000001,"1"
2063,3,26,85,3.35704655000001,"1"
2063,3,27,86,2.68564967000003,"1"
2063,3,28,87,3.81481715000001,"1"
2063,3,29,88,3.92163029,"1"
2063,3,30,89,2.31943319000004,"1"
2063,3,31,90,2.89927595,"1"
2064,3,1,61,1.26656081000004,"1"
2064,3,2,62,2.30417417000001,"1"
2064,3,3,63,1.66329533000004,"1"
2064,3,4,64,1.67855435000001,"1"
2064,3,5,65,1.72433141000005,"1"
2064,3,6,66,3.03660712999999,"1"
2064,3,7,67,2.63987261,"1"
2064,3,8,68,2.62461359000002,"1"
2064,3,9,69,1.54122317000002,"1"
2064,3,10,70,1.93795769000002,"1"
2064,3,11,71,1.49544611000005,"1"
2064,3,12,72,2.92979399000001,"1"
2064,3,13,73,2.41098731,"1"
2064,3,14,74,2.99083007000002,"1"
2064,3,15,75,2.57883653000005,"1"
2064,3,16,76,2.71616771000004,"1"
2064,3,17,77,3.06712517,"1"
2064,3,18,78,0.976639430000034,"1"
2064,3,19,79,3.02134811000002,"1"
2064,3,20,80,3.08238419000003,"1"
2064,3,21,81,3.18919733000001,"1"
2064,3,22,82,2.80772182999999,"1"
2064,3,23,83,1.26656081000004,"1"
2064,3,24,84,1.48018709000002,"1"
2064,3,25,85,1.83114455000003,"1"
2064,3,26,86,2.68564967000003,"1"
2064,3,27,87,3.52489577,"1"
2064,3,28,88,4.51673207000005,"1"
2064,3,29,89,2.27365613000001,"1"
2064,3,30,90,2.56357751000002,"1"
2064,3,31,91,2.77720379000004,"1"
2065,3,1,60,3.20445635000004,"1"
2065,3,2,61,2.70090869000001,"1"
2065,3,3,62,1.52596414999999,"1"
2065,3,4,63,1.14448865000003,"1"
2065,3,5,64,1.98373475,"1"
2065,3,6,65,2.02951181000003,"1"
2065,3,7,66,2.16684299000002,"1"
2065,3,8,67,4.71509933000004,"1"
2065,3,9,68,3.55541381,"1"
2065,3,10,69,2.54831849000004,"1"
2065,3,11,70,2.82298085000002,"1"
2065,3,12,71,3.25023341000002,"1"
2065,3,13,72,1.03767551000004,"1"
2065,3,14,73,2.15158397000005,"1"
2065,3,15,74,1.54122317000002,"1"
2065,3,16,75,1.06819355000005,"1"
2065,3,17,76,1.99899377000003,"1"
2065,3,18,77,2.19736103000002,"1"
2065,3,19,78,2.18210200999999,"1"
2065,3,20,79,1.26656081000004,"1"
2065,3,21,80,1.63277729000004,"1"
2065,3,22,81,0.885085310000022,"1"
2065,3,23,82,2.22787907000003,"1"
2065,3,24,83,4.01318441000001,"1"
2065,3,25,84,2.59409555000002,"1"
2065,3,26,85,1.25130179000001,"1"
2065,3,27,86,3.52489577,"1"
2065,3,28,87,6.14944721,"1"
2065,3,29,88,2.25839711000003,"1"
2065,3,30,89,2.13632495000002,"1"
2065,3,31,90,3.40282361000004,"1"
2066,3,1,60,2.39572829000002,"1"
2066,3,2,61,1.93795769000002,"1"
2066,3,3,62,1.98373475,"1"
2066,3,4,63,5.72219465000001,"1"
2066,3,5,64,1.98373475,"1"
2066,3,6,65,1.51070513000002,"1"
2066,3,7,66,2.21262005,"1"
2066,3,8,67,1.92269867000005,"1"
2066,3,9,68,2.09054789000004,"1"
2066,3,10,69,2.36521025000002,"1"
2066,3,11,70,1.84640357000001,"1"
2066,3,12,71,1.67855435000001,"1"
2066,3,13,72,3.00608909000005,"1"
2066,3,14,73,2.01425279,"1"
2066,3,15,74,1.81588553,"1"
2066,3,16,75,2.06002985000003,"1"
2066,3,17,76,2.39572829000002,"1"
2066,3,18,77,1.44966905000001,"1"
2066,3,19,78,2.34995123000004,"1"
2066,3,20,79,1.54122317000002,"1"
2066,3,21,80,2.76194477000001,"1"
2066,3,22,81,2.09054789000004,"1"
2066,3,23,82,2.15158397000005,"1"
2066,3,24,83,5.34071915000004,"1"
2066,3,25,84,3.60119087000004,"1"
2066,3,26,85,3.46385968999999,"1"
2066,3,27,86,1.48018709000002,"1"
2066,3,28,87,2.12106593000004,"1"
2066,3,29,88,2.15158397000005,"1"
2066,3,30,89,3.90637127000002,"1"
2066,3,31,90,2.86875791,"1"
2067,3,1,60,1.34285591000003,"1"
2067,3,2,61,1.95321670999999,"1"
2067,3,3,62,2.48728241000003,"1"
2067,3,4,63,1.60225925000003,"1"
2067,3,5,64,1.70907239000002,"1"
2067,3,6,65,2.07528887000001,"1"
2067,3,7,66,1.95321670999999,"1"
2067,3,8,67,2.04477083,"1"
2067,3,9,68,2.59409555000002,"1"
2067,3,10,69,2.91453497000003,"1"
2067,3,11,70,3.34178753000003,"1"
2067,3,12,71,2.30417417000001,"1"
2067,3,13,72,1.26656081000004,"1"
2067,3,14,73,2.53305947000001,"1"
2067,3,15,74,1.70907239000002,"1"
2067,3,16,75,0.991898450000008,"1"
2067,3,17,76,2.71616771000004,"1"
2067,3,18,77,2.85349889000003,"1"
2067,3,19,78,0.976639430000034,"1"
2067,3,20,79,1.48018709000002,"1"
2067,3,21,80,1.06819355000005,"1"
2067,3,22,81,3.54015479000003,"1"
2067,3,23,82,3.40282361000004,"1"
2067,3,24,83,3.57067283000003,"1"
2067,3,25,84,3.08238419000003,"1"
2067,3,26,85,2.73142673000001,"1"
2067,3,27,86,2.13632495000002,"1"
2067,3,28,87,3.40282361000004,"1"
2067,3,29,88,2.15158397000005,"1"
2067,3,30,89,2.24313809,"1"
2067,3,31,90,1.80062651000003,"1"
2068,3,1,61,0.94612139000003,"1"
2068,3,2,62,1.77010847000003,"1"
2068,3,3,63,2.80772182999999,"1"
2068,3,4,64,2.06002985000003,"1"
2068,3,5,65,2.18210200999999,"1"
2068,3,6,66,1.86166259000004,"1"
2068,3,7,67,2.68564967000003,"1"
2068,3,8,68,2.01425279,"1"
2068,3,9,69,1.38863297,"1"
2068,3,10,70,2.53305947000001,"1"
2068,3,11,71,1.00715747000004,"1"
2068,3,12,72,2.71616771000004,"1"
2068,3,13,73,2.04477083,"1"
2068,3,14,74,1.31233787000002,"1"
2068,3,15,75,2.94505301000004,"1"
2068,3,16,76,2.73142673000001,"1"
2068,3,17,77,2.12106593000004,"1"
2068,3,18,78,1.23604277000004,"1"
2068,3,19,79,0.976639430000034,"1"
2068,3,20,80,1.99899377000003,"1"
2068,3,21,81,1.83114455000003,"1"
2068,3,22,82,1.40389199000003,"1"
2068,3,23,83,1.12922963,"1"
2068,3,24,84,3.72326303,"1"
2068,3,25,85,2.86875791,"1"
2068,3,26,86,2.74668575000004,"1"
2068,3,27,87,3.28075145000003,"1"
2068,3,28,88,2.92979399000001,"1"
2068,3,29,89,1.31233787000002,"1"
2068,3,30,90,1.35811493,"1"
2068,3,31,91,1.98373475,"1"
2069,3,1,60,1.98373475,"1"
2069,3,2,61,1.29707884999999,"1"
2069,3,3,62,1.69381337000004,"1"
2069,3,4,63,1.90743965000001,"1"
2069,3,5,64,1.20552473000004,"1"
2069,3,6,65,2.50254143000001,"1"
2069,3,7,66,2.99083007000002,"1"
2069,3,8,67,1.15974767,"1"
2069,3,9,68,1.44966905000001,"1"
2069,3,10,69,2.91453497000003,"1"
2069,3,11,70,1.96847573000002,"1"
2069,3,12,71,1.05293453000002,"1"
2069,3,13,72,2.51780045000004,"1"
2069,3,14,73,2.33469221000001,"1"
2069,3,15,74,2.07528887000001,"1"
2069,3,16,75,1.38863297,"1"
2069,3,17,76,1.89218063000004,"1"
2069,3,18,77,3.06712517,"1"
2069,3,19,78,1.61751827,"1"
2069,3,20,79,3.20445635000004,"1"
2069,3,21,80,1.57174121000003,"1"
2069,3,22,81,1.12922963,"1"
2069,3,23,82,2.30417417000001,"1"
2069,3,24,83,2.70090869000001,"1"
2069,3,25,84,2.68564967000003,"1"
2069,3,26,85,2.50254143000001,"1"
2069,3,27,86,2.39572829000002,"1"
2069,3,28,87,2.54831849000004,"1"
2069,3,29,88,1.92269867000005,"1"
2069,3,30,89,2.41098731,"1"
2069,3,31,90,2.21262005,"1"
2070,3,1,60,1.80062651000003,"1"
2070,3,2,61,2.63987261,"1"
2070,3,3,62,1.63277729000004,"1"
2070,3,4,63,2.41098731,"1"
2070,3,5,64,2.16684299000002,"1"
2070,3,6,65,2.18210200999999,"1"
2070,3,7,66,3.15867929000001,"1"
2070,3,8,67,2.06002985000003,"1"
2070,3,9,68,3.09764321,"1"
2070,3,10,69,1.23604277000004,"1"
2070,3,11,70,1.90743965000001,"1"
2070,3,12,71,2.65513163000003,"1"
2070,3,13,72,2.16684299000002,"1"
2070,3,14,73,2.18210200999999,"1"
2070,3,15,74,3.20445635000004,"1"
2070,3,16,75,2.53305947000001,"1"
2070,3,17,76,1.99899377000003,"1"
2070,3,18,77,1.32759689,"1"
2070,3,19,78,1.09871158999999,"1"
2070,3,20,79,0.808790210000041,"1"
2070,3,21,80,1.06819355000005,"1"
2070,3,22,81,2.39572829000002,"1"
2070,3,23,82,3.03660712999999,"1"
2070,3,24,83,2.60935456999999,"1"
2070,3,25,84,1.75484944999999,"1"
2070,3,26,85,1.67855435000001,"1"
2070,3,27,86,3.44860067000002,"1"
2070,3,28,87,1.75484944999999,"1"
2070,3,29,88,2.27365613000001,"1"
2070,3,30,89,3.25023341000002,"1"
2070,3,31,90,2.33469221000001,"1"
2071,3,1,60,2.68564967000003,"1"
2071,3,2,61,2.76194477000001,"1"
2071,3,3,62,2.56357751000002,"1"
2071,3,4,63,2.79246281000002,"1"
2071,3,5,64,2.65513163000003,"1"
2071,3,6,65,0.93086237,"1"
2071,3,7,66,0.259465490000025,"1"
2071,3,8,67,1.75484944999999,"1"
2071,3,9,68,2.44150535,"1"
2071,3,10,69,2.44150535,"1"
2071,3,11,70,2.18210200999999,"1"
2071,3,12,71,2.24313809,"1"
2071,3,13,72,2.38046926999999,"1"
2071,3,14,73,1.81588553,"1"
2071,3,15,74,2.54831849000004,"1"
2071,3,16,75,3.93688931000003,"1"
2071,3,17,76,2.73142673000001,"1"
2071,3,18,77,3.34178753000003,"1"
2071,3,19,78,2.53305947000001,"1"
2071,3,20,79,3.26549243,"1"
2071,3,21,80,3.73852205000003,"1"
2071,3,22,81,2.59409555000002,"1"
2071,3,23,82,2.22787907000003,"1"
2071,3,24,83,3.15867929000001,"1"
2071,3,25,84,3.06712517,"1"
2071,3,26,85,3.66222695000005,"1"
2071,3,27,86,2.70090869000001,"1"
2071,3,28,87,3.29601047,"1"
2071,3,29,88,3.44860067000002,"1"
2071,3,30,89,2.02951181000003,"1"
2071,3,31,90,1.89218063000004,"1"
2072,3,1,61,1.64803631000001,"1"
2072,3,2,62,1.75484944999999,"1"
2072,3,3,63,2.88401693000003,"1"
2072,3,4,64,3.32652851,"1"
2072,3,5,65,1.80062651000003,"1"
2072,3,6,66,1.31233787000002,"1"
2072,3,7,67,2.09054789000004,"1"
2072,3,8,68,2.10580691000001,"1"
2072,3,9,69,3.28075145000003,"1"
2072,3,10,70,1.57174121000003,"1"
2072,3,11,71,1.54122317000002,"1"
2072,3,12,72,1.81588553,"1"
2072,3,13,73,1.43441003000004,"1"
2072,3,14,74,1.51070513000002,"1"
2072,3,15,75,3.32652851,"1"
2072,3,16,76,2.41098731,"1"
2072,3,17,77,1.48018709000002,"1"
2072,3,18,78,1.44966905000001,"1"
2072,3,19,79,1.89218063000004,"1"
2072,3,20,80,3.34178753000003,"1"
2072,3,21,81,2.19736103000002,"1"
2072,3,22,82,2.39572829000002,"1"
2072,3,23,83,3.60119087000004,"1"
2072,3,24,84,3.09764321,"1"
2072,3,25,85,1.57174121000003,"1"
2072,3,26,86,1.98373475,"1"
2072,3,27,87,0.900344329999996,"1"
2072,3,28,88,1.98373475,"1"
2072,3,29,89,2.07528887000001,"1"
2072,3,30,90,2.51780045000004,"1"
2072,3,31,91,2.39572829000002,"1"
2073,3,1,60,1.78536749,"1"
2073,3,2,61,2.51780045000004,"1"
2073,3,3,62,2.36521025000002,"1"
2073,3,4,63,1.81588553,"1"
2073,3,5,64,2.15158397000005,"1"
2073,3,6,65,1.46492807000004,"1"
2073,3,7,66,2.80772182999999,"1"
2073,3,8,67,2.39572829000002,"1"
2073,3,9,68,2.44150535,"1"
2073,3,10,69,4.36414187000003,"1"
2073,3,11,70,1.98373475,"1"
2073,3,12,71,2.15158397000005,"1"
2073,3,13,72,1.00715747000004,"1"
2073,3,14,73,3.73852205000003,"1"
2073,3,15,74,3.06712517,"1"
2073,3,16,75,2.15158397000005,"1"
2073,3,17,76,2.04477083,"1"
2073,3,18,77,1.96847573000002,"1"
2073,3,19,78,0.518868830000031,"1"
2073,3,20,79,1.69381337000004,"1"
2073,3,21,80,3.14342027000004,"1"
2073,3,22,81,1.70907239000002,"1"
2073,3,23,82,1.61751827,"1"
2073,3,24,83,2.85349889000003,"1"
2073,3,25,84,0.94612139000003,"1"
2073,3,26,85,1.48018709000002,"1"
2073,3,27,86,0.915603350000026,"1"
2073,3,28,87,2.24313809,"1"
2073,3,29,88,3.26549243,"1"
2073,3,30,89,2.13632495000002,"1"
2073,3,31,90,3.40282361000004,"1"
2074,3,1,60,3.38756459000001,"1"
2074,3,2,61,1.93795769000002,"1"
2074,3,3,62,2.28891515000004,"1"
2074,3,4,63,1.83114455000003,"1"
2074,3,5,64,1.73959043000002,"1"
2074,3,6,65,1.66329533000004,"1"
2074,3,7,66,1.41915101000001,"1"
2074,3,8,67,1.22078375000001,"1"
2074,3,9,68,1.40389199000003,"1"
2074,3,10,69,0.640940990000047,"1"
2074,3,11,70,1.32759689,"1"
2074,3,12,71,3.58593185000001,"1"
2074,3,13,72,2.88401693000003,"1"
2074,3,14,73,3.05186615000002,"1"
2074,3,15,74,2.16684299000002,"1"
2074,3,16,75,3.21971537000002,"1"
2074,3,17,76,2.83823987,"1"
2074,3,18,77,4.71509933000004,"1"
2074,3,19,78,3.00608909000005,"1"
2074,3,20,79,2.41098731,"1"
2074,3,21,80,3.06712517,"1"
2074,3,22,81,1.99899377000003,"1"
2074,3,23,82,1.35811493,"1"
2074,3,24,83,2.22787907000003,"1"
2074,3,25,84,3.25023341000002,"1"
2074,3,26,85,2.51780045000004,"1"
2074,3,27,86,1.92269867000005,"1"
2074,3,28,87,2.34995123000004,"1"
2074,3,29,88,4.04370245000001,"1"
2074,3,30,89,3.70800401000002,"1"
2074,3,31,90,1.67855435000001,"1"
2075,3,1,60,1.43441003000004,"1"
2075,3,2,61,1.28181983000002,"1"
2075,3,3,62,2.44150535,"1"
2075,3,4,63,3.08238419000003,"1"
2075,3,5,64,2.96031203000001,"1"
2075,3,6,65,2.68564967000003,"1"
2075,3,7,66,3.54015479000003,"1"
2075,3,8,67,1.49544611000005,"1"
2075,3,9,68,0.961380410000004,"1"
2075,3,10,69,1.78536749,"1"
2075,3,11,70,2.12106593000004,"1"
2075,3,12,71,2.21262005,"1"
2075,3,13,72,3.86059421000004,"1"
2075,3,14,73,1.98373475,"1"
2075,3,15,74,2.25839711000003,"1"
2075,3,16,75,2.04477083,"1"
2075,3,17,76,1.00715747000004,"1"
2075,3,18,77,1.46492807000004,"1"
2075,3,19,78,2.56357751000002,"1"
2075,3,20,79,3.44860067000002,"1"
2075,3,21,80,2.99083007000002,"1"
2075,3,22,81,4.33362383000002,"1"
2075,3,23,82,3.38756459000001,"1"
2075,3,24,83,2.59409555000002,"1"
2075,3,25,84,3.23497439000005,"1"
2075,3,26,85,2.71616771000004,"1"
2075,3,27,86,1.06819355000005,"1"
2075,3,28,87,2.31943319000004,"1"
2075,3,29,88,2.76194477000001,"1"
2075,3,30,89,1.52596414999999,"1"
2075,3,31,90,3.90637127000002,"1"
2076,3,1,61,2.47202339,"1"
2076,3,2,62,1.44966905000001,"1"
2076,3,3,63,1.09871158999999,"1"
2076,3,4,64,2.68564967000003,"1"
2076,3,5,65,3.58593185000001,"1"
2076,3,6,66,1.35811493,"1"
2076,3,7,67,1.49544611000005,"1"
2076,3,8,68,1.11397061000002,"1"
2076,3,9,69,1.41915101000001,"1"
2076,3,10,70,2.68564967000003,"1"
2076,3,11,71,1.72433141000005,"1"
2076,3,12,72,2.67039065,"1"
2076,3,13,73,1.51070513000002,"1"
2076,3,14,74,3.54015479000003,"1"
2076,3,15,75,1.75484944999999,"1"
2076,3,16,76,2.56357751000002,"1"
2076,3,17,77,2.06002985000003,"1"
2076,3,18,78,3.32652851,"1"
2076,3,19,79,2.91453497000003,"1"
2076,3,20,80,0.93086237,"1"
2076,3,21,81,3.34178753000003,"1"
2076,3,22,82,3.03660712999999,"1"
2076,3,23,83,3.32652851,"1"
2076,3,24,84,2.76194477000001,"1"
2076,3,25,85,2.85349889000003,"1"
2076,3,26,86,4.22681069000004,"1"
2076,3,27,87,4.30310579000002,"1"
2076,3,28,88,1.72433141000005,"1"
2076,3,29,89,2.13632495000002,"1"
2076,3,30,90,1.96847573000002,"1"
2076,3,31,91,1.37337395000003,"1"
2077,3,1,60,2.41098731,"1"
2077,3,2,61,1.89218063000004,"1"
2077,3,3,62,2.22787907000003,"1"
2077,3,4,63,1.77010847000003,"1"
2077,3,5,64,1.61751827,"1"
2077,3,6,65,1.92269867000005,"1"
2077,3,7,66,2.30417417000001,"1"
2077,3,8,67,2.76194477000001,"1"
2077,3,9,68,0.854567270000018,"1"
2077,3,10,69,2.57883653000005,"1"
2077,3,11,70,1.22078375000001,"1"
2077,3,12,71,3.23497439000005,"1"
2077,3,13,72,2.30417417000001,"1"
2077,3,14,73,1.28181983000002,"1"
2077,3,15,74,0.94612139000003,"1"
2077,3,16,75,0.763013150000006,"1"
2077,3,17,76,1.73959043000002,"1"
2077,3,18,77,1.25130179000001,"1"
2077,3,19,78,4.04370245000001,"1"
2077,3,20,79,3.35704655000001,"1"
2077,3,21,80,3.12816125,"1"
2077,3,22,81,3.98266637,"1"
2077,3,23,82,1.99899377000003,"1"
2077,3,24,83,2.33469221000001,"1"
2077,3,25,84,2.15158397000005,"1"
2077,3,26,85,2.47202339,"1"
2077,3,27,86,3.26549243,"1"
2077,3,28,87,1.87692161000001,"1"
2077,3,29,88,2.19736103000002,"1"
2077,3,30,89,2.22787907000003,"1"
2077,3,31,90,1.64803631000001,"1"
2078,3,1,60,1.37337395000003,"1"
2078,3,2,61,2.47202339,"1"
2078,3,3,62,1.51070513000002,"1"
2078,3,4,63,1.90743965000001,"1"
2078,3,5,64,2.60935456999999,"1"
2078,3,6,65,1.00715747000004,"1"
2078,3,7,66,1.72433141000005,"1"
2078,3,8,67,1.61751827,"1"
2078,3,9,68,2.83823987,"1"
2078,3,10,69,2.80772182999999,"1"
2078,3,11,70,2.22787907000003,"1"
2078,3,12,71,1.75484944999999,"1"
2078,3,13,72,1.73959043000002,"1"
2078,3,14,73,1.69381337000004,"1"
2078,3,15,74,2.80772182999999,"1"
2078,3,16,75,4.25732873000004,"1"
2078,3,17,76,2.50254143000001,"1"
2078,3,18,77,2.50254143000001,"1"
2078,3,19,78,2.06002985000003,"1"
2078,3,20,79,2.82298085000002,"1"
2078,3,21,80,1.35811493,"1"
2078,3,22,81,1.41915101000001,"1"
2078,3,23,82,0.94612139000003,"1"
2078,3,24,83,1.83114455000003,"1"
2078,3,25,84,5.56960445000004,"1"
2078,3,26,85,5.85952583,"1"
2078,3,27,86,2.56357751000002,"1"
2078,3,28,87,2.48728241000003,"1"
2078,3,29,88,2.25839711000003,"1"
2078,3,30,89,2.02951181000003,"1"
2078,3,31,90,1.17500669000003,"1"
2079,3,1,60,1.22078375000001,"1"
2079,3,2,61,1.64803631000001,"1"
2079,3,3,62,1.67855435000001,"1"
2079,3,4,63,1.31233787000002,"1"
2079,3,5,64,0.259465490000025,"1"
2079,3,6,65,2.53305947000001,"1"
2079,3,7,66,3.84533519000001,"1"
2079,3,8,67,2.53305947000001,"1"
2079,3,9,68,3.38756459000001,"1"
2079,3,10,69,1.58700023,"1"
2079,3,11,70,3.78429911000001,"1"
2079,3,12,71,4.79139443000003,"1"
2079,3,13,72,1.48018709000002,"1"
2079,3,14,73,0.564645890000008,"1"
2079,3,15,74,2.74668575000004,"1"
2079,3,16,75,3.86059421000004,"1"
2079,3,17,76,2.53305947000001,"1"
2079,3,18,77,1.60225925000003,"1"
2079,3,19,78,1.78536749,"1"
2079,3,20,79,2.27365613000001,"1"
2079,3,21,80,2.10580691000001,"1"
2079,3,22,81,1.92269867000005,"1"
2079,3,23,82,4.13525657000002,"1"
2079,3,24,83,3.08238419000003,"1"
2079,3,25,84,4.01318441000001,"1"
2079,3,26,85,2.63987261,"1"
2079,3,27,86,2.12106593000004,"1"
2079,3,28,87,1.93795769000002,"1"
2079,3,29,88,4.85243051000003,"1"
2079,3,30,89,2.94505301000004,"1"
2079,3,31,90,3.78429911000001,"1"
2080,3,1,61,1.84640357000001,"1"
2080,3,2,62,4.69984031000001,"1"
2080,3,3,63,2.19736103000002,"1"
2080,3,4,64,1.99899377000003,"1"
2080,3,5,65,3.52489577,"1"
2080,3,6,66,3.66222695000005,"1"
2080,3,7,67,2.06002985000003,"1"
2080,3,8,68,1.51070513000002,"1"
2080,3,9,69,1.96847573000002,"1"
2080,3,10,70,2.16684299000002,"1"
2080,3,11,71,1.73959043000002,"1"
2080,3,12,72,0.778272170000037,"1"
2080,3,13,73,1.17500669000003,"1"
2080,3,14,74,1.34285591000003,"1"
2080,3,15,75,1.95321670999999,"1"
2080,3,16,76,0.808790210000041,"1"
2080,3,17,77,2.60935456999999,"1"
2080,3,18,78,2.15158397000005,"1"
2080,3,19,79,2.97557105000004,"1"
2080,3,20,80,2.73142673000001,"1"
2080,3,21,81,1.80062651000003,"1"
2080,3,22,82,2.83823987,"1"
2080,3,23,83,3.21971537000002,"1"
2080,3,24,84,3.26549243,"1"
2080,3,25,85,2.41098731,"1"
2080,3,26,86,1.83114455000003,"1"
2080,3,27,87,2.34995123000004,"1"
2080,3,28,88,1.26656081000004,"1"
2080,3,29,89,2.06002985000003,"1"
2080,3,30,90,3.23497439000005,"1"
2080,3,31,91,2.45676437000003,"1"
2081,3,1,60,1.90743965000001,"1"
2081,3,2,61,2.18210200999999,"1"
2081,3,3,62,1.57174121000003,"1"
2081,3,4,63,2.28891515000004,"1"
2081,3,5,64,2.13632495000002,"1"
2081,3,6,65,1.35811493,"1"
2081,3,7,66,0.839308250000045,"1"
2081,3,8,67,1.09871158999999,"1"
2081,3,9,68,1.93795769000002,"1"
2081,3,10,69,2.25839711000003,"1"
2081,3,11,70,3.89111224999999,"1"
2081,3,12,71,3.95214833,"1"
2081,3,13,72,2.25839711000003,"1"
2081,3,14,73,2.02951181000003,"1"
2081,3,15,74,1.92269867000005,"1"
2081,3,16,75,2.63987261,"1"
2081,3,17,76,3.69274498999999,"1"
2081,3,18,77,4.04370245000001,"1"
2081,3,19,78,1.89218063000004,"1"
2081,3,20,79,0.976639430000034,"1"
2081,3,21,80,3.18919733000001,"1"
2081,3,22,81,2.31943319000004,"1"
2081,3,23,82,1.37337395000003,"1"
2081,3,24,83,3.02134811000002,"1"
2081,3,25,84,6.79032605000003,"1"
2081,3,26,85,4.19629265000003,"1"
2081,3,27,86,1.40389199000003,"1"
2081,3,28,87,0.869826289999992,"1"
2081,3,29,88,1.72433141000005,"1"
2081,3,30,89,1.19026571000001,"1"
2081,3,31,90,3.26549243,"1"
2082,3,1,60,2.02951181000003,"1"
2082,3,2,61,1.52596414999999,"1"
2082,3,3,62,1.06819355000005,"1"
2082,3,4,63,3.31126949000003,"1"
2082,3,5,64,3.83007617000004,"1"
2082,3,6,65,2.16684299000002,"1"
2082,3,7,66,1.83114455000003,"1"
2082,3,8,67,2.73142673000001,"1"
2082,3,9,68,2.12106593000004,"1"
2082,3,10,69,2.28891515000004,"1"
2082,3,11,70,1.61751827,"1"
2082,3,12,71,1.00715747000004,"1"
2082,3,13,72,2.59409555000002,"1"
2082,3,14,73,1.92269867000005,"1"
2082,3,15,74,3.12816125,"1"
2082,3,16,75,3.55541381,"1"
2082,3,17,76,2.68564967000003,"1"
2082,3,18,77,1.20552473000004,"1"
2082,3,19,78,1.32759689,"1"
2082,3,20,79,0.885085310000022,"1"
2082,3,21,80,2.80772182999999,"1"
2082,3,22,81,4.56250913000002,"1"
2082,3,23,82,2.59409555000002,"1"
2082,3,24,83,3.06712517,"1"
2082,3,25,84,0.991898450000008,"1"
2082,3,26,85,4.16577461000003,"1"
2082,3,27,86,2.54831849000004,"1"
2082,3,28,87,2.01425279,"1"
2082,3,29,88,2.33469221000001,"1"
2082,3,30,89,3.69274498999999,"1"
2082,3,31,90,2.92979399000001,"1"
2083,3,1,60,2.53305947000001,"1"
2083,3,2,61,3.35704655000001,"1"
2083,3,3,62,2.54831849000004,"1"
2083,3,4,63,2.73142673000001,"1"
2083,3,5,64,2.79246281000002,"1"
2083,3,6,65,2.50254143000001,"1"
2083,3,7,66,1.83114455000003,"1"
2083,3,8,67,2.27365613000001,"1"
2083,3,9,68,3.28075145000003,"1"
2083,3,10,69,3.15867929000001,"1"
2083,3,11,70,2.38046926999999,"1"
2083,3,12,71,1.70907239000002,"1"
2083,3,13,72,3.40282361000004,"1"
2083,3,14,73,1.87692161000001,"1"
2083,3,15,74,2.24313809,"1"
2083,3,16,75,1.81588553,"1"
2083,3,17,76,1.61751827,"1"
2083,3,18,77,2.09054789000004,"1"
2083,3,19,78,1.98373475,"1"
2083,3,20,79,3.17393831000004,"1"
2083,3,21,80,3.23497439000005,"1"
2083,3,22,81,1.69381337000004,"1"
2083,3,23,82,1.28181983000002,"1"
2083,3,24,83,2.44150535,"1"
2083,3,25,84,3.47911871000002,"1"
2083,3,26,85,2.09054789000004,"1"
2083,3,27,86,2.25839711000003,"1"
2083,3,28,87,3.57067283000003,"1"
2083,3,29,88,2.82298085000002,"1"
2083,3,30,89,2.01425279,"1"
2083,3,31,90,3.09764321,"1"
2084,3,1,61,2.04477083,"1"
2084,3,2,62,1.54122317000002,"1"
2084,3,3,63,1.57174121000003,"1"
2084,3,4,64,2.47202339,"1"
2084,3,5,65,3.70800401000002,"1"
2084,3,6,66,3.67748597000002,"1"
2084,3,7,67,2.36521025000002,"1"
2084,3,8,68,2.42624633000003,"1"
2084,3,9,69,1.51070513000002,"1"
2084,3,10,70,1.55648219,"1"
2084,3,11,71,1.37337395000003,"1"
2084,3,12,72,1.72433141000005,"1"
2084,3,13,73,1.81588553,"1"
2084,3,14,74,2.10580691000001,"1"
2084,3,15,75,1.81588553,"1"
2084,3,16,76,3.52489577,"1"
2084,3,17,77,3.31126949000003,"1"
2084,3,18,78,0.915603350000026,"1"
2084,3,19,79,0.854567270000018,"1"
2084,3,20,80,2.47202339,"1"
2084,3,21,81,1.28181983000002,"1"
2084,3,22,82,3.14342027000004,"1"
2084,3,23,83,2.38046926999999,"1"
2084,3,24,84,2.74668575000004,"1"
2084,3,25,85,2.30417417000001,"1"
2084,3,26,86,2.22787907000003,"1"
2084,3,27,87,2.47202339,"1"
2084,3,28,88,3.96740735000003,"1"
2084,3,29,89,1.98373475,"1"
2084,3,30,90,4.44043697000001,"1"
2084,3,31,91,2.91453497000003,"1"
2085,3,1,60,1.86166259000004,"1"
2085,3,2,61,1.28181983000002,"1"
2085,3,3,62,1.00715747000004,"1"
2085,3,4,63,3.20445635000004,"1"
2085,3,5,64,1.86166259000004,"1"
2085,3,6,65,2.01425279,"1"
2085,3,7,66,2.24313809,"1"
2085,3,8,67,4.34888285,"1"
2085,3,9,68,3.54015479000003,"1"
2085,3,10,69,2.92979399000001,"1"
2085,3,11,70,2.39572829000002,"1"
2085,3,12,71,3.17393831000004,"1"
2085,3,13,72,2.02951181000003,"1"
2085,3,14,73,2.67039065,"1"
2085,3,15,74,3.47911871000002,"1"
2085,3,16,75,1.58700023,"1"
2085,3,17,76,2.10580691000001,"1"
2085,3,18,77,1.99899377000003,"1"
2085,3,19,78,2.19736103000002,"1"
2085,3,20,79,1.67855435000001,"1"
2085,3,21,80,2.38046926999999,"1"
2085,3,22,81,1.70907239000002,"1"
2085,3,23,82,1.98373475,"1"
2085,3,24,83,2.01425279,"1"
2085,3,25,84,2.21262005,"1"
2085,3,26,85,1.46492807000004,"1"
2085,3,27,86,2.30417417000001,"1"
2085,3,28,87,3.52489577,"1"
2085,3,29,88,3.58593185000001,"1"
2085,3,30,89,2.83823987,"1"
2085,3,31,90,2.62461359000002,"1"
2086,3,1,60,1.60225925000003,"1"
2086,3,2,61,2.45676437000003,"1"
2086,3,3,62,1.83114455000003,"1"
2086,3,4,63,2.19736103000002,"1"
2086,3,5,64,2.73142673000001,"1"
2086,3,6,65,2.42624633000003,"1"
2086,3,7,66,2.54831849000004,"1"
2086,3,8,67,0.808790210000041,"1"
2086,3,9,68,2.34995123000004,"1"
2086,3,10,69,3.09764321,"1"
2086,3,11,70,2.10580691000001,"1"
2086,3,12,71,1.31233787000002,"1"
2086,3,13,72,1.12922963,"1"
2086,3,14,73,1.60225925000003,"1"
2086,3,15,74,1.67855435000001,"1"
2086,3,16,75,3.93688931000003,"1"
2086,3,17,76,3.17393831000004,"1"
2086,3,18,77,1.25130179000001,"1"
2086,3,19,78,2.51780045000004,"1"
2086,3,20,79,1.86166259000004,"1"
2086,3,21,80,2.38046926999999,"1"
2086,3,22,81,4.85243051000003,"1"
2086,3,23,82,4.57776815,"1"
2086,3,24,83,4.98976169000002,"1"
2086,3,25,84,2.15158397000005,"1"
2086,3,26,85,2.92979399000001,"1"
2086,3,27,86,1.19026571000001,"1"
2086,3,28,87,2.25839711000003,"1"
2086,3,29,88,2.57883653000005,"1"
2086,3,30,89,3.02134811000002,"1"
2086,3,31,90,2.92979399000001,"1"
2087,3,1,60,2.56357751000002,"1"
2087,3,2,61,1.58700023,"1"
2087,3,3,62,1.44966905000001,"1"
2087,3,4,63,3.72326303,"1"
2087,3,5,64,2.65513163000003,"1"
2087,3,6,65,2.31943319000004,"1"
2087,3,7,66,1.64803631000001,"1"
2087,3,8,67,2.54831849000004,"1"
2087,3,9,68,2.86875791,"1"
2087,3,10,69,2.01425279,"1"
2087,3,11,70,1.20552473000004,"1"
2087,3,12,71,1.00715747000004,"1"
2087,3,13,72,1.77010847000003,"1"
2087,3,14,73,1.72433141000005,"1"
2087,3,15,74,2.02951181000003,"1"
2087,3,16,75,2.41098731,"1"
2087,3,17,76,2.30417417000001,"1"
2087,3,18,77,1.69381337000004,"1"
2087,3,19,78,1.25130179000001,"1"
2087,3,20,79,2.76194477000001,"1"
2087,3,21,80,1.99899377000003,"1"
2087,3,22,81,1.64803631000001,"1"
2087,3,23,82,2.92979399000001,"1"
2087,3,24,83,1.98373475,"1"
2087,3,25,84,1.29707884999999,"1"
2087,3,26,85,2.34995123000004,"1"
2087,3,27,86,3.79955813000004,"1"
2087,3,28,87,2.71616771000004,"1"
2087,3,29,88,1.08345257000002,"1"
2087,3,30,89,2.06002985000003,"1"
2087,3,31,90,4.28784677000004,"1"
2088,3,1,61,2.63987261,"1"
2088,3,2,62,1.15974767,"1"
2088,3,3,63,1.67855435000001,"1"
2088,3,4,64,2.01425279,"1"
2088,3,5,65,2.70090869000001,"1"
2088,3,6,66,1.58700023,"1"
2088,3,7,67,2.09054789000004,"1"
2088,3,8,68,2.22787907000003,"1"
2088,3,9,69,2.89927595,"1"
2088,3,10,70,1.81588553,"1"
2088,3,11,71,1.89218063000004,"1"
2088,3,12,72,1.29707884999999,"1"
2088,3,13,73,2.19736103000002,"1"
2088,3,14,74,1.84640357000001,"1"
2088,3,15,75,1.61751827,"1"
2088,3,16,76,2.91453497000003,"1"
2088,3,17,77,2.25839711000003,"1"
2088,3,18,78,3.12816125,"1"
2088,3,19,79,2.36521025000002,"1"
2088,3,20,80,2.36521025000002,"1"
2088,3,21,81,1.77010847000003,"1"
2088,3,22,82,3.15867929000001,"1"
2088,3,23,83,2.02951181000003,"1"
2088,3,24,84,2.63987261,"1"
2088,3,25,85,3.34178753000003,"1"
2088,3,26,86,2.67039065,"1"
2088,3,27,87,3.02134811000002,"1"
2088,3,28,88,2.48728241000003,"1"
2088,3,29,89,1.54122317000002,"1"
2088,3,30,90,3.32652851,"1"
2088,3,31,91,2.18210200999999,"1"
2089,3,1,60,3.03660712999999,"1"
2089,3,2,61,2.22787907000003,"1"
2089,3,3,62,3.58593185000001,"1"
2089,3,4,63,2.74668575000004,"1"
2089,3,5,64,3.21971537000002,"1"
2089,3,6,65,2.41098731,"1"
2089,3,7,66,2.06002985000003,"1"
2089,3,8,67,3.35704655000001,"1"
2089,3,9,68,1.57174121000003,"1"
2089,3,10,69,2.38046926999999,"1"
2089,3,11,70,2.63987261,"1"
2089,3,12,71,1.58700023,"1"
2089,3,13,72,0.335760590000007,"1"
2089,3,14,73,1.20552473000004,"1"
2089,3,15,74,2.10580691000001,"1"
2089,3,16,75,1.77010847000003,"1"
2089,3,17,76,2.67039065,"1"
2089,3,18,77,2.74668575000004,"1"
2089,3,19,78,2.44150535,"1"
2089,3,20,79,1.72433141000005,"1"
2089,3,21,80,2.24313809,"1"
2089,3,22,81,2.27365613000001,"1"
2089,3,23,82,1.08345257000002,"1"
2089,3,24,83,1.28181983000002,"1"
2089,3,25,84,2.41098731,"1"
2089,3,26,85,3.05186615000002,"1"
2089,3,27,86,2.79246281000002,"1"
2089,3,28,87,1.86166259000004,"1"
2089,3,29,88,2.34995123000004,"1"
2089,3,30,89,1.46492807000004,"1"
2089,3,31,90,1.58700023,"1"
2090,3,1,60,1.89218063000004,"1"
2090,3,2,61,1.46492807000004,"1"
2090,3,3,62,1.72433141000005,"1"
2090,3,4,63,1.96847573000002,"1"
2090,3,5,64,1.60225925000003,"1"
2090,3,6,65,3.44860067000002,"1"
2090,3,7,66,2.80772182999999,"1"
2090,3,8,67,3.18919733000001,"1"
2090,3,9,68,1.57174121000003,"1"
2090,3,10,69,2.31943319000004,"1"
2090,3,11,70,2.86875791,"1"
2090,3,12,71,1.93795769000002,"1"
2090,3,13,72,4.68458129000004,"1"
2090,3,14,73,3.25023341000002,"1"
2090,3,15,74,1.86166259000004,"1"
2090,3,16,75,1.84640357000001,"1"
2090,3,17,76,2.54831849000004,"1"
2090,3,18,77,1.60225925000003,"1"
2090,3,19,78,1.73959043000002,"1"
2090,3,20,79,1.64803631000001,"1"
2090,3,21,80,0.991898450000008,"1"
2090,3,22,81,3.11290223000003,"1"
2090,3,23,82,2.19736103000002,"1"
2090,3,24,83,2.91453497000003,"1"
2090,3,25,84,2.62461359000002,"1"
2090,3,26,85,3.02134811000002,"1"
2090,3,27,86,4.15051559,"1"
2090,3,28,87,2.74668575000004,"1"
2090,3,29,88,3.43334165000005,"1"
2090,3,30,89,4.53199109000002,"1"
2090,3,31,90,3.84533519000001,"1"
2091,3,1,60,3.78429911000001,"1"
2091,3,2,61,2.99083007000002,"1"
2091,3,3,62,3.73852205000003,"1"
2091,3,4,63,1.98373475,"1"
2091,3,5,64,0.534127850000004,"1"
2091,3,6,65,1.80062651000003,"1"
2091,3,7,66,1.22078375000001,"1"
2091,3,8,67,1.20552473000004,"1"
2091,3,9,68,1.93795769000002,"1"
2091,3,10,69,2.02951181000003,"1"
2091,3,11,70,2.70090869000001,"1"
2091,3,12,71,3.31126949000003,"1"
2091,3,13,72,3.34178753000003,"1"
2091,3,14,73,3.54015479000003,"1"
2091,3,15,74,3.23497439000005,"1"
2091,3,16,75,4.13525657000002,"1"
2091,3,17,76,2.33469221000001,"1"
2091,3,18,77,2.44150535,"1"
2091,3,19,78,3.05186615000002,"1"
2091,3,20,79,2.88401693000003,"1"
2091,3,21,80,2.62461359000002,"1"
2091,3,22,81,2.39572829000002,"1"
2091,3,23,82,3.32652851,"1"
2091,3,24,83,2.99083007000002,"1"
2091,3,25,84,1.22078375000001,"1"
2091,3,26,85,1.80062651000003,"1"
2091,3,27,86,1.06819355000005,"1"
2091,3,28,87,3.89111224999999,"1"
2091,3,29,88,1.90743965000001,"1"
2091,3,30,89,1.69381337000004,"1"
2091,3,31,90,2.59409555000002,"1"
2092,3,1,61,3.35704655000001,"1"
2092,3,2,62,3.86059421000004,"1"
2092,3,3,63,1.03767551000004,"1"
2092,3,4,64,1.03767551000004,"1"
2092,3,5,65,1.52596414999999,"1"
2092,3,6,66,1.95321670999999,"1"
2092,3,7,67,0.885085310000022,"1"
2092,3,8,68,1.48018709000002,"1"
2092,3,9,69,3.23497439000005,"1"
2092,3,10,70,2.34995123000004,"1"
2092,3,11,71,2.24313809,"1"
2092,3,12,72,3.66222695000005,"1"
2092,3,13,73,3.67748597000002,"1"
2092,3,14,74,1.03767551000004,"1"
2092,3,15,75,2.94505301000004,"1"
2092,3,16,76,3.61644989000001,"1"
2092,3,17,77,2.28891515000004,"1"
2092,3,18,78,2.89927595,"1"
2092,3,19,79,1.75484944999999,"1"
2092,3,20,80,2.25839711000003,"1"
2092,3,21,81,1.51070513000002,"1"
2092,3,22,82,2.33469221000001,"1"
2092,3,23,83,3.09764321,"1"
2092,3,24,84,0.808790210000041,"1"
2092,3,25,85,1.84640357000001,"1"
2092,3,26,86,3.06712517,"1"
2092,3,27,87,3.63170891000004,"1"
2092,3,28,88,2.71616771000004,"1"
2092,3,29,89,1.37337395000003,"1"
2092,3,30,90,1.54122317000002,"1"
2092,3,31,91,3.41808263000001,"1"
2093,3,1,60,1.95321670999999,"1"
2093,3,2,61,2.12106593000004,"1"
2093,3,3,62,3.78429911000001,"1"
2093,3,4,63,2.51780045000004,"1"
2093,3,5,64,1.70907239000002,"1"
2093,3,6,65,2.57883653000005,"1"
2093,3,7,66,2.36521025000002,"1"
2093,3,8,67,2.42624633000003,"1"
2093,3,9,68,3.09764321,"1"
2093,3,10,69,3.46385968999999,"1"
2093,3,11,70,2.57883653000005,"1"
2093,3,12,71,1.75484944999999,"1"
2093,3,13,72,3.15867929000001,"1"
2093,3,14,73,2.25839711000003,"1"
2093,3,15,74,2.62461359000002,"1"
2093,3,16,75,2.06002985000003,"1"
2093,3,17,76,2.45676437000003,"1"
2093,3,18,77,2.22787907000003,"1"
2093,3,19,78,2.24313809,"1"
2093,3,20,79,1.99899377000003,"1"
2093,3,21,80,1.99899377000003,"1"
2093,3,22,81,2.77720379000004,"1"
2093,3,23,82,1.90743965000001,"1"
2093,3,24,83,1.28181983000002,"1"
2093,3,25,84,1.14448865000003,"1"
2093,3,26,85,1.06819355000005,"1"
2093,3,27,86,2.79246281000002,"1"
2093,3,28,87,1.29707884999999,"1"
2093,3,29,88,3.67748597000002,"1"
2093,3,30,89,2.22787907000003,"1"
2093,3,31,90,1.67855435000001,"1"
2094,3,1,60,2.57883653000005,"1"
2094,3,2,61,2.80772182999999,"1"
2094,3,3,62,2.07528887000001,"1"
2094,3,4,63,2.82298085000002,"1"
2094,3,5,64,3.69274498999999,"1"
2094,3,6,65,1.28181983000002,"1"
2094,3,7,66,1.84640357000001,"1"
2094,3,8,67,1.08345257000002,"1"
2094,3,9,68,0.93086237,"1"
2094,3,10,69,1.67855435000001,"1"
2094,3,11,70,2.67039065,"1"
2094,3,12,71,2.33469221000001,"1"
2094,3,13,72,2.60935456999999,"1"
2094,3,14,73,0.900344329999996,"1"
2094,3,15,74,1.32759689,"1"
2094,3,16,75,1.19026571000001,"1"
2094,3,17,76,1.81588553,"1"
2094,3,18,77,3.38756459000001,"1"
2094,3,19,78,1.55648219,"1"
2094,3,20,79,0.65620001000002,"1"
2094,3,21,80,1.02241649000001,"1"
2094,3,22,81,1.84640357000001,"1"
2094,3,23,82,2.19736103000002,"1"
2094,3,24,83,3.14342027000004,"1"
2094,3,25,84,3.49437773,"1"
2094,3,26,85,3.40282361000004,"1"
2094,3,27,86,1.87692161000001,"1"
2094,3,28,87,3.63170891000004,"1"
2094,3,29,88,2.56357751000002,"1"
2094,3,30,89,1.86166259000004,"1"
2094,3,31,90,2.60935456999999,"1"
2095,3,1,60,1.81588553,"1"
2095,3,2,61,1.02241649000001,"1"
2095,3,3,62,1.06819355000005,"1"
2095,3,4,63,1.60225925000003,"1"
2095,3,5,64,1.89218063000004,"1"
2095,3,6,65,1.98373475,"1"
2095,3,7,66,1.99899377000003,"1"
2095,3,8,67,2.63987261,"1"
2095,3,9,68,1.81588553,"1"
2095,3,10,69,0.93086237,"1"
2095,3,11,70,1.93795769000002,"1"
2095,3,12,71,3.72326303,"1"
2095,3,13,72,2.25839711000003,"1"
2095,3,14,73,2.88401693000003,"1"
2095,3,15,74,2.21262005,"1"
2095,3,16,75,4.44043697000001,"1"
2095,3,17,76,2.74668575000004,"1"
2095,3,18,77,1.98373475,"1"
2095,3,19,78,3.05186615000002,"1"
2095,3,20,79,4.42517795000003,"1"
2095,3,21,80,2.60935456999999,"1"
2095,3,22,81,2.07528887000001,"1"
2095,3,23,82,3.18919733000001,"1"
2095,3,24,83,1.80062651000003,"1"
2095,3,25,84,1.32759689,"1"
2095,3,26,85,2.91453497000003,"1"
2095,3,27,86,2.82298085000002,"1"
2095,3,28,87,3.03660712999999,"1"
2095,3,29,88,4.33362383000002,"1"
2095,3,30,89,2.71616771000004,"1"
2095,3,31,90,3.12816125,"1"
2096,3,1,61,1.35811493,"1"
2096,3,2,62,1.70907239000002,"1"
2096,3,3,63,1.83114455000003,"1"
2096,3,4,64,2.39572829000002,"1"
2096,3,5,65,1.84640357000001,"1"
2096,3,6,66,2.25839711000003,"1"
2096,3,7,67,4.47095501000001,"1"
2096,3,8,68,2.47202339,"1"
2096,3,9,69,0.473091769999996,"1"
2096,3,10,70,3.03660712999999,"1"
2096,3,11,71,3.08238419000003,"1"
2096,3,12,72,3.83007617000004,"1"
2096,3,13,73,1.02241649000001,"1"
2096,3,14,74,1.64803631000001,"1"
2096,3,15,75,3.03660712999999,"1"
2096,3,16,76,1.03767551000004,"1"
2096,3,17,77,1.41915101000001,"1"
2096,3,18,78,1.41915101000001,"1"
2096,3,19,79,1.64803631000001,"1"
2096,3,20,80,2.33469221000001,"1"
2096,3,21,81,1.75484944999999,"1"
2096,3,22,82,4.04370245000001,"1"
2096,3,23,83,1.66329533000004,"1"
2096,3,24,84,2.31943319000004,"1"
2096,3,25,85,1.57174121000003,"1"
2096,3,26,86,3.54015479000003,"1"
2096,3,27,87,3.09764321,"1"
2096,3,28,88,1.84640357000001,"1"
2096,3,29,89,3.41808263000001,"1"
2096,3,30,90,2.79246281000002,"1"
2096,3,31,91,1.61751827,"1"
2097,3,1,60,2.06002985000003,"1"
2097,3,2,61,3.08238419000003,"1"
2097,3,3,62,1.84640357000001,"1"
2097,3,4,63,1.80062651000003,"1"
2097,3,5,64,1.70907239000002,"1"
2097,3,6,65,2.10580691000001,"1"
2097,3,7,66,2.92979399000001,"1"
2097,3,8,67,1.96847573000002,"1"
2097,3,9,68,2.02951181000003,"1"
2097,3,10,69,3.49437773,"1"
2097,3,11,70,3.29601047,"1"
2097,3,12,71,1.54122317000002,"1"
2097,3,13,72,1.66329533000004,"1"
2097,3,14,73,1.05293453000002,"1"
2097,3,15,74,1.48018709000002,"1"
2097,3,16,75,2.10580691000001,"1"
2097,3,17,76,2.19736103000002,"1"
2097,3,18,77,1.49544611000005,"1"
2097,3,19,78,1.55648219,"1"
2097,3,20,79,1.87692161000001,"1"
2097,3,21,80,4.13525657000002,"1"
2097,3,22,81,3.02134811000002,"1"
2097,3,23,82,1.57174121000003,"1"
2097,3,24,83,1.83114455000003,"1"
2097,3,25,84,2.99083007000002,"1"
2097,3,26,85,1.77010847000003,"1"
2097,3,27,86,3.50963675000003,"1"
2097,3,28,87,2.57883653000005,"1"
2097,3,29,88,2.56357751000002,"1"
2097,3,30,89,2.85349889000003,"1"
2097,3,31,90,2.77720379000004,"1"
2098,3,1,60,2.51780045000004,"1"
2098,3,2,61,0.701977069999998,"1"
2098,3,3,62,0.701977069999998,"1"
2098,3,4,63,1.60225925000003,"1"
2098,3,5,64,3.52489577,"1"
2098,3,6,65,3.54015479000003,"1"
2098,3,7,66,1.19026571000001,"1"
2098,3,8,67,2.39572829000002,"1"
2098,3,9,68,2.67039065,"1"
2098,3,10,69,2.86875791,"1"
2098,3,11,70,1.64803631000001,"1"
2098,3,12,71,1.41915101000001,"1"
2098,3,13,72,2.54831849000004,"1"
2098,3,14,73,2.54831849000004,"1"
2098,3,15,74,2.68564967000003,"1"
2098,3,16,75,4.25732873000004,"1"
2098,3,17,76,1.77010847000003,"1"
2098,3,18,77,2.47202339,"1"
2098,3,19,78,2.91453497000003,"1"
2098,3,20,79,1.51070513000002,"1"
2098,3,21,80,1.54122317000002,"1"
2098,3,22,81,3.00608909000005,"1"
2098,3,23,82,2.91453497000003,"1"
2098,3,24,83,2.60935456999999,"1"
2098,3,25,84,2.71616771000004,"1"
2098,3,26,85,2.63987261,"1"
2098,3,27,86,1.40389199000003,"1"
2098,3,28,87,3.09764321,"1"
2098,3,29,88,3.08238419000003,"1"
2098,3,30,89,4.05896147000004,"1"
2098,3,31,90,3.90637127000002,"1"
2099,3,1,60,2.99083007000002,"1"
2099,3,2,61,2.79246281000002,"1"
2099,3,3,62,1.19026571000001,"1"
2099,3,4,63,2.83823987,"1"
2099,3,5,64,3.99792539000003,"1"
2099,3,6,65,2.18210200999999,"1"
2099,3,7,66,2.16684299000002,"1"
2099,3,8,67,2.44150535,"1"
2099,3,9,68,3.99792539000003,"1"
2099,3,10,69,3.60119087000004,"1"
2099,3,11,70,2.28891515000004,"1"
2099,3,12,71,3.26549243,"1"
2099,3,13,72,3.37230557000004,"1"
2099,3,14,73,1.32759689,"1"
2099,3,15,74,0.976639430000034,"1"
2099,3,16,75,2.38046926999999,"1"
2099,3,17,76,2.07528887000001,"1"
2099,3,18,77,2.36521025000002,"1"
2099,3,19,78,1.69381337000004,"1"
2099,3,20,79,2.31943319000004,"1"
2099,3,21,80,3.00608909000005,"1"
2099,3,22,81,2.44150535,"1"
2099,3,23,82,2.80772182999999,"1"
2099,3,24,83,1.67855435000001,"1"
2099,3,25,84,1.93795769000002,"1"
2099,3,26,85,2.30417417000001,"1"
2099,3,27,86,1.05293453000002,"1"
2099,3,28,87,1.05293453000002,"1"
2099,3,29,88,2.99083007000002,"1"
2099,3,30,89,1.90743965000001,"1"
2099,3,31,90,2.63987261,"1"
2100,3,1,60,1.26656081000004,"1"
2100,3,2,61,1.37337395000003,"1"
2100,3,3,62,2.79246281000002,"1"
2100,3,4,63,3.12816125,"1"
2100,3,5,64,2.65513163000003,"1"
2100,3,6,65,3.18919733000001,"1"
2100,3,7,66,3.31126949000003,"1"
2100,3,8,67,2.82298085000002,"1"
2100,3,9,68,1.35811493,"1"
2100,3,10,69,1.93795769000002,"1"
2100,3,11,70,3.63170891000004,"1"
2100,3,12,71,2.88401693000003,"1"
2100,3,13,72,2.41098731,"1"
2100,3,14,73,2.56357751000002,"1"
2100,3,15,74,1.58700023,"1"
2100,3,16,75,1.78536749,"1"
2100,3,17,76,3.05186615000002,"1"
2100,3,18,77,2.91453497000003,"1"
2100,3,19,78,1.60225925000003,"1"
2100,3,20,79,1.89218063000004,"1"
2100,3,21,80,1.12922963,"1"
2100,3,22,81,2.88401693000003,"1"
2100,3,23,82,1.87692161000001,"1"
2100,3,24,83,1.35811493,"1"
2100,3,25,84,2.13632495000002,"1"
2100,3,26,85,1.96847573000002,"1"
2100,3,27,86,1.95321670999999,"1"
2100,3,28,87,3.76904009000003,"1"
2100,3,29,88,3.86059421000004,"1"
2100,3,30,89,2.86875791,"1"
2100,3,31,90,2.73142673000001,"1"
2025,4,1,91,3.06712517,"1"
2025,4,2,92,2.25839711000003,"1"
2025,4,3,93,2.67039065,"1"
2025,4,4,94,1.09871158999999,"1"
2025,4,5,95,2.67039065,"1"
2025,4,6,96,1.34285591000003,"1"
2025,4,7,97,1.29707884999999,"1"
2025,4,8,98,1.81588553,"1"
2025,4,9,99,3.38756459000001,"1"
2025,4,10,100,1.89218063000004,"1"
2025,4,11,101,2.21262005,"1"
2025,4,12,102,2.51780045000004,"1"
2025,4,13,103,2.67039065,"1"
2025,4,14,104,1.40389199000003,"1"
2025,4,15,105,2.16684299000002,"1"
2025,4,16,106,2.53305947000001,"1"
2025,4,17,107,2.39572829000002,"1"
2025,4,18,108,2.12106593000004,"1"
2025,4,19,109,1.32759689,"1"
2025,4,20,110,1.31233787000002,"1"
2025,4,21,111,2.99083007000002,"1"
2025,4,22,112,1.80062651000003,"1"
2025,4,23,113,2.16684299000002,"1"
2025,4,24,114,3.14342027000004,"1"
2025,4,25,115,2.09054789000004,"1"
2025,4,26,116,4.24206971000001,"1"
2025,4,27,117,5.75271269000001,"1"
2025,4,28,118,2.57883653000005,"1"
2025,4,29,119,2.34995123000004,"1"
2025,4,30,120,3.43334165000005,"1"
2026,4,1,91,2.77720379000004,"1"
2026,4,2,92,2.97557105000004,"1"
2026,4,3,93,2.86875791,"1"
2026,4,4,94,3.81481715000001,"1"
2026,4,5,95,1.83114455000003,"1"
2026,4,6,96,1.99899377000003,"1"
2026,4,7,97,1.44966905000001,"1"
2026,4,8,98,1.61751827,"1"
2026,4,9,99,2.02951181000003,"1"
2026,4,10,100,3.70800401000002,"1"
2026,4,11,101,4.24206971000001,"1"
2026,4,12,102,2.30417417000001,"1"
2026,4,13,103,1.86166259000004,"1"
2026,4,14,104,1.25130179000001,"1"
2026,4,15,105,2.27365613000001,"1"
2026,4,16,106,2.16684299000002,"1"
2026,4,17,107,2.06002985000003,"1"
2026,4,18,108,2.94505301000004,"1"
2026,4,19,109,2.51780045000004,"1"
2026,4,20,110,2.76194477000001,"1"
2026,4,21,111,2.28891515000004,"1"
2026,4,22,112,0.640940990000047,"1"
2026,4,23,113,1.00715747000004,"1"
2026,4,24,114,3.00608909000005,"1"
2026,4,25,115,3.38756459000001,"1"
2026,4,26,116,1.46492807000004,"1"
2026,4,27,117,3.84533519000001,"1"
2026,4,28,118,3.49437773,"1"
2026,4,29,119,3.08238419000003,"1"
2026,4,30,120,2.60935456999999,"1"
2027,4,1,91,1.99899377000003,"1"
2027,4,2,92,1.83114455000003,"1"
2027,4,3,93,3.11290223000003,"1"
2027,4,4,94,2.50254143000001,"1"
2027,4,5,95,1.95321670999999,"1"
2027,4,6,96,1.81588553,"1"
2027,4,7,97,2.48728241000003,"1"
2027,4,8,98,2.60935456999999,"1"
2027,4,9,99,1.99899377000003,"1"
2027,4,10,100,3.02134811000002,"1"
2027,4,11,101,2.71616771000004,"1"
2027,4,12,102,2.30417417000001,"1"
2027,4,13,103,1.60225925000003,"1"
2027,4,14,104,2.38046926999999,"1"
2027,4,15,105,1.93795769000002,"1"
2027,4,16,106,4.28784677000004,"1"
2027,4,17,107,2.57883653000005,"1"
2027,4,18,108,2.53305947000001,"1"
2027,4,19,109,1.60225925000003,"1"
2027,4,20,110,2.67039065,"1"
2027,4,21,111,1.41915101000001,"1"
2027,4,22,112,2.27365613000001,"1"
2027,4,23,113,2.42624633000003,"1"
2027,4,24,114,1.66329533000004,"1"
2027,4,25,115,2.22787907000003,"1"
2027,4,26,116,1.57174121000003,"1"
2027,4,27,117,3.46385968999999,"1"
2027,4,28,118,4.51673207000005,"1"
2027,4,29,119,2.16684299000002,"1"
2027,4,30,120,1.38863297,"1"
2028,4,1,92,1.90743965000001,"1"
2028,4,2,93,0.869826289999992,"1"
2028,4,3,94,0.976639430000034,"1"
2028,4,4,95,2.51780045000004,"1"
2028,4,5,96,1.66329533000004,"1"
2028,4,6,97,2.27365613000001,"1"
2028,4,7,98,2.71616771000004,"1"
2028,4,8,99,1.55648219,"1"
2028,4,9,100,1.64803631000001,"1"
2028,4,10,101,3.02134811000002,"1"
2028,4,11,102,3.11290223000003,"1"
2028,4,12,103,2.34995123000004,"1"
2028,4,13,104,1.70907239000002,"1"
2028,4,14,105,1.55648219,"1"
2028,4,15,106,0.381537650000041,"1"
2028,4,16,107,1.58700023,"1"
2028,4,17,108,2.67039065,"1"
2028,4,18,109,2.36521025000002,"1"
2028,4,19,110,2.30417417000001,"1"
2028,4,20,111,2.62461359000002,"1"
2028,4,21,112,3.35704655000001,"1"
2028,4,22,113,3.75378107,"1"
2028,4,23,114,1.67855435000001,"1"
2028,4,24,115,1.17500669000003,"1"
2028,4,25,116,2.50254143000001,"1"
2028,4,26,117,2.79246281000002,"1"
2028,4,27,118,3.23497439000005,"1"
2028,4,28,119,4.39465991000003,"1"
2028,4,29,120,3.43334165000005,"1"
2028,4,30,121,3.86059421000004,"1"
2029,4,1,91,1.66329533000004,"1"
2029,4,2,92,2.70090869000001,"1"
2029,4,3,93,1.49544611000005,"1"
2029,4,4,94,4.63880423,"1"
2029,4,5,95,3.03660712999999,"1"
2029,4,6,96,2.12106593000004,"1"
2029,4,7,97,1.90743965000001,"1"
2029,4,8,98,1.14448865000003,"1"
2029,4,9,99,2.16684299000002,"1"
2029,4,10,100,1.84640357000001,"1"
2029,4,11,101,3.14342027000004,"1"
2029,4,12,102,3.03660712999999,"1"
2029,4,13,103,2.67039065,"1"
2029,4,14,104,1.93795769000002,"1"
2029,4,15,105,1.92269867000005,"1"
2029,4,16,106,1.14448865000003,"1"
2029,4,17,107,1.80062651000003,"1"
2029,4,18,108,1.40389199000003,"1"
2029,4,19,109,1.58700023,"1"
2029,4,20,110,2.28891515000004,"1"
2029,4,21,111,0.808790210000041,"1"
2029,4,22,112,1.86166259000004,"1"
2029,4,23,113,2.54831849000004,"1"
2029,4,24,114,2.31943319000004,"1"
2029,4,25,115,2.51780045000004,"1"
2029,4,26,116,1.98373475,"1"
2029,4,27,117,1.75484944999999,"1"
2029,4,28,118,4.65406325000004,"1"
2029,4,29,119,4.21155167000001,"1"
2029,4,30,120,5.32546013000001,"1"
2030,4,1,91,3.18919733000001,"1"
2030,4,2,92,2.42624633000003,"1"
2030,4,3,93,1.58700023,"1"
2030,4,4,94,2.19736103000002,"1"
2030,4,5,95,2.09054789000004,"1"
2030,4,6,96,1.72433141000005,"1"
2030,4,7,97,2.10580691000001,"1"
2030,4,8,98,1.41915101000001,"1"
2030,4,9,99,5.08131581000004,"1"
2030,4,10,100,4.01318441000001,"1"
2030,4,11,101,3.11290223000003,"1"
2030,4,12,102,2.57883653000005,"1"
2030,4,13,103,2.88401693000003,"1"
2030,4,14,104,1.84640357000001,"1"
2030,4,15,105,3.03660712999999,"1"
2030,4,16,106,4.51673207000005,"1"
2030,4,17,107,4.08947951000005,"1"
2030,4,18,108,2.59409555000002,"1"
2030,4,19,109,3.18919733000001,"1"
2030,4,20,110,2.53305947000001,"1"
2030,4,21,111,2.02951181000003,"1"
2030,4,22,112,2.25839711000003,"1"
2030,4,23,113,2.73142673000001,"1"
2030,4,24,114,4.65406325000004,"1"
2030,4,25,115,3.02134811000002,"1"
2030,4,26,116,1.69381337000004,"1"
2030,4,27,117,2.06002985000003,"1"
2030,4,28,118,1.63277729000004,"1"
2030,4,29,119,1.99899377000003,"1"
2030,4,30,120,4.40991893,"1"
2031,4,1,91,2.77720379000004,"1"
2031,4,2,92,2.44150535,"1"
2031,4,3,93,2.54831849000004,"1"
2031,4,4,94,2.39572829000002,"1"
2031,4,5,95,2.15158397000005,"1"
2031,4,6,96,2.06002985000003,"1"
2031,4,7,97,1.03767551000004,"1"
2031,4,8,98,1.34285591000003,"1"
2031,4,9,99,2.10580691000001,"1"
2031,4,10,100,2.85349889000003,"1"
2031,4,11,101,1.57174121000003,"1"
2031,4,12,102,2.22787907000003,"1"
2031,4,13,103,1.55648219,"1"
2031,4,14,104,1.55648219,"1"
2031,4,15,105,1.05293453000002,"1"
2031,4,16,106,1.92269867000005,"1"
2031,4,17,107,2.24313809,"1"
2031,4,18,108,2.18210200999999,"1"
2031,4,19,109,2.86875791,"1"
2031,4,20,110,3.25023341000002,"1"
2031,4,21,111,3.79955813000004,"1"
2031,4,22,112,2.34995123000004,"1"
2031,4,23,113,2.50254143000001,"1"
2031,4,24,114,2.96031203000001,"1"
2031,4,25,115,1.35811493,"1"
2031,4,26,116,2.19736103000002,"1"
2031,4,27,117,2.54831849000004,"1"
2031,4,28,118,2.86875791,"1"
2031,4,29,119,1.70907239000002,"1"
2031,4,30,120,3.78429911000001,"1"
2032,4,1,92,2.07528887000001,"1"
2032,4,2,93,2.31943319000004,"1"
2032,4,3,94,2.24313809,"1"
2032,4,4,95,2.77720379000004,"1"
2032,4,5,96,2.36521025000002,"1"
2032,4,6,97,2.63987261,"1"
2032,4,7,98,2.65513163000003,"1"
2032,4,8,99,2.39572829000002,"1"
2032,4,9,100,1.41915101000001,"1"
2032,4,10,101,2.33469221000001,"1"
2032,4,11,102,1.84640357000001,"1"
2032,4,12,103,1.73959043000002,"1"
2032,4,13,104,2.51780045000004,"1"
2032,4,14,105,2.62461359000002,"1"
2032,4,15,106,2.74668575000004,"1"
2032,4,16,107,1.75484944999999,"1"
2032,4,17,108,1.34285591000003,"1"
2032,4,18,109,4.82191247000003,"1"
2032,4,19,110,2.38046926999999,"1"
2032,4,20,111,2.06002985000003,"1"
2032,4,21,112,1.93795769000002,"1"
2032,4,22,113,2.15158397000005,"1"
2032,4,23,114,3.11290223000003,"1"
2032,4,24,115,3.26549243,"1"
2032,4,25,116,2.86875791,"1"
2032,4,26,117,1.02241649000001,"1"
2032,4,27,118,2.68564967000003,"1"
2032,4,28,119,1.11397061000002,"1"
2032,4,29,120,3.55541381,"1"
2032,4,30,121,2.86875791,"1"
2033,4,1,91,2.74668575000004,"1"
2033,4,2,92,2.53305947000001,"1"
2033,4,3,93,2.39572829000002,"1"
2033,4,4,94,2.65513163000003,"1"
2033,4,5,95,2.77720379000004,"1"
2033,4,6,96,2.44150535,"1"
2033,4,7,97,2.39572829000002,"1"
2033,4,8,98,1.67855435000001,"1"
2033,4,9,99,1.32759689,"1"
2033,4,10,100,1.83114455000003,"1"
2033,4,11,101,2.56357751000002,"1"
2033,4,12,102,2.19736103000002,"1"
2033,4,13,103,2.89927595,"1"
2033,4,14,104,3.06712517,"1"
2033,4,15,105,3.12816125,"1"
2033,4,16,106,2.63987261,"1"
2033,4,17,107,1.63277729000004,"1"
2033,4,18,108,1.69381337000004,"1"
2033,4,19,109,3.34178753000003,"1"
2033,4,20,110,3.75378107,"1"
2033,4,21,111,2.51780045000004,"1"
2033,4,22,112,1.46492807000004,"1"
2033,4,23,113,1.92269867000005,"1"
2033,4,24,114,3.61644989000001,"1"
2033,4,25,115,2.59409555000002,"1"
2033,4,26,116,2.73142673000001,"1"
2033,4,27,117,1.77010847000003,"1"
2033,4,28,118,1.58700023,"1"
2033,4,29,119,2.50254143000001,"1"
2033,4,30,120,2.94505301000004,"1"
2034,4,1,91,1.86166259000004,"1"
2034,4,2,92,2.68564967000003,"1"
2034,4,3,93,3.06712517,"1"
2034,4,4,94,2.02951181000003,"1"
2034,4,5,95,1.06819355000005,"1"
2034,4,6,96,1.72433141000005,"1"
2034,4,7,97,2.27365613000001,"1"
2034,4,8,98,2.28891515000004,"1"
2034,4,9,99,1.64803631000001,"1"
2034,4,10,100,2.74668575000004,"1"
2034,4,11,101,5.05079777000003,"1"
2034,4,12,102,2.79246281000002,"1"
2034,4,13,103,2.09054789000004,"1"
2034,4,14,104,0.94612139000003,"1"
2034,4,15,105,0.854567270000018,"1"
2034,4,16,106,3.15867929000001,"1"
2034,4,17,107,2.63987261,"1"
2034,4,18,108,1.93795769000002,"1"
2034,4,19,109,1.72433141000005,"1"
2034,4,20,110,3.31126949000003,"1"
2034,4,21,111,1.44966905000001,"1"
2034,4,22,112,1.93795769000002,"1"
2034,4,23,113,2.06002985000003,"1"
2034,4,24,114,1.89218063000004,"1"
2034,4,25,115,1.61751827,"1"
2034,4,26,116,2.47202339,"1"
2034,4,27,117,2.04477083,"1"
2034,4,28,118,3.20445635000004,"1"
2034,4,29,119,2.09054789000004,"1"
2034,4,30,120,2.48728241000003,"1"
2035,4,1,91,0.488350790000027,"1"
2035,4,2,92,1.72433141000005,"1"
2035,4,3,93,3.12816125,"1"
2035,4,4,94,2.65513163000003,"1"
2035,4,5,95,2.16684299000002,"1"
2035,4,6,96,2.68564967000003,"1"
2035,4,7,97,0.885085310000022,"1"
2035,4,8,98,3.18919733000001,"1"
2035,4,9,99,2.65513163000003,"1"
2035,4,10,100,1.99899377000003,"1"
2035,4,11,101,1.57174121000003,"1"
2035,4,12,102,2.41098731,"1"
2035,4,13,103,3.47911871000002,"1"
2035,4,14,104,2.18210200999999,"1"
2035,4,15,105,3.03660712999999,"1"
2035,4,16,106,2.92979399000001,"1"
2035,4,17,107,2.15158397000005,"1"
2035,4,18,108,2.77720379000004,"1"
2035,4,19,109,3.47911871000002,"1"
2035,4,20,110,2.27365613000001,"1"
2035,4,21,111,1.57174121000003,"1"
2035,4,22,112,3.03660712999999,"1"
2035,4,23,113,2.63987261,"1"
2035,4,24,114,1.92269867000005,"1"
2035,4,25,115,3.99792539000003,"1"
2035,4,26,116,3.55541381,"1"
2035,4,27,117,1.70907239000002,"1"
2035,4,28,118,3.28075145000003,"1"
2035,4,29,119,2.74668575000004,"1"
2035,4,30,120,1.80062651000003,"1"
2036,4,1,92,2.88401693000003,"1"
2036,4,2,93,1.48018709000002,"1"
2036,4,3,94,2.68564967000003,"1"
2036,4,4,95,2.92979399000001,"1"
2036,4,5,96,3.46385968999999,"1"
2036,4,6,97,1.43441003000004,"1"
2036,4,7,98,2.18210200999999,"1"
2036,4,8,99,1.46492807000004,"1"
2036,4,9,100,1.61751827,"1"
2036,4,10,101,0.854567270000018,"1"
2036,4,11,102,4.68458129000004,"1"
2036,4,12,103,3.98266637,"1"
2036,4,13,104,2.68564967000003,"1"
2036,4,14,105,2.09054789000004,"1"
2036,4,15,106,3.70800401000002,"1"
2036,4,16,107,3.44860067000002,"1"
2036,4,17,108,3.23497439000005,"1"
2036,4,18,109,0.94612139000003,"1"
2036,4,19,110,3.21971537000002,"1"
2036,4,20,111,2.10580691000001,"1"
2036,4,21,112,2.54831849000004,"1"
2036,4,22,113,3.43334165000005,"1"
2036,4,23,114,2.41098731,"1"
2036,4,24,115,4.05896147000004,"1"
2036,4,25,116,3.63170891000004,"1"
2036,4,26,117,2.60935456999999,"1"
2036,4,27,118,2.74668575000004,"1"
2036,4,28,119,2.06002985000003,"1"
2036,4,29,120,4.05896147000004,"1"
2036,4,30,121,3.93688931000003,"1"
2037,4,1,91,1.69381337000004,"1"
2037,4,2,92,2.04477083,"1"
2037,4,3,93,1.69381337000004,"1"
2037,4,4,94,2.47202339,"1"
2037,4,5,95,1.55648219,"1"
2037,4,6,96,3.63170891000004,"1"
2037,4,7,97,4.89820757000001,"1"
2037,4,8,98,3.25023341000002,"1"
2037,4,9,99,2.86875791,"1"
2037,4,10,100,3.14342027000004,"1"
2037,4,11,101,3.52489577,"1"
2037,4,12,102,1.93795769000002,"1"
2037,4,13,103,1.95321670999999,"1"
2037,4,14,104,3.63170891000004,"1"
2037,4,15,105,2.85349889000003,"1"
2037,4,16,106,1.67855435000001,"1"
2037,4,17,107,1.08345257000002,"1"
2037,4,18,108,1.38863297,"1"
2037,4,19,109,2.54831849000004,"1"
2037,4,20,110,3.41808263000001,"1"
2037,4,21,111,3.57067283000003,"1"
2037,4,22,112,2.22787907000003,"1"
2037,4,23,113,3.03660712999999,"1"
2037,4,24,114,1.25130179000001,"1"
2037,4,25,115,3.38756459000001,"1"
2037,4,26,116,2.65513163000003,"1"
2037,4,27,117,2.94505301000004,"1"
2037,4,28,118,3.25023341000002,"1"
2037,4,29,119,4.19629265000003,"1"
2037,4,30,120,1.96847573000002,"1"
2038,4,1,91,3.86059421000004,"1"
2038,4,2,92,5.66115857,"1"
2038,4,3,93,4.73035835000002,"1"
2038,4,4,94,3.09764321,"1"
2038,4,5,95,4.85243051000003,"1"
2038,4,6,96,2.51780045000004,"1"
2038,4,7,97,2.19736103000002,"1"
2038,4,8,98,3.47911871000002,"1"
2038,4,9,99,3.63170891000004,"1"
2038,4,10,100,2.54831849000004,"1"
2038,4,11,101,4.30310579000002,"1"
2038,4,12,102,1.95321670999999,"1"
2038,4,13,103,2.76194477000001,"1"
2038,4,14,104,3.26549243,"1"
2038,4,15,105,3.08238419000003,"1"
2038,4,16,106,2.67039065,"1"
2038,4,17,107,1.96847573000002,"1"
2038,4,18,108,3.73852205000003,"1"
2038,4,19,109,3.05186615000002,"1"
2038,4,20,110,2.28891515000004,"1"
2038,4,21,111,1.73959043000002,"1"
2038,4,22,112,3.40282361000004,"1"
2038,4,23,113,1.81588553,"1"
2038,4,24,114,2.39572829000002,"1"
2038,4,25,115,2.50254143000001,"1"
2038,4,26,116,1.66329533000004,"1"
2038,4,27,117,1.32759689,"1"
2038,4,28,118,1.72433141000005,"1"
2038,4,29,119,1.78536749,"1"
2038,4,30,120,1.23604277000004,"1"
2039,4,1,91,1.19026571000001,"1"
2039,4,2,92,2.51780045000004,"1"
2039,4,3,93,2.80772182999999,"1"
2039,4,4,94,0.915603350000026,"1"
2039,4,5,95,2.13632495000002,"1"
2039,4,6,96,1.52596414999999,"1"
2039,4,7,97,0.79353119000001,"1"
2039,4,8,98,1.64803631000001,"1"
2039,4,9,99,1.64803631000001,"1"
2039,4,10,100,0.442573729999992,"1"
2039,4,11,101,2.19736103000002,"1"
2039,4,12,102,1.86166259000004,"1"
2039,4,13,103,3.55541381,"1"
2039,4,14,104,3.29601047,"1"
2039,4,15,105,1.73959043000002,"1"
2039,4,16,106,1.48018709000002,"1"
2039,4,17,107,2.42624633000003,"1"
2039,4,18,108,3.67748597000002,"1"
2039,4,19,109,3.52489577,"1"
2039,4,20,110,3.73852205000003,"1"
2039,4,21,111,3.46385968999999,"1"
2039,4,22,112,2.04477083,"1"
2039,4,23,113,2.79246281000002,"1"
2039,4,24,114,2.13632495000002,"1"
2039,4,25,115,0.625681970000016,"1"
2039,4,26,116,2.38046926999999,"1"
2039,4,27,117,2.41098731,"1"
2039,4,28,118,3.54015479000003,"1"
2039,4,29,119,1.87692161000001,"1"
2039,4,30,120,4.79139443000003,"1"
2040,4,1,92,1.60225925000003,"1"
2040,4,2,93,1.38863297,"1"
2040,4,3,94,1.43441003000004,"1"
2040,4,4,95,1.44966905000001,"1"
2040,4,5,96,0.686718050000025,"1"
2040,4,6,97,0.640940990000047,"1"
2040,4,7,98,2.18210200999999,"1"
2040,4,8,99,1.44966905000001,"1"
2040,4,9,100,3.60119087000004,"1"
2040,4,10,101,2.80772182999999,"1"
2040,4,11,102,2.50254143000001,"1"
2040,4,12,103,2.71616771000004,"1"
2040,4,13,104,3.21971537000002,"1"
2040,4,14,105,2.47202339,"1"
2040,4,15,106,0.961380410000004,"1"
2040,4,16,107,4.62354521000003,"1"
2040,4,17,108,3.83007617000004,"1"
2040,4,18,109,1.55648219,"1"
2040,4,19,110,0.94612139000003,"1"
2040,4,20,111,1.55648219,"1"
2040,4,21,112,1.11397061000002,"1"
2040,4,22,113,0.900344329999996,"1"
2040,4,23,114,3.60119087000004,"1"
2040,4,24,115,2.24313809,"1"
2040,4,25,116,1.58700023,"1"
2040,4,26,117,3.05186615000002,"1"
2040,4,27,118,4.31836480999999,"1"
2040,4,28,119,3.20445635000004,"1"
2040,4,29,120,3.52489577,"1"
2040,4,30,121,3.75378107,"1"
2041,4,1,91,0.961380410000004,"1"
2041,4,2,92,2.94505301000004,"1"
2041,4,3,93,3.86059421000004,"1"
2041,4,4,94,4.16577461000003,"1"
2041,4,5,95,3.44860067000002,"1"
2041,4,6,96,2.68564967000003,"1"
2041,4,7,97,1.98373475,"1"
2041,4,8,98,2.34995123000004,"1"
2041,4,9,99,2.88401693000003,"1"
2041,4,10,100,4.27258775000001,"1"
2041,4,11,101,2.99083007000002,"1"
2041,4,12,102,5.92056191,"1"
2041,4,13,103,3.38756459000001,"1"
2041,4,14,104,1.20552473000004,"1"
2041,4,15,105,2.27365613000001,"1"
2041,4,16,106,1.66329533000004,"1"
2041,4,17,107,2.50254143000001,"1"
2041,4,18,108,2.04477083,"1"
2041,4,19,109,1.26656081000004,"1"
2041,4,20,110,1.25130179000001,"1"
2041,4,21,111,2.39572829000002,"1"
2041,4,22,112,3.41808263000001,"1"
2041,4,23,113,3.46385968999999,"1"
2041,4,24,114,2.47202339,"1"
2041,4,25,115,4.04370245000001,"1"
2041,4,26,116,3.00608909000005,"1"
2041,4,27,117,3.15867929000001,"1"
2041,4,28,118,1.78536749,"1"
2041,4,29,119,1.20552473000004,"1"
2041,4,30,120,1.51070513000002,"1"
2042,4,1,91,1.60225925000003,"1"
2042,4,2,92,2.94505301000004,"1"
2042,4,3,93,2.85349889000003,"1"
2042,4,4,94,2.18210200999999,"1"
2042,4,5,95,2.04477083,"1"
2042,4,6,96,2.85349889000003,"1"
2042,4,7,97,1.67855435000001,"1"
2042,4,8,98,2.34995123000004,"1"
2042,4,9,99,1.89218063000004,"1"
2042,4,10,100,1.46492807000004,"1"
2042,4,11,101,1.35811493,"1"
2042,4,12,102,2.19736103000002,"1"
2042,4,13,103,1.29707884999999,"1"
2042,4,14,104,3.81481715000001,"1"
2042,4,15,105,1.34285591000003,"1"
2042,4,16,106,2.68564967000003,"1"
2042,4,17,107,1.96847573000002,"1"
2042,4,18,108,2.60935456999999,"1"
2042,4,19,109,3.69274498999999,"1"
2042,4,20,110,3.02134811000002,"1"
2042,4,21,111,2.47202339,"1"
2042,4,22,112,2.13632495000002,"1"
2042,4,23,113,2.56357751000002,"1"
2042,4,24,114,2.30417417000001,"1"
2042,4,25,115,2.54831849000004,"1"
2042,4,26,116,3.70800401000002,"1"
2042,4,27,117,3.55541381,"1"
2042,4,28,118,3.83007617000004,"1"
2042,4,29,119,3.66222695000005,"1"
2042,4,30,120,2.96031203000001,"1"
2043,4,1,91,1.75484944999999,"1"
2043,4,2,92,2.13632495000002,"1"
2043,4,3,93,3.18919733000001,"1"
2043,4,4,94,1.38863297,"1"
2043,4,5,95,1.31233787000002,"1"
2043,4,6,96,2.54831849000004,"1"
2043,4,7,97,2.21262005,"1"
2043,4,8,98,1.77010847000003,"1"
2043,4,9,99,3.79955813000004,"1"
2043,4,10,100,2.50254143000001,"1"
2043,4,11,101,2.76194477000001,"1"
2043,4,12,102,3.14342027000004,"1"
2043,4,13,103,3.55541381,"1"
2043,4,14,104,2.51780045000004,"1"
2043,4,15,105,1.32759689,"1"
2043,4,16,106,1.66329533000004,"1"
2043,4,17,107,1.70907239000002,"1"
2043,4,18,108,2.59409555000002,"1"
2043,4,19,109,1.32759689,"1"
2043,4,20,110,3.37230557000004,"1"
2043,4,21,111,5.08131581000004,"1"
2043,4,22,112,1.75484944999999,"1"
2043,4,23,113,1.64803631000001,"1"
2043,4,24,114,3.92163029,"1"
2043,4,25,115,1.61751827,"1"
2043,4,26,116,2.60935456999999,"1"
2043,4,27,117,3.70800401000002,"1"
2043,4,28,118,2.76194477000001,"1"
2043,4,29,119,0.854567270000018,"1"
2043,4,30,120,1.54122317000002,"1"
2044,4,1,92,2.57883653000005,"1"
2044,4,2,93,2.39572829000002,"1"
2044,4,3,94,2.28891515000004,"1"
2044,4,4,95,2.12106593000004,"1"
2044,4,5,96,3.58593185000001,"1"
2044,4,6,97,5.50856837000003,"1"
2044,4,7,98,1.25130179000001,"1"
2044,4,8,99,1.60225925000003,"1"
2044,4,9,100,1.00715747000004,"1"
2044,4,10,101,1.43441003000004,"1"
2044,4,11,102,2.09054789000004,"1"
2044,4,12,103,2.15158397000005,"1"
2044,4,13,104,2.79246281000002,"1"
2044,4,14,105,1.83114455000003,"1"
2044,4,15,106,4.85243051000003,"1"
2044,4,16,107,2.91453497000003,"1"
2044,4,17,108,3.18919733000001,"1"
2044,4,18,109,2.10580691000001,"1"
2044,4,19,110,2.86875791,"1"
2044,4,20,111,1.44966905000001,"1"
2044,4,21,112,1.81588553,"1"
2044,4,22,113,2.25839711000003,"1"
2044,4,23,114,1.69381337000004,"1"
2044,4,24,115,2.22787907000003,"1"
2044,4,25,116,4.95924365000002,"1"
2044,4,26,117,2.91453497000003,"1"
2044,4,27,118,3.41808263000001,"1"
2044,4,28,119,2.68564967000003,"1"
2044,4,29,120,1.38863297,"1"
2044,4,30,121,2.63987261,"1"
2045,4,1,91,2.70090869000001,"1"
2045,4,2,92,2.19736103000002,"1"
2045,4,3,93,1.32759689,"1"
2045,4,4,94,2.82298085000002,"1"
2045,4,5,95,1.49544611000005,"1"
2045,4,6,96,5.78323073000001,"1"
2045,4,7,97,5.03553875,"1"
2045,4,8,98,1.87692161000001,"1"
2045,4,9,99,1.40389199000003,"1"
2045,4,10,100,2.85349889000003,"1"
2045,4,11,101,2.02951181000003,"1"
2045,4,12,102,1.28181983000002,"1"
2045,4,13,103,2.19736103000002,"1"
2045,4,14,104,2.02951181000003,"1"
2045,4,15,105,0.900344329999996,"1"
2045,4,16,106,1.09871158999999,"1"
2045,4,17,107,2.99083007000002,"1"
2045,4,18,108,3.87585323000002,"1"
2045,4,19,109,1.93795769000002,"1"
2045,4,20,110,1.77010847000003,"1"
2045,4,21,111,3.49437773,"1"
2045,4,22,112,4.34888285,"1"
2045,4,23,113,2.56357751000002,"1"
2045,4,24,114,2.22787907000003,"1"
2045,4,25,115,1.72433141000005,"1"
2045,4,26,116,2.45676437000003,"1"
2045,4,27,117,1.89218063000004,"1"
2045,4,28,118,2.06002985000003,"1"
2045,4,29,119,3.69274498999999,"1"
2045,4,30,120,4.15051559,"1"
2046,4,1,91,2.96031203000001,"1"
2046,4,2,92,3.64696793000002,"1"
2046,4,3,93,2.12106593000004,"1"
2046,4,4,94,4.33362383000002,"1"
2046,4,5,95,2.94505301000004,"1"
2046,4,6,96,1.78536749,"1"
2046,4,7,97,1.66329533000004,"1"
2046,4,8,98,3.44860067000002,"1"
2046,4,9,99,1.84640357000001,"1"
2046,4,10,100,1.52596414999999,"1"
2046,4,11,101,2.71616771000004,"1"
2046,4,12,102,1.81588553,"1"
2046,4,13,103,2.42624633000003,"1"
2046,4,14,104,2.22787907000003,"1"
2046,4,15,105,2.45676437000003,"1"
2046,4,16,106,4.04370245000001,"1"
2046,4,17,107,3.02134811000002,"1"
2046,4,18,108,2.85349889000003,"1"
2046,4,19,109,4.57776815,"1"
2046,4,20,110,2.18210200999999,"1"
2046,4,21,111,1.37337395000003,"1"
2046,4,22,112,2.06002985000003,"1"
2046,4,23,113,2.79246281000002,"1"
2046,4,24,114,1.23604277000004,"1"
2046,4,25,115,2.12106593000004,"1"
2046,4,26,116,2.28891515000004,"1"
2046,4,27,117,2.86875791,"1"
2046,4,28,118,3.89111224999999,"1"
2046,4,29,119,2.99083007000002,"1"
2046,4,30,120,1.69381337000004,"1"
2047,4,1,91,2.96031203000001,"1"
2047,4,2,92,2.48728241000003,"1"
2047,4,3,93,1.52596414999999,"1"
2047,4,4,94,1.95321670999999,"1"
2047,4,5,95,2.57883653000005,"1"
2047,4,6,96,1.61751827,"1"
2047,4,7,97,1.44966905000001,"1"
2047,4,8,98,3.34178753000003,"1"
2047,4,9,99,2.27365613000001,"1"
2047,4,10,100,3.17393831000004,"1"
2047,4,11,101,2.77720379000004,"1"
2047,4,12,102,2.28891515000004,"1"
2047,4,13,103,1.96847573000002,"1"
2047,4,14,104,2.89927595,"1"
2047,4,15,105,4.21155167000001,"1"
2047,4,16,106,2.15158397000005,"1"
2047,4,17,107,2.94505301000004,"1"
2047,4,18,108,5.05079777000003,"1"
2047,4,19,109,5.24916503000003,"1"
2047,4,20,110,3.70800401000002,"1"
2047,4,21,111,4.77613541,"1"
2047,4,22,112,5.12709287000001,"1"
2047,4,23,113,2.53305947000001,"1"
2047,4,24,114,1.84640357000001,"1"
2047,4,25,115,1.43441003000004,"1"
2047,4,26,116,3.11290223000003,"1"
2047,4,27,117,2.77720379000004,"1"
2047,4,28,118,3.26549243,"1"
2047,4,29,119,1.26656081000004,"1"
2047,4,30,120,2.71616771000004,"1"
2048,4,1,92,3.21971537000002,"1"
2048,4,2,93,2.73142673000001,"1"
2048,4,3,94,2.86875791,"1"
2048,4,4,95,2.65513163000003,"1"
2048,4,5,96,2.06002985000003,"1"
2048,4,6,97,2.65513163000003,"1"
2048,4,7,98,3.84533519000001,"1"
2048,4,8,99,5.05079777000003,"1"
2048,4,9,100,2.07528887000001,"1"
2048,4,10,101,2.13632495000002,"1"
2048,4,11,102,2.67039065,"1"
2048,4,12,103,2.79246281000002,"1"
2048,4,13,104,4.25732873000004,"1"
2048,4,14,105,3.79955813000004,"1"
2048,4,15,106,3.02134811000002,"1"
2048,4,16,107,1.84640357000001,"1"
2048,4,17,108,1.58700023,"1"
2048,4,18,109,2.73142673000001,"1"
2048,4,19,110,2.10580691000001,"1"
2048,4,20,111,2.36521025000002,"1"
2048,4,21,112,2.65513163000003,"1"
2048,4,22,113,2.42624633000003,"1"
2048,4,23,114,4.60828619,"1"
2048,4,24,115,5.09657483000001,"1"
2048,4,25,116,3.86059421000004,"1"
2048,4,26,117,4.01318441000001,"1"
2048,4,27,118,5.11183385000004,"1"
2048,4,28,119,1.93795769000002,"1"
2048,4,29,120,1.84640357000001,"1"
2048,4,30,121,3.00608909000005,"1"
2049,4,1,91,2.19736103000002,"1"
2049,4,2,92,1.31233787000002,"1"
2049,4,3,93,4.30310579000002,"1"
2049,4,4,94,2.31943319000004,"1"
2049,4,5,95,4.27258775000001,"1"
2049,4,6,96,3.76904009000003,"1"
2049,4,7,97,1.80062651000003,"1"
2049,4,8,98,1.86166259000004,"1"
2049,4,9,99,1.43441003000004,"1"
2049,4,10,100,2.16684299000002,"1"
2049,4,11,101,2.13632495000002,"1"
2049,4,12,102,2.42624633000003,"1"
2049,4,13,103,2.31943319000004,"1"
2049,4,14,104,2.25839711000003,"1"
2049,4,15,105,2.04477083,"1"
2049,4,16,106,4.45569599000004,"1"
2049,4,17,107,2.04477083,"1"
2049,4,18,108,0.824049230000014,"1"
2049,4,19,109,2.42624633000003,"1"
2049,4,20,110,1.26656081000004,"1"
2049,4,21,111,1.02241649000001,"1"
2049,4,22,112,2.09054789000004,"1"
2049,4,23,113,3.11290223000003,"1"
2049,4,24,114,3.03660712999999,"1"
2049,4,25,115,3.67748597000002,"1"
2049,4,26,116,1.57174121000003,"1"
2049,4,27,117,2.02951181000003,"1"
2049,4,28,118,4.24206971000001,"1"
2049,4,29,119,0.778272170000037,"1"
2049,4,30,120,2.41098731,"1"
2050,4,1,91,2.31943319000004,"1"
2050,4,2,92,1.35811493,"1"
2050,4,3,93,0.442573729999992,"1"
2050,4,4,94,3.49437773,"1"
2050,4,5,95,2.44150535,"1"
2050,4,6,96,2.15158397000005,"1"
2050,4,7,97,1.90743965000001,"1"
2050,4,8,98,2.02951181000003,"1"
2050,4,9,99,2.36521025000002,"1"
2050,4,10,100,2.63987261,"1"
2050,4,11,101,2.07528887000001,"1"
2050,4,12,102,2.21262005,"1"
2050,4,13,103,3.34178753000003,"1"
2050,4,14,104,3.99792539000003,"1"
2050,4,15,105,4.37940089,"1"
2050,4,16,106,4.45569599000004,"1"
2050,4,17,107,1.66329533000004,"1"
2050,4,18,108,3.32652851,"1"
2050,4,19,109,0.900344329999996,"1"
2050,4,20,110,1.09871158999999,"1"
2050,4,21,111,2.10580691000001,"1"
2050,4,22,112,2.73142673000001,"1"
2050,4,23,113,2.04477083,"1"
2050,4,24,114,3.57067283000003,"1"
2050,4,25,115,2.62461359000002,"1"
2050,4,26,116,1.54122317000002,"1"
2050,4,27,117,2.13632495000002,"1"
2050,4,28,118,3.47911871000002,"1"
2050,4,29,119,2.47202339,"1"
2050,4,30,120,2.24313809,"1"
2051,4,1,91,1.28181983000002,"1"
2051,4,2,92,2.77720379000004,"1"
2051,4,3,93,3.32652851,"1"
2051,4,4,94,3.15867929000001,"1"
2051,4,5,95,2.60935456999999,"1"
2051,4,6,96,2.51780045000004,"1"
2051,4,7,97,2.63987261,"1"
2051,4,8,98,4.01318441000001,"1"
2051,4,9,99,2.22787907000003,"1"
2051,4,10,100,1.81588553,"1"
2051,4,11,101,2.56357751000002,"1"
2051,4,12,102,4.89820757000001,"1"
2051,4,13,103,2.71616771000004,"1"
2051,4,14,104,1.05293453000002,"1"
2051,4,15,105,3.03660712999999,"1"
2051,4,16,106,2.41098731,"1"
2051,4,17,107,5.52382739000001,"1"
2051,4,18,108,4.73035835000002,"1"
2051,4,19,109,3.67748597000002,"1"
2051,4,20,110,2.54831849000004,"1"
2051,4,21,111,3.50963675000003,"1"
2051,4,22,112,3.99792539000003,"1"
2051,4,23,113,2.80772182999999,"1"
2051,4,24,114,2.48728241000003,"1"
2051,4,25,115,2.99083007000002,"1"
2051,4,26,116,3.49437773,"1"
2051,4,27,117,2.30417417000001,"1"
2051,4,28,118,2.33469221000001,"1"
2051,4,29,119,2.18210200999999,"1"
2051,4,30,120,2.56357751000002,"1"
2052,4,1,92,1.64803631000001,"1"
2052,4,2,93,4.08947951000005,"1"
2052,4,3,94,2.48728241000003,"1"
2052,4,4,95,2.27365613000001,"1"
2052,4,5,96,1.80062651000003,"1"
2052,4,6,97,1.96847573000002,"1"
2052,4,7,98,2.09054789000004,"1"
2052,4,8,99,2.54831849000004,"1"
2052,4,9,100,2.33469221000001,"1"
2052,4,10,101,2.41098731,"1"
2052,4,11,102,3.34178753000003,"1"
2052,4,12,103,1.86166259000004,"1"
2052,4,13,104,1.03767551000004,"1"
2052,4,14,105,2.06002985000003,"1"
2052,4,15,106,2.88401693000003,"1"
2052,4,16,107,4.37940089,"1"
2052,4,17,108,1.92269867000005,"1"
2052,4,18,109,1.23604277000004,"1"
2052,4,19,110,2.91453497000003,"1"
2052,4,20,111,3.99792539000003,"1"
2052,4,21,112,2.80772182999999,"1"
2052,4,22,113,1.34285591000003,"1"
2052,4,23,114,2.02951181000003,"1"
2052,4,24,115,4.22681069000004,"1"
2052,4,25,116,3.55541381,"1"
2052,4,26,117,2.13632495000002,"1"
2052,4,27,118,2.18210200999999,"1"
2052,4,28,119,1.38863297,"1"
2052,4,29,120,3.64696793000002,"1"
2052,4,30,121,1.63277729000004,"1"
2053,4,1,91,2.38046926999999,"1"
2053,4,2,92,1.92269867000005,"1"
2053,4,3,93,1.64803631000001,"1"
2053,4,4,94,1.23604277000004,"1"
2053,4,5,95,1.57174121000003,"1"
2053,4,6,96,3.34178753000003,"1"
2053,4,7,97,3.86059421000004,"1"
2053,4,8,98,2.48728241000003,"1"
2053,4,9,99,1.89218063000004,"1"
2053,4,10,100,1.44966905000001,"1"
2053,4,11,101,4.54725010999999,"1"
2053,4,12,102,2.86875791,"1"
2053,4,13,103,1.19026571000001,"1"
2053,4,14,104,1.29707884999999,"1"
2053,4,15,105,1.23604277000004,"1"
2053,4,16,106,2.21262005,"1"
2053,4,17,107,4.92872561000001,"1"
2053,4,18,108,3.63170891000004,"1"
2053,4,19,109,3.95214833,"1"
2053,4,20,110,4.57776815,"1"
2053,4,21,111,2.85349889000003,"1"
2053,4,22,112,1.38863297,"1"
2053,4,23,113,3.55541381,"1"
2053,4,24,114,1.98373475,"1"
2053,4,25,115,0.93086237,"1"
2053,4,26,116,2.24313809,"1"
2053,4,27,117,2.65513163000003,"1"
2053,4,28,118,3.96740735000003,"1"
2053,4,29,119,1.90743965000001,"1"
2053,4,30,120,2.65513163000003,"1"
2054,4,1,91,3.03660712999999,"1"
2054,4,2,92,2.63987261,"1"
2054,4,3,93,2.83823987,"1"
2054,4,4,94,2.21262005,"1"
2054,4,5,95,2.97557105000004,"1"
2054,4,6,96,1.80062651000003,"1"
2054,4,7,97,1.77010847000003,"1"
2054,4,8,98,4.45569599000004,"1"
2054,4,9,99,1.84640357000001,"1"
2054,4,10,100,1.43441003000004,"1"
2054,4,11,101,3.15867929000001,"1"
2054,4,12,102,3.47911871000002,"1"
2054,4,13,103,1.92269867000005,"1"
2054,4,14,104,1.57174121000003,"1"
2054,4,15,105,3.81481715000001,"1"
2054,4,16,106,1.73959043000002,"1"
2054,4,17,107,1.96847573000002,"1"
2054,4,18,108,3.26549243,"1"
2054,4,19,109,3.18919733000001,"1"
2054,4,20,110,2.48728241000003,"1"
2054,4,21,111,1.84640357000001,"1"
2054,4,22,112,2.79246281000002,"1"
2054,4,23,113,2.33469221000001,"1"
2054,4,24,114,5.15761091000002,"1"
2054,4,25,115,4.68458129000004,"1"
2054,4,26,116,2.27365613000001,"1"
2054,4,27,117,1.15974767,"1"
2054,4,28,118,2.73142673000001,"1"
2054,4,29,119,2.96031203000001,"1"
2054,4,30,120,2.80772182999999,"1"
2055,4,1,91,2.71616771000004,"1"
2055,4,2,92,2.91453497000003,"1"
2055,4,3,93,1.57174121000003,"1"
2055,4,4,94,2.91453497000003,"1"
2055,4,5,95,1.46492807000004,"1"
2055,4,6,96,3.06712517,"1"
2055,4,7,97,1.78536749,"1"
2055,4,8,98,1.32759689,"1"
2055,4,9,99,1.43441003000004,"1"
2055,4,10,100,1.67855435000001,"1"
2055,4,11,101,1.60225925000003,"1"
2055,4,12,102,3.52489577,"1"
2055,4,13,103,3.08238419000003,"1"
2055,4,14,104,3.46385968999999,"1"
2055,4,15,105,3.60119087000004,"1"
2055,4,16,106,2.51780045000004,"1"
2055,4,17,107,1.03767551000004,"1"
2055,4,18,108,4.19629265000003,"1"
2055,4,19,109,1.31233787000002,"1"
2055,4,20,110,2.27365613000001,"1"
2055,4,21,111,4.53199109000002,"1"
2055,4,22,112,2.09054789000004,"1"
2055,4,23,113,1.37337395000003,"1"
2055,4,24,114,2.51780045000004,"1"
2055,4,25,115,2.77720379000004,"1"
2055,4,26,116,2.25839711000003,"1"
2055,4,27,117,2.42624633000003,"1"
2055,4,28,118,1.23604277000004,"1"
2055,4,29,119,1.64803631000001,"1"
2055,4,30,120,2.16684299000002,"1"
2056,4,1,92,4.05896147000004,"1"
2056,4,2,93,2.22787907000003,"1"
2056,4,3,94,4.57776815,"1"
2056,4,4,95,1.64803631000001,"1"
2056,4,5,96,3.03660712999999,"1"
2056,4,6,97,2.07528887000001,"1"
2056,4,7,98,2.02951181000003,"1"
2056,4,8,99,2.04477083,"1"
2056,4,9,100,3.86059421000004,"1"
2056,4,10,101,3.47911871000002,"1"
2056,4,11,102,1.67855435000001,"1"
2056,4,12,103,1.51070513000002,"1"
2056,4,13,104,2.19736103000002,"1"
2056,4,14,105,1.54122317000002,"1"
2056,4,15,106,1.41915101000001,"1"
2056,4,16,107,1.87692161000001,"1"
2056,4,17,108,3.78429911000001,"1"
2056,4,18,109,4.18103363,"1"
2056,4,19,110,2.04477083,"1"
2056,4,20,111,2.06002985000003,"1"
2056,4,21,112,2.47202339,"1"
2056,4,22,113,1.72433141000005,"1"
2056,4,23,114,2.63987261,"1"
2056,4,24,115,2.16684299000002,"1"
2056,4,25,116,1.78536749,"1"
2056,4,26,117,1.96847573000002,"1"
2056,4,27,118,4.85243051000003,"1"
2056,4,28,119,2.79246281000002,"1"
2056,4,29,120,2.63987261,"1"
2056,4,30,121,3.47911871000002,"1"
2057,4,1,91,2.79246281000002,"1"
2057,4,2,92,2.12106593000004,"1"
2057,4,3,93,3.11290223000003,"1"
2057,4,4,94,2.16684299000002,"1"
2057,4,5,95,3.25023341000002,"1"
2057,4,6,96,2.34995123000004,"1"
2057,4,7,97,1.69381337000004,"1"
2057,4,8,98,0.473091769999996,"1"
2057,4,9,99,0.854567270000018,"1"
2057,4,10,100,1.67855435000001,"1"
2057,4,11,101,2.83823987,"1"
2057,4,12,102,2.73142673000001,"1"
2057,4,13,103,2.91453497000003,"1"
2057,4,14,104,2.96031203000001,"1"
2057,4,15,105,2.24313809,"1"
2057,4,16,106,1.70907239000002,"1"
2057,4,17,107,3.11290223000003,"1"
2057,4,18,108,3.63170891000004,"1"
2057,4,19,109,2.89927595,"1"
2057,4,20,110,2.94505301000004,"1"
2057,4,21,111,2.30417417000001,"1"
2057,4,22,112,0.854567270000018,"1"
2057,4,23,113,4.21155167000001,"1"
2057,4,24,114,3.35704655000001,"1"
2057,4,25,115,1.57174121000003,"1"
2057,4,26,116,0.900344329999996,"1"
2057,4,27,117,2.77720379000004,"1"
2057,4,28,118,2.25839711000003,"1"
2057,4,29,119,2.86875791,"1"
2057,4,30,120,3.32652851,"1"
2058,4,1,91,3.26549243,"1"
2058,4,2,92,4.91346659000004,"1"
2058,4,3,93,3.93688931000003,"1"
2058,4,4,94,1.28181983000002,"1"
2058,4,5,95,1.44966905000001,"1"
2058,4,6,96,1.72433141000005,"1"
2058,4,7,97,2.01425279,"1"
2058,4,8,98,1.60225925000003,"1"
2058,4,9,99,3.50963675000003,"1"
2058,4,10,100,1.41915101000001,"1"
2058,4,11,101,1.60225925000003,"1"
2058,4,12,102,1.93795769000002,"1"
2058,4,13,103,1.92269867000005,"1"
2058,4,14,104,1.67855435000001,"1"
2058,4,15,105,0.732495110000002,"1"
2058,4,16,106,3.47911871000002,"1"
2058,4,17,107,2.89927595,"1"
2058,4,18,108,2.16684299000002,"1"
2058,4,19,109,3.96740735000003,"1"
2058,4,20,110,5.02027973000003,"1"
2058,4,21,111,1.77010847000003,"1"
2058,4,22,112,1.70907239000002,"1"
2058,4,23,113,1.25130179000001,"1"
2058,4,24,114,1.40389199000003,"1"
2058,4,25,115,2.33469221000001,"1"
2058,4,26,116,1.83114455000003,"1"
2058,4,27,117,3.64696793000002,"1"
2058,4,28,118,4.86768953000001,"1"
2058,4,29,119,2.73142673000001,"1"
2058,4,30,120,3.06712517,"1"
2059,4,1,91,1.48018709000002,"1"
2059,4,2,92,3.87585323000002,"1"
2059,4,3,93,2.54831849000004,"1"
2059,4,4,94,2.86875791,"1"
2059,4,5,95,3.03660712999999,"1"
2059,4,6,96,2.71616771000004,"1"
2059,4,7,97,3.21971537000002,"1"
2059,4,8,98,4.34888285,"1"
2059,4,9,99,2.18210200999999,"1"
2059,4,10,100,2.76194477000001,"1"
2059,4,11,101,5.32546013000001,"1"
2059,4,12,102,2.92979399000001,"1"
2059,4,13,103,2.13632495000002,"1"
2059,4,14,104,2.68564967000003,"1"
2059,4,15,105,1.37337395000003,"1"
2059,4,16,106,2.42624633000003,"1"
2059,4,17,107,2.04477083,"1"
2059,4,18,108,3.86059421000004,"1"
2059,4,19,109,4.86768953000001,"1"
2059,4,20,110,3.05186615000002,"1"
2059,4,21,111,2.25839711000003,"1"
2059,4,22,112,2.34995123000004,"1"
2059,4,23,113,2.86875791,"1"
2059,4,24,114,2.50254143000001,"1"
2059,4,25,115,2.21262005,"1"
2059,4,26,116,3.00608909000005,"1"
2059,4,27,117,3.06712517,"1"
2059,4,28,118,2.74668575000004,"1"
2059,4,29,119,4.21155167000001,"1"
2059,4,30,120,2.42624633000003,"1"
2060,4,1,92,2.99083007000002,"1"
2060,4,2,93,3.47911871000002,"1"
2060,4,3,94,3.52489577,"1"
2060,4,4,95,1.32759689,"1"
2060,4,5,96,1.99899377000003,"1"
2060,4,6,97,2.86875791,"1"
2060,4,7,98,2.31943319000004,"1"
2060,4,8,99,2.79246281000002,"1"
2060,4,9,100,2.16684299000002,"1"
2060,4,10,101,4.19629265000003,"1"
2060,4,11,102,1.95321670999999,"1"
2060,4,12,103,2.28891515000004,"1"
2060,4,13,104,1.72433141000005,"1"
2060,4,14,105,2.04477083,"1"
2060,4,15,106,4.08947951000005,"1"
2060,4,16,107,2.30417417000001,"1"
2060,4,17,108,1.26656081000004,"1"
2060,4,18,109,2.41098731,"1"
2060,4,19,110,2.88401693000003,"1"
2060,4,20,111,3.46385968999999,"1"
2060,4,21,112,2.39572829000002,"1"
2060,4,22,113,2.04477083,"1"
2060,4,23,114,1.44966905000001,"1"
2060,4,24,115,1.66329533000004,"1"
2060,4,25,116,2.89927595,"1"
2060,4,26,117,2.16684299000002,"1"
2060,4,27,118,4.25732873000004,"1"
2060,4,28,119,4.40991893,"1"
2060,4,29,120,4.16577461000003,"1"
2060,4,30,121,3.70800401000002,"1"
2061,4,1,91,2.86875791,"1"
2061,4,2,92,2.60935456999999,"1"
2061,4,3,93,1.61751827,"1"
2061,4,4,94,1.93795769000002,"1"
2061,4,5,95,1.66329533000004,"1"
2061,4,6,96,1.20552473000004,"1"
2061,4,7,97,0.534127850000004,"1"
2061,4,8,98,2.10580691000001,"1"
2061,4,9,99,1.38863297,"1"
2061,4,10,100,1.63277729000004,"1"
2061,4,11,101,2.76194477000001,"1"
2061,4,12,102,1.81588553,"1"
2061,4,13,103,2.68564967000003,"1"
2061,4,14,104,1.72433141000005,"1"
2061,4,15,105,1.26656081000004,"1"
2061,4,16,106,2.60935456999999,"1"
2061,4,17,107,3.37230557000004,"1"
2061,4,18,108,1.89218063000004,"1"
2061,4,19,109,1.25130179000001,"1"
2061,4,20,110,2.97557105000004,"1"
2061,4,21,111,3.05186615000002,"1"
2061,4,22,112,3.25023341000002,"1"
2061,4,23,113,2.04477083,"1"
2061,4,24,114,4.76087639000002,"1"
2061,4,25,115,3.57067283000003,"1"
2061,4,26,116,2.31943319000004,"1"
2061,4,27,117,2.19736103000002,"1"
2061,4,28,118,2.48728241000003,"1"
2061,4,29,119,2.67039065,"1"
2061,4,30,120,1.34285591000003,"1"
2062,4,1,91,3.57067283000003,"1"
2062,4,2,92,3.72326303,"1"
2062,4,3,93,2.83823987,"1"
2062,4,4,94,2.25839711000003,"1"
2062,4,5,95,2.36521025000002,"1"
2062,4,6,96,0.915603350000026,"1"
2062,4,7,97,1.08345257000002,"1"
2062,4,8,98,3.72326303,"1"
2062,4,9,99,2.97557105000004,"1"
2062,4,10,100,5.67641759000003,"1"
2062,4,11,101,3.93688931000003,"1"
2062,4,12,102,3.72326303,"1"
2062,4,13,103,2.24313809,"1"
2062,4,14,104,3.21971537000002,"1"
2062,4,15,105,3.02134811000002,"1"
2062,4,16,106,1.84640357000001,"1"
2062,4,17,107,2.15158397000005,"1"
2062,4,18,108,2.19736103000002,"1"
2062,4,19,109,2.76194477000001,"1"
2062,4,20,110,1.57174121000003,"1"
2062,4,21,111,2.15158397000005,"1"
2062,4,22,112,3.06712517,"1"
2062,4,23,113,2.21262005,"1"
2062,4,24,114,2.62461359000002,"1"
2062,4,25,115,2.47202339,"1"
2062,4,26,116,3.95214833,"1"
2062,4,27,117,2.27365613000001,"1"
2062,4,28,118,3.58593185000001,"1"
2062,4,29,119,2.25839711000003,"1"
2062,4,30,120,2.13632495000002,"1"
2063,4,1,91,1.51070513000002,"1"
2063,4,2,92,2.36521025000002,"1"
2063,4,3,93,2.74668575000004,"1"
2063,4,4,94,3.12816125,"1"
2063,4,5,95,4.02844343000004,"1"
2063,4,6,96,1.40389199000003,"1"
2063,4,7,97,2.07528887000001,"1"
2063,4,8,98,2.57883653000005,"1"
2063,4,9,99,2.70090869000001,"1"
2063,4,10,100,3.47911871000002,"1"
2063,4,11,101,3.89111224999999,"1"
2063,4,12,102,2.38046926999999,"1"
2063,4,13,103,2.53305947000001,"1"
2063,4,14,104,2.68564967000003,"1"
2063,4,15,105,2.70090869000001,"1"
2063,4,16,106,2.34995123000004,"1"
2063,4,17,107,0.961380410000004,"1"
2063,4,18,108,1.78536749,"1"
2063,4,19,109,1.96847573000002,"1"
2063,4,20,110,2.34995123000004,"1"
2063,4,21,111,2.63987261,"1"
2063,4,22,112,2.02951181000003,"1"
2063,4,23,113,2.96031203000001,"1"
2063,4,24,114,2.19736103000002,"1"
2063,4,25,115,1.77010847000003,"1"
2063,4,26,116,2.88401693000003,"1"
2063,4,27,117,1.64803631000001,"1"
2063,4,28,118,2.67039065,"1"
2063,4,29,119,1.37337395000003,"1"
2063,4,30,120,1.57174121000003,"1"
2064,4,1,92,1.05293453000002,"1"
2064,4,2,93,1.43441003000004,"1"
2064,4,3,94,2.85349889000003,"1"
2064,4,4,95,3.08238419000003,"1"
2064,4,5,96,2.28891515000004,"1"
2064,4,6,97,1.86166259000004,"1"
2064,4,7,98,3.37230557000004,"1"
2064,4,8,99,1.96847573000002,"1"
2064,4,9,100,1.81588553,"1"
2064,4,10,101,3.09764321,"1"
2064,4,11,102,2.97557105000004,"1"
2064,4,12,103,1.40389199000003,"1"
2064,4,13,104,4.36414187000003,"1"
2064,4,14,105,2.30417417000001,"1"
2064,4,15,106,1.22078375000001,"1"
2064,4,16,107,2.33469221000001,"1"
2064,4,17,108,1.54122317000002,"1"
2064,4,18,109,2.13632495000002,"1"
2064,4,19,110,1.61751827,"1"
2064,4,20,111,2.33469221000001,"1"
2064,4,21,112,3.06712517,"1"
2064,4,22,113,4.05896147000004,"1"
2064,4,23,114,4.01318441000001,"1"
2064,4,24,115,4.11999754999999,"1"
2064,4,25,116,2.25839711000003,"1"
2064,4,26,117,2.99083007000002,"1"
2064,4,27,118,3.83007617000004,"1"
2064,4,28,119,3.55541381,"1"
2064,4,29,120,2.82298085000002,"1"
2064,4,30,121,1.22078375000001,"1"
2065,4,1,91,1.29707884999999,"1"
2065,4,2,92,2.59409555000002,"1"
2065,4,3,93,2.28891515000004,"1"
2065,4,4,94,0.65620001000002,"1"
2065,4,5,95,0.961380410000004,"1"
2065,4,6,96,1.63277729000004,"1"
2065,4,7,97,3.61644989000001,"1"
2065,4,8,98,2.91453497000003,"1"
2065,4,9,99,3.87585323000002,"1"
2065,4,10,100,2.60935456999999,"1"
2065,4,11,101,3.34178753000003,"1"
2065,4,12,102,3.00608909000005,"1"
2065,4,13,103,1.40389199000003,"1"
2065,4,14,104,1.17500669000003,"1"
2065,4,15,105,0.808790210000041,"1"
2065,4,16,106,4.02844343000004,"1"
2065,4,17,107,2.28891515000004,"1"
2065,4,18,108,2.83823987,"1"
2065,4,19,109,1.52596414999999,"1"
2065,4,20,110,1.96847573000002,"1"
2065,4,21,111,3.75378107,"1"
2065,4,22,112,2.13632495000002,"1"
2065,4,23,113,1.31233787000002,"1"
2065,4,24,114,2.51780045000004,"1"
2065,4,25,115,2.27365613000001,"1"
2065,4,26,116,3.29601047,"1"
2065,4,27,117,1.90743965000001,"1"
2065,4,28,118,0.65620001000002,"1"
2065,4,29,119,1.35811493,"1"
2065,4,30,120,3.11290223000003,"1"
2066,4,1,91,1.28181983000002,"1"
2066,4,2,92,2.99083007000002,"1"
2066,4,3,93,2.65513163000003,"1"
2066,4,4,94,1.09871158999999,"1"
2066,4,5,95,2.85349889000003,"1"
2066,4,6,96,1.63277729000004,"1"
2066,4,7,97,1.51070513000002,"1"
2066,4,8,98,1.58700023,"1"
2066,4,9,99,1.98373475,"1"
2066,4,10,100,2.51780045000004,"1"
2066,4,11,101,2.53305947000001,"1"
2066,4,12,102,4.10473853000002,"1"
2066,4,13,103,1.20552473000004,"1"
2066,4,14,104,2.99083007000002,"1"
2066,4,15,105,2.70090869000001,"1"
2066,4,16,106,3.96740735000003,"1"
2066,4,17,107,2.94505301000004,"1"
2066,4,18,108,3.90637127000002,"1"
2066,4,19,109,2.53305947000001,"1"
2066,4,20,110,2.88401693000003,"1"
2066,4,21,111,4.48621403000004,"1"
2066,4,22,112,3.60119087000004,"1"
2066,4,23,113,3.15867929000001,"1"
2066,4,24,114,4.44043697000001,"1"
2066,4,25,115,4.36414187000003,"1"
2066,4,26,116,3.72326303,"1"
2066,4,27,117,2.21262005,"1"
2066,4,28,118,1.84640357000001,"1"
2066,4,29,119,3.14342027000004,"1"
2066,4,30,120,1.92269867000005,"1"
2067,4,1,91,2.18210200999999,"1"
2067,4,2,92,3.61644989000001,"1"
2067,4,3,93,3.12816125,"1"
2067,4,4,94,1.49544611000005,"1"
2067,4,5,95,4.89820757000001,"1"
2067,4,6,96,3.90637127000002,"1"
2067,4,7,97,3.96740735000003,"1"
2067,4,8,98,3.93688931000003,"1"
2067,4,9,99,2.57883653000005,"1"
2067,4,10,100,1.29707884999999,"1"
2067,4,11,101,1.83114455000003,"1"
2067,4,12,102,1.80062651000003,"1"
2067,4,13,103,3.12816125,"1"
2067,4,14,104,1.61751827,"1"
2067,4,15,105,1.44966905000001,"1"
2067,4,16,106,2.16684299000002,"1"
2067,4,17,107,1.95321670999999,"1"
2067,4,18,108,1.08345257000002,"1"
2067,4,19,109,1.64803631000001,"1"
2067,4,20,110,3.14342027000004,"1"
2067,4,21,111,1.66329533000004,"1"
2067,4,22,112,1.81588553,"1"
2067,4,23,113,2.48728241000003,"1"
2067,4,24,114,2.57883653000005,"1"
2067,4,25,115,3.49437773,"1"
2067,4,26,116,2.68564967000003,"1"
2067,4,27,117,3.37230557000004,"1"
2067,4,28,118,2.68564967000003,"1"
2067,4,29,119,2.54831849000004,"1"
2067,4,30,120,2.56357751000002,"1"
2068,4,1,92,2.83823987,"1"
2068,4,2,93,4.56250913000002,"1"
2068,4,3,94,2.74668575000004,"1"
2068,4,4,95,2.92979399000001,"1"
2068,4,5,96,1.52596414999999,"1"
2068,4,6,97,2.82298085000002,"1"
2068,4,7,98,2.79246281000002,"1"
2068,4,8,99,3.84533519000001,"1"
2068,4,9,100,2.51780045000004,"1"
2068,4,10,101,2.62461359000002,"1"
2068,4,11,102,2.38046926999999,"1"
2068,4,12,103,2.62461359000002,"1"
2068,4,13,104,2.04477083,"1"
2068,4,14,105,3.46385968999999,"1"
2068,4,15,106,1.73959043000002,"1"
2068,4,16,107,1.98373475,"1"
2068,4,17,108,3.21971537000002,"1"
2068,4,18,109,2.65513163000003,"1"
2068,4,19,110,2.74668575000004,"1"
2068,4,20,111,1.66329533000004,"1"
2068,4,21,112,2.31943319000004,"1"
2068,4,22,113,2.18210200999999,"1"
2068,4,23,114,1.14448865000003,"1"
2068,4,24,115,2.51780045000004,"1"
2068,4,25,116,3.46385968999999,"1"
2068,4,26,117,2.80772182999999,"1"
2068,4,27,118,3.08238419000003,"1"
2068,4,28,119,3.23497439000005,"1"
2068,4,29,120,2.50254143000001,"1"
2068,4,30,121,2.19736103000002,"1"
2069,4,1,91,3.31126949000003,"1"
2069,4,2,92,1.92269867000005,"1"
2069,4,3,93,1.98373475,"1"
2069,4,4,94,0.274724509999999,"1"
2069,4,5,95,1.41915101000001,"1"
2069,4,6,96,1.20552473000004,"1"
2069,4,7,97,1.63277729000004,"1"
2069,4,8,98,2.85349889000003,"1"
2069,4,9,99,2.79246281000002,"1"
2069,4,10,100,3.58593185000001,"1"
2069,4,11,101,2.31943319000004,"1"
2069,4,12,102,1.78536749,"1"
2069,4,13,103,2.91453497000003,"1"
2069,4,14,104,3.87585323000002,"1"
2069,4,15,105,2.27365613000001,"1"
2069,4,16,106,2.80772182999999,"1"
2069,4,17,107,2.28891515000004,"1"
2069,4,18,108,1.46492807000004,"1"
2069,4,19,109,3.49437773,"1"
2069,4,20,110,2.85349889000003,"1"
2069,4,21,111,5.18812895000002,"1"
2069,4,22,112,3.09764321,"1"
2069,4,23,113,3.05186615000002,"1"
2069,4,24,114,1.99899377000003,"1"
2069,4,25,115,2.33469221000001,"1"
2069,4,26,116,2.10580691000001,"1"
2069,4,27,117,3.26549243,"1"
2069,4,28,118,2.85349889000003,"1"
2069,4,29,119,3.50963675000003,"1"
2069,4,30,120,2.73142673000001,"1"
2070,4,1,91,2.15158397000005,"1"
2070,4,2,92,2.33469221000001,"1"
2070,4,3,93,0.900344329999996,"1"
2070,4,4,94,2.59409555000002,"1"
2070,4,5,95,2.62461359000002,"1"
2070,4,6,96,2.71616771000004,"1"
2070,4,7,97,3.15867929000001,"1"
2070,4,8,98,2.18210200999999,"1"
2070,4,9,99,1.43441003000004,"1"
2070,4,10,100,1.19026571000001,"1"
2070,4,11,101,3.00608909000005,"1"
2070,4,12,102,2.27365613000001,"1"
2070,4,13,103,2.92979399000001,"1"
2070,4,14,104,3.05186615000002,"1"
2070,4,15,105,1.83114455000003,"1"
2070,4,16,106,2.28891515000004,"1"
2070,4,17,107,3.23497439000005,"1"
2070,4,18,108,3.32652851,"1"
2070,4,19,109,2.06002985000003,"1"
2070,4,20,110,3.03660712999999,"1"
2070,4,21,111,1.69381337000004,"1"
2070,4,22,112,1.52596414999999,"1"
2070,4,23,113,1.41915101000001,"1"
2070,4,24,114,2.15158397000005,"1"
2070,4,25,115,1.06819355000005,"1"
2070,4,26,116,3.69274498999999,"1"
2070,4,27,117,2.45676437000003,"1"
2070,4,28,118,1.83114455000003,"1"
2070,4,29,119,3.21971537000002,"1"
2070,4,30,120,2.31943319000004,"1"
2071,4,1,91,1.20552473000004,"1"
2071,4,2,92,0.976639430000034,"1"
2071,4,3,93,3.63170891000004,"1"
2071,4,4,94,2.82298085000002,"1"
2071,4,5,95,1.41915101000001,"1"
2071,4,6,96,3.57067283000003,"1"
2071,4,7,97,3.37230557000004,"1"
2071,4,8,98,0.65620001000002,"1"
2071,4,9,99,0.65620001000002,"1"
2071,4,10,100,3.02134811000002,"1"
2071,4,11,101,2.74668575000004,"1"
2071,4,12,102,2.21262005,"1"
2071,4,13,103,2.34995123000004,"1"
2071,4,14,104,3.31126949000003,"1"
2071,4,15,105,3.95214833,"1"
2071,4,16,106,2.47202339,"1"
2071,4,17,107,2.54831849000004,"1"
2071,4,18,108,3.34178753000003,"1"
2071,4,19,109,3.86059421000004,"1"
2071,4,20,110,2.91453497000003,"1"
2071,4,21,111,2.77720379000004,"1"
2071,4,22,112,1.61751827,"1"
2071,4,23,113,0.915603350000026,"1"
2071,4,24,114,1.98373475,"1"
2071,4,25,115,2.24313809,"1"
2071,4,26,116,3.79955813000004,"1"
2071,4,27,117,4.30310579000002,"1"
2071,4,28,118,4.05896147000004,"1"
2071,4,29,119,1.61751827,"1"
2071,4,30,120,4.60828619,"1"
2072,4,1,92,2.27365613000001,"1"
2072,4,2,93,4.05896147000004,"1"
2072,4,3,94,3.11290223000003,"1"
2072,4,4,95,2.34995123000004,"1"
2072,4,5,96,2.15158397000005,"1"
2072,4,6,97,4.05896147000004,"1"
2072,4,7,98,2.50254143000001,"1"
2072,4,8,99,4.88294855000004,"1"
2072,4,9,100,3.55541381,"1"
2072,4,10,101,3.12816125,"1"
2072,4,11,102,3.14342027000004,"1"
2072,4,12,103,1.14448865000003,"1"
2072,4,13,104,2.16684299000002,"1"
2072,4,14,105,2.60935456999999,"1"
2072,4,15,106,3.32652851,"1"
2072,4,16,107,3.49437773,"1"
2072,4,17,108,3.03660712999999,"1"
2072,4,18,109,2.10580691000001,"1"
2072,4,19,110,1.86166259000004,"1"
2072,4,20,111,4.11999754999999,"1"
2072,4,21,112,2.24313809,"1"
2072,4,22,113,1.34285591000003,"1"
2072,4,23,114,1.37337395000003,"1"
2072,4,24,115,4.97450266999999,"1"
2072,4,25,116,2.09054789000004,"1"
2072,4,26,117,2.24313809,"1"
2072,4,27,118,3.70800401000002,"1"
2072,4,28,119,0.93086237,"1"
2072,4,29,120,2.25839711000003,"1"
2072,4,30,121,2.15158397000005,"1"
2073,4,1,91,2.07528887000001,"1"
2073,4,2,92,4.11999754999999,"1"
2073,4,3,93,3.20445635000004,"1"
2073,4,4,94,3.64696793000002,"1"
2073,4,5,95,2.16684299000002,"1"
2073,4,6,96,0.885085310000022,"1"
2073,4,7,97,3.02134811000002,"1"
2073,4,8,98,2.41098731,"1"
2073,4,9,99,2.36521025000002,"1"
2073,4,10,100,2.06002985000003,"1"
2073,4,11,101,1.64803631000001,"1"
2073,4,12,102,1.90743965000001,"1"
2073,4,13,103,2.44150535,"1"
2073,4,14,104,2.86875791,"1"
2073,4,15,105,1.75484944999999,"1"
2073,4,16,106,1.12922963,"1"
2073,4,17,107,1.52596414999999,"1"
2073,4,18,108,3.37230557000004,"1"
2073,4,19,109,5.12709287000001,"1"
2073,4,20,110,3.72326303,"1"
2073,4,21,111,2.47202339,"1"
2073,4,22,112,3.35704655000001,"1"
2073,4,23,113,2.36521025000002,"1"
2073,4,24,114,2.04477083,"1"
2073,4,25,115,3.50963675000003,"1"
2073,4,26,116,2.51780045000004,"1"
2073,4,27,117,1.92269867000005,"1"
2073,4,28,118,1.75484944999999,"1"
2073,4,29,119,1.89218063000004,"1"
2073,4,30,120,3.40282361000004,"1"
2074,4,1,91,1.87692161000001,"1"
2074,4,2,92,2.53305947000001,"1"
2074,4,3,93,2.68564967000003,"1"
2074,4,4,94,1.55648219,"1"
2074,4,5,95,1.96847573000002,"1"
2074,4,6,96,2.01425279,"1"
2074,4,7,97,0.94612139000003,"1"
2074,4,8,98,3.75378107,"1"
2074,4,9,99,1.72433141000005,"1"
2074,4,10,100,1.70907239000002,"1"
2074,4,11,101,2.38046926999999,"1"
2074,4,12,102,3.32652851,"1"
2074,4,13,103,4.19629265000003,"1"
2074,4,14,104,1.84640357000001,"1"
2074,4,15,105,2.12106593000004,"1"
2074,4,16,106,2.24313809,"1"
2074,4,17,107,2.65513163000003,"1"
2074,4,18,108,2.27365613000001,"1"
2074,4,19,109,2.57883653000005,"1"
2074,4,20,110,1.58700023,"1"
2074,4,21,111,3.40282361000004,"1"
2074,4,22,112,2.47202339,"1"
2074,4,23,113,2.04477083,"1"
2074,4,24,114,2.74668575000004,"1"
2074,4,25,115,3.98266637,"1"
2074,4,26,116,3.32652851,"1"
2074,4,27,117,2.91453497000003,"1"
2074,4,28,118,2.48728241000003,"1"
2074,4,29,119,3.06712517,"1"
2074,4,30,120,4.11999754999999,"1"
2075,4,1,91,2.88401693000003,"1"
2075,4,2,92,2.77720379000004,"1"
2075,4,3,93,2.51780045000004,"1"
2075,4,4,94,2.34995123000004,"1"
2075,4,5,95,1.35811493,"1"
2075,4,6,96,2.36521025000002,"1"
2075,4,7,97,3.47911871000002,"1"
2075,4,8,98,3.25023341000002,"1"
2075,4,9,99,3.02134811000002,"1"
2075,4,10,100,1.38863297,"1"
2075,4,11,101,3.93688931000003,"1"
2075,4,12,102,2.31943319000004,"1"
2075,4,13,103,3.02134811000002,"1"
2075,4,14,104,3.37230557000004,"1"
2075,4,15,105,2.25839711000003,"1"
2075,4,16,106,3.83007617000004,"1"
2075,4,17,107,2.59409555000002,"1"
2075,4,18,108,2.56357751000002,"1"
2075,4,19,109,3.81481715000001,"1"
2075,4,20,110,2.42624633000003,"1"
2075,4,21,111,1.84640357000001,"1"
2075,4,22,112,1.89218063000004,"1"
2075,4,23,113,2.51780045000004,"1"
2075,4,24,114,2.83823987,"1"
2075,4,25,115,1.77010847000003,"1"
2075,4,26,116,2.09054789000004,"1"
2075,4,27,117,3.43334165000005,"1"
2075,4,28,118,2.30417417000001,"1"
2075,4,29,119,2.39572829000002,"1"
2075,4,30,120,3.83007617000004,"1"
2076,4,1,92,1.38863297,"1"
2076,4,2,93,1.96847573000002,"1"
2076,4,3,94,1.87692161000001,"1"
2076,4,4,95,2.02951181000003,"1"
2076,4,5,96,3.18919733000001,"1"
2076,4,6,97,3.50963675000003,"1"
2076,4,7,98,3.81481715000001,"1"
2076,4,8,99,2.18210200999999,"1"
2076,4,9,100,2.04477083,"1"
2076,4,10,101,1.49544611000005,"1"
2076,4,11,102,1.41915101000001,"1"
2076,4,12,103,2.67039065,"1"
2076,4,13,104,2.80772182999999,"1"
2076,4,14,105,3.61644989000001,"1"
2076,4,15,106,3.02134811000002,"1"
2076,4,16,107,3.87585323000002,"1"
2076,4,17,108,2.45676437000003,"1"
2076,4,18,109,2.02951181000003,"1"
2076,4,19,110,3.72326303,"1"
2076,4,20,111,4.48621403000004,"1"
2076,4,21,112,2.16684299000002,"1"
2076,4,22,113,2.22787907000003,"1"
2076,4,23,114,2.09054789000004,"1"
2076,4,24,115,4.13525657000002,"1"
2076,4,25,116,4.44043697000001,"1"
2076,4,26,117,2.88401693000003,"1"
2076,4,27,118,1.93795769000002,"1"
2076,4,28,119,2.38046926999999,"1"
2076,4,29,120,3.29601047,"1"
2076,4,30,121,1.81588553,"1"
2077,4,1,91,0.595163930000012,"1"
2077,4,2,92,1.61751827,"1"
2077,4,3,93,1.49544611000005,"1"
2077,4,4,94,3.25023341000002,"1"
2077,4,5,95,3.70800401000002,"1"
2077,4,6,96,3.23497439000005,"1"
2077,4,7,97,1.57174121000003,"1"
2077,4,8,98,1.72433141000005,"1"
2077,4,9,99,1.57174121000003,"1"
2077,4,10,100,1.34285591000003,"1"
2077,4,11,101,2.39572829000002,"1"
2077,4,12,102,1.77010847000003,"1"
2077,4,13,103,2.44150535,"1"
2077,4,14,104,2.76194477000001,"1"
2077,4,15,105,1.51070513000002,"1"
2077,4,16,106,0.885085310000022,"1"
2077,4,17,107,1.35811493,"1"
2077,4,18,108,2.76194477000001,"1"
2077,4,19,109,5.03553875,"1"
2077,4,20,110,4.66932227000001,"1"
2077,4,21,111,2.22787907000003,"1"
2077,4,22,112,2.15158397000005,"1"
2077,4,23,113,1.05293453000002,"1"
2077,4,24,114,2.41098731,"1"
2077,4,25,115,2.04477083,"1"
2077,4,26,116,3.63170891000004,"1"
2077,4,27,117,3.44860067000002,"1"
2077,4,28,118,3.15867929000001,"1"
2077,4,29,119,2.41098731,"1"
2077,4,30,120,2.47202339,"1"
2078,4,1,91,3.96740735000003,"1"
2078,4,2,92,2.99083007000002,"1"
2078,4,3,93,2.59409555000002,"1"
2078,4,4,94,3.09764321,"1"
2078,4,5,95,3.67748597000002,"1"
2078,4,6,96,2.77720379000004,"1"
2078,4,7,97,2.04477083,"1"
2078,4,8,98,5.00502071,"1"
2078,4,9,99,2.42624633000003,"1"
2078,4,10,100,1.40389199000003,"1"
2078,4,11,101,1.75484944999999,"1"
2078,4,12,102,1.28181983000002,"1"
2078,4,13,103,1.70907239000002,"1"
2078,4,14,104,3.57067283000003,"1"
2078,4,15,105,2.54831849000004,"1"
2078,4,16,106,3.21971537000002,"1"
2078,4,17,107,3.03660712999999,"1"
2078,4,18,108,3.75378107,"1"
2078,4,19,109,4.16577461000003,"1"
2078,4,20,110,3.86059421000004,"1"
2078,4,21,111,3.32652851,"1"
2078,4,22,112,2.83823987,"1"
2078,4,23,113,1.95321670999999,"1"
2078,4,24,114,2.28891515000004,"1"
2078,4,25,115,2.82298085000002,"1"
2078,4,26,116,2.99083007000002,"1"
2078,4,27,117,2.38046926999999,"1"
2078,4,28,118,2.96031203000001,"1"
2078,4,29,119,2.51780045000004,"1"
2078,4,30,120,2.19736103000002,"1"
2079,4,1,91,2.86875791,"1"
2079,4,2,92,2.18210200999999,"1"
2079,4,3,93,2.54831849000004,"1"
2079,4,4,94,4.37940089,"1"
2079,4,5,95,3.03660712999999,"1"
2079,4,6,96,2.47202339,"1"
2079,4,7,97,1.72433141000005,"1"
2079,4,8,98,0.747754130000033,"1"
2079,4,9,99,1.54122317000002,"1"
2079,4,10,100,1.61751827,"1"
2079,4,11,101,3.76904009000003,"1"
2079,4,12,102,2.33469221000001,"1"
2079,4,13,103,2.06002985000003,"1"
2079,4,14,104,3.46385968999999,"1"
2079,4,15,105,1.86166259000004,"1"
2079,4,16,106,1.00715747000004,"1"
2079,4,17,107,3.31126949000003,"1"
2079,4,18,108,1.77010847000003,"1"
2079,4,19,109,2.12106593000004,"1"
2079,4,20,110,3.40282361000004,"1"
2079,4,21,111,1.89218063000004,"1"
2079,4,22,112,2.68564967000003,"1"
2079,4,23,113,2.13632495000002,"1"
2079,4,24,114,1.92269867000005,"1"
2079,4,25,115,2.15158397000005,"1"
2079,4,26,116,3.84533519000001,"1"
2079,4,27,117,2.79246281000002,"1"
2079,4,28,118,1.83114455000003,"1"
2079,4,29,119,4.50147305000002,"1"
2079,4,30,120,2.21262005,"1"
2080,4,1,92,2.45676437000003,"1"
2080,4,2,93,1.90743965000001,"1"
2080,4,3,94,2.68564967000003,"1"
2080,4,4,95,2.91453497000003,"1"
2080,4,5,96,1.54122317000002,"1"
2080,4,6,97,2.12106593000004,"1"
2080,4,7,98,3.26549243,"1"
2080,4,8,99,1.80062651000003,"1"
2080,4,9,100,1.22078375000001,"1"
2080,4,10,101,1.23604277000004,"1"
2080,4,11,102,2.10580691000001,"1"
2080,4,12,103,2.39572829000002,"1"
2080,4,13,104,2.65513163000003,"1"
2080,4,14,105,3.84533519000001,"1"
2080,4,15,106,3.05186615000002,"1"
2080,4,16,107,3.69274498999999,"1"
2080,4,17,108,2.15158397000005,"1"
2080,4,18,109,2.86875791,"1"
2080,4,19,110,2.96031203000001,"1"
2080,4,20,111,3.09764321,"1"
2080,4,21,112,4.63880423,"1"
2080,4,22,113,2.88401693000003,"1"
2080,4,23,114,1.54122317000002,"1"
2080,4,24,115,1.86166259000004,"1"
2080,4,25,116,4.33362383000002,"1"
2080,4,26,117,3.75378107,"1"
2080,4,27,118,1.22078375000001,"1"
2080,4,28,119,2.31943319000004,"1"
2080,4,29,120,2.63987261,"1"
2080,4,30,121,2.09054789000004,"1"
2081,4,1,91,3.47911871000002,"1"
2081,4,2,92,2.09054789000004,"1"
2081,4,3,93,1.38863297,"1"
2081,4,4,94,1.61751827,"1"
2081,4,5,95,0.900344329999996,"1"
2081,4,6,96,1.28181983000002,"1"
2081,4,7,97,4.74561736999999,"1"
2081,4,8,98,1.77010847000003,"1"
2081,4,9,99,1.41915101000001,"1"
2081,4,10,100,0.94612139000003,"1"
2081,4,11,101,1.95321670999999,"1"
2081,4,12,102,2.86875791,"1"
2081,4,13,103,2.21262005,"1"
2081,4,14,104,1.43441003000004,"1"
2081,4,15,105,1.95321670999999,"1"
2081,4,16,106,4.42517795000003,"1"
2081,4,17,107,3.67748597000002,"1"
2081,4,18,108,2.60935456999999,"1"
2081,4,19,109,1.98373475,"1"
2081,4,20,110,2.24313809,"1"
2081,4,21,111,1.66329533000004,"1"
2081,4,22,112,3.92163029,"1"
2081,4,23,113,2.12106593000004,"1"
2081,4,24,114,1.98373475,"1"
2081,4,25,115,3.11290223000003,"1"
2081,4,26,116,1.29707884999999,"1"
2081,4,27,117,3.41808263000001,"1"
2081,4,28,118,1.17500669000003,"1"
2081,4,29,119,3.72326303,"1"
2081,4,30,120,2.70090869000001,"1"
2082,4,1,91,1.41915101000001,"1"
2082,4,2,92,3.26549243,"1"
2082,4,3,93,1.84640357000001,"1"
2082,4,4,94,2.60935456999999,"1"
2082,4,5,95,3.14342027000004,"1"
2082,4,6,96,2.10580691000001,"1"
2082,4,7,97,0.366278630000011,"1"
2082,4,8,98,1.57174121000003,"1"
2082,4,9,99,2.80772182999999,"1"
2082,4,10,100,3.12816125,"1"
2082,4,11,101,2.19736103000002,"1"
2082,4,12,102,1.00715747000004,"1"
2082,4,13,103,0.961380410000004,"1"
2082,4,14,104,2.31943319000004,"1"
2082,4,15,105,3.96740735000003,"1"
2082,4,16,106,2.63987261,"1"
2082,4,17,107,2.22787907000003,"1"
2082,4,18,108,2.76194477000001,"1"
2082,4,19,109,4.08947951000005,"1"
2082,4,20,110,3.32652851,"1"
2082,4,21,111,1.29707884999999,"1"
2082,4,22,112,1.29707884999999,"1"
2082,4,23,113,2.47202339,"1"
2082,4,24,114,2.91453497000003,"1"
2082,4,25,115,2.54831849000004,"1"
2082,4,26,116,3.25023341000002,"1"
2082,4,27,117,3.29601047,"1"
2082,4,28,118,2.73142673000001,"1"
2082,4,29,119,3.55541381,"1"
2082,4,30,120,1.43441003000004,"1"
2083,4,1,91,2.74668575000004,"1"
2083,4,2,92,1.75484944999999,"1"
2083,4,3,93,1.98373475,"1"
2083,4,4,94,2.62461359000002,"1"
2083,4,5,95,2.09054789000004,"1"
2083,4,6,96,2.59409555000002,"1"
2083,4,7,97,1.64803631000001,"1"
2083,4,8,98,2.36521025000002,"1"
2083,4,9,99,2.33469221000001,"1"
2083,4,10,100,3.58593185000001,"1"
2083,4,11,101,1.60225925000003,"1"
2083,4,12,102,2.85349889000003,"1"
2083,4,13,103,5.98159799000001,"1"
2083,4,14,104,3.50963675000003,"1"
2083,4,15,105,1.44966905000001,"1"
2083,4,16,106,1.25130179000001,"1"
2083,4,17,107,2.70090869000001,"1"
2083,4,18,108,3.26549243,"1"
2083,4,19,109,2.53305947000001,"1"
2083,4,20,110,1.77010847000003,"1"
2083,4,21,111,1.81588553,"1"
2083,4,22,112,2.67039065,"1"
2083,4,23,113,2.60935456999999,"1"
2083,4,24,114,3.09764321,"1"
2083,4,25,115,3.96740735000003,"1"
2083,4,26,116,1.72433141000005,"1"
2083,4,27,117,2.15158397000005,"1"
2083,4,28,118,1.98373475,"1"
2083,4,29,119,2.99083007000002,"1"
2083,4,30,120,3.32652851,"1"
2084,4,1,92,1.25130179000001,"1"
2084,4,2,93,3.38756459000001,"1"
2084,4,3,94,3.08238419000003,"1"
2084,4,4,95,2.30417417000001,"1"
2084,4,5,96,2.54831849000004,"1"
2084,4,6,97,3.25023341000002,"1"
2084,4,7,98,2.15158397000005,"1"
2084,4,8,99,2.15158397000005,"1"
2084,4,9,100,1.73959043000002,"1"
2084,4,10,101,3.70800401000002,"1"
2084,4,11,102,2.25839711000003,"1"
2084,4,12,103,2.47202339,"1"
2084,4,13,104,2.42624633000003,"1"
2084,4,14,105,3.20445635000004,"1"
2084,4,15,106,1.34285591000003,"1"
2084,4,16,107,2.36521025000002,"1"
2084,4,17,108,2.82298085000002,"1"
2084,4,18,109,2.06002985000003,"1"
2084,4,19,110,2.53305947000001,"1"
2084,4,20,111,3.21971537000002,"1"
2084,4,21,112,3.26549243,"1"
2084,4,22,113,2.62461359000002,"1"
2084,4,23,114,2.18210200999999,"1"
2084,4,24,115,2.21262005,"1"
2084,4,25,116,4.34888285,"1"
2084,4,26,117,3.31126949000003,"1"
2084,4,27,118,0.854567270000018,"1"
2084,4,28,119,2.92979399000001,"1"
2084,4,29,120,4.10473853000002,"1"
2084,4,30,121,3.72326303,"1"
2085,4,1,91,2.70090869000001,"1"
2085,4,2,92,2.97557105000004,"1"
2085,4,3,93,2.38046926999999,"1"
2085,4,4,94,2.73142673000001,"1"
2085,4,5,95,2.09054789000004,"1"
2085,4,6,96,1.52596414999999,"1"
2085,4,7,97,4.31836480999999,"1"
2085,4,8,98,2.15158397000005,"1"
2085,4,9,99,1.15974767,"1"
2085,4,10,100,1.46492807000004,"1"
2085,4,11,101,2.31943319000004,"1"
2085,4,12,102,2.41098731,"1"
2085,4,13,103,2.96031203000001,"1"
2085,4,14,104,1.55648219,"1"
2085,4,15,105,2.59409555000002,"1"
2085,4,16,106,2.79246281000002,"1"
2085,4,17,107,2.54831849000004,"1"
2085,4,18,108,2.96031203000001,"1"
2085,4,19,109,3.21971537000002,"1"
2085,4,20,110,3.60119087000004,"1"
2085,4,21,111,2.22787907000003,"1"
2085,4,22,112,1.57174121000003,"1"
2085,4,23,113,1.55648219,"1"
2085,4,24,114,2.74668575000004,"1"
2085,4,25,115,3.05186615000002,"1"
2085,4,26,116,2.67039065,"1"
2085,4,27,117,3.90637127000002,"1"
2085,4,28,118,2.79246281000002,"1"
2085,4,29,119,1.98373475,"1"
2085,4,30,120,2.60935456999999,"1"
2086,4,1,91,2.36521025000002,"1"
2086,4,2,92,3.86059421000004,"1"
2086,4,3,93,2.44150535,"1"
2086,4,4,94,2.07528887000001,"1"
2086,4,5,95,1.92269867000005,"1"
2086,4,6,96,4.02844343000004,"1"
2086,4,7,97,4.11999754999999,"1"
2086,4,8,98,2.28891515000004,"1"
2086,4,9,99,3.15867929000001,"1"
2086,4,10,100,1.63277729000004,"1"
2086,4,11,101,2.91453497000003,"1"
2086,4,12,102,3.83007617000004,"1"
2086,4,13,103,3.09764321,"1"
2086,4,14,104,3.49437773,"1"
2086,4,15,105,2.24313809,"1"
2086,4,16,106,3.28075145000003,"1"
2086,4,17,107,2.74668575000004,"1"
2086,4,18,108,1.38863297,"1"
2086,4,19,109,3.70800401000002,"1"
2086,4,20,110,3.17393831000004,"1"
2086,4,21,111,3.66222695000005,"1"
2086,4,22,112,2.83823987,"1"
2086,4,23,113,2.94505301000004,"1"
2086,4,24,114,2.92979399000001,"1"
2086,4,25,115,4.18103363,"1"
2086,4,26,116,3.43334165000005,"1"
2086,4,27,117,2.24313809,"1"
2086,4,28,118,2.92979399000001,"1"
2086,4,29,119,2.80772182999999,"1"
2086,4,30,120,4.15051559,"1"
2087,4,1,91,1.54122317000002,"1"
2087,4,2,92,1.25130179000001,"1"
2087,4,3,93,2.56357751000002,"1"
2087,4,4,94,3.32652851,"1"
2087,4,5,95,1.22078375000001,"1"
2087,4,6,96,2.80772182999999,"1"
2087,4,7,97,2.07528887000001,"1"
2087,4,8,98,0.900344329999996,"1"
2087,4,9,99,3.03660712999999,"1"
2087,4,10,100,2.19736103000002,"1"
2087,4,11,101,1.64803631000001,"1"
2087,4,12,102,2.60935456999999,"1"
2087,4,13,103,4.76087639000002,"1"
2087,4,14,104,4.28784677000004,"1"
2087,4,15,105,4.15051559,"1"
2087,4,16,106,2.21262005,"1"
2087,4,17,107,1.61751827,"1"
2087,4,18,108,2.85349889000003,"1"
2087,4,19,109,2.62461359000002,"1"
2087,4,20,110,1.51070513000002,"1"
2087,4,21,111,2.77720379000004,"1"
2087,4,22,112,1.08345257000002,"1"
2087,4,23,113,1.15974767,"1"
2087,4,24,114,2.88401693000003,"1"
2087,4,25,115,1.17500669000003,"1"
2087,4,26,116,2.91453497000003,"1"
2087,4,27,117,3.63170891000004,"1"
2087,4,28,118,3.83007617000004,"1"
2087,4,29,119,2.42624633000003,"1"
2087,4,30,120,2.21262005,"1"
2088,4,1,92,2.54831849000004,"1"
2088,4,2,93,4.05896147000004,"1"
2088,4,3,94,2.67039065,"1"
2088,4,4,95,1.52596414999999,"1"
2088,4,5,96,1.37337395000003,"1"
2088,4,6,97,1.23604277000004,"1"
2088,4,7,98,2.99083007000002,"1"
2088,4,8,99,3.31126949000003,"1"
2088,4,9,100,1.28181983000002,"1"
2088,4,10,101,3.66222695000005,"1"
2088,4,11,102,3.66222695000005,"1"
2088,4,12,103,3.18919733000001,"1"
2088,4,13,104,1.80062651000003,"1"
2088,4,14,105,2.24313809,"1"
2088,4,15,106,2.70090869000001,"1"
2088,4,16,107,3.40282361000004,"1"
2088,4,17,108,3.09764321,"1"
2088,4,18,109,1.54122317000002,"1"
2088,4,19,110,2.47202339,"1"
2088,4,20,111,2.51780045000004,"1"
2088,4,21,112,1.60225925000003,"1"
2088,4,22,113,3.46385968999999,"1"
2088,4,23,114,6.31729643,"1"
2088,4,24,115,3.17393831000004,"1"
2088,4,25,116,1.46492807000004,"1"
2088,4,26,117,2.56357751000002,"1"
2088,4,27,118,1.89218063000004,"1"
2088,4,28,119,2.63987261,"1"
2088,4,29,120,2.13632495000002,"1"
2088,4,30,121,1.84640357000001,"1"
2089,4,1,91,4.36414187000003,"1"
2089,4,2,92,2.45676437000003,"1"
2089,4,3,93,2.73142673000001,"1"
2089,4,4,94,2.53305947000001,"1"
2089,4,5,95,0.595163930000012,"1"
2089,4,6,96,3.29601047,"1"
2089,4,7,97,2.89927595,"1"
2089,4,8,98,2.15158397000005,"1"
2089,4,9,99,1.44966905000001,"1"
2089,4,10,100,1.08345257000002,"1"
2089,4,11,101,4.04370245000001,"1"
2089,4,12,102,2.74668575000004,"1"
2089,4,13,103,2.39572829000002,"1"
2089,4,14,104,1.92269867000005,"1"
2089,4,15,105,2.15158397000005,"1"
2089,4,16,106,2.39572829000002,"1"
2089,4,17,107,1.92269867000005,"1"
2089,4,18,108,2.53305947000001,"1"
2089,4,19,109,3.47911871000002,"1"
2089,4,20,110,2.71616771000004,"1"
2089,4,21,111,1.96847573000002,"1"
2089,4,22,112,2.13632495000002,"1"
2089,4,23,113,2.51780045000004,"1"
2089,4,24,114,2.50254143000001,"1"
2089,4,25,115,2.12106593000004,"1"
2089,4,26,116,2.94505301000004,"1"
2089,4,27,117,3.86059421000004,"1"
2089,4,28,118,2.02951181000003,"1"
2089,4,29,119,3.14342027000004,"1"
2089,4,30,120,2.80772182999999,"1"
2090,4,1,91,3.78429911000001,"1"
2090,4,2,92,1.70907239000002,"1"
2090,4,3,93,2.30417417000001,"1"
2090,4,4,94,0.885085310000022,"1"
2090,4,5,95,1.80062651000003,"1"
2090,4,6,96,1.83114455000003,"1"
2090,4,7,97,2.12106593000004,"1"
2090,4,8,98,1.41915101000001,"1"
2090,4,9,99,2.91453497000003,"1"
2090,4,10,100,3.72326303,"1"
2090,4,11,101,3.20445635000004,"1"
2090,4,12,102,2.76194477000001,"1"
2090,4,13,103,1.67855435000001,"1"
2090,4,14,104,3.66222695000005,"1"
2090,4,15,105,4.44043697000001,"1"
2090,4,16,106,2.36521025000002,"1"
2090,4,17,107,3.03660712999999,"1"
2090,4,18,108,1.52596414999999,"1"
2090,4,19,109,1.46492807000004,"1"
2090,4,20,110,2.21262005,"1"
2090,4,21,111,2.74668575000004,"1"
2090,4,22,112,1.80062651000003,"1"
2090,4,23,113,2.71616771000004,"1"
2090,4,24,114,2.74668575000004,"1"
2090,4,25,115,2.28891515000004,"1"
2090,4,26,116,3.15867929000001,"1"
2090,4,27,117,4.34888285,"1"
2090,4,28,118,3.75378107,"1"
2090,4,29,119,2.41098731,"1"
2090,4,30,120,0.732495110000002,"1"
2091,4,1,91,1.03767551000004,"1"
2091,4,2,92,2.83823987,"1"
2091,4,3,93,2.22787907000003,"1"
2091,4,4,94,3.69274498999999,"1"
2091,4,5,95,2.30417417000001,"1"
2091,4,6,96,1.86166259000004,"1"
2091,4,7,97,4.30310579000002,"1"
2091,4,8,98,3.09764321,"1"
2091,4,9,99,1.86166259000004,"1"
2091,4,10,100,2.31943319000004,"1"
2091,4,11,101,2.30417417000001,"1"
2091,4,12,102,0.93086237,"1"
2091,4,13,103,2.41098731,"1"
2091,4,14,104,2.82298085000002,"1"
2091,4,15,105,3.23497439000005,"1"
2091,4,16,106,2.73142673000001,"1"
2091,4,17,107,2.48728241000003,"1"
2091,4,18,108,4.40991893,"1"
2091,4,19,109,2.07528887000001,"1"
2091,4,20,110,3.12816125,"1"
2091,4,21,111,1.14448865000003,"1"
2091,4,22,112,2.91453497000003,"1"
2091,4,23,113,3.72326303,"1"
2091,4,24,114,1.86166259000004,"1"
2091,4,25,115,2.63987261,"1"
2091,4,26,116,2.48728241000003,"1"
2091,4,27,117,3.57067283000003,"1"
2091,4,28,118,4.45569599000004,"1"
2091,4,29,119,2.13632495000002,"1"
2091,4,30,120,3.03660712999999,"1"
2092,4,1,92,1.64803631000001,"1"
2092,4,2,93,3.31126949000003,"1"
2092,4,3,94,2.18210200999999,"1"
2092,4,4,95,2.45676437000003,"1"
2092,4,5,96,2.56357751000002,"1"
2092,4,6,97,1.08345257000002,"1"
2092,4,7,98,1.96847573000002,"1"
2092,4,8,99,3.15867929000001,"1"
2092,4,9,100,2.44150535,"1"
2092,4,10,101,3.87585323000002,"1"
2092,4,11,102,3.28075145000003,"1"
2092,4,12,103,2.47202339,"1"
2092,4,13,104,3.05186615000002,"1"
2092,4,14,105,2.68564967000003,"1"
2092,4,15,106,1.66329533000004,"1"
2092,4,16,107,2.56357751000002,"1"
2092,4,17,108,2.02951181000003,"1"
2092,4,18,109,1.09871158999999,"1"
2092,4,19,110,2.06002985000003,"1"
2092,4,20,111,2.54831849000004,"1"
2092,4,21,112,2.33469221000001,"1"
2092,4,22,113,3.06712517,"1"
2092,4,23,114,3.12816125,"1"
2092,4,24,115,3.76904009000003,"1"
2092,4,25,116,2.07528887000001,"1"
2092,4,26,117,2.07528887000001,"1"
2092,4,27,118,5.46279131,"1"
2092,4,28,119,2.04477083,"1"
2092,4,29,120,2.30417417000001,"1"
2092,4,30,121,1.61751827,"1"
2093,4,1,91,1.19026571000001,"1"
2093,4,2,92,3.52489577,"1"
2093,4,3,93,2.88401693000003,"1"
2093,4,4,94,2.39572829000002,"1"
2093,4,5,95,3.57067283000003,"1"
2093,4,6,96,2.02951181000003,"1"
2093,4,7,97,2.41098731,"1"
2093,4,8,98,3.69274498999999,"1"
2093,4,9,99,2.82298085000002,"1"
2093,4,10,100,2.56357751000002,"1"
2093,4,11,101,2.30417417000001,"1"
2093,4,12,102,2.16684299000002,"1"
2093,4,13,103,2.48728241000003,"1"
2093,4,14,104,1.55648219,"1"
2093,4,15,105,2.21262005,"1"
2093,4,16,106,3.31126949000003,"1"
2093,4,17,107,2.70090869000001,"1"
2093,4,18,108,1.92269867000005,"1"
2093,4,19,109,1.52596414999999,"1"
2093,4,20,110,2.92979399000001,"1"
2093,4,21,111,4.40991893,"1"
2093,4,22,112,2.34995123000004,"1"
2093,4,23,113,3.35704655000001,"1"
2093,4,24,114,2.04477083,"1"
2093,4,25,115,3.09764321,"1"
2093,4,26,116,2.48728241000003,"1"
2093,4,27,117,3.44860067000002,"1"
2093,4,28,118,3.93688931000003,"1"
2093,4,29,119,2.09054789000004,"1"
2093,4,30,120,3.84533519000001,"1"
2094,4,1,91,1.86166259000004,"1"
2094,4,2,92,2.04477083,"1"
2094,4,3,93,3.95214833,"1"
2094,4,4,94,4.10473853000002,"1"
2094,4,5,95,2.22787907000003,"1"
2094,4,6,96,2.01425279,"1"
2094,4,7,97,2.70090869000001,"1"
2094,4,8,98,2.73142673000001,"1"
2094,4,9,99,4.05896147000004,"1"
2094,4,10,100,2.19736103000002,"1"
2094,4,11,101,2.07528887000001,"1"
2094,4,12,102,2.68564967000003,"1"
2094,4,13,103,2.47202339,"1"
2094,4,14,104,4.33362383000002,"1"
2094,4,15,105,2.86875791,"1"
2094,4,16,106,2.22787907000003,"1"
2094,4,17,107,5.37123719000004,"1"
2094,4,18,108,3.05186615000002,"1"
2094,4,19,109,2.27365613000001,"1"
2094,4,20,110,2.45676437000003,"1"
2094,4,21,111,3.37230557000004,"1"
2094,4,22,112,3.81481715000001,"1"
2094,4,23,113,2.25839711000003,"1"
2094,4,24,114,2.38046926999999,"1"
2094,4,25,115,1.26656081000004,"1"
2094,4,26,116,1.99899377000003,"1"
2094,4,27,117,0.991898450000008,"1"
2094,4,28,118,2.94505301000004,"1"
2094,4,29,119,1.43441003000004,"1"
2094,4,30,120,2.89927595,"1"
2095,4,1,91,3.08238419000003,"1"
2095,4,2,92,3.34178753000003,"1"
2095,4,3,93,1.77010847000003,"1"
2095,4,4,94,2.02951181000003,"1"
2095,4,5,95,2.83823987,"1"
2095,4,6,96,3.70800401000002,"1"
2095,4,7,97,2.24313809,"1"
2095,4,8,98,1.96847573000002,"1"
2095,4,9,99,2.48728241000003,"1"
2095,4,10,100,3.66222695000005,"1"
2095,4,11,101,1.20552473000004,"1"
2095,4,12,102,2.85349889000003,"1"
2095,4,13,103,3.14342027000004,"1"
2095,4,14,104,2.65513163000003,"1"
2095,4,15,105,3.87585323000002,"1"
2095,4,16,106,2.16684299000002,"1"
2095,4,17,107,4.86768953000001,"1"
2095,4,18,108,2.97557105000004,"1"
2095,4,19,109,3.25023341000002,"1"
2095,4,20,110,3.90637127000002,"1"
2095,4,21,111,1.69381337000004,"1"
2095,4,22,112,1.28181983000002,"1"
2095,4,23,113,2.57883653000005,"1"
2095,4,24,114,2.89927595,"1"
2095,4,25,115,1.86166259000004,"1"
2095,4,26,116,2.22787907000003,"1"
2095,4,27,117,2.77720379000004,"1"
2095,4,28,118,2.44150535,"1"
2095,4,29,119,1.98373475,"1"
2095,4,30,120,4.44043697000001,"1"
2096,4,1,92,3.03660712999999,"1"
2096,4,2,93,1.37337395000003,"1"
2096,4,3,94,6.13418819000003,"1"
2096,4,4,95,3.78429911000001,"1"
2096,4,5,96,1.66329533000004,"1"
2096,4,6,97,2.01425279,"1"
2096,4,7,98,2.54831849000004,"1"
2096,4,8,99,2.94505301000004,"1"
2096,4,9,100,1.67855435000001,"1"
2096,4,10,101,2.53305947000001,"1"
2096,4,11,102,1.61751827,"1"
2096,4,12,103,2.41098731,"1"
2096,4,13,104,2.67039065,"1"
2096,4,14,105,1.28181983000002,"1"
2096,4,15,106,1.52596414999999,"1"
2096,4,16,107,2.12106593000004,"1"
2096,4,17,108,2.13632495000002,"1"
2096,4,18,109,1.41915101000001,"1"
2096,4,19,110,2.07528887000001,"1"
2096,4,20,111,1.23604277000004,"1"
2096,4,21,112,2.92979399000001,"1"
2096,4,22,113,2.71616771000004,"1"
2096,4,23,114,1.92269867000005,"1"
2096,4,24,115,2.97557105000004,"1"
2096,4,25,116,1.49544611000005,"1"
2096,4,26,117,2.13632495000002,"1"
2096,4,27,118,2.88401693000003,"1"
2096,4,28,119,2.33469221000001,"1"
2096,4,29,120,4.21155167000001,"1"
2096,4,30,121,3.05186615000002,"1"
2097,4,1,91,2.57883653000005,"1"
2097,4,2,92,2.01425279,"1"
2097,4,3,93,3.18919733000001,"1"
2097,4,4,94,1.90743965000001,"1"
2097,4,5,95,0.778272170000037,"1"
2097,4,6,96,3.20445635000004,"1"
2097,4,7,97,2.42624633000003,"1"
2097,4,8,98,3.63170891000004,"1"
2097,4,9,99,1.95321670999999,"1"
2097,4,10,100,1.29707884999999,"1"
2097,4,11,101,3.05186615000002,"1"
2097,4,12,102,1.40389199000003,"1"
2097,4,13,103,2.36521025000002,"1"
2097,4,14,104,2.18210200999999,"1"
2097,4,15,105,0.457832750000023,"1"
2097,4,16,106,1.84640357000001,"1"
2097,4,17,107,2.44150535,"1"
2097,4,18,108,3.31126949000003,"1"
2097,4,19,109,2.18210200999999,"1"
2097,4,20,110,2.76194477000001,"1"
2097,4,21,111,2.42624633000003,"1"
2097,4,22,112,3.63170891000004,"1"
2097,4,23,113,4.19629265000003,"1"
2097,4,24,114,1.87692161000001,"1"
2097,4,25,115,2.22787907000003,"1"
2097,4,26,116,2.89927595,"1"
2097,4,27,117,2.71616771000004,"1"
2097,4,28,118,1.51070513000002,"1"
2097,4,29,119,1.73959043000002,"1"
2097,4,30,120,2.86875791,"1"
2098,4,1,91,2.31943319000004,"1"
2098,4,2,92,3.81481715000001,"1"
2098,4,3,93,2.48728241000003,"1"
2098,4,4,94,0.915603350000026,"1"
2098,4,5,95,1.57174121000003,"1"
2098,4,6,96,1.35811493,"1"
2098,4,7,97,2.41098731,"1"
2098,4,8,98,1.84640357000001,"1"
2098,4,9,99,2.92979399000001,"1"
2098,4,10,100,3.64696793000002,"1"
2098,4,11,101,3.32652851,"1"
2098,4,12,102,3.23497439000005,"1"
2098,4,13,103,3.31126949000003,"1"
2098,4,14,104,4.45569599000004,"1"
2098,4,15,105,2.28891515000004,"1"
2098,4,16,106,2.36521025000002,"1"
2098,4,17,107,1.23604277000004,"1"
2098,4,18,108,2.36521025000002,"1"
2098,4,19,109,2.38046926999999,"1"
2098,4,20,110,4.10473853000002,"1"
2098,4,21,111,2.39572829000002,"1"
2098,4,22,112,3.11290223000003,"1"
2098,4,23,113,2.65513163000003,"1"
2098,4,24,114,1.46492807000004,"1"
2098,4,25,115,3.15867929000001,"1"
2098,4,26,116,2.12106593000004,"1"
2098,4,27,117,3.03660712999999,"1"
2098,4,28,118,2.01425279,"1"
2098,4,29,119,2.25839711000003,"1"
2098,4,30,120,1.58700023,"1"
2099,4,1,91,3.60119087000004,"1"
2099,4,2,92,2.91453497000003,"1"
2099,4,3,93,2.30417417000001,"1"
2099,4,4,94,1.78536749,"1"
2099,4,5,95,3.50963675000003,"1"
2099,4,6,96,1.98373475,"1"
2099,4,7,97,1.12922963,"1"
2099,4,8,98,1.92269867000005,"1"
2099,4,9,99,2.71616771000004,"1"
2099,4,10,100,1.46492807000004,"1"
2099,4,11,101,2.10580691000001,"1"
2099,4,12,102,2.16684299000002,"1"
2099,4,13,103,1.87692161000001,"1"
2099,4,14,104,3.02134811000002,"1"
2099,4,15,105,2.91453497000003,"1"
2099,4,16,106,1.81588553,"1"
2099,4,17,107,3.08238419000003,"1"
2099,4,18,108,1.70907239000002,"1"
2099,4,19,109,1.19026571000001,"1"
2099,4,20,110,2.76194477000001,"1"
2099,4,21,111,1.87692161000001,"1"
2099,4,22,112,6.07315211000002,"1"
2099,4,23,113,1.84640357000001,"1"
2099,4,24,114,1.38863297,"1"
2099,4,25,115,1.00715747000004,"1"
2099,4,26,116,1.14448865000003,"1"
2099,4,27,117,2.91453497000003,"1"
2099,4,28,118,2.76194477000001,"1"
2099,4,29,119,2.04477083,"1"
2099,4,30,120,2.06002985000003,"1"
2100,4,1,91,3.31126949000003,"1"
2100,4,2,92,1.87692161000001,"1"
2100,4,3,93,3.35704655000001,"1"
2100,4,4,94,2.44150535,"1"
2100,4,5,95,1.77010847000003,"1"
2100,4,6,96,2.27365613000001,"1"
2100,4,7,97,1.98373475,"1"
2100,4,8,98,2.04477083,"1"
2100,4,9,99,1.60225925000003,"1"
2100,4,10,100,2.18210200999999,"1"
2100,4,11,101,3.66222695000005,"1"
2100,4,12,102,2.83823987,"1"
2100,4,13,103,1.43441003000004,"1"
2100,4,14,104,1.19026571000001,"1"
2100,4,15,105,2.99083007000002,"1"
2100,4,16,106,1.92269867000005,"1"
2100,4,17,107,4.27258775000001,"1"
2100,4,18,108,3.47911871000002,"1"
2100,4,19,109,3.81481715000001,"1"
2100,4,20,110,3.43334165000005,"1"
2100,4,21,111,2.12106593000004,"1"
2100,4,22,112,2.10580691000001,"1"
2100,4,23,113,2.31943319000004,"1"
2100,4,24,114,1.15974767,"1"
2100,4,25,115,2.39572829000002,"1"
2100,4,26,116,2.77720379000004,"1"
2100,4,27,117,1.67855435000001,"1"
2100,4,28,118,1.23604277000004,"1"
2100,4,29,119,2.68564967000003,"1"
2100,4,30,120,2.89927595,"1"
2025,5,1,121,3.34178753000003,"1"
2025,5,2,122,3.72326303,"1"
2025,5,3,123,2.65513163000003,"1"
2025,5,4,124,1.67855435000001,"1"
2025,5,5,125,2.54831849000004,"1"
2025,5,6,126,1.48018709000002,"1"
2025,5,7,127,2.31943319000004,"1"
2025,5,8,128,2.41098731,"1"
2025,5,9,129,3.81481715000001,"1"
2025,5,10,130,1.87692161000001,"1"
2025,5,11,131,1.60225925000003,"1"
2025,5,12,132,3.02134811000002,"1"
2025,5,13,133,2.12106593000004,"1"
2025,5,14,134,1.64803631000001,"1"
2025,5,15,135,4.88294855000004,"1"
2025,5,16,136,1.89218063000004,"1"
2025,5,17,137,1.32759689,"1"
2025,5,18,138,2.15158397000005,"1"
2025,5,19,139,2.31943319000004,"1"
2025,5,20,140,2.56357751000002,"1"
2025,5,21,141,3.32652851,"1"
2025,5,22,142,6.21048329000001,"1"
2025,5,23,143,1.26656081000004,"1"
2025,5,24,144,1.43441003000004,"1"
2025,5,25,145,1.35811493,"1"
2025,5,26,146,2.63987261,"1"
2025,5,27,147,2.79246281000002,"1"
2025,5,28,148,4.15051559,"1"
2025,5,29,149,3.84533519000001,"1"
2025,5,30,150,4.88294855000004,"1"
2025,5,31,151,1.61751827,"1"
2026,5,1,121,1.69381337000004,"1"
2026,5,2,122,0.747754130000033,"1"
2026,5,3,123,1.86166259000004,"1"
2026,5,4,124,3.06712517,"1"
2026,5,5,125,2.12106593000004,"1"
2026,5,6,126,2.57883653000005,"1"
2026,5,7,127,2.19736103000002,"1"
2026,5,8,128,1.89218063000004,"1"
2026,5,9,129,2.21262005,"1"
2026,5,10,130,0.457832750000023,"1"
2026,5,11,131,2.53305947000001,"1"
2026,5,12,132,4.01318441000001,"1"
2026,5,13,133,1.90743965000001,"1"
2026,5,14,134,1.55648219,"1"
2026,5,15,135,2.45676437000003,"1"
2026,5,16,136,1.93795769000002,"1"
2026,5,17,137,1.61751827,"1"
2026,5,18,138,2.31943319000004,"1"
2026,5,19,139,2.94505301000004,"1"
2026,5,20,140,6.34781447,"1"
2026,5,21,141,2.42624633000003,"1"
2026,5,22,142,3.57067283000003,"1"
2026,5,23,143,3.37230557000004,"1"
2026,5,24,144,1.72433141000005,"1"
2026,5,25,145,1.28181983000002,"1"
2026,5,26,146,1.52596414999999,"1"
2026,5,27,147,2.48728241000003,"1"
2026,5,28,148,3.12816125,"1"
2026,5,29,149,3.08238419000003,"1"
2026,5,30,150,2.24313809,"1"
2026,5,31,151,1.44966905000001,"1"
2027,5,1,121,1.48018709000002,"1"
2027,5,2,122,2.27365613000001,"1"
2027,5,3,123,2.28891515000004,"1"
2027,5,4,124,0.640940990000047,"1"
2027,5,5,125,2.44150535,"1"
2027,5,6,126,3.26549243,"1"
2027,5,7,127,2.01425279,"1"
2027,5,8,128,1.28181983000002,"1"
2027,5,9,129,4.30310579000002,"1"
2027,5,10,130,1.52596414999999,"1"
2027,5,11,131,2.22787907000003,"1"
2027,5,12,132,1.40389199000003,"1"
2027,5,13,133,1.73959043000002,"1"
2027,5,14,134,1.93795769000002,"1"
2027,5,15,135,0.808790210000041,"1"
2027,5,16,136,3.17393831000004,"1"
2027,5,17,137,5.52382739000001,"1"
2027,5,18,138,3.83007617000004,"1"
2027,5,19,139,3.54015479000003,"1"
2027,5,20,140,3.18919733000001,"1"
2027,5,21,141,3.25023341000002,"1"
2027,5,22,142,2.60935456999999,"1"
2027,5,23,143,1.43441003000004,"1"
2027,5,24,144,2.42624633000003,"1"
2027,5,25,145,1.02241649000001,"1"
2027,5,26,146,2.50254143000001,"1"
2027,5,27,147,3.20445635000004,"1"
2027,5,28,148,1.15974767,"1"
2027,5,29,149,2.19736103000002,"1"
2027,5,30,150,1.34285591000003,"1"
2027,5,31,151,1.14448865000003,"1"
2028,5,1,122,2.01425279,"1"
2028,5,2,123,1.73959043000002,"1"
2028,5,3,124,2.45676437000003,"1"
2028,5,4,125,3.57067283000003,"1"
2028,5,5,126,2.39572829000002,"1"
2028,5,6,127,1.35811493,"1"
2028,5,7,128,3.14342027000004,"1"
2028,5,8,129,1.81588553,"1"
2028,5,9,130,1.67855435000001,"1"
2028,5,10,131,1.58700023,"1"
2028,5,11,132,2.82298085000002,"1"
2028,5,12,133,0.869826289999992,"1"
2028,5,13,134,1.70907239000002,"1"
2028,5,14,135,1.72433141000005,"1"
2028,5,15,136,1.15974767,"1"
2028,5,16,137,1.61751827,"1"
2028,5,17,138,1.49544611000005,"1"
2028,5,18,139,4.02844343000004,"1"
2028,5,19,140,1.73959043000002,"1"
2028,5,20,141,1.20552473000004,"1"
2028,5,21,142,1.25130179000001,"1"
2028,5,22,143,0.94612139000003,"1"
2028,5,23,144,0.65620001000002,"1"
2028,5,24,145,3.79955813000004,"1"
2028,5,25,146,3.83007617000004,"1"
2028,5,26,147,3.06712517,"1"
2028,5,27,148,2.28891515000004,"1"
2028,5,28,149,3.93688931000003,"1"
2028,5,29,150,1.64803631000001,"1"
2028,5,30,151,1.37337395000003,"1"
2028,5,31,152,2.04477083,"1"
2029,5,1,121,3.49437773,"1"
2029,5,2,122,3.34178753000003,"1"
2029,5,3,123,2.76194477000001,"1"
2029,5,4,124,2.31943319000004,"1"
2029,5,5,125,3.23497439000005,"1"
2029,5,6,126,2.51780045000004,"1"
2029,5,7,127,3.34178753000003,"1"
2029,5,8,128,2.77720379000004,"1"
2029,5,9,129,2.79246281000002,"1"
2029,5,10,130,3.14342027000004,"1"
2029,5,11,131,3.49437773,"1"
2029,5,12,132,2.30417417000001,"1"
2029,5,13,133,4.31836480999999,"1"
2029,5,14,134,2.41098731,"1"
2029,5,15,135,1.70907239000002,"1"
2029,5,16,136,2.65513163000003,"1"
2029,5,17,137,3.23497439000005,"1"
2029,5,18,138,4.07422049000002,"1"
2029,5,19,139,3.08238419000003,"1"
2029,5,20,140,3.70800401000002,"1"
2029,5,21,141,2.06002985000003,"1"
2029,5,22,142,1.93795769000002,"1"
2029,5,23,143,3.29601047,"1"
2029,5,24,144,2.89927595,"1"
2029,5,25,145,4.05896147000004,"1"
2029,5,26,146,3.00608909000005,"1"
2029,5,27,147,2.10580691000001,"1"
2029,5,28,148,1.25130179000001,"1"
2029,5,29,149,2.42624633000003,"1"
2029,5,30,150,3.02134811000002,"1"
2029,5,31,151,1.03767551000004,"1"
2030,5,1,121,2.09054789000004,"1"
2030,5,2,122,1.69381337000004,"1"
2030,5,3,123,2.27365613000001,"1"
2030,5,4,124,2.70090869000001,"1"
2030,5,5,125,2.96031203000001,"1"
2030,5,6,126,2.82298085000002,"1"
2030,5,7,127,1.63277729000004,"1"
2030,5,8,128,2.09054789000004,"1"
2030,5,9,129,1.38863297,"1"
2030,5,10,130,1.81588553,"1"
2030,5,11,131,2.68564967000003,"1"
2030,5,12,132,2.19736103000002,"1"
2030,5,13,133,3.08238419000003,"1"
2030,5,14,134,3.40282361000004,"1"
2030,5,15,135,4.10473853000002,"1"
2030,5,16,136,4.37940089,"1"
2030,5,17,137,1.34285591000003,"1"
2030,5,18,138,3.03660712999999,"1"
2030,5,19,139,2.41098731,"1"
2030,5,20,140,1.89218063000004,"1"
2030,5,21,141,1.83114455000003,"1"
2030,5,22,142,2.33469221000001,"1"
2030,5,23,143,2.73142673000001,"1"
2030,5,24,144,2.25839711000003,"1"
2030,5,25,145,1.70907239000002,"1"
2030,5,26,146,2.34995123000004,"1"
2030,5,27,147,2.83823987,"1"
2030,5,28,148,2.86875791,"1"
2030,5,29,149,2.76194477000001,"1"
2030,5,30,150,3.12816125,"1"
2030,5,31,151,2.59409555000002,"1"
2031,5,1,121,3.55541381,"1"
2031,5,2,122,1.44966905000001,"1"
2031,5,3,123,1.05293453000002,"1"
2031,5,4,124,1.46492807000004,"1"
2031,5,5,125,3.37230557000004,"1"
2031,5,6,126,2.24313809,"1"
2031,5,7,127,3.60119087000004,"1"
2031,5,8,128,5.23390601,"1"
2031,5,9,129,3.44860067000002,"1"
2031,5,10,130,1.69381337000004,"1"
2031,5,11,131,1.12922963,"1"
2031,5,12,132,3.52489577,"1"
2031,5,13,133,1.70907239000002,"1"
2031,5,14,134,2.16684299000002,"1"
2031,5,15,135,2.82298085000002,"1"
2031,5,16,136,3.87585323000002,"1"
2031,5,17,137,1.41915101000001,"1"
2031,5,18,138,2.21262005,"1"
2031,5,19,139,1.72433141000005,"1"
2031,5,20,140,1.90743965000001,"1"
2031,5,21,141,1.61751827,"1"
2031,5,22,142,2.68564967000003,"1"
2031,5,23,143,2.94505301000004,"1"
2031,5,24,144,3.70800401000002,"1"
2031,5,25,145,1.90743965000001,"1"
2031,5,26,146,2.33469221000001,"1"
2031,5,27,147,2.27365613000001,"1"
2031,5,28,148,2.42624633000003,"1"
2031,5,29,149,1.51070513000002,"1"
2031,5,30,150,4.30310579000002,"1"
2031,5,31,151,1.86166259000004,"1"
2032,5,1,122,2.02951181000003,"1"
2032,5,2,123,2.33469221000001,"1"
2032,5,3,124,2.59409555000002,"1"
2032,5,4,125,1.60225925000003,"1"
2032,5,5,126,1.92269867000005,"1"
2032,5,6,127,3.40282361000004,"1"
2032,5,7,128,3.49437773,"1"
2032,5,8,129,1.52596414999999,"1"
2032,5,9,130,2.19736103000002,"1"
2032,5,10,131,3.99792539000003,"1"
2032,5,11,132,2.41098731,"1"
2032,5,12,133,2.01425279,"1"
2032,5,13,134,1.77010847000003,"1"
2032,5,14,135,2.45676437000003,"1"
2032,5,15,136,1.77010847000003,"1"
2032,5,16,137,3.38756459000001,"1"
2032,5,17,138,1.61751827,"1"
2032,5,18,139,2.88401693000003,"1"
2032,5,19,140,2.42624633000003,"1"
2032,5,20,141,1.48018709000002,"1"
2032,5,21,142,2.67039065,"1"
2032,5,22,143,1.14448865000003,"1"
2032,5,23,144,1.61751827,"1"
2032,5,24,145,2.79246281000002,"1"
2032,5,25,146,2.94505301000004,"1"
2032,5,26,147,1.20552473000004,"1"
2032,5,27,148,1.98373475,"1"
2032,5,28,149,2.24313809,"1"
2032,5,29,150,2.79246281000002,"1"
2032,5,30,151,3.75378107,"1"
2032,5,31,152,2.89927595,"1"
2033,5,1,121,2.39572829000002,"1"
2033,5,2,122,3.58593185000001,"1"
2033,5,3,123,1.83114455000003,"1"
2033,5,4,124,3.47911871000002,"1"
2033,5,5,125,1.67855435000001,"1"
2033,5,6,126,2.99083007000002,"1"
2033,5,7,127,4.08947951000005,"1"
2033,5,8,128,2.13632495000002,"1"
2033,5,9,129,1.83114455000003,"1"
2033,5,10,130,1.51070513000002,"1"
2033,5,11,131,2.09054789000004,"1"
2033,5,12,132,3.14342027000004,"1"
2033,5,13,133,4.77613541,"1"
2033,5,14,134,1.38863297,"1"
2033,5,15,135,3.44860067000002,"1"
2033,5,16,136,3.41808263000001,"1"
2033,5,17,137,1.96847573000002,"1"
2033,5,18,138,2.13632495000002,"1"
2033,5,19,139,6.82084409000004,"1"
2033,5,20,140,3.32652851,"1"
2033,5,21,141,4.27258775000001,"1"
2033,5,22,142,4.05896147000004,"1"
2033,5,23,143,2.92979399000001,"1"
2033,5,24,144,3.79955813000004,"1"
2033,5,25,145,2.85349889000003,"1"
2033,5,26,146,2.19736103000002,"1"
2033,5,27,147,1.77010847000003,"1"
2033,5,28,148,2.54831849000004,"1"
2033,5,29,149,2.54831849000004,"1"
2033,5,30,150,4.34888285,"1"
2033,5,31,151,2.24313809,"1"
2034,5,1,121,1.83114455000003,"1"
2034,5,2,122,2.42624633000003,"1"
2034,5,3,123,1.83114455000003,"1"
2034,5,4,124,1.69381337000004,"1"
2034,5,5,125,1.43441003000004,"1"
2034,5,6,126,3.92163029,"1"
2034,5,7,127,2.22787907000003,"1"
2034,5,8,128,2.39572829000002,"1"
2034,5,9,129,0.93086237,"1"
2034,5,10,130,2.21262005,"1"
2034,5,11,131,4.18103363,"1"
2034,5,12,132,2.02951181000003,"1"
2034,5,13,133,3.11290223000003,"1"
2034,5,14,134,4.56250913000002,"1"
2034,5,15,135,0.869826289999992,"1"
2034,5,16,136,2.19736103000002,"1"
2034,5,17,137,2.70090869000001,"1"
2034,5,18,138,3.43334165000005,"1"
2034,5,19,139,3.38756459000001,"1"
2034,5,20,140,3.50963675000003,"1"
2034,5,21,141,1.75484944999999,"1"
2034,5,22,142,2.54831849000004,"1"
2034,5,23,143,2.25839711000003,"1"
2034,5,24,144,3.05186615000002,"1"
2034,5,25,145,2.15158397000005,"1"
2034,5,26,146,2.80772182999999,"1"
2034,5,27,147,2.36521025000002,"1"
2034,5,28,148,3.60119087000004,"1"
2034,5,29,149,1.49544611000005,"1"
2034,5,30,150,1.92269867000005,"1"
2034,5,31,151,1.15974767,"1"
2035,5,1,121,2.39572829000002,"1"
2035,5,2,122,2.79246281000002,"1"
2035,5,3,123,3.09764321,"1"
2035,5,4,124,2.47202339,"1"
2035,5,5,125,1.99899377000003,"1"
2035,5,6,126,2.38046926999999,"1"
2035,5,7,127,3.63170891000004,"1"
2035,5,8,128,2.31943319000004,"1"
2035,5,9,129,4.08947951000005,"1"
2035,5,10,130,2.25839711000003,"1"
2035,5,11,131,1.96847573000002,"1"
2035,5,12,132,3.37230557000004,"1"
2035,5,13,133,3.03660712999999,"1"
2035,5,14,134,1.44966905000001,"1"
2035,5,15,135,1.19026571000001,"1"
2035,5,16,136,2.53305947000001,"1"
2035,5,17,137,2.09054789000004,"1"
2035,5,18,138,1.37337395000003,"1"
2035,5,19,139,1.98373475,"1"
2035,5,20,140,3.18919733000001,"1"
2035,5,21,141,2.51780045000004,"1"
2035,5,22,142,1.78536749,"1"
2035,5,23,143,2.94505301000004,"1"
2035,5,24,144,3.99792539000003,"1"
2035,5,25,145,3.86059421000004,"1"
2035,5,26,146,4.45569599000004,"1"
2035,5,27,147,2.70090869000001,"1"
2035,5,28,148,3.78429911000001,"1"
2035,5,29,149,4.11999754999999,"1"
2035,5,30,150,2.94505301000004,"1"
2035,5,31,151,2.34995123000004,"1"
2036,5,1,122,1.95321670999999,"1"
2036,5,2,123,1.67855435000001,"1"
2036,5,3,124,2.62461359000002,"1"
2036,5,4,125,3.00608909000005,"1"
2036,5,5,126,1.69381337000004,"1"
2036,5,6,127,2.36521025000002,"1"
2036,5,7,128,2.88401693000003,"1"
2036,5,8,129,3.90637127000002,"1"
2036,5,9,130,4.11999754999999,"1"
2036,5,10,131,1.90743965000001,"1"
2036,5,11,132,2.16684299000002,"1"
2036,5,12,133,2.88401693000003,"1"
2036,5,13,134,1.80062651000003,"1"
2036,5,14,135,6.82084409000004,"1"
2036,5,15,136,3.31126949000003,"1"
2036,5,16,137,2.22787907000003,"1"
2036,5,17,138,3.31126949000003,"1"
2036,5,18,139,3.25023341000002,"1"
2036,5,19,140,2.53305947000001,"1"
2036,5,20,141,1.80062651000003,"1"
2036,5,21,142,1.61751827,"1"
2036,5,22,143,2.45676437000003,"1"
2036,5,23,144,3.29601047,"1"
2036,5,24,145,2.63987261,"1"
2036,5,25,146,3.69274498999999,"1"
2036,5,26,147,5.26442405,"1"
2036,5,27,148,4.11999754999999,"1"
2036,5,28,149,3.38756459000001,"1"
2036,5,29,150,2.80772182999999,"1"
2036,5,30,151,5.18812895000002,"1"
2036,5,31,152,3.02134811000002,"1"
2037,5,1,121,1.70907239000002,"1"
2037,5,2,122,2.50254143000001,"1"
2037,5,3,123,2.94505301000004,"1"
2037,5,4,124,2.34995123000004,"1"
2037,5,5,125,4.15051559,"1"
2037,5,6,126,2.22787907000003,"1"
2037,5,7,127,3.49437773,"1"
2037,5,8,128,1.25130179000001,"1"
2037,5,9,129,2.33469221000001,"1"
2037,5,10,130,2.25839711000003,"1"
2037,5,11,131,2.74668575000004,"1"
2037,5,12,132,1.06819355000005,"1"
2037,5,13,133,3.12816125,"1"
2037,5,14,134,3.12816125,"1"
2037,5,15,135,2.21262005,"1"
2037,5,16,136,1.26656081000004,"1"
2037,5,17,137,1.03767551000004,"1"
2037,5,18,138,2.51780045000004,"1"
2037,5,19,139,2.82298085000002,"1"
2037,5,20,140,2.63987261,"1"
2037,5,21,141,1.70907239000002,"1"
2037,5,22,142,3.50963675000003,"1"
2037,5,23,143,4.92872561000001,"1"
2037,5,24,144,1.92269867000005,"1"
2037,5,25,145,0.701977069999998,"1"
2037,5,26,146,0.701977069999998,"1"
2037,5,27,147,2.47202339,"1"
2037,5,28,148,3.47911871000002,"1"
2037,5,29,149,2.39572829000002,"1"
2037,5,30,150,2.70090869000001,"1"
2037,5,31,151,3.08238419000003,"1"
2038,5,1,121,1.35811493,"1"
2038,5,2,122,2.94505301000004,"1"
2038,5,3,123,2.24313809,"1"
2038,5,4,124,3.43334165000005,"1"
2038,5,5,125,2.33469221000001,"1"
2038,5,6,126,2.24313809,"1"
2038,5,7,127,0.579904910000039,"1"
2038,5,8,128,2.73142673000001,"1"
2038,5,9,129,4.15051559,"1"
2038,5,10,130,1.70907239000002,"1"
2038,5,11,131,1.23604277000004,"1"
2038,5,12,132,1.90743965000001,"1"
2038,5,13,133,4.22681069000004,"1"
2038,5,14,134,2.88401693000003,"1"
2038,5,15,135,2.38046926999999,"1"
2038,5,16,136,3.06712517,"1"
2038,5,17,137,2.80772182999999,"1"
2038,5,18,138,4.97450266999999,"1"
2038,5,19,139,2.34995123000004,"1"
2038,5,20,140,3.31126949000003,"1"
2038,5,21,141,4.86768953000001,"1"
2038,5,22,142,4.33362383000002,"1"
2038,5,23,143,1.64803631000001,"1"
2038,5,24,144,2.34995123000004,"1"
2038,5,25,145,1.96847573000002,"1"
2038,5,26,146,2.15158397000005,"1"
2038,5,27,147,2.80772182999999,"1"
2038,5,28,148,4.86768953000001,"1"
2038,5,29,149,2.94505301000004,"1"
2038,5,30,150,3.21971537000002,"1"
2038,5,31,151,4.50147305000002,"1"
2039,5,1,121,1.44966905000001,"1"
2039,5,2,122,2.13632495000002,"1"
2039,5,3,123,2.53305947000001,"1"
2039,5,4,124,2.33469221000001,"1"
2039,5,5,125,1.75484944999999,"1"
2039,5,6,126,2.09054789000004,"1"
2039,5,7,127,2.30417417000001,"1"
2039,5,8,128,2.33469221000001,"1"
2039,5,9,129,1.34285591000003,"1"
2039,5,10,130,4.53199109000002,"1"
2039,5,11,131,1.37337395000003,"1"
2039,5,12,132,1.38863297,"1"
2039,5,13,133,0.869826289999992,"1"
2039,5,14,134,1.51070513000002,"1"
2039,5,15,135,2.80772182999999,"1"
2039,5,16,136,3.41808263000001,"1"
2039,5,17,137,1.63277729000004,"1"
2039,5,18,138,2.22787907000003,"1"
2039,5,19,139,2.56357751000002,"1"
2039,5,20,140,2.74668575000004,"1"
2039,5,21,141,2.65513163000003,"1"
2039,5,22,142,1.34285591000003,"1"
2039,5,23,143,2.04477083,"1"
2039,5,24,144,4.65406325000004,"1"
2039,5,25,145,1.67855435000001,"1"
2039,5,26,146,4.95924365000002,"1"
2039,5,27,147,4.19629265000003,"1"
2039,5,28,148,1.51070513000002,"1"
2039,5,29,149,1.89218063000004,"1"
2039,5,30,150,2.94505301000004,"1"
2039,5,31,151,4.54725010999999,"1"
2040,5,1,122,1.63277729000004,"1"
2040,5,2,123,1.54122317000002,"1"
2040,5,3,124,1.19026571000001,"1"
2040,5,4,125,3.26549243,"1"
2040,5,5,126,2.36521025000002,"1"
2040,5,6,127,1.28181983000002,"1"
2040,5,7,128,1.19026571000001,"1"
2040,5,8,129,2.22787907000003,"1"
2040,5,9,130,1.52596414999999,"1"
2040,5,10,131,2.79246281000002,"1"
2040,5,11,132,1.29707884999999,"1"
2040,5,12,133,0.885085310000022,"1"
2040,5,13,134,2.28891515000004,"1"
2040,5,14,135,2.71616771000004,"1"
2040,5,15,136,2.22787907000003,"1"
2040,5,16,137,1.58700023,"1"
2040,5,17,138,1.66329533000004,"1"
2040,5,18,139,2.63987261,"1"
2040,5,19,140,2.76194477000001,"1"
2040,5,20,141,3.00608909000005,"1"
2040,5,21,142,2.01425279,"1"
2040,5,22,143,2.07528887000001,"1"
2040,5,23,144,5.00502071,"1"
2040,5,24,145,5.32546013000001,"1"
2040,5,25,146,2.60935456999999,"1"
2040,5,26,147,3.70800401000002,"1"
2040,5,27,148,3.15867929000001,"1"
2040,5,28,149,2.74668575000004,"1"
2040,5,29,150,2.09054789000004,"1"
2040,5,30,151,1.34285591000003,"1"
2040,5,31,152,1.43441003000004,"1"
2041,5,1,121,2.34995123000004,"1"
2041,5,2,122,3.06712517,"1"
2041,5,3,123,1.51070513000002,"1"
2041,5,4,124,2.71616771000004,"1"
2041,5,5,125,1.61751827,"1"
2041,5,6,126,2.34995123000004,"1"
2041,5,7,127,3.32652851,"1"
2041,5,8,128,3.50963675000003,"1"
2041,5,9,129,1.64803631000001,"1"
2041,5,10,130,2.16684299000002,"1"
2041,5,11,131,3.87585323000002,"1"
2041,5,12,132,2.09054789000004,"1"
2041,5,13,133,1.31233787000002,"1"
2041,5,14,134,2.63987261,"1"
2041,5,15,135,1.89218063000004,"1"
2041,5,16,136,2.24313809,"1"
2041,5,17,137,4.10473853000002,"1"
2041,5,18,138,1.54122317000002,"1"
2041,5,19,139,1.78536749,"1"
2041,5,20,140,1.99899377000003,"1"
2041,5,21,141,3.32652851,"1"
2041,5,22,142,1.67855435000001,"1"
2041,5,23,143,2.21262005,"1"
2041,5,24,144,3.05186615000002,"1"
2041,5,25,145,2.83823987,"1"
2041,5,26,146,3.87585323000002,"1"
2041,5,27,147,4.19629265000003,"1"
2041,5,28,148,1.80062651000003,"1"
2041,5,29,149,3.37230557000004,"1"
2041,5,30,150,5.24916503000003,"1"
2041,5,31,151,3.84533519000001,"1"
2042,5,1,121,3.93688931000003,"1"
2042,5,2,122,3.14342027000004,"1"
2042,5,3,123,2.09054789000004,"1"
2042,5,4,124,1.25130179000001,"1"
2042,5,5,125,2.10580691000001,"1"
2042,5,6,126,1.34285591000003,"1"
2042,5,7,127,2.76194477000001,"1"
2042,5,8,128,2.67039065,"1"
2042,5,9,129,4.79139443000003,"1"
2042,5,10,130,2.62461359000002,"1"
2042,5,11,131,1.52596414999999,"1"
2042,5,12,132,3.00608909000005,"1"
2042,5,13,133,2.97557105000004,"1"
2042,5,14,134,1.80062651000003,"1"
2042,5,15,135,1.90743965000001,"1"
2042,5,16,136,3.55541381,"1"
2042,5,17,137,4.08947951000005,"1"
2042,5,18,138,1.48018709000002,"1"
2042,5,19,139,2.33469221000001,"1"
2042,5,20,140,4.04370245000001,"1"
2042,5,21,141,2.51780045000004,"1"
2042,5,22,142,2.33469221000001,"1"
2042,5,23,143,2.53305947000001,"1"
2042,5,24,144,4.48621403000004,"1"
2042,5,25,145,2.67039065,"1"
2042,5,26,146,2.36521025000002,"1"
2042,5,27,147,1.67855435000001,"1"
2042,5,28,148,0.885085310000022,"1"
2042,5,29,149,1.98373475,"1"
2042,5,30,150,1.35811493,"1"
2042,5,31,151,1.57174121000003,"1"
2043,5,1,121,2.02951181000003,"1"
2043,5,2,122,0.778272170000037,"1"
2043,5,3,123,2.88401693000003,"1"
2043,5,4,124,2.80772182999999,"1"
2043,5,5,125,1.90743965000001,"1"
2043,5,6,126,3.57067283000003,"1"
2043,5,7,127,2.99083007000002,"1"
2043,5,8,128,3.95214833,"1"
2043,5,9,129,2.56357751000002,"1"
2043,5,10,130,0.824049230000014,"1"
2043,5,11,131,1.29707884999999,"1"
2043,5,12,132,1.75484944999999,"1"
2043,5,13,133,2.13632495000002,"1"
2043,5,14,134,3.15867929000001,"1"
2043,5,15,135,1.73959043000002,"1"
2043,5,16,136,1.75484944999999,"1"
2043,5,17,137,1.61751827,"1"
2043,5,18,138,1.03767551000004,"1"
2043,5,19,139,2.47202339,"1"
2043,5,20,140,1.66329533000004,"1"
2043,5,21,141,0.137393330000009,"1"
2043,5,22,142,2.01425279,"1"
2043,5,23,143,2.21262005,"1"
2043,5,24,144,1.69381337000004,"1"
2043,5,25,145,2.99083007000002,"1"
2043,5,26,146,4.94398463000005,"1"
2043,5,27,147,3.73852205000003,"1"
2043,5,28,148,1.81588553,"1"
2043,5,29,149,2.48728241000003,"1"
2043,5,30,150,2.60935456999999,"1"
2043,5,31,151,3.52489577,"1"
2044,5,1,122,3.00608909000005,"1"
2044,5,2,123,1.22078375000001,"1"
2044,5,3,124,2.06002985000003,"1"
2044,5,4,125,1.28181983000002,"1"
2044,5,5,126,3.26549243,"1"
2044,5,6,127,3.03660712999999,"1"
2044,5,7,128,1.93795769000002,"1"
2044,5,8,129,2.36521025000002,"1"
2044,5,9,130,1.38863297,"1"
2044,5,10,131,3.37230557000004,"1"
2044,5,11,132,2.88401693000003,"1"
2044,5,12,133,1.83114455000003,"1"
2044,5,13,134,3.03660712999999,"1"
2044,5,14,135,2.36521025000002,"1"
2044,5,15,136,1.98373475,"1"
2044,5,16,137,4.74561736999999,"1"
2044,5,17,138,2.97557105000004,"1"
2044,5,18,139,2.12106593000004,"1"
2044,5,19,140,0.854567270000018,"1"
2044,5,20,141,2.41098731,"1"
2044,5,21,142,2.82298085000002,"1"
2044,5,22,143,3.52489577,"1"
2044,5,23,144,1.64803631000001,"1"
2044,5,24,145,3.54015479000003,"1"
2044,5,25,146,2.56357751000002,"1"
2044,5,26,147,2.80772182999999,"1"
2044,5,27,148,1.46492807000004,"1"
2044,5,28,149,3.20445635000004,"1"
2044,5,29,150,1.70907239000002,"1"
2044,5,30,151,2.01425279,"1"
2044,5,31,152,2.67039065,"1"
2045,5,1,121,2.86875791,"1"
2045,5,2,122,2.10580691000001,"1"
2045,5,3,123,2.01425279,"1"
2045,5,4,124,1.55648219,"1"
2045,5,5,125,3.06712517,"1"
2045,5,6,126,3.20445635000004,"1"
2045,5,7,127,1.20552473000004,"1"
2045,5,8,128,0.915603350000026,"1"
2045,5,9,129,0.900344329999996,"1"
2045,5,10,130,4.74561736999999,"1"
2045,5,11,131,3.38756459000001,"1"
2045,5,12,132,2.76194477000001,"1"
2045,5,13,133,3.96740735000003,"1"
2045,5,14,134,3.55541381,"1"
2045,5,15,135,2.13632495000002,"1"
2045,5,16,136,1.72433141000005,"1"
2045,5,17,137,3.09764321,"1"
2045,5,18,138,3.38756459000001,"1"
2045,5,19,139,3.52489577,"1"
2045,5,20,140,2.51780045000004,"1"
2045,5,21,141,4.11999754999999,"1"
2045,5,22,142,5.70693563000003,"1"
2045,5,23,143,4.76087639000002,"1"
2045,5,24,144,2.56357751000002,"1"
2045,5,25,145,2.13632495000002,"1"
2045,5,26,146,1.66329533000004,"1"
2045,5,27,147,1.64803631000001,"1"
2045,5,28,148,4.71509933000004,"1"
2045,5,29,149,2.62461359000002,"1"
2045,5,30,150,2.36521025000002,"1"
2045,5,31,151,1.52596414999999,"1"
2046,5,1,121,4.22681069000004,"1"
2046,5,2,122,3.43334165000005,"1"
2046,5,3,123,2.44150535,"1"
2046,5,4,124,1.31233787000002,"1"
2046,5,5,125,2.07528887000001,"1"
2046,5,6,126,3.18919733000001,"1"
2046,5,7,127,1.57174121000003,"1"
2046,5,8,128,0.976639430000034,"1"
2046,5,9,129,1.57174121000003,"1"
2046,5,10,130,4.31836480999999,"1"
2046,5,11,131,4.48621403000004,"1"
2046,5,12,132,2.76194477000001,"1"
2046,5,13,133,2.24313809,"1"
2046,5,14,134,1.93795769000002,"1"
2046,5,15,135,2.80772182999999,"1"
2046,5,16,136,4.79139443000003,"1"
2046,5,17,137,2.44150535,"1"
2046,5,18,138,2.09054789000004,"1"
2046,5,19,139,4.77613541,"1"
2046,5,20,140,3.40282361000004,"1"
2046,5,21,141,1.93795769000002,"1"
2046,5,22,142,2.06002985000003,"1"
2046,5,23,143,3.21971537000002,"1"
2046,5,24,144,1.64803631000001,"1"
2046,5,25,145,1.99899377000003,"1"
2046,5,26,146,2.67039065,"1"
2046,5,27,147,2.10580691000001,"1"
2046,5,28,148,2.09054789000004,"1"
2046,5,29,149,2.60935456999999,"1"
2046,5,30,150,1.80062651000003,"1"
2046,5,31,151,1.66329533000004,"1"
2047,5,1,121,3.70800401000002,"1"
2047,5,2,122,3.63170891000004,"1"
2047,5,3,123,1.86166259000004,"1"
2047,5,4,124,3.67748597000002,"1"
2047,5,5,125,4.48621403000004,"1"
2047,5,6,126,2.71616771000004,"1"
2047,5,7,127,3.15867929000001,"1"
2047,5,8,128,5.24916503000003,"1"
2047,5,9,129,1.00715747000004,"1"
2047,5,10,130,2.92979399000001,"1"
2047,5,11,131,1.17500669000003,"1"
2047,5,12,132,1.29707884999999,"1"
2047,5,13,133,2.57883653000005,"1"
2047,5,14,134,1.60225925000003,"1"
2047,5,15,135,2.13632495000002,"1"
2047,5,16,136,1.66329533000004,"1"
2047,5,17,137,2.04477083,"1"
2047,5,18,138,3.40282361000004,"1"
2047,5,19,139,3.47911871000002,"1"
2047,5,20,140,3.03660712999999,"1"
2047,5,21,141,2.88401693000003,"1"
2047,5,22,142,1.57174121000003,"1"
2047,5,23,143,1.92269867000005,"1"
2047,5,24,144,2.88401693000003,"1"
2047,5,25,145,3.35704655000001,"1"
2047,5,26,146,1.28181983000002,"1"
2047,5,27,147,2.92979399000001,"1"
2047,5,28,148,5.31020111000004,"1"
2047,5,29,149,1.70907239000002,"1"
2047,5,30,150,2.92979399000001,"1"
2047,5,31,151,2.54831849000004,"1"
2048,5,1,122,1.58700023,"1"
2048,5,2,123,1.22078375000001,"1"
2048,5,3,124,2.18210200999999,"1"
2048,5,4,125,1.93795769000002,"1"
2048,5,5,126,2.73142673000001,"1"
2048,5,6,127,1.66329533000004,"1"
2048,5,7,128,2.62461359000002,"1"
2048,5,8,129,2.53305947000001,"1"
2048,5,9,130,2.19736103000002,"1"
2048,5,10,131,1.66329533000004,"1"
2048,5,11,132,2.45676437000003,"1"
2048,5,12,133,3.70800401000002,"1"
2048,5,13,134,2.88401693000003,"1"
2048,5,14,135,2.60935456999999,"1"
2048,5,15,136,1.09871158999999,"1"
2048,5,16,137,2.80772182999999,"1"
2048,5,17,138,3.28075145000003,"1"
2048,5,18,139,2.51780045000004,"1"
2048,5,19,140,1.67855435000001,"1"
2048,5,20,141,2.04477083,"1"
2048,5,21,142,3.28075145000003,"1"
2048,5,22,143,2.82298085000002,"1"
2048,5,23,144,2.48728241000003,"1"
2048,5,24,145,3.55541381,"1"
2048,5,25,146,1.83114455000003,"1"
2048,5,26,147,1.86166259000004,"1"
2048,5,27,148,0.671459029999994,"1"
2048,5,28,149,1.43441003000004,"1"
2048,5,29,150,2.99083007000002,"1"
2048,5,30,151,4.37940089,"1"
2048,5,31,152,1.92269867000005,"1"
2049,5,1,121,5.03553875,"1"
2049,5,2,122,3.00608909000005,"1"
2049,5,3,123,2.71616771000004,"1"
2049,5,4,124,2.48728241000003,"1"
2049,5,5,125,3.79955813000004,"1"
2049,5,6,126,2.80772182999999,"1"
2049,5,7,127,1.51070513000002,"1"
2049,5,8,128,1.60225925000003,"1"
2049,5,9,129,2.59409555000002,"1"
2049,5,10,130,1.28181983000002,"1"
2049,5,11,131,2.88401693000003,"1"
2049,5,12,132,2.73142673000001,"1"
2049,5,13,133,2.97557105000004,"1"
2049,5,14,134,3.17393831000004,"1"
2049,5,15,135,1.77010847000003,"1"
2049,5,16,136,3.43334165000005,"1"
2049,5,17,137,1.86166259000004,"1"
2049,5,18,138,1.60225925000003,"1"
2049,5,19,139,3.46385968999999,"1"
2049,5,20,140,3.15867929000001,"1"
2049,5,21,141,1.43441003000004,"1"
2049,5,22,142,2.70090869000001,"1"
2049,5,23,143,2.02951181000003,"1"
2049,5,24,144,2.44150535,"1"
2049,5,25,145,1.43441003000004,"1"
2049,5,26,146,2.07528887000001,"1"
2049,5,27,147,3.54015479000003,"1"
2049,5,28,148,2.86875791,"1"
2049,5,29,149,2.56357751000002,"1"
2049,5,30,150,2.70090869000001,"1"
2049,5,31,151,2.67039065,"1"
2050,5,1,121,4.01318441000001,"1"
2050,5,2,122,2.80772182999999,"1"
2050,5,3,123,2.39572829000002,"1"
2050,5,4,124,3.12816125,"1"
2050,5,5,125,3.23497439000005,"1"
2050,5,6,126,5.69167661,"1"
2050,5,7,127,4.05896147000004,"1"
2050,5,8,128,3.69274498999999,"1"
2050,5,9,129,3.08238419000003,"1"
2050,5,10,130,2.50254143000001,"1"
2050,5,11,131,2.88401693000003,"1"
2050,5,12,132,2.89927595,"1"
2050,5,13,133,2.38046926999999,"1"
2050,5,14,134,1.52596414999999,"1"
2050,5,15,135,2.60935456999999,"1"
2050,5,16,136,2.27365613000001,"1"
2050,5,17,137,3.35704655000001,"1"
2050,5,18,138,3.57067283000003,"1"
2050,5,19,139,3.81481715000001,"1"
2050,5,20,140,3.79955813000004,"1"
2050,5,21,141,2.31943319000004,"1"
2050,5,22,142,3.25023341000002,"1"
2050,5,23,143,7.11076547000005,"1"
2050,5,24,144,1.81588553,"1"
2050,5,25,145,3.34178753000003,"1"
2050,5,26,146,2.24313809,"1"
2050,5,27,147,2.25839711000003,"1"
2050,5,28,148,2.96031203000001,"1"
2050,5,29,149,4.69984031000001,"1"
2050,5,30,150,2.77720379000004,"1"
2050,5,31,151,5.55434543000001,"1"
2051,5,1,121,2.67039065,"1"
2051,5,2,122,0.473091769999996,"1"
2051,5,3,123,2.33469221000001,"1"
2051,5,4,124,2.41098731,"1"
2051,5,5,125,2.12106593000004,"1"
2051,5,6,126,1.80062651000003,"1"
2051,5,7,127,4.83717149,"1"
2051,5,8,128,3.84533519000001,"1"
2051,5,9,129,4.37940089,"1"
2051,5,10,130,1.84640357000001,"1"
2051,5,11,131,3.25023341000002,"1"
2051,5,12,132,2.82298085000002,"1"
2051,5,13,133,2.67039065,"1"
2051,5,14,134,2.47202339,"1"
2051,5,15,135,3.14342027000004,"1"
2051,5,16,136,2.41098731,"1"
2051,5,17,137,2.09054789000004,"1"
2051,5,18,138,1.95321670999999,"1"
2051,5,19,139,2.07528887000001,"1"
2051,5,20,140,2.70090869000001,"1"
2051,5,21,141,3.49437773,"1"
2051,5,22,142,2.83823987,"1"
2051,5,23,143,2.30417417000001,"1"
2051,5,24,144,2.41098731,"1"
2051,5,25,145,3.34178753000003,"1"
2051,5,26,146,3.26549243,"1"
2051,5,27,147,3.63170891000004,"1"
2051,5,28,148,2.21262005,"1"
2051,5,29,149,2.62461359000002,"1"
2051,5,30,150,3.23497439000005,"1"
2051,5,31,151,1.95321670999999,"1"
2052,5,1,122,2.38046926999999,"1"
2052,5,2,123,2.01425279,"1"
2052,5,3,124,2.31943319000004,"1"
2052,5,4,125,2.45676437000003,"1"
2052,5,5,126,2.92979399000001,"1"
2052,5,6,127,1.43441003000004,"1"
2052,5,7,128,1.44966905000001,"1"
2052,5,8,129,1.93795769000002,"1"
2052,5,9,130,2.76194477000001,"1"
2052,5,10,131,4.33362383000002,"1"
2052,5,11,132,4.31836480999999,"1"
2052,5,12,133,1.92269867000005,"1"
2052,5,13,134,1.95321670999999,"1"
2052,5,14,135,3.52489577,"1"
2052,5,15,136,5.12709287000001,"1"
2052,5,16,137,2.44150535,"1"
2052,5,17,138,2.15158397000005,"1"
2052,5,18,139,1.37337395000003,"1"
2052,5,19,140,1.54122317000002,"1"
2052,5,20,141,1.61751827,"1"
2052,5,21,142,2.53305947000001,"1"
2052,5,22,143,2.85349889000003,"1"
2052,5,23,144,3.06712517,"1"
2052,5,24,145,3.29601047,"1"
2052,5,25,146,3.03660712999999,"1"
2052,5,26,147,1.49544611000005,"1"
2052,5,27,148,1.32759689,"1"
2052,5,28,149,1.69381337000004,"1"
2052,5,29,150,0.915603350000026,"1"
2052,5,30,151,2.88401693000003,"1"
2052,5,31,152,2.88401693000003,"1"
2053,5,1,121,1.66329533000004,"1"
2053,5,2,122,2.94505301000004,"1"
2053,5,3,123,3.17393831000004,"1"
2053,5,4,124,3.75378107,"1"
2053,5,5,125,5.18812895000002,"1"
2053,5,6,126,5.43227327,"1"
2053,5,7,127,2.68564967000003,"1"
2053,5,8,128,2.34995123000004,"1"
2053,5,9,129,2.53305947000001,"1"
2053,5,10,130,2.57883653000005,"1"
2053,5,11,131,2.79246281000002,"1"
2053,5,12,132,3.18919733000001,"1"
2053,5,13,133,1.81588553,"1"
2053,5,14,134,2.62461359000002,"1"
2053,5,15,135,1.84640357000001,"1"
2053,5,16,136,1.22078375000001,"1"
2053,5,17,137,1.67855435000001,"1"
2053,5,18,138,1.35811493,"1"
2053,5,19,139,2.42624633000003,"1"
2053,5,20,140,1.96847573000002,"1"
2053,5,21,141,1.12922963,"1"
2053,5,22,142,1.69381337000004,"1"
2053,5,23,143,1.96847573000002,"1"
2053,5,24,144,2.18210200999999,"1"
2053,5,25,145,3.38756459000001,"1"
2053,5,26,146,3.43334165000005,"1"
2053,5,27,147,2.47202339,"1"
2053,5,28,148,2.85349889000003,"1"
2053,5,29,149,2.92979399000001,"1"
2053,5,30,150,2.13632495000002,"1"
2053,5,31,151,1.32759689,"1"
2054,5,1,121,2.39572829000002,"1"
2054,5,2,122,2.01425279,"1"
2054,5,3,123,3.18919733000001,"1"
2054,5,4,124,3.28075145000003,"1"
2054,5,5,125,2.39572829000002,"1"
2054,5,6,126,3.09764321,"1"
2054,5,7,127,2.71616771000004,"1"
2054,5,8,128,3.55541381,"1"
2054,5,9,129,1.93795769000002,"1"
2054,5,10,130,2.28891515000004,"1"
2054,5,11,131,2.92979399000001,"1"
2054,5,12,132,2.01425279,"1"
2054,5,13,133,2.82298085000002,"1"
2054,5,14,134,2.22787907000003,"1"
2054,5,15,135,1.72433141000005,"1"
2054,5,16,136,1.28181983000002,"1"
2054,5,17,137,2.65513163000003,"1"
2054,5,18,138,2.89927595,"1"
2054,5,19,139,3.03660712999999,"1"
2054,5,20,140,1.06819355000005,"1"
2054,5,21,141,1.25130179000001,"1"
2054,5,22,142,1.87692161000001,"1"
2054,5,23,143,1.40389199000003,"1"
2054,5,24,144,2.76194477000001,"1"
2054,5,25,145,3.29601047,"1"
2054,5,26,146,1.90743965000001,"1"
2054,5,27,147,2.19736103000002,"1"
2054,5,28,148,2.86875791,"1"
2054,5,29,149,2.01425279,"1"
2054,5,30,150,5.21864699000002,"1"
2054,5,31,151,1.95321670999999,"1"
2055,5,1,121,3.83007617000004,"1"
2055,5,2,122,4.02844343000004,"1"
2055,5,3,123,4.59302717000003,"1"
2055,5,4,124,3.52489577,"1"
2055,5,5,125,2.39572829000002,"1"
2055,5,6,126,2.41098731,"1"
2055,5,7,127,1.69381337000004,"1"
2055,5,8,128,3.38756459000001,"1"
2055,5,9,129,2.22787907000003,"1"
2055,5,10,130,2.33469221000001,"1"
2055,5,11,131,2.24313809,"1"
2055,5,12,132,2.62461359000002,"1"
2055,5,13,133,1.66329533000004,"1"
2055,5,14,134,2.60935456999999,"1"
2055,5,15,135,3.06712517,"1"
2055,5,16,136,1.89218063000004,"1"
2055,5,17,137,1.17500669000003,"1"
2055,5,18,138,3.38756459000001,"1"
2055,5,19,139,1.80062651000003,"1"
2055,5,20,140,3.20445635000004,"1"
2055,5,21,141,2.30417417000001,"1"
2055,5,22,142,1.32759689,"1"
2055,5,23,143,2.01425279,"1"
2055,5,24,144,2.53305947000001,"1"
2055,5,25,145,3.40282361000004,"1"
2055,5,26,146,4.22681069000004,"1"
2055,5,27,147,3.11290223000003,"1"
2055,5,28,148,2.77720379000004,"1"
2055,5,29,149,2.25839711000003,"1"
2055,5,30,150,2.53305947000001,"1"
2055,5,31,151,1.54122317000002,"1"
2056,5,1,122,1.54122317000002,"1"
2056,5,2,123,2.12106593000004,"1"
2056,5,3,124,2.89927595,"1"
2056,5,4,125,4.34888285,"1"
2056,5,5,126,3.02134811000002,"1"
2056,5,6,127,1.28181983000002,"1"
2056,5,7,128,1.95321670999999,"1"
2056,5,8,129,1.48018709000002,"1"
2056,5,9,130,1.37337395000003,"1"
2056,5,10,131,2.83823987,"1"
2056,5,11,132,3.06712517,"1"
2056,5,12,133,3.05186615000002,"1"
2056,5,13,134,2.53305947000001,"1"
2056,5,14,135,2.28891515000004,"1"
2056,5,15,136,3.61644989000001,"1"
2056,5,16,137,3.54015479000003,"1"
2056,5,17,138,2.62461359000002,"1"
2056,5,18,139,2.01425279,"1"
2056,5,19,140,4.01318441000001,"1"
2056,5,20,141,3.64696793000002,"1"
2056,5,21,142,1.49544611000005,"1"
2056,5,22,143,0.93086237,"1"
2056,5,23,144,3.81481715000001,"1"
2056,5,24,145,4.04370245000001,"1"
2056,5,25,146,2.27365613000001,"1"
2056,5,26,147,2.45676437000003,"1"
2056,5,27,148,1.51070513000002,"1"
2056,5,28,149,1.25130179000001,"1"
2056,5,29,150,3.06712517,"1"
2056,5,30,151,2.62461359000002,"1"
2056,5,31,152,2.96031203000001,"1"
2057,5,1,121,2.18210200999999,"1"
2057,5,2,122,2.39572829000002,"1"
2057,5,3,123,3.17393831000004,"1"
2057,5,4,124,3.67748597000002,"1"
2057,5,5,125,1.52596414999999,"1"
2057,5,6,126,2.09054789000004,"1"
2057,5,7,127,3.66222695000005,"1"
2057,5,8,128,2.21262005,"1"
2057,5,9,129,2.89927595,"1"
2057,5,10,130,1.32759689,"1"
2057,5,11,131,2.15158397000005,"1"
2057,5,12,132,1.11397061000002,"1"
2057,5,13,133,3.18919733000001,"1"
2057,5,14,134,2.80772182999999,"1"
2057,5,15,135,1.15974767,"1"
2057,5,16,136,3.09764321,"1"
2057,5,17,137,5.11183385000004,"1"
2057,5,18,138,1.84640357000001,"1"
2057,5,19,139,2.74668575000004,"1"
2057,5,20,140,1.38863297,"1"
2057,5,21,141,3.90637127000002,"1"
2057,5,22,142,3.78429911000001,"1"
2057,5,23,143,2.27365613000001,"1"
2057,5,24,144,2.31943319000004,"1"
2057,5,25,145,2.09054789000004,"1"
2057,5,26,146,2.31943319000004,"1"
2057,5,27,147,1.15974767,"1"
2057,5,28,148,1.99899377000003,"1"
2057,5,29,149,2.45676437000003,"1"
2057,5,30,150,2.85349889000003,"1"
2057,5,31,151,2.42624633000003,"1"
2058,5,1,121,4.80665345,"1"
2058,5,2,122,2.31943319000004,"1"
2058,5,3,123,1.81588553,"1"
2058,5,4,124,3.14342027000004,"1"
2058,5,5,125,3.61644989000001,"1"
2058,5,6,126,2.79246281000002,"1"
2058,5,7,127,1.86166259000004,"1"
2058,5,8,128,4.65406325000004,"1"
2058,5,9,129,5.40175522999999,"1"
2058,5,10,130,3.00608909000005,"1"
2058,5,11,131,4.01318441000001,"1"
2058,5,12,132,1.98373475,"1"
2058,5,13,133,2.80772182999999,"1"
2058,5,14,134,1.78536749,"1"
2058,5,15,135,2.77720379000004,"1"
2058,5,16,136,3.21971537000002,"1"
2058,5,17,137,3.54015479000003,"1"
2058,5,18,138,2.39572829000002,"1"
2058,5,19,139,2.51780045000004,"1"
2058,5,20,140,1.66329533000004,"1"
2058,5,21,141,1.60225925000003,"1"
2058,5,22,142,2.89927595,"1"
2058,5,23,143,3.93688931000003,"1"
2058,5,24,144,3.23497439000005,"1"
2058,5,25,145,2.15158397000005,"1"
2058,5,26,146,3.38756459000001,"1"
2058,5,27,147,2.10580691000001,"1"
2058,5,28,148,1.11397061000002,"1"
2058,5,29,149,2.85349889000003,"1"
2058,5,30,150,2.97557105000004,"1"
2058,5,31,151,4.02844343000004,"1"
2059,5,1,121,3.11290223000003,"1"
2059,5,2,122,4.25732873000004,"1"
2059,5,3,123,4.30310579000002,"1"
2059,5,4,124,1.38863297,"1"
2059,5,5,125,1.17500669000003,"1"
2059,5,6,126,3.14342027000004,"1"
2059,5,7,127,2.51780045000004,"1"
2059,5,8,128,3.28075145000003,"1"
2059,5,9,129,3.35704655000001,"1"
2059,5,10,130,2.62461359000002,"1"
2059,5,11,131,1.20552473000004,"1"
2059,5,12,132,1.83114455000003,"1"
2059,5,13,133,3.21971537000002,"1"
2059,5,14,134,1.69381337000004,"1"
2059,5,15,135,2.28891515000004,"1"
2059,5,16,136,1.67855435000001,"1"
2059,5,17,137,1.49544611000005,"1"
2059,5,18,138,2.07528887000001,"1"
2059,5,19,139,1.25130179000001,"1"
2059,5,20,140,2.01425279,"1"
2059,5,21,141,2.41098731,"1"
2059,5,22,142,2.15158397000005,"1"
2059,5,23,143,3.99792539000003,"1"
2059,5,24,144,2.41098731,"1"
2059,5,25,145,2.48728241000003,"1"
2059,5,26,146,0.732495110000002,"1"
2059,5,27,147,2.28891515000004,"1"
2059,5,28,148,2.41098731,"1"
2059,5,29,149,1.29707884999999,"1"
2059,5,30,150,1.34285591000003,"1"
2059,5,31,151,4.30310579000002,"1"
2060,5,1,122,3.60119087000004,"1"
2060,5,2,123,1.69381337000004,"1"
2060,5,3,124,0.869826289999992,"1"
2060,5,4,125,1.64803631000001,"1"
2060,5,5,126,3.08238419000003,"1"
2060,5,6,127,2.56357751000002,"1"
2060,5,7,128,1.57174121000003,"1"
2060,5,8,129,3.34178753000003,"1"
2060,5,9,130,2.79246281000002,"1"
2060,5,10,131,2.85349889000003,"1"
2060,5,11,132,2.30417417000001,"1"
2060,5,12,133,5.27968307000003,"1"
2060,5,13,134,5.46279131,"1"
2060,5,14,135,6.22574231000004,"1"
2060,5,15,136,2.56357751000002,"1"
2060,5,16,137,3.54015479000003,"1"
2060,5,17,138,1.06819355000005,"1"
2060,5,18,139,2.57883653000005,"1"
2060,5,19,140,2.79246281000002,"1"
2060,5,20,141,3.40282361000004,"1"
2060,5,21,142,3.14342027000004,"1"
2060,5,22,143,3.11290223000003,"1"
2060,5,23,144,4.56250913000002,"1"
2060,5,24,145,1.34285591000003,"1"
2060,5,25,146,2.70090869000001,"1"
2060,5,26,147,2.18210200999999,"1"
2060,5,27,148,2.36521025000002,"1"
2060,5,28,149,1.66329533000004,"1"
2060,5,29,150,2.73142673000001,"1"
2060,5,30,151,3.15867929000001,"1"
2060,5,31,152,2.71616771000004,"1"
2061,5,1,121,1.31233787000002,"1"
2061,5,2,122,2.45676437000003,"1"
2061,5,3,123,2.77720379000004,"1"
2061,5,4,124,1.95321670999999,"1"
2061,5,5,125,1.98373475,"1"
2061,5,6,126,2.39572829000002,"1"
2061,5,7,127,1.34285591000003,"1"
2061,5,8,128,2.45676437000003,"1"
2061,5,9,129,3.61644989000001,"1"
2061,5,10,130,2.01425279,"1"
2061,5,11,131,1.57174121000003,"1"
2061,5,12,132,2.24313809,"1"
2061,5,13,133,3.76904009000003,"1"
2061,5,14,134,1.89218063000004,"1"
2061,5,15,135,0.595163930000012,"1"
2061,5,16,136,1.46492807000004,"1"
2061,5,17,137,2.42624633000003,"1"
2061,5,18,138,4.40991893,"1"
2061,5,19,139,2.34995123000004,"1"
2061,5,20,140,0.991898450000008,"1"
2061,5,21,141,2.80772182999999,"1"
2061,5,22,142,1.48018709000002,"1"
2061,5,23,143,2.21262005,"1"
2061,5,24,144,2.33469221000001,"1"
2061,5,25,145,2.56357751000002,"1"
2061,5,26,146,2.82298085000002,"1"
2061,5,27,147,2.21262005,"1"
2061,5,28,148,2.62461359000002,"1"
2061,5,29,149,3.31126949000003,"1"
2061,5,30,150,1.55648219,"1"
2061,5,31,151,1.35811493,"1"
2062,5,1,121,2.57883653000005,"1"
2062,5,2,122,2.12106593000004,"1"
2062,5,3,123,2.28891515000004,"1"
2062,5,4,124,1.64803631000001,"1"
2062,5,5,125,1.34285591000003,"1"
2062,5,6,126,3.00608909000005,"1"
2062,5,7,127,3.83007617000004,"1"
2062,5,8,128,4.02844343000004,"1"
2062,5,9,129,3.81481715000001,"1"
2062,5,10,130,5.53908641000004,"1"
2062,5,11,131,4.65406325000004,"1"
2062,5,12,132,2.67039065,"1"
2062,5,13,133,1.38863297,"1"
2062,5,14,134,3.47911871000002,"1"
2062,5,15,135,2.02951181000003,"1"
2062,5,16,136,3.40282361000004,"1"
2062,5,17,137,2.94505301000004,"1"
2062,5,18,138,1.38863297,"1"
2062,5,19,139,2.12106593000004,"1"
2062,5,20,140,4.69984031000001,"1"
2062,5,21,141,1.67855435000001,"1"
2062,5,22,142,1.25130179000001,"1"
2062,5,23,143,0.93086237,"1"
2062,5,24,144,1.84640357000001,"1"
2062,5,25,145,1.55648219,"1"
2062,5,26,146,2.92979399000001,"1"
2062,5,27,147,1.98373475,"1"
2062,5,28,148,2.22787907000003,"1"
2062,5,29,149,2.19736103000002,"1"
2062,5,30,150,2.06002985000003,"1"
2062,5,31,151,1.81588553,"1"
2063,5,1,121,3.08238419000003,"1"
2063,5,2,122,3.40282361000004,"1"
2063,5,3,123,4.08947951000005,"1"
2063,5,4,124,3.14342027000004,"1"
2063,5,5,125,2.36521025000002,"1"
2063,5,6,126,1.49544611000005,"1"
2063,5,7,127,2.25839711000003,"1"
2063,5,8,128,2.65513163000003,"1"
2063,5,9,129,4.19629265000003,"1"
2063,5,10,130,2.04477083,"1"
2063,5,11,131,2.94505301000004,"1"
2063,5,12,132,2.53305947000001,"1"
2063,5,13,133,2.33469221000001,"1"
2063,5,14,134,1.40389199000003,"1"
2063,5,15,135,3.17393831000004,"1"
2063,5,16,136,2.50254143000001,"1"
2063,5,17,137,2.02951181000003,"1"
2063,5,18,138,1.81588553,"1"
2063,5,19,139,4.07422049000002,"1"
2063,5,20,140,2.48728241000003,"1"
2063,5,21,141,3.38756459000001,"1"
2063,5,22,142,1.14448865000003,"1"
2063,5,23,143,3.79955813000004,"1"
2063,5,24,144,3.61644989000001,"1"
2063,5,25,145,2.54831849000004,"1"
2063,5,26,146,3.25023341000002,"1"
2063,5,27,147,3.54015479000003,"1"
2063,5,28,148,2.86875791,"1"
2063,5,29,149,1.63277729000004,"1"
2063,5,30,150,3.05186615000002,"1"
2063,5,31,151,2.63987261,"1"
2064,5,1,122,1.52596414999999,"1"
2064,5,2,123,2.02951181000003,"1"
2064,5,3,124,1.69381337000004,"1"
2064,5,4,125,2.85349889000003,"1"
2064,5,5,126,3.02134811000002,"1"
2064,5,6,127,2.48728241000003,"1"
2064,5,7,128,2.18210200999999,"1"
2064,5,8,129,4.45569599000004,"1"
2064,5,9,130,1.81588553,"1"
2064,5,10,131,3.99792539000003,"1"
2064,5,11,132,2.68564967000003,"1"
2064,5,12,133,2.70090869000001,"1"
2064,5,13,134,2.30417417000001,"1"
2064,5,14,135,1.38863297,"1"
2064,5,15,136,1.32759689,"1"
2064,5,16,137,2.83823987,"1"
2064,5,17,138,2.12106593000004,"1"
2064,5,18,139,1.83114455000003,"1"
2064,5,19,140,2.85349889000003,"1"
2064,5,20,141,0.79353119000001,"1"
2064,5,21,142,1.67855435000001,"1"
2064,5,22,143,2.02951181000003,"1"
2064,5,23,144,1.81588553,"1"
2064,5,24,145,1.57174121000003,"1"
2064,5,25,146,1.83114455000003,"1"
2064,5,26,147,3.90637127000002,"1"
2064,5,27,148,2.16684299000002,"1"
2064,5,28,149,2.67039065,"1"
2064,5,29,150,3.69274498999999,"1"
2064,5,30,151,2.33469221000001,"1"
2064,5,31,152,1.61751827,"1"
2065,5,1,121,1.93795769000002,"1"
2065,5,2,122,1.57174121000003,"1"
2065,5,3,123,1.89218063000004,"1"
2065,5,4,124,1.38863297,"1"
2065,5,5,125,2.91453497000003,"1"
2065,5,6,126,4.59302717000003,"1"
2065,5,7,127,4.28784677000004,"1"
2065,5,8,128,3.86059421000004,"1"
2065,5,9,129,2.36521025000002,"1"
2065,5,10,130,2.68564967000003,"1"
2065,5,11,131,4.21155167000001,"1"
2065,5,12,132,3.49437773,"1"
2065,5,13,133,2.12106593000004,"1"
2065,5,14,134,1.37337395000003,"1"
2065,5,15,135,1.63277729000004,"1"
2065,5,16,136,2.79246281000002,"1"
2065,5,17,137,2.54831849000004,"1"
2065,5,18,138,2.97557105000004,"1"
2065,5,19,139,2.77720379000004,"1"
2065,5,20,140,1.99899377000003,"1"
2065,5,21,141,3.28075145000003,"1"
2065,5,22,142,2.73142673000001,"1"
2065,5,23,143,2.45676437000003,"1"
2065,5,24,144,2.24313809,"1"
2065,5,25,145,2.12106593000004,"1"
2065,5,26,146,1.06819355000005,"1"
2065,5,27,147,2.57883653000005,"1"
2065,5,28,148,2.79246281000002,"1"
2065,5,29,149,2.73142673000001,"1"
2065,5,30,150,2.21262005,"1"
2065,5,31,151,2.30417417000001,"1"
2066,5,1,121,1.77010847000003,"1"
2066,5,2,122,1.67855435000001,"1"
2066,5,3,123,1.64803631000001,"1"
2066,5,4,124,1.98373475,"1"
2066,5,5,125,2.67039065,"1"
2066,5,6,126,3.21971537000002,"1"
2066,5,7,127,1.26656081000004,"1"
2066,5,8,128,2.10580691000001,"1"
2066,5,9,129,2.99083007000002,"1"
2066,5,10,130,2.33469221000001,"1"
2066,5,11,131,1.05293453000002,"1"
2066,5,12,132,2.16684299000002,"1"
2066,5,13,133,2.27365613000001,"1"
2066,5,14,134,3.87585323000002,"1"
2066,5,15,135,1.22078375000001,"1"
2066,5,16,136,1.25130179000001,"1"
2066,5,17,137,3.54015479000003,"1"
2066,5,18,138,2.30417417000001,"1"
2066,5,19,139,2.76194477000001,"1"
2066,5,20,140,2.53305947000001,"1"
2066,5,21,141,1.83114455000003,"1"
2066,5,22,142,2.13632495000002,"1"
2066,5,23,143,2.21262005,"1"
2066,5,24,144,2.97557105000004,"1"
2066,5,25,145,1.60225925000003,"1"
2066,5,26,146,1.61751827,"1"
2066,5,27,147,2.50254143000001,"1"
2066,5,28,148,3.15867929000001,"1"
2066,5,29,149,3.32652851,"1"
2066,5,30,150,3.17393831000004,"1"
2066,5,31,151,1.83114455000003,"1"
2067,5,1,121,2.02951181000003,"1"
2067,5,2,122,3.03660712999999,"1"
2067,5,3,123,1.67855435000001,"1"
2067,5,4,124,1.25130179000001,"1"
2067,5,5,125,2.04477083,"1"
2067,5,6,126,2.07528887000001,"1"
2067,5,7,127,4.22681069000004,"1"
2067,5,8,128,3.08238419000003,"1"
2067,5,9,129,2.25839711000003,"1"
2067,5,10,130,2.48728241000003,"1"
2067,5,11,131,3.17393831000004,"1"
2067,5,12,132,1.87692161000001,"1"
2067,5,13,133,1.37337395000003,"1"
2067,5,14,134,3.21971537000002,"1"
2067,5,15,135,2.15158397000005,"1"
2067,5,16,136,2.16684299000002,"1"
2067,5,17,137,1.77010847000003,"1"
2067,5,18,138,1.00715747000004,"1"
2067,5,19,139,3.46385968999999,"1"
2067,5,20,140,2.80772182999999,"1"
2067,5,21,141,3.41808263000001,"1"
2067,5,22,142,2.33469221000001,"1"
2067,5,23,143,1.61751827,"1"
2067,5,24,144,2.39572829000002,"1"
2067,5,25,145,1.19026571000001,"1"
2067,5,26,146,2.76194477000001,"1"
2067,5,27,147,4.13525657000002,"1"
2067,5,28,148,1.06819355000005,"1"
2067,5,29,149,3.66222695000005,"1"
2067,5,30,150,2.94505301000004,"1"
2067,5,31,151,2.41098731,"1"
2068,5,1,122,2.28891515000004,"1"
2068,5,2,123,2.80772182999999,"1"
2068,5,3,124,2.36521025000002,"1"
2068,5,4,125,2.04477083,"1"
2068,5,5,126,0.915603350000026,"1"
2068,5,6,127,1.66329533000004,"1"
2068,5,7,128,3.17393831000004,"1"
2068,5,8,129,2.62461359000002,"1"
2068,5,9,130,0.885085310000022,"1"
2068,5,10,131,1.75484944999999,"1"
2068,5,11,132,1.51070513000002,"1"
2068,5,12,133,1.48018709000002,"1"
2068,5,13,134,2.34995123000004,"1"
2068,5,14,135,1.25130179000001,"1"
2068,5,15,136,1.58700023,"1"
2068,5,16,137,3.81481715000001,"1"
2068,5,17,138,4.36414187000003,"1"
2068,5,18,139,1.86166259000004,"1"
2068,5,19,140,1.38863297,"1"
2068,5,20,141,2.25839711000003,"1"
2068,5,21,142,1.52596414999999,"1"
2068,5,22,143,2.31943319000004,"1"
2068,5,23,144,1.44966905000001,"1"
2068,5,24,145,1.52596414999999,"1"
2068,5,25,146,2.70090869000001,"1"
2068,5,26,147,2.19736103000002,"1"
2068,5,27,148,1.92269867000005,"1"
2068,5,28,149,2.83823987,"1"
2068,5,29,150,2.45676437000003,"1"
2068,5,30,151,3.83007617000004,"1"
2068,5,31,152,1.26656081000004,"1"
2069,5,1,121,2.19736103000002,"1"
2069,5,2,122,0.94612139000003,"1"
2069,5,3,123,1.93795769000002,"1"
2069,5,4,124,2.74668575000004,"1"
2069,5,5,125,1.37337395000003,"1"
2069,5,6,126,2.54831849000004,"1"
2069,5,7,127,4.13525657000002,"1"
2069,5,8,128,1.95321670999999,"1"
2069,5,9,129,3.26549243,"1"
2069,5,10,130,1.31233787000002,"1"
2069,5,11,131,2.19736103000002,"1"
2069,5,12,132,3.49437773,"1"
2069,5,13,133,3.06712517,"1"
2069,5,14,134,1.96847573000002,"1"
2069,5,15,135,2.71616771000004,"1"
2069,5,16,136,1.73959043000002,"1"
2069,5,17,137,2.27365613000001,"1"
2069,5,18,138,2.56357751000002,"1"
2069,5,19,139,2.38046926999999,"1"
2069,5,20,140,3.02134811000002,"1"
2069,5,21,141,2.94505301000004,"1"
2069,5,22,142,3.60119087000004,"1"
2069,5,23,143,2.68564967000003,"1"
2069,5,24,144,3.79955813000004,"1"
2069,5,25,145,4.34888285,"1"
2069,5,26,146,2.44150535,"1"
2069,5,27,147,3.23497439000005,"1"
2069,5,28,148,2.45676437000003,"1"
2069,5,29,149,1.41915101000001,"1"
2069,5,30,150,2.77720379000004,"1"
2069,5,31,151,1.64803631000001,"1"
2070,5,1,121,2.76194477000001,"1"
2070,5,2,122,2.59409555000002,"1"
2070,5,3,123,2.51780045000004,"1"
2070,5,4,124,3.95214833,"1"
2070,5,5,125,5.63064052999999,"1"
2070,5,6,126,1.84640357000001,"1"
2070,5,7,127,1.38863297,"1"
2070,5,8,128,3.54015479000003,"1"
2070,5,9,129,2.02951181000003,"1"
2070,5,10,130,1.20552473000004,"1"
2070,5,11,131,1.70907239000002,"1"
2070,5,12,132,3.11290223000003,"1"
2070,5,13,133,1.00715747000004,"1"
2070,5,14,134,1.61751827,"1"
2070,5,15,135,1.02241649000001,"1"
2070,5,16,136,3.79955813000004,"1"
2070,5,17,137,3.35704655000001,"1"
2070,5,18,138,2.65513163000003,"1"
2070,5,19,139,3.03660712999999,"1"
2070,5,20,140,2.28891515000004,"1"
2070,5,21,141,2.74668575000004,"1"
2070,5,22,142,1.60225925000003,"1"
2070,5,23,143,3.93688931000003,"1"
2070,5,24,144,2.67039065,"1"
2070,5,25,145,0.640940990000047,"1"
2070,5,26,146,1.46492807000004,"1"
2070,5,27,147,2.28891515000004,"1"
2070,5,28,148,1.26656081000004,"1"
2070,5,29,149,2.34995123000004,"1"
2070,5,30,150,2.71616771000004,"1"
2070,5,31,151,2.70090869000001,"1"
2071,5,1,121,2.12106593000004,"1"
2071,5,2,122,1.25130179000001,"1"
2071,5,3,123,1.69381337000004,"1"
2071,5,4,124,3.84533519000001,"1"
2071,5,5,125,3.67748597000002,"1"
2071,5,6,126,0.991898450000008,"1"
2071,5,7,127,2.51780045000004,"1"
2071,5,8,128,4.25732873000004,"1"
2071,5,9,129,3.89111224999999,"1"
2071,5,10,130,1.75484944999999,"1"
2071,5,11,131,3.02134811000002,"1"
2071,5,12,132,2.41098731,"1"
2071,5,13,133,2.39572829000002,"1"
2071,5,14,134,3.26549243,"1"
2071,5,15,135,2.13632495000002,"1"
2071,5,16,136,2.65513163000003,"1"
2071,5,17,137,1.64803631000001,"1"
2071,5,18,138,2.56357751000002,"1"
2071,5,19,139,3.02134811000002,"1"
2071,5,20,140,3.21971537000002,"1"
2071,5,21,141,2.80772182999999,"1"
2071,5,22,142,1.96847573000002,"1"
2071,5,23,143,2.63987261,"1"
2071,5,24,144,2.06002985000003,"1"
2071,5,25,145,2.65513163000003,"1"
2071,5,26,146,3.03660712999999,"1"
2071,5,27,147,3.12816125,"1"
2071,5,28,148,1.77010847000003,"1"
2071,5,29,149,1.72433141000005,"1"
2071,5,30,150,3.49437773,"1"
2071,5,31,151,2.22787907000003,"1"
2072,5,1,122,2.71616771000004,"1"
2072,5,2,123,3.15867929000001,"1"
2072,5,3,124,1.46492807000004,"1"
2072,5,4,125,3.43334165000005,"1"
2072,5,5,126,3.20445635000004,"1"
2072,5,6,127,2.42624633000003,"1"
2072,5,7,128,3.49437773,"1"
2072,5,8,129,2.68564967000003,"1"
2072,5,9,130,1.69381337000004,"1"
2072,5,10,131,2.94505301000004,"1"
2072,5,11,132,2.77720379000004,"1"
2072,5,12,133,3.98266637,"1"
2072,5,13,134,2.42624633000003,"1"
2072,5,14,135,1.32759689,"1"
2072,5,15,136,1.64803631000001,"1"
2072,5,16,137,1.37337395000003,"1"
2072,5,17,138,2.36521025000002,"1"
2072,5,18,139,2.45676437000003,"1"
2072,5,19,140,3.21971537000002,"1"
2072,5,20,141,3.99792539000003,"1"
2072,5,21,142,3.20445635000004,"1"
2072,5,22,143,2.92979399000001,"1"
2072,5,23,144,2.02951181000003,"1"
2072,5,24,145,3.47911871000002,"1"
2072,5,25,146,4.24206971000001,"1"
2072,5,26,147,2.67039065,"1"
2072,5,27,148,2.25839711000003,"1"
2072,5,28,149,3.98266637,"1"
2072,5,29,150,2.09054789000004,"1"
2072,5,30,151,3.47911871000002,"1"
2072,5,31,152,1.51070513000002,"1"
2073,5,1,121,3.76904009000003,"1"
2073,5,2,122,2.45676437000003,"1"
2073,5,3,123,2.33469221000001,"1"
2073,5,4,124,2.83823987,"1"
2073,5,5,125,1.63277729000004,"1"
2073,5,6,126,1.26656081000004,"1"
2073,5,7,127,3.08238419000003,"1"
2073,5,8,128,3.73852205000003,"1"
2073,5,9,129,2.28891515000004,"1"
2073,5,10,130,1.12922963,"1"
2073,5,11,131,2.34995123000004,"1"
2073,5,12,132,2.53305947000001,"1"
2073,5,13,133,2.06002985000003,"1"
2073,5,14,134,0.778272170000037,"1"
2073,5,15,135,2.34995123000004,"1"
2073,5,16,136,2.74668575000004,"1"
2073,5,17,137,2.59409555000002,"1"
2073,5,18,138,1.12922963,"1"
2073,5,19,139,2.77720379000004,"1"
2073,5,20,140,3.00608909000005,"1"
2073,5,21,141,2.79246281000002,"1"
2073,5,22,142,2.71616771000004,"1"
2073,5,23,143,3.43334165000005,"1"
2073,5,24,144,2.30417417000001,"1"
2073,5,25,145,1.86166259000004,"1"
2073,5,26,146,3.60119087000004,"1"
2073,5,27,147,1.46492807000004,"1"
2073,5,28,148,0.50360981,"1"
2073,5,29,149,3.43334165000005,"1"
2073,5,30,150,2.54831849000004,"1"
2073,5,31,151,2.12106593000004,"1"
2074,5,1,121,1.19026571000001,"1"
2074,5,2,122,3.21971537000002,"1"
2074,5,3,123,1.08345257000002,"1"
2074,5,4,124,2.97557105000004,"1"
2074,5,5,125,3.31126949000003,"1"
2074,5,6,126,1.05293453000002,"1"
2074,5,7,127,2.89927595,"1"
2074,5,8,128,2.50254143000001,"1"
2074,5,9,129,1.29707884999999,"1"
2074,5,10,130,1.92269867000005,"1"
2074,5,11,131,1.19026571000001,"1"
2074,5,12,132,2.27365613000001,"1"
2074,5,13,133,2.97557105000004,"1"
2074,5,14,134,1.64803631000001,"1"
2074,5,15,135,1.98373475,"1"
2074,5,16,136,1.28181983000002,"1"
2074,5,17,137,2.83823987,"1"
2074,5,18,138,2.71616771000004,"1"
2074,5,19,139,2.85349889000003,"1"
2074,5,20,140,2.36521025000002,"1"
2074,5,21,141,2.42624633000003,"1"
2074,5,22,142,2.30417417000001,"1"
2074,5,23,143,1.03767551000004,"1"
2074,5,24,144,1.81588553,"1"
2074,5,25,145,2.15158397000005,"1"
2074,5,26,146,2.01425279,"1"
2074,5,27,147,3.05186615000002,"1"
2074,5,28,148,3.98266637,"1"
2074,5,29,149,6.54618173,"1"
2074,5,30,150,3.09764321,"1"
2074,5,31,151,2.62461359000002,"1"
2075,5,1,121,2.89927595,"1"
2075,5,2,122,3.57067283000003,"1"
2075,5,3,123,4.21155167000001,"1"
2075,5,4,124,2.01425279,"1"
2075,5,5,125,1.87692161000001,"1"
2075,5,6,126,2.50254143000001,"1"
2075,5,7,127,2.28891515000004,"1"
2075,5,8,128,1.98373475,"1"
2075,5,9,129,3.08238419000003,"1"
2075,5,10,130,3.81481715000001,"1"
2075,5,11,131,3.79955813000004,"1"
2075,5,12,132,1.28181983000002,"1"
2075,5,13,133,1.20552473000004,"1"
2075,5,14,134,4.69984031000001,"1"
2075,5,15,135,2.10580691000001,"1"
2075,5,16,136,2.13632495000002,"1"
2075,5,17,137,1.63277729000004,"1"
2075,5,18,138,3.67748597000002,"1"
2075,5,19,139,4.95924365000002,"1"
2075,5,20,140,2.44150535,"1"
2075,5,21,141,2.65513163000003,"1"
2075,5,22,142,2.24313809,"1"
2075,5,23,143,2.47202339,"1"
2075,5,24,144,2.12106593000004,"1"
2075,5,25,145,2.36521025000002,"1"
2075,5,26,146,3.23497439000005,"1"
2075,5,27,147,0.900344329999996,"1"
2075,5,28,148,0.839308250000045,"1"
2075,5,29,149,3.09764321,"1"
2075,5,30,150,2.68564967000003,"1"
2075,5,31,151,2.99083007000002,"1"
2076,5,1,122,1.49544611000005,"1"
2076,5,2,123,1.77010847000003,"1"
2076,5,3,124,3.54015479000003,"1"
2076,5,4,125,1.26656081000004,"1"
2076,5,5,126,2.21262005,"1"
2076,5,6,127,2.57883653000005,"1"
2076,5,7,128,2.85349889000003,"1"
2076,5,8,129,1.25130179000001,"1"
2076,5,9,130,1.83114455000003,"1"
2076,5,10,131,5.38649621000002,"1"
2076,5,11,132,3.96740735000003,"1"
2076,5,12,133,2.24313809,"1"
2076,5,13,134,2.06002985000003,"1"
2076,5,14,135,2.56357751000002,"1"
2076,5,15,136,3.78429911000001,"1"
2076,5,16,137,1.83114455000003,"1"
2076,5,17,138,2.38046926999999,"1"
2076,5,18,139,3.90637127000002,"1"
2076,5,19,140,3.21971537000002,"1"
2076,5,20,141,4.66932227000001,"1"
2076,5,21,142,3.49437773,"1"
2076,5,22,143,2.15158397000005,"1"
2076,5,23,144,2.56357751000002,"1"
2076,5,24,145,2.99083007000002,"1"
2076,5,25,146,3.98266637,"1"
2076,5,26,147,3.83007617000004,"1"
2076,5,27,148,1.22078375000001,"1"
2076,5,28,149,1.23604277000004,"1"
2076,5,29,150,3.46385968999999,"1"
2076,5,30,151,2.88401693000003,"1"
2076,5,31,152,1.48018709000002,"1"
2077,5,1,121,1.61751827,"1"
2077,5,2,122,2.53305947000001,"1"
2077,5,3,123,2.70090869000001,"1"
2077,5,4,124,1.05293453000002,"1"
2077,5,5,125,3.09764321,"1"
2077,5,6,126,2.60935456999999,"1"
2077,5,7,127,2.21262005,"1"
2077,5,8,128,2.02951181000003,"1"
2077,5,9,129,1.26656081000004,"1"
2077,5,10,130,1.99899377000003,"1"
2077,5,11,131,2.30417417000001,"1"
2077,5,12,132,3.06712517,"1"
2077,5,13,133,4.13525657000002,"1"
2077,5,14,134,3.15867929000001,"1"
2077,5,15,135,2.80772182999999,"1"
2077,5,16,136,3.76904009000003,"1"
2077,5,17,137,3.06712517,"1"
2077,5,18,138,3.17393831000004,"1"
2077,5,19,139,0.518868830000031,"1"
2077,5,20,140,1.95321670999999,"1"
2077,5,21,141,3.96740735000003,"1"
2077,5,22,142,2.77720379000004,"1"
2077,5,23,143,3.28075145000003,"1"
2077,5,24,144,2.97557105000004,"1"
2077,5,25,145,3.20445635000004,"1"
2077,5,26,146,3.05186615000002,"1"
2077,5,27,147,1.69381337000004,"1"
2077,5,28,148,2.10580691000001,"1"
2077,5,29,149,2.59409555000002,"1"
2077,5,30,150,2.28891515000004,"1"
2077,5,31,151,2.21262005,"1"
2078,5,1,121,1.28181983000002,"1"
2078,5,2,122,1.69381337000004,"1"
2078,5,3,123,2.31943319000004,"1"
2078,5,4,124,3.84533519000001,"1"
2078,5,5,125,2.06002985000003,"1"
2078,5,6,126,3.34178753000003,"1"
2078,5,7,127,1.25130179000001,"1"
2078,5,8,128,3.32652851,"1"
2078,5,9,129,2.02951181000003,"1"
2078,5,10,130,1.28181983000002,"1"
2078,5,11,131,2.47202339,"1"
2078,5,12,132,1.87692161000001,"1"
2078,5,13,133,3.41808263000001,"1"
2078,5,14,134,3.75378107,"1"
2078,5,15,135,1.98373475,"1"
2078,5,16,136,1.84640357000001,"1"
2078,5,17,137,5.34071915000004,"1"
2078,5,18,138,3.78429911000001,"1"
2078,5,19,139,2.36521025000002,"1"
2078,5,20,140,2.41098731,"1"
2078,5,21,141,2.47202339,"1"
2078,5,22,142,1.29707884999999,"1"
2078,5,23,143,2.25839711000003,"1"
2078,5,24,144,3.60119087000004,"1"
2078,5,25,145,1.29707884999999,"1"
2078,5,26,146,3.38756459000001,"1"
2078,5,27,147,3.17393831000004,"1"
2078,5,28,148,2.12106593000004,"1"
2078,5,29,149,3.26549243,"1"
2078,5,30,150,2.22787907000003,"1"
2078,5,31,151,3.75378107,"1"
2079,5,1,121,2.51780045000004,"1"
2079,5,2,122,2.96031203000001,"1"
2079,5,3,123,3.37230557000004,"1"
2079,5,4,124,2.83823987,"1"
2079,5,5,125,3.12816125,"1"
2079,5,6,126,1.86166259000004,"1"
2079,5,7,127,1.14448865000003,"1"
2079,5,8,128,1.96847573000002,"1"
2079,5,9,129,3.02134811000002,"1"
2079,5,10,130,4.27258775000001,"1"
2079,5,11,131,2.07528887000001,"1"
2079,5,12,132,0.976639430000034,"1"
2079,5,13,133,0.65620001000002,"1"
2079,5,14,134,3.37230557000004,"1"
2079,5,15,135,3.83007617000004,"1"
2079,5,16,136,1.61751827,"1"
2079,5,17,137,1.49544611000005,"1"
2079,5,18,138,1.66329533000004,"1"
2079,5,19,139,1.12922963,"1"
2079,5,20,140,0.976639430000034,"1"
2079,5,21,141,2.63987261,"1"
2079,5,22,142,4.74561736999999,"1"
2079,5,23,143,3.09764321,"1"
2079,5,24,144,1.40389199000003,"1"
2079,5,25,145,2.88401693000003,"1"
2079,5,26,146,2.04477083,"1"
2079,5,27,147,1.19026571000001,"1"
2079,5,28,148,1.41915101000001,"1"
2079,5,29,149,2.48728241000003,"1"
2079,5,30,150,2.41098731,"1"
2079,5,31,151,1.72433141000005,"1"
2080,5,1,122,2.36521025000002,"1"
2080,5,2,123,2.13632495000002,"1"
2080,5,3,124,4.21155167000001,"1"
2080,5,4,125,2.62461359000002,"1"
2080,5,5,126,1.61751827,"1"
2080,5,6,127,3.29601047,"1"
2080,5,7,128,2.34995123000004,"1"
2080,5,8,129,2.25839711000003,"1"
2080,5,9,130,2.56357751000002,"1"
2080,5,10,131,2.79246281000002,"1"
2080,5,11,132,2.80772182999999,"1"
2080,5,12,133,2.85349889000003,"1"
2080,5,13,134,2.19736103000002,"1"
2080,5,14,135,2.39572829000002,"1"
2080,5,15,136,2.63987261,"1"
2080,5,16,137,4.05896147000004,"1"
2080,5,17,138,2.71616771000004,"1"
2080,5,18,139,2.25839711000003,"1"
2080,5,19,140,1.87692161000001,"1"
2080,5,20,141,3.73852205000003,"1"
2080,5,21,142,2.04477083,"1"
2080,5,22,143,2.28891515000004,"1"
2080,5,23,144,3.21971537000002,"1"
2080,5,24,145,2.65513163000003,"1"
2080,5,25,146,2.34995123000004,"1"
2080,5,26,147,2.47202339,"1"
2080,5,27,148,1.23604277000004,"1"
2080,5,28,149,3.52489577,"1"
2080,5,29,150,3.15867929000001,"1"
2080,5,30,151,1.87692161000001,"1"
2080,5,31,152,2.30417417000001,"1"
2081,5,1,121,3.21971537000002,"1"
2081,5,2,122,1.28181983000002,"1"
2081,5,3,123,2.04477083,"1"
2081,5,4,124,1.66329533000004,"1"
2081,5,5,125,1.63277729000004,"1"
2081,5,6,126,1.60225925000003,"1"
2081,5,7,127,4.47095501000001,"1"
2081,5,8,128,3.17393831000004,"1"
2081,5,9,129,2.42624633000003,"1"
2081,5,10,130,2.09054789000004,"1"
2081,5,11,131,3.37230557000004,"1"
2081,5,12,132,2.51780045000004,"1"
2081,5,13,133,2.28891515000004,"1"
2081,5,14,134,3.75378107,"1"
2081,5,15,135,3.08238419000003,"1"
2081,5,16,136,3.29601047,"1"
2081,5,17,137,1.52596414999999,"1"
2081,5,18,138,1.60225925000003,"1"
2081,5,19,139,2.57883653000005,"1"
2081,5,20,140,1.22078375000001,"1"
2081,5,21,141,1.89218063000004,"1"
2081,5,22,142,3.41808263000001,"1"
2081,5,23,143,3.50963675000003,"1"
2081,5,24,144,3.21971537000002,"1"
2081,5,25,145,2.91453497000003,"1"
2081,5,26,146,1.70907239000002,"1"
2081,5,27,147,2.36521025000002,"1"
2081,5,28,148,3.73852205000003,"1"
2081,5,29,149,2.77720379000004,"1"
2081,5,30,150,3.92163029,"1"
2081,5,31,151,1.60225925000003,"1"
2082,5,1,121,2.25839711000003,"1"
2082,5,2,122,1.73959043000002,"1"
2082,5,3,123,4.59302717000003,"1"
2082,5,4,124,2.71616771000004,"1"
2082,5,5,125,2.33469221000001,"1"
2082,5,6,126,4.07422049000002,"1"
2082,5,7,127,3.57067283000003,"1"
2082,5,8,128,2.86875791,"1"
2082,5,9,129,4.25732873000004,"1"
2082,5,10,130,3.57067283000003,"1"
2082,5,11,131,1.51070513000002,"1"
2082,5,12,132,3.84533519000001,"1"
2082,5,13,133,2.73142673000001,"1"
2082,5,14,134,2.28891515000004,"1"
2082,5,15,135,2.06002985000003,"1"
2082,5,16,136,2.30417417000001,"1"
2082,5,17,137,2.44150535,"1"
2082,5,18,138,2.47202339,"1"
2082,5,19,139,3.08238419000003,"1"
2082,5,20,140,1.57174121000003,"1"
2082,5,21,141,2.99083007000002,"1"
2082,5,22,142,2.88401693000003,"1"
2082,5,23,143,2.47202339,"1"
2082,5,24,144,2.56357751000002,"1"
2082,5,25,145,3.86059421000004,"1"
2082,5,26,146,2.67039065,"1"
2082,5,27,147,3.63170891000004,"1"
2082,5,28,148,4.10473853000002,"1"
2082,5,29,149,3.47911871000002,"1"
2082,5,30,150,1.64803631000001,"1"
2082,5,31,151,3.23497439000005,"1"
2083,5,1,121,3.93688931000003,"1"
2083,5,2,122,3.60119087000004,"1"
2083,5,3,123,2.22787907000003,"1"
2083,5,4,124,1.12922963,"1"
2083,5,5,125,2.24313809,"1"
2083,5,6,126,2.18210200999999,"1"
2083,5,7,127,2.74668575000004,"1"
2083,5,8,128,2.53305947000001,"1"
2083,5,9,129,4.62354521000003,"1"
2083,5,10,130,4.13525657000002,"1"
2083,5,11,131,2.96031203000001,"1"
2083,5,12,132,5.47805033000003,"1"
2083,5,13,133,2.71616771000004,"1"
2083,5,14,134,3.02134811000002,"1"
2083,5,15,135,2.45676437000003,"1"
2083,5,16,136,3.52489577,"1"
2083,5,17,137,2.02951181000003,"1"
2083,5,18,138,1.87692161000001,"1"
2083,5,19,139,3.70800401000002,"1"
2083,5,20,140,2.50254143000001,"1"
2083,5,21,141,2.09054789000004,"1"
2083,5,22,142,1.80062651000003,"1"
2083,5,23,143,2.02951181000003,"1"
2083,5,24,144,0.93086237,"1"
2083,5,25,145,1.55648219,"1"
2083,5,26,146,2.44150535,"1"
2083,5,27,147,2.85349889000003,"1"
2083,5,28,148,3.37230557000004,"1"
2083,5,29,149,2.09054789000004,"1"
2083,5,30,150,2.28891515000004,"1"
2083,5,31,151,2.96031203000001,"1"
2084,5,1,122,2.48728241000003,"1"
2084,5,2,123,1.48018709000002,"1"
2084,5,3,124,1.02241649000001,"1"
2084,5,4,125,2.16684299000002,"1"
2084,5,5,126,2.25839711000003,"1"
2084,5,6,127,2.45676437000003,"1"
2084,5,7,128,3.86059421000004,"1"
2084,5,8,129,3.44860067000002,"1"
2084,5,9,130,3.40282361000004,"1"
2084,5,10,131,2.10580691000001,"1"
2084,5,11,132,2.27365613000001,"1"
2084,5,12,133,1.03767551000004,"1"
2084,5,13,134,3.89111224999999,"1"
2084,5,14,135,2.67039065,"1"
2084,5,15,136,0.885085310000022,"1"
2084,5,16,137,1.84640357000001,"1"
2084,5,17,138,2.82298085000002,"1"
2084,5,18,139,2.88401693000003,"1"
2084,5,19,140,2.47202339,"1"
2084,5,20,141,2.67039065,"1"
2084,5,21,142,2.36521025000002,"1"
2084,5,22,143,2.28891515000004,"1"
2084,5,23,144,0.732495110000002,"1"
2084,5,24,145,3.08238419000003,"1"
2084,5,25,146,4.22681069000004,"1"
2084,5,26,147,2.27365613000001,"1"
2084,5,27,148,2.80772182999999,"1"
2084,5,28,149,0.534127850000004,"1"
2084,5,29,150,1.48018709000002,"1"
2084,5,30,151,3.54015479000003,"1"
2084,5,31,152,4.40991893,"1"
2085,5,1,121,4.59302717000003,"1"
2085,5,2,122,3.29601047,"1"
2085,5,3,123,4.48621403000004,"1"
2085,5,4,124,1.40389199000003,"1"
2085,5,5,125,2.44150535,"1"
2085,5,6,126,2.45676437000003,"1"
2085,5,7,127,2.56357751000002,"1"
2085,5,8,128,3.43334165000005,"1"
2085,5,9,129,2.76194477000001,"1"
2085,5,10,130,2.91453497000003,"1"
2085,5,11,131,1.20552473000004,"1"
2085,5,12,132,1.63277729000004,"1"
2085,5,13,133,4.27258775000001,"1"
2085,5,14,134,5.37123719000004,"1"
2085,5,15,135,2.76194477000001,"1"
2085,5,16,136,1.44966905000001,"1"
2085,5,17,137,1.96847573000002,"1"
2085,5,18,138,3.31126949000003,"1"
2085,5,19,139,2.22787907000003,"1"
2085,5,20,140,2.99083007000002,"1"
2085,5,21,141,2.41098731,"1"
2085,5,22,142,2.82298085000002,"1"
2085,5,23,143,2.96031203000001,"1"
2085,5,24,144,5.06605679,"1"
2085,5,25,145,2.02951181000003,"1"
2085,5,26,146,4.15051559,"1"
2085,5,27,147,3.49437773,"1"
2085,5,28,148,2.22787907000003,"1"
2085,5,29,149,3.99792539000003,"1"
2085,5,30,150,2.54831849000004,"1"
2085,5,31,151,3.21971537000002,"1"
2086,5,1,121,2.51780045000004,"1"
2086,5,2,122,2.19736103000002,"1"
2086,5,3,123,2.34995123000004,"1"
2086,5,4,124,1.95321670999999,"1"
2086,5,5,125,1.44966905000001,"1"
2086,5,6,126,2.22787907000003,"1"
2086,5,7,127,4.71509933000004,"1"
2086,5,8,128,3.76904009000003,"1"
2086,5,9,129,1.09871158999999,"1"
2086,5,10,130,0.93086237,"1"
2086,5,11,131,2.76194477000001,"1"
2086,5,12,132,2.54831849000004,"1"
2086,5,13,133,3.29601047,"1"
2086,5,14,134,5.02027973000003,"1"
2086,5,15,135,3.84533519000001,"1"
2086,5,16,136,2.13632495000002,"1"
2086,5,17,137,1.54122317000002,"1"
2086,5,18,138,1.41915101000001,"1"
2086,5,19,139,2.21262005,"1"
2086,5,20,140,3.35704655000001,"1"
2086,5,21,141,2.06002985000003,"1"
2086,5,22,142,1.96847573000002,"1"
2086,5,23,143,2.63987261,"1"
2086,5,24,144,3.81481715000001,"1"
2086,5,25,145,3.40282361000004,"1"
2086,5,26,146,1.78536749,"1"
2086,5,27,147,2.04477083,"1"
2086,5,28,148,1.78536749,"1"
2086,5,29,149,2.01425279,"1"
2086,5,30,150,4.34888285,"1"
2086,5,31,151,2.96031203000001,"1"
2087,5,1,121,1.64803631000001,"1"
2087,5,2,122,3.37230557000004,"1"
2087,5,3,123,2.88401693000003,"1"
2087,5,4,124,3.43334165000005,"1"
2087,5,5,125,1.48018709000002,"1"
2087,5,6,126,3.46385968999999,"1"
2087,5,7,127,1.78536749,"1"
2087,5,8,128,5.11183385000004,"1"
2087,5,9,129,3.96740735000003,"1"
2087,5,10,130,5.46279131,"1"
2087,5,11,131,2.10580691000001,"1"
2087,5,12,132,2.33469221000001,"1"
2087,5,13,133,4.77613541,"1"
2087,5,14,134,2.16684299000002,"1"
2087,5,15,135,5.05079777000003,"1"
2087,5,16,136,2.68564967000003,"1"
2087,5,17,137,5.52382739000001,"1"
2087,5,18,138,3.50963675000003,"1"
2087,5,19,139,3.14342027000004,"1"
2087,5,20,140,3.15867929000001,"1"
2087,5,21,141,1.44966905000001,"1"
2087,5,22,142,1.52596414999999,"1"
2087,5,23,143,1.67855435000001,"1"
2087,5,24,144,2.94505301000004,"1"
2087,5,25,145,3.96740735000003,"1"
2087,5,26,146,2.86875791,"1"
2087,5,27,147,1.72433141000005,"1"
2087,5,28,148,2.88401693000003,"1"
2087,5,29,149,2.48728241000003,"1"
2087,5,30,150,3.29601047,"1"
2087,5,31,151,4.63880423,"1"
2088,5,1,122,2.89927595,"1"
2088,5,2,123,4.39465991000003,"1"
2088,5,3,124,2.67039065,"1"
2088,5,4,125,2.06002985000003,"1"
2088,5,5,126,1.05293453000002,"1"
2088,5,6,127,1.81588553,"1"
2088,5,7,128,1.92269867000005,"1"
2088,5,8,129,0.732495110000002,"1"
2088,5,9,130,1.03767551000004,"1"
2088,5,10,131,2.96031203000001,"1"
2088,5,11,132,2.91453497000003,"1"
2088,5,12,133,3.31126949000003,"1"
2088,5,13,134,2.83823987,"1"
2088,5,14,135,3.72326303,"1"
2088,5,15,136,2.50254143000001,"1"
2088,5,16,137,1.90743965000001,"1"
2088,5,17,138,1.72433141000005,"1"
2088,5,18,139,1.99899377000003,"1"
2088,5,19,140,4.16577461000003,"1"
2088,5,20,141,3.58593185000001,"1"
2088,5,21,142,2.02951181000003,"1"
2088,5,22,143,2.45676437000003,"1"
2088,5,23,144,2.56357751000002,"1"
2088,5,24,145,1.72433141000005,"1"
2088,5,25,146,0.549386870000035,"1"
2088,5,26,147,1.83114455000003,"1"
2088,5,27,148,1.92269867000005,"1"
2088,5,28,149,1.43441003000004,"1"
2088,5,29,150,1.87692161000001,"1"
2088,5,30,151,1.23604277000004,"1"
2088,5,31,152,3.21971537000002,"1"
2089,5,1,121,2.10580691000001,"1"
2089,5,2,122,4.07422049000002,"1"
2089,5,3,123,3.03660712999999,"1"
2089,5,4,124,1.54122317000002,"1"
2089,5,5,125,1.61751827,"1"
2089,5,6,126,3.14342027000004,"1"
2089,5,7,127,5.43227327,"1"
2089,5,8,128,4.73035835000002,"1"
2089,5,9,129,1.46492807000004,"1"
2089,5,10,130,3.67748597000002,"1"
2089,5,11,131,1.11397061000002,"1"
2089,5,12,132,3.02134811000002,"1"
2089,5,13,133,3.49437773,"1"
2089,5,14,134,3.47911871000002,"1"
2089,5,15,135,2.19736103000002,"1"
2089,5,16,136,2.30417417000001,"1"
2089,5,17,137,3.17393831000004,"1"
2089,5,18,138,2.38046926999999,"1"
2089,5,19,139,3.37230557000004,"1"
2089,5,20,140,3.79955813000004,"1"
2089,5,21,141,2.89927595,"1"
2089,5,22,142,1.70907239000002,"1"
2089,5,23,143,2.79246281000002,"1"
2089,5,24,144,3.55541381,"1"
2089,5,25,145,4.94398463000005,"1"
2089,5,26,146,1.52596414999999,"1"
2089,5,27,147,3.14342027000004,"1"
2089,5,28,148,3.11290223000003,"1"
2089,5,29,149,1.84640357000001,"1"
2089,5,30,150,4.07422049000002,"1"
2089,5,31,151,2.48728241000003,"1"
2090,5,1,121,2.68564967000003,"1"
2090,5,2,122,2.85349889000003,"1"
2090,5,3,123,3.21971537000002,"1"
2090,5,4,124,2.79246281000002,"1"
2090,5,5,125,3.84533519000001,"1"
2090,5,6,126,2.71616771000004,"1"
2090,5,7,127,2.39572829000002,"1"
2090,5,8,128,1.12922963,"1"
2090,5,9,129,1.99899377000003,"1"
2090,5,10,130,1.60225925000003,"1"
2090,5,11,131,1.84640357000001,"1"
2090,5,12,132,1.28181983000002,"1"
2090,5,13,133,1.57174121000003,"1"
2090,5,14,134,2.60935456999999,"1"
2090,5,15,135,2.25839711000003,"1"
2090,5,16,136,2.73142673000001,"1"
2090,5,17,137,1.11397061000002,"1"
2090,5,18,138,1.89218063000004,"1"
2090,5,19,139,1.99899377000003,"1"
2090,5,20,140,2.74668575000004,"1"
2090,5,21,141,2.28891515000004,"1"
2090,5,22,142,1.72433141000005,"1"
2090,5,23,143,1.51070513000002,"1"
2090,5,24,144,2.21262005,"1"
2090,5,25,145,2.67039065,"1"
2090,5,26,146,4.89820757000001,"1"
2090,5,27,147,1.87692161000001,"1"
2090,5,28,148,4.45569599000004,"1"
2090,5,29,149,2.34995123000004,"1"
2090,5,30,150,1.78536749,"1"
2090,5,31,151,1.58700023,"1"
2091,5,1,121,3.25023341000002,"1"
2091,5,2,122,2.01425279,"1"
2091,5,3,123,3.67748597000002,"1"
2091,5,4,124,0.778272170000037,"1"
2091,5,5,125,1.48018709000002,"1"
2091,5,6,126,1.48018709000002,"1"
2091,5,7,127,1.52596414999999,"1"
2091,5,8,128,3.03660712999999,"1"
2091,5,9,129,3.37230557000004,"1"
2091,5,10,130,2.02951181000003,"1"
2091,5,11,131,2.59409555000002,"1"
2091,5,12,132,4.22681069000004,"1"
2091,5,13,133,4.36414187000003,"1"
2091,5,14,134,5.84426681000002,"1"
2091,5,15,135,3.72326303,"1"
2091,5,16,136,3.11290223000003,"1"
2091,5,17,137,4.08947951000005,"1"
2091,5,18,138,4.44043697000001,"1"
2091,5,19,139,4.02844343000004,"1"
2091,5,20,140,2.27365613000001,"1"
2091,5,21,141,0.976639430000034,"1"
2091,5,22,142,2.67039065,"1"
2091,5,23,143,3.79955813000004,"1"
2091,5,24,144,4.05896147000004,"1"
2091,5,25,145,2.28891515000004,"1"
2091,5,26,146,2.80772182999999,"1"
2091,5,27,147,4.44043697000001,"1"
2091,5,28,148,2.04477083,"1"
2091,5,29,149,3.55541381,"1"
2091,5,30,150,4.30310579000002,"1"
2091,5,31,151,2.39572829000002,"1"
2092,5,1,122,1.77010847000003,"1"
2092,5,2,123,2.53305947000001,"1"
2092,5,3,124,3.81481715000001,"1"
2092,5,4,125,4.31836480999999,"1"
2092,5,5,126,2.30417417000001,"1"
2092,5,6,127,0.717236090000029,"1"
2092,5,7,128,3.43334165000005,"1"
2092,5,8,129,3.17393831000004,"1"
2092,5,9,130,2.36521025000002,"1"
2092,5,10,131,2.74668575000004,"1"
2092,5,11,132,3.35704655000001,"1"
2092,5,12,133,1.57174121000003,"1"
2092,5,13,134,1.61751827,"1"
2092,5,14,135,2.88401693000003,"1"
2092,5,15,136,4.97450266999999,"1"
2092,5,16,137,3.73852205000003,"1"
2092,5,17,138,3.66222695000005,"1"
2092,5,18,139,1.99899377000003,"1"
2092,5,19,140,2.07528887000001,"1"
2092,5,20,141,2.88401693000003,"1"
2092,5,21,142,2.39572829000002,"1"
2092,5,22,143,2.77720379000004,"1"
2092,5,23,144,2.27365613000001,"1"
2092,5,24,145,5.72219465000001,"1"
2092,5,25,146,3.25023341000002,"1"
2092,5,26,147,2.56357751000002,"1"
2092,5,27,148,2.62461359000002,"1"
2092,5,28,149,1.84640357000001,"1"
2092,5,29,150,2.27365613000001,"1"
2092,5,30,151,1.35811493,"1"
2092,5,31,152,3.37230557000004,"1"
2093,5,1,121,4.39465991000003,"1"
2093,5,2,122,3.96740735000003,"1"
2093,5,3,123,3.52489577,"1"
2093,5,4,124,2.96031203000001,"1"
2093,5,5,125,2.19736103000002,"1"
2093,5,6,126,2.24313809,"1"
2093,5,7,127,2.88401693000003,"1"
2093,5,8,128,3.96740735000003,"1"
2093,5,9,129,5.89004387,"1"
2093,5,10,130,3.41808263000001,"1"
2093,5,11,131,3.02134811000002,"1"
2093,5,12,132,2.33469221000001,"1"
2093,5,13,133,4.86768953000001,"1"
2093,5,14,134,4.91346659000004,"1"
2093,5,15,135,3.12816125,"1"
2093,5,16,136,2.02951181000003,"1"
2093,5,17,137,3.05186615000002,"1"
2093,5,18,138,2.31943319000004,"1"
2093,5,19,139,1.64803631000001,"1"
2093,5,20,140,2.02951181000003,"1"
2093,5,21,141,4.47095501000001,"1"
2093,5,22,142,2.16684299000002,"1"
2093,5,23,143,2.54831849000004,"1"
2093,5,24,144,3.00608909000005,"1"
2093,5,25,145,2.27365613000001,"1"
2093,5,26,146,1.78536749,"1"
2093,5,27,147,1.06819355000005,"1"
2093,5,28,148,3.21971537000002,"1"
2093,5,29,149,2.30417417000001,"1"
2093,5,30,150,2.85349889000003,"1"
2093,5,31,151,2.39572829000002,"1"
2094,5,1,121,1.75484944999999,"1"
2094,5,2,122,1.51070513000002,"1"
2094,5,3,123,2.22787907000003,"1"
2094,5,4,124,1.73959043000002,"1"
2094,5,5,125,3.09764321,"1"
2094,5,6,126,3.46385968999999,"1"
2094,5,7,127,3.08238419000003,"1"
2094,5,8,128,2.80772182999999,"1"
2094,5,9,129,4.16577461000003,"1"
2094,5,10,130,4.47095501000001,"1"
2094,5,11,131,3.35704655000001,"1"
2094,5,12,132,3.67748597000002,"1"
2094,5,13,133,2.70090869000001,"1"
2094,5,14,134,2.12106593000004,"1"
2094,5,15,135,2.47202339,"1"
2094,5,16,136,2.12106593000004,"1"
2094,5,17,137,1.70907239000002,"1"
2094,5,18,138,1.75484944999999,"1"
2094,5,19,139,3.75378107,"1"
2094,5,20,140,2.30417417000001,"1"
2094,5,21,141,4.74561736999999,"1"
2094,5,22,142,1.55648219,"1"
2094,5,23,143,4.27258775000001,"1"
2094,5,24,144,4.39465991000003,"1"
2094,5,25,145,2.86875791,"1"
2094,5,26,146,4.10473853000002,"1"
2094,5,27,147,2.76194477000001,"1"
2094,5,28,148,4.56250913000002,"1"
2094,5,29,149,1.77010847000003,"1"
2094,5,30,150,2.24313809,"1"
2094,5,31,151,4.30310579000002,"1"
2095,5,1,121,2.33469221000001,"1"
2095,5,2,122,1.40389199000003,"1"
2095,5,3,123,1.78536749,"1"
2095,5,4,124,1.49544611000005,"1"
2095,5,5,125,0.473091769999996,"1"
2095,5,6,126,2.10580691000001,"1"
2095,5,7,127,1.75484944999999,"1"
2095,5,8,128,1.93795769000002,"1"
2095,5,9,129,2.07528887000001,"1"
2095,5,10,130,1.93795769000002,"1"
2095,5,11,131,1.78536749,"1"
2095,5,12,132,1.08345257000002,"1"
2095,5,13,133,4.51673207000005,"1"
2095,5,14,134,3.99792539000003,"1"
2095,5,15,135,4.85243051000003,"1"
2095,5,16,136,4.50147305000002,"1"
2095,5,17,137,2.27365613000001,"1"
2095,5,18,138,2.62461359000002,"1"
2095,5,19,139,2.24313809,"1"
2095,5,20,140,2.12106593000004,"1"
2095,5,21,141,4.73035835000002,"1"
2095,5,22,142,5.06605679,"1"
2095,5,23,143,0.854567270000018,"1"
2095,5,24,144,1.61751827,"1"
2095,5,25,145,4.94398463000005,"1"
2095,5,26,146,1.57174121000003,"1"
2095,5,27,147,1.12922963,"1"
2095,5,28,148,1.86166259000004,"1"
2095,5,29,149,2.30417417000001,"1"
2095,5,30,150,3.20445635000004,"1"
2095,5,31,151,1.96847573000002,"1"
2096,5,1,122,0.885085310000022,"1"
2096,5,2,123,1.73959043000002,"1"
2096,5,3,124,4.24206971000001,"1"
2096,5,4,125,2.89927595,"1"
2096,5,5,126,3.26549243,"1"
2096,5,6,127,2.36521025000002,"1"
2096,5,7,128,2.07528887000001,"1"
2096,5,8,129,3.00608909000005,"1"
2096,5,9,130,3.52489577,"1"
2096,5,10,131,3.93688931000003,"1"
2096,5,11,132,1.69381337000004,"1"
2096,5,12,133,1.44966905000001,"1"
2096,5,13,134,2.71616771000004,"1"
2096,5,14,135,4.50147305000002,"1"
2096,5,15,136,2.65513163000003,"1"
2096,5,16,137,1.72433141000005,"1"
2096,5,17,138,2.85349889000003,"1"
2096,5,18,139,2.68564967000003,"1"
2096,5,19,140,2.56357751000002,"1"
2096,5,20,141,3.11290223000003,"1"
2096,5,21,142,1.95321670999999,"1"
2096,5,22,143,3.20445635000004,"1"
2096,5,23,144,4.54725010999999,"1"
2096,5,24,145,2.04477083,"1"
2096,5,25,146,2.41098731,"1"
2096,5,26,147,1.87692161000001,"1"
2096,5,27,148,3.43334165000005,"1"
2096,5,28,149,1.64803631000001,"1"
2096,5,29,150,2.42624633000003,"1"
2096,5,30,151,2.63987261,"1"
2096,5,31,152,1.08345257000002,"1"
2097,5,1,121,2.57883653000005,"1"
2097,5,2,122,3.87585323000002,"1"
2097,5,3,123,5.79848975000004,"1"
2097,5,4,124,3.72326303,"1"
2097,5,5,125,2.68564967000003,"1"
2097,5,6,126,1.73959043000002,"1"
2097,5,7,127,3.15867929000001,"1"
2097,5,8,128,1.86166259000004,"1"
2097,5,9,129,2.24313809,"1"
2097,5,10,130,0.915603350000026,"1"
2097,5,11,131,2.18210200999999,"1"
2097,5,12,132,1.89218063000004,"1"
2097,5,13,133,2.57883653000005,"1"
2097,5,14,134,3.29601047,"1"
2097,5,15,135,1.40389199000003,"1"
2097,5,16,136,1.98373475,"1"
2097,5,17,137,2.51780045000004,"1"
2097,5,18,138,1.63277729000004,"1"
2097,5,19,139,3.21971537000002,"1"
2097,5,20,140,2.41098731,"1"
2097,5,21,141,1.43441003000004,"1"
2097,5,22,142,1.78536749,"1"
2097,5,23,143,2.96031203000001,"1"
2097,5,24,144,2.47202339,"1"
2097,5,25,145,2.70090869000001,"1"
2097,5,26,146,3.31126949000003,"1"
2097,5,27,147,3.79955813000004,"1"
2097,5,28,148,1.35811493,"1"
2097,5,29,149,3.43334165000005,"1"
2097,5,30,150,3.03660712999999,"1"
2097,5,31,151,3.11290223000003,"1"
2098,5,1,121,2.39572829000002,"1"
2098,5,2,122,3.46385968999999,"1"
2098,5,3,123,2.97557105000004,"1"
2098,5,4,124,2.82298085000002,"1"
2098,5,5,125,0.839308250000045,"1"
2098,5,6,126,2.09054789000004,"1"
2098,5,7,127,4.08947951000005,"1"
2098,5,8,128,3.05186615000002,"1"
2098,5,9,129,2.88401693000003,"1"
2098,5,10,130,2.13632495000002,"1"
2098,5,11,131,4.13525657000002,"1"
2098,5,12,132,3.50963675000003,"1"
2098,5,13,133,2.27365613000001,"1"
2098,5,14,134,1.28181983000002,"1"
2098,5,15,135,1.14448865000003,"1"
2098,5,16,136,1.73959043000002,"1"
2098,5,17,137,1.31233787000002,"1"
2098,5,18,138,2.21262005,"1"
2098,5,19,139,3.66222695000005,"1"
2098,5,20,140,2.13632495000002,"1"
2098,5,21,141,0.839308250000045,"1"
2098,5,22,142,1.89218063000004,"1"
2098,5,23,143,2.06002985000003,"1"
2098,5,24,144,4.98976169000002,"1"
2098,5,25,145,3.58593185000001,"1"
2098,5,26,146,1.32759689,"1"
2098,5,27,147,5.38649621000002,"1"
2098,5,28,148,3.92163029,"1"
2098,5,29,149,2.88401693000003,"1"
2098,5,30,150,2.44150535,"1"
2098,5,31,151,3.12816125,"1"
2099,5,1,121,3.11290223000003,"1"
2099,5,2,122,2.50254143000001,"1"
2099,5,3,123,2.50254143000001,"1"
2099,5,4,124,2.04477083,"1"
2099,5,5,125,2.76194477000001,"1"
2099,5,6,126,5.95107995000001,"1"
2099,5,7,127,3.40282361000004,"1"
2099,5,8,128,3.58593185000001,"1"
2099,5,9,129,1.28181983000002,"1"
2099,5,10,130,1.89218063000004,"1"
2099,5,11,131,1.08345257000002,"1"
2099,5,12,132,1.87692161000001,"1"
2099,5,13,133,4.08947951000005,"1"
2099,5,14,134,3.61644989000001,"1"
2099,5,15,135,3.95214833,"1"
2099,5,16,136,2.15158397000005,"1"
2099,5,17,137,2.74668575000004,"1"
2099,5,18,138,3.93688931000003,"1"
2099,5,19,139,3.38756459000001,"1"
2099,5,20,140,2.77720379000004,"1"
2099,5,21,141,3.06712517,"1"
2099,5,22,142,2.96031203000001,"1"
2099,5,23,143,1.81588553,"1"
2099,5,24,144,3.08238419000003,"1"
2099,5,25,145,2.94505301000004,"1"
2099,5,26,146,2.82298085000002,"1"
2099,5,27,147,3.44860067000002,"1"
2099,5,28,148,3.09764321,"1"
2099,5,29,149,3.98266637,"1"
2099,5,30,150,2.33469221000001,"1"
2099,5,31,151,1.77010847000003,"1"
2100,5,1,121,1.83114455000003,"1"
2100,5,2,122,2.57883653000005,"1"
2100,5,3,123,2.59409555000002,"1"
2100,5,4,124,1.55648219,"1"
2100,5,5,125,1.67855435000001,"1"
2100,5,6,126,1.60225925000003,"1"
2100,5,7,127,2.79246281000002,"1"
2100,5,8,128,1.93795769000002,"1"
2100,5,9,129,1.49544611000005,"1"
2100,5,10,130,3.23497439000005,"1"
2100,5,11,131,2.85349889000003,"1"
2100,5,12,132,1.29707884999999,"1"
2100,5,13,133,2.89927595,"1"
2100,5,14,134,4.59302717000003,"1"
2100,5,15,135,1.81588553,"1"
2100,5,16,136,0.763013150000006,"1"
2100,5,17,137,1.63277729000004,"1"
2100,5,18,138,3.11290223000003,"1"
2100,5,19,139,4.27258775000001,"1"
2100,5,20,140,4.36414187000003,"1"
2100,5,21,141,1.29707884999999,"1"
2100,5,22,142,2.19736103000002,"1"
2100,5,23,143,2.92979399000001,"1"
2100,5,24,144,3.46385968999999,"1"
2100,5,25,145,2.51780045000004,"1"
2100,5,26,146,2.41098731,"1"
2100,5,27,147,1.31233787000002,"1"
2100,5,28,148,1.64803631000001,"1"
2100,5,29,149,4.42517795000003,"1"
2100,5,30,150,1.78536749,"1"
2100,5,31,151,2.36521025000002,"1"
2025,3,1,60,1.55648219,"2"
2025,3,2,61,1.86166259000004,"2"
2025,3,3,62,2.15158397000005,"2"
2025,3,4,63,0.869826289999992,"2"
2025,3,5,64,1.20552473000004,"2"
2025,3,6,65,3.08238419000003,"2"
2025,3,7,66,1.87692161000001,"2"
2025,3,8,67,2.28891515000004,"2"
2025,3,9,68,2.70090869000001,"2"
2025,3,10,69,3.02134811000002,"2"
2025,3,11,70,2.82298085000002,"2"
2025,3,12,71,1.70907239000002,"2"
2025,3,13,72,1.83114455000003,"2"
2025,3,14,73,1.55648219,"2"
2025,3,15,74,3.05186615000002,"2"
2025,3,16,75,2.36521025000002,"2"
2025,3,17,76,4.22681069000004,"2"
2025,3,18,77,2.16684299000002,"2"
2025,3,19,78,1.22078375000001,"2"
2025,3,20,79,1.64803631000001,"2"
2025,3,21,80,1.63277729000004,"2"
2025,3,22,81,2.56357751000002,"2"
2025,3,23,82,1.38863297,"2"
2025,3,24,83,1.69381337000004,"2"
2025,3,25,84,2.70090869000001,"2"
2025,3,26,85,1.41915101000001,"2"
2025,3,27,86,0.824049230000014,"2"
2025,3,28,87,1.41915101000001,"2"
2025,3,29,88,2.28891515000004,"2"
2025,3,30,89,1.05293453000002,"2"
2025,3,31,90,3.43334165000005,"2"
2026,3,1,60,1.83114455000003,"2"
2026,3,2,61,2.19736103000002,"2"
2026,3,3,62,1.38863297,"2"
2026,3,4,63,1.26656081000004,"2"
2026,3,5,64,1.58700023,"2"
2026,3,6,65,2.15158397000005,"2"
2026,3,7,66,1.51070513000002,"2"
2026,3,8,67,2.60935456999999,"2"
2026,3,9,68,2.01425279,"2"
2026,3,10,69,1.60225925000003,"2"
2026,3,11,70,3.60119087000004,"2"
2026,3,12,71,1.41915101000001,"2"
2026,3,13,72,3.15867929000001,"2"
2026,3,14,73,2.57883653000005,"2"
2026,3,15,74,0.976639430000034,"2"
2026,3,16,75,1.86166259000004,"2"
2026,3,17,76,2.67039065,"2"
2026,3,18,77,3.17393831000004,"2"
2026,3,19,78,3.08238419000003,"2"
2026,3,20,79,1.17500669000003,"2"
2026,3,21,80,2.12106593000004,"2"
2026,3,22,81,1.64803631000001,"2"
2026,3,23,82,3.96740735000003,"2"
2026,3,24,83,2.02951181000003,"2"
2026,3,25,84,1.83114455000003,"2"
2026,3,26,85,1.60225925000003,"2"
2026,3,27,86,2.73142673000001,"2"
2026,3,28,87,2.15158397000005,"2"
2026,3,29,88,1.35811493,"2"
2026,3,30,89,2.65513163000003,"2"
2026,3,31,90,2.86875791,"2"
2027,3,1,60,0.915603350000026,"2"
2027,3,2,61,1.44966905000001,"2"
2027,3,3,62,1.92269867000005,"2"
2027,3,4,63,2.33469221000001,"2"
2027,3,5,64,2.53305947000001,"2"
2027,3,6,65,1.69381337000004,"2"
2027,3,7,66,2.70090869000001,"2"
2027,3,8,67,2.94505301000004,"2"
2027,3,9,68,3.81481715000001,"2"
2027,3,10,69,3.44860067000002,"2"
2027,3,11,70,3.63170891000004,"2"
2027,3,12,71,2.04477083,"2"
2027,3,13,72,3.37230557000004,"2"
2027,3,14,73,2.02951181000003,"2"
2027,3,15,74,0.808790210000041,"2"
2027,3,16,75,2.31943319000004,"2"
2027,3,17,76,1.83114455000003,"2"
2027,3,18,77,1.93795769000002,"2"
2027,3,19,78,2.63987261,"2"
2027,3,20,79,0.79353119000001,"2"
2027,3,21,80,2.33469221000001,"2"
2027,3,22,81,2.74668575000004,"2"
2027,3,23,82,2.22787907000003,"2"
2027,3,24,83,2.19736103000002,"2"
2027,3,25,84,3.05186615000002,"2"
2027,3,26,85,2.96031203000001,"2"
2027,3,27,86,2.48728241000003,"2"
2027,3,28,87,1.31233787000002,"2"
2027,3,29,88,3.18919733000001,"2"
2027,3,30,89,3.23497439000005,"2"
2027,3,31,90,4.01318441000001,"2"
2028,3,1,61,2.71616771000004,"2"
2028,3,2,62,2.83823987,"2"
2028,3,3,63,2.56357751000002,"2"
2028,3,4,64,1.38863297,"2"
2028,3,5,65,2.73142673000001,"2"
2028,3,6,66,2.10580691000001,"2"
2028,3,7,67,1.48018709000002,"2"
2028,3,8,68,2.62461359000002,"2"
2028,3,9,69,1.46492807000004,"2"
2028,3,10,70,1.69381337000004,"2"
2028,3,11,71,1.89218063000004,"2"
2028,3,12,72,3.18919733000001,"2"
2028,3,13,73,3.84533519000001,"2"
2028,3,14,74,3.35704655000001,"2"
2028,3,15,75,2.41098731,"2"
2028,3,16,76,3.81481715000001,"2"
2028,3,17,77,1.89218063000004,"2"
2028,3,18,78,3.37230557000004,"2"
2028,3,19,79,2.76194477000001,"2"
2028,3,20,80,2.88401693000003,"2"
2028,3,21,81,1.99899377000003,"2"
2028,3,22,82,1.93795769000002,"2"
2028,3,23,83,1.49544611000005,"2"
2028,3,24,84,2.07528887000001,"2"
2028,3,25,85,2.60935456999999,"2"
2028,3,26,86,3.86059421000004,"2"
2028,3,27,87,2.10580691000001,"2"
2028,3,28,88,1.12922963,"2"
2028,3,29,89,4.62354521000003,"2"
2028,3,30,90,3.43334165000005,"2"
2028,3,31,91,2.06002985000003,"2"
2029,3,1,60,1.52596414999999,"2"
2029,3,2,61,1.25130179000001,"2"
2029,3,3,62,1.22078375000001,"2"
2029,3,4,63,4.48621403000004,"2"
2029,3,5,64,2.59409555000002,"2"
2029,3,6,65,1.81588553,"2"
2029,3,7,66,1.26656081000004,"2"
2029,3,8,67,2.21262005,"2"
2029,3,9,68,2.38046926999999,"2"
2029,3,10,69,2.82298085000002,"2"
2029,3,11,70,2.76194477000001,"2"
2029,3,12,71,0.808790210000041,"2"
2029,3,13,72,1.58700023,"2"
2029,3,14,73,1.14448865000003,"2"
2029,3,15,74,1.06819355000005,"2"
2029,3,16,75,3.29601047,"2"
2029,3,17,76,0.976639430000034,"2"
2029,3,18,77,1.87692161000001,"2"
2029,3,19,78,3.21971537000002,"2"
2029,3,20,79,2.68564967000003,"2"
2029,3,21,80,2.21262005,"2"
2029,3,22,81,2.21262005,"2"
2029,3,23,82,2.80772182999999,"2"
2029,3,24,83,2.16684299000002,"2"
2029,3,25,84,0.79353119000001,"2"
2029,3,26,85,1.96847573000002,"2"
2029,3,27,86,2.97557105000004,"2"
2029,3,28,87,1.63277729000004,"2"
2029,3,29,88,3.12816125,"2"
2029,3,30,89,1.90743965000001,"2"
2029,3,31,90,2.92979399000001,"2"
2030,3,1,60,1.92269867000005,"2"
2030,3,2,61,1.37337395000003,"2"
2030,3,3,62,1.86166259000004,"2"
2030,3,4,63,0.915603350000026,"2"
2030,3,5,64,1.49544611000005,"2"
2030,3,6,65,3.96740735000003,"2"
2030,3,7,66,3.47911871000002,"2"
2030,3,8,67,3.21971537000002,"2"
2030,3,9,68,1.67855435000001,"2"
2030,3,10,69,2.12106593000004,"2"
2030,3,11,70,2.01425279,"2"
2030,3,12,71,2.60935456999999,"2"
2030,3,13,72,3.15867929000001,"2"
2030,3,14,73,2.70090869000001,"2"
2030,3,15,74,3.20445635000004,"2"
2030,3,16,75,2.18210200999999,"2"
2030,3,17,76,3.44860067000002,"2"
2030,3,18,77,2.86875791,"2"
2030,3,19,78,1.41915101000001,"2"
2030,3,20,79,1.44966905000001,"2"
2030,3,21,80,2.28891515000004,"2"
2030,3,22,81,2.01425279,"2"
2030,3,23,82,1.89218063000004,"2"
2030,3,24,83,1.69381337000004,"2"
2030,3,25,84,1.37337395000003,"2"
2030,3,26,85,4.63880423,"2"
2030,3,27,86,1.02241649000001,"2"
2030,3,28,87,2.33469221000001,"2"
2030,3,29,88,1.41915101000001,"2"
2030,3,30,89,2.68564967000003,"2"
2030,3,31,90,1.43441003000004,"2"
2031,3,1,60,2.04477083,"2"
2031,3,2,61,1.57174121000003,"2"
2031,3,3,62,1.28181983000002,"2"
2031,3,4,63,3.15867929000001,"2"
2031,3,5,64,2.73142673000001,"2"
2031,3,6,65,4.04370245000001,"2"
2031,3,7,66,3.54015479000003,"2"
2031,3,8,67,1.23604277000004,"2"
2031,3,9,68,2.09054789000004,"2"
2031,3,10,69,2.56357751000002,"2"
2031,3,11,70,1.96847573000002,"2"
2031,3,12,71,2.38046926999999,"2"
2031,3,13,72,2.15158397000005,"2"
2031,3,14,73,2.28891515000004,"2"
2031,3,15,74,2.48728241000003,"2"
2031,3,16,75,0.534127850000004,"2"
2031,3,17,76,1.12922963,"2"
2031,3,18,77,2.07528887000001,"2"
2031,3,19,78,1.60225925000003,"2"
2031,3,20,79,3.89111224999999,"2"
2031,3,21,80,3.47911871000002,"2"
2031,3,22,81,2.19736103000002,"2"
2031,3,23,82,1.87692161000001,"2"
2031,3,24,83,2.31943319000004,"2"
2031,3,25,84,1.23604277000004,"2"
2031,3,26,85,2.92979399000001,"2"
2031,3,27,86,2.99083007000002,"2"
2031,3,28,87,2.71616771000004,"2"
2031,3,29,88,1.25130179000001,"2"
2031,3,30,89,2.18210200999999,"2"
2031,3,31,90,1.51070513000002,"2"
2032,3,1,61,2.22787907000003,"2"
2032,3,2,62,1.78536749,"2"
2032,3,3,63,1.12922963,"2"
2032,3,4,64,2.53305947000001,"2"
2032,3,5,65,1.86166259000004,"2"
2032,3,6,66,1.38863297,"2"
2032,3,7,67,1.90743965000001,"2"
2032,3,8,68,3.67748597000002,"2"
2032,3,9,69,2.74668575000004,"2"
2032,3,10,70,1.60225925000003,"2"
2032,3,11,71,1.63277729000004,"2"
2032,3,12,72,1.35811493,"2"
2032,3,13,73,1.98373475,"2"
2032,3,14,74,2.33469221000001,"2"
2032,3,15,75,2.30417417000001,"2"
2032,3,16,76,1.37337395000003,"2"
2032,3,17,77,1.37337395000003,"2"
2032,3,18,78,1.72433141000005,"2"
2032,3,19,79,2.56357751000002,"2"
2032,3,20,80,2.54831849000004,"2"
2032,3,21,81,1.52596414999999,"2"
2032,3,22,82,2.94505301000004,"2"
2032,3,23,83,1.25130179000001,"2"
2032,3,24,84,1.89218063000004,"2"
2032,3,25,85,3.12816125,"2"
2032,3,26,86,1.52596414999999,"2"
2032,3,27,87,2.38046926999999,"2"
2032,3,28,88,1.58700023,"2"
2032,3,29,89,2.74668575000004,"2"
2032,3,30,90,2.96031203000001,"2"
2032,3,31,91,2.97557105000004,"2"
2033,3,1,60,1.70907239000002,"2"
2033,3,2,61,1.73959043000002,"2"
2033,3,3,62,1.49544611000005,"2"
2033,3,4,63,2.33469221000001,"2"
2033,3,5,64,2.76194477000001,"2"
2033,3,6,65,1.03767551000004,"2"
2033,3,7,66,1.52596414999999,"2"
2033,3,8,67,1.23604277000004,"2"
2033,3,9,68,1.37337395000003,"2"
2033,3,10,69,2.06002985000003,"2"
2033,3,11,70,0.366278630000011,"2"
2033,3,12,71,0.564645890000008,"2"
2033,3,13,72,1.48018709000002,"2"
2033,3,14,73,1.05293453000002,"2"
2033,3,15,74,2.01425279,"2"
2033,3,16,75,1.81588553,"2"
2033,3,17,76,3.14342027000004,"2"
2033,3,18,77,3.26549243,"2"
2033,3,19,78,3.52489577,"2"
2033,3,20,79,4.31836480999999,"2"
2033,3,21,80,2.83823987,"2"
2033,3,22,81,2.91453497000003,"2"
2033,3,23,82,4.19629265000003,"2"
2033,3,24,83,3.23497439000005,"2"
2033,3,25,84,4.74561736999999,"2"
2033,3,26,85,2.74668575000004,"2"
2033,3,27,86,2.30417417000001,"2"
2033,3,28,87,1.03767551000004,"2"
2033,3,29,88,1.52596414999999,"2"
2033,3,30,89,1.12922963,"2"
2033,3,31,90,0.885085310000022,"2"
2034,3,1,60,1.93795769000002,"2"
2034,3,2,61,2.68564967000003,"2"
2034,3,3,62,1.69381337000004,"2"
2034,3,4,63,1.96847573000002,"2"
2034,3,5,64,0.824049230000014,"2"
2034,3,6,65,0.534127850000004,"2"
2034,3,7,66,1.31233787000002,"2"
2034,3,8,67,1.35811493,"2"
2034,3,9,68,1.15974767,"2"
2034,3,10,69,1.19026571000001,"2"
2034,3,11,70,2.39572829000002,"2"
2034,3,12,71,2.25839711000003,"2"
2034,3,13,72,3.14342027000004,"2"
2034,3,14,73,1.52596414999999,"2"
2034,3,15,74,2.53305947000001,"2"
2034,3,16,75,2.80772182999999,"2"
2034,3,17,76,2.15158397000005,"2"
2034,3,18,77,1.72433141000005,"2"
2034,3,19,78,2.33469221000001,"2"
2034,3,20,79,1.52596414999999,"2"
2034,3,21,80,3.21971537000002,"2"
2034,3,22,81,3.57067283000003,"2"
2034,3,23,82,3.37230557000004,"2"
2034,3,24,83,1.80062651000003,"2"
2034,3,25,84,3.21971537000002,"2"
2034,3,26,85,2.96031203000001,"2"
2034,3,27,86,2.18210200999999,"2"
2034,3,28,87,2.68564967000003,"2"
2034,3,29,88,2.41098731,"2"
2034,3,30,89,1.78536749,"2"
2034,3,31,90,2.02951181000003,"2"
2035,3,1,60,3.25023341000002,"2"
2035,3,2,61,4.53199109000002,"2"
2035,3,3,62,2.12106593000004,"2"
2035,3,4,63,1.75484944999999,"2"
2035,3,5,64,2.36521025000002,"2"
2035,3,6,65,2.15158397000005,"2"
2035,3,7,66,2.12106593000004,"2"
2035,3,8,67,1.89218063000004,"2"
2035,3,9,68,0.93086237,"2"
2035,3,10,69,1.72433141000005,"2"
2035,3,11,70,1.95321670999999,"2"
2035,3,12,71,1.09871158999999,"2"
2035,3,13,72,1.99899377000003,"2"
2035,3,14,73,2.47202339,"2"
2035,3,15,74,2.15158397000005,"2"
2035,3,16,75,1.84640357000001,"2"
2035,3,17,76,0.869826289999992,"2"
2035,3,18,77,1.51070513000002,"2"
2035,3,19,78,2.06002985000003,"2"
2035,3,20,79,1.64803631000001,"2"
2035,3,21,80,1.17500669000003,"2"
2035,3,22,81,3.12816125,"2"
2035,3,23,82,1.19026571000001,"2"
2035,3,24,83,1.84640357000001,"2"
2035,3,25,84,2.47202339,"2"
2035,3,26,85,2.19736103000002,"2"
2035,3,27,86,1.66329533000004,"2"
2035,3,28,87,2.18210200999999,"2"
2035,3,29,88,2.19736103000002,"2"
2035,3,30,89,1.32759689,"2"
2035,3,31,90,2.67039065,"2"
2036,3,1,61,3.03660712999999,"2"
2036,3,2,62,1.87692161000001,"2"
2036,3,3,63,2.31943319000004,"2"
2036,3,4,64,1.83114455000003,"2"
2036,3,5,65,0.961380410000004,"2"
2036,3,6,66,2.07528887000001,"2"
2036,3,7,67,2.19736103000002,"2"
2036,3,8,68,2.36521025000002,"2"
2036,3,9,69,1.32759689,"2"
2036,3,10,70,2.36521025000002,"2"
2036,3,11,71,3.21971537000002,"2"
2036,3,12,72,2.41098731,"2"
2036,3,13,73,2.77720379000004,"2"
2036,3,14,74,3.55541381,"2"
2036,3,15,75,3.21971537000002,"2"
2036,3,16,76,1.64803631000001,"2"
2036,3,17,77,2.62461359000002,"2"
2036,3,18,78,2.63987261,"2"
2036,3,19,79,2.01425279,"2"
2036,3,20,80,2.19736103000002,"2"
2036,3,21,81,2.89927595,"2"
2036,3,22,82,2.63987261,"2"
2036,3,23,83,1.28181983000002,"2"
2036,3,24,84,2.10580691000001,"2"
2036,3,25,85,2.10580691000001,"2"
2036,3,26,86,3.09764321,"2"
2036,3,27,87,1.44966905000001,"2"
2036,3,28,88,1.22078375000001,"2"
2036,3,29,89,3.78429911000001,"2"
2036,3,30,90,4.27258775000001,"2"
2036,3,31,91,3.66222695000005,"2"
2037,3,1,60,1.05293453000002,"2"
2037,3,2,61,2.57883653000005,"2"
2037,3,3,62,2.86875791,"2"
2037,3,4,63,0.839308250000045,"2"
2037,3,5,64,1.89218063000004,"2"
2037,3,6,65,3.96740735000003,"2"
2037,3,7,66,5.08131581000004,"2"
2037,3,8,67,2.28891515000004,"2"
2037,3,9,68,2.91453497000003,"2"
2037,3,10,69,2.21262005,"2"
2037,3,11,70,1.03767551000004,"2"
2037,3,12,71,1.81588553,"2"
2037,3,13,72,1.44966905000001,"2"
2037,3,14,73,2.41098731,"2"
2037,3,15,74,2.91453497000003,"2"
2037,3,16,75,2.15158397000005,"2"
2037,3,17,76,1.66329533000004,"2"
2037,3,18,77,1.95321670999999,"2"
2037,3,19,78,0.824049230000014,"2"
2037,3,20,79,1.44966905000001,"2"
2037,3,21,80,3.09764321,"2"
2037,3,22,81,2.31943319000004,"2"
2037,3,23,82,3.02134811000002,"2"
2037,3,24,83,3.41808263000001,"2"
2037,3,25,84,3.28075145000003,"2"
2037,3,26,85,1.11397061000002,"2"
2037,3,27,86,4.24206971000001,"2"
2037,3,28,87,2.12106593000004,"2"
2037,3,29,88,1.72433141000005,"2"
2037,3,30,89,1.61751827,"2"
2037,3,31,90,3.08238419000003,"2"
2038,3,1,60,1.58700023,"2"
2038,3,2,61,1.98373475,"2"
2038,3,3,62,3.60119087000004,"2"
2038,3,4,63,1.48018709000002,"2"
2038,3,5,64,1.03767551000004,"2"
2038,3,6,65,2.31943319000004,"2"
2038,3,7,66,1.46492807000004,"2"
2038,3,8,67,2.06002985000003,"2"
2038,3,9,68,2.86875791,"2"
2038,3,10,69,0.885085310000022,"2"
2038,3,11,70,2.99083007000002,"2"
2038,3,12,71,3.21971537000002,"2"
2038,3,13,72,1.32759689,"2"
2038,3,14,73,2.06002985000003,"2"
2038,3,15,74,2.47202339,"2"
2038,3,16,75,1.37337395000003,"2"
2038,3,17,76,1.20552473000004,"2"
2038,3,18,77,1.40389199000003,"2"
2038,3,19,78,1.55648219,"2"
2038,3,20,79,3.20445635000004,"2"
2038,3,21,80,4.34888285,"2"
2038,3,22,81,3.06712517,"2"
2038,3,23,82,2.59409555000002,"2"
2038,3,24,83,2.79246281000002,"2"
2038,3,25,84,0.976639430000034,"2"
2038,3,26,85,1.06819355000005,"2"
2038,3,27,86,1.98373475,"2"
2038,3,28,87,3.11290223000003,"2"
2038,3,29,88,2.74668575000004,"2"
2038,3,30,89,2.67039065,"2"
2038,3,31,90,3.03660712999999,"2"
2039,3,1,60,1.28181983000002,"2"
2039,3,2,61,1.35811493,"2"
2039,3,3,62,4.04370245000001,"2"
2039,3,4,63,2.56357751000002,"2"
2039,3,5,64,1.52596414999999,"2"
2039,3,6,65,2.19736103000002,"2"
2039,3,7,66,4.88294855000004,"2"
2039,3,8,67,1.64803631000001,"2"
2039,3,9,68,1.86166259000004,"2"
2039,3,10,69,2.31943319000004,"2"
2039,3,11,70,2.60935456999999,"2"
2039,3,12,71,3.17393831000004,"2"
2039,3,13,72,1.64803631000001,"2"
2039,3,14,73,2.41098731,"2"
2039,3,15,74,2.16684299000002,"2"
2039,3,16,75,2.65513163000003,"2"
2039,3,17,76,2.53305947000001,"2"
2039,3,18,77,3.38756459000001,"2"
2039,3,19,78,0.900344329999996,"2"
2039,3,20,79,0.976639430000034,"2"
2039,3,21,80,1.90743965000001,"2"
2039,3,22,81,3.34178753000003,"2"
2039,3,23,82,2.39572829000002,"2"
2039,3,24,83,2.22787907000003,"2"
2039,3,25,84,2.70090869000001,"2"
2039,3,26,85,2.82298085000002,"2"
2039,3,27,86,2.53305947000001,"2"
2039,3,28,87,2.97557105000004,"2"
2039,3,29,88,1.38863297,"2"
2039,3,30,89,2.76194477000001,"2"
2039,3,31,90,2.38046926999999,"2"
2040,3,1,61,2.13632495000002,"2"
2040,3,2,62,1.75484944999999,"2"
2040,3,3,63,2.27365613000001,"2"
2040,3,4,64,1.90743965000001,"2"
2040,3,5,65,3.25023341000002,"2"
2040,3,6,66,2.39572829000002,"2"
2040,3,7,67,2.62461359000002,"2"
2040,3,8,68,1.12922963,"2"
2040,3,9,69,1.46492807000004,"2"
2040,3,10,70,3.83007617000004,"2"
2040,3,11,71,1.43441003000004,"2"
2040,3,12,72,1.46492807000004,"2"
2040,3,13,73,3.58593185000001,"2"
2040,3,14,74,1.72433141000005,"2"
2040,3,15,75,1.12922963,"2"
2040,3,16,76,1.73959043000002,"2"
2040,3,17,77,1.43441003000004,"2"
2040,3,18,78,1.66329533000004,"2"
2040,3,19,79,2.19736103000002,"2"
2040,3,20,80,2.57883653000005,"2"
2040,3,21,81,1.96847573000002,"2"
2040,3,22,82,2.07528887000001,"2"
2040,3,23,83,3.60119087000004,"2"
2040,3,24,84,2.80772182999999,"2"
2040,3,25,85,3.09764321,"2"
2040,3,26,86,3.87585323000002,"2"
2040,3,27,87,2.62461359000002,"2"
2040,3,28,88,2.68564967000003,"2"
2040,3,29,89,2.92979399000001,"2"
2040,3,30,90,2.12106593000004,"2"
2040,3,31,91,1.78536749,"2"
2041,3,1,60,4.19629265000003,"2"
2041,3,2,61,2.39572829000002,"2"
2041,3,3,62,3.15867929000001,"2"
2041,3,4,63,2.12106593000004,"2"
2041,3,5,64,2.34995123000004,"2"
2041,3,6,65,2.99083007000002,"2"
2041,3,7,66,2.97557105000004,"2"
2041,3,8,67,1.87692161000001,"2"
2041,3,9,68,2.28891515000004,"2"
2041,3,10,69,1.81588553,"2"
2041,3,11,70,2.89927595,"2"
2041,3,12,71,2.39572829000002,"2"
2041,3,13,72,1.83114455000003,"2"
2041,3,14,73,3.15867929000001,"2"
2041,3,15,74,1.93795769000002,"2"
2041,3,16,75,2.83823987,"2"
2041,3,17,76,1.92269867000005,"2"
2041,3,18,77,1.41915101000001,"2"
2041,3,19,78,0.610422950000043,"2"
2041,3,20,79,1.11397061000002,"2"
2041,3,21,80,1.99899377000003,"2"
2041,3,22,81,3.95214833,"2"
2041,3,23,82,2.86875791,"2"
2041,3,24,83,2.41098731,"2"
2041,3,25,84,1.29707884999999,"2"
2041,3,26,85,3.35704655000001,"2"
2041,3,27,86,2.06002985000003,"2"
2041,3,28,87,3.17393831000004,"2"
2041,3,29,88,5.92056191,"2"
2041,3,30,89,3.50963675000003,"2"
2041,3,31,90,4.02844343000004,"2"
2042,3,1,60,2.30417417000001,"2"
2042,3,2,61,1.70907239000002,"2"
2042,3,3,62,0.534127850000004,"2"
2042,3,4,63,3.15867929000001,"2"
2042,3,5,64,1.98373475,"2"
2042,3,6,65,1.51070513000002,"2"
2042,3,7,66,1.61751827,"2"
2042,3,8,67,2.77720379000004,"2"
2042,3,9,68,2.56357751000002,"2"
2042,3,10,69,2.94505301000004,"2"
2042,3,11,70,1.84640357000001,"2"
2042,3,12,71,4.27258775000001,"2"
2042,3,13,72,1.70907239000002,"2"
2042,3,14,73,1.34285591000003,"2"
2042,3,15,74,1.87692161000001,"2"
2042,3,16,75,2.02951181000003,"2"
2042,3,17,76,3.12816125,"2"
2042,3,18,77,2.34995123000004,"2"
2042,3,19,78,1.90743965000001,"2"
2042,3,20,79,2.12106593000004,"2"
2042,3,21,80,1.72433141000005,"2"
2042,3,22,81,1.60225925000003,"2"
2042,3,23,82,1.80062651000003,"2"
2042,3,24,83,2.45676437000003,"2"
2042,3,25,84,3.38756459000001,"2"
2042,3,26,85,3.75378107,"2"
2042,3,27,86,3.52489577,"2"
2042,3,28,87,1.41915101000001,"2"
2042,3,29,88,1.40389199000003,"2"
2042,3,30,89,0.94612139000003,"2"
2042,3,31,90,2.16684299000002,"2"
2043,3,1,60,1.89218063000004,"2"
2043,3,2,61,2.80772182999999,"2"
2043,3,3,62,3.49437773,"2"
2043,3,4,63,2.39572829000002,"2"
2043,3,5,64,1.19026571000001,"2"
2043,3,6,65,2.47202339,"2"
2043,3,7,66,1.77010847000003,"2"
2043,3,8,67,2.27365613000001,"2"
2043,3,9,68,3.17393831000004,"2"
2043,3,10,69,2.48728241000003,"2"
2043,3,11,70,1.52596414999999,"2"
2043,3,12,71,2.10580691000001,"2"
2043,3,13,72,3.06712517,"2"
2043,3,14,73,1.72433141000005,"2"
2043,3,15,74,2.80772182999999,"2"
2043,3,16,75,3.86059421000004,"2"
2043,3,17,76,1.77010847000003,"2"
2043,3,18,77,2.68564967000003,"2"
2043,3,19,78,1.28181983000002,"2"
2043,3,20,79,2.71616771000004,"2"
2043,3,21,80,1.28181983000002,"2"
2043,3,22,81,2.21262005,"2"
2043,3,23,82,2.88401693000003,"2"
2043,3,24,83,1.99899377000003,"2"
2043,3,25,84,2.12106593000004,"2"
2043,3,26,85,2.09054789000004,"2"
2043,3,27,86,2.77720379000004,"2"
2043,3,28,87,2.70090869000001,"2"
2043,3,29,88,2.12106593000004,"2"
2043,3,30,89,2.36521025000002,"2"
2043,3,31,90,1.69381337000004,"2"
2044,3,1,61,1.66329533000004,"2"
2044,3,2,62,1.70907239000002,"2"
2044,3,3,63,3.69274498999999,"2"
2044,3,4,64,2.83823987,"2"
2044,3,5,65,1.51070513000002,"2"
2044,3,6,66,0.65620001000002,"2"
2044,3,7,67,1.61751827,"2"
2044,3,8,68,1.20552473000004,"2"
2044,3,9,69,1.92269867000005,"2"
2044,3,10,70,3.37230557000004,"2"
2044,3,11,71,1.95321670999999,"2"
2044,3,12,72,1.49544611000005,"2"
2044,3,13,73,2.33469221000001,"2"
2044,3,14,74,1.60225925000003,"2"
2044,3,15,75,3.63170891000004,"2"
2044,3,16,76,2.96031203000001,"2"
2044,3,17,77,3.00608909000005,"2"
2044,3,18,78,1.89218063000004,"2"
2044,3,19,79,3.46385968999999,"2"
2044,3,20,80,3.63170891000004,"2"
2044,3,21,81,2.10580691000001,"2"
2044,3,22,82,0.65620001000002,"2"
2044,3,23,83,0.732495110000002,"2"
2044,3,24,84,1.93795769000002,"2"
2044,3,25,85,1.12922963,"2"
2044,3,26,86,1.92269867000005,"2"
2044,3,27,87,3.55541381,"2"
2044,3,28,88,1.78536749,"2"
2044,3,29,89,3.61644989000001,"2"
2044,3,30,90,2.76194477000001,"2"
2044,3,31,91,3.18919733000001,"2"
2045,3,1,60,1.86166259000004,"2"
2045,3,2,61,0.991898450000008,"2"
2045,3,3,62,1.84640357000001,"2"
2045,3,4,63,2.33469221000001,"2"
2045,3,5,64,3.18919733000001,"2"
2045,3,6,65,2.19736103000002,"2"
2045,3,7,66,4.28784677000004,"2"
2045,3,8,67,1.26656081000004,"2"
2045,3,9,68,2.86875791,"2"
2045,3,10,69,4.04370245000001,"2"
2045,3,11,70,3.99792539000003,"2"
2045,3,12,71,2.31943319000004,"2"
2045,3,13,72,2.41098731,"2"
2045,3,14,73,3.64696793000002,"2"
2045,3,15,74,3.00608909000005,"2"
2045,3,16,75,2.59409555000002,"2"
2045,3,17,76,1.64803631000001,"2"
2045,3,18,77,1.67855435000001,"2"
2045,3,19,78,3.15867929000001,"2"
2045,3,20,79,2.30417417000001,"2"
2045,3,21,80,4.44043697000001,"2"
2045,3,22,81,1.89218063000004,"2"
2045,3,23,82,1.61751827,"2"
2045,3,24,83,2.80772182999999,"2"
2045,3,25,84,1.73959043000002,"2"
2045,3,26,85,3.25023341000002,"2"
2045,3,27,86,2.70090869000001,"2"
2045,3,28,87,2.74668575000004,"2"
2045,3,29,88,2.79246281000002,"2"
2045,3,30,89,3.49437773,"2"
2045,3,31,90,0.93086237,"2"
2046,3,1,60,0.747754130000033,"2"
2046,3,2,61,3.15867929000001,"2"
2046,3,3,62,2.07528887000001,"2"
2046,3,4,63,1.41915101000001,"2"
2046,3,5,64,2.06002985000003,"2"
2046,3,6,65,2.74668575000004,"2"
2046,3,7,66,1.52596414999999,"2"
2046,3,8,67,2.33469221000001,"2"
2046,3,9,68,3.67748597000002,"2"
2046,3,10,69,1.63277729000004,"2"
2046,3,11,70,3.60119087000004,"2"
2046,3,12,71,2.62461359000002,"2"
2046,3,13,72,1.93795769000002,"2"
2046,3,14,73,0.564645890000008,"2"
2046,3,15,74,1.37337395000003,"2"
2046,3,16,75,2.50254143000001,"2"
2046,3,17,76,3.06712517,"2"
2046,3,18,77,0.381537650000041,"2"
2046,3,19,78,1.61751827,"2"
2046,3,20,79,2.30417417000001,"2"
2046,3,21,80,1.11397061000002,"2"
2046,3,22,81,1.37337395000003,"2"
2046,3,23,82,2.19736103000002,"2"
2046,3,24,83,3.54015479000003,"2"
2046,3,25,84,2.34995123000004,"2"
2046,3,26,85,1.28181983000002,"2"
2046,3,27,86,1.03767551000004,"2"
2046,3,28,87,3.47911871000002,"2"
2046,3,29,88,2.62461359000002,"2"
2046,3,30,89,2.57883653000005,"2"
2046,3,31,90,2.07528887000001,"2"
2047,3,1,60,2.60935456999999,"2"
2047,3,2,61,1.93795769000002,"2"
2047,3,3,62,1.25130179000001,"2"
2047,3,4,63,3.17393831000004,"2"
2047,3,5,64,1.73959043000002,"2"
2047,3,6,65,2.51780045000004,"2"
2047,3,7,66,3.78429911000001,"2"
2047,3,8,67,3.03660712999999,"2"
2047,3,9,68,2.63987261,"2"
2047,3,10,69,3.49437773,"2"
2047,3,11,70,2.63987261,"2"
2047,3,12,71,2.83823987,"2"
2047,3,13,72,3.23497439000005,"2"
2047,3,14,73,2.89927595,"2"
2047,3,15,74,2.45676437000003,"2"
2047,3,16,75,2.44150535,"2"
2047,3,17,76,3.21971537000002,"2"
2047,3,18,77,2.41098731,"2"
2047,3,19,78,1.48018709000002,"2"
2047,3,20,79,1.73959043000002,"2"
2047,3,21,80,2.13632495000002,"2"
2047,3,22,81,2.68564967000003,"2"
2047,3,23,82,3.31126949000003,"2"
2047,3,24,83,2.91453497000003,"2"
2047,3,25,84,3.76904009000003,"2"
2047,3,26,85,1.11397061000002,"2"
2047,3,27,86,1.64803631000001,"2"
2047,3,28,87,4.07422049000002,"2"
2047,3,29,88,2.60935456999999,"2"
2047,3,30,89,1.73959043000002,"2"
2047,3,31,90,1.22078375000001,"2"
2048,3,1,61,3.20445635000004,"2"
2048,3,2,62,1.43441003000004,"2"
2048,3,3,63,2.51780045000004,"2"
2048,3,4,64,2.15158397000005,"2"
2048,3,5,65,3.03660712999999,"2"
2048,3,6,66,2.31943319000004,"2"
2048,3,7,67,2.99083007000002,"2"
2048,3,8,68,3.57067283000003,"2"
2048,3,9,69,2.15158397000005,"2"
2048,3,10,70,1.99899377000003,"2"
2048,3,11,71,1.54122317000002,"2"
2048,3,12,72,1.98373475,"2"
2048,3,13,73,2.36521025000002,"2"
2048,3,14,74,1.63277729000004,"2"
2048,3,15,75,2.85349889000003,"2"
2048,3,16,76,1.23604277000004,"2"
2048,3,17,77,3.14342027000004,"2"
2048,3,18,78,1.31233787000002,"2"
2048,3,19,79,2.48728241000003,"2"
2048,3,20,80,2.45676437000003,"2"
2048,3,21,81,2.07528887000001,"2"
2048,3,22,82,1.09871158999999,"2"
2048,3,23,83,2.48728241000003,"2"
2048,3,24,84,3.40282361000004,"2"
2048,3,25,85,2.06002985000003,"2"
2048,3,26,86,2.07528887000001,"2"
2048,3,27,87,2.21262005,"2"
2048,3,28,88,3.38756459000001,"2"
2048,3,29,89,1.20552473000004,"2"
2048,3,30,90,1.31233787000002,"2"
2048,3,31,91,1.05293453000002,"2"
2049,3,1,60,0.94612139000003,"2"
2049,3,2,61,1.86166259000004,"2"
2049,3,3,62,2.63987261,"2"
2049,3,4,63,2.45676437000003,"2"
2049,3,5,64,2.92979399000001,"2"
2049,3,6,65,1.96847573000002,"2"
2049,3,7,66,2.25839711000003,"2"
2049,3,8,67,1.75484944999999,"2"
2049,3,9,68,1.72433141000005,"2"
2049,3,10,69,1.92269867000005,"2"
2049,3,11,70,2.99083007000002,"2"
2049,3,12,71,1.78536749,"2"
2049,3,13,72,2.19736103000002,"2"
2049,3,14,73,2.67039065,"2"
2049,3,15,74,3.23497439000005,"2"
2049,3,16,75,2.33469221000001,"2"
2049,3,17,76,1.86166259000004,"2"
2049,3,18,77,1.67855435000001,"2"
2049,3,19,78,3.14342027000004,"2"
2049,3,20,79,1.52596414999999,"2"
2049,3,21,80,1.69381337000004,"2"
2049,3,22,81,1.95321670999999,"2"
2049,3,23,82,2.76194477000001,"2"
2049,3,24,83,4.16577461000003,"2"
2049,3,25,84,3.41808263000001,"2"
2049,3,26,85,2.19736103000002,"2"
2049,3,27,86,1.86166259000004,"2"
2049,3,28,87,3.44860067000002,"2"
2049,3,29,88,2.70090869000001,"2"
2049,3,30,89,2.73142673000001,"2"
2049,3,31,90,1.70907239000002,"2"
2050,3,1,60,2.88401693000003,"2"
2050,3,2,61,1.43441003000004,"2"
2050,3,3,62,2.63987261,"2"
2050,3,4,63,2.68564967000003,"2"
2050,3,5,64,3.32652851,"2"
2050,3,6,65,1.87692161000001,"2"
2050,3,7,66,2.73142673000001,"2"
2050,3,8,67,2.13632495000002,"2"
2050,3,9,68,1.34285591000003,"2"
2050,3,10,69,2.92979399000001,"2"
2050,3,11,70,2.42624633000003,"2"
2050,3,12,71,1.00715747000004,"2"
2050,3,13,72,2.48728241000003,"2"
2050,3,14,73,4.02844343000004,"2"
2050,3,15,74,2.28891515000004,"2"
2050,3,16,75,4.48621403000004,"2"
2050,3,17,76,2.48728241000003,"2"
2050,3,18,77,1.83114455000003,"2"
2050,3,19,78,1.98373475,"2"
2050,3,20,79,1.58700023,"2"
2050,3,21,80,2.02951181000003,"2"
2050,3,22,81,2.13632495000002,"2"
2050,3,23,82,1.58700023,"2"
2050,3,24,83,2.68564967000003,"2"
2050,3,25,84,4.13525657000002,"2"
2050,3,26,85,2.97557105000004,"2"
2050,3,27,86,2.10580691000001,"2"
2050,3,28,87,3.34178753000003,"2"
2050,3,29,88,2.85349889000003,"2"
2050,3,30,89,1.28181983000002,"2"
2050,3,31,90,2.34995123000004,"2"
2051,3,1,60,3.73852205000003,"2"
2051,3,2,61,3.66222695000005,"2"
2051,3,3,62,1.66329533000004,"2"
2051,3,4,63,2.09054789000004,"2"
2051,3,5,64,4.04370245000001,"2"
2051,3,6,65,2.51780045000004,"2"
2051,3,7,66,1.22078375000001,"2"
2051,3,8,67,2.60935456999999,"2"
2051,3,9,68,3.44860067000002,"2"
2051,3,10,69,2.41098731,"2"
2051,3,11,70,2.80772182999999,"2"
2051,3,12,71,1.90743965000001,"2"
2051,3,13,72,3.64696793000002,"2"
2051,3,14,73,5.02027973000003,"2"
2051,3,15,74,2.38046926999999,"2"
2051,3,16,75,1.52596414999999,"2"
2051,3,17,76,2.24313809,"2"
2051,3,18,77,2.89927595,"2"
2051,3,19,78,4.33362383000002,"2"
2051,3,20,79,1.92269867000005,"2"
2051,3,21,80,0.366278630000011,"2"
2051,3,22,81,0.457832750000023,"2"
2051,3,23,82,1.96847573000002,"2"
2051,3,24,83,3.00608909000005,"2"
2051,3,25,84,0.717236090000029,"2"
2051,3,26,85,1.48018709000002,"2"
2051,3,27,86,3.35704655000001,"2"
2051,3,28,87,4.19629265000003,"2"
2051,3,29,88,3.32652851,"2"
2051,3,30,89,2.04477083,"2"
2051,3,31,90,2.01425279,"2"
2052,3,1,61,3.69274498999999,"2"
2052,3,2,62,0.595163930000012,"2"
2052,3,3,63,0.79353119000001,"2"
2052,3,4,64,3.47911871000002,"2"
2052,3,5,65,2.71616771000004,"2"
2052,3,6,66,3.46385968999999,"2"
2052,3,7,67,2.92979399000001,"2"
2052,3,8,68,1.60225925000003,"2"
2052,3,9,69,2.30417417000001,"2"
2052,3,10,70,3.14342027000004,"2"
2052,3,11,71,3.03660712999999,"2"
2052,3,12,72,2.92979399000001,"2"
2052,3,13,73,2.13632495000002,"2"
2052,3,14,74,3.67748597000002,"2"
2052,3,15,75,1.05293453000002,"2"
2052,3,16,76,1.81588553,"2"
2052,3,17,77,2.19736103000002,"2"
2052,3,18,78,2.38046926999999,"2"
2052,3,19,79,2.85349889000003,"2"
2052,3,20,80,1.73959043000002,"2"
2052,3,21,81,1.38863297,"2"
2052,3,22,82,1.31233787000002,"2"
2052,3,23,83,1.35811493,"2"
2052,3,24,84,2.19736103000002,"2"
2052,3,25,85,2.44150535,"2"
2052,3,26,86,3.55541381,"2"
2052,3,27,87,2.31943319000004,"2"
2052,3,28,88,1.41915101000001,"2"
2052,3,29,89,1.67855435000001,"2"
2052,3,30,90,3.43334165000005,"2"
2052,3,31,91,4.48621403000004,"2"
2053,3,1,60,1.26656081000004,"2"
2053,3,2,61,2.28891515000004,"2"
2053,3,3,62,1.70907239000002,"2"
2053,3,4,63,1.43441003000004,"2"
2053,3,5,64,1.77010847000003,"2"
2053,3,6,65,0.93086237,"2"
2053,3,7,66,0.534127850000004,"2"
2053,3,8,67,2.65513163000003,"2"
2053,3,9,68,3.72326303,"2"
2053,3,10,69,1.84640357000001,"2"
2053,3,11,70,2.68564967000003,"2"
2053,3,12,71,5.61538151000002,"2"
2053,3,13,72,3.93688931000003,"2"
2053,3,14,73,1.25130179000001,"2"
2053,3,15,74,4.08947951000005,"2"
2053,3,16,75,1.63277729000004,"2"
2053,3,17,76,1.19026571000001,"2"
2053,3,18,77,0.686718050000025,"2"
2053,3,19,78,2.50254143000001,"2"
2053,3,20,79,2.96031203000001,"2"
2053,3,21,80,1.90743965000001,"2"
2053,3,22,81,2.77720379000004,"2"
2053,3,23,82,1.57174121000003,"2"
2053,3,24,83,1.60225925000003,"2"
2053,3,25,84,2.54831849000004,"2"
2053,3,26,85,3.00608909000005,"2"
2053,3,27,86,2.63987261,"2"
2053,3,28,87,1.61751827,"2"
2053,3,29,88,1.20552473000004,"2"
2053,3,30,89,4.21155167000001,"2"
2053,3,31,90,2.34995123000004,"2"
2054,3,1,60,4.11999754999999,"2"
2054,3,2,61,2.99083007000002,"2"
2054,3,3,62,1.64803631000001,"2"
2054,3,4,63,2.31943319000004,"2"
2054,3,5,64,1.63277729000004,"2"
2054,3,6,65,2.15158397000005,"2"
2054,3,7,66,0.839308250000045,"2"
2054,3,8,67,2.77720379000004,"2"
2054,3,9,68,2.36521025000002,"2"
2054,3,10,69,3.17393831000004,"2"
2054,3,11,70,0.961380410000004,"2"
2054,3,12,71,1.41915101000001,"2"
2054,3,13,72,3.60119087000004,"2"
2054,3,14,73,2.50254143000001,"2"
2054,3,15,74,1.22078375000001,"2"
2054,3,16,75,2.45676437000003,"2"
2054,3,17,76,2.68564967000003,"2"
2054,3,18,77,1.75484944999999,"2"
2054,3,19,78,2.10580691000001,"2"
2054,3,20,79,2.10580691000001,"2"
2054,3,21,80,3.03660712999999,"2"
2054,3,22,81,4.30310579000002,"2"
2054,3,23,82,2.91453497000003,"2"
2054,3,24,83,2.09054789000004,"2"
2054,3,25,84,1.67855435000001,"2"
2054,3,26,85,2.92979399000001,"2"
2054,3,27,86,2.34995123000004,"2"
2054,3,28,87,3.28075145000003,"2"
2054,3,29,88,2.39572829000002,"2"
2054,3,30,89,3.76904009000003,"2"
2054,3,31,90,1.48018709000002,"2"
2055,3,1,60,1.60225925000003,"2"
2055,3,2,61,2.16684299000002,"2"
2055,3,3,62,1.49544611000005,"2"
2055,3,4,63,3.37230557000004,"2"
2055,3,5,64,0.93086237,"2"
2055,3,6,65,2.15158397000005,"2"
2055,3,7,66,0.869826289999992,"2"
2055,3,8,67,1.09871158999999,"2"
2055,3,9,68,1.77010847000003,"2"
2055,3,10,69,3.02134811000002,"2"
2055,3,11,70,3.18919733000001,"2"
2055,3,12,71,1.66329533000004,"2"
2055,3,13,72,2.36521025000002,"2"
2055,3,14,73,2.86875791,"2"
2055,3,15,74,2.74668575000004,"2"
2055,3,16,75,2.10580691000001,"2"
2055,3,17,76,1.31233787000002,"2"
2055,3,18,77,2.56357751000002,"2"
2055,3,19,78,5.02027973000003,"2"
2055,3,20,79,2.56357751000002,"2"
2055,3,21,80,2.91453497000003,"2"
2055,3,22,81,2.76194477000001,"2"
2055,3,23,82,1.58700023,"2"
2055,3,24,83,1.61751827,"2"
2055,3,25,84,3.12816125,"2"
2055,3,26,85,2.47202339,"2"
2055,3,27,86,1.29707884999999,"2"
2055,3,28,87,1.25130179000001,"2"
2055,3,29,88,1.78536749,"2"
2055,3,30,89,2.70090869000001,"2"
2055,3,31,90,3.70800401000002,"2"
2056,3,1,61,2.68564967000003,"2"
2056,3,2,62,2.91453497000003,"2"
2056,3,3,63,0.640940990000047,"2"
2056,3,4,64,2.42624633000003,"2"
2056,3,5,65,2.88401693000003,"2"
2056,3,6,66,2.56357751000002,"2"
2056,3,7,67,2.12106593000004,"2"
2056,3,8,68,4.40991893,"2"
2056,3,9,69,2.99083007000002,"2"
2056,3,10,70,3.86059421000004,"2"
2056,3,11,71,2.94505301000004,"2"
2056,3,12,72,2.41098731,"2"
2056,3,13,73,1.46492807000004,"2"
2056,3,14,74,2.09054789000004,"2"
2056,3,15,75,2.39572829000002,"2"
2056,3,16,76,1.46492807000004,"2"
2056,3,17,77,1.31233787000002,"2"
2056,3,18,78,2.62461359000002,"2"
2056,3,19,79,1.89218063000004,"2"
2056,3,20,80,2.28891515000004,"2"
2056,3,21,81,1.69381337000004,"2"
2056,3,22,82,2.45676437000003,"2"
2056,3,23,83,2.42624633000003,"2"
2056,3,24,84,3.66222695000005,"2"
2056,3,25,85,3.17393831000004,"2"
2056,3,26,86,1.89218063000004,"2"
2056,3,27,87,2.97557105000004,"2"
2056,3,28,88,1.99899377000003,"2"
2056,3,29,89,1.63277729000004,"2"
2056,3,30,90,2.41098731,"2"
2056,3,31,91,1.43441003000004,"2"
2057,3,1,60,1.58700023,"2"
2057,3,2,61,2.13632495000002,"2"
2057,3,3,62,2.76194477000001,"2"
2057,3,4,63,3.05186615000002,"2"
2057,3,5,64,2.10580691000001,"2"
2057,3,6,65,2.59409555000002,"2"
2057,3,7,66,3.81481715000001,"2"
2057,3,8,67,2.74668575000004,"2"
2057,3,9,68,1.41915101000001,"2"
2057,3,10,69,3.46385968999999,"2"
2057,3,11,70,2.68564967000003,"2"
2057,3,12,71,2.85349889000003,"2"
2057,3,13,72,3.02134811000002,"2"
2057,3,14,73,2.59409555000002,"2"
2057,3,15,74,2.96031203000001,"2"
2057,3,16,75,2.50254143000001,"2"
2057,3,17,76,3.17393831000004,"2"
2057,3,18,77,3.81481715000001,"2"
2057,3,19,78,3.02134811000002,"2"
2057,3,20,79,2.68564967000003,"2"
2057,3,21,80,1.83114455000003,"2"
2057,3,22,81,1.09871158999999,"2"
2057,3,23,82,2.34995123000004,"2"
2057,3,24,83,3.63170891000004,"2"
2057,3,25,84,2.79246281000002,"2"
2057,3,26,85,1.34285591000003,"2"
2057,3,27,86,1.09871158999999,"2"
2057,3,28,87,1.96847573000002,"2"
2057,3,29,88,1.89218063000004,"2"
2057,3,30,89,3.12816125,"2"
2057,3,31,90,4.97450266999999,"2"
2058,3,1,60,2.65513163000003,"2"
2058,3,2,61,2.33469221000001,"2"
2058,3,3,62,1.12922963,"2"
2058,3,4,63,1.23604277000004,"2"
2058,3,5,64,2.02951181000003,"2"
2058,3,6,65,2.85349889000003,"2"
2058,3,7,66,1.34285591000003,"2"
2058,3,8,67,1.92269867000005,"2"
2058,3,9,68,4.11999754999999,"2"
2058,3,10,69,4.98976169000002,"2"
2058,3,11,70,1.99899377000003,"2"
2058,3,12,71,2.56357751000002,"2"
2058,3,13,72,3.84533519000001,"2"
2058,3,14,73,2.89927595,"2"
2058,3,15,74,1.58700023,"2"
2058,3,16,75,2.07528887000001,"2"
2058,3,17,76,1.22078375000001,"2"
2058,3,18,77,1.35811493,"2"
2058,3,19,78,1.12922963,"2"
2058,3,20,79,1.83114455000003,"2"
2058,3,21,80,1.86166259000004,"2"
2058,3,22,81,3.08238419000003,"2"
2058,3,23,82,2.47202339,"2"
2058,3,24,83,2.76194477000001,"2"
2058,3,25,84,2.39572829000002,"2"
2058,3,26,85,2.94505301000004,"2"
2058,3,27,86,2.99083007000002,"2"
2058,3,28,87,2.36521025000002,"2"
2058,3,29,88,1.84640357000001,"2"
2058,3,30,89,2.09054789000004,"2"
2058,3,31,90,3.35704655000001,"2"
2059,3,1,60,1.58700023,"2"
2059,3,2,61,2.51780045000004,"2"
2059,3,3,62,1.78536749,"2"
2059,3,4,63,2.22787907000003,"2"
2059,3,5,64,2.02951181000003,"2"
2059,3,6,65,1.95321670999999,"2"
2059,3,7,66,1.49544611000005,"2"
2059,3,8,67,1.54122317000002,"2"
2059,3,9,68,2.71616771000004,"2"
2059,3,10,69,2.68564967000003,"2"
2059,3,11,70,2.21262005,"2"
2059,3,12,71,1.12922963,"2"
2059,3,13,72,1.87692161000001,"2"
2059,3,14,73,2.71616771000004,"2"
2059,3,15,74,3.09764321,"2"
2059,3,16,75,1.02241649000001,"2"
2059,3,17,76,2.15158397000005,"2"
2059,3,18,77,3.40282361000004,"2"
2059,3,19,78,3.12816125,"2"
2059,3,20,79,2.13632495000002,"2"
2059,3,21,80,1.17500669000003,"2"
2059,3,22,81,3.46385968999999,"2"
2059,3,23,82,3.52489577,"2"
2059,3,24,83,2.18210200999999,"2"
2059,3,25,84,1.99899377000003,"2"
2059,3,26,85,1.40389199000003,"2"
2059,3,27,86,2.50254143000001,"2"
2059,3,28,87,2.97557105000004,"2"
2059,3,29,88,3.46385968999999,"2"
2059,3,30,89,4.19629265000003,"2"
2059,3,31,90,1.03767551000004,"2"
2060,3,1,61,1.77010847000003,"2"
2060,3,2,62,2.85349889000003,"2"
2060,3,3,63,0.763013150000006,"2"
2060,3,4,64,1.95321670999999,"2"
2060,3,5,65,2.56357751000002,"2"
2060,3,6,66,2.76194477000001,"2"
2060,3,7,67,1.34285591000003,"2"
2060,3,8,68,2.09054789000004,"2"
2060,3,9,69,2.97557105000004,"2"
2060,3,10,70,3.44860067000002,"2"
2060,3,11,71,1.35811493,"2"
2060,3,12,72,1.02241649000001,"2"
2060,3,13,73,2.12106593000004,"2"
2060,3,14,74,1.38863297,"2"
2060,3,15,75,1.81588553,"2"
2060,3,16,76,1.23604277000004,"2"
2060,3,17,77,2.25839711000003,"2"
2060,3,18,78,3.00608909000005,"2"
2060,3,19,79,3.11290223000003,"2"
2060,3,20,80,2.41098731,"2"
2060,3,21,81,1.55648219,"2"
2060,3,22,82,3.40282361000004,"2"
2060,3,23,83,3.69274498999999,"2"
2060,3,24,84,2.71616771000004,"2"
2060,3,25,85,2.09054789000004,"2"
2060,3,26,86,1.72433141000005,"2"
2060,3,27,87,4.69984031000001,"2"
2060,3,28,88,2.42624633000003,"2"
2060,3,29,89,2.04477083,"2"
2060,3,30,90,1.86166259000004,"2"
2060,3,31,91,1.05293453000002,"2"
2061,3,1,60,1.22078375000001,"2"
2061,3,2,61,2.12106593000004,"2"
2061,3,3,62,0.900344329999996,"2"
2061,3,4,63,2.83823987,"2"
2061,3,5,64,3.29601047,"2"
2061,3,6,65,2.51780045000004,"2"
2061,3,7,66,1.90743965000001,"2"
2061,3,8,67,1.46492807000004,"2"
2061,3,9,68,2.34995123000004,"2"
2061,3,10,69,1.35811493,"2"
2061,3,11,70,1.11397061000002,"2"
2061,3,12,71,1.72433141000005,"2"
2061,3,13,72,3.05186615000002,"2"
2061,3,14,73,2.51780045000004,"2"
2061,3,15,74,1.49544611000005,"2"
2061,3,16,75,2.01425279,"2"
2061,3,17,76,1.84640357000001,"2"
2061,3,18,77,0.854567270000018,"2"
2061,3,19,78,0.824049230000014,"2"
2061,3,20,79,1.84640357000001,"2"
2061,3,21,80,3.63170891000004,"2"
2061,3,22,81,3.29601047,"2"
2061,3,23,82,1.64803631000001,"2"
2061,3,24,83,1.43441003000004,"2"
2061,3,25,84,2.06002985000003,"2"
2061,3,26,85,2.77720379000004,"2"
2061,3,27,86,1.80062651000003,"2"
2061,3,28,87,2.80772182999999,"2"
2061,3,29,88,2.73142673000001,"2"
2061,3,30,89,2.30417417000001,"2"
2061,3,31,90,1.09871158999999,"2"
2062,3,1,60,1.70907239000002,"2"
2062,3,2,61,1.67855435000001,"2"
2062,3,3,62,1.40389199000003,"2"
2062,3,4,63,1.90743965000001,"2"
2062,3,5,64,3.49437773,"2"
2062,3,6,65,3.37230557000004,"2"
2062,3,7,66,4.11999754999999,"2"
2062,3,8,67,2.63987261,"2"
2062,3,9,68,2.62461359000002,"2"
2062,3,10,69,1.00715747000004,"2"
2062,3,11,70,3.15867929000001,"2"
2062,3,12,71,3.66222695000005,"2"
2062,3,13,72,2.92979399000001,"2"
2062,3,14,73,2.09054789000004,"2"
2062,3,15,74,1.15974767,"2"
2062,3,16,75,1.40389199000003,"2"
2062,3,17,76,3.43334165000005,"2"
2062,3,18,77,2.71616771000004,"2"
2062,3,19,78,2.34995123000004,"2"
2062,3,20,79,1.43441003000004,"2"
2062,3,21,80,0.961380410000004,"2"
2062,3,22,81,1.60225925000003,"2"
2062,3,23,82,2.01425279,"2"
2062,3,24,83,2.39572829000002,"2"
2062,3,25,84,2.71616771000004,"2"
2062,3,26,85,3.43334165000005,"2"
2062,3,27,86,3.32652851,"2"
2062,3,28,87,2.42624633000003,"2"
2062,3,29,88,2.21262005,"2"
2062,3,30,89,4.40991893,"2"
2062,3,31,90,2.94505301000004,"2"
2063,3,1,60,1.31233787000002,"2"
2063,3,2,61,1.22078375000001,"2"
2063,3,3,62,1.19026571000001,"2"
2063,3,4,63,3.78429911000001,"2"
2063,3,5,64,2.51780045000004,"2"
2063,3,6,65,1.28181983000002,"2"
2063,3,7,66,2.44150535,"2"
2063,3,8,67,0.94612139000003,"2"
2063,3,9,68,1.49544611000005,"2"
2063,3,10,69,1.89218063000004,"2"
2063,3,11,70,4.34888285,"2"
2063,3,12,71,1.77010847000003,"2"
2063,3,13,72,2.12106593000004,"2"
2063,3,14,73,1.44966905000001,"2"
2063,3,15,74,2.88401693000003,"2"
2063,3,16,75,3.83007617000004,"2"
2063,3,17,76,3.38756459000001,"2"
2063,3,18,77,2.33469221000001,"2"
2063,3,19,78,2.79246281000002,"2"
2063,3,20,79,2.77720379000004,"2"
2063,3,21,80,2.77720379000004,"2"
2063,3,22,81,4.76087639000002,"2"
2063,3,23,82,1.93795769000002,"2"
2063,3,24,83,3.28075145000003,"2"
2063,3,25,84,4.13525657000002,"2"
2063,3,26,85,2.56357751000002,"2"
2063,3,27,86,0.976639430000034,"2"
2063,3,28,87,1.29707884999999,"2"
2063,3,29,88,2.86875791,"2"
2063,3,30,89,5.53908641000004,"2"
2063,3,31,90,3.21971537000002,"2"
2064,3,1,61,1.58700023,"2"
2064,3,2,62,2.27365613000001,"2"
2064,3,3,63,2.24313809,"2"
2064,3,4,64,1.09871158999999,"2"
2064,3,5,65,1.55648219,"2"
2064,3,6,66,2.71616771000004,"2"
2064,3,7,67,2.82298085000002,"2"
2064,3,8,68,2.50254143000001,"2"
2064,3,9,69,1.12922963,"2"
2064,3,10,70,1.98373475,"2"
2064,3,11,71,2.38046926999999,"2"
2064,3,12,72,1.77010847000003,"2"
2064,3,13,73,1.06819355000005,"2"
2064,3,14,74,1.41915101000001,"2"
2064,3,15,75,1.26656081000004,"2"
2064,3,16,76,2.86875791,"2"
2064,3,17,77,4.73035835000002,"2"
2064,3,18,78,3.06712517,"2"
2064,3,19,79,0.366278630000011,"2"
2064,3,20,80,1.60225925000003,"2"
2064,3,21,81,4.89820757000001,"2"
2064,3,22,82,3.08238419000003,"2"
2064,3,23,83,3.60119087000004,"2"
2064,3,24,84,2.82298085000002,"2"
2064,3,25,85,1.25130179000001,"2"
2064,3,26,86,1.84640357000001,"2"
2064,3,27,87,2.24313809,"2"
2064,3,28,88,3.25023341000002,"2"
2064,3,29,89,3.02134811000002,"2"
2064,3,30,90,3.44860067000002,"2"
2064,3,31,91,4.22681069000004,"2"
2065,3,1,60,1.03767551000004,"2"
2065,3,2,61,2.47202339,"2"
2065,3,3,62,1.98373475,"2"
2065,3,4,63,1.99899377000003,"2"
2065,3,5,64,1.58700023,"2"
2065,3,6,65,2.04477083,"2"
2065,3,7,66,1.61751827,"2"
2065,3,8,67,1.70907239000002,"2"
2065,3,9,68,2.63987261,"2"
2065,3,10,69,1.93795769000002,"2"
2065,3,11,70,2.53305947000001,"2"
2065,3,12,71,2.97557105000004,"2"
2065,3,13,72,2.83823987,"2"
2065,3,14,73,2.54831849000004,"2"
2065,3,15,74,1.14448865000003,"2"
2065,3,16,75,0.824049230000014,"2"
2065,3,17,76,1.64803631000001,"2"
2065,3,18,77,4.02844343000004,"2"
2065,3,19,78,3.75378107,"2"
2065,3,20,79,2.36521025000002,"2"
2065,3,21,80,2.77720379000004,"2"
2065,3,22,81,3.05186615000002,"2"
2065,3,23,82,2.62461359000002,"2"
2065,3,24,83,3.95214833,"2"
2065,3,25,84,1.95321670999999,"2"
2065,3,26,85,3.12816125,"2"
2065,3,27,86,4.40991893,"2"
2065,3,28,87,4.71509933000004,"2"
2065,3,29,88,3.37230557000004,"2"
2065,3,30,89,1.37337395000003,"2"
2065,3,31,90,1.90743965000001,"2"
2066,3,1,60,2.71616771000004,"2"
2066,3,2,61,2.59409555000002,"2"
2066,3,3,62,3.26549243,"2"
2066,3,4,63,2.27365613000001,"2"
2066,3,5,64,2.21262005,"2"
2066,3,6,65,3.35704655000001,"2"
2066,3,7,66,2.24313809,"2"
2066,3,8,67,3.28075145000003,"2"
2066,3,9,68,1.63277729000004,"2"
2066,3,10,69,1.90743965000001,"2"
2066,3,11,70,2.50254143000001,"2"
2066,3,12,71,2.50254143000001,"2"
2066,3,13,72,3.21971537000002,"2"
2066,3,14,73,1.78536749,"2"
2066,3,15,74,1.48018709000002,"2"
2066,3,16,75,4.08947951000005,"2"
2066,3,17,76,3.90637127000002,"2"
2066,3,18,77,3.31126949000003,"2"
2066,3,19,78,2.86875791,"2"
2066,3,20,79,3.03660712999999,"2"
2066,3,21,80,1.34285591000003,"2"
2066,3,22,81,2.45676437000003,"2"
2066,3,23,82,3.61644989000001,"2"
2066,3,24,83,1.73959043000002,"2"
2066,3,25,84,2.42624633000003,"2"
2066,3,26,85,4.65406325000004,"2"
2066,3,27,86,3.75378107,"2"
2066,3,28,87,1.93795769000002,"2"
2066,3,29,88,1.12922963,"2"
2066,3,30,89,2.76194477000001,"2"
2066,3,31,90,4.44043697000001,"2"
2067,3,1,60,1.90743965000001,"2"
2067,3,2,61,0.549386870000035,"2"
2067,3,3,62,2.45676437000003,"2"
2067,3,4,63,1.75484944999999,"2"
2067,3,5,64,0.900344329999996,"2"
2067,3,6,65,1.12922963,"2"
2067,3,7,66,3.28075145000003,"2"
2067,3,8,67,3.38756459000001,"2"
2067,3,9,68,0.93086237,"2"
2067,3,10,69,1.72433141000005,"2"
2067,3,11,70,1.06819355000005,"2"
2067,3,12,71,2.76194477000001,"2"
2067,3,13,72,4.68458129000004,"2"
2067,3,14,73,1.93795769000002,"2"
2067,3,15,74,2.74668575000004,"2"
2067,3,16,75,4.88294855000004,"2"
2067,3,17,76,3.78429911000001,"2"
2067,3,18,77,2.74668575000004,"2"
2067,3,19,78,1.89218063000004,"2"
2067,3,20,79,1.75484944999999,"2"
2067,3,21,80,0.79353119000001,"2"
2067,3,22,81,1.51070513000002,"2"
2067,3,23,82,3.95214833,"2"
2067,3,24,83,0.961380410000004,"2"
2067,3,25,84,0.885085310000022,"2"
2067,3,26,85,1.55648219,"2"
2067,3,27,86,2.86875791,"2"
2067,3,28,87,1.99899377000003,"2"
2067,3,29,88,2.63987261,"2"
2067,3,30,89,3.00608909000005,"2"
2067,3,31,90,2.76194477000001,"2"
2068,3,1,61,2.65513163000003,"2"
2068,3,2,62,1.93795769000002,"2"
2068,3,3,63,1.87692161000001,"2"
2068,3,4,64,1.19026571000001,"2"
2068,3,5,65,3.31126949000003,"2"
2068,3,6,66,2.91453497000003,"2"
2068,3,7,67,3.08238419000003,"2"
2068,3,8,68,1.38863297,"2"
2068,3,9,69,2.25839711000003,"2"
2068,3,10,70,2.24313809,"2"
2068,3,11,71,2.89927595,"2"
2068,3,12,72,2.56357751000002,"2"
2068,3,13,73,1.83114455000003,"2"
2068,3,14,74,2.99083007000002,"2"
2068,3,15,75,1.64803631000001,"2"
2068,3,16,76,5.67641759000003,"2"
2068,3,17,77,3.11290223000003,"2"
2068,3,18,78,3.64696793000002,"2"
2068,3,19,79,2.07528887000001,"2"
2068,3,20,80,2.73142673000001,"2"
2068,3,21,81,2.79246281000002,"2"
2068,3,22,82,2.38046926999999,"2"
2068,3,23,83,2.65513163000003,"2"
2068,3,24,84,3.89111224999999,"2"
2068,3,25,85,2.12106593000004,"2"
2068,3,26,86,1.05293453000002,"2"
2068,3,27,87,2.38046926999999,"2"
2068,3,28,88,3.38756459000001,"2"
2068,3,29,89,4.24206971000001,"2"
2068,3,30,90,2.09054789000004,"2"
2068,3,31,91,1.80062651000003,"2"
2069,3,1,60,1.52596414999999,"2"
2069,3,2,61,1.14448865000003,"2"
2069,3,3,62,1.06819355000005,"2"
2069,3,4,63,1.48018709000002,"2"
2069,3,5,64,1.46492807000004,"2"
2069,3,6,65,2.41098731,"2"
2069,3,7,66,2.74668575000004,"2"
2069,3,8,67,2.51780045000004,"2"
2069,3,9,68,1.92269867000005,"2"
2069,3,10,69,0.885085310000022,"2"
2069,3,11,70,1.03767551000004,"2"
2069,3,12,71,1.55648219,"2"
2069,3,13,72,2.02951181000003,"2"
2069,3,14,73,2.44150535,"2"
2069,3,15,74,2.60935456999999,"2"
2069,3,16,75,0.808790210000041,"2"
2069,3,17,76,2.02951181000003,"2"
2069,3,18,77,2.38046926999999,"2"
2069,3,19,78,1.08345257000002,"2"
2069,3,20,79,2.50254143000001,"2"
2069,3,21,80,2.21262005,"2"
2069,3,22,81,2.76194477000001,"2"
2069,3,23,82,2.96031203000001,"2"
2069,3,24,83,2.63987261,"2"
2069,3,25,84,1.12922963,"2"
2069,3,26,85,2.97557105000004,"2"
2069,3,27,86,2.24313809,"2"
2069,3,28,87,1.93795769000002,"2"
2069,3,29,88,1.72433141000005,"2"
2069,3,30,89,3.67748597000002,"2"
2069,3,31,90,2.44150535,"2"
2070,3,1,60,3.02134811000002,"2"
2070,3,2,61,2.65513163000003,"2"
2070,3,3,62,1.77010847000003,"2"
2070,3,4,63,2.07528887000001,"2"
2070,3,5,64,2.99083007000002,"2"
2070,3,6,65,2.88401693000003,"2"
2070,3,7,66,2.73142673000001,"2"
2070,3,8,67,3.08238419000003,"2"
2070,3,9,68,3.08238419000003,"2"
2070,3,10,69,1.83114455000003,"2"
2070,3,11,70,2.56357751000002,"2"
2070,3,12,71,3.69274498999999,"2"
2070,3,13,72,1.51070513000002,"2"
2070,3,14,73,2.09054789000004,"2"
2070,3,15,74,1.86166259000004,"2"
2070,3,16,75,1.17500669000003,"2"
2070,3,17,76,1.95321670999999,"2"
2070,3,18,77,2.63987261,"2"
2070,3,19,78,1.58700023,"2"
2070,3,20,79,3.44860067000002,"2"
2070,3,21,80,1.75484944999999,"2"
2070,3,22,81,1.78536749,"2"
2070,3,23,82,2.71616771000004,"2"
2070,3,24,83,2.39572829000002,"2"
2070,3,25,84,3.29601047,"2"
2070,3,26,85,2.96031203000001,"2"
2070,3,27,86,1.38863297,"2"
2070,3,28,87,2.07528887000001,"2"
2070,3,29,88,0.991898450000008,"2"
2070,3,30,89,0.976639430000034,"2"
2070,3,31,90,3.55541381,"2"
2071,3,1,60,3.90637127000002,"2"
2071,3,2,61,2.12106593000004,"2"
2071,3,3,62,2.19736103000002,"2"
2071,3,4,63,1.09871158999999,"2"
2071,3,5,64,2.73142673000001,"2"
2071,3,6,65,2.53305947000001,"2"
2071,3,7,66,1.90743965000001,"2"
2071,3,8,67,1.28181983000002,"2"
2071,3,9,68,1.81588553,"2"
2071,3,10,69,2.28891515000004,"2"
2071,3,11,70,2.60935456999999,"2"
2071,3,12,71,3.00608909000005,"2"
2071,3,13,72,0.427314710000019,"2"
2071,3,14,73,1.11397061000002,"2"
2071,3,15,74,2.88401693000003,"2"
2071,3,16,75,1.96847573000002,"2"
2071,3,17,76,1.75484944999999,"2"
2071,3,18,77,2.44150535,"2"
2071,3,19,78,1.46492807000004,"2"
2071,3,20,79,1.44966905000001,"2"
2071,3,21,80,2.33469221000001,"2"
2071,3,22,81,4.63880423,"2"
2071,3,23,82,2.67039065,"2"
2071,3,24,83,1.48018709000002,"2"
2071,3,25,84,2.71616771000004,"2"
2071,3,26,85,2.53305947000001,"2"
2071,3,27,86,2.12106593000004,"2"
2071,3,28,87,1.87692161000001,"2"
2071,3,29,88,1.57174121000003,"2"
2071,3,30,89,3.26549243,"2"
2071,3,31,90,2.34995123000004,"2"
2072,3,1,61,2.99083007000002,"2"
2072,3,2,62,2.65513163000003,"2"
2072,3,3,63,2.27365613000001,"2"
2072,3,4,64,1.54122317000002,"2"
2072,3,5,65,0.686718050000025,"2"
2072,3,6,66,1.93795769000002,"2"
2072,3,7,67,2.07528887000001,"2"
2072,3,8,68,1.41915101000001,"2"
2072,3,9,69,3.90637127000002,"2"
2072,3,10,70,0.763013150000006,"2"
2072,3,11,71,3.32652851,"2"
2072,3,12,72,3.70800401000002,"2"
2072,3,13,73,2.51780045000004,"2"
2072,3,14,74,2.06002985000003,"2"
2072,3,15,75,1.54122317000002,"2"
2072,3,16,76,3.03660712999999,"2"
2072,3,17,77,1.34285591000003,"2"
2072,3,18,78,4.05896147000004,"2"
2072,3,19,79,4.94398463000005,"2"
2072,3,20,80,1.83114455000003,"2"
2072,3,21,81,3.23497439000005,"2"
2072,3,22,82,1.54122317000002,"2"
2072,3,23,83,2.68564967000003,"2"
2072,3,24,84,2.53305947000001,"2"
2072,3,25,85,0.991898450000008,"2"
2072,3,26,86,0.625681970000016,"2"
2072,3,27,87,1.03767551000004,"2"
2072,3,28,88,1.75484944999999,"2"
2072,3,29,89,1.96847573000002,"2"
2072,3,30,90,1.63277729000004,"2"
2072,3,31,91,2.70090869000001,"2"
2073,3,1,60,1.19026571000001,"2"
2073,3,2,61,0.732495110000002,"2"
2073,3,3,62,2.77720379000004,"2"
2073,3,4,63,3.90637127000002,"2"
2073,3,5,64,3.55541381,"2"
2073,3,6,65,3.44860067000002,"2"
2073,3,7,66,2.53305947000001,"2"
2073,3,8,67,2.07528887000001,"2"
2073,3,9,68,1.51070513000002,"2"
2073,3,10,69,0.93086237,"2"
2073,3,11,70,2.56357751000002,"2"
2073,3,12,71,4.27258775000001,"2"
2073,3,13,72,2.80772182999999,"2"
2073,3,14,73,3.38756459000001,"2"
2073,3,15,74,2.22787907000003,"2"
2073,3,16,75,0.473091769999996,"2"
2073,3,17,76,2.07528887000001,"2"
2073,3,18,77,1.92269867000005,"2"
2073,3,19,78,2.04477083,"2"
2073,3,20,79,3.02134811000002,"2"
2073,3,21,80,1.67855435000001,"2"
2073,3,22,81,2.10580691000001,"2"
2073,3,23,82,2.36521025000002,"2"
2073,3,24,83,5.17286993000005,"2"
2073,3,25,84,4.68458129000004,"2"
2073,3,26,85,2.28891515000004,"2"
2073,3,27,86,1.46492807000004,"2"
2073,3,28,87,1.70907239000002,"2"
2073,3,29,88,2.45676437000003,"2"
2073,3,30,89,3.38756459000001,"2"
2073,3,31,90,3.14342027000004,"2"
2074,3,1,60,2.59409555000002,"2"
2074,3,2,61,1.25130179000001,"2"
2074,3,3,62,0.198429410000017,"2"
2074,3,4,63,1.35811493,"2"
2074,3,5,64,0.412055690000045,"2"
2074,3,6,65,0.79353119000001,"2"
2074,3,7,66,2.59409555000002,"2"
2074,3,8,67,2.47202339,"2"
2074,3,9,68,2.67039065,"2"
2074,3,10,69,1.12922963,"2"
2074,3,11,70,0.79353119000001,"2"
2074,3,12,71,2.19736103000002,"2"
2074,3,13,72,1.57174121000003,"2"
2074,3,14,73,3.67748597000002,"2"
2074,3,15,74,3.35704655000001,"2"
2074,3,16,75,1.12922963,"2"
2074,3,17,76,1.55648219,"2"
2074,3,18,77,0.976639430000034,"2"
2074,3,19,78,0.94612139000003,"2"
2074,3,20,79,1.63277729000004,"2"
2074,3,21,80,2.99083007000002,"2"
2074,3,22,81,2.09054789000004,"2"
2074,3,23,82,2.86875791,"2"
2074,3,24,83,1.70907239000002,"2"
2074,3,25,84,2.16684299000002,"2"
2074,3,26,85,1.77010847000003,"2"
2074,3,27,86,2.91453497000003,"2"
2074,3,28,87,2.28891515000004,"2"
2074,3,29,88,2.18210200999999,"2"
2074,3,30,89,1.81588553,"2"
2074,3,31,90,2.88401693000003,"2"
2075,3,1,60,1.08345257000002,"2"
2075,3,2,61,1.87692161000001,"2"
2075,3,3,62,0.808790210000041,"2"
2075,3,4,63,4.15051559,"2"
2075,3,5,64,2.27365613000001,"2"
2075,3,6,65,1.49544611000005,"2"
2075,3,7,66,1.20552473000004,"2"
2075,3,8,67,0.824049230000014,"2"
2075,3,9,68,1.37337395000003,"2"
2075,3,10,69,3.00608909000005,"2"
2075,3,11,70,2.96031203000001,"2"
2075,3,12,71,2.60935456999999,"2"
2075,3,13,72,2.01425279,"2"
2075,3,14,73,0.93086237,"2"
2075,3,15,74,1.73959043000002,"2"
2075,3,16,75,2.47202339,"2"
2075,3,17,76,2.85349889000003,"2"
2075,3,18,77,2.31943319000004,"2"
2075,3,19,78,1.54122317000002,"2"
2075,3,20,79,3.15867929000001,"2"
2075,3,21,80,1.34285591000003,"2"
2075,3,22,81,2.85349889000003,"2"
2075,3,23,82,3.75378107,"2"
2075,3,24,83,2.97557105000004,"2"
2075,3,25,84,2.19736103000002,"2"
2075,3,26,85,3.25023341000002,"2"
2075,3,27,86,3.37230557000004,"2"
2075,3,28,87,3.17393831000004,"2"
2075,3,29,88,2.48728241000003,"2"
2075,3,30,89,2.42624633000003,"2"
2075,3,31,90,2.74668575000004,"2"
2076,3,1,61,1.40389199000003,"2"
2076,3,2,62,1.92269867000005,"2"
2076,3,3,63,3.09764321,"2"
2076,3,4,64,2.79246281000002,"2"
2076,3,5,65,2.73142673000001,"2"
2076,3,6,66,1.67855435000001,"2"
2076,3,7,67,2.27365613000001,"2"
2076,3,8,68,2.96031203000001,"2"
2076,3,9,69,1.52596414999999,"2"
2076,3,10,70,2.41098731,"2"
2076,3,11,71,3.21971537000002,"2"
2076,3,12,72,4.89820757000001,"2"
2076,3,13,73,1.67855435000001,"2"
2076,3,14,74,1.55648219,"2"
2076,3,15,75,2.01425279,"2"
2076,3,16,76,1.93795769000002,"2"
2076,3,17,77,2.19736103000002,"2"
2076,3,18,78,1.70907239000002,"2"
2076,3,19,79,2.13632495000002,"2"
2076,3,20,80,3.49437773,"2"
2076,3,21,81,4.01318441000001,"2"
2076,3,22,82,4.97450266999999,"2"
2076,3,23,83,5.24916503000003,"2"
2076,3,24,84,3.00608909000005,"2"
2076,3,25,85,2.28891515000004,"2"
2076,3,26,86,3.61644989000001,"2"
2076,3,27,87,3.32652851,"2"
2076,3,28,88,0.824049230000014,"2"
2076,3,29,89,2.94505301000004,"2"
2076,3,30,90,5.29494209000001,"2"
2076,3,31,91,3.54015479000003,"2"
2077,3,1,60,2.09054789000004,"2"
2077,3,2,61,1.41915101000001,"2"
2077,3,3,62,1.09871158999999,"2"
2077,3,4,63,1.28181983000002,"2"
2077,3,5,64,2.27365613000001,"2"
2077,3,6,65,1.26656081000004,"2"
2077,3,7,66,1.38863297,"2"
2077,3,8,67,1.31233787000002,"2"
2077,3,9,68,1.58700023,"2"
2077,3,10,69,2.85349889000003,"2"
2077,3,11,70,3.37230557000004,"2"
2077,3,12,71,2.15158397000005,"2"
2077,3,13,72,1.40389199000003,"2"
2077,3,14,73,2.27365613000001,"2"
2077,3,15,74,3.26549243,"2"
2077,3,16,75,2.04477083,"2"
2077,3,17,76,0.991898450000008,"2"
2077,3,18,77,2.07528887000001,"2"
2077,3,19,78,2.99083007000002,"2"
2077,3,20,79,2.80772182999999,"2"
2077,3,21,80,2.18210200999999,"2"
2077,3,22,81,2.50254143000001,"2"
2077,3,23,82,1.14448865000003,"2"
2077,3,24,83,1.02241649000001,"2"
2077,3,25,84,2.09054789000004,"2"
2077,3,26,85,1.34285591000003,"2"
2077,3,27,86,2.77720379000004,"2"
2077,3,28,87,2.47202339,"2"
2077,3,29,88,2.28891515000004,"2"
2077,3,30,89,1.81588553,"2"
2077,3,31,90,2.92979399000001,"2"
2078,3,1,60,2.09054789000004,"2"
2078,3,2,61,4.65406325000004,"2"
2078,3,3,62,2.82298085000002,"2"
2078,3,4,63,2.22787907000003,"2"
2078,3,5,64,1.63277729000004,"2"
2078,3,6,65,1.05293453000002,"2"
2078,3,7,66,1.26656081000004,"2"
2078,3,8,67,2.18210200999999,"2"
2078,3,9,68,1.20552473000004,"2"
2078,3,10,69,1.51070513000002,"2"
2078,3,11,70,1.96847573000002,"2"
2078,3,12,71,2.30417417000001,"2"
2078,3,13,72,2.47202339,"2"
2078,3,14,73,1.64803631000001,"2"
2078,3,15,74,1.37337395000003,"2"
2078,3,16,75,2.28891515000004,"2"
2078,3,17,76,2.45676437000003,"2"
2078,3,18,77,2.27365613000001,"2"
2078,3,19,78,1.63277729000004,"2"
2078,3,20,79,1.99899377000003,"2"
2078,3,21,80,1.52596414999999,"2"
2078,3,22,81,0.549386870000035,"2"
2078,3,23,82,1.43441003000004,"2"
2078,3,24,83,2.83823987,"2"
2078,3,25,84,2.88401693000003,"2"
2078,3,26,85,4.48621403000004,"2"
2078,3,27,86,3.12816125,"2"
2078,3,28,87,2.04477083,"2"
2078,3,29,88,1.63277729000004,"2"
2078,3,30,89,2.71616771000004,"2"
2078,3,31,90,5.27968307000003,"2"
2079,3,1,60,2.53305947000001,"2"
2079,3,2,61,1.35811493,"2"
2079,3,3,62,1.83114455000003,"2"
2079,3,4,63,2.89927595,"2"
2079,3,5,64,2.65513163000003,"2"
2079,3,6,65,2.16684299000002,"2"
2079,3,7,66,2.16684299000002,"2"
2079,3,8,67,2.89927595,"2"
2079,3,9,68,1.37337395000003,"2"
2079,3,10,69,1.44966905000001,"2"
2079,3,11,70,2.82298085000002,"2"
2079,3,12,71,3.34178753000003,"2"
2079,3,13,72,3.43334165000005,"2"
2079,3,14,73,3.72326303,"2"
2079,3,15,74,2.74668575000004,"2"
2079,3,16,75,1.11397061000002,"2"
2079,3,17,76,2.36521025000002,"2"
2079,3,18,77,1.90743965000001,"2"
2079,3,19,78,1.96847573000002,"2"
2079,3,20,79,2.15158397000005,"2"
2079,3,21,80,1.57174121000003,"2"
2079,3,22,81,2.97557105000004,"2"
2079,3,23,82,3.98266637,"2"
2079,3,24,83,2.76194477000001,"2"
2079,3,25,84,1.86166259000004,"2"
2079,3,26,85,2.70090869000001,"2"
2079,3,27,86,2.28891515000004,"2"
2079,3,28,87,3.44860067000002,"2"
2079,3,29,88,2.71616771000004,"2"
2079,3,30,89,2.85349889000003,"2"
2079,3,31,90,1.52596414999999,"2"
2080,3,1,61,0.824049230000014,"2"
2080,3,2,62,1.80062651000003,"2"
2080,3,3,63,2.54831849000004,"2"
2080,3,4,64,1.64803631000001,"2"
2080,3,5,65,1.49544611000005,"2"
2080,3,6,66,2.76194477000001,"2"
2080,3,7,67,1.90743965000001,"2"
2080,3,8,68,1.12922963,"2"
2080,3,9,69,2.67039065,"2"
2080,3,10,70,3.12816125,"2"
2080,3,11,71,2.51780045000004,"2"
2080,3,12,72,2.30417417000001,"2"
2080,3,13,73,1.02241649000001,"2"
2080,3,14,74,3.18919733000001,"2"
2080,3,15,75,2.10580691000001,"2"
2080,3,16,76,3.44860067000002,"2"
2080,3,17,77,2.57883653000005,"2"
2080,3,18,78,2.56357751000002,"2"
2080,3,19,79,1.92269867000005,"2"
2080,3,20,80,1.15974767,"2"
2080,3,21,81,0.93086237,"2"
2080,3,22,82,1.19026571000001,"2"
2080,3,23,83,2.01425279,"2"
2080,3,24,84,2.99083007000002,"2"
2080,3,25,85,2.41098731,"2"
2080,3,26,86,1.26656081000004,"2"
2080,3,27,87,3.37230557000004,"2"
2080,3,28,88,5.00502071,"2"
2080,3,29,89,3.96740735000003,"2"
2080,3,30,90,2.94505301000004,"2"
2080,3,31,91,2.50254143000001,"2"
2081,3,1,60,1.78536749,"2"
2081,3,2,61,2.56357751000002,"2"
2081,3,3,62,0.885085310000022,"2"
2081,3,4,63,2.02951181000003,"2"
2081,3,5,64,1.73959043000002,"2"
2081,3,6,65,3.15867929000001,"2"
2081,3,7,66,2.74668575000004,"2"
2081,3,8,67,2.63987261,"2"
2081,3,9,68,2.42624633000003,"2"
2081,3,10,69,1.99899377000003,"2"
2081,3,11,70,3.47911871000002,"2"
2081,3,12,71,2.30417417000001,"2"
2081,3,13,72,2.16684299000002,"2"
2081,3,14,73,3.23497439000005,"2"
2081,3,15,74,2.38046926999999,"2"
2081,3,16,75,2.02951181000003,"2"
2081,3,17,76,2.48728241000003,"2"
2081,3,18,77,3.60119087000004,"2"
2081,3,19,78,3.17393831000004,"2"
2081,3,20,79,2.65513163000003,"2"
2081,3,21,80,3.02134811000002,"2"
2081,3,22,81,3.11290223000003,"2"
2081,3,23,82,3.20445635000004,"2"
2081,3,24,83,3.02134811000002,"2"
2081,3,25,84,2.21262005,"2"
2081,3,26,85,1.80062651000003,"2"
2081,3,27,86,2.02951181000003,"2"
2081,3,28,87,2.89927595,"2"
2081,3,29,88,2.01425279,"2"
2081,3,30,89,3.93688931000003,"2"
2081,3,31,90,2.04477083,"2"
2082,3,1,60,2.45676437000003,"2"
2082,3,2,61,2.42624633000003,"2"
2082,3,3,62,1.08345257000002,"2"
2082,3,4,63,2.74668575000004,"2"
2082,3,5,64,4.79139443000003,"2"
2082,3,6,65,2.18210200999999,"2"
2082,3,7,66,2.33469221000001,"2"
2082,3,8,67,2.41098731,"2"
2082,3,9,68,2.76194477000001,"2"
2082,3,10,69,2.02951181000003,"2"
2082,3,11,70,1.41915101000001,"2"
2082,3,12,71,2.42624633000003,"2"
2082,3,13,72,0.915603350000026,"2"
2082,3,14,73,2.21262005,"2"
2082,3,15,74,2.28891515000004,"2"
2082,3,16,75,2.25839711000003,"2"
2082,3,17,76,2.44150535,"2"
2082,3,18,77,2.77720379000004,"2"
2082,3,19,78,3.78429911000001,"2"
2082,3,20,79,2.15158397000005,"2"
2082,3,21,80,1.95321670999999,"2"
2082,3,22,81,2.31943319000004,"2"
2082,3,23,82,1.98373475,"2"
2082,3,24,83,3.08238419000003,"2"
2082,3,25,84,2.34995123000004,"2"
2082,3,26,85,2.54831849000004,"2"
2082,3,27,86,3.17393831000004,"2"
2082,3,28,87,3.31126949000003,"2"
2082,3,29,88,6.08841113,"2"
2082,3,30,89,3.06712517,"2"
2082,3,31,90,1.52596414999999,"2"
2083,3,1,60,1.61751827,"2"
2083,3,2,61,1.26656081000004,"2"
2083,3,3,62,1.70907239000002,"2"
2083,3,4,63,2.38046926999999,"2"
2083,3,5,64,1.49544611000005,"2"
2083,3,6,65,1.09871158999999,"2"
2083,3,7,66,2.82298085000002,"2"
2083,3,8,67,2.06002985000003,"2"
2083,3,9,68,3.93688931000003,"2"
2083,3,10,69,2.39572829000002,"2"
2083,3,11,70,3.23497439000005,"2"
2083,3,12,71,2.42624633000003,"2"
2083,3,13,72,2.06002985000003,"2"
2083,3,14,73,1.48018709000002,"2"
2083,3,15,74,1.37337395000003,"2"
2083,3,16,75,3.43334165000005,"2"
2083,3,17,76,3.11290223000003,"2"
2083,3,18,77,1.95321670999999,"2"
2083,3,19,78,1.61751827,"2"
2083,3,20,79,2.96031203000001,"2"
2083,3,21,80,1.81588553,"2"
2083,3,22,81,2.16684299000002,"2"
2083,3,23,82,2.82298085000002,"2"
2083,3,24,83,2.22787907000003,"2"
2083,3,25,84,1.86166259000004,"2"
2083,3,26,85,2.30417417000001,"2"
2083,3,27,86,3.03660712999999,"2"
2083,3,28,87,4.42517795000003,"2"
2083,3,29,88,2.25839711000003,"2"
2083,3,30,89,2.60935456999999,"2"
2083,3,31,90,1.20552473000004,"2"
2084,3,1,61,1.87692161000001,"2"
2084,3,2,62,1.51070513000002,"2"
2084,3,3,63,1.92269867000005,"2"
2084,3,4,64,1.06819355000005,"2"
2084,3,5,65,1.66329533000004,"2"
2084,3,6,66,3.78429911000001,"2"
2084,3,7,67,3.17393831000004,"2"
2084,3,8,68,3.34178753000003,"2"
2084,3,9,69,1.66329533000004,"2"
2084,3,10,70,1.78536749,"2"
2084,3,11,71,2.47202339,"2"
2084,3,12,72,1.06819355000005,"2"
2084,3,13,73,5.21864699000002,"2"
2084,3,14,74,2.83823987,"2"
2084,3,15,75,0.79353119000001,"2"
2084,3,16,76,3.02134811000002,"2"
2084,3,17,77,3.25023341000002,"2"
2084,3,18,78,2.01425279,"2"
2084,3,19,79,2.79246281000002,"2"
2084,3,20,80,5.11183385000004,"2"
2084,3,21,81,1.93795769000002,"2"
2084,3,22,82,4.36414187000003,"2"
2084,3,23,83,4.53199109000002,"2"
2084,3,24,84,2.18210200999999,"2"
2084,3,25,85,0.94612139000003,"2"
2084,3,26,86,1.63277729000004,"2"
2084,3,27,87,1.69381337000004,"2"
2084,3,28,88,2.74668575000004,"2"
2084,3,29,89,1.06819355000005,"2"
2084,3,30,90,3.02134811000002,"2"
2084,3,31,91,1.38863297,"2"
2085,3,1,60,1.86166259000004,"2"
2085,3,2,61,1.48018709000002,"2"
2085,3,3,62,1.52596414999999,"2"
2085,3,4,63,1.26656081000004,"2"
2085,3,5,64,2.06002985000003,"2"
2085,3,6,65,1.96847573000002,"2"
2085,3,7,66,1.96847573000002,"2"
2085,3,8,67,1.15974767,"2"
2085,3,9,68,2.02951181000003,"2"
2085,3,10,69,1.96847573000002,"2"
2085,3,11,70,2.31943319000004,"2"
2085,3,12,71,2.68564967000003,"2"
2085,3,13,72,3.69274498999999,"2"
2085,3,14,73,2.68564967000003,"2"
2085,3,15,74,2.71616771000004,"2"
2085,3,16,75,1.17500669000003,"2"
2085,3,17,76,1.57174121000003,"2"
2085,3,18,77,3.08238419000003,"2"
2085,3,19,78,4.60828619,"2"
2085,3,20,79,2.42624633000003,"2"
2085,3,21,80,2.56357751000002,"2"
2085,3,22,81,4.51673207000005,"2"
2085,3,23,82,1.15974767,"2"
2085,3,24,83,2.21262005,"2"
2085,3,25,84,2.44150535,"2"
2085,3,26,85,2.04477083,"2"
2085,3,27,86,1.99899377000003,"2"
2085,3,28,87,0.534127850000004,"2"
2085,3,29,88,1.81588553,"2"
2085,3,30,89,1.48018709000002,"2"
2085,3,31,90,3.14342027000004,"2"
2086,3,1,60,2.88401693000003,"2"
2086,3,2,61,1.86166259000004,"2"
2086,3,3,62,2.34995123000004,"2"
2086,3,4,63,1.40389199000003,"2"
2086,3,5,64,2.92979399000001,"2"
2086,3,6,65,2.60935456999999,"2"
2086,3,7,66,1.29707884999999,"2"
2086,3,8,67,2.50254143000001,"2"
2086,3,9,68,2.97557105000004,"2"
2086,3,10,69,3.47911871000002,"2"
2086,3,11,70,2.89927595,"2"
2086,3,12,71,3.12816125,"2"
2086,3,13,72,2.07528887000001,"2"
2086,3,14,73,1.38863297,"2"
2086,3,15,74,1.92269867000005,"2"
2086,3,16,75,4.15051559,"2"
2086,3,17,76,2.77720379000004,"2"
2086,3,18,77,1.29707884999999,"2"
2086,3,19,78,2.57883653000005,"2"
2086,3,20,79,2.54831849000004,"2"
2086,3,21,80,2.02951181000003,"2"
2086,3,22,81,1.78536749,"2"
2086,3,23,82,4.63880423,"2"
2086,3,24,83,1.89218063000004,"2"
2086,3,25,84,1.67855435000001,"2"
2086,3,26,85,1.69381337000004,"2"
2086,3,27,86,2.06002985000003,"2"
2086,3,28,87,1.41915101000001,"2"
2086,3,29,88,1.32759689,"2"
2086,3,30,89,1.29707884999999,"2"
2086,3,31,90,4.66932227000001,"2"
2087,3,1,60,2.48728241000003,"2"
2087,3,2,61,2.18210200999999,"2"
2087,3,3,62,3.15867929000001,"2"
2087,3,4,63,2.51780045000004,"2"
2087,3,5,64,2.09054789000004,"2"
2087,3,6,65,2.80772182999999,"2"
2087,3,7,66,2.92979399000001,"2"
2087,3,8,67,1.05293453000002,"2"
2087,3,9,68,2.18210200999999,"2"
2087,3,10,69,3.66222695000005,"2"
2087,3,11,70,2.65513163000003,"2"
2087,3,12,71,2.18210200999999,"2"
2087,3,13,72,3.87585323000002,"2"
2087,3,14,73,1.99899377000003,"2"
2087,3,15,74,2.74668575000004,"2"
2087,3,16,75,2.47202339,"2"
2087,3,17,76,1.90743965000001,"2"
2087,3,18,77,2.06002985000003,"2"
2087,3,19,78,3.18919733000001,"2"
2087,3,20,79,1.90743965000001,"2"
2087,3,21,80,1.84640357000001,"2"
2087,3,22,81,3.73852205000003,"2"
2087,3,23,82,1.57174121000003,"2"
2087,3,24,83,1.66329533000004,"2"
2087,3,25,84,1.40389199000003,"2"
2087,3,26,85,3.11290223000003,"2"
2087,3,27,86,3.41808263000001,"2"
2087,3,28,87,2.48728241000003,"2"
2087,3,29,88,1.35811493,"2"
2087,3,30,89,3.84533519000001,"2"
2087,3,31,90,3.25023341000002,"2"
2088,3,1,61,1.23604277000004,"2"
2088,3,2,62,0.351019610000037,"2"
2088,3,3,63,2.38046926999999,"2"
2088,3,4,64,2.42624633000003,"2"
2088,3,5,65,2.83823987,"2"
2088,3,6,66,1.63277729000004,"2"
2088,3,7,67,1.14448865000003,"2"
2088,3,8,68,2.19736103000002,"2"
2088,3,9,69,0.701977069999998,"2"
2088,3,10,70,1.86166259000004,"2"
2088,3,11,71,1.78536749,"2"
2088,3,12,72,2.62461359000002,"2"
2088,3,13,73,1.90743965000001,"2"
2088,3,14,74,1.73959043000002,"2"
2088,3,15,75,1.58700023,"2"
2088,3,16,76,1.61751827,"2"
2088,3,17,77,3.26549243,"2"
2088,3,18,78,1.55648219,"2"
2088,3,19,79,3.40282361000004,"2"
2088,3,20,80,2.54831849000004,"2"
2088,3,21,81,3.63170891000004,"2"
2088,3,22,82,3.50963675000003,"2"
2088,3,23,83,2.45676437000003,"2"
2088,3,24,84,4.47095501000001,"2"
2088,3,25,85,4.13525657000002,"2"
2088,3,26,86,3.44860067000002,"2"
2088,3,27,87,3.49437773,"2"
2088,3,28,88,3.32652851,"2"
2088,3,29,89,2.47202339,"2"
2088,3,30,90,3.06712517,"2"
2088,3,31,91,3.47911871000002,"2"
2089,3,1,60,2.25839711000003,"2"
2089,3,2,61,2.74668575000004,"2"
2089,3,3,62,2.33469221000001,"2"
2089,3,4,63,2.27365613000001,"2"
2089,3,5,64,3.26549243,"2"
2089,3,6,65,2.22787907000003,"2"
2089,3,7,66,1.70907239000002,"2"
2089,3,8,67,1.52596414999999,"2"
2089,3,9,68,2.79246281000002,"2"
2089,3,10,69,1.31233787000002,"2"
2089,3,11,70,1.75484944999999,"2"
2089,3,12,71,2.02951181000003,"2"
2089,3,13,72,4.98976169000002,"2"
2089,3,14,73,2.82298085000002,"2"
2089,3,15,74,1.90743965000001,"2"
2089,3,16,75,2.62461359000002,"2"
2089,3,17,76,2.86875791,"2"
2089,3,18,77,1.67855435000001,"2"
2089,3,19,78,2.34995123000004,"2"
2089,3,20,79,3.12816125,"2"
2089,3,21,80,2.51780045000004,"2"
2089,3,22,81,2.97557105000004,"2"
2089,3,23,82,2.65513163000003,"2"
2089,3,24,83,2.38046926999999,"2"
2089,3,25,84,2.70090869000001,"2"
2089,3,26,85,1.99899377000003,"2"
2089,3,27,86,2.39572829000002,"2"
2089,3,28,87,2.06002985000003,"2"
2089,3,29,88,3.11290223000003,"2"
2089,3,30,89,1.90743965000001,"2"
2089,3,31,90,3.58593185000001,"2"
2090,3,1,60,3.02134811000002,"2"
2090,3,2,61,3.84533519000001,"2"
2090,3,3,62,2.50254143000001,"2"
2090,3,4,63,2.18210200999999,"2"
2090,3,5,64,2.41098731,"2"
2090,3,6,65,2.27365613000001,"2"
2090,3,7,66,2.33469221000001,"2"
2090,3,8,67,2.25839711000003,"2"
2090,3,9,68,1.34285591000003,"2"
2090,3,10,69,1.78536749,"2"
2090,3,11,70,2.01425279,"2"
2090,3,12,71,1.54122317000002,"2"
2090,3,13,72,0.93086237,"2"
2090,3,14,73,1.92269867000005,"2"
2090,3,15,74,0.778272170000037,"2"
2090,3,16,75,1.83114455000003,"2"
2090,3,17,76,2.44150535,"2"
2090,3,18,77,2.83823987,"2"
2090,3,19,78,1.28181983000002,"2"
2090,3,20,79,3.64696793000002,"2"
2090,3,21,80,2.77720379000004,"2"
2090,3,22,81,1.46492807000004,"2"
2090,3,23,82,2.44150535,"2"
2090,3,24,83,2.24313809,"2"
2090,3,25,84,3.20445635000004,"2"
2090,3,26,85,3.86059421000004,"2"
2090,3,27,86,1.95321670999999,"2"
2090,3,28,87,2.54831849000004,"2"
2090,3,29,88,1.75484944999999,"2"
2090,3,30,89,2.39572829000002,"2"
2090,3,31,90,2.86875791,"2"
2091,3,1,60,1.86166259000004,"2"
2091,3,2,61,2.88401693000003,"2"
2091,3,3,62,3.14342027000004,"2"
2091,3,4,63,3.05186615000002,"2"
2091,3,5,64,2.74668575000004,"2"
2091,3,6,65,1.60225925000003,"2"
2091,3,7,66,1.52596414999999,"2"
2091,3,8,67,1.75484944999999,"2"
2091,3,9,68,0.824049230000014,"2"
2091,3,10,69,3.11290223000003,"2"
2091,3,11,70,2.07528887000001,"2"
2091,3,12,71,0.549386870000035,"2"
2091,3,13,72,1.12922963,"2"
2091,3,14,73,1.02241649000001,"2"
2091,3,15,74,2.48728241000003,"2"
2091,3,16,75,1.46492807000004,"2"
2091,3,17,76,2.13632495000002,"2"
2091,3,18,77,1.61751827,"2"
2091,3,19,78,3.72326303,"2"
2091,3,20,79,2.34995123000004,"2"
2091,3,21,80,2.94505301000004,"2"
2091,3,22,81,3.75378107,"2"
2091,3,23,82,4.53199109000002,"2"
2091,3,24,83,0.839308250000045,"2"
2091,3,25,84,2.68564967000003,"2"
2091,3,26,85,2.21262005,"2"
2091,3,27,86,3.15867929000001,"2"
2091,3,28,87,3.70800401000002,"2"
2091,3,29,88,1.98373475,"2"
2091,3,30,89,1.99899377000003,"2"
2091,3,31,90,2.56357751000002,"2"
2092,3,1,61,2.04477083,"2"
2092,3,2,62,1.58700023,"2"
2092,3,3,63,2.18210200999999,"2"
2092,3,4,64,3.12816125,"2"
2092,3,5,65,3.52489577,"2"
2092,3,6,66,2.47202339,"2"
2092,3,7,67,1.70907239000002,"2"
2092,3,8,68,2.21262005,"2"
2092,3,9,69,0.717236090000029,"2"
2092,3,10,70,1.98373475,"2"
2092,3,11,71,1.28181983000002,"2"
2092,3,12,72,1.05293453000002,"2"
2092,3,13,73,2.22787907000003,"2"
2092,3,14,74,5.02027973000003,"2"
2092,3,15,75,4.21155167000001,"2"
2092,3,16,76,3.52489577,"2"
2092,3,17,77,0.900344329999996,"2"
2092,3,18,78,1.54122317000002,"2"
2092,3,19,79,1.54122317000002,"2"
2092,3,20,80,3.73852205000003,"2"
2092,3,21,81,4.45569599000004,"2"
2092,3,22,82,2.68564967000003,"2"
2092,3,23,83,2.34995123000004,"2"
2092,3,24,84,3.49437773,"2"
2092,3,25,85,3.50963675000003,"2"
2092,3,26,86,2.99083007000002,"2"
2092,3,27,87,3.98266637,"2"
2092,3,28,88,1.80062651000003,"2"
2092,3,29,89,3.28075145000003,"2"
2092,3,30,90,2.31943319000004,"2"
2092,3,31,91,1.66329533000004,"2"
2093,3,1,60,1.37337395000003,"2"
2093,3,2,61,3.47911871000002,"2"
2093,3,3,62,1.80062651000003,"2"
2093,3,4,63,1.09871158999999,"2"
2093,3,5,64,2.30417417000001,"2"
2093,3,6,65,2.51780045000004,"2"
2093,3,7,66,3.46385968999999,"2"
2093,3,8,67,1.72433141000005,"2"
2093,3,9,68,3.12816125,"2"
2093,3,10,69,2.80772182999999,"2"
2093,3,11,70,2.74668575000004,"2"
2093,3,12,71,2.51780045000004,"2"
2093,3,13,72,3.26549243,"2"
2093,3,14,73,2.92979399000001,"2"
2093,3,15,74,3.99792539000003,"2"
2093,3,16,75,4.92872561000001,"2"
2093,3,17,76,3.76904009000003,"2"
2093,3,18,77,1.52596414999999,"2"
2093,3,19,78,1.80062651000003,"2"
2093,3,20,79,2.83823987,"2"
2093,3,21,80,2.65513163000003,"2"
2093,3,22,81,0.79353119000001,"2"
2093,3,23,82,2.28891515000004,"2"
2093,3,24,83,4.05896147000004,"2"
2093,3,25,84,2.70090869000001,"2"
2093,3,26,85,2.76194477000001,"2"
2093,3,27,86,3.76904009000003,"2"
2093,3,28,87,5.85952583,"2"
2093,3,29,88,2.41098731,"2"
2093,3,30,89,2.09054789000004,"2"
2093,3,31,90,4.59302717000003,"2"
2094,3,1,60,3.00608909000005,"2"
2094,3,2,61,1.32759689,"2"
2094,3,3,62,2.30417417000001,"2"
2094,3,4,63,1.60225925000003,"2"
2094,3,5,64,1.54122317000002,"2"
2094,3,6,65,1.72433141000005,"2"
2094,3,7,66,2.33469221000001,"2"
2094,3,8,67,1.95321670999999,"2"
2094,3,9,68,2.47202339,"2"
2094,3,10,69,1.92269867000005,"2"
2094,3,11,70,4.04370245000001,"2"
2094,3,12,71,5.26442405,"2"
2094,3,13,72,4.37940089,"2"
2094,3,14,73,1.19026571000001,"2"
2094,3,15,74,2.39572829000002,"2"
2094,3,16,75,3.34178753000003,"2"
2094,3,17,76,1.54122317000002,"2"
2094,3,18,77,1.58700023,"2"
2094,3,19,78,2.31943319000004,"2"
2094,3,20,79,2.47202339,"2"
2094,3,21,80,2.96031203000001,"2"
2094,3,22,81,2.02951181000003,"2"
2094,3,23,82,2.57883653000005,"2"
2094,3,24,83,2.44150535,"2"
2094,3,25,84,1.38863297,"2"
2094,3,26,85,4.05896147000004,"2"
2094,3,27,86,2.12106593000004,"2"
2094,3,28,87,2.70090869000001,"2"
2094,3,29,88,2.76194477000001,"2"
2094,3,30,89,2.12106593000004,"2"
2094,3,31,90,1.69381337000004,"2"
2095,3,1,60,1.19026571000001,"2"
2095,3,2,61,3.87585323000002,"2"
2095,3,3,62,1.73959043000002,"2"
2095,3,4,63,2.10580691000001,"2"
2095,3,5,64,2.06002985000003,"2"
2095,3,6,65,1.86166259000004,"2"
2095,3,7,66,3.73852205000003,"2"
2095,3,8,67,1.90743965000001,"2"
2095,3,9,68,0.976639430000034,"2"
2095,3,10,69,1.58700023,"2"
2095,3,11,70,1.22078375000001,"2"
2095,3,12,71,1.75484944999999,"2"
2095,3,13,72,2.13632495000002,"2"
2095,3,14,73,2.15158397000005,"2"
2095,3,15,74,1.11397061000002,"2"
2095,3,16,75,2.71616771000004,"2"
2095,3,17,76,1.48018709000002,"2"
2095,3,18,77,5.49330935,"2"
2095,3,19,78,5.75271269000001,"2"
2095,3,20,79,3.67748597000002,"2"
2095,3,21,80,1.77010847000003,"2"
2095,3,22,81,2.45676437000003,"2"
2095,3,23,82,2.82298085000002,"2"
2095,3,24,83,2.30417417000001,"2"
2095,3,25,84,1.58700023,"2"
2095,3,26,85,0.625681970000016,"2"
2095,3,27,86,3.67748597000002,"2"
2095,3,28,87,4.97450266999999,"2"
2095,3,29,88,3.17393831000004,"2"
2095,3,30,89,3.15867929000001,"2"
2095,3,31,90,4.22681069000004,"2"
2096,3,1,61,1.77010847000003,"2"
2096,3,2,62,2.13632495000002,"2"
2096,3,3,63,1.20552473000004,"2"
2096,3,4,64,1.52596414999999,"2"
2096,3,5,65,1.95321670999999,"2"
2096,3,6,66,2.99083007000002,"2"
2096,3,7,67,2.10580691000001,"2"
2096,3,8,68,0.518868830000031,"2"
2096,3,9,69,1.17500669000003,"2"
2096,3,10,70,2.06002985000003,"2"
2096,3,11,71,2.45676437000003,"2"
2096,3,12,72,2.45676437000003,"2"
2096,3,13,73,1.26656081000004,"2"
2096,3,14,74,0.885085310000022,"2"
2096,3,15,75,1.48018709000002,"2"
2096,3,16,76,1.77010847000003,"2"
2096,3,17,77,1.29707884999999,"2"
2096,3,18,78,2.25839711000003,"2"
2096,3,19,79,2.99083007000002,"2"
2096,3,20,80,1.28181983000002,"2"
2096,3,21,81,4.28784677000004,"2"
2096,3,22,82,1.90743965000001,"2"
2096,3,23,83,2.10580691000001,"2"
2096,3,24,84,2.68564967000003,"2"
2096,3,25,85,2.67039065,"2"
2096,3,26,86,4.13525657000002,"2"
2096,3,27,87,1.95321670999999,"2"
2096,3,28,88,1.69381337000004,"2"
2096,3,29,89,4.37940089,"2"
2096,3,30,90,2.41098731,"2"
2096,3,31,91,1.23604277000004,"2"
2097,3,1,60,4.04370245000001,"2"
2097,3,2,61,2.77720379000004,"2"
2097,3,3,62,2.28891515000004,"2"
2097,3,4,63,2.57883653000005,"2"
2097,3,5,64,2.09054789000004,"2"
2097,3,6,65,2.21262005,"2"
2097,3,7,66,3.46385968999999,"2"
2097,3,8,67,2.65513163000003,"2"
2097,3,9,68,2.06002985000003,"2"
2097,3,10,69,3.26549243,"2"
2097,3,11,70,3.11290223000003,"2"
2097,3,12,71,3.06712517,"2"
2097,3,13,72,1.31233787000002,"2"
2097,3,14,73,3.23497439000005,"2"
2097,3,15,74,2.38046926999999,"2"
2097,3,16,75,2.79246281000002,"2"
2097,3,17,76,3.44860067000002,"2"
2097,3,18,77,1.80062651000003,"2"
2097,3,19,78,4.33362383000002,"2"
2097,3,20,79,2.71616771000004,"2"
2097,3,21,80,2.73142673000001,"2"
2097,3,22,81,2.21262005,"2"
2097,3,23,82,3.05186615000002,"2"
2097,3,24,83,2.65513163000003,"2"
2097,3,25,84,3.17393831000004,"2"
2097,3,26,85,2.18210200999999,"2"
2097,3,27,86,2.86875791,"2"
2097,3,28,87,2.82298085000002,"2"
2097,3,29,88,2.59409555000002,"2"
2097,3,30,89,4.48621403000004,"2"
2097,3,31,90,4.80665345,"2"
2098,3,1,60,2.24313809,"2"
2098,3,2,61,1.69381337000004,"2"
2098,3,3,62,3.11290223000003,"2"
2098,3,4,63,1.93795769000002,"2"
2098,3,5,64,1.73959043000002,"2"
2098,3,6,65,2.97557105000004,"2"
2098,3,7,66,1.98373475,"2"
2098,3,8,67,2.13632495000002,"2"
2098,3,9,68,2.41098731,"2"
2098,3,10,69,2.38046926999999,"2"
2098,3,11,70,2.25839711000003,"2"
2098,3,12,71,2.13632495000002,"2"
2098,3,13,72,3.49437773,"2"
2098,3,14,73,3.50963675000003,"2"
2098,3,15,74,2.36521025000002,"2"
2098,3,16,75,4.02844343000004,"2"
2098,3,17,76,1.43441003000004,"2"
2098,3,18,77,3.11290223000003,"2"
2098,3,19,78,3.25023341000002,"2"
2098,3,20,79,2.80772182999999,"2"
2098,3,21,80,2.10580691000001,"2"
2098,3,22,81,2.24313809,"2"
2098,3,23,82,3.72326303,"2"
2098,3,24,83,1.70907239000002,"2"
2098,3,25,84,2.25839711000003,"2"
2098,3,26,85,2.27365613000001,"2"
2098,3,27,86,1.81588553,"2"
2098,3,28,87,5.05079777000003,"2"
2098,3,29,88,3.34178753000003,"2"
2098,3,30,89,2.89927595,"2"
2098,3,31,90,2.80772182999999,"2"
2099,3,1,60,2.34995123000004,"2"
2099,3,2,61,2.62461359000002,"2"
2099,3,3,62,3.60119087000004,"2"
2099,3,4,63,3.12816125,"2"
2099,3,5,64,1.78536749,"2"
2099,3,6,65,3.43334165000005,"2"
2099,3,7,66,3.18919733000001,"2"
2099,3,8,67,1.32759689,"2"
2099,3,9,68,1.86166259000004,"2"
2099,3,10,69,1.87692161000001,"2"
2099,3,11,70,2.89927595,"2"
2099,3,12,71,3.52489577,"2"
2099,3,13,72,2.83823987,"2"
2099,3,14,73,0.976639430000034,"2"
2099,3,15,74,0.579904910000039,"2"
2099,3,16,75,1.84640357000001,"2"
2099,3,17,76,3.67748597000002,"2"
2099,3,18,77,5.63064052999999,"2"
2099,3,19,78,4.80665345,"2"
2099,3,20,79,3.67748597000002,"2"
2099,3,21,80,2.68564967000003,"2"
2099,3,22,81,4.50147305000002,"2"
2099,3,23,82,2.53305947000001,"2"
2099,3,24,83,2.83823987,"2"
2099,3,25,84,2.60935456999999,"2"
2099,3,26,85,0.854567270000018,"2"
2099,3,27,86,4.10473853000002,"2"
2099,3,28,87,3.67748597000002,"2"
2099,3,29,88,2.67039065,"2"
2099,3,30,89,1.55648219,"2"
2099,3,31,90,1.51070513000002,"2"
2100,3,1,60,0.991898450000008,"2"
2100,3,2,61,1.41915101000001,"2"
2100,3,3,62,1.26656081000004,"2"
2100,3,4,63,1.34285591000003,"2"
2100,3,5,64,2.57883653000005,"2"
2100,3,6,65,4.88294855000004,"2"
2100,3,7,66,3.06712517,"2"
2100,3,8,67,3.41808263000001,"2"
2100,3,9,68,1.35811493,"2"
2100,3,10,69,2.59409555000002,"2"
2100,3,11,70,1.93795769000002,"2"
2100,3,12,71,2.01425279,"2"
2100,3,13,72,2.22787907000003,"2"
2100,3,14,73,1.75484944999999,"2"
2100,3,15,74,1.09871158999999,"2"
2100,3,16,75,3.08238419000003,"2"
2100,3,17,76,1.83114455000003,"2"
2100,3,18,77,1.52596414999999,"2"
2100,3,19,78,2.22787907000003,"2"
2100,3,20,79,2.74668575000004,"2"
2100,3,21,80,1.98373475,"2"
2100,3,22,81,2.06002985000003,"2"
2100,3,23,82,1.63277729000004,"2"
2100,3,24,83,2.92979399000001,"2"
2100,3,25,84,2.42624633000003,"2"
2100,3,26,85,1.54122317000002,"2"
2100,3,27,86,5.46279131,"2"
2100,3,28,87,3.55541381,"2"
2100,3,29,88,3.09764321,"2"
2100,3,30,89,3.28075145000003,"2"
2100,3,31,90,5.34071915000004,"2"
2025,4,1,91,2.01425279,"2"
2025,4,2,92,3.76904009000003,"2"
2025,4,3,93,2.76194477000001,"2"
2025,4,4,94,0.976639430000034,"2"
2025,4,5,95,1.73959043000002,"2"
2025,4,6,96,1.58700023,"2"
2025,4,7,97,1.67855435000001,"2"
2025,4,8,98,1.43441003000004,"2"
2025,4,9,99,1.93795769000002,"2"
2025,4,10,100,1.32759689,"2"
2025,4,11,101,0.94612139000003,"2"
2025,4,12,102,1.60225925000003,"2"
2025,4,13,103,1.63277729000004,"2"
2025,4,14,104,2.45676437000003,"2"
2025,4,15,105,2.83823987,"2"
2025,4,16,106,3.09764321,"2"
2025,4,17,107,3.34178753000003,"2"
2025,4,18,108,2.30417417000001,"2"
2025,4,19,109,0.976639430000034,"2"
2025,4,20,110,1.96847573000002,"2"
2025,4,21,111,2.67039065,"2"
2025,4,22,112,2.71616771000004,"2"
2025,4,23,113,2.38046926999999,"2"
2025,4,24,114,3.25023341000002,"2"
2025,4,25,115,3.58593185000001,"2"
2025,4,26,116,2.57883653000005,"2"
2025,4,27,117,1.08345257000002,"2"
2025,4,28,118,4.18103363,"2"
2025,4,29,119,3.02134811000002,"2"
2025,4,30,120,2.04477083,"2"
2026,4,1,91,4.02844343000004,"2"
2026,4,2,92,3.15867929000001,"2"
2026,4,3,93,2.85349889000003,"2"
2026,4,4,94,2.56357751000002,"2"
2026,4,5,95,2.89927595,"2"
2026,4,6,96,2.41098731,"2"
2026,4,7,97,1.84640357000001,"2"
2026,4,8,98,1.75484944999999,"2"
2026,4,9,99,1.41915101000001,"2"
2026,4,10,100,1.38863297,"2"
2026,4,11,101,1.41915101000001,"2"
2026,4,12,102,2.68564967000003,"2"
2026,4,13,103,3.66222695000005,"2"
2026,4,14,104,2.28891515000004,"2"
2026,4,15,105,1.98373475,"2"
2026,4,16,106,1.84640357000001,"2"
2026,4,17,107,1.92269867000005,"2"
2026,4,18,108,2.54831849000004,"2"
2026,4,19,109,2.71616771000004,"2"
2026,4,20,110,2.59409555000002,"2"
2026,4,21,111,3.31126949000003,"2"
2026,4,22,112,2.56357751000002,"2"
2026,4,23,113,2.51780045000004,"2"
2026,4,24,114,3.67748597000002,"2"
2026,4,25,115,3.20445635000004,"2"
2026,4,26,116,2.19736103000002,"2"
2026,4,27,117,1.64803631000001,"2"
2026,4,28,118,4.62354521000003,"2"
2026,4,29,119,3.49437773,"2"
2026,4,30,120,2.77720379000004,"2"
2027,4,1,91,3.37230557000004,"2"
2027,4,2,92,1.35811493,"2"
2027,4,3,93,2.47202339,"2"
2027,4,4,94,2.79246281000002,"2"
2027,4,5,95,1.63277729000004,"2"
2027,4,6,96,2.51780045000004,"2"
2027,4,7,97,2.48728241000003,"2"
2027,4,8,98,1.35811493,"2"
2027,4,9,99,2.86875791,"2"
2027,4,10,100,3.99792539000003,"2"
2027,4,11,101,2.59409555000002,"2"
2027,4,12,102,2.73142673000001,"2"
2027,4,13,103,2.62461359000002,"2"
2027,4,14,104,2.36521025000002,"2"
2027,4,15,105,1.69381337000004,"2"
2027,4,16,106,3.72326303,"2"
2027,4,17,107,4.05896147000004,"2"
2027,4,18,108,1.43441003000004,"2"
2027,4,19,109,2.91453497000003,"2"
2027,4,20,110,2.10580691000001,"2"
2027,4,21,111,3.76904009000003,"2"
2027,4,22,112,4.82191247000003,"2"
2027,4,23,113,4.13525657000002,"2"
2027,4,24,114,1.93795769000002,"2"
2027,4,25,115,2.42624633000003,"2"
2027,4,26,116,3.47911871000002,"2"
2027,4,27,117,4.47095501000001,"2"
2027,4,28,118,3.06712517,"2"
2027,4,29,119,1.35811493,"2"
2027,4,30,120,2.56357751000002,"2"
2028,4,1,92,1.28181983000002,"2"
2028,4,2,93,3.70800401000002,"2"
2028,4,3,94,3.09764321,"2"
2028,4,4,95,1.28181983000002,"2"
2028,4,5,96,1.22078375000001,"2"
2028,4,6,97,2.51780045000004,"2"
2028,4,7,98,3.79955813000004,"2"
2028,4,8,99,2.13632495000002,"2"
2028,4,9,100,1.99899377000003,"2"
2028,4,10,101,2.16684299000002,"2"
2028,4,11,102,2.86875791,"2"
2028,4,12,103,3.58593185000001,"2"
2028,4,13,104,2.01425279,"2"
2028,4,14,105,3.05186615000002,"2"
2028,4,15,106,3.46385968999999,"2"
2028,4,16,107,2.13632495000002,"2"
2028,4,17,108,1.40389199000003,"2"
2028,4,18,109,4.56250913000002,"2"
2028,4,19,110,5.40175522999999,"2"
2028,4,20,111,5.08131581000004,"2"
2028,4,21,112,1.90743965000001,"2"
2028,4,22,113,1.75484944999999,"2"
2028,4,23,114,2.51780045000004,"2"
2028,4,24,115,1.86166259000004,"2"
2028,4,25,116,3.20445635000004,"2"
2028,4,26,117,2.50254143000001,"2"
2028,4,27,118,2.02951181000003,"2"
2028,4,28,119,0.869826289999992,"2"
2028,4,29,120,1.98373475,"2"
2028,4,30,121,2.33469221000001,"2"
2029,4,1,91,1.63277729000004,"2"
2029,4,2,92,2.07528887000001,"2"
2029,4,3,93,2.19736103000002,"2"
2029,4,4,94,0.457832750000023,"2"
2029,4,5,95,2.28891515000004,"2"
2029,4,6,96,2.44150535,"2"
2029,4,7,97,3.58593185000001,"2"
2029,4,8,98,1.70907239000002,"2"
2029,4,9,99,1.95321670999999,"2"
2029,4,10,100,2.44150535,"2"
2029,4,11,101,1.51070513000002,"2"
2029,4,12,102,2.34995123000004,"2"
2029,4,13,103,1.23604277000004,"2"
2029,4,14,104,1.43441003000004,"2"
2029,4,15,105,2.18210200999999,"2"
2029,4,16,106,2.02951181000003,"2"
2029,4,17,107,1.31233787000002,"2"
2029,4,18,108,0.701977069999998,"2"
2029,4,19,109,1.57174121000003,"2"
2029,4,20,110,3.12816125,"2"
2029,4,21,111,2.27365613000001,"2"
2029,4,22,112,2.63987261,"2"
2029,4,23,113,1.34285591000003,"2"
2029,4,24,114,2.76194477000001,"2"
2029,4,25,115,1.93795769000002,"2"
2029,4,26,116,2.13632495000002,"2"
2029,4,27,117,1.99899377000003,"2"
2029,4,28,118,2.91453497000003,"2"
2029,4,29,119,1.48018709000002,"2"
2029,4,30,120,2.56357751000002,"2"
2030,4,1,91,0.518868830000031,"2"
2030,4,2,92,1.83114455000003,"2"
2030,4,3,93,2.28891515000004,"2"
2030,4,4,94,2.19736103000002,"2"
2030,4,5,95,2.48728241000003,"2"
2030,4,6,96,1.48018709000002,"2"
2030,4,7,97,1.55648219,"2"
2030,4,8,98,1.46492807000004,"2"
2030,4,9,99,1.87692161000001,"2"
2030,4,10,100,3.15867929000001,"2"
2030,4,11,101,4.71509933000004,"2"
2030,4,12,102,3.26549243,"2"
2030,4,13,103,2.19736103000002,"2"
2030,4,14,104,0.732495110000002,"2"
2030,4,15,105,2.31943319000004,"2"
2030,4,16,106,2.33469221000001,"2"
2030,4,17,107,4.01318441000001,"2"
2030,4,18,108,2.77720379000004,"2"
2030,4,19,109,2.92979399000001,"2"
2030,4,20,110,1.95321670999999,"2"
2030,4,21,111,1.58700023,"2"
2030,4,22,112,2.30417417000001,"2"
2030,4,23,113,1.63277729000004,"2"
2030,4,24,114,3.14342027000004,"2"
2030,4,25,115,2.88401693000003,"2"
2030,4,26,116,2.56357751000002,"2"
2030,4,27,117,1.48018709000002,"2"
2030,4,28,118,3.57067283000003,"2"
2030,4,29,119,3.43334165000005,"2"
2030,4,30,120,3.46385968999999,"2"
2031,4,1,91,1.61751827,"2"
2031,4,2,92,2.73142673000001,"2"
2031,4,3,93,2.97557105000004,"2"
2031,4,4,94,2.71616771000004,"2"
2031,4,5,95,2.25839711000003,"2"
2031,4,6,96,2.31943319000004,"2"
2031,4,7,97,2.96031203000001,"2"
2031,4,8,98,1.96847573000002,"2"
2031,4,9,99,3.64696793000002,"2"
2031,4,10,100,2.24313809,"2"
2031,4,11,101,1.67855435000001,"2"
2031,4,12,102,2.22787907000003,"2"
2031,4,13,103,2.67039065,"2"
2031,4,14,104,2.50254143000001,"2"
2031,4,15,105,1.22078375000001,"2"
2031,4,16,106,1.84640357000001,"2"
2031,4,17,107,1.46492807000004,"2"
2031,4,18,108,1.35811493,"2"
2031,4,19,109,3.37230557000004,"2"
2031,4,20,110,1.96847573000002,"2"
2031,4,21,111,1.93795769000002,"2"
2031,4,22,112,2.59409555000002,"2"
2031,4,23,113,2.16684299000002,"2"
2031,4,24,114,3.29601047,"2"
2031,4,25,115,2.30417417000001,"2"
2031,4,26,116,0.79353119000001,"2"
2031,4,27,117,3.66222695000005,"2"
2031,4,28,118,3.06712517,"2"
2031,4,29,119,1.28181983000002,"2"
2031,4,30,120,1.90743965000001,"2"
2032,4,1,92,1.54122317000002,"2"
2032,4,2,93,3.93688931000003,"2"
2032,4,3,94,3.58593185000001,"2"
2032,4,4,95,2.51780045000004,"2"
2032,4,5,96,2.57883653000005,"2"
2032,4,6,97,1.93795769000002,"2"
2032,4,7,98,4.01318441000001,"2"
2032,4,8,99,3.40282361000004,"2"
2032,4,9,100,2.57883653000005,"2"
2032,4,10,101,1.66329533000004,"2"
2032,4,11,102,1.61751827,"2"
2032,4,12,103,2.28891515000004,"2"
2032,4,13,104,1.72433141000005,"2"
2032,4,14,105,1.86166259000004,"2"
2032,4,15,106,2.33469221000001,"2"
2032,4,16,107,1.02241649000001,"2"
2032,4,17,108,1.73959043000002,"2"
2032,4,18,109,2.10580691000001,"2"
2032,4,19,110,1.95321670999999,"2"
2032,4,20,111,2.38046926999999,"2"
2032,4,21,112,1.81588553,"2"
2032,4,22,113,1.84640357000001,"2"
2032,4,23,114,2.28891515000004,"2"
2032,4,24,115,2.77720379000004,"2"
2032,4,25,116,3.09764321,"2"
2032,4,26,117,2.24313809,"2"
2032,4,27,118,2.16684299000002,"2"
2032,4,28,119,2.45676437000003,"2"
2032,4,29,120,2.53305947000001,"2"
2032,4,30,121,1.73959043000002,"2"
2033,4,1,91,1.69381337000004,"2"
2033,4,2,92,1.55648219,"2"
2033,4,3,93,2.12106593000004,"2"
2033,4,4,94,1.43441003000004,"2"
2033,4,5,95,1.86166259000004,"2"
2033,4,6,96,1.49544611000005,"2"
2033,4,7,97,2.21262005,"2"
2033,4,8,98,2.15158397000005,"2"
2033,4,9,99,4.48621403000004,"2"
2033,4,10,100,4.53199109000002,"2"
2033,4,11,101,2.53305947000001,"2"
2033,4,12,102,2.42624633000003,"2"
2033,4,13,103,2.12106593000004,"2"
2033,4,14,104,1.55648219,"2"
2033,4,15,105,3.14342027000004,"2"
2033,4,16,106,2.68564967000003,"2"
2033,4,17,107,2.34995123000004,"2"
2033,4,18,108,2.70090869000001,"2"
2033,4,19,109,1.80062651000003,"2"
2033,4,20,110,1.49544611000005,"2"
2033,4,21,111,3.05186615000002,"2"
2033,4,22,112,1.78536749,"2"
2033,4,23,113,3.20445635000004,"2"
2033,4,24,114,2.45676437000003,"2"
2033,4,25,115,4.27258775000001,"2"
2033,4,26,116,3.34178753000003,"2"
2033,4,27,117,2.41098731,"2"
2033,4,28,118,2.36521025000002,"2"
2033,4,29,119,2.30417417000001,"2"
2033,4,30,120,4.36414187000003,"2"
2034,4,1,91,1.32759689,"2"
2034,4,2,92,1.67855435000001,"2"
2034,4,3,93,1.96847573000002,"2"
2034,4,4,94,2.22787907000003,"2"
2034,4,5,95,1.26656081000004,"2"
2034,4,6,96,2.59409555000002,"2"
2034,4,7,97,3.35704655000001,"2"
2034,4,8,98,2.27365613000001,"2"
2034,4,9,99,3.57067283000003,"2"
2034,4,10,100,2.42624633000003,"2"
2034,4,11,101,3.46385968999999,"2"
2034,4,12,102,3.26549243,"2"
2034,4,13,103,2.41098731,"2"
2034,4,14,104,3.61644989000001,"2"
2034,4,15,105,2.67039065,"2"
2034,4,16,106,2.25839711000003,"2"
2034,4,17,107,2.21262005,"2"
2034,4,18,108,1.70907239000002,"2"
2034,4,19,109,3.66222695000005,"2"
2034,4,20,110,5.75271269000001,"2"
2034,4,21,111,2.21262005,"2"
2034,4,22,112,1.96847573000002,"2"
2034,4,23,113,1.75484944999999,"2"
2034,4,24,114,3.32652851,"2"
2034,4,25,115,2.45676437000003,"2"
2034,4,26,116,4.39465991000003,"2"
2034,4,27,117,2.34995123000004,"2"
2034,4,28,118,1.83114455000003,"2"
2034,4,29,119,1.66329533000004,"2"
2034,4,30,120,2.36521025000002,"2"
2035,4,1,91,1.90743965000001,"2"
2035,4,2,92,1.83114455000003,"2"
2035,4,3,93,3.02134811000002,"2"
2035,4,4,94,0.732495110000002,"2"
2035,4,5,95,1.26656081000004,"2"
2035,4,6,96,2.71616771000004,"2"
2035,4,7,97,2.07528887000001,"2"
2035,4,8,98,1.99899377000003,"2"
2035,4,9,99,2.54831849000004,"2"
2035,4,10,100,1.99899377000003,"2"
2035,4,11,101,3.55541381,"2"
2035,4,12,102,2.54831849000004,"2"
2035,4,13,103,0.564645890000008,"2"
2035,4,14,104,3.08238419000003,"2"
2035,4,15,105,2.36521025000002,"2"
2035,4,16,106,3.73852205000003,"2"
2035,4,17,107,2.07528887000001,"2"
2035,4,18,108,1.78536749,"2"
2035,4,19,109,2.50254143000001,"2"
2035,4,20,110,2.19736103000002,"2"
2035,4,21,111,3.31126949000003,"2"
2035,4,22,112,1.86166259000004,"2"
2035,4,23,113,1.90743965000001,"2"
2035,4,24,114,1.66329533000004,"2"
2035,4,25,115,2.47202339,"2"
2035,4,26,116,4.82191247000003,"2"
2035,4,27,117,2.45676437000003,"2"
2035,4,28,118,0.94612139000003,"2"
2035,4,29,119,1.95321670999999,"2"
2035,4,30,120,4.51673207000005,"2"
2036,4,1,92,1.41915101000001,"2"
2036,4,2,93,1.02241649000001,"2"
2036,4,3,94,1.23604277000004,"2"
2036,4,4,95,2.45676437000003,"2"
2036,4,5,96,2.31943319000004,"2"
2036,4,6,97,2.63987261,"2"
2036,4,7,98,2.15158397000005,"2"
2036,4,8,99,2.38046926999999,"2"
2036,4,9,100,2.63987261,"2"
2036,4,10,101,3.34178753000003,"2"
2036,4,11,102,2.01425279,"2"
2036,4,12,103,0.701977069999998,"2"
2036,4,13,104,1.11397061000002,"2"
2036,4,14,105,2.60935456999999,"2"
2036,4,15,106,3.29601047,"2"
2036,4,16,107,1.49544611000005,"2"
2036,4,17,108,1.99899377000003,"2"
2036,4,18,109,1.75484944999999,"2"
2036,4,19,110,2.06002985000003,"2"
2036,4,20,111,1.99899377000003,"2"
2036,4,21,112,2.38046926999999,"2"
2036,4,22,113,2.80772182999999,"2"
2036,4,23,114,1.67855435000001,"2"
2036,4,24,115,1.12922963,"2"
2036,4,25,116,1.51070513000002,"2"
2036,4,26,117,3.31126949000003,"2"
2036,4,27,118,3.09764321,"2"
2036,4,28,119,3.47911871000002,"2"
2036,4,29,120,2.74668575000004,"2"
2036,4,30,121,1.69381337000004,"2"
2037,4,1,91,2.28891515000004,"2"
2037,4,2,92,2.09054789000004,"2"
2037,4,3,93,2.19736103000002,"2"
2037,4,4,94,1.95321670999999,"2"
2037,4,5,95,3.05186615000002,"2"
2037,4,6,96,1.89218063000004,"2"
2037,4,7,97,1.78536749,"2"
2037,4,8,98,2.28891515000004,"2"
2037,4,9,99,2.88401693000003,"2"
2037,4,10,100,1.49544611000005,"2"
2037,4,11,101,1.84640357000001,"2"
2037,4,12,102,2.56357751000002,"2"
2037,4,13,103,2.79246281000002,"2"
2037,4,14,104,3.46385968999999,"2"
2037,4,15,105,1.22078375000001,"2"
2037,4,16,106,1.11397061000002,"2"
2037,4,17,107,1.90743965000001,"2"
2037,4,18,108,3.09764321,"2"
2037,4,19,109,1.57174121000003,"2"
2037,4,20,110,1.60225925000003,"2"
2037,4,21,111,2.63987261,"2"
2037,4,22,112,2.39572829000002,"2"
2037,4,23,113,1.22078375000001,"2"
2037,4,24,114,1.70907239000002,"2"
2037,4,25,115,1.67855435000001,"2"
2037,4,26,116,3.66222695000005,"2"
2037,4,27,117,3.47911871000002,"2"
2037,4,28,118,1.32759689,"2"
2037,4,29,119,3.79955813000004,"2"
2037,4,30,120,1.80062651000003,"2"
2038,4,1,91,2.76194477000001,"2"
2038,4,2,92,3.11290223000003,"2"
2038,4,3,93,1.67855435000001,"2"
2038,4,4,94,1.90743965000001,"2"
2038,4,5,95,2.71616771000004,"2"
2038,4,6,96,3.55541381,"2"
2038,4,7,97,2.02951181000003,"2"
2038,4,8,98,2.80772182999999,"2"
2038,4,9,99,2.15158397000005,"2"
2038,4,10,100,2.65513163000003,"2"
2038,4,11,101,1.84640357000001,"2"
2038,4,12,102,5.11183385000004,"2"
2038,4,13,103,2.77720379000004,"2"
2038,4,14,104,3.96740735000003,"2"
2038,4,15,105,3.64696793000002,"2"
2038,4,16,106,2.09054789000004,"2"
2038,4,17,107,2.02951181000003,"2"
2038,4,18,108,2.57883653000005,"2"
2038,4,19,109,3.21971537000002,"2"
2038,4,20,110,2.76194477000001,"2"
2038,4,21,111,2.62461359000002,"2"
2038,4,22,112,0.976639430000034,"2"
2038,4,23,113,1.17500669000003,"2"
2038,4,24,114,1.69381337000004,"2"
2038,4,25,115,2.63987261,"2"
2038,4,26,116,3.34178753000003,"2"
2038,4,27,117,2.09054789000004,"2"
2038,4,28,118,0.976639430000034,"2"
2038,4,29,119,3.67748597000002,"2"
2038,4,30,120,3.17393831000004,"2"
2039,4,1,91,2.06002985000003,"2"
2039,4,2,92,3.40282361000004,"2"
2039,4,3,93,2.50254143000001,"2"
2039,4,4,94,1.57174121000003,"2"
2039,4,5,95,2.31943319000004,"2"
2039,4,6,96,1.89218063000004,"2"
2039,4,7,97,2.54831849000004,"2"
2039,4,8,98,1.92269867000005,"2"
2039,4,9,99,3.55541381,"2"
2039,4,10,100,2.19736103000002,"2"
2039,4,11,101,3.93688931000003,"2"
2039,4,12,102,3.03660712999999,"2"
2039,4,13,103,2.99083007000002,"2"
2039,4,14,104,2.27365613000001,"2"
2039,4,15,105,3.41808263000001,"2"
2039,4,16,106,3.87585323000002,"2"
2039,4,17,107,2.45676437000003,"2"
2039,4,18,108,2.31943319000004,"2"
2039,4,19,109,0.65620001000002,"2"
2039,4,20,110,3.38756459000001,"2"
2039,4,21,111,1.41915101000001,"2"
2039,4,22,112,2.38046926999999,"2"
2039,4,23,113,3.15867929000001,"2"
2039,4,24,114,1.83114455000003,"2"
2039,4,25,115,2.50254143000001,"2"
2039,4,26,116,2.09054789000004,"2"
2039,4,27,117,1.57174121000003,"2"
2039,4,28,118,2.01425279,"2"
2039,4,29,119,3.26549243,"2"
2039,4,30,120,3.86059421000004,"2"
2040,4,1,92,2.09054789000004,"2"
2040,4,2,93,3.21971537000002,"2"
2040,4,3,94,1.12922963,"2"
2040,4,4,95,1.12922963,"2"
2040,4,5,96,0.610422950000043,"2"
2040,4,6,97,2.01425279,"2"
2040,4,7,98,4.56250913000002,"2"
2040,4,8,99,2.59409555000002,"2"
2040,4,9,100,2.36521025000002,"2"
2040,4,10,101,2.22787907000003,"2"
2040,4,11,102,2.09054789000004,"2"
2040,4,12,103,2.73142673000001,"2"
2040,4,13,104,3.70800401000002,"2"
2040,4,14,105,2.50254143000001,"2"
2040,4,15,106,2.07528887000001,"2"
2040,4,16,107,1.06819355000005,"2"
2040,4,17,108,2.63987261,"2"
2040,4,18,109,1.55648219,"2"
2040,4,19,110,1.92269867000005,"2"
2040,4,20,111,2.77720379000004,"2"
2040,4,21,112,2.57883653000005,"2"
2040,4,22,113,3.96740735000003,"2"
2040,4,23,114,3.57067283000003,"2"
2040,4,24,115,2.24313809,"2"
2040,4,25,116,1.15974767,"2"
2040,4,26,117,0.94612139000003,"2"
2040,4,27,118,1.87692161000001,"2"
2040,4,28,119,3.26549243,"2"
2040,4,29,120,2.92979399000001,"2"
2040,4,30,121,2.34995123000004,"2"
2041,4,1,91,1.37337395000003,"2"
2041,4,2,92,2.48728241000003,"2"
2041,4,3,93,3.44860067000002,"2"
2041,4,4,94,1.67855435000001,"2"
2041,4,5,95,1.66329533000004,"2"
2041,4,6,96,3.46385968999999,"2"
2041,4,7,97,1.37337395000003,"2"
2041,4,8,98,2.54831849000004,"2"
2041,4,9,99,2.22787907000003,"2"
2041,4,10,100,3.11290223000003,"2"
2041,4,11,101,1.98373475,"2"
2041,4,12,102,3.11290223000003,"2"
2041,4,13,103,2.09054789000004,"2"
2041,4,14,104,2.71616771000004,"2"
2041,4,15,105,3.32652851,"2"
2041,4,16,106,3.06712517,"2"
2041,4,17,107,2.45676437000003,"2"
2041,4,18,108,4.24206971000001,"2"
2041,4,19,109,4.02844343000004,"2"
2041,4,20,110,1.84640357000001,"2"
2041,4,21,111,2.24313809,"2"
2041,4,22,112,2.39572829000002,"2"
2041,4,23,113,0.625681970000016,"2"
2041,4,24,114,1.93795769000002,"2"
2041,4,25,115,2.45676437000003,"2"
2041,4,26,116,1.63277729000004,"2"
2041,4,27,117,2.74668575000004,"2"
2041,4,28,118,3.08238419000003,"2"
2041,4,29,119,3.20445635000004,"2"
2041,4,30,120,4.01318441000001,"2"
2042,4,1,91,2.10580691000001,"2"
2042,4,2,92,1.23604277000004,"2"
2042,4,3,93,1.34285591000003,"2"
2042,4,4,94,1.75484944999999,"2"
2042,4,5,95,1.87692161000001,"2"
2042,4,6,96,2.45676437000003,"2"
2042,4,7,97,2.31943319000004,"2"
2042,4,8,98,3.38756459000001,"2"
2042,4,9,99,3.02134811000002,"2"
2042,4,10,100,2.33469221000001,"2"
2042,4,11,101,4.66932227000001,"2"
2042,4,12,102,3.15867929000001,"2"
2042,4,13,103,2.80772182999999,"2"
2042,4,14,104,2.57883653000005,"2"
2042,4,15,105,1.86166259000004,"2"
2042,4,16,106,1.95321670999999,"2"
2042,4,17,107,1.26656081000004,"2"
2042,4,18,108,2.06002985000003,"2"
2042,4,19,109,2.41098731,"2"
2042,4,20,110,2.34995123000004,"2"
2042,4,21,111,1.52596414999999,"2"
2042,4,22,112,3.03660712999999,"2"
2042,4,23,113,1.43441003000004,"2"
2042,4,24,114,1.89218063000004,"2"
2042,4,25,115,1.81588553,"2"
2042,4,26,116,2.97557105000004,"2"
2042,4,27,117,1.78536749,"2"
2042,4,28,118,1.29707884999999,"2"
2042,4,29,119,0.991898450000008,"2"
2042,4,30,120,3.75378107,"2"
2043,4,1,91,1.61751827,"2"
2043,4,2,92,2.50254143000001,"2"
2043,4,3,93,1.95321670999999,"2"
2043,4,4,94,4.57776815,"2"
2043,4,5,95,2.54831849000004,"2"
2043,4,6,96,2.53305947000001,"2"
2043,4,7,97,2.36521025000002,"2"
2043,4,8,98,3.15867929000001,"2"
2043,4,9,99,2.65513163000003,"2"
2043,4,10,100,2.02951181000003,"2"
2043,4,11,101,4.07422049000002,"2"
2043,4,12,102,2.50254143000001,"2"
2043,4,13,103,2.28891515000004,"2"
2043,4,14,104,3.70800401000002,"2"
2043,4,15,105,0.625681970000016,"2"
2043,4,16,106,1.90743965000001,"2"
2043,4,17,107,3.81481715000001,"2"
2043,4,18,108,1.66329533000004,"2"
2043,4,19,109,1.11397061000002,"2"
2043,4,20,110,0.610422950000043,"2"
2043,4,21,111,1.57174121000003,"2"
2043,4,22,112,2.19736103000002,"2"
2043,4,23,113,2.22787907000003,"2"
2043,4,24,114,2.30417417000001,"2"
2043,4,25,115,1.12922963,"2"
2043,4,26,116,1.87692161000001,"2"
2043,4,27,117,2.16684299000002,"2"
2043,4,28,118,2.92979399000001,"2"
2043,4,29,119,2.12106593000004,"2"
2043,4,30,120,2.53305947000001,"2"
2044,4,1,92,1.55648219,"2"
2044,4,2,93,2.25839711000003,"2"
2044,4,3,94,2.71616771000004,"2"
2044,4,4,95,4.02844343000004,"2"
2044,4,5,96,2.27365613000001,"2"
2044,4,6,97,3.06712517,"2"
2044,4,7,98,3.37230557000004,"2"
2044,4,8,99,2.62461359000002,"2"
2044,4,9,100,2.18210200999999,"2"
2044,4,10,101,1.98373475,"2"
2044,4,11,102,3.11290223000003,"2"
2044,4,12,103,2.53305947000001,"2"
2044,4,13,104,3.75378107,"2"
2044,4,14,105,2.04477083,"2"
2044,4,15,106,3.00608909000005,"2"
2044,4,16,107,2.86875791,"2"
2044,4,17,108,2.79246281000002,"2"
2044,4,18,109,2.57883653000005,"2"
2044,4,19,110,3.20445635000004,"2"
2044,4,20,111,1.99899377000003,"2"
2044,4,21,112,0.991898450000008,"2"
2044,4,22,113,2.82298085000002,"2"
2044,4,23,114,3.37230557000004,"2"
2044,4,24,115,3.23497439000005,"2"
2044,4,25,116,5.61538151000002,"2"
2044,4,26,117,4.54725010999999,"2"
2044,4,27,118,3.14342027000004,"2"
2044,4,28,119,2.88401693000003,"2"
2044,4,29,120,1.86166259000004,"2"
2044,4,30,121,0.854567270000018,"2"
2045,4,1,91,2.53305947000001,"2"
2045,4,2,92,6.83610311000001,"2"
2045,4,3,93,2.41098731,"2"
2045,4,4,94,2.01425279,"2"
2045,4,5,95,1.09871158999999,"2"
2045,4,6,96,2.68564967000003,"2"
2045,4,7,97,1.48018709000002,"2"
2045,4,8,98,2.47202339,"2"
2045,4,9,99,2.42624633000003,"2"
2045,4,10,100,2.92979399000001,"2"
2045,4,11,101,1.70907239000002,"2"
2045,4,12,102,1.75484944999999,"2"
2045,4,13,103,0.595163930000012,"2"
2045,4,14,104,1.84640357000001,"2"
2045,4,15,105,2.73142673000001,"2"
2045,4,16,106,1.60225925000003,"2"
2045,4,17,107,1.92269867000005,"2"
2045,4,18,108,3.03660712999999,"2"
2045,4,19,109,3.31126949000003,"2"
2045,4,20,110,2.99083007000002,"2"
2045,4,21,111,1.54122317000002,"2"
2045,4,22,112,2.57883653000005,"2"
2045,4,23,113,3.44860067000002,"2"
2045,4,24,114,4.33362383000002,"2"
2045,4,25,115,2.30417417000001,"2"
2045,4,26,116,2.38046926999999,"2"
2045,4,27,117,3.11290223000003,"2"
2045,4,28,118,3.47911871000002,"2"
2045,4,29,119,3.47911871000002,"2"
2045,4,30,120,5.32546013000001,"2"
2046,4,1,91,0.94612139000003,"2"
2046,4,2,92,1.77010847000003,"2"
2046,4,3,93,3.20445635000004,"2"
2046,4,4,94,2.39572829000002,"2"
2046,4,5,95,2.56357751000002,"2"
2046,4,6,96,1.73959043000002,"2"
2046,4,7,97,2.19736103000002,"2"
2046,4,8,98,1.17500669000003,"2"
2046,4,9,99,2.80772182999999,"2"
2046,4,10,100,2.10580691000001,"2"
2046,4,11,101,2.02951181000003,"2"
2046,4,12,102,1.44966905000001,"2"
2046,4,13,103,1.19026571000001,"2"
2046,4,14,104,1.34285591000003,"2"
2046,4,15,105,2.13632495000002,"2"
2046,4,16,106,2.30417417000001,"2"
2046,4,17,107,3.00608909000005,"2"
2046,4,18,108,4.16577461000003,"2"
2046,4,19,109,2.82298085000002,"2"
2046,4,20,110,3.44860067000002,"2"
2046,4,21,111,4.01318441000001,"2"
2046,4,22,112,1.02241649000001,"2"
2046,4,23,113,1.48018709000002,"2"
2046,4,24,114,3.35704655000001,"2"
2046,4,25,115,3.23497439000005,"2"
2046,4,26,116,3.52489577,"2"
2046,4,27,117,3.50963675000003,"2"
2046,4,28,118,2.63987261,"2"
2046,4,29,119,2.34995123000004,"2"
2046,4,30,120,1.70907239000002,"2"
2047,4,1,91,1.78536749,"2"
2047,4,2,92,3.43334165000005,"2"
2047,4,3,93,4.18103363,"2"
2047,4,4,94,2.99083007000002,"2"
2047,4,5,95,1.73959043000002,"2"
2047,4,6,96,1.80062651000003,"2"
2047,4,7,97,2.68564967000003,"2"
2047,4,8,98,3.55541381,"2"
2047,4,9,99,2.19736103000002,"2"
2047,4,10,100,2.63987261,"2"
2047,4,11,101,2.30417417000001,"2"
2047,4,12,102,3.18919733000001,"2"
2047,4,13,103,1.40389199000003,"2"
2047,4,14,104,1.96847573000002,"2"
2047,4,15,105,2.77720379000004,"2"
2047,4,16,106,2.30417417000001,"2"
2047,4,17,107,1.98373475,"2"
2047,4,18,108,1.08345257000002,"2"
2047,4,19,109,4.28784677000004,"2"
2047,4,20,110,3.11290223000003,"2"
2047,4,21,111,3.34178753000003,"2"
2047,4,22,112,3.03660712999999,"2"
2047,4,23,113,3.11290223000003,"2"
2047,4,24,114,2.16684299000002,"2"
2047,4,25,115,1.17500669000003,"2"
2047,4,26,116,1.80062651000003,"2"
2047,4,27,117,2.53305947000001,"2"
2047,4,28,118,2.57883653000005,"2"
2047,4,29,119,1.60225925000003,"2"
2047,4,30,120,3.02134811000002,"2"
2048,4,1,92,3.63170891000004,"2"
2048,4,2,93,3.34178753000003,"2"
2048,4,3,94,2.82298085000002,"2"
2048,4,4,95,2.34995123000004,"2"
2048,4,5,96,2.36521025000002,"2"
2048,4,6,97,1.75484944999999,"2"
2048,4,7,98,1.32759689,"2"
2048,4,8,99,3.44860067000002,"2"
2048,4,9,100,1.95321670999999,"2"
2048,4,10,101,1.95321670999999,"2"
2048,4,11,102,0.900344329999996,"2"
2048,4,12,103,1.80062651000003,"2"
2048,4,13,104,3.26549243,"2"
2048,4,14,105,3.31126949000003,"2"
2048,4,15,106,4.88294855000004,"2"
2048,4,16,107,1.99899377000003,"2"
2048,4,17,108,2.45676437000003,"2"
2048,4,18,109,3.35704655000001,"2"
2048,4,19,110,1.26656081000004,"2"
2048,4,20,111,1.69381337000004,"2"
2048,4,21,112,1.81588553,"2"
2048,4,22,113,3.09764321,"2"
2048,4,23,114,1.75484944999999,"2"
2048,4,24,115,0.351019610000037,"2"
2048,4,25,116,2.33469221000001,"2"
2048,4,26,117,2.51780045000004,"2"
2048,4,27,118,1.23604277000004,"2"
2048,4,28,119,2.19736103000002,"2"
2048,4,29,120,4.59302717000003,"2"
2048,4,30,121,3.02134811000002,"2"
2049,4,1,91,2.83823987,"2"
2049,4,2,92,3.06712517,"2"
2049,4,3,93,2.19736103000002,"2"
2049,4,4,94,2.62461359000002,"2"
2049,4,5,95,2.18210200999999,"2"
2049,4,6,96,1.92269867000005,"2"
2049,4,7,97,3.25023341000002,"2"
2049,4,8,98,2.74668575000004,"2"
2049,4,9,99,2.28891515000004,"2"
2049,4,10,100,2.85349889000003,"2"
2049,4,11,101,1.75484944999999,"2"
2049,4,12,102,1.57174121000003,"2"
2049,4,13,103,2.76194477000001,"2"
2049,4,14,104,3.83007617000004,"2"
2049,4,15,105,1.92269867000005,"2"
2049,4,16,106,2.04477083,"2"
2049,4,17,107,2.60935456999999,"2"
2049,4,18,108,3.69274498999999,"2"
2049,4,19,109,3.98266637,"2"
2049,4,20,110,4.36414187000003,"2"
2049,4,21,111,2.28891515000004,"2"
2049,4,22,112,1.63277729000004,"2"
2049,4,23,113,1.29707884999999,"2"
2049,4,24,114,1.41915101000001,"2"
2049,4,25,115,1.03767551000004,"2"
2049,4,26,116,1.95321670999999,"2"
2049,4,27,117,2.79246281000002,"2"
2049,4,28,118,2.89927595,"2"
2049,4,29,119,0.732495110000002,"2"
2049,4,30,120,3.60119087000004,"2"
2050,4,1,91,2.06002985000003,"2"
2050,4,2,92,1.99899377000003,"2"
2050,4,3,93,2.54831849000004,"2"
2050,4,4,94,1.23604277000004,"2"
2050,4,5,95,1.67855435000001,"2"
2050,4,6,96,2.48728241000003,"2"
2050,4,7,97,2.06002985000003,"2"
2050,4,8,98,2.62461359000002,"2"
2050,4,9,99,1.95321670999999,"2"
2050,4,10,100,2.28891515000004,"2"
2050,4,11,101,2.38046926999999,"2"
2050,4,12,102,3.38756459000001,"2"
2050,4,13,103,1.69381337000004,"2"
2050,4,14,104,2.73142673000001,"2"
2050,4,15,105,1.92269867000005,"2"
2050,4,16,106,3.70800401000002,"2"
2050,4,17,107,3.37230557000004,"2"
2050,4,18,108,1.89218063000004,"2"
2050,4,19,109,2.28891515000004,"2"
2050,4,20,110,2.07528887000001,"2"
2050,4,21,111,3.11290223000003,"2"
2050,4,22,112,1.93795769000002,"2"
2050,4,23,113,1.57174121000003,"2"
2050,4,24,114,2.48728241000003,"2"
2050,4,25,115,2.25839711000003,"2"
2050,4,26,116,2.92979399000001,"2"
2050,4,27,117,1.75484944999999,"2"
2050,4,28,118,2.33469221000001,"2"
2050,4,29,119,2.80772182999999,"2"
2050,4,30,120,2.33469221000001,"2"
2051,4,1,91,3.86059421000004,"2"
2051,4,2,92,4.08947951000005,"2"
2051,4,3,93,0.900344329999996,"2"
2051,4,4,94,0.763013150000006,"2"
2051,4,5,95,2.39572829000002,"2"
2051,4,6,96,1.72433141000005,"2"
2051,4,7,97,2.54831849000004,"2"
2051,4,8,98,5.84426681000002,"2"
2051,4,9,99,1.34285591000003,"2"
2051,4,10,100,1.73959043000002,"2"
2051,4,11,101,3.99792539000003,"2"
2051,4,12,102,3.02134811000002,"2"
2051,4,13,103,3.86059421000004,"2"
2051,4,14,104,2.91453497000003,"2"
2051,4,15,105,2.74668575000004,"2"
2051,4,16,106,2.25839711000003,"2"
2051,4,17,107,3.37230557000004,"2"
2051,4,18,108,5.50856837000003,"2"
2051,4,19,109,3.76904009000003,"2"
2051,4,20,110,3.67748597000002,"2"
2051,4,21,111,3.58593185000001,"2"
2051,4,22,112,3.23497439000005,"2"
2051,4,23,113,1.70907239000002,"2"
2051,4,24,114,2.85349889000003,"2"
2051,4,25,115,2.45676437000003,"2"
2051,4,26,116,4.08947951000005,"2"
2051,4,27,117,1.63277729000004,"2"
2051,4,28,118,2.01425279,"2"
2051,4,29,119,3.60119087000004,"2"
2051,4,30,120,1.83114455000003,"2"
2052,4,1,92,3.41808263000001,"2"
2052,4,2,93,1.77010847000003,"2"
2052,4,3,94,2.10580691000001,"2"
2052,4,4,95,2.22787907000003,"2"
2052,4,5,96,2.34995123000004,"2"
2052,4,6,97,1.77010847000003,"2"
2052,4,7,98,2.51780045000004,"2"
2052,4,8,99,1.67855435000001,"2"
2052,4,9,100,1.41915101000001,"2"
2052,4,10,101,0.808790210000041,"2"
2052,4,11,102,1.70907239000002,"2"
2052,4,12,103,2.25839711000003,"2"
2052,4,13,104,1.80062651000003,"2"
2052,4,14,105,2.85349889000003,"2"
2052,4,15,106,3.93688931000003,"2"
2052,4,16,107,3.38756459000001,"2"
2052,4,17,108,3.93688931000003,"2"
2052,4,18,109,1.29707884999999,"2"
2052,4,19,110,4.42517795000003,"2"
2052,4,20,111,3.34178753000003,"2"
2052,4,21,112,3.63170891000004,"2"
2052,4,22,113,2.06002985000003,"2"
2052,4,23,114,4.91346659000004,"2"
2052,4,24,115,3.05186615000002,"2"
2052,4,25,116,2.45676437000003,"2"
2052,4,26,117,3.29601047,"2"
2052,4,27,118,4.94398463000005,"2"
2052,4,28,119,3.35704655000001,"2"
2052,4,29,120,1.35811493,"2"
2052,4,30,121,3.12816125,"2"
2053,4,1,91,1.63277729000004,"2"
2053,4,2,92,1.89218063000004,"2"
2053,4,3,93,2.42624633000003,"2"
2053,4,4,94,2.36521025000002,"2"
2053,4,5,95,1.89218063000004,"2"
2053,4,6,96,2.21262005,"2"
2053,4,7,97,2.47202339,"2"
2053,4,8,98,1.55648219,"2"
2053,4,9,99,3.26549243,"2"
2053,4,10,100,3.55541381,"2"
2053,4,11,101,3.67748597000002,"2"
2053,4,12,102,3.50963675000003,"2"
2053,4,13,103,2.82298085000002,"2"
2053,4,14,104,1.67855435000001,"2"
2053,4,15,105,1.55648219,"2"
2053,4,16,106,2.22787907000003,"2"
2053,4,17,107,1.87692161000001,"2"
2053,4,18,108,1.78536749,"2"
2053,4,19,109,2.80772182999999,"2"
2053,4,20,110,2.41098731,"2"
2053,4,21,111,1.63277729000004,"2"
2053,4,22,112,2.47202339,"2"
2053,4,23,113,1.67855435000001,"2"
2053,4,24,114,2.50254143000001,"2"
2053,4,25,115,2.34995123000004,"2"
2053,4,26,116,1.25130179000001,"2"
2053,4,27,117,1.87692161000001,"2"
2053,4,28,118,1.41915101000001,"2"
2053,4,29,119,2.04477083,"2"
2053,4,30,120,2.19736103000002,"2"
2054,4,1,91,2.56357751000002,"2"
2054,4,2,92,1.60225925000003,"2"
2054,4,3,93,1.44966905000001,"2"
2054,4,4,94,1.35811493,"2"
2054,4,5,95,2.51780045000004,"2"
2054,4,6,96,1.66329533000004,"2"
2054,4,7,97,3.28075145000003,"2"
2054,4,8,98,2.01425279,"2"
2054,4,9,99,3.05186615000002,"2"
2054,4,10,100,2.63987261,"2"
2054,4,11,101,1.51070513000002,"2"
2054,4,12,102,2.71616771000004,"2"
2054,4,13,103,2.12106593000004,"2"
2054,4,14,104,1.57174121000003,"2"
2054,4,15,105,3.28075145000003,"2"
2054,4,16,106,1.11397061000002,"2"
2054,4,17,107,2.01425279,"2"
2054,4,18,108,2.25839711000003,"2"
2054,4,19,109,1.15974767,"2"
2054,4,20,110,1.26656081000004,"2"
2054,4,21,111,1.44966905000001,"2"
2054,4,22,112,2.88401693000003,"2"
2054,4,23,113,4.02844343000004,"2"
2054,4,24,114,4.82191247000003,"2"
2054,4,25,115,3.43334165000005,"2"
2054,4,26,116,3.41808263000001,"2"
2054,4,27,117,3.86059421000004,"2"
2054,4,28,118,3.92163029,"2"
2054,4,29,119,2.88401693000003,"2"
2054,4,30,120,1.15974767,"2"
2055,4,1,91,3.26549243,"2"
2055,4,2,92,2.92979399000001,"2"
2055,4,3,93,2.59409555000002,"2"
2055,4,4,94,2.85349889000003,"2"
2055,4,5,95,2.48728241000003,"2"
2055,4,6,96,2.92979399000001,"2"
2055,4,7,97,4.45569599000004,"2"
2055,4,8,98,2.85349889000003,"2"
2055,4,9,99,1.73959043000002,"2"
2055,4,10,100,2.02951181000003,"2"
2055,4,11,101,2.99083007000002,"2"
2055,4,12,102,4.42517795000003,"2"
2055,4,13,103,3.29601047,"2"
2055,4,14,104,2.96031203000001,"2"
2055,4,15,105,1.43441003000004,"2"
2055,4,16,106,1.90743965000001,"2"
2055,4,17,107,1.57174121000003,"2"
2055,4,18,108,2.88401693000003,"2"
2055,4,19,109,2.13632495000002,"2"
2055,4,20,110,5.35597817000001,"2"
2055,4,21,111,2.88401693000003,"2"
2055,4,22,112,2.94505301000004,"2"
2055,4,23,113,2.83823987,"2"
2055,4,24,114,1.09871158999999,"2"
2055,4,25,115,1.60225925000003,"2"
2055,4,26,116,1.77010847000003,"2"
2055,4,27,117,2.33469221000001,"2"
2055,4,28,118,4.65406325000004,"2"
2055,4,29,119,4.59302717000003,"2"
2055,4,30,120,2.57883653000005,"2"
2056,4,1,92,1.57174121000003,"2"
2056,4,2,93,1.67855435000001,"2"
2056,4,3,94,3.29601047,"2"
2056,4,4,95,2.70090869000001,"2"
2056,4,5,96,2.27365613000001,"2"
2056,4,6,97,3.00608909000005,"2"
2056,4,7,98,2.22787907000003,"2"
2056,4,8,99,1.86166259000004,"2"
2056,4,9,100,0.808790210000041,"2"
2056,4,10,101,2.68564967000003,"2"
2056,4,11,102,2.16684299000002,"2"
2056,4,12,103,3.96740735000003,"2"
2056,4,13,104,3.50963675000003,"2"
2056,4,14,105,1.89218063000004,"2"
2056,4,15,106,1.35811493,"2"
2056,4,16,107,2.57883653000005,"2"
2056,4,17,108,4.21155167000001,"2"
2056,4,18,109,2.10580691000001,"2"
2056,4,19,110,3.03660712999999,"2"
2056,4,20,111,2.68564967000003,"2"
2056,4,21,112,2.50254143000001,"2"
2056,4,22,113,2.31943319000004,"2"
2056,4,23,114,2.04477083,"2"
2056,4,24,115,3.86059421000004,"2"
2056,4,25,116,3.02134811000002,"2"
2056,4,26,117,1.95321670999999,"2"
2056,4,27,118,1.77010847000003,"2"
2056,4,28,119,4.18103363,"2"
2056,4,29,120,3.00608909000005,"2"
2056,4,30,121,0.915603350000026,"2"
2057,4,1,91,4.28784677000004,"2"
2057,4,2,92,1.03767551000004,"2"
2057,4,3,93,2.76194477000001,"2"
2057,4,4,94,2.04477083,"2"
2057,4,5,95,2.57883653000005,"2"
2057,4,6,96,2.57883653000005,"2"
2057,4,7,97,3.40282361000004,"2"
2057,4,8,98,4.31836480999999,"2"
2057,4,9,99,2.71616771000004,"2"
2057,4,10,100,2.63987261,"2"
2057,4,11,101,1.15974767,"2"
2057,4,12,102,3.23497439000005,"2"
2057,4,13,103,2.21262005,"2"
2057,4,14,104,1.55648219,"2"
2057,4,15,105,2.44150535,"2"
2057,4,16,106,1.52596414999999,"2"
2057,4,17,107,2.12106593000004,"2"
2057,4,18,108,3.38756459000001,"2"
2057,4,19,109,1.60225925000003,"2"
2057,4,20,110,1.43441003000004,"2"
2057,4,21,111,2.92979399000001,"2"
2057,4,22,112,3.08238419000003,"2"
2057,4,23,113,2.18210200999999,"2"
2057,4,24,114,2.94505301000004,"2"
2057,4,25,115,2.73142673000001,"2"
2057,4,26,116,3.83007617000004,"2"
2057,4,27,117,1.96847573000002,"2"
2057,4,28,118,3.23497439000005,"2"
2057,4,29,119,2.31943319000004,"2"
2057,4,30,120,5.14235189000004,"2"
2058,4,1,91,1.03767551000004,"2"
2058,4,2,92,3.78429911000001,"2"
2058,4,3,93,4.04370245000001,"2"
2058,4,4,94,2.24313809,"2"
2058,4,5,95,1.67855435000001,"2"
2058,4,6,96,2.04477083,"2"
2058,4,7,97,1.87692161000001,"2"
2058,4,8,98,2.53305947000001,"2"
2058,4,9,99,2.13632495000002,"2"
2058,4,10,100,1.32759689,"2"
2058,4,11,101,2.36521025000002,"2"
2058,4,12,102,1.09871158999999,"2"
2058,4,13,103,2.34995123000004,"2"
2058,4,14,104,0.518868830000031,"2"
2058,4,15,105,2.02951181000003,"2"
2058,4,16,106,2.42624633000003,"2"
2058,4,17,107,1.77010847000003,"2"
2058,4,18,108,3.44860067000002,"2"
2058,4,19,109,3.32652851,"2"
2058,4,20,110,5.73745367000004,"2"
2058,4,21,111,1.67855435000001,"2"
2058,4,22,112,2.57883653000005,"2"
2058,4,23,113,6.02737505000005,"2"
2058,4,24,114,1.89218063000004,"2"
2058,4,25,115,0.839308250000045,"2"
2058,4,26,116,2.63987261,"2"
2058,4,27,117,4.86768953000001,"2"
2058,4,28,118,2.99083007000002,"2"
2058,4,29,119,3.55541381,"2"
2058,4,30,120,2.99083007000002,"2"
2059,4,1,91,2.36521025000002,"2"
2059,4,2,92,4.01318441000001,"2"
2059,4,3,93,1.46492807000004,"2"
2059,4,4,94,1.67855435000001,"2"
2059,4,5,95,4.08947951000005,"2"
2059,4,6,96,1.55648219,"2"
2059,4,7,97,3.11290223000003,"2"
2059,4,8,98,3.31126949000003,"2"
2059,4,9,99,1.46492807000004,"2"
2059,4,10,100,1.96847573000002,"2"
2059,4,11,101,0.976639430000034,"2"
2059,4,12,102,2.18210200999999,"2"
2059,4,13,103,2.31943319000004,"2"
2059,4,14,104,2.27365613000001,"2"
2059,4,15,105,1.80062651000003,"2"
2059,4,16,106,3.20445635000004,"2"
2059,4,17,107,2.83823987,"2"
2059,4,18,108,2.62461359000002,"2"
2059,4,19,109,1.58700023,"2"
2059,4,20,110,1.43441003000004,"2"
2059,4,21,111,2.73142673000001,"2"
2059,4,22,112,6.53092271000003,"2"
2059,4,23,113,2.76194477000001,"2"
2059,4,24,114,3.18919733000001,"2"
2059,4,25,115,1.52596414999999,"2"
2059,4,26,116,1.86166259000004,"2"
2059,4,27,117,3.11290223000003,"2"
2059,4,28,118,3.87585323000002,"2"
2059,4,29,119,2.86875791,"2"
2059,4,30,120,4.25732873000004,"2"
2060,4,1,92,3.20445635000004,"2"
2060,4,2,93,2.39572829000002,"2"
2060,4,3,94,1.66329533000004,"2"
2060,4,4,95,1.34285591000003,"2"
2060,4,5,96,1.93795769000002,"2"
2060,4,6,97,2.45676437000003,"2"
2060,4,7,98,1.22078375000001,"2"
2060,4,8,99,2.71616771000004,"2"
2060,4,9,100,1.86166259000004,"2"
2060,4,10,101,2.18210200999999,"2"
2060,4,11,102,3.95214833,"2"
2060,4,12,103,3.54015479000003,"2"
2060,4,13,104,4.71509933000004,"2"
2060,4,14,105,2.45676437000003,"2"
2060,4,15,106,2.53305947000001,"2"
2060,4,16,107,2.47202339,"2"
2060,4,17,108,3.46385968999999,"2"
2060,4,18,109,2.51780045000004,"2"
2060,4,19,110,1.44966905000001,"2"
2060,4,20,111,1.22078375000001,"2"
2060,4,21,112,3.47911871000002,"2"
2060,4,22,113,1.61751827,"2"
2060,4,23,114,2.10580691000001,"2"
2060,4,24,115,1.72433141000005,"2"
2060,4,25,116,1.46492807000004,"2"
2060,4,26,117,1.81588553,"2"
2060,4,27,118,2.71616771000004,"2"
2060,4,28,119,1.31233787000002,"2"
2060,4,29,120,1.32759689,"2"
2060,4,30,121,3.78429911000001,"2"
2061,4,1,91,3.29601047,"2"
2061,4,2,92,1.75484944999999,"2"
2061,4,3,93,2.76194477000001,"2"
2061,4,4,94,2.28891515000004,"2"
2061,4,5,95,4.08947951000005,"2"
2061,4,6,96,3.41808263000001,"2"
2061,4,7,97,1.89218063000004,"2"
2061,4,8,98,1.78536749,"2"
2061,4,9,99,3.78429911000001,"2"
2061,4,10,100,2.92979399000001,"2"
2061,4,11,101,3.20445635000004,"2"
2061,4,12,102,2.62461359000002,"2"
2061,4,13,103,2.83823987,"2"
2061,4,14,104,2.41098731,"2"
2061,4,15,105,3.08238419000003,"2"
2061,4,16,106,3.05186615000002,"2"
2061,4,17,107,1.29707884999999,"2"
2061,4,18,108,1.66329533000004,"2"
2061,4,19,109,2.22787907000003,"2"
2061,4,20,110,3.18919733000001,"2"
2061,4,21,111,2.07528887000001,"2"
2061,4,22,112,3.35704655000001,"2"
2061,4,23,113,3.15867929000001,"2"
2061,4,24,114,1.08345257000002,"2"
2061,4,25,115,1.69381337000004,"2"
2061,4,26,116,3.32652851,"2"
2061,4,27,117,2.91453497000003,"2"
2061,4,28,118,4.71509933000004,"2"
2061,4,29,119,2.67039065,"2"
2061,4,30,120,1.49544611000005,"2"
2062,4,1,91,3.09764321,"2"
2062,4,2,92,3.69274498999999,"2"
2062,4,3,93,2.47202339,"2"
2062,4,4,94,2.36521025000002,"2"
2062,4,5,95,2.18210200999999,"2"
2062,4,6,96,2.42624633000003,"2"
2062,4,7,97,2.63987261,"2"
2062,4,8,98,2.16684299000002,"2"
2062,4,9,99,1.98373475,"2"
2062,4,10,100,3.31126949000003,"2"
2062,4,11,101,2.92979399000001,"2"
2062,4,12,102,1.81588553,"2"
2062,4,13,103,1.95321670999999,"2"
2062,4,14,104,1.63277729000004,"2"
2062,4,15,105,3.95214833,"2"
2062,4,16,106,3.06712517,"2"
2062,4,17,107,0.701977069999998,"2"
2062,4,18,108,1.78536749,"2"
2062,4,19,109,2.31943319000004,"2"
2062,4,20,110,2.65513163000003,"2"
2062,4,21,111,3.58593185000001,"2"
2062,4,22,112,3.69274498999999,"2"
2062,4,23,113,2.15158397000005,"2"
2062,4,24,114,2.13632495000002,"2"
2062,4,25,115,1.19026571000001,"2"
2062,4,26,116,2.56357751000002,"2"
2062,4,27,117,3.69274498999999,"2"
2062,4,28,118,2.89927595,"2"
2062,4,29,119,2.04477083,"2"
2062,4,30,120,3.37230557000004,"2"
2063,4,1,91,2.16684299000002,"2"
2063,4,2,92,3.35704655000001,"2"
2063,4,3,93,4.74561736999999,"2"
2063,4,4,94,3.05186615000002,"2"
2063,4,5,95,2.59409555000002,"2"
2063,4,6,96,2.50254143000001,"2"
2063,4,7,97,2.45676437000003,"2"
2063,4,8,98,2.47202339,"2"
2063,4,9,99,1.96847573000002,"2"
2063,4,10,100,2.73142673000001,"2"
2063,4,11,101,3.17393831000004,"2"
2063,4,12,102,4.08947951000005,"2"
2063,4,13,103,1.70907239000002,"2"
2063,4,14,104,1.95321670999999,"2"
2063,4,15,105,2.13632495000002,"2"
2063,4,16,106,2.27365613000001,"2"
2063,4,17,107,1.15974767,"2"
2063,4,18,108,3.31126949000003,"2"
2063,4,19,109,3.89111224999999,"2"
2063,4,20,110,5.29494209000001,"2"
2063,4,21,111,1.51070513000002,"2"
2063,4,22,112,2.38046926999999,"2"
2063,4,23,113,4.04370245000001,"2"
2063,4,24,114,2.34995123000004,"2"
2063,4,25,115,2.94505301000004,"2"
2063,4,26,116,2.10580691000001,"2"
2063,4,27,117,2.80772182999999,"2"
2063,4,28,118,2.92979399000001,"2"
2063,4,29,119,3.81481715000001,"2"
2063,4,30,120,2.76194477000001,"2"
2064,4,1,92,1.92269867000005,"2"
2064,4,2,93,2.48728241000003,"2"
2064,4,3,94,2.85349889000003,"2"
2064,4,4,95,3.57067283000003,"2"
2064,4,5,96,2.91453497000003,"2"
2064,4,6,97,1.15974767,"2"
2064,4,7,98,2.86875791,"2"
2064,4,8,99,1.60225925000003,"2"
2064,4,9,100,3.55541381,"2"
2064,4,10,101,2.96031203000001,"2"
2064,4,11,102,2.74668575000004,"2"
2064,4,12,103,2.10580691000001,"2"
2064,4,13,104,1.95321670999999,"2"
2064,4,14,105,2.56357751000002,"2"
2064,4,15,106,2.24313809,"2"
2064,4,16,107,4.65406325000004,"2"
2064,4,17,108,5.32546013000001,"2"
2064,4,18,109,2.13632495000002,"2"
2064,4,19,110,3.20445635000004,"2"
2064,4,20,111,2.31943319000004,"2"
2064,4,21,112,2.99083007000002,"2"
2064,4,22,113,2.12106593000004,"2"
2064,4,23,114,4.28784677000004,"2"
2064,4,24,115,2.04477083,"2"
2064,4,25,116,1.43441003000004,"2"
2064,4,26,117,2.41098731,"2"
2064,4,27,118,3.75378107,"2"
2064,4,28,119,2.77720379000004,"2"
2064,4,29,120,2.53305947000001,"2"
2064,4,30,121,1.23604277000004,"2"
2065,4,1,91,2.16684299000002,"2"
2065,4,2,92,1.61751827,"2"
2065,4,3,93,1.40389199000003,"2"
2065,4,4,94,2.16684299000002,"2"
2065,4,5,95,1.51070513000002,"2"
2065,4,6,96,1.99899377000003,"2"
2065,4,7,97,1.41915101000001,"2"
2065,4,8,98,1.89218063000004,"2"
2065,4,9,99,2.30417417000001,"2"
2065,4,10,100,2.97557105000004,"2"
2065,4,11,101,2.80772182999999,"2"
2065,4,12,102,3.76904009000003,"2"
2065,4,13,103,1.95321670999999,"2"
2065,4,14,104,2.77720379000004,"2"
2065,4,15,105,2.33469221000001,"2"
2065,4,16,106,2.71616771000004,"2"
2065,4,17,107,4.66932227000001,"2"
2065,4,18,108,3.78429911000001,"2"
2065,4,19,109,2.82298085000002,"2"
2065,4,20,110,2.41098731,"2"
2065,4,21,111,1.92269867000005,"2"
2065,4,22,112,6.21048329000001,"2"
2065,4,23,113,3.17393831000004,"2"
2065,4,24,114,2.65513163000003,"2"
2065,4,25,115,1.86166259000004,"2"
2065,4,26,116,2.48728241000003,"2"
2065,4,27,117,4.24206971000001,"2"
2065,4,28,118,4.28784677000004,"2"
2065,4,29,119,2.79246281000002,"2"
2065,4,30,120,1.55648219,"2"
2066,4,1,91,2.07528887000001,"2"
2066,4,2,92,1.81588553,"2"
2066,4,3,93,2.21262005,"2"
2066,4,4,94,3.02134811000002,"2"
2066,4,5,95,1.55648219,"2"
2066,4,6,96,4.13525657000002,"2"
2066,4,7,97,2.65513163000003,"2"
2066,4,8,98,3.47911871000002,"2"
2066,4,9,99,2.96031203000001,"2"
2066,4,10,100,1.99899377000003,"2"
2066,4,11,101,3.81481715000001,"2"
2066,4,12,102,3.46385968999999,"2"
2066,4,13,103,4.60828619,"2"
2066,4,14,104,0.991898450000008,"2"
2066,4,15,105,1.95321670999999,"2"
2066,4,16,106,2.22787907000003,"2"
2066,4,17,107,1.78536749,"2"
2066,4,18,108,3.03660712999999,"2"
2066,4,19,109,2.83823987,"2"
2066,4,20,110,1.54122317000002,"2"
2066,4,21,111,2.74668575000004,"2"
2066,4,22,112,2.44150535,"2"
2066,4,23,113,3.03660712999999,"2"
2066,4,24,114,1.75484944999999,"2"
2066,4,25,115,1.17500669000003,"2"
2066,4,26,116,2.12106593000004,"2"
2066,4,27,117,1.57174121000003,"2"
2066,4,28,118,2.36521025000002,"2"
2066,4,29,119,2.42624633000003,"2"
2066,4,30,120,1.67855435000001,"2"
2067,4,1,91,1.67855435000001,"2"
2067,4,2,92,3.72326303,"2"
2067,4,3,93,1.48018709000002,"2"
2067,4,4,94,2.16684299000002,"2"
2067,4,5,95,2.33469221000001,"2"
2067,4,6,96,3.21971537000002,"2"
2067,4,7,97,3.69274498999999,"2"
2067,4,8,98,3.03660712999999,"2"
2067,4,9,99,4.15051559,"2"
2067,4,10,100,2.53305947000001,"2"
2067,4,11,101,2.68564967000003,"2"
2067,4,12,102,3.40282361000004,"2"
2067,4,13,103,2.57883653000005,"2"
2067,4,14,104,2.31943319000004,"2"
2067,4,15,105,2.92979399000001,"2"
2067,4,16,106,1.55648219,"2"
2067,4,17,107,3.90637127000002,"2"
2067,4,18,108,3.43334165000005,"2"
2067,4,19,109,4.25732873000004,"2"
2067,4,20,110,2.51780045000004,"2"
2067,4,21,111,4.50147305000002,"2"
2067,4,22,112,2.19736103000002,"2"
2067,4,23,113,1.78536749,"2"
2067,4,24,114,2.25839711000003,"2"
2067,4,25,115,1.67855435000001,"2"
2067,4,26,116,2.34995123000004,"2"
2067,4,27,117,2.63987261,"2"
2067,4,28,118,1.99899377000003,"2"
2067,4,29,119,1.72433141000005,"2"
2067,4,30,120,2.51780045000004,"2"
2068,4,1,92,1.08345257000002,"2"
2068,4,2,93,1.87692161000001,"2"
2068,4,3,94,2.71616771000004,"2"
2068,4,4,95,4.19629265000003,"2"
2068,4,5,96,2.07528887000001,"2"
2068,4,6,97,2.71616771000004,"2"
2068,4,7,98,3.03660712999999,"2"
2068,4,8,99,3.02134811000002,"2"
2068,4,9,100,2.50254143000001,"2"
2068,4,10,101,2.53305947000001,"2"
2068,4,11,102,1.61751827,"2"
2068,4,12,103,2.41098731,"2"
2068,4,13,104,1.66329533000004,"2"
2068,4,14,105,1.29707884999999,"2"
2068,4,15,106,2.79246281000002,"2"
2068,4,16,107,3.83007617000004,"2"
2068,4,17,108,2.56357751000002,"2"
2068,4,18,109,2.62461359000002,"2"
2068,4,19,110,2.39572829000002,"2"
2068,4,20,111,1.73959043000002,"2"
2068,4,21,112,2.76194477000001,"2"
2068,4,22,113,2.44150535,"2"
2068,4,23,114,2.68564967000003,"2"
2068,4,24,115,2.57883653000005,"2"
2068,4,25,116,1.61751827,"2"
2068,4,26,117,2.70090869000001,"2"
2068,4,27,118,2.79246281000002,"2"
2068,4,28,119,1.98373475,"2"
2068,4,29,120,2.31943319000004,"2"
2068,4,30,121,2.68564967000003,"2"
2069,4,1,91,2.80772182999999,"2"
2069,4,2,92,3.23497439000005,"2"
2069,4,3,93,1.75484944999999,"2"
2069,4,4,94,2.56357751000002,"2"
2069,4,5,95,1.63277729000004,"2"
2069,4,6,96,1.28181983000002,"2"
2069,4,7,97,3.40282361000004,"2"
2069,4,8,98,3.66222695000005,"2"
2069,4,9,99,2.28891515000004,"2"
2069,4,10,100,1.72433141000005,"2"
2069,4,11,101,1.35811493,"2"
2069,4,12,102,2.24313809,"2"
2069,4,13,103,1.54122317000002,"2"
2069,4,14,104,3.05186615000002,"2"
2069,4,15,105,1.84640357000001,"2"
2069,4,16,106,0.778272170000037,"2"
2069,4,17,107,2.67039065,"2"
2069,4,18,108,2.13632495000002,"2"
2069,4,19,109,1.05293453000002,"2"
2069,4,20,110,3.18919733000001,"2"
2069,4,21,111,4.01318441000001,"2"
2069,4,22,112,3.09764321,"2"
2069,4,23,113,1.87692161000001,"2"
2069,4,24,114,1.92269867000005,"2"
2069,4,25,115,2.86875791,"2"
2069,4,26,116,1.40389199000003,"2"
2069,4,27,117,3.81481715000001,"2"
2069,4,28,118,2.83823987,"2"
2069,4,29,119,1.49544611000005,"2"
2069,4,30,120,1.28181983000002,"2"
2070,4,1,91,2.15158397000005,"2"
2070,4,2,92,1.58700023,"2"
2070,4,3,93,3.25023341000002,"2"
2070,4,4,94,2.83823987,"2"
2070,4,5,95,2.63987261,"2"
2070,4,6,96,3.54015479000003,"2"
2070,4,7,97,3.35704655000001,"2"
2070,4,8,98,5.32546013000001,"2"
2070,4,9,99,1.11397061000002,"2"
2070,4,10,100,1.70907239000002,"2"
2070,4,11,101,0.854567270000018,"2"
2070,4,12,102,1.64803631000001,"2"
2070,4,13,103,3.06712517,"2"
2070,4,14,104,2.74668575000004,"2"
2070,4,15,105,2.34995123000004,"2"
2070,4,16,106,3.60119087000004,"2"
2070,4,17,107,3.23497439000005,"2"
2070,4,18,108,1.89218063000004,"2"
2070,4,19,109,4.36414187000003,"2"
2070,4,20,110,2.31943319000004,"2"
2070,4,21,111,3.41808263000001,"2"
2070,4,22,112,1.69381337000004,"2"
2070,4,23,113,2.57883653000005,"2"
2070,4,24,114,2.25839711000003,"2"
2070,4,25,115,2.06002985000003,"2"
2070,4,26,116,2.86875791,"2"
2070,4,27,117,2.01425279,"2"
2070,4,28,118,1.80062651000003,"2"
2070,4,29,119,3.44860067000002,"2"
2070,4,30,120,2.34995123000004,"2"
2071,4,1,91,3.05186615000002,"2"
2071,4,2,92,4.42517795000003,"2"
2071,4,3,93,2.48728241000003,"2"
2071,4,4,94,3.64696793000002,"2"
2071,4,5,95,2.80772182999999,"2"
2071,4,6,96,2.67039065,"2"
2071,4,7,97,1.32759689,"2"
2071,4,8,98,1.77010847000003,"2"
2071,4,9,99,3.12816125,"2"
2071,4,10,100,4.04370245000001,"2"
2071,4,11,101,2.79246281000002,"2"
2071,4,12,102,2.82298085000002,"2"
2071,4,13,103,1.96847573000002,"2"
2071,4,14,104,2.53305947000001,"2"
2071,4,15,105,3.78429911000001,"2"
2071,4,16,106,3.57067283000003,"2"
2071,4,17,107,1.84640357000001,"2"
2071,4,18,108,2.41098731,"2"
2071,4,19,109,1.60225925000003,"2"
2071,4,20,110,2.45676437000003,"2"
2071,4,21,111,3.17393831000004,"2"
2071,4,22,112,3.47911871000002,"2"
2071,4,23,113,2.85349889000003,"2"
2071,4,24,114,3.38756459000001,"2"
2071,4,25,115,3.31126949000003,"2"
2071,4,26,116,3.03660712999999,"2"
2071,4,27,117,0.976639430000034,"2"
2071,4,28,118,3.92163029,"2"
2071,4,29,119,1.77010847000003,"2"
2071,4,30,120,2.21262005,"2"
2072,4,1,92,2.85349889000003,"2"
2072,4,2,93,4.47095501000001,"2"
2072,4,3,94,3.81481715000001,"2"
2072,4,4,95,3.46385968999999,"2"
2072,4,5,96,1.90743965000001,"2"
2072,4,6,97,1.75484944999999,"2"
2072,4,7,98,3.50963675000003,"2"
2072,4,8,99,1.78536749,"2"
2072,4,9,100,1.67855435000001,"2"
2072,4,10,101,1.95321670999999,"2"
2072,4,11,102,1.77010847000003,"2"
2072,4,12,103,3.61644989000001,"2"
2072,4,13,104,2.41098731,"2"
2072,4,14,105,2.31943319000004,"2"
2072,4,15,106,3.40282361000004,"2"
2072,4,16,107,4.53199109000002,"2"
2072,4,17,108,3.44860067000002,"2"
2072,4,18,109,2.63987261,"2"
2072,4,19,110,2.74668575000004,"2"
2072,4,20,111,2.18210200999999,"2"
2072,4,21,112,6.66825389000002,"2"
2072,4,22,113,2.97557105000004,"2"
2072,4,23,114,1.83114455000003,"2"
2072,4,24,115,4.28784677000004,"2"
2072,4,25,116,3.09764321,"2"
2072,4,26,117,3.03660712999999,"2"
2072,4,27,118,2.51780045000004,"2"
2072,4,28,119,3.14342027000004,"2"
2072,4,29,120,4.34888285,"2"
2072,4,30,121,2.36521025000002,"2"
2073,4,1,91,3.58593185000001,"2"
2073,4,2,92,1.73959043000002,"2"
2073,4,3,93,1.75484944999999,"2"
2073,4,4,94,2.16684299000002,"2"
2073,4,5,95,2.06002985000003,"2"
2073,4,6,96,3.40282361000004,"2"
2073,4,7,97,1.14448865000003,"2"
2073,4,8,98,2.83823987,"2"
2073,4,9,99,2.31943319000004,"2"
2073,4,10,100,2.30417417000001,"2"
2073,4,11,101,2.18210200999999,"2"
2073,4,12,102,2.22787907000003,"2"
2073,4,13,103,1.58700023,"2"
2073,4,14,104,0.671459029999994,"2"
2073,4,15,105,1.64803631000001,"2"
2073,4,16,106,1.54122317000002,"2"
2073,4,17,107,3.63170891000004,"2"
2073,4,18,108,3.58593185000001,"2"
2073,4,19,109,1.78536749,"2"
2073,4,20,110,1.46492807000004,"2"
2073,4,21,111,4.37940089,"2"
2073,4,22,112,2.34995123000004,"2"
2073,4,23,113,1.49544611000005,"2"
2073,4,24,114,1.06819355000005,"2"
2073,4,25,115,3.32652851,"2"
2073,4,26,116,1.80062651000003,"2"
2073,4,27,117,1.08345257000002,"2"
2073,4,28,118,3.12816125,"2"
2073,4,29,119,5.14235189000004,"2"
2073,4,30,120,5.81374877000002,"2"
2074,4,1,91,1.29707884999999,"2"
2074,4,2,92,2.94505301000004,"2"
2074,4,3,93,3.11290223000003,"2"
2074,4,4,94,1.84640357000001,"2"
2074,4,5,95,1.77010847000003,"2"
2074,4,6,96,1.78536749,"2"
2074,4,7,97,1.31233787000002,"2"
2074,4,8,98,3.76904009000003,"2"
2074,4,9,99,3.40282361000004,"2"
2074,4,10,100,4.63880423,"2"
2074,4,11,101,1.61751827,"2"
2074,4,12,102,0.351019610000037,"2"
2074,4,13,103,2.62461359000002,"2"
2074,4,14,104,4.53199109000002,"2"
2074,4,15,105,6.25626034999999,"2"
2074,4,16,106,3.31126949000003,"2"
2074,4,17,107,1.69381337000004,"2"
2074,4,18,108,4.11999754999999,"2"
2074,4,19,109,2.34995123000004,"2"
2074,4,20,110,4.15051559,"2"
2074,4,21,111,3.61644989000001,"2"
2074,4,22,112,2.88401693000003,"2"
2074,4,23,113,3.18919733000001,"2"
2074,4,24,114,3.79955813000004,"2"
2074,4,25,115,3.95214833,"2"
2074,4,26,116,4.65406325000004,"2"
2074,4,27,117,2.15158397000005,"2"
2074,4,28,118,1.02241649000001,"2"
2074,4,29,119,4.08947951000005,"2"
2074,4,30,120,2.50254143000001,"2"
2075,4,1,91,2.42624633000003,"2"
2075,4,2,92,2.34995123000004,"2"
2075,4,3,93,3.52489577,"2"
2075,4,4,94,1.84640357000001,"2"
2075,4,5,95,0.869826289999992,"2"
2075,4,6,96,2.01425279,"2"
2075,4,7,97,1.58700023,"2"
2075,4,8,98,2.06002985000003,"2"
2075,4,9,99,2.06002985000003,"2"
2075,4,10,100,2.39572829000002,"2"
2075,4,11,101,2.53305947000001,"2"
2075,4,12,102,2.06002985000003,"2"
2075,4,13,103,1.60225925000003,"2"
2075,4,14,104,2.06002985000003,"2"
2075,4,15,105,2.39572829000002,"2"
2075,4,16,106,2.91453497000003,"2"
2075,4,17,107,3.34178753000003,"2"
2075,4,18,108,3.55541381,"2"
2075,4,19,109,2.30417417000001,"2"
2075,4,20,110,4.59302717000003,"2"
2075,4,21,111,3.89111224999999,"2"
2075,4,22,112,2.94505301000004,"2"
2075,4,23,113,2.50254143000001,"2"
2075,4,24,114,2.24313809,"2"
2075,4,25,115,2.18210200999999,"2"
2075,4,26,116,1.77010847000003,"2"
2075,4,27,117,1.72433141000005,"2"
2075,4,28,118,3.20445635000004,"2"
2075,4,29,119,2.15158397000005,"2"
2075,4,30,120,2.71616771000004,"2"
2076,4,1,92,3.83007617000004,"2"
2076,4,2,93,1.77010847000003,"2"
2076,4,3,94,2.53305947000001,"2"
2076,4,4,95,3.76904009000003,"2"
2076,4,5,96,4.59302717000003,"2"
2076,4,6,97,3.41808263000001,"2"
2076,4,7,98,2.48728241000003,"2"
2076,4,8,99,3.47911871000002,"2"
2076,4,9,100,2.30417417000001,"2"
2076,4,10,101,3.99792539000003,"2"
2076,4,11,102,3.38756459000001,"2"
2076,4,12,103,1.26656081000004,"2"
2076,4,13,104,2.09054789000004,"2"
2076,4,14,105,3.95214833,"2"
2076,4,15,106,2.31943319000004,"2"
2076,4,16,107,3.96740735000003,"2"
2076,4,17,108,1.87692161000001,"2"
2076,4,18,109,1.63277729000004,"2"
2076,4,19,110,1.96847573000002,"2"
2076,4,20,111,2.67039065,"2"
2076,4,21,112,3.20445635000004,"2"
2076,4,22,113,3.43334165000005,"2"
2076,4,23,114,3.14342027000004,"2"
2076,4,24,115,1.72433141000005,"2"
2076,4,25,116,2.57883653000005,"2"
2076,4,26,117,1.93795769000002,"2"
2076,4,27,118,3.25023341000002,"2"
2076,4,28,119,3.99792539000003,"2"
2076,4,29,120,2.34995123000004,"2"
2076,4,30,121,2.12106593000004,"2"
2077,4,1,91,2.51780045000004,"2"
2077,4,2,92,2.74668575000004,"2"
2077,4,3,93,1.99899377000003,"2"
2077,4,4,94,0.65620001000002,"2"
2077,4,5,95,2.18210200999999,"2"
2077,4,6,96,2.38046926999999,"2"
2077,4,7,97,3.03660712999999,"2"
2077,4,8,98,2.85349889000003,"2"
2077,4,9,99,1.64803631000001,"2"
2077,4,10,100,2.53305947000001,"2"
2077,4,11,101,2.73142673000001,"2"
2077,4,12,102,1.98373475,"2"
2077,4,13,103,1.63277729000004,"2"
2077,4,14,104,2.07528887000001,"2"
2077,4,15,105,1.64803631000001,"2"
2077,4,16,106,1.87692161000001,"2"
2077,4,17,107,3.49437773,"2"
2077,4,18,108,3.61644989000001,"2"
2077,4,19,109,1.57174121000003,"2"
2077,4,20,110,1.49544611000005,"2"
2077,4,21,111,2.15158397000005,"2"
2077,4,22,112,2.19736103000002,"2"
2077,4,23,113,2.67039065,"2"
2077,4,24,114,3.03660712999999,"2"
2077,4,25,115,3.03660712999999,"2"
2077,4,26,116,3.40282361000004,"2"
2077,4,27,117,1.89218063000004,"2"
2077,4,28,118,3.87585323000002,"2"
2077,4,29,119,1.98373475,"2"
2077,4,30,120,3.29601047,"2"
2078,4,1,91,2.68564967000003,"2"
2078,4,2,92,2.45676437000003,"2"
2078,4,3,93,3.03660712999999,"2"
2078,4,4,94,4.22681069000004,"2"
2078,4,5,95,3.02134811000002,"2"
2078,4,6,96,1.31233787000002,"2"
2078,4,7,97,1.29707884999999,"2"
2078,4,8,98,3.14342027000004,"2"
2078,4,9,99,3.79955813000004,"2"
2078,4,10,100,3.29601047,"2"
2078,4,11,101,2.39572829000002,"2"
2078,4,12,102,3.06712517,"2"
2078,4,13,103,3.87585323000002,"2"
2078,4,14,104,3.61644989000001,"2"
2078,4,15,105,5.64589955000002,"2"
2078,4,16,106,3.02134811000002,"2"
2078,4,17,107,1.14448865000003,"2"
2078,4,18,108,3.57067283000003,"2"
2078,4,19,109,3.89111224999999,"2"
2078,4,20,110,1.63277729000004,"2"
2078,4,21,111,2.06002985000003,"2"
2078,4,22,112,3.79955813000004,"2"
2078,4,23,113,5.69167661,"2"
2078,4,24,114,4.11999754999999,"2"
2078,4,25,115,1.38863297,"2"
2078,4,26,116,1.90743965000001,"2"
2078,4,27,117,1.58700023,"2"
2078,4,28,118,4.08947951000005,"2"
2078,4,29,119,2.59409555000002,"2"
2078,4,30,120,1.75484944999999,"2"
2079,4,1,91,1.25130179000001,"2"
2079,4,2,92,4.47095501000001,"2"
2079,4,3,93,2.06002985000003,"2"
2079,4,4,94,2.09054789000004,"2"
2079,4,5,95,1.99899377000003,"2"
2079,4,6,96,1.69381337000004,"2"
2079,4,7,97,1.60225925000003,"2"
2079,4,8,98,5.52382739000001,"2"
2079,4,9,99,5.03553875,"2"
2079,4,10,100,1.67855435000001,"2"
2079,4,11,101,1.26656081000004,"2"
2079,4,12,102,1.61751827,"2"
2079,4,13,103,2.63987261,"2"
2079,4,14,104,2.97557105000004,"2"
2079,4,15,105,4.71509933000004,"2"
2079,4,16,106,5.09657483000001,"2"
2079,4,17,107,2.19736103000002,"2"
2079,4,18,108,3.84533519000001,"2"
2079,4,19,109,2.88401693000003,"2"
2079,4,20,110,2.77720379000004,"2"
2079,4,21,111,3.90637127000002,"2"
2079,4,22,112,1.69381337000004,"2"
2079,4,23,113,3.76904009000003,"2"
2079,4,24,114,2.48728241000003,"2"
2079,4,25,115,1.95321670999999,"2"
2079,4,26,116,1.92269867000005,"2"
2079,4,27,117,2.15158397000005,"2"
2079,4,28,118,2.39572829000002,"2"
2079,4,29,119,2.12106593000004,"2"
2079,4,30,120,2.48728241000003,"2"
2080,4,1,92,1.11397061000002,"2"
2080,4,2,93,2.62461359000002,"2"
2080,4,3,94,2.13632495000002,"2"
2080,4,4,95,3.92163029,"2"
2080,4,5,96,1.17500669000003,"2"
2080,4,6,97,2.92979399000001,"2"
2080,4,7,98,2.45676437000003,"2"
2080,4,8,99,2.73142673000001,"2"
2080,4,9,100,2.36521025000002,"2"
2080,4,10,101,2.12106593000004,"2"
2080,4,11,102,1.99899377000003,"2"
2080,4,12,103,2.21262005,"2"
2080,4,13,104,2.02951181000003,"2"
2080,4,14,105,2.94505301000004,"2"
2080,4,15,106,1.25130179000001,"2"
2080,4,16,107,1.52596414999999,"2"
2080,4,17,108,2.33469221000001,"2"
2080,4,18,109,1.72433141000005,"2"
2080,4,19,110,1.43441003000004,"2"
2080,4,20,111,1.98373475,"2"
2080,4,21,112,2.15158397000005,"2"
2080,4,22,113,3.83007617000004,"2"
2080,4,23,114,2.48728241000003,"2"
2080,4,24,115,3.14342027000004,"2"
2080,4,25,116,2.39572829000002,"2"
2080,4,26,117,2.36521025000002,"2"
2080,4,27,118,2.31943319000004,"2"
2080,4,28,119,3.05186615000002,"2"
2080,4,29,120,4.33362383000002,"2"
2080,4,30,121,3.00608909000005,"2"
2081,4,1,91,2.45676437000003,"2"
2081,4,2,92,2.65513163000003,"2"
2081,4,3,93,3.73852205000003,"2"
2081,4,4,94,2.80772182999999,"2"
2081,4,5,95,2.22787907000003,"2"
2081,4,6,96,2.21262005,"2"
2081,4,7,97,2.74668575000004,"2"
2081,4,8,98,3.05186615000002,"2"
2081,4,9,99,4.31836480999999,"2"
2081,4,10,100,1.86166259000004,"2"
2081,4,11,101,1.66329533000004,"2"
2081,4,12,102,1.78536749,"2"
2081,4,13,103,2.34995123000004,"2"
2081,4,14,104,2.63987261,"2"
2081,4,15,105,1.61751827,"2"
2081,4,16,106,2.83823987,"2"
2081,4,17,107,1.86166259000004,"2"
2081,4,18,108,3.05186615000002,"2"
2081,4,19,109,3.92163029,"2"
2081,4,20,110,2.89927595,"2"
2081,4,21,111,3.55541381,"2"
2081,4,22,112,5.08131581000004,"2"
2081,4,23,113,4.11999754999999,"2"
2081,4,24,114,2.99083007000002,"2"
2081,4,25,115,2.21262005,"2"
2081,4,26,116,3.12816125,"2"
2081,4,27,117,5.37123719000004,"2"
2081,4,28,118,2.06002985000003,"2"
2081,4,29,119,1.61751827,"2"
2081,4,30,120,3.38756459000001,"2"
2082,4,1,91,2.18210200999999,"2"
2082,4,2,92,2.71616771000004,"2"
2082,4,3,93,2.96031203000001,"2"
2082,4,4,94,2.24313809,"2"
2082,4,5,95,3.95214833,"2"
2082,4,6,96,2.86875791,"2"
2082,4,7,97,3.02134811000002,"2"
2082,4,8,98,3.50963675000003,"2"
2082,4,9,99,2.25839711000003,"2"
2082,4,10,100,1.09871158999999,"2"
2082,4,11,101,1.26656081000004,"2"
2082,4,12,102,2.42624633000003,"2"
2082,4,13,103,3.12816125,"2"
2082,4,14,104,2.60935456999999,"2"
2082,4,15,105,2.42624633000003,"2"
2082,4,16,106,2.83823987,"2"
2082,4,17,107,3.52489577,"2"
2082,4,18,108,3.21971537000002,"2"
2082,4,19,109,2.77720379000004,"2"
2082,4,20,110,2.74668575000004,"2"
2082,4,21,111,3.03660712999999,"2"
2082,4,22,112,2.39572829000002,"2"
2082,4,23,113,2.31943319000004,"2"
2082,4,24,114,3.03660712999999,"2"
2082,4,25,115,1.95321670999999,"2"
2082,4,26,116,2.48728241000003,"2"
2082,4,27,117,1.83114455000003,"2"
2082,4,28,118,3.34178753000003,"2"
2082,4,29,119,2.39572829000002,"2"
2082,4,30,120,2.30417417000001,"2"
2083,4,1,91,2.47202339,"2"
2083,4,2,92,2.19736103000002,"2"
2083,4,3,93,2.21262005,"2"
2083,4,4,94,3.92163029,"2"
2083,4,5,95,3.95214833,"2"
2083,4,6,96,2.56357751000002,"2"
2083,4,7,97,4.25732873000004,"2"
2083,4,8,98,2.45676437000003,"2"
2083,4,9,99,0.534127850000004,"2"
2083,4,10,100,1.61751827,"2"
2083,4,11,101,1.40389199000003,"2"
2083,4,12,102,2.44150535,"2"
2083,4,13,103,2.39572829000002,"2"
2083,4,14,104,3.58593185000001,"2"
2083,4,15,105,3.76904009000003,"2"
2083,4,16,106,3.52489577,"2"
2083,4,17,107,4.22681069000004,"2"
2083,4,18,108,1.69381337000004,"2"
2083,4,19,109,3.12816125,"2"
2083,4,20,110,5.58486347000002,"2"
2083,4,21,111,2.82298085000002,"2"
2083,4,22,112,2.50254143000001,"2"
2083,4,23,113,3.72326303,"2"
2083,4,24,114,2.96031203000001,"2"
2083,4,25,115,1.98373475,"2"
2083,4,26,116,1.81588553,"2"
2083,4,27,117,2.15158397000005,"2"
2083,4,28,118,2.60935456999999,"2"
2083,4,29,119,2.39572829000002,"2"
2083,4,30,120,1.86166259000004,"2"
2084,4,1,92,0.900344329999996,"2"
2084,4,2,93,3.00608909000005,"2"
2084,4,3,94,3.37230557000004,"2"
2084,4,4,95,3.92163029,"2"
2084,4,5,96,2.47202339,"2"
2084,4,6,97,2.45676437000003,"2"
2084,4,7,98,2.45676437000003,"2"
2084,4,8,99,3.41808263000001,"2"
2084,4,9,100,1.84640357000001,"2"
2084,4,10,101,1.54122317000002,"2"
2084,4,11,102,4.44043697000001,"2"
2084,4,12,103,2.89927595,"2"
2084,4,13,104,3.76904009000003,"2"
2084,4,14,105,1.23604277000004,"2"
2084,4,15,106,2.86875791,"2"
2084,4,16,107,2.33469221000001,"2"
2084,4,17,108,3.34178753000003,"2"
2084,4,18,109,4.74561736999999,"2"
2084,4,19,110,2.73142673000001,"2"
2084,4,20,111,2.27365613000001,"2"
2084,4,21,112,2.45676437000003,"2"
2084,4,22,113,4.37940089,"2"
2084,4,23,114,5.11183385000004,"2"
2084,4,24,115,2.27365613000001,"2"
2084,4,25,116,0.839308250000045,"2"
2084,4,26,117,0.778272170000037,"2"
2084,4,27,118,3.54015479000003,"2"
2084,4,28,119,2.73142673000001,"2"
2084,4,29,120,1.44966905000001,"2"
2084,4,30,121,3.37230557000004,"2"
2085,4,1,91,2.19736103000002,"2"
2085,4,2,92,1.70907239000002,"2"
2085,4,3,93,3.35704655000001,"2"
2085,4,4,94,3.98266637,"2"
2085,4,5,95,4.98976169000002,"2"
2085,4,6,96,2.27365613000001,"2"
2085,4,7,97,3.12816125,"2"
2085,4,8,98,5.55434543000001,"2"
2085,4,9,99,2.53305947000001,"2"
2085,4,10,100,0.991898450000008,"2"
2085,4,11,101,1.66329533000004,"2"
2085,4,12,102,3.18919733000001,"2"
2085,4,13,103,3.73852205000003,"2"
2085,4,14,104,3.72326303,"2"
2085,4,15,105,3.43334165000005,"2"
2085,4,16,106,2.09054789000004,"2"
2085,4,17,107,3.81481715000001,"2"
2085,4,18,108,2.89927595,"2"
2085,4,19,109,1.23604277000004,"2"
2085,4,20,110,1.55648219,"2"
2085,4,21,111,3.54015479000003,"2"
2085,4,22,112,6.10367015000003,"2"
2085,4,23,113,4.80665345,"2"
2085,4,24,114,2.01425279,"2"
2085,4,25,115,2.24313809,"2"
2085,4,26,116,0.839308250000045,"2"
2085,4,27,117,3.00608909000005,"2"
2085,4,28,118,2.27365613000001,"2"
2085,4,29,119,2.34995123000004,"2"
2085,4,30,120,2.54831849000004,"2"
2086,4,1,91,3.47911871000002,"2"
2086,4,2,92,4.82191247000003,"2"
2086,4,3,93,3.69274498999999,"2"
2086,4,4,94,2.53305947000001,"2"
2086,4,5,95,2.31943319000004,"2"
2086,4,6,96,2.24313809,"2"
2086,4,7,97,2.51780045000004,"2"
2086,4,8,98,1.46492807000004,"2"
2086,4,9,99,1.52596414999999,"2"
2086,4,10,100,2.13632495000002,"2"
2086,4,11,101,2.85349889000003,"2"
2086,4,12,102,3.60119087000004,"2"
2086,4,13,103,3.11290223000003,"2"
2086,4,14,104,5.96633897000004,"2"
2086,4,15,105,3.89111224999999,"2"
2086,4,16,106,1.23604277000004,"2"
2086,4,17,107,1.44966905000001,"2"
2086,4,18,108,1.32759689,"2"
2086,4,19,109,2.71616771000004,"2"
2086,4,20,110,4.30310579000002,"2"
2086,4,21,111,4.18103363,"2"
2086,4,22,112,2.73142673000001,"2"
2086,4,23,113,2.19736103000002,"2"
2086,4,24,114,3.79955813000004,"2"
2086,4,25,115,2.68564967000003,"2"
2086,4,26,116,3.02134811000002,"2"
2086,4,27,117,2.38046926999999,"2"
2086,4,28,118,3.93688931000003,"2"
2086,4,29,119,3.47911871000002,"2"
2086,4,30,120,3.06712517,"2"
2087,4,1,91,3.83007617000004,"2"
2087,4,2,92,1.63277729000004,"2"
2087,4,3,93,2.50254143000001,"2"
2087,4,4,94,2.19736103000002,"2"
2087,4,5,95,3.08238419000003,"2"
2087,4,6,96,2.92979399000001,"2"
2087,4,7,97,4.47095501000001,"2"
2087,4,8,98,2.56357751000002,"2"
2087,4,9,99,1.78536749,"2"
2087,4,10,100,3.37230557000004,"2"
2087,4,11,101,1.31233787000002,"2"
2087,4,12,102,3.89111224999999,"2"
2087,4,13,103,1.77010847000003,"2"
2087,4,14,104,2.65513163000003,"2"
2087,4,15,105,1.60225925000003,"2"
2087,4,16,106,2.99083007000002,"2"
2087,4,17,107,3.84533519000001,"2"
2087,4,18,108,5.26442405,"2"
2087,4,19,109,2.27365613000001,"2"
2087,4,20,110,1.28181983000002,"2"
2087,4,21,111,5.11183385000004,"2"
2087,4,22,112,3.81481715000001,"2"
2087,4,23,113,3.02134811000002,"2"
2087,4,24,114,1.72433141000005,"2"
2087,4,25,115,2.80772182999999,"2"
2087,4,26,116,3.63170891000004,"2"
2087,4,27,117,2.77720379000004,"2"
2087,4,28,118,1.86166259000004,"2"
2087,4,29,119,2.96031203000001,"2"
2087,4,30,120,3.89111224999999,"2"
2088,4,1,92,3.38756459000001,"2"
2088,4,2,93,3.64696793000002,"2"
2088,4,3,94,1.83114455000003,"2"
2088,4,4,95,3.96740735000003,"2"
2088,4,5,96,3.49437773,"2"
2088,4,6,97,4.07422049000002,"2"
2088,4,7,98,3.90637127000002,"2"
2088,4,8,99,2.50254143000001,"2"
2088,4,9,100,1.00715747000004,"2"
2088,4,10,101,2.31943319000004,"2"
2088,4,11,102,2.89927595,"2"
2088,4,12,103,3.40282361000004,"2"
2088,4,13,104,4.34888285,"2"
2088,4,14,105,2.63987261,"2"
2088,4,15,106,1.83114455000003,"2"
2088,4,16,107,1.69381337000004,"2"
2088,4,17,108,2.44150535,"2"
2088,4,18,109,1.70907239000002,"2"
2088,4,19,110,1.61751827,"2"
2088,4,20,111,1.03767551000004,"2"
2088,4,21,112,3.63170891000004,"2"
2088,4,22,113,2.22787907000003,"2"
2088,4,23,114,2.91453497000003,"2"
2088,4,24,115,4.05896147000004,"2"
2088,4,25,116,4.82191247000003,"2"
2088,4,26,117,1.73959043000002,"2"
2088,4,27,118,1.26656081000004,"2"
2088,4,28,119,3.26549243,"2"
2088,4,29,120,2.13632495000002,"2"
2088,4,30,121,2.86875791,"2"
2089,4,1,91,3.05186615000002,"2"
2089,4,2,92,1.63277729000004,"2"
2089,4,3,93,2.19736103000002,"2"
2089,4,4,94,3.18919733000001,"2"
2089,4,5,95,2.24313809,"2"
2089,4,6,96,1.80062651000003,"2"
2089,4,7,97,2.82298085000002,"2"
2089,4,8,98,4.42517795000003,"2"
2089,4,9,99,3.12816125,"2"
2089,4,10,100,4.47095501000001,"2"
2089,4,11,101,2.94505301000004,"2"
2089,4,12,102,4.02844343000004,"2"
2089,4,13,103,1.58700023,"2"
2089,4,14,104,2.77720379000004,"2"
2089,4,15,105,2.09054789000004,"2"
2089,4,16,106,2.12106593000004,"2"
2089,4,17,107,1.72433141000005,"2"
2089,4,18,108,1.93795769000002,"2"
2089,4,19,109,1.49544611000005,"2"
2089,4,20,110,3.52489577,"2"
2089,4,21,111,3.20445635000004,"2"
2089,4,22,112,1.95321670999999,"2"
2089,4,23,113,2.79246281000002,"2"
2089,4,24,114,1.80062651000003,"2"
2089,4,25,115,0.976639430000034,"2"
2089,4,26,116,1.96847573000002,"2"
2089,4,27,117,2.91453497000003,"2"
2089,4,28,118,2.86875791,"2"
2089,4,29,119,2.77720379000004,"2"
2089,4,30,120,3.20445635000004,"2"
2090,4,1,91,3.32652851,"2"
2090,4,2,92,3.92163029,"2"
2090,4,3,93,1.90743965000001,"2"
2090,4,4,94,0.991898450000008,"2"
2090,4,5,95,1.69381337000004,"2"
2090,4,6,96,3.54015479000003,"2"
2090,4,7,97,2.83823987,"2"
2090,4,8,98,4.22681069000004,"2"
2090,4,9,99,2.51780045000004,"2"
2090,4,10,100,2.33469221000001,"2"
2090,4,11,101,1.80062651000003,"2"
2090,4,12,102,4.69984031000001,"2"
2090,4,13,103,3.34178753000003,"2"
2090,4,14,104,3.18919733000001,"2"
2090,4,15,105,1.99899377000003,"2"
2090,4,16,106,4.21155167000001,"2"
2090,4,17,107,3.69274498999999,"2"
2090,4,18,108,5.52382739000001,"2"
2090,4,19,109,2.01425279,"2"
2090,4,20,110,0.808790210000041,"2"
2090,4,21,111,2.53305947000001,"2"
2090,4,22,112,1.29707884999999,"2"
2090,4,23,113,2.06002985000003,"2"
2090,4,24,114,3.18919733000001,"2"
2090,4,25,115,3.37230557000004,"2"
2090,4,26,116,1.92269867000005,"2"
2090,4,27,117,1.48018709000002,"2"
2090,4,28,118,2.24313809,"2"
2090,4,29,119,2.48728241000003,"2"
2090,4,30,120,1.44966905000001,"2"
2091,4,1,91,3.61644989000001,"2"
2091,4,2,92,3.78429911000001,"2"
2091,4,3,93,3.15867929000001,"2"
2091,4,4,94,1.72433141000005,"2"
2091,4,5,95,1.31233787000002,"2"
2091,4,6,96,2.63987261,"2"
2091,4,7,97,1.67855435000001,"2"
2091,4,8,98,1.12922963,"2"
2091,4,9,99,1.72433141000005,"2"
2091,4,10,100,1.77010847000003,"2"
2091,4,11,101,4.04370245000001,"2"
2091,4,12,102,1.57174121000003,"2"
2091,4,13,103,1.99899377000003,"2"
2091,4,14,104,1.51070513000002,"2"
2091,4,15,105,2.45676437000003,"2"
2091,4,16,106,4.74561736999999,"2"
2091,4,17,107,2.99083007000002,"2"
2091,4,18,108,5.15761091000002,"2"
2091,4,19,109,2.15158397000005,"2"
2091,4,20,110,1.60225925000003,"2"
2091,4,21,111,0.808790210000041,"2"
2091,4,22,112,2.86875791,"2"
2091,4,23,113,4.07422049000002,"2"
2091,4,24,114,3.02134811000002,"2"
2091,4,25,115,3.20445635000004,"2"
2091,4,26,116,1.73959043000002,"2"
2091,4,27,117,3.58593185000001,"2"
2091,4,28,118,4.47095501000001,"2"
2091,4,29,119,2.24313809,"2"
2091,4,30,120,1.35811493,"2"
2092,4,1,92,2.38046926999999,"2"
2092,4,2,93,2.80772182999999,"2"
2092,4,3,94,2.04477083,"2"
2092,4,4,95,3.05186615000002,"2"
2092,4,5,96,1.57174121000003,"2"
2092,4,6,97,3.52489577,"2"
2092,4,7,98,1.64803631000001,"2"
2092,4,8,99,1.31233787000002,"2"
2092,4,9,100,2.19736103000002,"2"
2092,4,10,101,3.72326303,"2"
2092,4,11,102,2.59409555000002,"2"
2092,4,12,103,4.08947951000005,"2"
2092,4,13,104,4.10473853000002,"2"
2092,4,14,105,1.89218063000004,"2"
2092,4,15,106,1.38863297,"2"
2092,4,16,107,3.11290223000003,"2"
2092,4,17,108,4.48621403000004,"2"
2092,4,18,109,2.22787907000003,"2"
2092,4,19,110,3.46385968999999,"2"
2092,4,20,111,2.74668575000004,"2"
2092,4,21,112,1.15974767,"2"
2092,4,22,113,2.83823987,"2"
2092,4,23,114,2.83823987,"2"
2092,4,24,115,4.65406325000004,"2"
2092,4,25,116,3.21971537000002,"2"
2092,4,26,117,3.76904009000003,"2"
2092,4,27,118,3.78429911000001,"2"
2092,4,28,119,2.86875791,"2"
2092,4,29,120,3.29601047,"2"
2092,4,30,121,3.54015479000003,"2"
2093,4,1,91,2.19736103000002,"2"
2093,4,2,92,2.67039065,"2"
2093,4,3,93,2.25839711000003,"2"
2093,4,4,94,2.28891515000004,"2"
2093,4,5,95,4.34888285,"2"
2093,4,6,96,2.96031203000001,"2"
2093,4,7,97,1.06819355000005,"2"
2093,4,8,98,3.14342027000004,"2"
2093,4,9,99,2.60935456999999,"2"
2093,4,10,100,1.96847573000002,"2"
2093,4,11,101,2.65513163000003,"2"
2093,4,12,102,4.16577461000003,"2"
2093,4,13,103,3.54015479000003,"2"
2093,4,14,104,2.74668575000004,"2"
2093,4,15,105,2.67039065,"2"
2093,4,16,106,2.51780045000004,"2"
2093,4,17,107,2.94505301000004,"2"
2093,4,18,108,1.87692161000001,"2"
2093,4,19,109,2.30417417000001,"2"
2093,4,20,110,2.30417417000001,"2"
2093,4,21,111,2.54831849000004,"2"
2093,4,22,112,1.57174121000003,"2"
2093,4,23,113,3.17393831000004,"2"
2093,4,24,114,2.27365613000001,"2"
2093,4,25,115,1.80062651000003,"2"
2093,4,26,116,4.01318441000001,"2"
2093,4,27,117,4.05896147000004,"2"
2093,4,28,118,2.12106593000004,"2"
2093,4,29,119,3.20445635000004,"2"
2093,4,30,120,3.72326303,"2"
2094,4,1,91,1.64803631000001,"2"
2094,4,2,92,5.53908641000004,"2"
2094,4,3,93,3.90637127000002,"2"
2094,4,4,94,2.86875791,"2"
2094,4,5,95,2.39572829000002,"2"
2094,4,6,96,2.97557105000004,"2"
2094,4,7,97,1.51070513000002,"2"
2094,4,8,98,2.51780045000004,"2"
2094,4,9,99,6.01211603000002,"2"
2094,4,10,100,3.00608909000005,"2"
2094,4,11,101,2.56357751000002,"2"
2094,4,12,102,3.63170891000004,"2"
2094,4,13,103,2.06002985000003,"2"
2094,4,14,104,2.28891515000004,"2"
2094,4,15,105,2.30417417000001,"2"
2094,4,16,106,1.51070513000002,"2"
2094,4,17,107,2.88401693000003,"2"
2094,4,18,108,3.09764321,"2"
2094,4,19,109,3.75378107,"2"
2094,4,20,110,3.08238419000003,"2"
2094,4,21,111,2.63987261,"2"
2094,4,22,112,1.00715747000004,"2"
2094,4,23,113,3.02134811000002,"2"
2094,4,24,114,1.20552473000004,"2"
2094,4,25,115,1.73959043000002,"2"
2094,4,26,116,3.18919733000001,"2"
2094,4,27,117,3.05186615000002,"2"
2094,4,28,118,4.33362383000002,"2"
2094,4,29,119,3.15867929000001,"2"
2094,4,30,120,2.70090869000001,"2"
2095,4,1,91,1.20552473000004,"2"
2095,4,2,92,1.14448865000003,"2"
2095,4,3,93,1.23604277000004,"2"
2095,4,4,94,3.03660712999999,"2"
2095,4,5,95,1.80062651000003,"2"
2095,4,6,96,3.32652851,"2"
2095,4,7,97,3.90637127000002,"2"
2095,4,8,98,1.64803631000001,"2"
2095,4,9,99,2.96031203000001,"2"
2095,4,10,100,2.04477083,"2"
2095,4,11,101,0.701977069999998,"2"
2095,4,12,102,1.38863297,"2"
2095,4,13,103,1.03767551000004,"2"
2095,4,14,104,0.961380410000004,"2"
2095,4,15,105,1.22078375000001,"2"
2095,4,16,106,1.89218063000004,"2"
2095,4,17,107,1.90743965000001,"2"
2095,4,18,108,2.63987261,"2"
2095,4,19,109,2.33469221000001,"2"
2095,4,20,110,2.71616771000004,"2"
2095,4,21,111,5.08131581000004,"2"
2095,4,22,112,2.79246281000002,"2"
2095,4,23,113,2.13632495000002,"2"
2095,4,24,114,2.51780045000004,"2"
2095,4,25,115,2.51780045000004,"2"
2095,4,26,116,2.59409555000002,"2"
2095,4,27,117,2.88401693000003,"2"
2095,4,28,118,1.72433141000005,"2"
2095,4,29,119,3.20445635000004,"2"
2095,4,30,120,3.64696793000002,"2"
2096,4,1,92,3.12816125,"2"
2096,4,2,93,2.19736103000002,"2"
2096,4,3,94,2.56357751000002,"2"
2096,4,4,95,3.43334165000005,"2"
2096,4,5,96,4.83717149,"2"
2096,4,6,97,3.34178753000003,"2"
2096,4,7,98,1.14448865000003,"2"
2096,4,8,99,2.44150535,"2"
2096,4,9,100,3.52489577,"2"
2096,4,10,101,2.50254143000001,"2"
2096,4,11,102,3.41808263000001,"2"
2096,4,12,103,4.07422049000002,"2"
2096,4,13,104,1.64803631000001,"2"
2096,4,14,105,5.92056191,"2"
2096,4,15,106,3.31126949000003,"2"
2096,4,16,107,2.53305947000001,"2"
2096,4,17,108,2.59409555000002,"2"
2096,4,18,109,3.38756459000001,"2"
2096,4,19,110,3.03660712999999,"2"
2096,4,20,111,1.96847573000002,"2"
2096,4,21,112,3.09764321,"2"
2096,4,22,113,2.02951181000003,"2"
2096,4,23,114,1.41915101000001,"2"
2096,4,24,115,2.36521025000002,"2"
2096,4,25,116,3.17393831000004,"2"
2096,4,26,117,1.92269867000005,"2"
2096,4,27,118,3.50963675000003,"2"
2096,4,28,119,1.93795769000002,"2"
2096,4,29,120,3.96740735000003,"2"
2096,4,30,121,2.24313809,"2"
2097,4,1,91,1.57174121000003,"2"
2097,4,2,92,2.41098731,"2"
2097,4,3,93,1.52596414999999,"2"
2097,4,4,94,4.74561736999999,"2"
2097,4,5,95,2.33469221000001,"2"
2097,4,6,96,2.01425279,"2"
2097,4,7,97,2.65513163000003,"2"
2097,4,8,98,1.09871158999999,"2"
2097,4,9,99,0.839308250000045,"2"
2097,4,10,100,1.54122317000002,"2"
2097,4,11,101,1.75484944999999,"2"
2097,4,12,102,3.43334165000005,"2"
2097,4,13,103,3.09764321,"2"
2097,4,14,104,4.50147305000002,"2"
2097,4,15,105,3.46385968999999,"2"
2097,4,16,106,2.31943319000004,"2"
2097,4,17,107,2.02951181000003,"2"
2097,4,18,108,3.32652851,"2"
2097,4,19,109,3.17393831000004,"2"
2097,4,20,110,6.51566369,"2"
2097,4,21,111,2.53305947000001,"2"
2097,4,22,112,3.12816125,"2"
2097,4,23,113,2.50254143000001,"2"
2097,4,24,114,2.80772182999999,"2"
2097,4,25,115,1.11397061000002,"2"
2097,4,26,116,2.28891515000004,"2"
2097,4,27,117,1.89218063000004,"2"
2097,4,28,118,1.61751827,"2"
2097,4,29,119,1.83114455000003,"2"
2097,4,30,120,3.87585323000002,"2"
2098,4,1,91,1.75484944999999,"2"
2098,4,2,92,4.24206971000001,"2"
2098,4,3,93,2.82298085000002,"2"
2098,4,4,94,3.28075145000003,"2"
2098,4,5,95,3.55541381,"2"
2098,4,6,96,2.15158397000005,"2"
2098,4,7,97,1.78536749,"2"
2098,4,8,98,1.61751827,"2"
2098,4,9,99,1.93795769000002,"2"
2098,4,10,100,3.05186615000002,"2"
2098,4,11,101,5.60012249000005,"2"
2098,4,12,102,1.60225925000003,"2"
2098,4,13,103,2.48728241000003,"2"
2098,4,14,104,4.18103363,"2"
2098,4,15,105,2.15158397000005,"2"
2098,4,16,106,3.57067283000003,"2"
2098,4,17,107,1.98373475,"2"
2098,4,18,108,2.09054789000004,"2"
2098,4,19,109,2.34995123000004,"2"
2098,4,20,110,3.03660712999999,"2"
2098,4,21,111,1.20552473000004,"2"
2098,4,22,112,2.63987261,"2"
2098,4,23,113,3.90637127000002,"2"
2098,4,24,114,2.57883653000005,"2"
2098,4,25,115,2.50254143000001,"2"
2098,4,26,116,3.11290223000003,"2"
2098,4,27,117,3.52489577,"2"
2098,4,28,118,1.60225925000003,"2"
2098,4,29,119,1.64803631000001,"2"
2098,4,30,120,3.98266637,"2"
2099,4,1,91,2.30417417000001,"2"
2099,4,2,92,3.50963675000003,"2"
2099,4,3,93,3.72326303,"2"
2099,4,4,94,4.48621403000004,"2"
2099,4,5,95,2.19736103000002,"2"
2099,4,6,96,2.31943319000004,"2"
2099,4,7,97,2.53305947000001,"2"
2099,4,8,98,1.96847573000002,"2"
2099,4,9,99,0.885085310000022,"2"
2099,4,10,100,3.25023341000002,"2"
2099,4,11,101,2.59409555000002,"2"
2099,4,12,102,3.49437773,"2"
2099,4,13,103,4.22681069000004,"2"
2099,4,14,104,4.76087639000002,"2"
2099,4,15,105,1.11397061000002,"2"
2099,4,16,106,2.94505301000004,"2"
2099,4,17,107,1.98373475,"2"
2099,4,18,108,2.27365613000001,"2"
2099,4,19,109,0.79353119000001,"2"
2099,4,20,110,2.34995123000004,"2"
2099,4,21,111,1.28181983000002,"2"
2099,4,22,112,2.04477083,"2"
2099,4,23,113,1.02241649000001,"2"
2099,4,24,114,1.26656081000004,"2"
2099,4,25,115,3.02134811000002,"2"
2099,4,26,116,5.43227327,"2"
2099,4,27,117,2.76194477000001,"2"
2099,4,28,118,2.63987261,"2"
2099,4,29,119,3.72326303,"2"
2099,4,30,120,2.04477083,"2"
2100,4,1,91,2.13632495000002,"2"
2100,4,2,92,2.88401693000003,"2"
2100,4,3,93,3.49437773,"2"
2100,4,4,94,2.25839711000003,"2"
2100,4,5,95,1.20552473000004,"2"
2100,4,6,96,2.18210200999999,"2"
2100,4,7,97,4.05896147000004,"2"
2100,4,8,98,1.80062651000003,"2"
2100,4,9,99,1.34285591000003,"2"
2100,4,10,100,3.41808263000001,"2"
2100,4,11,101,3.86059421000004,"2"
2100,4,12,102,4.07422049000002,"2"
2100,4,13,103,3.54015479000003,"2"
2100,4,14,104,2.33469221000001,"2"
2100,4,15,105,5.15761091000002,"2"
2100,4,16,106,2.19736103000002,"2"
2100,4,17,107,3.05186615000002,"2"
2100,4,18,108,2.94505301000004,"2"
2100,4,19,109,5.20338796999999,"2"
2100,4,20,110,4.71509933000004,"2"
2100,4,21,111,2.91453497000003,"2"
2100,4,22,112,1.66329533000004,"2"
2100,4,23,113,1.23604277000004,"2"
2100,4,24,114,3.35704655000001,"2"
2100,4,25,115,2.10580691000001,"2"
2100,4,26,116,1.78536749,"2"
2100,4,27,117,1.63277729000004,"2"
2100,4,28,118,2.27365613000001,"2"
2100,4,29,119,1.81588553,"2"
2100,4,30,120,2.45676437000003,"2"
2025,5,1,121,2.59409555000002,"2"
2025,5,2,122,2.04477083,"2"
2025,5,3,123,3.00608909000005,"2"
2025,5,4,124,2.12106593000004,"2"
2025,5,5,125,1.72433141000005,"2"
2025,5,6,126,2.09054789000004,"2"
2025,5,7,127,1.29707884999999,"2"
2025,5,8,128,2.24313809,"2"
2025,5,9,129,2.92979399000001,"2"
2025,5,10,130,2.53305947000001,"2"
2025,5,11,131,1.72433141000005,"2"
2025,5,12,132,0.79353119000001,"2"
2025,5,13,133,2.41098731,"2"
2025,5,14,134,2.10580691000001,"2"
2025,5,15,135,2.82298085000002,"2"
2025,5,16,136,1.60225925000003,"2"
2025,5,17,137,2.28891515000004,"2"
2025,5,18,138,2.48728241000003,"2"
2025,5,19,139,2.59409555000002,"2"
2025,5,20,140,1.89218063000004,"2"
2025,5,21,141,1.46492807000004,"2"
2025,5,22,142,5.56960445000004,"2"
2025,5,23,143,5.27968307000003,"2"
2025,5,24,144,2.54831849000004,"2"
2025,5,25,145,1.38863297,"2"
2025,5,26,146,1.58700023,"2"
2025,5,27,147,3.02134811000002,"2"
2025,5,28,148,2.22787907000003,"2"
2025,5,29,149,1.29707884999999,"2"
2025,5,30,150,2.67039065,"2"
2025,5,31,151,2.07528887000001,"2"
2026,5,1,121,2.60935456999999,"2"
2026,5,2,122,2.38046926999999,"2"
2026,5,3,123,3.83007617000004,"2"
2026,5,4,124,3.31126949000003,"2"
2026,5,5,125,1.72433141000005,"2"
2026,5,6,126,2.56357751000002,"2"
2026,5,7,127,1.77010847000003,"2"
2026,5,8,128,1.29707884999999,"2"
2026,5,9,129,0.625681970000016,"2"
2026,5,10,130,1.83114455000003,"2"
2026,5,11,131,4.30310579000002,"2"
2026,5,12,132,2.44150535,"2"
2026,5,13,133,1.20552473000004,"2"
2026,5,14,134,2.36521025000002,"2"
2026,5,15,135,3.06712517,"2"
2026,5,16,136,2.76194477000001,"2"
2026,5,17,137,3.21971537000002,"2"
2026,5,18,138,1.67855435000001,"2"
2026,5,19,139,4.02844343000004,"2"
2026,5,20,140,5.18812895000002,"2"
2026,5,21,141,4.24206971000001,"2"
2026,5,22,142,1.95321670999999,"2"
2026,5,23,143,1.49544611000005,"2"
2026,5,24,144,1.98373475,"2"
2026,5,25,145,1.87692161000001,"2"
2026,5,26,146,2.82298085000002,"2"
2026,5,27,147,3.63170891000004,"2"
2026,5,28,148,2.77720379000004,"2"
2026,5,29,149,3.89111224999999,"2"
2026,5,30,150,1.66329533000004,"2"
2026,5,31,151,0.869826289999992,"2"
2027,5,1,121,2.24313809,"2"
2027,5,2,122,1.80062651000003,"2"
2027,5,3,123,2.28891515000004,"2"
2027,5,4,124,2.15158397000005,"2"
2027,5,5,125,1.95321670999999,"2"
2027,5,6,126,1.14448865000003,"2"
2027,5,7,127,2.62461359000002,"2"
2027,5,8,128,3.46385968999999,"2"
2027,5,9,129,2.63987261,"2"
2027,5,10,130,3.50963675000003,"2"
2027,5,11,131,1.54122317000002,"2"
2027,5,12,132,3.57067283000003,"2"
2027,5,13,133,1.09871158999999,"2"
2027,5,14,134,1.31233787000002,"2"
2027,5,15,135,1.23604277000004,"2"
2027,5,16,136,1.05293453000002,"2"
2027,5,17,137,3.35704655000001,"2"
2027,5,18,138,2.88401693000003,"2"
2027,5,19,139,2.94505301000004,"2"
2027,5,20,140,2.27365613000001,"2"
2027,5,21,141,1.29707884999999,"2"
2027,5,22,142,1.41915101000001,"2"
2027,5,23,143,3.26549243,"2"
2027,5,24,144,3.69274498999999,"2"
2027,5,25,145,1.77010847000003,"2"
2027,5,26,146,3.12816125,"2"
2027,5,27,147,2.18210200999999,"2"
2027,5,28,148,1.98373475,"2"
2027,5,29,149,2.63987261,"2"
2027,5,30,150,3.29601047,"2"
2027,5,31,151,1.99899377000003,"2"
2028,5,1,122,3.28075145000003,"2"
2028,5,2,123,1.52596414999999,"2"
2028,5,3,124,2.54831849000004,"2"
2028,5,4,125,3.03660712999999,"2"
2028,5,5,126,3.99792539000003,"2"
2028,5,6,127,6.72928997000002,"2"
2028,5,7,128,4.10473853000002,"2"
2028,5,8,129,2.54831849000004,"2"
2028,5,9,130,1.84640357000001,"2"
2028,5,10,131,3.99792539000003,"2"
2028,5,11,132,2.65513163000003,"2"
2028,5,12,133,3.11290223000003,"2"
2028,5,13,134,1.57174121000003,"2"
2028,5,14,135,2.30417417000001,"2"
2028,5,15,136,3.55541381,"2"
2028,5,16,137,3.25023341000002,"2"
2028,5,17,138,1.89218063000004,"2"
2028,5,18,139,1.34285591000003,"2"
2028,5,19,140,2.70090869000001,"2"
2028,5,20,141,2.96031203000001,"2"
2028,5,21,142,2.10580691000001,"2"
2028,5,22,143,1.38863297,"2"
2028,5,23,144,1.49544611000005,"2"
2028,5,24,145,1.52596414999999,"2"
2028,5,25,146,1.41915101000001,"2"
2028,5,26,147,2.48728241000003,"2"
2028,5,27,148,1.77010847000003,"2"
2028,5,28,149,1.81588553,"2"
2028,5,29,150,1.52596414999999,"2"
2028,5,30,151,1.40389199000003,"2"
2028,5,31,152,1.14448865000003,"2"
2029,5,1,121,2.63987261,"2"
2029,5,2,122,2.91453497000003,"2"
2029,5,3,123,3.81481715000001,"2"
2029,5,4,124,4.65406325000004,"2"
2029,5,5,125,3.66222695000005,"2"
2029,5,6,126,1.86166259000004,"2"
2029,5,7,127,2.22787907000003,"2"
2029,5,8,128,2.16684299000002,"2"
2029,5,9,129,3.89111224999999,"2"
2029,5,10,130,2.85349889000003,"2"
2029,5,11,131,2.01425279,"2"
2029,5,12,132,1.54122317000002,"2"
2029,5,13,133,0.854567270000018,"2"
2029,5,14,134,3.38756459000001,"2"
2029,5,15,135,1.96847573000002,"2"
2029,5,16,136,2.60935456999999,"2"
2029,5,17,137,2.01425279,"2"
2029,5,18,138,2.70090869000001,"2"
2029,5,19,139,1.77010847000003,"2"
2029,5,20,140,1.77010847000003,"2"
2029,5,21,141,3.09764321,"2"
2029,5,22,142,2.30417417000001,"2"
2029,5,23,143,1.34285591000003,"2"
2029,5,24,144,1.92269867000005,"2"
2029,5,25,145,4.50147305000002,"2"
2029,5,26,146,3.37230557000004,"2"
2029,5,27,147,2.73142673000001,"2"
2029,5,28,148,3.63170891000004,"2"
2029,5,29,149,1.28181983000002,"2"
2029,5,30,150,1.31233787000002,"2"
2029,5,31,151,1.89218063000004,"2"
2030,5,1,121,1.81588553,"2"
2030,5,2,122,1.81588553,"2"
2030,5,3,123,2.33469221000001,"2"
2030,5,4,124,0.808790210000041,"2"
2030,5,5,125,1.89218063000004,"2"
2030,5,6,126,3.54015479000003,"2"
2030,5,7,127,2.38046926999999,"2"
2030,5,8,128,3.09764321,"2"
2030,5,9,129,3.72326303,"2"
2030,5,10,130,1.20552473000004,"2"
2030,5,11,131,3.87585323000002,"2"
2030,5,12,132,3.17393831000004,"2"
2030,5,13,133,1.69381337000004,"2"
2030,5,14,134,3.11290223000003,"2"
2030,5,15,135,2.51780045000004,"2"
2030,5,16,136,3.93688931000003,"2"
2030,5,17,137,2.21262005,"2"
2030,5,18,138,2.96031203000001,"2"
2030,5,19,139,1.70907239000002,"2"
2030,5,20,140,3.49437773,"2"
2030,5,21,141,3.08238419000003,"2"
2030,5,22,142,2.67039065,"2"
2030,5,23,143,2.79246281000002,"2"
2030,5,24,144,4.28784677000004,"2"
2030,5,25,145,3.23497439000005,"2"
2030,5,26,146,1.58700023,"2"
2030,5,27,147,3.28075145000003,"2"
2030,5,28,148,1.72433141000005,"2"
2030,5,29,149,4.31836480999999,"2"
2030,5,30,150,2.88401693000003,"2"
2030,5,31,151,2.16684299000002,"2"
2031,5,1,121,1.44966905000001,"2"
2031,5,2,122,1.06819355000005,"2"
2031,5,3,123,0.778272170000037,"2"
2031,5,4,124,2.31943319000004,"2"
2031,5,5,125,3.96740735000003,"2"
2031,5,6,126,2.04477083,"2"
2031,5,7,127,4.28784677000004,"2"
2031,5,8,128,1.92269867000005,"2"
2031,5,9,129,3.32652851,"2"
2031,5,10,130,2.16684299000002,"2"
2031,5,11,131,1.63277729000004,"2"
2031,5,12,132,4.16577461000003,"2"
2031,5,13,133,2.10580691000001,"2"
2031,5,14,134,2.10580691000001,"2"
2031,5,15,135,3.69274498999999,"2"
2031,5,16,136,4.59302717000003,"2"
2031,5,17,137,3.00608909000005,"2"
2031,5,18,138,2.28891515000004,"2"
2031,5,19,139,2.88401693000003,"2"
2031,5,20,140,2.94505301000004,"2"
2031,5,21,141,1.63277729000004,"2"
2031,5,22,142,1.17500669000003,"2"
2031,5,23,143,1.63277729000004,"2"
2031,5,24,144,1.77010847000003,"2"
2031,5,25,145,3.25023341000002,"2"
2031,5,26,146,1.69381337000004,"2"
2031,5,27,147,3.54015479000003,"2"
2031,5,28,148,1.93795769000002,"2"
2031,5,29,149,2.53305947000001,"2"
2031,5,30,150,2.10580691000001,"2"
2031,5,31,151,1.72433141000005,"2"
2032,5,1,122,2.54831849000004,"2"
2032,5,2,123,3.14342027000004,"2"
2032,5,3,124,2.15158397000005,"2"
2032,5,4,125,3.64696793000002,"2"
2032,5,5,126,2.27365613000001,"2"
2032,5,6,127,3.89111224999999,"2"
2032,5,7,128,2.73142673000001,"2"
2032,5,8,129,2.59409555000002,"2"
2032,5,9,130,1.86166259000004,"2"
2032,5,10,131,3.75378107,"2"
2032,5,11,132,3.12816125,"2"
2032,5,12,133,2.59409555000002,"2"
2032,5,13,134,0.961380410000004,"2"
2032,5,14,135,1.58700023,"2"
2032,5,15,136,3.29601047,"2"
2032,5,16,137,1.12922963,"2"
2032,5,17,138,1.40389199000003,"2"
2032,5,18,139,1.49544611000005,"2"
2032,5,19,140,2.45676437000003,"2"
2032,5,20,141,2.21262005,"2"
2032,5,21,142,2.70090869000001,"2"
2032,5,22,143,2.45676437000003,"2"
2032,5,23,144,2.59409555000002,"2"
2032,5,24,145,4.73035835000002,"2"
2032,5,25,146,1.93795769000002,"2"
2032,5,26,147,1.58700023,"2"
2032,5,27,148,2.33469221000001,"2"
2032,5,28,149,2.94505301000004,"2"
2032,5,29,150,3.67748597000002,"2"
2032,5,30,151,3.03660712999999,"2"
2032,5,31,152,3.50963675000003,"2"
2033,5,1,121,3.93688931000003,"2"
2033,5,2,122,3.14342027000004,"2"
2033,5,3,123,1.38863297,"2"
2033,5,4,124,3.17393831000004,"2"
2033,5,5,125,2.15158397000005,"2"
2033,5,6,126,1.51070513000002,"2"
2033,5,7,127,2.88401693000003,"2"
2033,5,8,128,2.45676437000003,"2"
2033,5,9,129,1.48018709000002,"2"
2033,5,10,130,2.18210200999999,"2"
2033,5,11,131,2.94505301000004,"2"
2033,5,12,132,1.95321670999999,"2"
2033,5,13,133,1.66329533000004,"2"
2033,5,14,134,3.21971537000002,"2"
2033,5,15,135,3.09764321,"2"
2033,5,16,136,3.05186615000002,"2"
2033,5,17,137,2.28891515000004,"2"
2033,5,18,138,2.96031203000001,"2"
2033,5,19,139,2.51780045000004,"2"
2033,5,20,140,1.93795769000002,"2"
2033,5,21,141,3.09764321,"2"
2033,5,22,142,2.50254143000001,"2"
2033,5,23,143,3.11290223000003,"2"
2033,5,24,144,2.94505301000004,"2"
2033,5,25,145,3.00608909000005,"2"
2033,5,26,146,3.25023341000002,"2"
2033,5,27,147,2.18210200999999,"2"
2033,5,28,148,1.31233787000002,"2"
2033,5,29,149,2.59409555000002,"2"
2033,5,30,150,1.69381337000004,"2"
2033,5,31,151,3.67748597000002,"2"
2034,5,1,121,2.73142673000001,"2"
2034,5,2,122,1.73959043000002,"2"
2034,5,3,123,2.97557105000004,"2"
2034,5,4,124,1.38863297,"2"
2034,5,5,125,2.38046926999999,"2"
2034,5,6,126,1.99899377000003,"2"
2034,5,7,127,2.82298085000002,"2"
2034,5,8,128,3.61644989000001,"2"
2034,5,9,129,3.54015479000003,"2"
2034,5,10,130,2.68564967000003,"2"
2034,5,11,131,1.81588553,"2"
2034,5,12,132,2.67039065,"2"
2034,5,13,133,3.34178753000003,"2"
2034,5,14,134,5.32546013000001,"2"
2034,5,15,135,2.67039065,"2"
2034,5,16,136,1.69381337000004,"2"
2034,5,17,137,1.05293453000002,"2"
2034,5,18,138,2.76194477000001,"2"
2034,5,19,139,1.49544611000005,"2"
2034,5,20,140,3.08238419000003,"2"
2034,5,21,141,1.23604277000004,"2"
2034,5,22,142,3.58593185000001,"2"
2034,5,23,143,3.52489577,"2"
2034,5,24,144,3.46385968999999,"2"
2034,5,25,145,2.25839711000003,"2"
2034,5,26,146,2.27365613000001,"2"
2034,5,27,147,1.58700023,"2"
2034,5,28,148,1.93795769000002,"2"
2034,5,29,149,2.48728241000003,"2"
2034,5,30,150,1.73959043000002,"2"
2034,5,31,151,4.85243051000003,"2"
2035,5,1,121,3.92163029,"2"
2035,5,2,122,1.15974767,"2"
2035,5,3,123,1.51070513000002,"2"
2035,5,4,124,2.73142673000001,"2"
2035,5,5,125,1.29707884999999,"2"
2035,5,6,126,2.57883653000005,"2"
2035,5,7,127,1.57174121000003,"2"
2035,5,8,128,2.10580691000001,"2"
2035,5,9,129,2.33469221000001,"2"
2035,5,10,130,3.00608909000005,"2"
2035,5,11,131,4.83717149,"2"
2035,5,12,132,1.93795769000002,"2"
2035,5,13,133,3.12816125,"2"
2035,5,14,134,2.50254143000001,"2"
2035,5,15,135,2.70090869000001,"2"
2035,5,16,136,1.67855435000001,"2"
2035,5,17,137,1.73959043000002,"2"
2035,5,18,138,2.44150535,"2"
2035,5,19,139,3.92163029,"2"
2035,5,20,140,2.83823987,"2"
2035,5,21,141,1.95321670999999,"2"
2035,5,22,142,3.81481715000001,"2"
2035,5,23,143,3.28075145000003,"2"
2035,5,24,144,1.63277729000004,"2"
2035,5,25,145,1.93795769000002,"2"
2035,5,26,146,2.71616771000004,"2"
2035,5,27,147,2.68564967000003,"2"
2035,5,28,148,3.78429911000001,"2"
2035,5,29,149,5.05079777000003,"2"
2035,5,30,150,2.96031203000001,"2"
2035,5,31,151,3.47911871000002,"2"
2036,5,1,122,2.94505301000004,"2"
2036,5,2,123,1.17500669000003,"2"
2036,5,3,124,1.54122317000002,"2"
2036,5,4,125,3.63170891000004,"2"
2036,5,5,126,4.05896147000004,"2"
2036,5,6,127,2.94505301000004,"2"
2036,5,7,128,2.27365613000001,"2"
2036,5,8,129,3.50963675000003,"2"
2036,5,9,130,3.89111224999999,"2"
2036,5,10,131,1.93795769000002,"2"
2036,5,11,132,1.75484944999999,"2"
2036,5,12,133,2.97557105000004,"2"
2036,5,13,134,2.48728241000003,"2"
2036,5,14,135,2.27365613000001,"2"
2036,5,15,136,1.32759689,"2"
2036,5,16,137,2.57883653000005,"2"
2036,5,17,138,2.88401693000003,"2"
2036,5,18,139,4.13525657000002,"2"
2036,5,19,140,1.61751827,"2"
2036,5,20,141,1.37337395000003,"2"
2036,5,21,142,2.04477083,"2"
2036,5,22,143,3.75378107,"2"
2036,5,23,144,2.41098731,"2"
2036,5,24,145,1.70907239000002,"2"
2036,5,25,146,2.91453497000003,"2"
2036,5,26,147,2.07528887000001,"2"
2036,5,27,148,3.78429911000001,"2"
2036,5,28,149,3.92163029,"2"
2036,5,29,150,2.42624633000003,"2"
2036,5,30,151,2.85349889000003,"2"
2036,5,31,152,3.87585323000002,"2"
2037,5,1,121,1.99899377000003,"2"
2037,5,2,122,3.18919733000001,"2"
2037,5,3,123,2.62461359000002,"2"
2037,5,4,124,2.34995123000004,"2"
2037,5,5,125,2.82298085000002,"2"
2037,5,6,126,2.94505301000004,"2"
2037,5,7,127,1.90743965000001,"2"
2037,5,8,128,2.86875791,"2"
2037,5,9,129,3.64696793000002,"2"
2037,5,10,130,1.17500669000003,"2"
2037,5,11,131,1.99899377000003,"2"
2037,5,12,132,2.86875791,"2"
2037,5,13,133,2.60935456999999,"2"
2037,5,14,134,1.90743965000001,"2"
2037,5,15,135,3.28075145000003,"2"
2037,5,16,136,1.03767551000004,"2"
2037,5,17,137,3.12816125,"2"
2037,5,18,138,1.17500669000003,"2"
2037,5,19,139,1.43441003000004,"2"
2037,5,20,140,3.09764321,"2"
2037,5,21,141,5.82900778999999,"2"
2037,5,22,142,4.25732873000004,"2"
2037,5,23,143,2.48728241000003,"2"
2037,5,24,144,2.92979399000001,"2"
2037,5,25,145,2.50254143000001,"2"
2037,5,26,146,1.06819355000005,"2"
2037,5,27,147,2.18210200999999,"2"
2037,5,28,148,1.93795769000002,"2"
2037,5,29,149,0.885085310000022,"2"
2037,5,30,150,1.87692161000001,"2"
2037,5,31,151,1.35811493,"2"
2038,5,1,121,2.68564967000003,"2"
2038,5,2,122,3.73852205000003,"2"
2038,5,3,123,2.28891515000004,"2"
2038,5,4,124,1.46492807000004,"2"
2038,5,5,125,2.71616771000004,"2"
2038,5,6,126,3.28075145000003,"2"
2038,5,7,127,1.89218063000004,"2"
2038,5,8,128,1.57174121000003,"2"
2038,5,9,129,2.97557105000004,"2"
2038,5,10,130,1.35811493,"2"
2038,5,11,131,1.20552473000004,"2"
2038,5,12,132,2.12106593000004,"2"
2038,5,13,133,2.82298085000002,"2"
2038,5,14,134,2.50254143000001,"2"
2038,5,15,135,1.98373475,"2"
2038,5,16,136,1.48018709000002,"2"
2038,5,17,137,4.13525657000002,"2"
2038,5,18,138,2.45676437000003,"2"
2038,5,19,139,3.32652851,"2"
2038,5,20,140,3.18919733000001,"2"
2038,5,21,141,3.11290223000003,"2"
2038,5,22,142,2.67039065,"2"
2038,5,23,143,3.63170891000004,"2"
2038,5,24,144,3.50963675000003,"2"
2038,5,25,145,1.63277729000004,"2"
2038,5,26,146,3.20445635000004,"2"
2038,5,27,147,2.38046926999999,"2"
2038,5,28,148,2.06002985000003,"2"
2038,5,29,149,0.473091769999996,"2"
2038,5,30,150,2.92979399000001,"2"
2038,5,31,151,3.34178753000003,"2"
2039,5,1,121,2.80772182999999,"2"
2039,5,2,122,3.35704655000001,"2"
2039,5,3,123,3.43334165000005,"2"
2039,5,4,124,3.58593185000001,"2"
2039,5,5,125,2.82298085000002,"2"
2039,5,6,126,2.16684299000002,"2"
2039,5,7,127,0.885085310000022,"2"
2039,5,8,128,1.43441003000004,"2"
2039,5,9,129,2.88401693000003,"2"
2039,5,10,130,4.47095501000001,"2"
2039,5,11,131,2.38046926999999,"2"
2039,5,12,132,1.77010847000003,"2"
2039,5,13,133,2.44150535,"2"
2039,5,14,134,2.73142673000001,"2"
2039,5,15,135,4.31836480999999,"2"
2039,5,16,136,3.90637127000002,"2"
2039,5,17,137,3.21971537000002,"2"
2039,5,18,138,3.57067283000003,"2"
2039,5,19,139,3.12816125,"2"
2039,5,20,140,6.22574231000004,"2"
2039,5,21,141,3.81481715000001,"2"
2039,5,22,142,2.41098731,"2"
2039,5,23,143,2.38046926999999,"2"
2039,5,24,144,3.37230557000004,"2"
2039,5,25,145,2.73142673000001,"2"
2039,5,26,146,4.04370245000001,"2"
2039,5,27,147,3.34178753000003,"2"
2039,5,28,148,2.19736103000002,"2"
2039,5,29,149,2.53305947000001,"2"
2039,5,30,150,1.69381337000004,"2"
2039,5,31,151,1.80062651000003,"2"
2040,5,1,122,2.27365613000001,"2"
2040,5,2,123,1.08345257000002,"2"
2040,5,3,124,4.98976169000002,"2"
2040,5,4,125,4.19629265000003,"2"
2040,5,5,126,2.33469221000001,"2"
2040,5,6,127,4.59302717000003,"2"
2040,5,7,128,2.83823987,"2"
2040,5,8,129,1.69381337000004,"2"
2040,5,9,130,4.08947951000005,"2"
2040,5,10,131,2.73142673000001,"2"
2040,5,11,132,3.17393831000004,"2"
2040,5,12,133,1.86166259000004,"2"
2040,5,13,134,2.10580691000001,"2"
2040,5,14,135,3.02134811000002,"2"
2040,5,15,136,1.46492807000004,"2"
2040,5,16,137,1.00715747000004,"2"
2040,5,17,138,1.90743965000001,"2"
2040,5,18,139,4.07422049000002,"2"
2040,5,19,140,1.87692161000001,"2"
2040,5,20,141,3.11290223000003,"2"
2040,5,21,142,3.86059421000004,"2"
2040,5,22,143,2.68564967000003,"2"
2040,5,23,144,1.98373475,"2"
2040,5,24,145,2.74668575000004,"2"
2040,5,25,146,2.76194477000001,"2"
2040,5,26,147,4.33362383000002,"2"
2040,5,27,148,4.69984031000001,"2"
2040,5,28,149,2.50254143000001,"2"
2040,5,29,150,1.08345257000002,"2"
2040,5,30,151,2.09054789000004,"2"
2040,5,31,152,4.68458129000004,"2"
2041,5,1,121,1.48018709000002,"2"
2041,5,2,122,3.73852205000003,"2"
2041,5,3,123,3.00608909000005,"2"
2041,5,4,124,1.89218063000004,"2"
2041,5,5,125,2.99083007000002,"2"
2041,5,6,126,2.56357751000002,"2"
2041,5,7,127,0.94612139000003,"2"
2041,5,8,128,1.46492807000004,"2"
2041,5,9,129,2.59409555000002,"2"
2041,5,10,130,2.96031203000001,"2"
2041,5,11,131,2.12106593000004,"2"
2041,5,12,132,1.54122317000002,"2"
2041,5,13,133,2.57883653000005,"2"
2041,5,14,134,2.39572829000002,"2"
2041,5,15,135,1.92269867000005,"2"
2041,5,16,136,3.25023341000002,"2"
2041,5,17,137,2.19736103000002,"2"
2041,5,18,138,1.83114455000003,"2"
2041,5,19,139,0.94612139000003,"2"
2041,5,20,140,1.90743965000001,"2"
2041,5,21,141,3.35704655000001,"2"
2041,5,22,142,3.03660712999999,"2"
2041,5,23,143,2.85349889000003,"2"
2041,5,24,144,4.59302717000003,"2"
2041,5,25,145,2.06002985000003,"2"
2041,5,26,146,1.72433141000005,"2"
2041,5,27,147,1.57174121000003,"2"
2041,5,28,148,1.96847573000002,"2"
2041,5,29,149,1.70907239000002,"2"
2041,5,30,150,2.12106593000004,"2"
2041,5,31,151,2.88401693000003,"2"
2042,5,1,121,4.44043697000001,"2"
2042,5,2,122,1.89218063000004,"2"
2042,5,3,123,1.89218063000004,"2"
2042,5,4,124,1.64803631000001,"2"
2042,5,5,125,1.52596414999999,"2"
2042,5,6,126,2.01425279,"2"
2042,5,7,127,4.34888285,"2"
2042,5,8,128,2.86875791,"2"
2042,5,9,129,1.81588553,"2"
2042,5,10,130,2.42624633000003,"2"
2042,5,11,131,3.37230557000004,"2"
2042,5,12,132,4.82191247000003,"2"
2042,5,13,133,4.53199109000002,"2"
2042,5,14,134,1.28181983000002,"2"
2042,5,15,135,1.09871158999999,"2"
2042,5,16,136,1.19026571000001,"2"
2042,5,17,137,3.11290223000003,"2"
2042,5,18,138,3.21971537000002,"2"
2042,5,19,139,4.94398463000005,"2"
2042,5,20,140,2.54831849000004,"2"
2042,5,21,141,2.56357751000002,"2"
2042,5,22,142,2.74668575000004,"2"
2042,5,23,143,5.15761091000002,"2"
2042,5,24,144,1.66329533000004,"2"
2042,5,25,145,1.95321670999999,"2"
2042,5,26,146,2.99083007000002,"2"
2042,5,27,147,3.26549243,"2"
2042,5,28,148,3.73852205000003,"2"
2042,5,29,149,2.27365613000001,"2"
2042,5,30,150,1.80062651000003,"2"
2042,5,31,151,2.88401693000003,"2"
2043,5,1,121,2.89927595,"2"
2043,5,2,122,2.18210200999999,"2"
2043,5,3,123,2.34995123000004,"2"
2043,5,4,124,2.74668575000004,"2"
2043,5,5,125,2.63987261,"2"
2043,5,6,126,1.60225925000003,"2"
2043,5,7,127,2.51780045000004,"2"
2043,5,8,128,1.41915101000001,"2"
2043,5,9,129,2.06002985000003,"2"
2043,5,10,130,3.63170891000004,"2"
2043,5,11,131,1.89218063000004,"2"
2043,5,12,132,3.12816125,"2"
2043,5,13,133,2.42624633000003,"2"
2043,5,14,134,1.78536749,"2"
2043,5,15,135,3.11290223000003,"2"
2043,5,16,136,3.09764321,"2"
2043,5,17,137,3.18919733000001,"2"
2043,5,18,138,2.57883653000005,"2"
2043,5,19,139,3.15867929000001,"2"
2043,5,20,140,2.59409555000002,"2"
2043,5,21,141,2.68564967000003,"2"
2043,5,22,142,4.97450266999999,"2"
2043,5,23,143,3.67748597000002,"2"
2043,5,24,144,2.86875791,"2"
2043,5,25,145,2.97557105000004,"2"
2043,5,26,146,1.26656081000004,"2"
2043,5,27,147,1.95321670999999,"2"
2043,5,28,148,1.49544611000005,"2"
2043,5,29,149,3.00608909000005,"2"
2043,5,30,150,2.10580691000001,"2"
2043,5,31,151,2.50254143000001,"2"
2044,5,1,122,1.87692161000001,"2"
2044,5,2,123,1.73959043000002,"2"
2044,5,3,124,1.90743965000001,"2"
2044,5,4,125,1.90743965000001,"2"
2044,5,5,126,2.63987261,"2"
2044,5,6,127,1.80062651000003,"2"
2044,5,7,128,2.04477083,"2"
2044,5,8,129,3.69274498999999,"2"
2044,5,9,130,1.34285591000003,"2"
2044,5,10,131,2.86875791,"2"
2044,5,11,132,1.87692161000001,"2"
2044,5,12,133,2.12106593000004,"2"
2044,5,13,134,1.40389199000003,"2"
2044,5,14,135,1.60225925000003,"2"
2044,5,15,136,2.09054789000004,"2"
2044,5,16,137,1.98373475,"2"
2044,5,17,138,2.45676437000003,"2"
2044,5,18,139,1.35811493,"2"
2044,5,19,140,0.640940990000047,"2"
2044,5,20,141,1.92269867000005,"2"
2044,5,21,142,3.87585323000002,"2"
2044,5,22,143,3.05186615000002,"2"
2044,5,23,144,1.98373475,"2"
2044,5,24,145,3.52489577,"2"
2044,5,25,146,2.19736103000002,"2"
2044,5,26,147,1.83114455000003,"2"
2044,5,27,148,1.44966905000001,"2"
2044,5,28,149,2.62461359000002,"2"
2044,5,29,150,1.66329533000004,"2"
2044,5,30,151,1.46492807000004,"2"
2044,5,31,152,2.96031203000001,"2"
2045,5,1,121,2.99083007000002,"2"
2045,5,2,122,1.58700023,"2"
2045,5,3,123,1.43441003000004,"2"
2045,5,4,124,1.17500669000003,"2"
2045,5,5,125,1.63277729000004,"2"
2045,5,6,126,2.80772182999999,"2"
2045,5,7,127,2.30417417000001,"2"
2045,5,8,128,3.28075145000003,"2"
2045,5,9,129,1.54122317000002,"2"
2045,5,10,130,1.41915101000001,"2"
2045,5,11,131,1.43441003000004,"2"
2045,5,12,132,2.51780045000004,"2"
2045,5,13,133,3.90637127000002,"2"
2045,5,14,134,1.96847573000002,"2"
2045,5,15,135,2.18210200999999,"2"
2045,5,16,136,2.89927595,"2"
2045,5,17,137,3.87585323000002,"2"
2045,5,18,138,2.77720379000004,"2"
2045,5,19,139,1.58700023,"2"
2045,5,20,140,2.44150535,"2"
2045,5,21,141,1.87692161000001,"2"
2045,5,22,142,2.24313809,"2"
2045,5,23,143,2.15158397000005,"2"
2045,5,24,144,1.70907239000002,"2"
2045,5,25,145,4.34888285,"2"
2045,5,26,146,3.64696793000002,"2"
2045,5,27,147,6.83610311000001,"2"
2045,5,28,148,3.46385968999999,"2"
2045,5,29,149,1.08345257000002,"2"
2045,5,30,150,0.976639430000034,"2"
2045,5,31,151,4.01318441000001,"2"
2046,5,1,121,2.59409555000002,"2"
2046,5,2,122,3.81481715000001,"2"
2046,5,3,123,2.25839711000003,"2"
2046,5,4,124,1.34285591000003,"2"
2046,5,5,125,1.99899377000003,"2"
2046,5,6,126,2.53305947000001,"2"
2046,5,7,127,2.67039065,"2"
2046,5,8,128,1.70907239000002,"2"
2046,5,9,129,1.70907239000002,"2"
2046,5,10,130,3.63170891000004,"2"
2046,5,11,131,2.34995123000004,"2"
2046,5,12,132,1.60225925000003,"2"
2046,5,13,133,1.44966905000001,"2"
2046,5,14,134,1.72433141000005,"2"
2046,5,15,135,3.29601047,"2"
2046,5,16,136,3.49437773,"2"
2046,5,17,137,4.54725010999999,"2"
2046,5,18,138,3.06712517,"2"
2046,5,19,139,0.839308250000045,"2"
2046,5,20,140,1.67855435000001,"2"
2046,5,21,141,1.66329533000004,"2"
2046,5,22,142,2.31943319000004,"2"
2046,5,23,143,3.52489577,"2"
2046,5,24,144,1.49544611000005,"2"
2046,5,25,145,3.29601047,"2"
2046,5,26,146,1.83114455000003,"2"
2046,5,27,147,3.35704655000001,"2"
2046,5,28,148,3.37230557000004,"2"
2046,5,29,149,3.44860067000002,"2"
2046,5,30,150,3.06712517,"2"
2046,5,31,151,2.39572829000002,"2"
2047,5,1,121,3.69274498999999,"2"
2047,5,2,122,2.82298085000002,"2"
2047,5,3,123,3.03660712999999,"2"
2047,5,4,124,1.92269867000005,"2"
2047,5,5,125,1.49544611000005,"2"
2047,5,6,126,2.91453497000003,"2"
2047,5,7,127,3.96740735000003,"2"
2047,5,8,128,2.13632495000002,"2"
2047,5,9,129,3.26549243,"2"
2047,5,10,130,2.24313809,"2"
2047,5,11,131,1.17500669000003,"2"
2047,5,12,132,2.09054789000004,"2"
2047,5,13,133,2.51780045000004,"2"
2047,5,14,134,2.79246281000002,"2"
2047,5,15,135,1.90743965000001,"2"
2047,5,16,136,1.06819355000005,"2"
2047,5,17,137,4.73035835000002,"2"
2047,5,18,138,3.03660712999999,"2"
2047,5,19,139,1.73959043000002,"2"
2047,5,20,140,3.09764321,"2"
2047,5,21,141,2.36521025000002,"2"
2047,5,22,142,1.96847573000002,"2"
2047,5,23,143,2.12106593000004,"2"
2047,5,24,144,1.96847573000002,"2"
2047,5,25,145,1.46492807000004,"2"
2047,5,26,146,3.20445635000004,"2"
2047,5,27,147,2.47202339,"2"
2047,5,28,148,3.20445635000004,"2"
2047,5,29,149,2.10580691000001,"2"
2047,5,30,150,1.41915101000001,"2"
2047,5,31,151,1.73959043000002,"2"
2048,5,1,122,2.42624633000003,"2"
2048,5,2,123,3.34178753000003,"2"
2048,5,3,124,3.32652851,"2"
2048,5,4,125,3.90637127000002,"2"
2048,5,5,126,3.52489577,"2"
2048,5,6,127,2.92979399000001,"2"
2048,5,7,128,3.05186615000002,"2"
2048,5,8,129,4.11999754999999,"2"
2048,5,9,130,2.16684299000002,"2"
2048,5,10,131,1.98373475,"2"
2048,5,11,132,1.67855435000001,"2"
2048,5,12,133,2.54831849000004,"2"
2048,5,13,134,3.79955813000004,"2"
2048,5,14,135,1.11397061000002,"2"
2048,5,15,136,2.33469221000001,"2"
2048,5,16,137,1.89218063000004,"2"
2048,5,17,138,3.37230557000004,"2"
2048,5,18,139,2.94505301000004,"2"
2048,5,19,140,3.93688931000003,"2"
2048,5,20,141,3.37230557000004,"2"
2048,5,21,142,1.99899377000003,"2"
2048,5,22,143,1.54122317000002,"2"
2048,5,23,144,0.122134310000035,"2"
2048,5,24,145,1.38863297,"2"
2048,5,25,146,3.26549243,"2"
2048,5,26,147,1.20552473000004,"2"
2048,5,27,148,1.29707884999999,"2"
2048,5,28,149,3.08238419000003,"2"
2048,5,29,150,1.64803631000001,"2"
2048,5,30,151,2.42624633000003,"2"
2048,5,31,152,1.78536749,"2"
2049,5,1,121,1.80062651000003,"2"
2049,5,2,122,1.70907239000002,"2"
2049,5,3,123,1.32759689,"2"
2049,5,4,124,1.98373475,"2"
2049,5,5,125,1.28181983000002,"2"
2049,5,6,126,3.31126949000003,"2"
2049,5,7,127,3.00608909000005,"2"
2049,5,8,128,4.25732873000004,"2"
2049,5,9,129,3.90637127000002,"2"
2049,5,10,130,1.15974767,"2"
2049,5,11,131,2.13632495000002,"2"
2049,5,12,132,2.96031203000001,"2"
2049,5,13,133,1.63277729000004,"2"
2049,5,14,134,2.13632495000002,"2"
2049,5,15,135,1.93795769000002,"2"
2049,5,16,136,1.77010847000003,"2"
2049,5,17,137,3.41808263000001,"2"
2049,5,18,138,3.02134811000002,"2"
2049,5,19,139,3.66222695000005,"2"
2049,5,20,140,1.23604277000004,"2"
2049,5,21,141,2.57883653000005,"2"
2049,5,22,142,2.28891515000004,"2"
2049,5,23,143,3.26549243,"2"
2049,5,24,144,2.41098731,"2"
2049,5,25,145,3.64696793000002,"2"
2049,5,26,146,2.83823987,"2"
2049,5,27,147,2.24313809,"2"
2049,5,28,148,1.12922963,"2"
2049,5,29,149,1.12922963,"2"
2049,5,30,150,1.99899377000003,"2"
2049,5,31,151,2.07528887000001,"2"
2050,5,1,121,2.67039065,"2"
2050,5,2,122,1.70907239000002,"2"
2050,5,3,123,1.35811493,"2"
2050,5,4,124,2.42624633000003,"2"
2050,5,5,125,3.61644989000001,"2"
2050,5,6,126,1.32759689,"2"
2050,5,7,127,2.63987261,"2"
2050,5,8,128,2.68564967000003,"2"
2050,5,9,129,2.63987261,"2"
2050,5,10,130,1.20552473000004,"2"
2050,5,11,131,2.41098731,"2"
2050,5,12,132,3.18919733000001,"2"
2050,5,13,133,2.39572829000002,"2"
2050,5,14,134,2.59409555000002,"2"
2050,5,15,135,2.47202339,"2"
2050,5,16,136,2.36521025000002,"2"
2050,5,17,137,3.18919733000001,"2"
2050,5,18,138,1.54122317000002,"2"
2050,5,19,139,2.56357751000002,"2"
2050,5,20,140,1.00715747000004,"2"
2050,5,21,141,3.66222695000005,"2"
2050,5,22,142,2.77720379000004,"2"
2050,5,23,143,3.84533519000001,"2"
2050,5,24,144,5.34071915000004,"2"
2050,5,25,145,4.15051559,"2"
2050,5,26,146,2.36521025000002,"2"
2050,5,27,147,2.51780045000004,"2"
2050,5,28,148,1.95321670999999,"2"
2050,5,29,149,4.31836480999999,"2"
2050,5,30,150,3.11290223000003,"2"
2050,5,31,151,2.54831849000004,"2"
2051,5,1,121,1.96847573000002,"2"
2051,5,2,122,2.13632495000002,"2"
2051,5,3,123,2.70090869000001,"2"
2051,5,4,124,2.73142673000001,"2"
2051,5,5,125,2.73142673000001,"2"
2051,5,6,126,2.96031203000001,"2"
2051,5,7,127,6.94291625,"2"
2051,5,8,128,3.26549243,"2"
2051,5,9,129,1.66329533000004,"2"
2051,5,10,130,1.58700023,"2"
2051,5,11,131,1.90743965000001,"2"
2051,5,12,132,1.81588553,"2"
2051,5,13,133,1.41915101000001,"2"
2051,5,14,134,2.06002985000003,"2"
2051,5,15,135,2.27365613000001,"2"
2051,5,16,136,1.96847573000002,"2"
2051,5,17,137,1.52596414999999,"2"
2051,5,18,138,1.03767551000004,"2"
2051,5,19,139,3.02134811000002,"2"
2051,5,20,140,2.31943319000004,"2"
2051,5,21,141,2.77720379000004,"2"
2051,5,22,142,4.50147305000002,"2"
2051,5,23,143,1.49544611000005,"2"
2051,5,24,144,1.41915101000001,"2"
2051,5,25,145,1.67855435000001,"2"
2051,5,26,146,4.15051559,"2"
2051,5,27,147,3.32652851,"2"
2051,5,28,148,2.47202339,"2"
2051,5,29,149,2.31943319000004,"2"
2051,5,30,150,1.86166259000004,"2"
2051,5,31,151,2.13632495000002,"2"
2052,5,1,122,2.10580691000001,"2"
2052,5,2,123,3.06712517,"2"
2052,5,3,124,2.31943319000004,"2"
2052,5,4,125,1.83114455000003,"2"
2052,5,5,126,3.41808263000001,"2"
2052,5,6,127,2.79246281000002,"2"
2052,5,7,128,4.24206971000001,"2"
2052,5,8,129,2.44150535,"2"
2052,5,9,130,2.09054789000004,"2"
2052,5,10,131,3.99792539000003,"2"
2052,5,11,132,4.48621403000004,"2"
2052,5,12,133,1.72433141000005,"2"
2052,5,13,134,2.82298085000002,"2"
2052,5,14,135,2.99083007000002,"2"
2052,5,15,136,1.70907239000002,"2"
2052,5,16,137,0.976639430000034,"2"
2052,5,17,138,2.06002985000003,"2"
2052,5,18,139,6.80558507000001,"2"
2052,5,19,140,4.82191247000003,"2"
2052,5,20,141,2.70090869000001,"2"
2052,5,21,142,1.43441003000004,"2"
2052,5,22,143,3.37230557000004,"2"
2052,5,23,144,1.61751827,"2"
2052,5,24,145,2.18210200999999,"2"
2052,5,25,146,2.22787907000003,"2"
2052,5,26,147,3.47911871000002,"2"
2052,5,27,148,1.72433141000005,"2"
2052,5,28,149,3.05186615000002,"2"
2052,5,29,150,2.36521025000002,"2"
2052,5,30,151,3.52489577,"2"
2052,5,31,152,5.67641759000003,"2"
2053,5,1,121,1.83114455000003,"2"
2053,5,2,122,1.32759689,"2"
2053,5,3,123,3.03660712999999,"2"
2053,5,4,124,2.27365613000001,"2"
2053,5,5,125,3.50963675000003,"2"
2053,5,6,126,2.45676437000003,"2"
2053,5,7,127,2.41098731,"2"
2053,5,8,128,3.46385968999999,"2"
2053,5,9,129,4.50147305000002,"2"
2053,5,10,130,2.65513163000003,"2"
2053,5,11,131,3.40282361000004,"2"
2053,5,12,132,3.41808263000001,"2"
2053,5,13,133,1.90743965000001,"2"
2053,5,14,134,1.40389199000003,"2"
2053,5,15,135,4.02844343000004,"2"
2053,5,16,136,2.21262005,"2"
2053,5,17,137,1.61751827,"2"
2053,5,18,138,2.62461359000002,"2"
2053,5,19,139,1.98373475,"2"
2053,5,20,140,2.83823987,"2"
2053,5,21,141,3.55541381,"2"
2053,5,22,142,1.99899377000003,"2"
2053,5,23,143,3.06712517,"2"
2053,5,24,144,1.09871158999999,"2"
2053,5,25,145,2.82298085000002,"2"
2053,5,26,146,3.61644989000001,"2"
2053,5,27,147,2.27365613000001,"2"
2053,5,28,148,1.41915101000001,"2"
2053,5,29,149,2.36521025000002,"2"
2053,5,30,150,3.75378107,"2"
2053,5,31,151,2.70090869000001,"2"
2054,5,1,121,2.10580691000001,"2"
2054,5,2,122,2.28891515000004,"2"
2054,5,3,123,2.99083007000002,"2"
2054,5,4,124,4.86768953000001,"2"
2054,5,5,125,3.86059421000004,"2"
2054,5,6,126,3.90637127000002,"2"
2054,5,7,127,2.82298085000002,"2"
2054,5,8,128,5.27968307000003,"2"
2054,5,9,129,4.50147305000002,"2"
2054,5,10,130,5.61538151000002,"2"
2054,5,11,131,3.40282361000004,"2"
2054,5,12,132,1.02241649000001,"2"
2054,5,13,133,3.18919733000001,"2"
2054,5,14,134,2.74668575000004,"2"
2054,5,15,135,2.73142673000001,"2"
2054,5,16,136,2.65513163000003,"2"
2054,5,17,137,1.89218063000004,"2"
2054,5,18,138,2.45676437000003,"2"
2054,5,19,139,2.12106593000004,"2"
2054,5,20,140,1.70907239000002,"2"
2054,5,21,141,2.19736103000002,"2"
2054,5,22,142,2.62461359000002,"2"
2054,5,23,143,3.52489577,"2"
2054,5,24,144,2.47202339,"2"
2054,5,25,145,3.40282361000004,"2"
2054,5,26,146,1.52596414999999,"2"
2054,5,27,147,2.15158397000005,"2"
2054,5,28,148,1.57174121000003,"2"
2054,5,29,149,2.16684299000002,"2"
2054,5,30,150,2.01425279,"2"
2054,5,31,151,2.41098731,"2"
2055,5,1,121,2.57883653000005,"2"
2055,5,2,122,0.854567270000018,"2"
2055,5,3,123,4.22681069000004,"2"
2055,5,4,124,1.64803631000001,"2"
2055,5,5,125,3.67748597000002,"2"
2055,5,6,126,2.99083007000002,"2"
2055,5,7,127,2.28891515000004,"2"
2055,5,8,128,2.97557105000004,"2"
2055,5,9,129,2.38046926999999,"2"
2055,5,10,130,4.59302717000003,"2"
2055,5,11,131,3.34178753000003,"2"
2055,5,12,132,2.38046926999999,"2"
2055,5,13,133,2.54831849000004,"2"
2055,5,14,134,4.51673207000005,"2"
2055,5,15,135,2.83823987,"2"
2055,5,16,136,1.99899377000003,"2"
2055,5,17,137,2.36521025000002,"2"
2055,5,18,138,1.41915101000001,"2"
2055,5,19,139,2.07528887000001,"2"
2055,5,20,140,3.63170891000004,"2"
2055,5,21,141,4.01318441000001,"2"
2055,5,22,142,2.24313809,"2"
2055,5,23,143,3.28075145000003,"2"
2055,5,24,144,5.61538151000002,"2"
2055,5,25,145,7.43120489,"2"
2055,5,26,146,4.48621403000004,"2"
2055,5,27,147,1.43441003000004,"2"
2055,5,28,148,1.58700023,"2"
2055,5,29,149,5.82900778999999,"2"
2055,5,30,150,2.28891515000004,"2"
2055,5,31,151,2.38046926999999,"2"
2056,5,1,122,1.41915101000001,"2"
2056,5,2,123,2.86875791,"2"
2056,5,3,124,3.17393831000004,"2"
2056,5,4,125,2.63987261,"2"
2056,5,5,126,0.763013150000006,"2"
2056,5,6,127,2.51780045000004,"2"
2056,5,7,128,2.36521025000002,"2"
2056,5,8,129,0.93086237,"2"
2056,5,9,130,2.34995123000004,"2"
2056,5,10,131,0.976639430000034,"2"
2056,5,11,132,6.17996525000001,"2"
2056,5,12,133,4.76087639000002,"2"
2056,5,13,134,1.43441003000004,"2"
2056,5,14,135,0.839308250000045,"2"
2056,5,15,136,2.71616771000004,"2"
2056,5,16,137,1.66329533000004,"2"
2056,5,17,138,1.20552473000004,"2"
2056,5,18,139,1.17500669000003,"2"
2056,5,19,140,1.73959043000002,"2"
2056,5,20,141,1.51070513000002,"2"
2056,5,21,142,1.49544611000005,"2"
2056,5,22,143,3.73852205000003,"2"
2056,5,23,144,2.88401693000003,"2"
2056,5,24,145,2.76194477000001,"2"
2056,5,25,146,1.72433141000005,"2"
2056,5,26,147,4.18103363,"2"
2056,5,27,148,3.32652851,"2"
2056,5,28,149,1.80062651000003,"2"
2056,5,29,150,3.76904009000003,"2"
2056,5,30,151,1.73959043000002,"2"
2056,5,31,152,2.57883653000005,"2"
2057,5,1,121,1.93795769000002,"2"
2057,5,2,122,2.13632495000002,"2"
2057,5,3,123,4.45569599000004,"2"
2057,5,4,124,1.69381337000004,"2"
2057,5,5,125,1.40389199000003,"2"
2057,5,6,126,2.80772182999999,"2"
2057,5,7,127,2.79246281000002,"2"
2057,5,8,128,2.77720379000004,"2"
2057,5,9,129,2.48728241000003,"2"
2057,5,10,130,2.41098731,"2"
2057,5,11,131,2.02951181000003,"2"
2057,5,12,132,1.31233787000002,"2"
2057,5,13,133,1.81588553,"2"
2057,5,14,134,3.52489577,"2"
2057,5,15,135,1.86166259000004,"2"
2057,5,16,136,3.12816125,"2"
2057,5,17,137,2.38046926999999,"2"
2057,5,18,138,1.19026571000001,"2"
2057,5,19,139,0.778272170000037,"2"
2057,5,20,140,1.11397061000002,"2"
2057,5,21,141,1.95321670999999,"2"
2057,5,22,142,5.53908641000004,"2"
2057,5,23,143,3.49437773,"2"
2057,5,24,144,2.19736103000002,"2"
2057,5,25,145,1.00715747000004,"2"
2057,5,26,146,1.43441003000004,"2"
2057,5,27,147,2.73142673000001,"2"
2057,5,28,148,3.38756459000001,"2"
2057,5,29,149,4.42517795000003,"2"
2057,5,30,150,2.54831849000004,"2"
2057,5,31,151,3.32652851,"2"
2058,5,1,121,1.44966905000001,"2"
2058,5,2,122,1.99899377000003,"2"
2058,5,3,123,1.77010847000003,"2"
2058,5,4,124,2.68564967000003,"2"
2058,5,5,125,1.81588553,"2"
2058,5,6,126,1.55648219,"2"
2058,5,7,127,1.14448865000003,"2"
2058,5,8,128,2.50254143000001,"2"
2058,5,9,129,2.73142673000001,"2"
2058,5,10,130,2.36521025000002,"2"
2058,5,11,131,1.05293453000002,"2"
2058,5,12,132,2.74668575000004,"2"
2058,5,13,133,2.97557105000004,"2"
2058,5,14,134,2.41098731,"2"
2058,5,15,135,1.95321670999999,"2"
2058,5,16,136,2.06002985000003,"2"
2058,5,17,137,2.73142673000001,"2"
2058,5,18,138,2.73142673000001,"2"
2058,5,19,139,3.14342027000004,"2"
2058,5,20,140,2.02951181000003,"2"
2058,5,21,141,3.12816125,"2"
2058,5,22,142,2.18210200999999,"2"
2058,5,23,143,2.53305947000001,"2"
2058,5,24,144,2.70090869000001,"2"
2058,5,25,145,5.20338796999999,"2"
2058,5,26,146,3.28075145000003,"2"
2058,5,27,147,3.58593185000001,"2"
2058,5,28,148,3.21971537000002,"2"
2058,5,29,149,3.40282361000004,"2"
2058,5,30,150,2.77720379000004,"2"
2058,5,31,151,2.89927595,"2"
2059,5,1,121,2.96031203000001,"2"
2059,5,2,122,1.67855435000001,"2"
2059,5,3,123,3.73852205000003,"2"
2059,5,4,124,4.04370245000001,"2"
2059,5,5,125,2.53305947000001,"2"
2059,5,6,126,2.89927595,"2"
2059,5,7,127,2.67039065,"2"
2059,5,8,128,3.26549243,"2"
2059,5,9,129,3.34178753000003,"2"
2059,5,10,130,3.09764321,"2"
2059,5,11,131,1.52596414999999,"2"
2059,5,12,132,0.94612139000003,"2"
2059,5,13,133,2.74668575000004,"2"
2059,5,14,134,2.57883653000005,"2"
2059,5,15,135,1.15974767,"2"
2059,5,16,136,0.79353119000001,"2"
2059,5,17,137,3.14342027000004,"2"
2059,5,18,138,4.97450266999999,"2"
2059,5,19,139,2.85349889000003,"2"
2059,5,20,140,1.67855435000001,"2"
2059,5,21,141,2.36521025000002,"2"
2059,5,22,142,4.86768953000001,"2"
2059,5,23,143,3.46385968999999,"2"
2059,5,24,144,4.63880423,"2"
2059,5,25,145,2.79246281000002,"2"
2059,5,26,146,3.35704655000001,"2"
2059,5,27,147,1.54122317000002,"2"
2059,5,28,148,4.89820757000001,"2"
2059,5,29,149,3.63170891000004,"2"
2059,5,30,150,2.45676437000003,"2"
2059,5,31,151,1.08345257000002,"2"
2060,5,1,122,4.22681069000004,"2"
2060,5,2,123,1.89218063000004,"2"
2060,5,3,124,1.66329533000004,"2"
2060,5,4,125,1.19026571000001,"2"
2060,5,5,126,1.03767551000004,"2"
2060,5,6,127,1.22078375000001,"2"
2060,5,7,128,1.98373475,"2"
2060,5,8,129,4.28784677000004,"2"
2060,5,9,130,2.60935456999999,"2"
2060,5,10,131,3.63170891000004,"2"
2060,5,11,132,3.00608909000005,"2"
2060,5,12,133,2.60935456999999,"2"
2060,5,13,134,3.28075145000003,"2"
2060,5,14,135,1.77010847000003,"2"
2060,5,15,136,2.09054789000004,"2"
2060,5,16,137,2.42624633000003,"2"
2060,5,17,138,1.92269867000005,"2"
2060,5,18,139,2.25839711000003,"2"
2060,5,19,140,3.86059421000004,"2"
2060,5,20,141,2.68564967000003,"2"
2060,5,21,142,1.12922963,"2"
2060,5,22,143,1.49544611000005,"2"
2060,5,23,144,2.21262005,"2"
2060,5,24,145,3.34178753000003,"2"
2060,5,25,146,6.07315211000002,"2"
2060,5,26,147,2.16684299000002,"2"
2060,5,27,148,1.70907239000002,"2"
2060,5,28,149,2.85349889000003,"2"
2060,5,29,150,2.96031203000001,"2"
2060,5,30,151,3.29601047,"2"
2060,5,31,152,1.64803631000001,"2"
2061,5,1,121,2.33469221000001,"2"
2061,5,2,122,3.20445635000004,"2"
2061,5,3,123,1.51070513000002,"2"
2061,5,4,124,1.69381337000004,"2"
2061,5,5,125,1.78536749,"2"
2061,5,6,126,1.23604277000004,"2"
2061,5,7,127,2.41098731,"2"
2061,5,8,128,1.31233787000002,"2"
2061,5,9,129,1.55648219,"2"
2061,5,10,130,2.60935456999999,"2"
2061,5,11,131,2.38046926999999,"2"
2061,5,12,132,4.47095501000001,"2"
2061,5,13,133,2.67039065,"2"
2061,5,14,134,1.77010847000003,"2"
2061,5,15,135,3.00608909000005,"2"
2061,5,16,136,3.03660712999999,"2"
2061,5,17,137,2.16684299000002,"2"
2061,5,18,138,4.31836480999999,"2"
2061,5,19,139,4.18103363,"2"
2061,5,20,140,2.97557105000004,"2"
2061,5,21,141,3.09764321,"2"
2061,5,22,142,3.31126949000003,"2"
2061,5,23,143,3.96740735000003,"2"
2061,5,24,144,2.85349889000003,"2"
2061,5,25,145,2.30417417000001,"2"
2061,5,26,146,4.42517795000003,"2"
2061,5,27,147,2.79246281000002,"2"
2061,5,28,148,4.59302717000003,"2"
2061,5,29,149,3.52489577,"2"
2061,5,30,150,1.22078375000001,"2"
2061,5,31,151,2.12106593000004,"2"
2062,5,1,121,3.21971537000002,"2"
2062,5,2,122,3.73852205000003,"2"
2062,5,3,123,1.52596414999999,"2"
2062,5,4,124,2.30417417000001,"2"
2062,5,5,125,1.66329533000004,"2"
2062,5,6,126,2.41098731,"2"
2062,5,7,127,2.41098731,"2"
2062,5,8,128,1.90743965000001,"2"
2062,5,9,129,2.34995123000004,"2"
2062,5,10,130,2.91453497000003,"2"
2062,5,11,131,1.90743965000001,"2"
2062,5,12,132,1.15974767,"2"
2062,5,13,133,2.15158397000005,"2"
2062,5,14,134,2.50254143000001,"2"
2062,5,15,135,2.68564967000003,"2"
2062,5,16,136,3.37230557000004,"2"
2062,5,17,137,2.74668575000004,"2"
2062,5,18,138,1.57174121000003,"2"
2062,5,19,139,1.83114455000003,"2"
2062,5,20,140,0.976639430000034,"2"
2062,5,21,141,1.37337395000003,"2"
2062,5,22,142,2.31943319000004,"2"
2062,5,23,143,4.97450266999999,"2"
2062,5,24,144,1.73959043000002,"2"
2062,5,25,145,4.19629265000003,"2"
2062,5,26,146,2.86875791,"2"
2062,5,27,147,1.09871158999999,"2"
2062,5,28,148,4.05896147000004,"2"
2062,5,29,149,6.71403095,"2"
2062,5,30,150,2.67039065,"2"
2062,5,31,151,3.69274498999999,"2"
2063,5,1,121,4.04370245000001,"2"
2063,5,2,122,4.11999754999999,"2"
2063,5,3,123,4.63880423,"2"
2063,5,4,124,2.62461359000002,"2"
2063,5,5,125,1.48018709000002,"2"
2063,5,6,126,2.70090869000001,"2"
2063,5,7,127,2.97557105000004,"2"
2063,5,8,128,2.44150535,"2"
2063,5,9,129,3.84533519000001,"2"
2063,5,10,130,2.44150535,"2"
2063,5,11,131,3.15867929000001,"2"
2063,5,12,132,3.05186615000002,"2"
2063,5,13,133,3.40282361000004,"2"
2063,5,14,134,2.42624633000003,"2"
2063,5,15,135,2.56357751000002,"2"
2063,5,16,136,2.70090869000001,"2"
2063,5,17,137,2.50254143000001,"2"
2063,5,18,138,2.18210200999999,"2"
2063,5,19,139,2.39572829000002,"2"
2063,5,20,140,2.53305947000001,"2"
2063,5,21,141,3.95214833,"2"
2063,5,22,142,4.54725010999999,"2"
2063,5,23,143,2.92979399000001,"2"
2063,5,24,144,2.22787907000003,"2"
2063,5,25,145,0.885085310000022,"2"
2063,5,26,146,1.41915101000001,"2"
2063,5,27,147,3.34178753000003,"2"
2063,5,28,148,1.84640357000001,"2"
2063,5,29,149,2.85349889000003,"2"
2063,5,30,150,2.85349889000003,"2"
2063,5,31,151,2.16684299000002,"2"
2064,5,1,122,1.49544611000005,"2"
2064,5,2,123,2.16684299000002,"2"
2064,5,3,124,1.09871158999999,"2"
2064,5,4,125,4.69984031000001,"2"
2064,5,5,126,3.44860067000002,"2"
2064,5,6,127,2.80772182999999,"2"
2064,5,7,128,1.89218063000004,"2"
2064,5,8,129,3.15867929000001,"2"
2064,5,9,130,2.02951181000003,"2"
2064,5,10,131,2.24313809,"2"
2064,5,11,132,2.21262005,"2"
2064,5,12,133,3.66222695000005,"2"
2064,5,13,134,3.35704655000001,"2"
2064,5,14,135,2.18210200999999,"2"
2064,5,15,136,1.81588553,"2"
2064,5,16,137,3.40282361000004,"2"
2064,5,17,138,1.86166259000004,"2"
2064,5,18,139,2.74668575000004,"2"
2064,5,19,140,1.41915101000001,"2"
2064,5,20,141,1.12922963,"2"
2064,5,21,142,2.09054789000004,"2"
2064,5,22,143,2.63987261,"2"
2064,5,23,144,1.77010847000003,"2"
2064,5,24,145,4.53199109000002,"2"
2064,5,25,146,1.48018709000002,"2"
2064,5,26,147,3.29601047,"2"
2064,5,27,148,1.93795769000002,"2"
2064,5,28,149,2.13632495000002,"2"
2064,5,29,150,1.78536749,"2"
2064,5,30,151,3.05186615000002,"2"
2064,5,31,152,1.06819355000005,"2"
2065,5,1,121,1.38863297,"2"
2065,5,2,122,2.80772182999999,"2"
2065,5,3,123,1.81588553,"2"
2065,5,4,124,2.10580691000001,"2"
2065,5,5,125,5.43227327,"2"
2065,5,6,126,3.15867929000001,"2"
2065,5,7,127,2.82298085000002,"2"
2065,5,8,128,1.78536749,"2"
2065,5,9,129,2.31943319000004,"2"
2065,5,10,130,3.67748597000002,"2"
2065,5,11,131,3.12816125,"2"
2065,5,12,132,1.35811493,"2"
2065,5,13,133,1.40389199000003,"2"
2065,5,14,134,3.08238419000003,"2"
2065,5,15,135,1.89218063000004,"2"
2065,5,16,136,1.09871158999999,"2"
2065,5,17,137,2.54831849000004,"2"
2065,5,18,138,2.39572829000002,"2"
2065,5,19,139,1.72433141000005,"2"
2065,5,20,140,2.24313809,"2"
2065,5,21,141,0.686718050000025,"2"
2065,5,22,142,2.41098731,"2"
2065,5,23,143,2.97557105000004,"2"
2065,5,24,144,3.32652851,"2"
2065,5,25,145,2.04477083,"2"
2065,5,26,146,2.18210200999999,"2"
2065,5,27,147,3.57067283000003,"2"
2065,5,28,148,4.24206971000001,"2"
2065,5,29,149,2.38046926999999,"2"
2065,5,30,150,2.63987261,"2"
2065,5,31,151,1.89218063000004,"2"
2066,5,1,121,3.00608909000005,"2"
2066,5,2,122,3.43334165000005,"2"
2066,5,3,123,1.25130179000001,"2"
2066,5,4,124,2.02951181000003,"2"
2066,5,5,125,4.28784677000004,"2"
2066,5,6,126,1.51070513000002,"2"
2066,5,7,127,1.06819355000005,"2"
2066,5,8,128,2.80772182999999,"2"
2066,5,9,129,1.64803631000001,"2"
2066,5,10,130,3.47911871000002,"2"
2066,5,11,131,2.71616771000004,"2"
2066,5,12,132,2.21262005,"2"
2066,5,13,133,5.44753229000003,"2"
2066,5,14,134,2.38046926999999,"2"
2066,5,15,135,1.66329533000004,"2"
2066,5,16,136,2.30417417000001,"2"
2066,5,17,137,3.23497439000005,"2"
2066,5,18,138,2.21262005,"2"
2066,5,19,139,2.82298085000002,"2"
2066,5,20,140,2.44150535,"2"
2066,5,21,141,4.28784677000004,"2"
2066,5,22,142,3.90637127000002,"2"
2066,5,23,143,3.61644989000001,"2"
2066,5,24,144,3.49437773,"2"
2066,5,25,145,1.52596414999999,"2"
2066,5,26,146,2.65513163000003,"2"
2066,5,27,147,2.12106593000004,"2"
2066,5,28,148,1.72433141000005,"2"
2066,5,29,149,2.94505301000004,"2"
2066,5,30,150,2.42624633000003,"2"
2066,5,31,151,2.31943319000004,"2"
2067,5,1,121,2.76194477000001,"2"
2067,5,2,122,1.93795769000002,"2"
2067,5,3,123,0.671459029999994,"2"
2067,5,4,124,0.885085310000022,"2"
2067,5,5,125,0.900344329999996,"2"
2067,5,6,126,2.31943319000004,"2"
2067,5,7,127,1.54122317000002,"2"
2067,5,8,128,0.763013150000006,"2"
2067,5,9,129,1.98373475,"2"
2067,5,10,130,1.28181983000002,"2"
2067,5,11,131,2.47202339,"2"
2067,5,12,132,3.46385968999999,"2"
2067,5,13,133,2.71616771000004,"2"
2067,5,14,134,3.43334165000005,"2"
2067,5,15,135,3.25023341000002,"2"
2067,5,16,136,2.65513163000003,"2"
2067,5,17,137,1.02241649000001,"2"
2067,5,18,138,1.89218063000004,"2"
2067,5,19,139,1.93795769000002,"2"
2067,5,20,140,2.54831849000004,"2"
2067,5,21,141,2.33469221000001,"2"
2067,5,22,142,2.77720379000004,"2"
2067,5,23,143,2.56357751000002,"2"
2067,5,24,144,2.24313809,"2"
2067,5,25,145,2.33469221000001,"2"
2067,5,26,146,3.86059421000004,"2"
2067,5,27,147,3.89111224999999,"2"
2067,5,28,148,2.47202339,"2"
2067,5,29,149,3.37230557000004,"2"
2067,5,30,150,4.95924365000002,"2"
2067,5,31,151,3.44860067000002,"2"
2068,5,1,122,2.67039065,"2"
2068,5,2,123,3.55541381,"2"
2068,5,3,124,2.16684299000002,"2"
2068,5,4,125,2.36521025000002,"2"
2068,5,5,126,2.01425279,"2"
2068,5,6,127,1.86166259000004,"2"
2068,5,7,128,1.49544611000005,"2"
2068,5,8,129,2.36521025000002,"2"
2068,5,9,130,2.01425279,"2"
2068,5,10,131,2.73142673000001,"2"
2068,5,11,132,1.02241649000001,"2"
2068,5,12,133,2.36521025000002,"2"
2068,5,13,134,1.77010847000003,"2"
2068,5,14,135,1.31233787000002,"2"
2068,5,15,136,1.06819355000005,"2"
2068,5,16,137,2.44150535,"2"
2068,5,17,138,2.45676437000003,"2"
2068,5,18,139,2.62461359000002,"2"
2068,5,19,140,2.62461359000002,"2"
2068,5,20,141,2.18210200999999,"2"
2068,5,21,142,2.57883653000005,"2"
2068,5,22,143,2.15158397000005,"2"
2068,5,23,144,2.25839711000003,"2"
2068,5,24,145,1.84640357000001,"2"
2068,5,25,146,3.26549243,"2"
2068,5,26,147,1.87692161000001,"2"
2068,5,27,148,2.70090869000001,"2"
2068,5,28,149,3.08238419000003,"2"
2068,5,29,150,4.13525657000002,"2"
2068,5,30,151,3.86059421000004,"2"
2068,5,31,152,2.28891515000004,"2"
2069,5,1,121,2.79246281000002,"2"
2069,5,2,122,4.59302717000003,"2"
2069,5,3,123,4.40991893,"2"
2069,5,4,124,2.70090869000001,"2"
2069,5,5,125,2.85349889000003,"2"
2069,5,6,126,1.66329533000004,"2"
2069,5,7,127,1.98373475,"2"
2069,5,8,128,1.60225925000003,"2"
2069,5,9,129,1.73959043000002,"2"
2069,5,10,130,3.84533519000001,"2"
2069,5,11,131,2.99083007000002,"2"
2069,5,12,132,3.55541381,"2"
2069,5,13,133,3.67748597000002,"2"
2069,5,14,134,2.02951181000003,"2"
2069,5,15,135,1.64803631000001,"2"
2069,5,16,136,2.73142673000001,"2"
2069,5,17,137,2.12106593000004,"2"
2069,5,18,138,1.89218063000004,"2"
2069,5,19,139,3.64696793000002,"2"
2069,5,20,140,1.80062651000003,"2"
2069,5,21,141,1.99899377000003,"2"
2069,5,22,142,2.21262005,"2"
2069,5,23,143,4.24206971000001,"2"
2069,5,24,144,3.43334165000005,"2"
2069,5,25,145,2.09054789000004,"2"
2069,5,26,146,0.961380410000004,"2"
2069,5,27,147,1.02241649000001,"2"
2069,5,28,148,1.09871158999999,"2"
2069,5,29,149,1.99899377000003,"2"
2069,5,30,150,6.50040467000002,"2"
2069,5,31,151,2.28891515000004,"2"
2070,5,1,121,1.58700023,"2"
2070,5,2,122,1.17500669000003,"2"
2070,5,3,123,4.40991893,"2"
2070,5,4,124,3.20445635000004,"2"
2070,5,5,125,1.40389199000003,"2"
2070,5,6,126,1.17500669000003,"2"
2070,5,7,127,1.52596414999999,"2"
2070,5,8,128,2.82298085000002,"2"
2070,5,9,129,1.66329533000004,"2"
2070,5,10,130,3.06712517,"2"
2070,5,11,131,4.10473853000002,"2"
2070,5,12,132,3.29601047,"2"
2070,5,13,133,3.38756459000001,"2"
2070,5,14,134,1.41915101000001,"2"
2070,5,15,135,2.76194477000001,"2"
2070,5,16,136,2.42624633000003,"2"
2070,5,17,137,2.18210200999999,"2"
2070,5,18,138,2.74668575000004,"2"
2070,5,19,139,2.06002985000003,"2"
2070,5,20,140,3.17393831000004,"2"
2070,5,21,141,2.62461359000002,"2"
2070,5,22,142,1.69381337000004,"2"
2070,5,23,143,2.07528887000001,"2"
2070,5,24,144,2.44150535,"2"
2070,5,25,145,1.37337395000003,"2"
2070,5,26,146,2.10580691000001,"2"
2070,5,27,147,2.97557105000004,"2"
2070,5,28,148,2.39572829000002,"2"
2070,5,29,149,5.47805033000003,"2"
2070,5,30,150,4.05896147000004,"2"
2070,5,31,151,3.43334165000005,"2"
2071,5,1,121,1.90743965000001,"2"
2071,5,2,122,3.43334165000005,"2"
2071,5,3,123,2.25839711000003,"2"
2071,5,4,124,1.87692161000001,"2"
2071,5,5,125,1.93795769000002,"2"
2071,5,6,126,3.43334165000005,"2"
2071,5,7,127,2.53305947000001,"2"
2071,5,8,128,3.03660712999999,"2"
2071,5,9,129,2.39572829000002,"2"
2071,5,10,130,1.87692161000001,"2"
2071,5,11,131,3.32652851,"2"
2071,5,12,132,1.72433141000005,"2"
2071,5,13,133,1.22078375000001,"2"
2071,5,14,134,2.04477083,"2"
2071,5,15,135,2.27365613000001,"2"
2071,5,16,136,3.49437773,"2"
2071,5,17,137,3.54015479000003,"2"
2071,5,18,138,1.63277729000004,"2"
2071,5,19,139,2.96031203000001,"2"
2071,5,20,140,2.85349889000003,"2"
2071,5,21,141,3.79955813000004,"2"
2071,5,22,142,3.21971537000002,"2"
2071,5,23,143,2.77720379000004,"2"
2071,5,24,144,2.92979399000001,"2"
2071,5,25,145,0.518868830000031,"2"
2071,5,26,146,1.06819355000005,"2"
2071,5,27,147,1.72433141000005,"2"
2071,5,28,148,3.83007617000004,"2"
2071,5,29,149,3.05186615000002,"2"
2071,5,30,150,1.81588553,"2"
2071,5,31,151,2.76194477000001,"2"
2072,5,1,122,2.34995123000004,"2"
2072,5,2,123,3.84533519000001,"2"
2072,5,3,124,2.59409555000002,"2"
2072,5,4,125,1.81588553,"2"
2072,5,5,126,2.76194477000001,"2"
2072,5,6,127,2.63987261,"2"
2072,5,7,128,2.48728241000003,"2"
2072,5,8,129,1.93795769000002,"2"
2072,5,9,130,1.51070513000002,"2"
2072,5,10,131,1.95321670999999,"2"
2072,5,11,132,1.32759689,"2"
2072,5,12,133,1.78536749,"2"
2072,5,13,134,3.32652851,"2"
2072,5,14,135,2.19736103000002,"2"
2072,5,15,136,2.53305947000001,"2"
2072,5,16,137,4.07422049000002,"2"
2072,5,17,138,2.39572829000002,"2"
2072,5,18,139,2.24313809,"2"
2072,5,19,140,2.09054789000004,"2"
2072,5,20,141,2.45676437000003,"2"
2072,5,21,142,3.09764321,"2"
2072,5,22,143,4.39465991000003,"2"
2072,5,23,144,2.15158397000005,"2"
2072,5,24,145,2.21262005,"2"
2072,5,25,146,1.64803631000001,"2"
2072,5,26,147,1.92269867000005,"2"
2072,5,27,148,2.99083007000002,"2"
2072,5,28,149,1.72433141000005,"2"
2072,5,29,150,3.66222695000005,"2"
2072,5,30,151,4.16577461000003,"2"
2072,5,31,152,4.15051559,"2"
2073,5,1,121,1.64803631000001,"2"
2073,5,2,122,1.43441003000004,"2"
2073,5,3,123,1.84640357000001,"2"
2073,5,4,124,1.44966905000001,"2"
2073,5,5,125,1.08345257000002,"2"
2073,5,6,126,3.86059421000004,"2"
2073,5,7,127,3.93688931000003,"2"
2073,5,8,128,2.15158397000005,"2"
2073,5,9,129,3.79955813000004,"2"
2073,5,10,130,2.96031203000001,"2"
2073,5,11,131,3.54015479000003,"2"
2073,5,12,132,3.86059421000004,"2"
2073,5,13,133,2.77720379000004,"2"
2073,5,14,134,1.61751827,"2"
2073,5,15,135,2.19736103000002,"2"
2073,5,16,136,3.11290223000003,"2"
2073,5,17,137,2.48728241000003,"2"
2073,5,18,138,3.12816125,"2"
2073,5,19,139,2.45676437000003,"2"
2073,5,20,140,1.41915101000001,"2"
2073,5,21,141,2.04477083,"2"
2073,5,22,142,4.62354521000003,"2"
2073,5,23,143,3.75378107,"2"
2073,5,24,144,1.67855435000001,"2"
2073,5,25,145,1.25130179000001,"2"
2073,5,26,146,0.457832750000023,"2"
2073,5,27,147,1.55648219,"2"
2073,5,28,148,4.42517795000003,"2"
2073,5,29,149,5.37123719000004,"2"
2073,5,30,150,2.77720379000004,"2"
2073,5,31,151,1.63277729000004,"2"
2074,5,1,121,2.89927595,"2"
2074,5,2,122,3.17393831000004,"2"
2074,5,3,123,2.01425279,"2"
2074,5,4,124,2.22787907000003,"2"
2074,5,5,125,2.57883653000005,"2"
2074,5,6,126,2.19736103000002,"2"
2074,5,7,127,3.84533519000001,"2"
2074,5,8,128,1.32759689,"2"
2074,5,9,129,1.77010847000003,"2"
2074,5,10,130,3.95214833,"2"
2074,5,11,131,3.67748597000002,"2"
2074,5,12,132,2.68564967000003,"2"
2074,5,13,133,4.01318441000001,"2"
2074,5,14,134,2.38046926999999,"2"
2074,5,15,135,2.34995123000004,"2"
2074,5,16,136,2.94505301000004,"2"
2074,5,17,137,3.38756459000001,"2"
2074,5,18,138,4.36414187000003,"2"
2074,5,19,139,1.86166259000004,"2"
2074,5,20,140,1.98373475,"2"
2074,5,21,141,3.08238419000003,"2"
2074,5,22,142,3.72326303,"2"
2074,5,23,143,3.12816125,"2"
2074,5,24,144,0.763013150000006,"2"
2074,5,25,145,2.97557105000004,"2"
2074,5,26,146,2.99083007000002,"2"
2074,5,27,147,3.95214833,"2"
2074,5,28,148,1.77010847000003,"2"
2074,5,29,149,3.92163029,"2"
2074,5,30,150,2.53305947000001,"2"
2074,5,31,151,2.38046926999999,"2"
2075,5,1,121,3.52489577,"2"
2075,5,2,122,3.99792539000003,"2"
2075,5,3,123,4.11999754999999,"2"
2075,5,4,124,4.65406325000004,"2"
2075,5,5,125,4.18103363,"2"
2075,5,6,126,1.37337395000003,"2"
2075,5,7,127,2.41098731,"2"
2075,5,8,128,2.18210200999999,"2"
2075,5,9,129,2.79246281000002,"2"
2075,5,10,130,3.70800401000002,"2"
2075,5,11,131,2.88401693000003,"2"
2075,5,12,132,3.41808263000001,"2"
2075,5,13,133,3.55541381,"2"
2075,5,14,134,3.55541381,"2"
2075,5,15,135,5.29494209000001,"2"
2075,5,16,136,2.99083007000002,"2"
2075,5,17,137,1.98373475,"2"
2075,5,18,138,2.06002985000003,"2"
2075,5,19,139,1.86166259000004,"2"
2075,5,20,140,2.80772182999999,"2"
2075,5,21,141,2.25839711000003,"2"
2075,5,22,142,3.75378107,"2"
2075,5,23,143,2.99083007000002,"2"
2075,5,24,144,3.31126949000003,"2"
2075,5,25,145,1.55648219,"2"
2075,5,26,146,5.47805033000003,"2"
2075,5,27,147,3.70800401000002,"2"
2075,5,28,148,2.62461359000002,"2"
2075,5,29,149,2.36521025000002,"2"
2075,5,30,150,1.96847573000002,"2"
2075,5,31,151,1.32759689,"2"
2076,5,1,122,1.93795769000002,"2"
2076,5,2,123,2.02951181000003,"2"
2076,5,3,124,1.81588553,"2"
2076,5,4,125,1.63277729000004,"2"
2076,5,5,126,3.52489577,"2"
2076,5,6,127,2.70090869000001,"2"
2076,5,7,128,1.78536749,"2"
2076,5,8,129,1.31233787000002,"2"
2076,5,9,130,2.25839711000003,"2"
2076,5,10,131,1.81588553,"2"
2076,5,11,132,2.54831849000004,"2"
2076,5,12,133,1.95321670999999,"2"
2076,5,13,134,3.03660712999999,"2"
2076,5,14,135,1.87692161000001,"2"
2076,5,15,136,1.86166259000004,"2"
2076,5,16,137,3.43334165000005,"2"
2076,5,17,138,2.25839711000003,"2"
2076,5,18,139,1.69381337000004,"2"
2076,5,19,140,2.41098731,"2"
2076,5,20,141,2.91453497000003,"2"
2076,5,21,142,4.05896147000004,"2"
2076,5,22,143,3.06712517,"2"
2076,5,23,144,2.30417417000001,"2"
2076,5,24,145,2.57883653000005,"2"
2076,5,25,146,2.36521025000002,"2"
2076,5,26,147,2.13632495000002,"2"
2076,5,27,148,2.74668575000004,"2"
2076,5,28,149,3.26549243,"2"
2076,5,29,150,3.46385968999999,"2"
2076,5,30,151,2.39572829000002,"2"
2076,5,31,152,2.19736103000002,"2"
2077,5,1,121,1.46492807000004,"2"
2077,5,2,122,2.15158397000005,"2"
2077,5,3,123,2.39572829000002,"2"
2077,5,4,124,1.86166259000004,"2"
2077,5,5,125,1.75484944999999,"2"
2077,5,6,126,2.39572829000002,"2"
2077,5,7,127,3.60119087000004,"2"
2077,5,8,128,1.80062651000003,"2"
2077,5,9,129,2.28891515000004,"2"
2077,5,10,130,4.79139443000003,"2"
2077,5,11,131,3.32652851,"2"
2077,5,12,132,1.35811493,"2"
2077,5,13,133,1.25130179000001,"2"
2077,5,14,134,2.70090869000001,"2"
2077,5,15,135,3.75378107,"2"
2077,5,16,136,3.40282361000004,"2"
2077,5,17,137,3.40282361000004,"2"
2077,5,18,138,2.34995123000004,"2"
2077,5,19,139,4.30310579000002,"2"
2077,5,20,140,2.56357751000002,"2"
2077,5,21,141,2.44150535,"2"
2077,5,22,142,3.11290223000003,"2"
2077,5,23,143,3.50963675000003,"2"
2077,5,24,144,1.61751827,"2"
2077,5,25,145,2.80772182999999,"2"
2077,5,26,146,3.89111224999999,"2"
2077,5,27,147,1.80062651000003,"2"
2077,5,28,148,1.64803631000001,"2"
2077,5,29,149,0.79353119000001,"2"
2077,5,30,150,1.81588553,"2"
2077,5,31,151,3.46385968999999,"2"
2078,5,1,121,0.686718050000025,"2"
2078,5,2,122,1.96847573000002,"2"
2078,5,3,123,1.92269867000005,"2"
2078,5,4,124,1.78536749,"2"
2078,5,5,125,0.991898450000008,"2"
2078,5,6,126,2.60935456999999,"2"
2078,5,7,127,1.38863297,"2"
2078,5,8,128,4.15051559,"2"
2078,5,9,129,2.68564967000003,"2"
2078,5,10,130,2.76194477000001,"2"
2078,5,11,131,1.72433141000005,"2"
2078,5,12,132,1.22078375000001,"2"
2078,5,13,133,1.83114455000003,"2"
2078,5,14,134,2.50254143000001,"2"
2078,5,15,135,5.00502071,"2"
2078,5,16,136,1.98373475,"2"
2078,5,17,137,2.02951181000003,"2"
2078,5,18,138,2.12106593000004,"2"
2078,5,19,139,1.86166259000004,"2"
2078,5,20,140,3.28075145000003,"2"
2078,5,21,141,3.32652851,"2"
2078,5,22,142,2.63987261,"2"
2078,5,23,143,2.53305947000001,"2"
2078,5,24,144,3.58593185000001,"2"
2078,5,25,145,5.38649621000002,"2"
2078,5,26,146,3.06712517,"2"
2078,5,27,147,1.99899377000003,"2"
2078,5,28,148,1.72433141000005,"2"
2078,5,29,149,2.07528887000001,"2"
2078,5,30,150,1.78536749,"2"
2078,5,31,151,4.36414187000003,"2"
2079,5,1,121,0.686718050000025,"2"
2079,5,2,122,2.70090869000001,"2"
2079,5,3,123,1.70907239000002,"2"
2079,5,4,124,3.35704655000001,"2"
2079,5,5,125,4.27258775000001,"2"
2079,5,6,126,3.31126949000003,"2"
2079,5,7,127,1.57174121000003,"2"
2079,5,8,128,1.83114455000003,"2"
2079,5,9,129,1.40389199000003,"2"
2079,5,10,130,1.44966905000001,"2"
2079,5,11,131,1.96847573000002,"2"
2079,5,12,132,3.49437773,"2"
2079,5,13,133,0.93086237,"2"
2079,5,14,134,2.63987261,"2"
2079,5,15,135,3.20445635000004,"2"
2079,5,16,136,3.40282361000004,"2"
2079,5,17,137,3.86059421000004,"2"
2079,5,18,138,2.42624633000003,"2"
2079,5,19,139,1.03767551000004,"2"
2079,5,20,140,0.839308250000045,"2"
2079,5,21,141,2.50254143000001,"2"
2079,5,22,142,3.67748597000002,"2"
2079,5,23,143,2.48728241000003,"2"
2079,5,24,144,1.34285591000003,"2"
2079,5,25,145,1.96847573000002,"2"
2079,5,26,146,3.46385968999999,"2"
2079,5,27,147,4.18103363,"2"
2079,5,28,148,3.09764321,"2"
2079,5,29,149,2.07528887000001,"2"
2079,5,30,150,2.42624633000003,"2"
2079,5,31,151,2.18210200999999,"2"
2080,5,1,122,2.76194477000001,"2"
2080,5,2,123,2.39572829000002,"2"
2080,5,3,124,2.10580691000001,"2"
2080,5,4,125,2.97557105000004,"2"
2080,5,5,126,1.72433141000005,"2"
2080,5,6,127,0.885085310000022,"2"
2080,5,7,128,2.12106593000004,"2"
2080,5,8,129,0.961380410000004,"2"
2080,5,9,130,2.25839711000003,"2"
2080,5,10,131,3.35704655000001,"2"
2080,5,11,132,1.17500669000003,"2"
2080,5,12,133,2.82298085000002,"2"
2080,5,13,134,1.35811493,"2"
2080,5,14,135,1.93795769000002,"2"
2080,5,15,136,3.76904009000003,"2"
2080,5,16,137,2.04477083,"2"
2080,5,17,138,1.66329533000004,"2"
2080,5,18,139,2.41098731,"2"
2080,5,19,140,1.57174121000003,"2"
2080,5,20,141,1.55648219,"2"
2080,5,21,142,1.98373475,"2"
2080,5,22,143,3.50963675000003,"2"
2080,5,23,144,2.16684299000002,"2"
2080,5,24,145,3.23497439000005,"2"
2080,5,25,146,1.49544611000005,"2"
2080,5,26,147,1.69381337000004,"2"
2080,5,27,148,3.79955813000004,"2"
2080,5,28,149,1.52596414999999,"2"
2080,5,29,150,1.78536749,"2"
2080,5,30,151,3.02134811000002,"2"
2080,5,31,152,3.17393831000004,"2"
2081,5,1,121,2.53305947000001,"2"
2081,5,2,122,2.19736103000002,"2"
2081,5,3,123,4.16577461000003,"2"
2081,5,4,124,1.75484944999999,"2"
2081,5,5,125,1.49544611000005,"2"
2081,5,6,126,3.29601047,"2"
2081,5,7,127,3.90637127000002,"2"
2081,5,8,128,3.28075145000003,"2"
2081,5,9,129,3.95214833,"2"
2081,5,10,130,4.73035835000002,"2"
2081,5,11,131,2.18210200999999,"2"
2081,5,12,132,2.50254143000001,"2"
2081,5,13,133,1.86166259000004,"2"
2081,5,14,134,1.26656081000004,"2"
2081,5,15,135,2.18210200999999,"2"
2081,5,16,136,4.34888285,"2"
2081,5,17,137,3.90637127000002,"2"
2081,5,18,138,3.57067283000003,"2"
2081,5,19,139,2.34995123000004,"2"
2081,5,20,140,2.50254143000001,"2"
2081,5,21,141,4.33362383000002,"2"
2081,5,22,142,1.55648219,"2"
2081,5,23,143,2.06002985000003,"2"
2081,5,24,144,2.85349889000003,"2"
2081,5,25,145,3.92163029,"2"
2081,5,26,146,1.77010847000003,"2"
2081,5,27,147,1.80062651000003,"2"
2081,5,28,148,2.62461359000002,"2"
2081,5,29,149,2.38046926999999,"2"
2081,5,30,150,1.44966905000001,"2"
2081,5,31,151,1.20552473000004,"2"
2082,5,1,121,3.15867929000001,"2"
2082,5,2,122,1.78536749,"2"
2082,5,3,123,2.77720379000004,"2"
2082,5,4,124,4.18103363,"2"
2082,5,5,125,1.92269867000005,"2"
2082,5,6,126,2.34995123000004,"2"
2082,5,7,127,4.42517795000003,"2"
2082,5,8,128,2.53305947000001,"2"
2082,5,9,129,2.25839711000003,"2"
2082,5,10,130,3.84533519000001,"2"
2082,5,11,131,1.86166259000004,"2"
2082,5,12,132,1.41915101000001,"2"
2082,5,13,133,2.22787907000003,"2"
2082,5,14,134,2.04477083,"2"
2082,5,15,135,4.89820757000001,"2"
2082,5,16,136,3.14342027000004,"2"
2082,5,17,137,1.51070513000002,"2"
2082,5,18,138,2.57883653000005,"2"
2082,5,19,139,2.42624633000003,"2"
2082,5,20,140,2.59409555000002,"2"
2082,5,21,141,1.77010847000003,"2"
2082,5,22,142,1.44966905000001,"2"
2082,5,23,143,1.29707884999999,"2"
2082,5,24,144,1.61751827,"2"
2082,5,25,145,4.21155167000001,"2"
2082,5,26,146,1.11397061000002,"2"
2082,5,27,147,1.35811493,"2"
2082,5,28,148,1.49544611000005,"2"
2082,5,29,149,2.56357751000002,"2"
2082,5,30,150,3.70800401000002,"2"
2082,5,31,151,2.65513163000003,"2"
2083,5,1,121,2.62461359000002,"2"
2083,5,2,122,4.10473853000002,"2"
2083,5,3,123,1.23604277000004,"2"
2083,5,4,124,1.78536749,"2"
2083,5,5,125,0.778272170000037,"2"
2083,5,6,126,3.02134811000002,"2"
2083,5,7,127,2.79246281000002,"2"
2083,5,8,128,2.33469221000001,"2"
2083,5,9,129,1.29707884999999,"2"
2083,5,10,130,2.51780045000004,"2"
2083,5,11,131,4.68458129000004,"2"
2083,5,12,132,2.57883653000005,"2"
2083,5,13,133,2.09054789000004,"2"
2083,5,14,134,3.83007617000004,"2"
2083,5,15,135,2.13632495000002,"2"
2083,5,16,136,3.31126949000003,"2"
2083,5,17,137,2.01425279,"2"
2083,5,18,138,1.64803631000001,"2"
2083,5,19,139,1.28181983000002,"2"
2083,5,20,140,2.33469221000001,"2"
2083,5,21,141,2.97557105000004,"2"
2083,5,22,142,2.01425279,"2"
2083,5,23,143,2.39572829000002,"2"
2083,5,24,144,2.99083007000002,"2"
2083,5,25,145,3.57067283000003,"2"
2083,5,26,146,4.28784677000004,"2"
2083,5,27,147,1.78536749,"2"
2083,5,28,148,3.12816125,"2"
2083,5,29,149,0.488350790000027,"2"
2083,5,30,150,3.18919733000001,"2"
2083,5,31,151,4.34888285,"2"
2084,5,1,122,3.55541381,"2"
2084,5,2,123,1.34285591000003,"2"
2084,5,3,124,1.64803631000001,"2"
2084,5,4,125,1.22078375000001,"2"
2084,5,5,126,3.55541381,"2"
2084,5,6,127,3.18919733000001,"2"
2084,5,7,128,1.87692161000001,"2"
2084,5,8,129,1.69381337000004,"2"
2084,5,9,130,3.44860067000002,"2"
2084,5,10,131,3.20445635000004,"2"
2084,5,11,132,3.06712517,"2"
2084,5,12,133,3.50963675000003,"2"
2084,5,13,134,1.83114455000003,"2"
2084,5,14,135,2.19736103000002,"2"
2084,5,15,136,2.74668575000004,"2"
2084,5,16,137,2.92979399000001,"2"
2084,5,17,138,1.60225925000003,"2"
2084,5,18,139,1.60225925000003,"2"
2084,5,19,140,5.60012249000005,"2"
2084,5,20,141,3.69274498999999,"2"
2084,5,21,142,1.12922963,"2"
2084,5,22,143,2.67039065,"2"
2084,5,23,144,4.62354521000003,"2"
2084,5,24,145,5.75271269000001,"2"
2084,5,25,146,1.90743965000001,"2"
2084,5,26,147,1.41915101000001,"2"
2084,5,27,148,2.44150535,"2"
2084,5,28,149,4.01318441000001,"2"
2084,5,29,150,1.37337395000003,"2"
2084,5,30,151,1.72433141000005,"2"
2084,5,31,152,3.41808263000001,"2"
2085,5,1,121,2.97557105000004,"2"
2085,5,2,122,1.99899377000003,"2"
2085,5,3,123,2.21262005,"2"
2085,5,4,124,1.92269867000005,"2"
2085,5,5,125,2.89927595,"2"
2085,5,6,126,3.40282361000004,"2"
2085,5,7,127,4.15051559,"2"
2085,5,8,128,0.640940990000047,"2"
2085,5,9,129,3.11290223000003,"2"
2085,5,10,130,1.86166259000004,"2"
2085,5,11,131,1.28181983000002,"2"
2085,5,12,132,1.80062651000003,"2"
2085,5,13,133,1.34285591000003,"2"
2085,5,14,134,1.46492807000004,"2"
2085,5,15,135,2.94505301000004,"2"
2085,5,16,136,2.10580691000001,"2"
2085,5,17,137,2.13632495000002,"2"
2085,5,18,138,5.84426681000002,"2"
2085,5,19,139,3.15867929000001,"2"
2085,5,20,140,1.86166259000004,"2"
2085,5,21,141,1.60225925000003,"2"
2085,5,22,142,1.98373475,"2"
2085,5,23,143,3.02134811000002,"2"
2085,5,24,144,5.37123719000004,"2"
2085,5,25,145,3.40282361000004,"2"
2085,5,26,146,3.64696793000002,"2"
2085,5,27,147,0.412055690000045,"2"
2085,5,28,148,1.11397061000002,"2"
2085,5,29,149,2.79246281000002,"2"
2085,5,30,150,3.03660712999999,"2"
2085,5,31,151,2.71616771000004,"2"
2086,5,1,121,2.79246281000002,"2"
2086,5,2,122,1.72433141000005,"2"
2086,5,3,123,2.48728241000003,"2"
2086,5,4,124,2.74668575000004,"2"
2086,5,5,125,1.61751827,"2"
2086,5,6,126,2.34995123000004,"2"
2086,5,7,127,1.17500669000003,"2"
2086,5,8,128,1.92269867000005,"2"
2086,5,9,129,3.44860067000002,"2"
2086,5,10,130,3.31126949000003,"2"
2086,5,11,131,1.64803631000001,"2"
2086,5,12,132,1.78536749,"2"
2086,5,13,133,2.06002985000003,"2"
2086,5,14,134,1.29707884999999,"2"
2086,5,15,135,2.80772182999999,"2"
2086,5,16,136,2.39572829000002,"2"
2086,5,17,137,3.66222695000005,"2"
2086,5,18,138,2.73142673000001,"2"
2086,5,19,139,2.44150535,"2"
2086,5,20,140,1.60225925000003,"2"
2086,5,21,141,2.94505301000004,"2"
2086,5,22,142,1.17500669000003,"2"
2086,5,23,143,2.19736103000002,"2"
2086,5,24,144,2.33469221000001,"2"
2086,5,25,145,2.91453497000003,"2"
2086,5,26,146,1.19026571000001,"2"
2086,5,27,147,2.59409555000002,"2"
2086,5,28,148,2.56357751000002,"2"
2086,5,29,149,3.99792539000003,"2"
2086,5,30,150,1.86166259000004,"2"
2086,5,31,151,1.67855435000001,"2"
2087,5,1,121,2.83823987,"2"
2087,5,2,122,2.60935456999999,"2"
2087,5,3,123,1.37337395000003,"2"
2087,5,4,124,2.48728241000003,"2"
2087,5,5,125,1.64803631000001,"2"
2087,5,6,126,3.25023341000002,"2"
2087,5,7,127,3.98266637,"2"
2087,5,8,128,3.14342027000004,"2"
2087,5,9,129,2.65513163000003,"2"
2087,5,10,130,2.67039065,"2"
2087,5,11,131,5.34071915000004,"2"
2087,5,12,132,2.45676437000003,"2"
2087,5,13,133,4.15051559,"2"
2087,5,14,134,3.43334165000005,"2"
2087,5,15,135,1.51070513000002,"2"
2087,5,16,136,1.90743965000001,"2"
2087,5,17,137,2.13632495000002,"2"
2087,5,18,138,1.34285591000003,"2"
2087,5,19,139,3.26549243,"2"
2087,5,20,140,3.64696793000002,"2"
2087,5,21,141,2.19736103000002,"2"
2087,5,22,142,2.09054789000004,"2"
2087,5,23,143,2.88401693000003,"2"
2087,5,24,144,3.38756459000001,"2"
2087,5,25,145,4.01318441000001,"2"
2087,5,26,146,3.32652851,"2"
2087,5,27,147,2.67039065,"2"
2087,5,28,148,3.23497439000005,"2"
2087,5,29,149,2.54831849000004,"2"
2087,5,30,150,2.07528887000001,"2"
2087,5,31,151,1.02241649000001,"2"
2088,5,1,122,2.71616771000004,"2"
2088,5,2,123,2.45676437000003,"2"
2088,5,3,124,1.69381337000004,"2"
2088,5,4,125,4.88294855000004,"2"
2088,5,5,126,2.34995123000004,"2"
2088,5,6,127,2.76194477000001,"2"
2088,5,7,128,3.34178753000003,"2"
2088,5,8,129,3.32652851,"2"
2088,5,9,130,2.68564967000003,"2"
2088,5,10,131,2.97557105000004,"2"
2088,5,11,132,2.67039065,"2"
2088,5,12,133,4.22681069000004,"2"
2088,5,13,134,3.25023341000002,"2"
2088,5,14,135,2.06002985000003,"2"
2088,5,15,136,2.09054789000004,"2"
2088,5,16,137,2.80772182999999,"2"
2088,5,17,138,0.869826289999992,"2"
2088,5,18,139,1.75484944999999,"2"
2088,5,19,140,2.59409555000002,"2"
2088,5,20,141,3.35704655000001,"2"
2088,5,21,142,2.01425279,"2"
2088,5,22,143,4.18103363,"2"
2088,5,23,144,1.40389199000003,"2"
2088,5,24,145,2.45676437000003,"2"
2088,5,25,146,3.14342027000004,"2"
2088,5,26,147,1.41915101000001,"2"
2088,5,27,148,2.53305947000001,"2"
2088,5,28,149,2.27365613000001,"2"
2088,5,29,150,1.31233787000002,"2"
2088,5,30,151,2.41098731,"2"
2088,5,31,152,1.14448865000003,"2"
2089,5,1,121,1.92269867000005,"2"
2089,5,2,122,1.17500669000003,"2"
2089,5,3,123,2.12106593000004,"2"
2089,5,4,124,2.51780045000004,"2"
2089,5,5,125,2.04477083,"2"
2089,5,6,126,2.67039065,"2"
2089,5,7,127,4.44043697000001,"2"
2089,5,8,128,2.24313809,"2"
2089,5,9,129,3.25023341000002,"2"
2089,5,10,130,4.28784677000004,"2"
2089,5,11,131,1.90743965000001,"2"
2089,5,12,132,1.52596414999999,"2"
2089,5,13,133,2.07528887000001,"2"
2089,5,14,134,2.88401693000003,"2"
2089,5,15,135,4.10473853000002,"2"
2089,5,16,136,3.57067283000003,"2"
2089,5,17,137,2.63987261,"2"
2089,5,18,138,1.61751827,"2"
2089,5,19,139,1.95321670999999,"2"
2089,5,20,140,2.19736103000002,"2"
2089,5,21,141,1.84640357000001,"2"
2089,5,22,142,1.83114455000003,"2"
2089,5,23,143,1.43441003000004,"2"
2089,5,24,144,1.87692161000001,"2"
2089,5,25,145,2.31943319000004,"2"
2089,5,26,146,1.17500669000003,"2"
2089,5,27,147,3.95214833,"2"
2089,5,28,148,2.18210200999999,"2"
2089,5,29,149,2.25839711000003,"2"
2089,5,30,150,2.71616771000004,"2"
2089,5,31,151,2.71616771000004,"2"
2090,5,1,121,2.16684299000002,"2"
2090,5,2,122,2.56357751000002,"2"
2090,5,3,123,3.03660712999999,"2"
2090,5,4,124,2.76194477000001,"2"
2090,5,5,125,4.11999754999999,"2"
2090,5,6,126,1.37337395000003,"2"
2090,5,7,127,4.05896147000004,"2"
2090,5,8,128,2.74668575000004,"2"
2090,5,9,129,2.31943319000004,"2"
2090,5,10,130,2.56357751000002,"2"
2090,5,11,131,3.20445635000004,"2"
2090,5,12,132,2.88401693000003,"2"
2090,5,13,133,1.44966905000001,"2"
2090,5,14,134,2.24313809,"2"
2090,5,15,135,3.31126949000003,"2"
2090,5,16,136,3.02134811000002,"2"
2090,5,17,137,2.76194477000001,"2"
2090,5,18,138,3.23497439000005,"2"
2090,5,19,139,3.14342027000004,"2"
2090,5,20,140,1.41915101000001,"2"
2090,5,21,141,1.20552473000004,"2"
2090,5,22,142,1.70907239000002,"2"
2090,5,23,143,2.01425279,"2"
2090,5,24,144,1.63277729000004,"2"
2090,5,25,145,2.07528887000001,"2"
2090,5,26,146,1.73959043000002,"2"
2090,5,27,147,0.686718050000025,"2"
2090,5,28,148,1.58700023,"2"
2090,5,29,149,4.25732873000004,"2"
2090,5,30,150,2.36521025000002,"2"
2090,5,31,151,1.92269867000005,"2"
2091,5,1,121,3.89111224999999,"2"
2091,5,2,122,1.90743965000001,"2"
2091,5,3,123,3.18919733000001,"2"
2091,5,4,124,2.94505301000004,"2"
2091,5,5,125,2.36521025000002,"2"
2091,5,6,126,2.28891515000004,"2"
2091,5,7,127,1.51070513000002,"2"
2091,5,8,128,1.60225925000003,"2"
2091,5,9,129,1.81588553,"2"
2091,5,10,130,2.42624633000003,"2"
2091,5,11,131,2.15158397000005,"2"
2091,5,12,132,3.25023341000002,"2"
2091,5,13,133,1.93795769000002,"2"
2091,5,14,134,2.63987261,"2"
2091,5,15,135,3.18919733000001,"2"
2091,5,16,136,3.15867929000001,"2"
2091,5,17,137,3.14342027000004,"2"
2091,5,18,138,3.87585323000002,"2"
2091,5,19,139,4.13525657000002,"2"
2091,5,20,140,3.25023341000002,"2"
2091,5,21,141,2.10580691000001,"2"
2091,5,22,142,2.68564967000003,"2"
2091,5,23,143,3.34178753000003,"2"
2091,5,24,144,4.30310579000002,"2"
2091,5,25,145,3.93688931000003,"2"
2091,5,26,146,3.84533519000001,"2"
2091,5,27,147,2.59409555000002,"2"
2091,5,28,148,2.13632495000002,"2"
2091,5,29,149,1.12922963,"2"
2091,5,30,150,1.78536749,"2"
2091,5,31,151,3.55541381,"2"
2092,5,1,122,3.08238419000003,"2"
2092,5,2,123,2.39572829000002,"2"
2092,5,3,124,3.98266637,"2"
2092,5,4,125,1.37337395000003,"2"
2092,5,5,126,1.89218063000004,"2"
2092,5,6,127,1.08345257000002,"2"
2092,5,7,128,1.70907239000002,"2"
2092,5,8,129,2.24313809,"2"
2092,5,9,130,1.93795769000002,"2"
2092,5,10,131,3.32652851,"2"
2092,5,11,132,3.40282361000004,"2"
2092,5,12,133,2.60935456999999,"2"
2092,5,13,134,2.54831849000004,"2"
2092,5,14,135,3.75378107,"2"
2092,5,15,136,2.42624633000003,"2"
2092,5,16,137,2.07528887000001,"2"
2092,5,17,138,0.869826289999992,"2"
2092,5,18,139,2.01425279,"2"
2092,5,19,140,0.640940990000047,"2"
2092,5,20,141,2.88401693000003,"2"
2092,5,21,142,2.02951181000003,"2"
2092,5,22,143,1.81588553,"2"
2092,5,23,144,3.05186615000002,"2"
2092,5,24,145,3.60119087000004,"2"
2092,5,25,146,2.54831849000004,"2"
2092,5,26,147,2.31943319000004,"2"
2092,5,27,148,3.09764321,"2"
2092,5,28,149,1.96847573000002,"2"
2092,5,29,150,1.98373475,"2"
2092,5,30,151,1.78536749,"2"
2092,5,31,152,2.74668575000004,"2"
2093,5,1,121,2.18210200999999,"2"
2093,5,2,122,2.36521025000002,"2"
2093,5,3,123,1.34285591000003,"2"
2093,5,4,124,1.43441003000004,"2"
2093,5,5,125,1.78536749,"2"
2093,5,6,126,3.61644989000001,"2"
2093,5,7,127,3.81481715000001,"2"
2093,5,8,128,4.24206971000001,"2"
2093,5,9,129,2.92979399000001,"2"
2093,5,10,130,2.41098731,"2"
2093,5,11,131,3.06712517,"2"
2093,5,12,132,2.97557105000004,"2"
2093,5,13,133,3.76904009000003,"2"
2093,5,14,134,3.08238419000003,"2"
2093,5,15,135,3.99792539000003,"2"
2093,5,16,136,4.08947951000005,"2"
2093,5,17,137,3.87585323000002,"2"
2093,5,18,138,4.94398463000005,"2"
2093,5,19,139,4.30310579000002,"2"
2093,5,20,140,1.17500669000003,"2"
2093,5,21,141,2.16684299000002,"2"
2093,5,22,142,1.61751827,"2"
2093,5,23,143,2.59409555000002,"2"
2093,5,24,144,3.46385968999999,"2"
2093,5,25,145,3.11290223000003,"2"
2093,5,26,146,2.88401693000003,"2"
2093,5,27,147,2.60935456999999,"2"
2093,5,28,148,3.37230557000004,"2"
2093,5,29,149,4.36414187000003,"2"
2093,5,30,150,3.58593185000001,"2"
2093,5,31,151,2.04477083,"2"
2094,5,1,121,2.18210200999999,"2"
2094,5,2,122,1.67855435000001,"2"
2094,5,3,123,2.76194477000001,"2"
2094,5,4,124,2.09054789000004,"2"
2094,5,5,125,3.09764321,"2"
2094,5,6,126,1.69381337000004,"2"
2094,5,7,127,3.50963675000003,"2"
2094,5,8,128,4.97450266999999,"2"
2094,5,9,129,2.50254143000001,"2"
2094,5,10,130,2.30417417000001,"2"
2094,5,11,131,2.97557105000004,"2"
2094,5,12,132,4.77613541,"2"
2094,5,13,133,2.86875791,"2"
2094,5,14,134,2.63987261,"2"
2094,5,15,135,2.16684299000002,"2"
2094,5,16,136,2.54831849000004,"2"
2094,5,17,137,2.33469221000001,"2"
2094,5,18,138,2.80772182999999,"2"
2094,5,19,139,1.67855435000001,"2"
2094,5,20,140,4.27258775000001,"2"
2094,5,21,141,3.47911871000002,"2"
2094,5,22,142,2.47202339,"2"
2094,5,23,143,0.671459029999994,"2"
2094,5,24,144,1.57174121000003,"2"
2094,5,25,145,3.75378107,"2"
2094,5,26,146,2.97557105000004,"2"
2094,5,27,147,2.71616771000004,"2"
2094,5,28,148,3.55541381,"2"
2094,5,29,149,3.46385968999999,"2"
2094,5,30,150,4.69984031000001,"2"
2094,5,31,151,3.76904009000003,"2"
2095,5,1,121,3.50963675000003,"2"
2095,5,2,122,2.22787907000003,"2"
2095,5,3,123,2.51780045000004,"2"
2095,5,4,124,4.89820757000001,"2"
2095,5,5,125,2.45676437000003,"2"
2095,5,6,126,1.22078375000001,"2"
2095,5,7,127,3.15867929000001,"2"
2095,5,8,128,0.976639430000034,"2"
2095,5,9,129,1.95321670999999,"2"
2095,5,10,130,2.24313809,"2"
2095,5,11,131,1.46492807000004,"2"
2095,5,12,132,1.06819355000005,"2"
2095,5,13,133,2.25839711000003,"2"
2095,5,14,134,3.14342027000004,"2"
2095,5,15,135,3.75378107,"2"
2095,5,16,136,2.97557105000004,"2"
2095,5,17,137,2.89927595,"2"
2095,5,18,138,2.38046926999999,"2"
2095,5,19,139,1.99899377000003,"2"
2095,5,20,140,2.57883653000005,"2"
2095,5,21,141,4.56250913000002,"2"
2095,5,22,142,3.11290223000003,"2"
2095,5,23,143,1.98373475,"2"
2095,5,24,144,2.45676437000003,"2"
2095,5,25,145,1.17500669000003,"2"
2095,5,26,146,1.81588553,"2"
2095,5,27,147,4.39465991000003,"2"
2095,5,28,148,2.15158397000005,"2"
2095,5,29,149,3.06712517,"2"
2095,5,30,150,3.44860067000002,"2"
2095,5,31,151,2.04477083,"2"
2096,5,1,122,2.73142673000001,"2"
2096,5,2,123,4.91346659000004,"2"
2096,5,3,124,3.23497439000005,"2"
2096,5,4,125,3.46385968999999,"2"
2096,5,5,126,2.67039065,"2"
2096,5,6,127,2.73142673000001,"2"
2096,5,7,128,2.28891515000004,"2"
2096,5,8,129,2.97557105000004,"2"
2096,5,9,130,2.12106593000004,"2"
2096,5,10,131,2.54831849000004,"2"
2096,5,11,132,3.55541381,"2"
2096,5,12,133,3.44860067000002,"2"
2096,5,13,134,6.16470623000004,"2"
2096,5,14,135,4.85243051000003,"2"
2096,5,15,136,1.29707884999999,"2"
2096,5,16,137,1.49544611000005,"2"
2096,5,17,138,2.24313809,"2"
2096,5,18,139,2.57883653000005,"2"
2096,5,19,140,2.44150535,"2"
2096,5,20,141,2.02951181000003,"2"
2096,5,21,142,1.61751827,"2"
2096,5,22,143,2.24313809,"2"
2096,5,23,144,1.86166259000004,"2"
2096,5,24,145,3.32652851,"2"
2096,5,25,146,2.09054789000004,"2"
2096,5,26,147,3.89111224999999,"2"
2096,5,27,148,2.01425279,"2"
2096,5,28,149,4.48621403000004,"2"
2096,5,29,150,2.13632495000002,"2"
2096,5,30,151,2.16684299000002,"2"
2096,5,31,152,3.28075145000003,"2"
2097,5,1,121,2.24313809,"2"
2097,5,2,122,2.16684299000002,"2"
2097,5,3,123,3.21971537000002,"2"
2097,5,4,124,2.12106593000004,"2"
2097,5,5,125,3.03660712999999,"2"
2097,5,6,126,3.73852205000003,"2"
2097,5,7,127,3.28075145000003,"2"
2097,5,8,128,4.16577461000003,"2"
2097,5,9,129,3.17393831000004,"2"
2097,5,10,130,1.43441003000004,"2"
2097,5,11,131,1.96847573000002,"2"
2097,5,12,132,1.58700023,"2"
2097,5,13,133,0.900344329999996,"2"
2097,5,14,134,2.45676437000003,"2"
2097,5,15,135,1.98373475,"2"
2097,5,16,136,2.21262005,"2"
2097,5,17,137,1.41915101000001,"2"
2097,5,18,138,2.88401693000003,"2"
2097,5,19,139,1.92269867000005,"2"
2097,5,20,140,1.72433141000005,"2"
2097,5,21,141,1.40389199000003,"2"
2097,5,22,142,2.57883653000005,"2"
2097,5,23,143,3.26549243,"2"
2097,5,24,144,3.41808263000001,"2"
2097,5,25,145,1.49544611000005,"2"
2097,5,26,146,2.99083007000002,"2"
2097,5,27,147,1.20552473000004,"2"
2097,5,28,148,0.885085310000022,"2"
2097,5,29,149,5.72219465000001,"2"
2097,5,30,150,2.63987261,"2"
2097,5,31,151,1.37337395000003,"2"
2098,5,1,121,5.05079777000003,"2"
2098,5,2,122,1.61751827,"2"
2098,5,3,123,1.75484944999999,"2"
2098,5,4,124,1.70907239000002,"2"
2098,5,5,125,3.63170891000004,"2"
2098,5,6,126,3.72326303,"2"
2098,5,7,127,1.86166259000004,"2"
2098,5,8,128,3.52489577,"2"
2098,5,9,129,4.44043697000001,"2"
2098,5,10,130,2.70090869000001,"2"
2098,5,11,131,3.20445635000004,"2"
2098,5,12,132,2.25839711000003,"2"
2098,5,13,133,2.36521025000002,"2"
2098,5,14,134,2.21262005,"2"
2098,5,15,135,1.46492807000004,"2"
2098,5,16,136,2.21262005,"2"
2098,5,17,137,3.54015479000003,"2"
2098,5,18,138,3.90637127000002,"2"
2098,5,19,139,1.93795769000002,"2"
2098,5,20,140,1.25130179000001,"2"
2098,5,21,141,2.60935456999999,"2"
2098,5,22,142,3.55541381,"2"
2098,5,23,143,3.89111224999999,"2"
2098,5,24,144,6.22574231000004,"2"
2098,5,25,145,3.90637127000002,"2"
2098,5,26,146,2.38046926999999,"2"
2098,5,27,147,1.98373475,"2"
2098,5,28,148,2.31943319000004,"2"
2098,5,29,149,2.51780045000004,"2"
2098,5,30,150,0.808790210000041,"2"
2098,5,31,151,2.01425279,"2"
2099,5,1,121,1.81588553,"2"
2099,5,2,122,1.37337395000003,"2"
2099,5,3,123,3.76904009000003,"2"
2099,5,4,124,2.74668575000004,"2"
2099,5,5,125,1.95321670999999,"2"
2099,5,6,126,3.05186615000002,"2"
2099,5,7,127,1.64803631000001,"2"
2099,5,8,128,2.63987261,"2"
2099,5,9,129,1.55648219,"2"
2099,5,10,130,2.28891515000004,"2"
2099,5,11,131,1.64803631000001,"2"
2099,5,12,132,4.33362383000002,"2"
2099,5,13,133,2.44150535,"2"
2099,5,14,134,2.59409555000002,"2"
2099,5,15,135,3.83007617000004,"2"
2099,5,16,136,3.84533519000001,"2"
2099,5,17,137,1.70907239000002,"2"
2099,5,18,138,1.69381337000004,"2"
2099,5,19,139,0.839308250000045,"2"
2099,5,20,140,2.22787907000003,"2"
2099,5,21,141,2.54831849000004,"2"
2099,5,22,142,1.48018709000002,"2"
2099,5,23,143,1.89218063000004,"2"
2099,5,24,144,1.86166259000004,"2"
2099,5,25,145,2.62461359000002,"2"
2099,5,26,146,2.50254143000001,"2"
2099,5,27,147,3.78429911000001,"2"
2099,5,28,148,3.31126949000003,"2"
2099,5,29,149,2.02951181000003,"2"
2099,5,30,150,2.15158397000005,"2"
2099,5,31,151,1.48018709000002,"2"
2100,5,1,121,2.50254143000001,"2"
2100,5,2,122,2.85349889000003,"2"
2100,5,3,123,2.70090869000001,"2"
2100,5,4,124,1.20552473000004,"2"
2100,5,5,125,2.96031203000001,"2"
2100,5,6,126,2.53305947000001,"2"
2100,5,7,127,2.47202339,"2"
2100,5,8,128,2.07528887000001,"2"
2100,5,9,129,2.50254143000001,"2"
2100,5,10,130,3.57067283000003,"2"
2100,5,11,131,1.99899377000003,"2"
2100,5,12,132,2.28891515000004,"2"
2100,5,13,133,1.89218063000004,"2"
2100,5,14,134,1.34285591000003,"2"
2100,5,15,135,0.747754130000033,"2"
2100,5,16,136,1.03767551000004,"2"
2100,5,17,137,0.625681970000016,"2"
2100,5,18,138,2.91453497000003,"2"
2100,5,19,139,3.18919733000001,"2"
2100,5,20,140,1.81588553,"2"
2100,5,21,141,2.85349889000003,"2"
2100,5,22,142,3.37230557000004,"2"
2100,5,23,143,1.84640357000001,"2"
2100,5,24,144,1.70907239000002,"2"
2100,5,25,145,2.01425279,"2"
2100,5,26,146,2.45676437000003,"2"
2100,5,27,147,2.68564967000003,"2"
2100,5,28,148,2.50254143000001,"2"
2100,5,29,149,2.01425279,"2"
2100,5,30,150,3.83007617000004,"2"
2100,5,31,151,3.23497439000005,"2"
2025,3,1,60,1.99899377000003,"3"
2025,3,2,61,2.04477083,"3"
2025,3,3,62,1.28181983000002,"3"
2025,3,4,63,2.44150535,"3"
2025,3,5,64,2.70090869000001,"3"
2025,3,6,65,2.30417417000001,"3"
2025,3,7,66,1.78536749,"3"
2025,3,8,67,3.69274498999999,"3"
2025,3,9,68,2.85349889000003,"3"
2025,3,10,69,1.72433141000005,"3"
2025,3,11,70,3.47911871000002,"3"
2025,3,12,71,1.63277729000004,"3"
2025,3,13,72,1.15974767,"3"
2025,3,14,73,1.14448865000003,"3"
2025,3,15,74,3.81481715000001,"3"
2025,3,16,75,2.80772182999999,"3"
2025,3,17,76,1.64803631000001,"3"
2025,3,18,77,1.55648219,"3"
2025,3,19,78,2.59409555000002,"3"
2025,3,20,79,5.32546013000001,"3"
2025,3,21,80,3.29601047,"3"
2025,3,22,81,0.94612139000003,"3"
2025,3,23,82,3.92163029,"3"
2025,3,24,83,2.48728241000003,"3"
2025,3,25,84,2.59409555000002,"3"
2025,3,26,85,4.77613541,"3"
2025,3,27,86,3.26549243,"3"
2025,3,28,87,2.16684299000002,"3"
2025,3,29,88,1.95321670999999,"3"
2025,3,30,89,2.96031203000001,"3"
2025,3,31,90,2.99083007000002,"3"
2026,3,1,60,0.94612139000003,"3"
2026,3,2,61,2.63987261,"3"
2026,3,3,62,2.83823987,"3"
2026,3,4,63,1.96847573000002,"3"
2026,3,5,64,1.40389199000003,"3"
2026,3,6,65,1.05293453000002,"3"
2026,3,7,66,2.82298085000002,"3"
2026,3,8,67,1.86166259000004,"3"
2026,3,9,68,3.83007617000004,"3"
2026,3,10,69,2.34995123000004,"3"
2026,3,11,70,2.42624633000003,"3"
2026,3,12,71,1.63277729000004,"3"
2026,3,13,72,2.65513163000003,"3"
2026,3,14,73,3.70800401000002,"3"
2026,3,15,74,2.99083007000002,"3"
2026,3,16,75,1.84640357000001,"3"
2026,3,17,76,1.28181983000002,"3"
2026,3,18,77,2.97557105000004,"3"
2026,3,19,78,2.25839711000003,"3"
2026,3,20,79,2.76194477000001,"3"
2026,3,21,80,2.24313809,"3"
2026,3,22,81,3.31126949000003,"3"
2026,3,23,82,1.57174121000003,"3"
2026,3,24,83,5.17286993000005,"3"
2026,3,25,84,2.56357751000002,"3"
2026,3,26,85,2.99083007000002,"3"
2026,3,27,86,2.33469221000001,"3"
2026,3,28,87,3.29601047,"3"
2026,3,29,88,2.79246281000002,"3"
2026,3,30,89,3.34178753000003,"3"
2026,3,31,90,0.991898450000008,"3"
2027,3,1,60,2.19736103000002,"3"
2027,3,2,61,1.81588553,"3"
2027,3,3,62,2.16684299000002,"3"
2027,3,4,63,0.625681970000016,"3"
2027,3,5,64,1.28181983000002,"3"
2027,3,6,65,1.54122317000002,"3"
2027,3,7,66,1.41915101000001,"3"
2027,3,8,67,2.85349889000003,"3"
2027,3,9,68,1.48018709000002,"3"
2027,3,10,69,1.23604277000004,"3"
2027,3,11,70,1.29707884999999,"3"
2027,3,12,71,2.50254143000001,"3"
2027,3,13,72,1.81588553,"3"
2027,3,14,73,2.48728241000003,"3"
2027,3,15,74,2.56357751000002,"3"
2027,3,16,75,2.63987261,"3"
2027,3,17,76,2.27365613000001,"3"
2027,3,18,77,3.34178753000003,"3"
2027,3,19,78,3.55541381,"3"
2027,3,20,79,1.72433141000005,"3"
2027,3,21,80,1.96847573000002,"3"
2027,3,22,81,1.00715747000004,"3"
2027,3,23,82,1.80062651000003,"3"
2027,3,24,83,1.96847573000002,"3"
2027,3,25,84,1.90743965000001,"3"
2027,3,26,85,1.67855435000001,"3"
2027,3,27,86,2.73142673000001,"3"
2027,3,28,87,2.25839711000003,"3"
2027,3,29,88,3.25023341000002,"3"
2027,3,30,89,3.58593185000001,"3"
2027,3,31,90,1.37337395000003,"3"
2028,3,1,61,1.69381337000004,"3"
2028,3,2,62,1.28181983000002,"3"
2028,3,3,63,2.48728241000003,"3"
2028,3,4,64,0.976639430000034,"3"
2028,3,5,65,1.08345257000002,"3"
2028,3,6,66,2.06002985000003,"3"
2028,3,7,67,3.46385968999999,"3"
2028,3,8,68,1.43441003000004,"3"
2028,3,9,69,1.83114455000003,"3"
2028,3,10,70,1.54122317000002,"3"
2028,3,11,71,2.16684299000002,"3"
2028,3,12,72,1.58700023,"3"
2028,3,13,73,4.77613541,"3"
2028,3,14,74,2.53305947000001,"3"
2028,3,15,75,3.34178753000003,"3"
2028,3,16,76,2.38046926999999,"3"
2028,3,17,77,3.49437773,"3"
2028,3,18,78,1.63277729000004,"3"
2028,3,19,79,1.12922963,"3"
2028,3,20,80,2.04477083,"3"
2028,3,21,81,1.92269867000005,"3"
2028,3,22,82,2.13632495000002,"3"
2028,3,23,83,2.82298085000002,"3"
2028,3,24,84,2.21262005,"3"
2028,3,25,85,1.61751827,"3"
2028,3,26,86,1.73959043000002,"3"
2028,3,27,87,0.65620001000002,"3"
2028,3,28,88,1.70907239000002,"3"
2028,3,29,89,1.22078375000001,"3"
2028,3,30,90,1.12922963,"3"
2028,3,31,91,0.65620001000002,"3"
2029,3,1,60,3.86059421000004,"3"
2029,3,2,61,2.48728241000003,"3"
2029,3,3,62,3.00608909000005,"3"
2029,3,4,63,2.33469221000001,"3"
2029,3,5,64,2.04477083,"3"
2029,3,6,65,1.72433141000005,"3"
2029,3,7,66,2.31943319000004,"3"
2029,3,8,67,1.72433141000005,"3"
2029,3,9,68,3.64696793000002,"3"
2029,3,10,69,2.07528887000001,"3"
2029,3,11,70,2.12106593000004,"3"
2029,3,12,71,1.70907239000002,"3"
2029,3,13,72,3.37230557000004,"3"
2029,3,14,73,1.25130179000001,"3"
2029,3,15,74,1.57174121000003,"3"
2029,3,16,75,0.94612139000003,"3"
2029,3,17,76,1.86166259000004,"3"
2029,3,18,77,1.20552473000004,"3"
2029,3,19,78,1.11397061000002,"3"
2029,3,20,79,1.43441003000004,"3"
2029,3,21,80,2.45676437000003,"3"
2029,3,22,81,2.70090869000001,"3"
2029,3,23,82,1.92269867000005,"3"
2029,3,24,83,4.11999754999999,"3"
2029,3,25,84,3.52489577,"3"
2029,3,26,85,2.07528887000001,"3"
2029,3,27,86,4.02844343000004,"3"
2029,3,28,87,1.95321670999999,"3"
2029,3,29,88,2.88401693000003,"3"
2029,3,30,89,1.31233787000002,"3"
2029,3,31,90,1.83114455000003,"3"
2030,3,1,60,4.28784677000004,"3"
2030,3,2,61,1.69381337000004,"3"
2030,3,3,62,1.17500669000003,"3"
2030,3,4,63,2.68564967000003,"3"
2030,3,5,64,1.86166259000004,"3"
2030,3,6,65,1.99899377000003,"3"
2030,3,7,66,3.57067283000003,"3"
2030,3,8,67,2.73142673000001,"3"
2030,3,9,68,1.58700023,"3"
2030,3,10,69,1.41915101000001,"3"
2030,3,11,70,1.87692161000001,"3"
2030,3,12,71,2.54831849000004,"3"
2030,3,13,72,1.58700023,"3"
2030,3,14,73,1.80062651000003,"3"
2030,3,15,74,0.701977069999998,"3"
2030,3,16,75,1.31233787000002,"3"
2030,3,17,76,1.98373475,"3"
2030,3,18,77,1.63277729000004,"3"
2030,3,19,78,1.28181983000002,"3"
2030,3,20,79,1.77010847000003,"3"
2030,3,21,80,2.13632495000002,"3"
2030,3,22,81,1.51070513000002,"3"
2030,3,23,82,1.78536749,"3"
2030,3,24,83,2.39572829000002,"3"
2030,3,25,84,2.94505301000004,"3"
2030,3,26,85,2.25839711000003,"3"
2030,3,27,86,1.93795769000002,"3"
2030,3,28,87,3.23497439000005,"3"
2030,3,29,88,2.27365613000001,"3"
2030,3,30,89,3.00608909000005,"3"
2030,3,31,90,2.65513163000003,"3"
2031,3,1,60,1.31233787000002,"3"
2031,3,2,61,1.37337395000003,"3"
2031,3,3,62,1.44966905000001,"3"
2031,3,4,63,0.900344329999996,"3"
2031,3,5,64,1.06819355000005,"3"
2031,3,6,65,1.80062651000003,"3"
2031,3,7,66,2.10580691000001,"3"
2031,3,8,67,2.76194477000001,"3"
2031,3,9,68,0.839308250000045,"3"
2031,3,10,69,1.75484944999999,"3"
2031,3,11,70,1.90743965000001,"3"
2031,3,12,71,4.07422049000002,"3"
2031,3,13,72,2.56357751000002,"3"
2031,3,14,73,2.47202339,"3"
2031,3,15,74,2.13632495000002,"3"
2031,3,16,75,2.16684299000002,"3"
2031,3,17,76,3.57067283000003,"3"
2031,3,18,77,2.85349889000003,"3"
2031,3,19,78,2.27365613000001,"3"
2031,3,20,79,2.92979399000001,"3"
2031,3,21,80,1.63277729000004,"3"
2031,3,22,81,1.92269867000005,"3"
2031,3,23,82,2.86875791,"3"
2031,3,24,83,2.13632495000002,"3"
2031,3,25,84,2.13632495000002,"3"
2031,3,26,85,2.88401693000003,"3"
2031,3,27,86,2.51780045000004,"3"
2031,3,28,87,3.28075145000003,"3"
2031,3,29,88,3.63170891000004,"3"
2031,3,30,89,4.36414187000003,"3"
2031,3,31,90,3.20445635000004,"3"
2032,3,1,61,1.75484944999999,"3"
2032,3,2,62,1.67855435000001,"3"
2032,3,3,63,1.41915101000001,"3"
2032,3,4,64,2.01425279,"3"
2032,3,5,65,1.15974767,"3"
2032,3,6,66,2.04477083,"3"
2032,3,7,67,2.99083007000002,"3"
2032,3,8,68,2.12106593000004,"3"
2032,3,9,69,0.717236090000029,"3"
2032,3,10,70,1.46492807000004,"3"
2032,3,11,71,3.96740735000003,"3"
2032,3,12,72,2.79246281000002,"3"
2032,3,13,73,0.991898450000008,"3"
2032,3,14,74,0.717236090000029,"3"
2032,3,15,75,2.94505301000004,"3"
2032,3,16,76,2.21262005,"3"
2032,3,17,77,2.12106593000004,"3"
2032,3,18,78,1.60225925000003,"3"
2032,3,19,79,0.915603350000026,"3"
2032,3,20,80,2.68564967000003,"3"
2032,3,21,81,1.81588553,"3"
2032,3,22,82,1.40389199000003,"3"
2032,3,23,83,2.88401693000003,"3"
2032,3,24,84,2.91453497000003,"3"
2032,3,25,85,2.44150535,"3"
2032,3,26,86,2.59409555000002,"3"
2032,3,27,87,1.58700023,"3"
2032,3,28,88,2.42624633000003,"3"
2032,3,29,89,0.640940990000047,"3"
2032,3,30,90,1.55648219,"3"
2032,3,31,91,2.51780045000004,"3"
2033,3,1,60,1.03767551000004,"3"
2033,3,2,61,1.98373475,"3"
2033,3,3,62,1.31233787000002,"3"
2033,3,4,63,1.23604277000004,"3"
2033,3,5,64,2.70090869000001,"3"
2033,3,6,65,1.78536749,"3"
2033,3,7,66,1.55648219,"3"
2033,3,8,67,1.73959043000002,"3"
2033,3,9,68,1.72433141000005,"3"
2033,3,10,69,1.35811493,"3"
2033,3,11,70,0.50360981,"3"
2033,3,12,71,0.961380410000004,"3"
2033,3,13,72,1.41915101000001,"3"
2033,3,14,73,2.97557105000004,"3"
2033,3,15,74,2.45676437000003,"3"
2033,3,16,75,3.89111224999999,"3"
2033,3,17,76,1.95321670999999,"3"
2033,3,18,77,2.18210200999999,"3"
2033,3,19,78,1.31233787000002,"3"
2033,3,20,79,1.96847573000002,"3"
2033,3,21,80,2.88401693000003,"3"
2033,3,22,81,3.05186615000002,"3"
2033,3,23,82,0.732495110000002,"3"
2033,3,24,83,1.25130179000001,"3"
2033,3,25,84,2.63987261,"3"
2033,3,26,85,3.87585323000002,"3"
2033,3,27,86,4.02844343000004,"3"
2033,3,28,87,3.76904009000003,"3"
2033,3,29,88,3.37230557000004,"3"
2033,3,30,89,3.38756459000001,"3"
2033,3,31,90,3.09764321,"3"
2034,3,1,60,1.58700023,"3"
2034,3,2,61,0.839308250000045,"3"
2034,3,3,62,1.09871158999999,"3"
2034,3,4,63,2.47202339,"3"
2034,3,5,64,1.96847573000002,"3"
2034,3,6,65,1.38863297,"3"
2034,3,7,66,2.07528887000001,"3"
2034,3,8,67,2.77720379000004,"3"
2034,3,9,68,2.50254143000001,"3"
2034,3,10,69,2.38046926999999,"3"
2034,3,11,70,1.69381337000004,"3"
2034,3,12,71,1.93795769000002,"3"
2034,3,13,72,2.71616771000004,"3"
2034,3,14,73,2.86875791,"3"
2034,3,15,74,1.61751827,"3"
2034,3,16,75,3.09764321,"3"
2034,3,17,76,1.26656081000004,"3"
2034,3,18,77,2.67039065,"3"
2034,3,19,78,2.15158397000005,"3"
2034,3,20,79,2.12106593000004,"3"
2034,3,21,80,2.25839711000003,"3"
2034,3,22,81,2.50254143000001,"3"
2034,3,23,82,3.46385968999999,"3"
2034,3,24,83,2.59409555000002,"3"
2034,3,25,84,1.58700023,"3"
2034,3,26,85,2.82298085000002,"3"
2034,3,27,86,4.11999754999999,"3"
2034,3,28,87,0.534127850000004,"3"
2034,3,29,88,1.43441003000004,"3"
2034,3,30,89,1.52596414999999,"3"
2034,3,31,90,2.76194477000001,"3"
2035,3,1,60,2.34995123000004,"3"
2035,3,2,61,4.33362383000002,"3"
2035,3,3,62,2.70090869000001,"3"
2035,3,4,63,2.27365613000001,"3"
2035,3,5,64,3.29601047,"3"
2035,3,6,65,3.79955813000004,"3"
2035,3,7,66,3.79955813000004,"3"
2035,3,8,67,3.92163029,"3"
2035,3,9,68,1.32759689,"3"
2035,3,10,69,1.26656081000004,"3"
2035,3,11,70,1.95321670999999,"3"
2035,3,12,71,1.43441003000004,"3"
2035,3,13,72,3.31126949000003,"3"
2035,3,14,73,2.16684299000002,"3"
2035,3,15,74,2.48728241000003,"3"
2035,3,16,75,3.11290223000003,"3"
2035,3,17,76,1.40389199000003,"3"
2035,3,18,77,0.640940990000047,"3"
2035,3,19,78,1.32759689,"3"
2035,3,20,79,0.65620001000002,"3"
2035,3,21,80,1.32759689,"3"
2035,3,22,81,0.900344329999996,"3"
2035,3,23,82,1.03767551000004,"3"
2035,3,24,83,1.38863297,"3"
2035,3,25,84,1.26656081000004,"3"
2035,3,26,85,2.51780045000004,"3"
2035,3,27,86,2.12106593000004,"3"
2035,3,28,87,1.95321670999999,"3"
2035,3,29,88,1.67855435000001,"3"
2035,3,30,89,2.07528887000001,"3"
2035,3,31,90,3.35704655000001,"3"
2036,3,1,61,2.25839711000003,"3"
2036,3,2,62,1.48018709000002,"3"
2036,3,3,63,0.763013150000006,"3"
2036,3,4,64,0.778272170000037,"3"
2036,3,5,65,1.80062651000003,"3"
2036,3,6,66,2.28891515000004,"3"
2036,3,7,67,4.33362383000002,"3"
2036,3,8,68,3.83007617000004,"3"
2036,3,9,69,3.21971537000002,"3"
2036,3,10,70,1.73959043000002,"3"
2036,3,11,71,3.26549243,"3"
2036,3,12,72,1.19026571000001,"3"
2036,3,13,73,1.69381337000004,"3"
2036,3,14,74,1.64803631000001,"3"
2036,3,15,75,1.28181983000002,"3"
2036,3,16,76,1.28181983000002,"3"
2036,3,17,77,2.94505301000004,"3"
2036,3,18,78,3.35704655000001,"3"
2036,3,19,79,2.59409555000002,"3"
2036,3,20,80,3.37230557000004,"3"
2036,3,21,81,1.72433141000005,"3"
2036,3,22,82,1.70907239000002,"3"
2036,3,23,83,1.25130179000001,"3"
2036,3,24,84,1.83114455000003,"3"
2036,3,25,85,3.29601047,"3"
2036,3,26,86,2.65513163000003,"3"
2036,3,27,87,2.83823987,"3"
2036,3,28,88,2.71616771000004,"3"
2036,3,29,89,2.45676437000003,"3"
2036,3,30,90,2.31943319000004,"3"
2036,3,31,91,1.37337395000003,"3"
2037,3,1,60,0.885085310000022,"3"
2037,3,2,61,1.37337395000003,"3"
2037,3,3,62,1.48018709000002,"3"
2037,3,4,63,1.75484944999999,"3"
2037,3,5,64,3.21971537000002,"3"
2037,3,6,65,2.48728241000003,"3"
2037,3,7,66,3.78429911000001,"3"
2037,3,8,67,2.76194477000001,"3"
2037,3,9,68,1.98373475,"3"
2037,3,10,69,3.60119087000004,"3"
2037,3,11,70,1.63277729000004,"3"
2037,3,12,71,2.27365613000001,"3"
2037,3,13,72,0.717236090000029,"3"
2037,3,14,73,1.87692161000001,"3"
2037,3,15,74,2.76194477000001,"3"
2037,3,16,75,1.92269867000005,"3"
2037,3,17,76,2.79246281000002,"3"
2037,3,18,77,0.961380410000004,"3"
2037,3,19,78,0.717236090000029,"3"
2037,3,20,79,2.65513163000003,"3"
2037,3,21,80,3.35704655000001,"3"
2037,3,22,81,3.26549243,"3"
2037,3,23,82,2.60935456999999,"3"
2037,3,24,83,3.86059421000004,"3"
2037,3,25,84,2.86875791,"3"
2037,3,26,85,2.65513163000003,"3"
2037,3,27,86,2.51780045000004,"3"
2037,3,28,87,3.12816125,"3"
2037,3,29,88,3.26549243,"3"
2037,3,30,89,2.97557105000004,"3"
2037,3,31,90,1.73959043000002,"3"
2038,3,1,60,1.54122317000002,"3"
2038,3,2,61,1.64803631000001,"3"
2038,3,3,62,3.60119087000004,"3"
2038,3,4,63,1.09871158999999,"3"
2038,3,5,64,1.05293453000002,"3"
2038,3,6,65,3.03660712999999,"3"
2038,3,7,66,2.57883653000005,"3"
2038,3,8,67,2.54831849000004,"3"
2038,3,9,68,3.46385968999999,"3"
2038,3,10,69,3.28075145000003,"3"
2038,3,11,70,2.83823987,"3"
2038,3,12,71,1.49544611000005,"3"
2038,3,13,72,1.87692161000001,"3"
2038,3,14,73,2.79246281000002,"3"
2038,3,15,74,3.47911871000002,"3"
2038,3,16,75,3.37230557000004,"3"
2038,3,17,76,2.34995123000004,"3"
2038,3,18,77,3.46385968999999,"3"
2038,3,19,78,3.64696793000002,"3"
2038,3,20,79,2.91453497000003,"3"
2038,3,21,80,2.38046926999999,"3"
2038,3,22,81,2.54831849000004,"3"
2038,3,23,82,5.76797171000004,"3"
2038,3,24,83,2.09054789000004,"3"
2038,3,25,84,1.75484944999999,"3"
2038,3,26,85,2.34995123000004,"3"
2038,3,27,86,2.51780045000004,"3"
2038,3,28,87,1.93795769000002,"3"
2038,3,29,88,1.34285591000003,"3"
2038,3,30,89,1.43441003000004,"3"
2038,3,31,90,3.55541381,"3"
2039,3,1,60,3.09764321,"3"
2039,3,2,61,1.49544611000005,"3"
2039,3,3,62,1.52596414999999,"3"
2039,3,4,63,2.10580691000001,"3"
2039,3,5,64,2.13632495000002,"3"
2039,3,6,65,1.87692161000001,"3"
2039,3,7,66,2.22787907000003,"3"
2039,3,8,67,2.63987261,"3"
2039,3,9,68,3.57067283000003,"3"
2039,3,10,69,1.31233787000002,"3"
2039,3,11,70,2.45676437000003,"3"
2039,3,12,71,2.89927595,"3"
2039,3,13,72,2.99083007000002,"3"
2039,3,14,73,1.06819355000005,"3"
2039,3,15,74,1.67855435000001,"3"
2039,3,16,75,1.34285591000003,"3"
2039,3,17,76,1.57174121000003,"3"
2039,3,18,77,1.41915101000001,"3"
2039,3,19,78,1.84640357000001,"3"
2039,3,20,79,2.88401693000003,"3"
2039,3,21,80,1.32759689,"3"
2039,3,22,81,2.63987261,"3"
2039,3,23,82,4.92872561000001,"3"
2039,3,24,83,0.824049230000014,"3"
2039,3,25,84,1.54122317000002,"3"
2039,3,26,85,2.30417417000001,"3"
2039,3,27,86,3.26549243,"3"
2039,3,28,87,1.86166259000004,"3"
2039,3,29,88,3.32652851,"3"
2039,3,30,89,4.39465991000003,"3"
2039,3,31,90,2.41098731,"3"
2040,3,1,61,1.00715747000004,"3"
2040,3,2,62,1.80062651000003,"3"
2040,3,3,63,1.37337395000003,"3"
2040,3,4,64,1.99899377000003,"3"
2040,3,5,65,2.77720379000004,"3"
2040,3,6,66,2.39572829000002,"3"
2040,3,7,67,2.19736103000002,"3"
2040,3,8,68,1.67855435000001,"3"
2040,3,9,69,2.02951181000003,"3"
2040,3,10,70,1.86166259000004,"3"
2040,3,11,71,2.33469221000001,"3"
2040,3,12,72,1.83114455000003,"3"
2040,3,13,73,3.02134811000002,"3"
2040,3,14,74,2.28891515000004,"3"
2040,3,15,75,2.01425279,"3"
2040,3,16,76,1.99899377000003,"3"
2040,3,17,77,1.14448865000003,"3"
2040,3,18,78,1.58700023,"3"
2040,3,19,79,1.78536749,"3"
2040,3,20,80,2.60935456999999,"3"
2040,3,21,81,1.48018709000002,"3"
2040,3,22,82,2.12106593000004,"3"
2040,3,23,83,2.18210200999999,"3"
2040,3,24,84,3.20445635000004,"3"
2040,3,25,85,1.89218063000004,"3"
2040,3,26,86,1.51070513000002,"3"
2040,3,27,87,1.34285591000003,"3"
2040,3,28,88,2.59409555000002,"3"
2040,3,29,89,2.89927595,"3"
2040,3,30,90,2.97557105000004,"3"
2040,3,31,91,2.76194477000001,"3"
2041,3,1,60,2.80772182999999,"3"
2041,3,2,61,2.65513163000003,"3"
2041,3,3,62,3.14342027000004,"3"
2041,3,4,63,2.13632495000002,"3"
2041,3,5,64,0.976639430000034,"3"
2041,3,6,65,2.07528887000001,"3"
2041,3,7,66,2.19736103000002,"3"
2041,3,8,67,1.75484944999999,"3"
2041,3,9,68,3.31126949000003,"3"
2041,3,10,69,1.52596414999999,"3"
2041,3,11,70,0.65620001000002,"3"
2041,3,12,71,1.73959043000002,"3"
2041,3,13,72,2.82298085000002,"3"
2041,3,14,73,1.67855435000001,"3"
2041,3,15,74,1.81588553,"3"
2041,3,16,75,1.51070513000002,"3"
2041,3,17,76,2.94505301000004,"3"
2041,3,18,77,1.86166259000004,"3"
2041,3,19,78,2.07528887000001,"3"
2041,3,20,79,1.63277729000004,"3"
2041,3,21,80,2.48728241000003,"3"
2041,3,22,81,1.96847573000002,"3"
2041,3,23,82,3.41808263000001,"3"
2041,3,24,83,2.96031203000001,"3"
2041,3,25,84,2.86875791,"3"
2041,3,26,85,1.51070513000002,"3"
2041,3,27,86,1.69381337000004,"3"
2041,3,28,87,3.25023341000002,"3"
2041,3,29,88,3.84533519000001,"3"
2041,3,30,89,2.67039065,"3"
2041,3,31,90,1.72433141000005,"3"
2042,3,1,60,0.564645890000008,"3"
2042,3,2,61,1.46492807000004,"3"
2042,3,3,62,1.40389199000003,"3"
2042,3,4,63,3.25023341000002,"3"
2042,3,5,64,2.13632495000002,"3"
2042,3,6,65,3.26549243,"3"
2042,3,7,66,2.30417417000001,"3"
2042,3,8,67,1.81588553,"3"
2042,3,9,68,3.79955813000004,"3"
2042,3,10,69,2.12106593000004,"3"
2042,3,11,70,2.47202339,"3"
2042,3,12,71,2.85349889000003,"3"
2042,3,13,72,1.78536749,"3"
2042,3,14,73,1.37337395000003,"3"
2042,3,15,74,2.21262005,"3"
2042,3,16,75,1.31233787000002,"3"
2042,3,17,76,3.00608909000005,"3"
2042,3,18,77,3.18919733000001,"3"
2042,3,19,78,1.92269867000005,"3"
2042,3,20,79,1.69381337000004,"3"
2042,3,21,80,2.18210200999999,"3"
2042,3,22,81,3.50963675000003,"3"
2042,3,23,82,2.45676437000003,"3"
2042,3,24,83,2.18210200999999,"3"
2042,3,25,84,3.58593185000001,"3"
2042,3,26,85,2.36521025000002,"3"
2042,3,27,86,2.79246281000002,"3"
2042,3,28,87,2.83823987,"3"
2042,3,29,88,1.64803631000001,"3"
2042,3,30,89,1.96847573000002,"3"
2042,3,31,90,1.58700023,"3"
2043,3,1,60,1.57174121000003,"3"
2043,3,2,61,2.63987261,"3"
2043,3,3,62,3.00608909000005,"3"
2043,3,4,63,2.19736103000002,"3"
2043,3,5,64,3.40282361000004,"3"
2043,3,6,65,3.14342027000004,"3"
2043,3,7,66,3.61644989000001,"3"
2043,3,8,67,3.46385968999999,"3"
2043,3,9,68,1.38863297,"3"
2043,3,10,69,1.99899377000003,"3"
2043,3,11,70,1.54122317000002,"3"
2043,3,12,71,3.05186615000002,"3"
2043,3,13,72,0.65620001000002,"3"
2043,3,14,73,1.87692161000001,"3"
2043,3,15,74,3.26549243,"3"
2043,3,16,75,1.72433141000005,"3"
2043,3,17,76,1.87692161000001,"3"
2043,3,18,77,1.51070513000002,"3"
2043,3,19,78,2.42624633000003,"3"
2043,3,20,79,2.54831849000004,"3"
2043,3,21,80,2.96031203000001,"3"
2043,3,22,81,1.77010847000003,"3"
2043,3,23,82,1.48018709000002,"3"
2043,3,24,83,2.54831849000004,"3"
2043,3,25,84,1.38863297,"3"
2043,3,26,85,2.10580691000001,"3"
2043,3,27,86,2.38046926999999,"3"
2043,3,28,87,1.75484944999999,"3"
2043,3,29,88,1.72433141000005,"3"
2043,3,30,89,3.18919733000001,"3"
2043,3,31,90,2.77720379000004,"3"
2044,3,1,61,0.717236090000029,"3"
2044,3,2,62,0.976639430000034,"3"
2044,3,3,63,1.28181983000002,"3"
2044,3,4,64,1.31233787000002,"3"
2044,3,5,65,2.02951181000003,"3"
2044,3,6,66,1.44966905000001,"3"
2044,3,7,67,1.40389199000003,"3"
2044,3,8,68,1.64803631000001,"3"
2044,3,9,69,2.04477083,"3"
2044,3,10,70,1.66329533000004,"3"
2044,3,11,71,2.74668575000004,"3"
2044,3,12,72,1.49544611000005,"3"
2044,3,13,73,0.65620001000002,"3"
2044,3,14,74,2.97557105000004,"3"
2044,3,15,75,1.44966905000001,"3"
2044,3,16,76,3.78429911000001,"3"
2044,3,17,77,3.25023341000002,"3"
2044,3,18,78,3.31126949000003,"3"
2044,3,19,79,2.68564967000003,"3"
2044,3,20,80,2.09054789000004,"3"
2044,3,21,81,3.66222695000005,"3"
2044,3,22,82,2.48728241000003,"3"
2044,3,23,83,2.71616771000004,"3"
2044,3,24,84,0.869826289999992,"3"
2044,3,25,85,1.48018709000002,"3"
2044,3,26,86,2.82298085000002,"3"
2044,3,27,87,1.75484944999999,"3"
2044,3,28,88,1.84640357000001,"3"
2044,3,29,89,2.47202339,"3"
2044,3,30,90,3.64696793000002,"3"
2044,3,31,91,3.61644989000001,"3"
2045,3,1,60,0.763013150000006,"3"
2045,3,2,61,2.27365613000001,"3"
2045,3,3,62,1.92269867000005,"3"
2045,3,4,63,2.09054789000004,"3"
2045,3,5,64,2.36521025000002,"3"
2045,3,6,65,2.02951181000003,"3"
2045,3,7,66,1.84640357000001,"3"
2045,3,8,67,1.69381337000004,"3"
2045,3,9,68,3.50963675000003,"3"
2045,3,10,69,3.38756459000001,"3"
2045,3,11,70,1.32759689,"3"
2045,3,12,71,2.73142673000001,"3"
2045,3,13,72,1.03767551000004,"3"
2045,3,14,73,1.57174121000003,"3"
2045,3,15,74,4.24206971000001,"3"
2045,3,16,75,3.41808263000001,"3"
2045,3,17,76,2.73142673000001,"3"
2045,3,18,77,1.55648219,"3"
2045,3,19,78,1.46492807000004,"3"
2045,3,20,79,3.02134811000002,"3"
2045,3,21,80,3.60119087000004,"3"
2045,3,22,81,2.53305947000001,"3"
2045,3,23,82,3.05186615000002,"3"
2045,3,24,83,2.85349889000003,"3"
2045,3,25,84,1.41915101000001,"3"
2045,3,26,85,1.32759689,"3"
2045,3,27,86,2.57883653000005,"3"
2045,3,28,87,2.18210200999999,"3"
2045,3,29,88,3.93688931000003,"3"
2045,3,30,89,3.86059421000004,"3"
2045,3,31,90,3.14342027000004,"3"
2046,3,1,60,2.45676437000003,"3"
2046,3,2,61,2.60935456999999,"3"
2046,3,3,62,1.40389199000003,"3"
2046,3,4,63,1.87692161000001,"3"
2046,3,5,64,1.84640357000001,"3"
2046,3,6,65,0.732495110000002,"3"
2046,3,7,66,1.08345257000002,"3"
2046,3,8,67,3.06712517,"3"
2046,3,9,68,2.34995123000004,"3"
2046,3,10,69,1.96847573000002,"3"
2046,3,11,70,2.79246281000002,"3"
2046,3,12,71,3.54015479000003,"3"
2046,3,13,72,1.19026571000001,"3"
2046,3,14,73,3.75378107,"3"
2046,3,15,74,3.15867929000001,"3"
2046,3,16,75,3.47911871000002,"3"
2046,3,17,76,2.34995123000004,"3"
2046,3,18,77,1.60225925000003,"3"
2046,3,19,78,1.92269867000005,"3"
2046,3,20,79,3.21971537000002,"3"
2046,3,21,80,1.63277729000004,"3"
2046,3,22,81,1.86166259000004,"3"
2046,3,23,82,2.76194477000001,"3"
2046,3,24,83,2.06002985000003,"3"
2046,3,25,84,5.38649621000002,"3"
2046,3,26,85,6.50040467000002,"3"
2046,3,27,86,4.28784677000004,"3"
2046,3,28,87,2.45676437000003,"3"
2046,3,29,88,2.88401693000003,"3"
2046,3,30,89,3.49437773,"3"
2046,3,31,90,1.64803631000001,"3"
2047,3,1,60,3.17393831000004,"3"
2047,3,2,61,2.41098731,"3"
2047,3,3,62,1.92269867000005,"3"
2047,3,4,63,2.10580691000001,"3"
2047,3,5,64,2.47202339,"3"
2047,3,6,65,2.22787907000003,"3"
2047,3,7,66,3.02134811000002,"3"
2047,3,8,67,2.36521025000002,"3"
2047,3,9,68,3.17393831000004,"3"
2047,3,10,69,1.63277729000004,"3"
2047,3,11,70,1.89218063000004,"3"
2047,3,12,71,2.09054789000004,"3"
2047,3,13,72,3.69274498999999,"3"
2047,3,14,73,2.91453497000003,"3"
2047,3,15,74,3.15867929000001,"3"
2047,3,16,75,2.76194477000001,"3"
2047,3,17,76,1.87692161000001,"3"
2047,3,18,77,2.38046926999999,"3"
2047,3,19,78,2.33469221000001,"3"
2047,3,20,79,3.08238419000003,"3"
2047,3,21,80,1.96847573000002,"3"
2047,3,22,81,2.89927595,"3"
2047,3,23,82,2.22787907000003,"3"
2047,3,24,83,1.81588553,"3"
2047,3,25,84,1.75484944999999,"3"
2047,3,26,85,3.32652851,"3"
2047,3,27,86,2.24313809,"3"
2047,3,28,87,3.15867929000001,"3"
2047,3,29,88,2.38046926999999,"3"
2047,3,30,89,3.14342027000004,"3"
2047,3,31,90,4.31836480999999,"3"
2048,3,1,61,3.34178753000003,"3"
2048,3,2,62,3.41808263000001,"3"
2048,3,3,63,2.51780045000004,"3"
2048,3,4,64,1.78536749,"3"
2048,3,5,65,2.91453497000003,"3"
2048,3,6,66,2.96031203000001,"3"
2048,3,7,67,1.80062651000003,"3"
2048,3,8,68,1.11397061000002,"3"
2048,3,9,69,1.99899377000003,"3"
2048,3,10,70,2.60935456999999,"3"
2048,3,11,71,2.70090869000001,"3"
2048,3,12,72,3.61644989000001,"3"
2048,3,13,73,2.18210200999999,"3"
2048,3,14,74,0.305242550000003,"3"
2048,3,15,75,2.45676437000003,"3"
2048,3,16,76,3.17393831000004,"3"
2048,3,17,77,2.44150535,"3"
2048,3,18,78,2.65513163000003,"3"
2048,3,19,79,1.15974767,"3"
2048,3,20,80,2.86875791,"3"
2048,3,21,81,2.51780045000004,"3"
2048,3,22,82,2.68564967000003,"3"
2048,3,23,83,3.15867929000001,"3"
2048,3,24,84,2.62461359000002,"3"
2048,3,25,85,1.73959043000002,"3"
2048,3,26,86,2.91453497000003,"3"
2048,3,27,87,3.08238419000003,"3"
2048,3,28,88,2.65513163000003,"3"
2048,3,29,89,2.10580691000001,"3"
2048,3,30,90,1.40389199000003,"3"
2048,3,31,91,1.75484944999999,"3"
2049,3,1,60,3.67748597000002,"3"
2049,3,2,61,3.69274498999999,"3"
2049,3,3,62,2.63987261,"3"
2049,3,4,63,4.02844343000004,"3"
2049,3,5,64,3.63170891000004,"3"
2049,3,6,65,2.54831849000004,"3"
2049,3,7,66,2.04477083,"3"
2049,3,8,67,2.85349889000003,"3"
2049,3,9,68,3.28075145000003,"3"
2049,3,10,69,2.22787907000003,"3"
2049,3,11,70,4.60828619,"3"
2049,3,12,71,3.09764321,"3"
2049,3,13,72,3.34178753000003,"3"
2049,3,14,73,2.33469221000001,"3"
2049,3,15,74,1.83114455000003,"3"
2049,3,16,75,2.99083007000002,"3"
2049,3,17,76,3.83007617000004,"3"
2049,3,18,77,3.43334165000005,"3"
2049,3,19,78,2.27365613000001,"3"
2049,3,20,79,2.04477083,"3"
2049,3,21,80,1.92269867000005,"3"
2049,3,22,81,2.70090869000001,"3"
2049,3,23,82,4.10473853000002,"3"
2049,3,24,83,5.32546013000001,"3"
2049,3,25,84,3.26549243,"3"
2049,3,26,85,2.34995123000004,"3"
2049,3,27,86,3.96740735000003,"3"
2049,3,28,87,2.71616771000004,"3"
2049,3,29,88,3.72326303,"3"
2049,3,30,89,2.42624633000003,"3"
2049,3,31,90,2.65513163000003,"3"
2050,3,1,60,2.28891515000004,"3"
2050,3,2,61,1.60225925000003,"3"
2050,3,3,62,1.14448865000003,"3"
2050,3,4,63,2.10580691000001,"3"
2050,3,5,64,2.71616771000004,"3"
2050,3,6,65,1.72433141000005,"3"
2050,3,7,66,1.19026571000001,"3"
2050,3,8,67,1.48018709000002,"3"
2050,3,9,68,2.19736103000002,"3"
2050,3,10,69,1.92269867000005,"3"
2050,3,11,70,2.04477083,"3"
2050,3,12,71,2.97557105000004,"3"
2050,3,13,72,3.76904009000003,"3"
2050,3,14,73,3.49437773,"3"
2050,3,15,74,5.12709287000001,"3"
2050,3,16,75,2.54831849000004,"3"
2050,3,17,76,1.81588553,"3"
2050,3,18,77,1.63277729000004,"3"
2050,3,19,78,1.25130179000001,"3"
2050,3,20,79,3.25023341000002,"3"
2050,3,21,80,1.58700023,"3"
2050,3,22,81,1.83114455000003,"3"
2050,3,23,82,4.69984031000001,"3"
2050,3,24,83,4.79139443000003,"3"
2050,3,25,84,3.17393831000004,"3"
2050,3,26,85,2.54831849000004,"3"
2050,3,27,86,2.89927595,"3"
2050,3,28,87,2.38046926999999,"3"
2050,3,29,88,2.63987261,"3"
2050,3,30,89,1.73959043000002,"3"
2050,3,31,90,2.01425279,"3"
2051,3,1,60,2.68564967000003,"3"
2051,3,2,61,1.83114455000003,"3"
2051,3,3,62,1.46492807000004,"3"
2051,3,4,63,3.12816125,"3"
2051,3,5,64,2.73142673000001,"3"
2051,3,6,65,0.991898450000008,"3"
2051,3,7,66,2.25839711000003,"3"
2051,3,8,67,3.86059421000004,"3"
2051,3,9,68,3.28075145000003,"3"
2051,3,10,69,3.00608909000005,"3"
2051,3,11,70,2.07528887000001,"3"
2051,3,12,71,2.65513163000003,"3"
2051,3,13,72,2.79246281000002,"3"
2051,3,14,73,1.19026571000001,"3"
2051,3,15,74,2.18210200999999,"3"
2051,3,16,75,1.98373475,"3"
2051,3,17,76,1.83114455000003,"3"
2051,3,18,77,4.13525657000002,"3"
2051,3,19,78,2.88401693000003,"3"
2051,3,20,79,2.59409555000002,"3"
2051,3,21,80,2.48728241000003,"3"
2051,3,22,81,3.26549243,"3"
2051,3,23,82,5.18812895000002,"3"
2051,3,24,83,3.26549243,"3"
2051,3,25,84,2.19736103000002,"3"
2051,3,26,85,0.732495110000002,"3"
2051,3,27,86,1.17500669000003,"3"
2051,3,28,87,2.77720379000004,"3"
2051,3,29,88,4.42517795000003,"3"
2051,3,30,89,2.51780045000004,"3"
2051,3,31,90,4.53199109000002,"3"
2052,3,1,61,1.61751827,"3"
2052,3,2,62,1.63277729000004,"3"
2052,3,3,63,1.08345257000002,"3"
2052,3,4,64,0.976639430000034,"3"
2052,3,5,65,1.98373475,"3"
2052,3,6,66,1.25130179000001,"3"
2052,3,7,67,1.89218063000004,"3"
2052,3,8,68,2.06002985000003,"3"
2052,3,9,69,2.36521025000002,"3"
2052,3,10,70,2.34995123000004,"3"
2052,3,11,71,2.07528887000001,"3"
2052,3,12,72,1.86166259000004,"3"
2052,3,13,73,1.17500669000003,"3"
2052,3,14,74,1.98373475,"3"
2052,3,15,75,1.69381337000004,"3"
2052,3,16,76,3.02134811000002,"3"
2052,3,17,77,2.53305947000001,"3"
2052,3,18,78,1.54122317000002,"3"
2052,3,19,79,1.93795769000002,"3"
2052,3,20,80,3.20445635000004,"3"
2052,3,21,81,1.37337395000003,"3"
2052,3,22,82,1.66329533000004,"3"
2052,3,23,83,0.869826289999992,"3"
2052,3,24,84,3.25023341000002,"3"
2052,3,25,85,2.57883653000005,"3"
2052,3,26,86,3.69274498999999,"3"
2052,3,27,87,2.73142673000001,"3"
2052,3,28,88,3.38756459000001,"3"
2052,3,29,89,4.37940089,"3"
2052,3,30,90,1.99899377000003,"3"
2052,3,31,91,4.11999754999999,"3"
2053,3,1,60,0.778272170000037,"3"
2053,3,2,61,2.50254143000001,"3"
2053,3,3,62,2.50254143000001,"3"
2053,3,4,63,3.67748597000002,"3"
2053,3,5,64,2.30417417000001,"3"
2053,3,6,65,2.83823987,"3"
2053,3,7,66,3.35704655000001,"3"
2053,3,8,67,4.10473853000002,"3"
2053,3,9,68,2.04477083,"3"
2053,3,10,69,1.60225925000003,"3"
2053,3,11,70,2.33469221000001,"3"
2053,3,12,71,2.44150535,"3"
2053,3,13,72,1.92269867000005,"3"
2053,3,14,73,1.55648219,"3"
2053,3,15,74,2.07528887000001,"3"
2053,3,16,75,3.43334165000005,"3"
2053,3,17,76,3.29601047,"3"
2053,3,18,77,2.12106593000004,"3"
2053,3,19,78,4.11999754999999,"3"
2053,3,20,79,3.46385968999999,"3"
2053,3,21,80,3.46385968999999,"3"
2053,3,22,81,2.38046926999999,"3"
2053,3,23,82,2.50254143000001,"3"
2053,3,24,83,1.31233787000002,"3"
2053,3,25,84,1.26656081000004,"3"
2053,3,26,85,1.29707884999999,"3"
2053,3,27,86,1.19026571000001,"3"
2053,3,28,87,2.41098731,"3"
2053,3,29,88,4.33362383000002,"3"
2053,3,30,89,3.15867929000001,"3"
2053,3,31,90,2.41098731,"3"
2054,3,1,60,0.747754130000033,"3"
2054,3,2,61,0.839308250000045,"3"
2054,3,3,62,1.96847573000002,"3"
2054,3,4,63,2.91453497000003,"3"
2054,3,5,64,2.25839711000003,"3"
2054,3,6,65,2.89927595,"3"
2054,3,7,66,1.86166259000004,"3"
2054,3,8,67,2.92979399000001,"3"
2054,3,9,68,1.72433141000005,"3"
2054,3,10,69,1.55648219,"3"
2054,3,11,70,1.49544611000005,"3"
2054,3,12,71,1.84640357000001,"3"
2054,3,13,72,1.55648219,"3"
2054,3,14,73,2.89927595,"3"
2054,3,15,74,2.34995123000004,"3"
2054,3,16,75,4.45569599000004,"3"
2054,3,17,76,3.72326303,"3"
2054,3,18,77,2.77720379000004,"3"
2054,3,19,78,1.87692161000001,"3"
2054,3,20,79,2.70090869000001,"3"
2054,3,21,80,3.28075145000003,"3"
2054,3,22,81,2.53305947000001,"3"
2054,3,23,82,1.35811493,"3"
2054,3,24,83,1.87692161000001,"3"
2054,3,25,84,3.08238419000003,"3"
2054,3,26,85,1.60225925000003,"3"
2054,3,27,86,1.90743965000001,"3"
2054,3,28,87,2.07528887000001,"3"
2054,3,29,88,3.08238419000003,"3"
2054,3,30,89,4.16577461000003,"3"
2054,3,31,90,1.99899377000003,"3"
2055,3,1,60,1.02241649000001,"3"
2055,3,2,61,1.63277729000004,"3"
2055,3,3,62,2.07528887000001,"3"
2055,3,4,63,0.701977069999998,"3"
2055,3,5,64,1.95321670999999,"3"
2055,3,6,65,1.38863297,"3"
2055,3,7,66,2.28891515000004,"3"
2055,3,8,67,1.49544611000005,"3"
2055,3,9,68,1.12922963,"3"
2055,3,10,69,2.76194477000001,"3"
2055,3,11,70,1.98373475,"3"
2055,3,12,71,1.05293453000002,"3"
2055,3,13,72,2.10580691000001,"3"
2055,3,14,73,3.87585323000002,"3"
2055,3,15,74,3.11290223000003,"3"
2055,3,16,75,4.33362383000002,"3"
2055,3,17,76,2.09054789000004,"3"
2055,3,18,77,2.28891515000004,"3"
2055,3,19,78,2.96031203000001,"3"
2055,3,20,79,1.83114455000003,"3"
2055,3,21,80,2.54831849000004,"3"
2055,3,22,81,1.19026571000001,"3"
2055,3,23,82,3.03660712999999,"3"
2055,3,24,83,2.50254143000001,"3"
2055,3,25,84,1.57174121000003,"3"
2055,3,26,85,1.54122317000002,"3"
2055,3,27,86,1.78536749,"3"
2055,3,28,87,3.46385968999999,"3"
2055,3,29,88,3.61644989000001,"3"
2055,3,30,89,2.45676437000003,"3"
2055,3,31,90,2.45676437000003,"3"
2056,3,1,61,1.95321670999999,"3"
2056,3,2,62,2.25839711000003,"3"
2056,3,3,63,3.11290223000003,"3"
2056,3,4,64,2.45676437000003,"3"
2056,3,5,65,1.73959043000002,"3"
2056,3,6,66,2.50254143000001,"3"
2056,3,7,67,1.81588553,"3"
2056,3,8,68,2.59409555000002,"3"
2056,3,9,69,1.84640357000001,"3"
2056,3,10,70,0.79353119000001,"3"
2056,3,11,71,1.44966905000001,"3"
2056,3,12,72,3.54015479000003,"3"
2056,3,13,73,2.59409555000002,"3"
2056,3,14,74,2.65513163000003,"3"
2056,3,15,75,2.88401693000003,"3"
2056,3,16,76,2.18210200999999,"3"
2056,3,17,77,2.07528887000001,"3"
2056,3,18,78,2.60935456999999,"3"
2056,3,19,79,2.60935456999999,"3"
2056,3,20,80,3.02134811000002,"3"
2056,3,21,81,2.79246281000002,"3"
2056,3,22,82,1.78536749,"3"
2056,3,23,83,3.61644989000001,"3"
2056,3,24,84,2.89927595,"3"
2056,3,25,85,3.73852205000003,"3"
2056,3,26,86,2.27365613000001,"3"
2056,3,27,87,0.671459029999994,"3"
2056,3,28,88,2.71616771000004,"3"
2056,3,29,89,1.78536749,"3"
2056,3,30,90,3.69274498999999,"3"
2056,3,31,91,4.15051559,"3"
2057,3,1,60,4.85243051000003,"3"
2057,3,2,61,2.54831849000004,"3"
2057,3,3,62,2.62461359000002,"3"
2057,3,4,63,1.99899377000003,"3"
2057,3,5,64,2.92979399000001,"3"
2057,3,6,65,1.46492807000004,"3"
2057,3,7,66,2.34995123000004,"3"
2057,3,8,67,1.89218063000004,"3"
2057,3,9,68,2.77720379000004,"3"
2057,3,10,69,2.34995123000004,"3"
2057,3,11,70,1.87692161000001,"3"
2057,3,12,71,2.09054789000004,"3"
2057,3,13,72,0.961380410000004,"3"
2057,3,14,73,0.808790210000041,"3"
2057,3,15,74,2.16684299000002,"3"
2057,3,16,75,2.97557105000004,"3"
2057,3,17,76,1.14448865000003,"3"
2057,3,18,77,2.73142673000001,"3"
2057,3,19,78,1.86166259000004,"3"
2057,3,20,79,1.78536749,"3"
2057,3,21,80,2.47202339,"3"
2057,3,22,81,3.02134811000002,"3"
2057,3,23,82,2.67039065,"3"
2057,3,24,83,3.44860067000002,"3"
2057,3,25,84,3.89111224999999,"3"
2057,3,26,85,3.00608909000005,"3"
2057,3,27,86,1.86166259000004,"3"
2057,3,28,87,2.88401693000003,"3"
2057,3,29,88,3.38756459000001,"3"
2057,3,30,89,2.70090869000001,"3"
2057,3,31,90,2.88401693000003,"3"
2058,3,1,60,2.33469221000001,"3"
2058,3,2,61,4.11999754999999,"3"
2058,3,3,62,4.25732873000004,"3"
2058,3,4,63,2.13632495000002,"3"
2058,3,5,64,2.42624633000003,"3"
2058,3,6,65,2.86875791,"3"
2058,3,7,66,3.37230557000004,"3"
2058,3,8,67,3.44860067000002,"3"
2058,3,9,68,3.40282361000004,"3"
2058,3,10,69,0.961380410000004,"3"
2058,3,11,70,1.52596414999999,"3"
2058,3,12,71,1.92269867000005,"3"
2058,3,13,72,2.15158397000005,"3"
2058,3,14,73,1.49544611000005,"3"
2058,3,15,74,3.50963675000003,"3"
2058,3,16,75,1.86166259000004,"3"
2058,3,17,76,2.99083007000002,"3"
2058,3,18,77,3.81481715000001,"3"
2058,3,19,78,1.46492807000004,"3"
2058,3,20,79,2.44150535,"3"
2058,3,21,80,3.57067283000003,"3"
2058,3,22,81,3.49437773,"3"
2058,3,23,82,2.73142673000001,"3"
2058,3,24,83,3.52489577,"3"
2058,3,25,84,1.57174121000003,"3"
2058,3,26,85,1.95321670999999,"3"
2058,3,27,86,2.80772182999999,"3"
2058,3,28,87,2.36521025000002,"3"
2058,3,29,88,3.58593185000001,"3"
2058,3,30,89,1.08345257000002,"3"
2058,3,31,90,0.854567270000018,"3"
2059,3,1,60,3.12816125,"3"
2059,3,2,61,1.58700023,"3"
2059,3,3,62,1.89218063000004,"3"
2059,3,4,63,1.98373475,"3"
2059,3,5,64,1.64803631000001,"3"
2059,3,6,65,1.44966905000001,"3"
2059,3,7,66,2.16684299000002,"3"
2059,3,8,67,2.10580691000001,"3"
2059,3,9,68,1.99899377000003,"3"
2059,3,10,69,2.34995123000004,"3"
2059,3,11,70,1.73959043000002,"3"
2059,3,12,71,1.02241649000001,"3"
2059,3,13,72,3.02134811000002,"3"
2059,3,14,73,1.64803631000001,"3"
2059,3,15,74,2.38046926999999,"3"
2059,3,16,75,2.67039065,"3"
2059,3,17,76,3.72326303,"3"
2059,3,18,77,3.35704655000001,"3"
2059,3,19,78,2.50254143000001,"3"
2059,3,20,79,2.15158397000005,"3"
2059,3,21,80,2.48728241000003,"3"
2059,3,22,81,2.62461359000002,"3"
2059,3,23,82,2.85349889000003,"3"
2059,3,24,83,4.02844343000004,"3"
2059,3,25,84,2.04477083,"3"
2059,3,26,85,1.34285591000003,"3"
2059,3,27,86,4.05896147000004,"3"
2059,3,28,87,3.34178753000003,"3"
2059,3,29,88,1.86166259000004,"3"
2059,3,30,89,2.22787907000003,"3"
2059,3,31,90,2.06002985000003,"3"
2060,3,1,61,2.25839711000003,"3"
2060,3,2,62,1.61751827,"3"
2060,3,3,63,1.64803631000001,"3"
2060,3,4,64,4.02844343000004,"3"
2060,3,5,65,3.69274498999999,"3"
2060,3,6,66,3.76904009000003,"3"
2060,3,7,67,1.86166259000004,"3"
2060,3,8,68,2.30417417000001,"3"
2060,3,9,69,2.12106593000004,"3"
2060,3,10,70,1.83114455000003,"3"
2060,3,11,71,1.75484944999999,"3"
2060,3,12,72,1.70907239000002,"3"
2060,3,13,73,2.15158397000005,"3"
2060,3,14,74,3.05186615000002,"3"
2060,3,15,75,3.96740735000003,"3"
2060,3,16,76,1.93795769000002,"3"
2060,3,17,77,2.63987261,"3"
2060,3,18,78,2.71616771000004,"3"
2060,3,19,79,2.24313809,"3"
2060,3,20,80,3.21971537000002,"3"
2060,3,21,81,1.25130179000001,"3"
2060,3,22,82,4.08947951000005,"3"
2060,3,23,83,2.19736103000002,"3"
2060,3,24,84,3.20445635000004,"3"
2060,3,25,85,2.57883653000005,"3"
2060,3,26,86,2.89927595,"3"
2060,3,27,87,5.46279131,"3"
2060,3,28,88,4.13525657000002,"3"
2060,3,29,89,1.99899377000003,"3"
2060,3,30,90,3.03660712999999,"3"
2060,3,31,91,2.79246281000002,"3"
2061,3,1,60,1.43441003000004,"3"
2061,3,2,61,3.50963675000003,"3"
2061,3,3,62,3.15867929000001,"3"
2061,3,4,63,2.04477083,"3"
2061,3,5,64,3.25023341000002,"3"
2061,3,6,65,2.54831849000004,"3"
2061,3,7,66,1.17500669000003,"3"
2061,3,8,67,2.13632495000002,"3"
2061,3,9,68,3.54015479000003,"3"
2061,3,10,69,3.06712517,"3"
2061,3,11,70,1.95321670999999,"3"
2061,3,12,71,0.717236090000029,"3"
2061,3,13,72,2.22787907000003,"3"
2061,3,14,73,2.80772182999999,"3"
2061,3,15,74,1.66329533000004,"3"
2061,3,16,75,1.57174121000003,"3"
2061,3,17,76,2.10580691000001,"3"
2061,3,18,77,3.43334165000005,"3"
2061,3,19,78,4.30310579000002,"3"
2061,3,20,79,3.15867929000001,"3"
2061,3,21,80,2.48728241000003,"3"
2061,3,22,81,2.24313809,"3"
2061,3,23,82,2.99083007000002,"3"
2061,3,24,83,4.95924365000002,"3"
2061,3,25,84,4.54725010999999,"3"
2061,3,26,85,2.79246281000002,"3"
2061,3,27,86,2.71616771000004,"3"
2061,3,28,87,2.96031203000001,"3"
2061,3,29,88,4.30310579000002,"3"
2061,3,30,89,1.73959043000002,"3"
2061,3,31,90,2.48728241000003,"3"
2062,3,1,60,3.35704655000001,"3"
2062,3,2,61,2.28891515000004,"3"
2062,3,3,62,1.77010847000003,"3"
2062,3,4,63,1.40389199000003,"3"
2062,3,5,64,0.900344329999996,"3"
2062,3,6,65,1.25130179000001,"3"
2062,3,7,66,1.93795769000002,"3"
2062,3,8,67,2.47202339,"3"
2062,3,9,68,1.86166259000004,"3"
2062,3,10,69,4.07422049000002,"3"
2062,3,11,70,2.54831849000004,"3"
2062,3,12,71,2.85349889000003,"3"
2062,3,13,72,2.12106593000004,"3"
2062,3,14,73,2.57883653000005,"3"
2062,3,15,74,2.01425279,"3"
2062,3,16,75,2.44150535,"3"
2062,3,17,76,1.43441003000004,"3"
2062,3,18,77,1.63277729000004,"3"
2062,3,19,78,2.88401693000003,"3"
2062,3,20,79,2.85349889000003,"3"
2062,3,21,80,1.99899377000003,"3"
2062,3,22,81,1.34285591000003,"3"
2062,3,23,82,1.19026571000001,"3"
2062,3,24,83,0.152652350000039,"3"
2062,3,25,84,0.79353119000001,"3"
2062,3,26,85,2.12106593000004,"3"
2062,3,27,86,2.88401693000003,"3"
2062,3,28,87,2.07528887000001,"3"
2062,3,29,88,2.79246281000002,"3"
2062,3,30,89,1.51070513000002,"3"
2062,3,31,90,3.83007617000004,"3"
2063,3,1,60,0.747754130000033,"3"
2063,3,2,61,2.15158397000005,"3"
2063,3,3,62,0.94612139000003,"3"
2063,3,4,63,3.87585323000002,"3"
2063,3,5,64,1.38863297,"3"
2063,3,6,65,1.49544611000005,"3"
2063,3,7,66,1.60225925000003,"3"
2063,3,8,67,0.885085310000022,"3"
2063,3,9,68,2.71616771000004,"3"
2063,3,10,69,4.39465991000003,"3"
2063,3,11,70,2.60935456999999,"3"
2063,3,12,71,2.54831849000004,"3"
2063,3,13,72,3.09764321,"3"
2063,3,14,73,2.09054789000004,"3"
2063,3,15,74,1.49544611000005,"3"
2063,3,16,75,1.87692161000001,"3"
2063,3,17,76,1.55648219,"3"
2063,3,18,77,1.02241649000001,"3"
2063,3,19,78,1.29707884999999,"3"
2063,3,20,79,4.04370245000001,"3"
2063,3,21,80,3.41808263000001,"3"
2063,3,22,81,4.76087639000002,"3"
2063,3,23,82,1.72433141000005,"3"
2063,3,24,83,2.38046926999999,"3"
2063,3,25,84,2.65513163000003,"3"
2063,3,26,85,2.41098731,"3"
2063,3,27,86,2.86875791,"3"
2063,3,28,87,3.69274498999999,"3"
2063,3,29,88,1.73959043000002,"3"
2063,3,30,89,1.73959043000002,"3"
2063,3,31,90,1.03767551000004,"3"
2064,3,1,61,3.96740735000003,"3"
2064,3,2,62,2.36521025000002,"3"
2064,3,3,63,1.26656081000004,"3"
2064,3,4,64,0.640940990000047,"3"
2064,3,5,65,1.60225925000003,"3"
2064,3,6,66,3.02134811000002,"3"
2064,3,7,67,1.35811493,"3"
2064,3,8,68,1.00715747000004,"3"
2064,3,9,69,1.66329533000004,"3"
2064,3,10,70,0.915603350000026,"3"
2064,3,11,71,1.78536749,"3"
2064,3,12,72,1.89218063000004,"3"
2064,3,13,73,0.763013150000006,"3"
2064,3,14,74,1.46492807000004,"3"
2064,3,15,75,1.43441003000004,"3"
2064,3,16,76,2.65513163000003,"3"
2064,3,17,77,3.99792539000003,"3"
2064,3,18,78,3.89111224999999,"3"
2064,3,19,79,3.21971537000002,"3"
2064,3,20,80,2.80772182999999,"3"
2064,3,21,81,3.69274498999999,"3"
2064,3,22,82,3.26549243,"3"
2064,3,23,83,2.21262005,"3"
2064,3,24,84,2.39572829000002,"3"
2064,3,25,85,2.10580691000001,"3"
2064,3,26,86,2.18210200999999,"3"
2064,3,27,87,1.80062651000003,"3"
2064,3,28,88,3.21971537000002,"3"
2064,3,29,89,4.31836480999999,"3"
2064,3,30,90,4.07422049000002,"3"
2064,3,31,91,2.22787907000003,"3"
2065,3,1,60,2.34995123000004,"3"
2065,3,2,61,1.69381337000004,"3"
2065,3,3,62,1.15974767,"3"
2065,3,4,63,4.91346659000004,"3"
2065,3,5,64,1.63277729000004,"3"
2065,3,6,65,2.48728241000003,"3"
2065,3,7,66,4.21155167000001,"3"
2065,3,8,67,4.07422049000002,"3"
2065,3,9,68,0.94612139000003,"3"
2065,3,10,69,2.56357751000002,"3"
2065,3,11,70,4.19629265000003,"3"
2065,3,12,71,1.69381337000004,"3"
2065,3,13,72,3.26549243,"3"
2065,3,14,73,4.92872561000001,"3"
2065,3,15,74,2.51780045000004,"3"
2065,3,16,75,3.57067283000003,"3"
2065,3,17,76,1.11397061000002,"3"
2065,3,18,77,2.13632495000002,"3"
2065,3,19,78,2.73142673000001,"3"
2065,3,20,79,2.67039065,"3"
2065,3,21,80,3.66222695000005,"3"
2065,3,22,81,3.11290223000003,"3"
2065,3,23,82,2.88401693000003,"3"
2065,3,24,83,2.82298085000002,"3"
2065,3,25,84,2.71616771000004,"3"
2065,3,26,85,1.60225925000003,"3"
2065,3,27,86,2.01425279,"3"
2065,3,28,87,2.34995123000004,"3"
2065,3,29,88,2.60935456999999,"3"
2065,3,30,89,4.15051559,"3"
2065,3,31,90,5.34071915000004,"3"
2066,3,1,60,2.13632495000002,"3"
2066,3,2,61,1.89218063000004,"3"
2066,3,3,62,3.12816125,"3"
2066,3,4,63,2.15158397000005,"3"
2066,3,5,64,2.51780045000004,"3"
2066,3,6,65,3.64696793000002,"3"
2066,3,7,66,3.03660712999999,"3"
2066,3,8,67,1.35811493,"3"
2066,3,9,68,2.16684299000002,"3"
2066,3,10,69,2.97557105000004,"3"
2066,3,11,70,2.56357751000002,"3"
2066,3,12,71,2.34995123000004,"3"
2066,3,13,72,2.41098731,"3"
2066,3,14,73,1.48018709000002,"3"
2066,3,15,74,3.00608909000005,"3"
2066,3,16,75,3.83007617000004,"3"
2066,3,17,76,2.25839711000003,"3"
2066,3,18,77,0.915603350000026,"3"
2066,3,19,78,2.47202339,"3"
2066,3,20,79,3.18919733000001,"3"
2066,3,21,80,3.32652851,"3"
2066,3,22,81,1.73959043000002,"3"
2066,3,23,82,4.02844343000004,"3"
2066,3,24,83,2.25839711000003,"3"
2066,3,25,84,0.747754130000033,"3"
2066,3,26,85,1.12922963,"3"
2066,3,27,86,2.15158397000005,"3"
2066,3,28,87,2.06002985000003,"3"
2066,3,29,88,2.30417417000001,"3"
2066,3,30,89,2.21262005,"3"
2066,3,31,90,2.97557105000004,"3"
2067,3,1,60,0.625681970000016,"3"
2067,3,2,61,0.869826289999992,"3"
2067,3,3,62,3.17393831000004,"3"
2067,3,4,63,2.51780045000004,"3"
2067,3,5,64,1.19026571000001,"3"
2067,3,6,65,2.79246281000002,"3"
2067,3,7,66,3.08238419000003,"3"
2067,3,8,67,3.12816125,"3"
2067,3,9,68,1.25130179000001,"3"
2067,3,10,69,2.33469221000001,"3"
2067,3,11,70,1.67855435000001,"3"
2067,3,12,71,2.96031203000001,"3"
2067,3,13,72,2.33469221000001,"3"
2067,3,14,73,1.78536749,"3"
2067,3,15,74,1.46492807000004,"3"
2067,3,16,75,3.57067283000003,"3"
2067,3,17,76,4.02844343000004,"3"
2067,3,18,77,2.89927595,"3"
2067,3,19,78,2.86875791,"3"
2067,3,20,79,2.65513163000003,"3"
2067,3,21,80,1.60225925000003,"3"
2067,3,22,81,4.74561736999999,"3"
2067,3,23,82,2.99083007000002,"3"
2067,3,24,83,1.48018709000002,"3"
2067,3,25,84,0.65620001000002,"3"
2067,3,26,85,3.66222695000005,"3"
2067,3,27,86,2.28891515000004,"3"
2067,3,28,87,2.76194477000001,"3"
2067,3,29,88,2.22787907000003,"3"
2067,3,30,89,2.45676437000003,"3"
2067,3,31,90,3.67748597000002,"3"
2068,3,1,61,2.68564967000003,"3"
2068,3,2,62,2.28891515000004,"3"
2068,3,3,63,3.20445635000004,"3"
2068,3,4,64,1.51070513000002,"3"
2068,3,5,65,3.18919733000001,"3"
2068,3,6,66,1.96847573000002,"3"
2068,3,7,67,2.02951181000003,"3"
2068,3,8,68,3.25023341000002,"3"
2068,3,9,69,2.92979399000001,"3"
2068,3,10,70,3.63170891000004,"3"
2068,3,11,71,2.24313809,"3"
2068,3,12,72,3.89111224999999,"3"
2068,3,13,73,3.05186615000002,"3"
2068,3,14,74,2.94505301000004,"3"
2068,3,15,75,1.78536749,"3"
2068,3,16,76,2.88401693000003,"3"
2068,3,17,77,2.65513163000003,"3"
2068,3,18,78,3.86059421000004,"3"
2068,3,19,79,2.39572829000002,"3"
2068,3,20,80,3.15867929000001,"3"
2068,3,21,81,3.54015479000003,"3"
2068,3,22,82,1.60225925000003,"3"
2068,3,23,83,0.79353119000001,"3"
2068,3,24,84,2.33469221000001,"3"
2068,3,25,85,3.43334165000005,"3"
2068,3,26,86,3.08238419000003,"3"
2068,3,27,87,2.02951181000003,"3"
2068,3,28,88,2.59409555000002,"3"
2068,3,29,89,2.38046926999999,"3"
2068,3,30,90,4.94398463000005,"3"
2068,3,31,91,3.21971537000002,"3"
2069,3,1,60,2.63987261,"3"
2069,3,2,61,2.79246281000002,"3"
2069,3,3,62,1.75484944999999,"3"
2069,3,4,63,2.41098731,"3"
2069,3,5,64,1.52596414999999,"3"
2069,3,6,65,1.08345257000002,"3"
2069,3,7,66,1.84640357000001,"3"
2069,3,8,67,1.29707884999999,"3"
2069,3,9,68,1.12922963,"3"
2069,3,10,69,1.93795769000002,"3"
2069,3,11,70,2.18210200999999,"3"
2069,3,12,71,1.98373475,"3"
2069,3,13,72,2.62461359000002,"3"
2069,3,14,73,1.67855435000001,"3"
2069,3,15,74,0.885085310000022,"3"
2069,3,16,75,1.95321670999999,"3"
2069,3,17,76,3.35704655000001,"3"
2069,3,18,77,1.69381337000004,"3"
2069,3,19,78,2.18210200999999,"3"
2069,3,20,79,3.23497439000005,"3"
2069,3,21,80,2.21262005,"3"
2069,3,22,81,2.42624633000003,"3"
2069,3,23,82,2.99083007000002,"3"
2069,3,24,83,3.54015479000003,"3"
2069,3,25,84,4.30310579000002,"3"
2069,3,26,85,2.62461359000002,"3"
2069,3,27,86,2.19736103000002,"3"
2069,3,28,87,1.14448865000003,"3"
2069,3,29,88,2.33469221000001,"3"
2069,3,30,89,0.534127850000004,"3"
2069,3,31,90,2.70090869000001,"3"
2070,3,1,60,2.54831849000004,"3"
2070,3,2,61,2.45676437000003,"3"
2070,3,3,62,4.88294855000004,"3"
2070,3,4,63,5.37123719000004,"3"
2070,3,5,64,2.41098731,"3"
2070,3,6,65,2.70090869000001,"3"
2070,3,7,66,2.51780045000004,"3"
2070,3,8,67,1.34285591000003,"3"
2070,3,9,68,1.02241649000001,"3"
2070,3,10,69,1.67855435000001,"3"
2070,3,11,70,1.46492807000004,"3"
2070,3,12,71,1.77010847000003,"3"
2070,3,13,72,2.15158397000005,"3"
2070,3,14,73,1.32759689,"3"
2070,3,15,74,1.09871158999999,"3"
2070,3,16,75,2.25839711000003,"3"
2070,3,17,76,2.34995123000004,"3"
2070,3,18,77,3.41808263000001,"3"
2070,3,19,78,3.03660712999999,"3"
2070,3,20,79,1.78536749,"3"
2070,3,21,80,3.02134811000002,"3"
2070,3,22,81,2.53305947000001,"3"
2070,3,23,82,1.99899377000003,"3"
2070,3,24,83,2.67039065,"3"
2070,3,25,84,4.76087639000002,"3"
2070,3,26,85,3.12816125,"3"
2070,3,27,86,3.00608909000005,"3"
2070,3,28,87,2.76194477000001,"3"
2070,3,29,88,2.07528887000001,"3"
2070,3,30,89,2.51780045000004,"3"
2070,3,31,90,1.34285591000003,"3"
2071,3,1,60,1.35811493,"3"
2071,3,2,61,0.778272170000037,"3"
2071,3,3,62,2.33469221000001,"3"
2071,3,4,63,3.06712517,"3"
2071,3,5,64,2.44150535,"3"
2071,3,6,65,0.839308250000045,"3"
2071,3,7,66,2.33469221000001,"3"
2071,3,8,67,1.81588553,"3"
2071,3,9,68,1.00715747000004,"3"
2071,3,10,69,1.90743965000001,"3"
2071,3,11,70,4.08947951000005,"3"
2071,3,12,71,2.99083007000002,"3"
2071,3,13,72,3.35704655000001,"3"
2071,3,14,73,2.44150535,"3"
2071,3,15,74,2.82298085000002,"3"
2071,3,16,75,4.48621403000004,"3"
2071,3,17,76,5.60012249000005,"3"
2071,3,18,77,4.11999754999999,"3"
2071,3,19,78,1.75484944999999,"3"
2071,3,20,79,2.74668575000004,"3"
2071,3,21,80,2.97557105000004,"3"
2071,3,22,81,3.52489577,"3"
2071,3,23,82,4.56250913000002,"3"
2071,3,24,83,3.06712517,"3"
2071,3,25,84,2.42624633000003,"3"
2071,3,26,85,3.31126949000003,"3"
2071,3,27,86,4.92872561000001,"3"
2071,3,28,87,2.50254143000001,"3"
2071,3,29,88,1.70907239000002,"3"
2071,3,30,89,4.34888285,"3"
2071,3,31,90,3.20445635000004,"3"
2072,3,1,61,4.05896147000004,"3"
2072,3,2,62,2.53305947000001,"3"
2072,3,3,63,2.47202339,"3"
2072,3,4,64,2.51780045000004,"3"
2072,3,5,65,2.25839711000003,"3"
2072,3,6,66,3.18919733000001,"3"
2072,3,7,67,1.44966905000001,"3"
2072,3,8,68,1.28181983000002,"3"
2072,3,9,69,1.84640357000001,"3"
2072,3,10,70,2.38046926999999,"3"
2072,3,11,71,1.15974767,"3"
2072,3,12,72,1.55648219,"3"
2072,3,13,73,2.59409555000002,"3"
2072,3,14,74,4.69984031000001,"3"
2072,3,15,75,1.83114455000003,"3"
2072,3,16,76,1.75484944999999,"3"
2072,3,17,77,4.18103363,"3"
2072,3,18,78,3.26549243,"3"
2072,3,19,79,2.04477083,"3"
2072,3,20,80,1.89218063000004,"3"
2072,3,21,81,2.63987261,"3"
2072,3,22,82,2.21262005,"3"
2072,3,23,83,5.14235189000004,"3"
2072,3,24,84,2.86875791,"3"
2072,3,25,85,0.717236090000029,"3"
2072,3,26,86,2.10580691000001,"3"
2072,3,27,87,2.09054789000004,"3"
2072,3,28,88,3.23497439000005,"3"
2072,3,29,89,3.06712517,"3"
2072,3,30,90,1.26656081000004,"3"
2072,3,31,91,2.77720379000004,"3"
2073,3,1,60,2.02951181000003,"3"
2073,3,2,61,2.77720379000004,"3"
2073,3,3,62,1.57174121000003,"3"
2073,3,4,63,1.40389199000003,"3"
2073,3,5,64,2.25839711000003,"3"
2073,3,6,65,3.15867929000001,"3"
2073,3,7,66,2.47202339,"3"
2073,3,8,67,1.02241649000001,"3"
2073,3,9,68,1.84640357000001,"3"
2073,3,10,69,1.86166259000004,"3"
2073,3,11,70,2.33469221000001,"3"
2073,3,12,71,2.41098731,"3"
2073,3,13,72,1.80062651000003,"3"
2073,3,14,73,2.68564967000003,"3"
2073,3,15,74,4.74561736999999,"3"
2073,3,16,75,3.87585323000002,"3"
2073,3,17,76,2.10580691000001,"3"
2073,3,18,77,2.42624633000003,"3"
2073,3,19,78,1.73959043000002,"3"
2073,3,20,79,3.15867929000001,"3"
2073,3,21,80,1.63277729000004,"3"
2073,3,22,81,3.35704655000001,"3"
2073,3,23,82,2.91453497000003,"3"
2073,3,24,83,7.40068685,"3"
2073,3,25,84,3.96740735000003,"3"
2073,3,26,85,1.92269867000005,"3"
2073,3,27,86,2.65513163000003,"3"
2073,3,28,87,2.15158397000005,"3"
2073,3,29,88,1.86166259000004,"3"
2073,3,30,89,3.40282361000004,"3"
2073,3,31,90,0.94612139000003,"3"
2074,3,1,60,2.07528887000001,"3"
2074,3,2,61,3.06712517,"3"
2074,3,3,62,3.46385968999999,"3"
2074,3,4,63,3.50963675000003,"3"
2074,3,5,64,3.17393831000004,"3"
2074,3,6,65,4.07422049000002,"3"
2074,3,7,66,2.28891515000004,"3"
2074,3,8,67,2.73142673000001,"3"
2074,3,9,68,3.14342027000004,"3"
2074,3,10,69,2.33469221000001,"3"
2074,3,11,70,1.66329533000004,"3"
2074,3,12,71,2.22787907000003,"3"
2074,3,13,72,3.92163029,"3"
2074,3,14,73,4.33362383000002,"3"
2074,3,15,74,2.70090869000001,"3"
2074,3,16,75,4.22681069000004,"3"
2074,3,17,76,3.50963675000003,"3"
2074,3,18,77,3.09764321,"3"
2074,3,19,78,0.79353119000001,"3"
2074,3,20,79,1.72433141000005,"3"
2074,3,21,80,3.52489577,"3"
2074,3,22,81,1.86166259000004,"3"
2074,3,23,82,2.99083007000002,"3"
2074,3,24,83,2.30417417000001,"3"
2074,3,25,84,2.31943319000004,"3"
2074,3,26,85,1.38863297,"3"
2074,3,27,86,3.90637127000002,"3"
2074,3,28,87,3.34178753000003,"3"
2074,3,29,88,2.97557105000004,"3"
2074,3,30,89,3.02134811000002,"3"
2074,3,31,90,1.86166259000004,"3"
2075,3,1,60,2.34995123000004,"3"
2075,3,2,61,2.21262005,"3"
2075,3,3,62,1.35811493,"3"
2075,3,4,63,1.11397061000002,"3"
2075,3,5,64,1.58700023,"3"
2075,3,6,65,2.07528887000001,"3"
2075,3,7,66,2.36521025000002,"3"
2075,3,8,67,2.96031203000001,"3"
2075,3,9,68,3.69274498999999,"3"
2075,3,10,69,2.86875791,"3"
2075,3,11,70,2.71616771000004,"3"
2075,3,12,71,1.41915101000001,"3"
2075,3,13,72,2.54831849000004,"3"
2075,3,14,73,3.78429911000001,"3"
2075,3,15,74,3.38756459000001,"3"
2075,3,16,75,2.70090869000001,"3"
2075,3,17,76,2.48728241000003,"3"
2075,3,18,77,2.97557105000004,"3"
2075,3,19,78,2.41098731,"3"
2075,3,20,79,1.20552473000004,"3"
2075,3,21,80,1.98373475,"3"
2075,3,22,81,1.69381337000004,"3"
2075,3,23,82,3.02134811000002,"3"
2075,3,24,83,1.49544611000005,"3"
2075,3,25,84,2.06002985000003,"3"
2075,3,26,85,3.69274498999999,"3"
2075,3,27,86,3.18919733000001,"3"
2075,3,28,87,1.81588553,"3"
2075,3,29,88,2.63987261,"3"
2075,3,30,89,5.40175522999999,"3"
2075,3,31,90,3.41808263000001,"3"
2076,3,1,61,2.21262005,"3"
2076,3,2,62,4.07422049000002,"3"
2076,3,3,63,2.67039065,"3"
2076,3,4,64,2.15158397000005,"3"
2076,3,5,65,2.36521025000002,"3"
2076,3,6,66,2.34995123000004,"3"
2076,3,7,67,1.73959043000002,"3"
2076,3,8,68,2.41098731,"3"
2076,3,9,69,2.70090869000001,"3"
2076,3,10,70,1.20552473000004,"3"
2076,3,11,71,2.88401693000003,"3"
2076,3,12,72,3.15867929000001,"3"
2076,3,13,73,3.00608909000005,"3"
2076,3,14,74,3.50963675000003,"3"
2076,3,15,75,4.65406325000004,"3"
2076,3,16,76,2.47202339,"3"
2076,3,17,77,2.18210200999999,"3"
2076,3,18,78,2.31943319000004,"3"
2076,3,19,79,1.84640357000001,"3"
2076,3,20,80,2.19736103000002,"3"
2076,3,21,81,4.77613541,"3"
2076,3,22,82,4.80665345,"3"
2076,3,23,83,1.87692161000001,"3"
2076,3,24,84,3.03660712999999,"3"
2076,3,25,85,3.11290223000003,"3"
2076,3,26,86,3.63170891000004,"3"
2076,3,27,87,4.71509933000004,"3"
2076,3,28,88,5.35597817000001,"3"
2076,3,29,89,2.67039065,"3"
2076,3,30,90,2.50254143000001,"3"
2076,3,31,91,1.23604277000004,"3"
2077,3,1,60,3.14342027000004,"3"
2077,3,2,61,4.36414187000003,"3"
2077,3,3,62,0.93086237,"3"
2077,3,4,63,1.99899377000003,"3"
2077,3,5,64,3.40282361000004,"3"
2077,3,6,65,1.03767551000004,"3"
2077,3,7,66,1.54122317000002,"3"
2077,3,8,67,2.25839711000003,"3"
2077,3,9,68,3.05186615000002,"3"
2077,3,10,69,3.44860067000002,"3"
2077,3,11,70,1.58700023,"3"
2077,3,12,71,3.02134811000002,"3"
2077,3,13,72,1.58700023,"3"
2077,3,14,73,2.42624633000003,"3"
2077,3,15,74,4.42517795000003,"3"
2077,3,16,75,4.39465991000003,"3"
2077,3,17,76,3.12816125,"3"
2077,3,18,77,2.06002985000003,"3"
2077,3,19,78,1.08345257000002,"3"
2077,3,20,79,1.93795769000002,"3"
2077,3,21,80,1.73959043000002,"3"
2077,3,22,81,3.38756459000001,"3"
2077,3,23,82,2.06002985000003,"3"
2077,3,24,83,3.66222695000005,"3"
2077,3,25,84,4.50147305000002,"3"
2077,3,26,85,3.15867929000001,"3"
2077,3,27,86,1.29707884999999,"3"
2077,3,28,87,2.21262005,"3"
2077,3,29,88,3.87585323000002,"3"
2077,3,30,89,4.36414187000003,"3"
2077,3,31,90,1.48018709000002,"3"
2078,3,1,60,2.21262005,"3"
2078,3,2,61,3.96740735000003,"3"
2078,3,3,62,2.65513163000003,"3"
2078,3,4,63,2.13632495000002,"3"
2078,3,5,64,2.30417417000001,"3"
2078,3,6,65,2.19736103000002,"3"
2078,3,7,66,2.68564967000003,"3"
2078,3,8,67,2.89927595,"3"
2078,3,9,68,4.82191247000003,"3"
2078,3,10,69,2.71616771000004,"3"
2078,3,11,70,2.45676437000003,"3"
2078,3,12,71,1.43441003000004,"3"
2078,3,13,72,2.19736103000002,"3"
2078,3,14,73,2.94505301000004,"3"
2078,3,15,74,3.58593185000001,"3"
2078,3,16,75,3.26549243,"3"
2078,3,17,76,2.01425279,"3"
2078,3,18,77,2.68564967000003,"3"
2078,3,19,78,2.83823987,"3"
2078,3,20,79,2.38046926999999,"3"
2078,3,21,80,1.58700023,"3"
2078,3,22,81,1.64803631000001,"3"
2078,3,23,82,2.33469221000001,"3"
2078,3,24,83,3.03660712999999,"3"
2078,3,25,84,2.10580691000001,"3"
2078,3,26,85,3.58593185000001,"3"
2078,3,27,86,2.60935456999999,"3"
2078,3,28,87,1.98373475,"3"
2078,3,29,88,2.24313809,"3"
2078,3,30,89,1.75484944999999,"3"
2078,3,31,90,2.19736103000002,"3"
2079,3,1,60,3.55541381,"3"
2079,3,2,61,1.84640357000001,"3"
2079,3,3,62,2.04477083,"3"
2079,3,4,63,2.09054789000004,"3"
2079,3,5,64,2.45676437000003,"3"
2079,3,6,65,2.12106593000004,"3"
2079,3,7,66,0.854567270000018,"3"
2079,3,8,67,1.46492807000004,"3"
2079,3,9,68,1.40389199000003,"3"
2079,3,10,69,2.91453497000003,"3"
2079,3,11,70,3.83007617000004,"3"
2079,3,12,71,2.33469221000001,"3"
2079,3,13,72,2.16684299000002,"3"
2079,3,14,73,2.10580691000001,"3"
2079,3,15,74,1.32759689,"3"
2079,3,16,75,1.34285591000003,"3"
2079,3,17,76,2.18210200999999,"3"
2079,3,18,77,2.67039065,"3"
2079,3,19,78,5.00502071,"3"
2079,3,20,79,3.95214833,"3"
2079,3,21,80,3.05186615000002,"3"
2079,3,22,81,1.81588553,"3"
2079,3,23,82,2.45676437000003,"3"
2079,3,24,83,2.28891515000004,"3"
2079,3,25,84,1.28181983000002,"3"
2079,3,26,85,1.41915101000001,"3"
2079,3,27,86,3.17393831000004,"3"
2079,3,28,87,2.60935456999999,"3"
2079,3,29,88,2.77720379000004,"3"
2079,3,30,89,3.17393831000004,"3"
2079,3,31,90,3.72326303,"3"
2080,3,1,61,0.579904910000039,"3"
2080,3,2,62,2.22787907000003,"3"
2080,3,3,63,2.77720379000004,"3"
2080,3,4,64,2.39572829000002,"3"
2080,3,5,65,1.51070513000002,"3"
2080,3,6,66,3.14342027000004,"3"
2080,3,7,67,4.65406325000004,"3"
2080,3,8,68,3.03660712999999,"3"
2080,3,9,69,2.56357751000002,"3"
2080,3,10,70,3.50963675000003,"3"
2080,3,11,71,1.70907239000002,"3"
2080,3,12,72,1.73959043000002,"3"
2080,3,13,73,2.71616771000004,"3"
2080,3,14,74,1.05293453000002,"3"
2080,3,15,75,0.671459029999994,"3"
2080,3,16,76,0.915603350000026,"3"
2080,3,17,77,2.28891515000004,"3"
2080,3,18,78,2.96031203000001,"3"
2080,3,19,79,2.45676437000003,"3"
2080,3,20,80,2.47202339,"3"
2080,3,21,81,2.74668575000004,"3"
2080,3,22,82,1.38863297,"3"
2080,3,23,83,2.09054789000004,"3"
2080,3,24,84,1.75484944999999,"3"
2080,3,25,85,3.55541381,"3"
2080,3,26,86,2.31943319000004,"3"
2080,3,27,87,1.06819355000005,"3"
2080,3,28,88,3.21971537000002,"3"
2080,3,29,89,2.86875791,"3"
2080,3,30,90,5.49330935,"3"
2080,3,31,91,2.42624633000003,"3"
2081,3,1,60,2.79246281000002,"3"
2081,3,2,61,4.86768953000001,"3"
2081,3,3,62,2.96031203000001,"3"
2081,3,4,63,1.35811493,"3"
2081,3,5,64,1.90743965000001,"3"
2081,3,6,65,2.36521025000002,"3"
2081,3,7,66,2.12106593000004,"3"
2081,3,8,67,2.89927595,"3"
2081,3,9,68,2.76194477000001,"3"
2081,3,10,69,2.30417417000001,"3"
2081,3,11,70,3.28075145000003,"3"
2081,3,12,71,2.59409555000002,"3"
2081,3,13,72,1.26656081000004,"3"
2081,3,14,73,1.19026571000001,"3"
2081,3,15,74,1.95321670999999,"3"
2081,3,16,75,4.24206971000001,"3"
2081,3,17,76,5.50856837000003,"3"
2081,3,18,77,1.72433141000005,"3"
2081,3,19,78,1.40389199000003,"3"
2081,3,20,79,3.02134811000002,"3"
2081,3,21,80,3.41808263000001,"3"
2081,3,22,81,2.71616771000004,"3"
2081,3,23,82,1.78536749,"3"
2081,3,24,83,1.48018709000002,"3"
2081,3,25,84,2.34995123000004,"3"
2081,3,26,85,2.67039065,"3"
2081,3,27,86,3.72326303,"3"
2081,3,28,87,3.18919733000001,"3"
2081,3,29,88,2.50254143000001,"3"
2081,3,30,89,2.31943319000004,"3"
2081,3,31,90,2.91453497000003,"3"
2082,3,1,60,2.01425279,"3"
2082,3,2,61,2.73142673000001,"3"
2082,3,3,62,3.60119087000004,"3"
2082,3,4,63,0.976639430000034,"3"
2082,3,5,64,2.45676437000003,"3"
2082,3,6,65,1.11397061000002,"3"
2082,3,7,66,2.82298085000002,"3"
2082,3,8,67,2.25839711000003,"3"
2082,3,9,68,1.77010847000003,"3"
2082,3,10,69,1.06819355000005,"3"
2082,3,11,70,2.12106593000004,"3"
2082,3,12,71,2.50254143000001,"3"
2082,3,13,72,3.46385968999999,"3"
2082,3,14,73,2.38046926999999,"3"
2082,3,15,74,1.20552473000004,"3"
2082,3,16,75,3.67748597000002,"3"
2082,3,17,76,1.63277729000004,"3"
2082,3,18,77,2.22787907000003,"3"
2082,3,19,78,5.72219465000001,"3"
2082,3,20,79,3.05186615000002,"3"
2082,3,21,80,2.77720379000004,"3"
2082,3,22,81,2.15158397000005,"3"
2082,3,23,82,1.92269867000005,"3"
2082,3,24,83,2.65513163000003,"3"
2082,3,25,84,3.31126949000003,"3"
2082,3,26,85,4.45569599000004,"3"
2082,3,27,86,2.41098731,"3"
2082,3,28,87,3.02134811000002,"3"
2082,3,29,88,2.34995123000004,"3"
2082,3,30,89,3.55541381,"3"
2082,3,31,90,1.92269867000005,"3"
2083,3,1,60,2.01425279,"3"
2083,3,2,61,2.54831849000004,"3"
2083,3,3,62,2.10580691000001,"3"
2083,3,4,63,4.59302717000003,"3"
2083,3,5,64,2.31943319000004,"3"
2083,3,6,65,1.37337395000003,"3"
2083,3,7,66,1.05293453000002,"3"
2083,3,8,67,2.06002985000003,"3"
2083,3,9,68,2.67039065,"3"
2083,3,10,69,4.22681069000004,"3"
2083,3,11,70,2.62461359000002,"3"
2083,3,12,71,4.16577461000003,"3"
2083,3,13,72,3.50963675000003,"3"
2083,3,14,73,1.75484944999999,"3"
2083,3,15,74,0.747754130000033,"3"
2083,3,16,75,2.51780045000004,"3"
2083,3,17,76,1.84640357000001,"3"
2083,3,18,77,2.25839711000003,"3"
2083,3,19,78,3.29601047,"3"
2083,3,20,79,3.34178753000003,"3"
2083,3,21,80,1.96847573000002,"3"
2083,3,22,81,3.20445635000004,"3"
2083,3,23,82,2.24313809,"3"
2083,3,24,83,3.15867929000001,"3"
2083,3,25,84,3.00608909000005,"3"
2083,3,26,85,2.50254143000001,"3"
2083,3,27,86,3.52489577,"3"
2083,3,28,87,2.21262005,"3"
2083,3,29,88,2.77720379000004,"3"
2083,3,30,89,1.75484944999999,"3"
2083,3,31,90,1.98373475,"3"
2084,3,1,61,3.99792539000003,"3"
2084,3,2,62,2.01425279,"3"
2084,3,3,63,1.84640357000001,"3"
2084,3,4,64,2.44150535,"3"
2084,3,5,65,3.00608909000005,"3"
2084,3,6,66,2.71616771000004,"3"
2084,3,7,67,2.38046926999999,"3"
2084,3,8,68,0.610422950000043,"3"
2084,3,9,69,2.89927595,"3"
2084,3,10,70,1.46492807000004,"3"
2084,3,11,71,3.21971537000002,"3"
2084,3,12,72,4.18103363,"3"
2084,3,13,73,1.40389199000003,"3"
2084,3,14,74,2.04477083,"3"
2084,3,15,75,2.30417417000001,"3"
2084,3,16,76,2.96031203000001,"3"
2084,3,17,77,1.96847573000002,"3"
2084,3,18,78,1.98373475,"3"
2084,3,19,79,1.28181983000002,"3"
2084,3,20,80,1.60225925000003,"3"
2084,3,21,81,3.08238419000003,"3"
2084,3,22,82,2.30417417000001,"3"
2084,3,23,83,2.19736103000002,"3"
2084,3,24,84,2.79246281000002,"3"
2084,3,25,85,1.12922963,"3"
2084,3,26,86,1.38863297,"3"
2084,3,27,87,2.24313809,"3"
2084,3,28,88,2.91453497000003,"3"
2084,3,29,89,5.18812895000002,"3"
2084,3,30,90,3.41808263000001,"3"
2084,3,31,91,1.64803631000001,"3"
2085,3,1,60,1.51070513000002,"3"
2085,3,2,61,2.06002985000003,"3"
2085,3,3,62,2.51780045000004,"3"
2085,3,4,63,4.21155167000001,"3"
2085,3,5,64,3.60119087000004,"3"
2085,3,6,65,3.34178753000003,"3"
2085,3,7,66,0.564645890000008,"3"
2085,3,8,67,1.67855435000001,"3"
2085,3,9,68,4.51673207000005,"3"
2085,3,10,69,5.47805033000003,"3"
2085,3,11,70,1.26656081000004,"3"
2085,3,12,71,2.07528887000001,"3"
2085,3,13,72,0.885085310000022,"3"
2085,3,14,73,2.79246281000002,"3"
2085,3,15,74,1.84640357000001,"3"
2085,3,16,75,2.45676437000003,"3"
2085,3,17,76,2.01425279,"3"
2085,3,18,77,2.13632495000002,"3"
2085,3,19,78,2.92979399000001,"3"
2085,3,20,79,4.98976169000002,"3"
2085,3,21,80,2.77720379000004,"3"
2085,3,22,81,2.60935456999999,"3"
2085,3,23,82,1.96847573000002,"3"
2085,3,24,83,1.12922963,"3"
2085,3,25,84,0.488350790000027,"3"
2085,3,26,85,3.46385968999999,"3"
2085,3,27,86,1.17500669000003,"3"
2085,3,28,87,2.54831849000004,"3"
2085,3,29,88,0.518868830000031,"3"
2085,3,30,89,0.991898450000008,"3"
2085,3,31,90,2.16684299000002,"3"
2086,3,1,60,1.05293453000002,"3"
2086,3,2,61,1.41915101000001,"3"
2086,3,3,62,1.64803631000001,"3"
2086,3,4,63,3.86059421000004,"3"
2086,3,5,64,4.04370245000001,"3"
2086,3,6,65,3.21971537000002,"3"
2086,3,7,66,2.21262005,"3"
2086,3,8,67,3.08238419000003,"3"
2086,3,9,68,2.53305947000001,"3"
2086,3,10,69,1.19026571000001,"3"
2086,3,11,70,2.33469221000001,"3"
2086,3,12,71,2.67039065,"3"
2086,3,13,72,4.01318441000001,"3"
2086,3,14,73,1.98373475,"3"
2086,3,15,74,1.02241649000001,"3"
2086,3,16,75,3.52489577,"3"
2086,3,17,76,2.83823987,"3"
2086,3,18,77,2.33469221000001,"3"
2086,3,19,78,3.12816125,"3"
2086,3,20,79,1.98373475,"3"
2086,3,21,80,2.97557105000004,"3"
2086,3,22,81,2.70090869000001,"3"
2086,3,23,82,3.14342027000004,"3"
2086,3,24,83,2.83823987,"3"
2086,3,25,84,4.79139443000003,"3"
2086,3,26,85,3.87585323000002,"3"
2086,3,27,86,4.69984031000001,"3"
2086,3,28,87,3.03660712999999,"3"
2086,3,29,88,2.96031203000001,"3"
2086,3,30,89,3.00608909000005,"3"
2086,3,31,90,4.92872561000001,"3"
2087,3,1,60,2.39572829000002,"3"
2087,3,2,61,3.34178753000003,"3"
2087,3,3,62,3.86059421000004,"3"
2087,3,4,63,1.77010847000003,"3"
2087,3,5,64,1.75484944999999,"3"
2087,3,6,65,3.61644989000001,"3"
2087,3,7,66,3.44860067000002,"3"
2087,3,8,67,4.15051559,"3"
2087,3,9,68,2.12106593000004,"3"
2087,3,10,69,1.31233787000002,"3"
2087,3,11,70,2.12106593000004,"3"
2087,3,12,71,2.36521025000002,"3"
2087,3,13,72,2.16684299000002,"3"
2087,3,14,73,2.51780045000004,"3"
2087,3,15,74,2.09054789000004,"3"
2087,3,16,75,4.44043697000001,"3"
2087,3,17,76,7.91949353000001,"3"
2087,3,18,77,2.88401693000003,"3"
2087,3,19,78,1.32759689,"3"
2087,3,20,79,2.21262005,"3"
2087,3,21,80,3.20445635000004,"3"
2087,3,22,81,3.67748597000002,"3"
2087,3,23,82,2.88401693000003,"3"
2087,3,24,83,5.60012249000005,"3"
2087,3,25,84,4.82191247000003,"3"
2087,3,26,85,3.55541381,"3"
2087,3,27,86,1.67855435000001,"3"
2087,3,28,87,2.12106593000004,"3"
2087,3,29,88,2.79246281000002,"3"
2087,3,30,89,5.76797171000004,"3"
2087,3,31,90,2.30417417000001,"3"
2088,3,1,61,2.16684299000002,"3"
2088,3,2,62,2.34995123000004,"3"
2088,3,3,63,1.40389199000003,"3"
2088,3,4,64,1.93795769000002,"3"
2088,3,5,65,2.01425279,"3"
2088,3,6,66,1.90743965000001,"3"
2088,3,7,67,2.44150535,"3"
2088,3,8,68,1.48018709000002,"3"
2088,3,9,69,2.86875791,"3"
2088,3,10,70,1.37337395000003,"3"
2088,3,11,71,2.47202339,"3"
2088,3,12,72,2.30417417000001,"3"
2088,3,13,73,1.31233787000002,"3"
2088,3,14,74,1.69381337000004,"3"
2088,3,15,75,2.85349889000003,"3"
2088,3,16,76,2.12106593000004,"3"
2088,3,17,77,0.869826289999992,"3"
2088,3,18,78,2.80772182999999,"3"
2088,3,19,79,2.18210200999999,"3"
2088,3,20,80,3.18919733000001,"3"
2088,3,21,81,2.47202339,"3"
2088,3,22,82,1.75484944999999,"3"
2088,3,23,83,1.34285591000003,"3"
2088,3,24,84,2.88401693000003,"3"
2088,3,25,85,0.961380410000004,"3"
2088,3,26,86,3.44860067000002,"3"
2088,3,27,87,5.21864699000002,"3"
2088,3,28,88,1.08345257000002,"3"
2088,3,29,89,2.60935456999999,"3"
2088,3,30,90,2.31943319000004,"3"
2088,3,31,91,1.40389199000003,"3"
2089,3,1,60,5.18812895000002,"3"
2089,3,2,61,3.73852205000003,"3"
2089,3,3,62,3.67748597000002,"3"
2089,3,4,63,2.09054789000004,"3"
2089,3,5,64,1.78536749,"3"
2089,3,6,65,3.37230557000004,"3"
2089,3,7,66,1.00715747000004,"3"
2089,3,8,67,1.95321670999999,"3"
2089,3,9,68,3.00608909000005,"3"
2089,3,10,69,2.88401693000003,"3"
2089,3,11,70,2.15158397000005,"3"
2089,3,12,71,2.56357751000002,"3"
2089,3,13,72,3.29601047,"3"
2089,3,14,73,2.83823987,"3"
2089,3,15,74,2.21262005,"3"
2089,3,16,75,1.66329533000004,"3"
2089,3,17,76,2.51780045000004,"3"
2089,3,18,77,2.79246281000002,"3"
2089,3,19,78,3.00608909000005,"3"
2089,3,20,79,2.50254143000001,"3"
2089,3,21,80,2.74668575000004,"3"
2089,3,22,81,3.03660712999999,"3"
2089,3,23,82,3.78429911000001,"3"
2089,3,24,83,3.50963675000003,"3"
2089,3,25,84,2.13632495000002,"3"
2089,3,26,85,3.70800401000002,"3"
2089,3,27,86,3.78429911000001,"3"
2089,3,28,87,3.05186615000002,"3"
2089,3,29,88,3.98266637,"3"
2089,3,30,89,1.49544611000005,"3"
2089,3,31,90,3.29601047,"3"
2090,3,1,60,3.14342027000004,"3"
2090,3,2,61,1.70907239000002,"3"
2090,3,3,62,1.26656081000004,"3"
2090,3,4,63,2.19736103000002,"3"
2090,3,5,64,2.73142673000001,"3"
2090,3,6,65,2.70090869000001,"3"
2090,3,7,66,2.30417417000001,"3"
2090,3,8,67,1.08345257000002,"3"
2090,3,9,68,2.67039065,"3"
2090,3,10,69,2.24313809,"3"
2090,3,11,70,2.56357751000002,"3"
2090,3,12,71,1.31233787000002,"3"
2090,3,13,72,2.76194477000001,"3"
2090,3,14,73,1.87692161000001,"3"
2090,3,15,74,1.69381337000004,"3"
2090,3,16,75,4.48621403000004,"3"
2090,3,17,76,3.92163029,"3"
2090,3,18,77,3.49437773,"3"
2090,3,19,78,4.88294855000004,"3"
2090,3,20,79,5.40175522999999,"3"
2090,3,21,80,1.84640357000001,"3"
2090,3,22,81,3.20445635000004,"3"
2090,3,23,82,1.92269867000005,"3"
2090,3,24,83,2.92979399000001,"3"
2090,3,25,84,4.45569599000004,"3"
2090,3,26,85,2.54831849000004,"3"
2090,3,27,86,1.95321670999999,"3"
2090,3,28,87,1.35811493,"3"
2090,3,29,88,2.86875791,"3"
2090,3,30,89,2.06002985000003,"3"
2090,3,31,90,2.86875791,"3"
2091,3,1,60,2.06002985000003,"3"
2091,3,2,61,3.29601047,"3"
2091,3,3,62,2.01425279,"3"
2091,3,4,63,3.21971537000002,"3"
2091,3,5,64,3.73852205000003,"3"
2091,3,6,65,2.28891515000004,"3"
2091,3,7,66,2.18210200999999,"3"
2091,3,8,67,2.02951181000003,"3"
2091,3,9,68,0.778272170000037,"3"
2091,3,10,69,5.55434543000001,"3"
2091,3,11,70,3.99792539000003,"3"
2091,3,12,71,3.87585323000002,"3"
2091,3,13,72,2.53305947000001,"3"
2091,3,14,73,3.79955813000004,"3"
2091,3,15,74,5.78323073000001,"3"
2091,3,16,75,5.21864699000002,"3"
2091,3,17,76,5.02027973000003,"3"
2091,3,18,77,3.58593185000001,"3"
2091,3,19,78,2.48728241000003,"3"
2091,3,20,79,6.07315211000002,"3"
2091,3,21,80,4.21155167000001,"3"
2091,3,22,81,3.90637127000002,"3"
2091,3,23,82,4.33362383000002,"3"
2091,3,24,83,2.82298085000002,"3"
2091,3,25,84,4.25732873000004,"3"
2091,3,26,85,4.36414187000003,"3"
2091,3,27,86,1.40389199000003,"3"
2091,3,28,87,2.60935456999999,"3"
2091,3,29,88,4.31836480999999,"3"
2091,3,30,89,4.10473853000002,"3"
2091,3,31,90,2.63987261,"3"
2092,3,1,61,1.64803631000001,"3"
2092,3,2,62,2.06002985000003,"3"
2092,3,3,63,3.08238419000003,"3"
2092,3,4,64,2.39572829000002,"3"
2092,3,5,65,1.49544611000005,"3"
2092,3,6,66,1.44966905000001,"3"
2092,3,7,67,2.07528887000001,"3"
2092,3,8,68,2.83823987,"3"
2092,3,9,69,1.84640357000001,"3"
2092,3,10,70,1.61751827,"3"
2092,3,11,71,3.32652851,"3"
2092,3,12,72,2.99083007000002,"3"
2092,3,13,73,3.37230557000004,"3"
2092,3,14,74,1.35811493,"3"
2092,3,15,75,3.31126949000003,"3"
2092,3,16,76,3.70800401000002,"3"
2092,3,17,77,3.31126949000003,"3"
2092,3,18,78,1.98373475,"3"
2092,3,19,79,1.67855435000001,"3"
2092,3,20,80,3.64696793000002,"3"
2092,3,21,81,3.83007617000004,"3"
2092,3,22,82,4.54725010999999,"3"
2092,3,23,83,2.31943319000004,"3"
2092,3,24,84,3.26549243,"3"
2092,3,25,85,3.57067283000003,"3"
2092,3,26,86,2.76194477000001,"3"
2092,3,27,87,4.53199109000002,"3"
2092,3,28,88,5.69167661,"3"
2092,3,29,89,3.54015479000003,"3"
2092,3,30,90,2.68564967000003,"3"
2092,3,31,91,2.74668575000004,"3"
2093,3,1,60,3.60119087000004,"3"
2093,3,2,61,4.60828619,"3"
2093,3,3,62,2.88401693000003,"3"
2093,3,4,63,1.67855435000001,"3"
2093,3,5,64,2.96031203000001,"3"
2093,3,6,65,1.46492807000004,"3"
2093,3,7,66,1.41915101000001,"3"
2093,3,8,67,0.976639430000034,"3"
2093,3,9,68,2.65513163000003,"3"
2093,3,10,69,2.94505301000004,"3"
2093,3,11,70,1.48018709000002,"3"
2093,3,12,71,1.66329533000004,"3"
2093,3,13,72,4.95924365000002,"3"
2093,3,14,73,2.97557105000004,"3"
2093,3,15,74,2.57883653000005,"3"
2093,3,16,75,2.97557105000004,"3"
2093,3,17,76,4.22681069000004,"3"
2093,3,18,77,2.21262005,"3"
2093,3,19,78,4.25732873000004,"3"
2093,3,20,79,3.89111224999999,"3"
2093,3,21,80,3.86059421000004,"3"
2093,3,22,81,3.84533519000001,"3"
2093,3,23,82,5.14235189000004,"3"
2093,3,24,83,3.72326303,"3"
2093,3,25,84,2.79246281000002,"3"
2093,3,26,85,4.05896147000004,"3"
2093,3,27,86,4.30310579000002,"3"
2093,3,28,87,1.69381337000004,"3"
2093,3,29,88,3.03660712999999,"3"
2093,3,30,89,2.77720379000004,"3"
2093,3,31,90,4.25732873000004,"3"
2094,3,1,60,2.31943319000004,"3"
2094,3,2,61,2.01425279,"3"
2094,3,3,62,3.32652851,"3"
2094,3,4,63,3.70800401000002,"3"
2094,3,5,64,2.59409555000002,"3"
2094,3,6,65,3.63170891000004,"3"
2094,3,7,66,3.32652851,"3"
2094,3,8,67,4.13525657000002,"3"
2094,3,9,68,2.85349889000003,"3"
2094,3,10,69,1.75484944999999,"3"
2094,3,11,70,0.610422950000043,"3"
2094,3,12,71,1.51070513000002,"3"
2094,3,13,72,2.57883653000005,"3"
2094,3,14,73,1.99899377000003,"3"
2094,3,15,74,3.21971537000002,"3"
2094,3,16,75,4.69984031000001,"3"
2094,3,17,76,2.36521025000002,"3"
2094,3,18,77,1.86166259000004,"3"
2094,3,19,78,3.34178753000003,"3"
2094,3,20,79,4.85243051000003,"3"
2094,3,21,80,2.73142673000001,"3"
2094,3,22,81,3.17393831000004,"3"
2094,3,23,82,2.09054789000004,"3"
2094,3,24,83,2.36521025000002,"3"
2094,3,25,84,2.56357751000002,"3"
2094,3,26,85,2.15158397000005,"3"
2094,3,27,86,2.50254143000001,"3"
2094,3,28,87,2.15158397000005,"3"
2094,3,29,88,4.80665345,"3"
2094,3,30,89,2.67039065,"3"
2094,3,31,90,3.96740735000003,"3"
2095,3,1,60,3.73852205000003,"3"
2095,3,2,61,2.27365613000001,"3"
2095,3,3,62,2.06002985000003,"3"
2095,3,4,63,2.57883653000005,"3"
2095,3,5,64,2.19736103000002,"3"
2095,3,6,65,2.36521025000002,"3"
2095,3,7,66,2.60935456999999,"3"
2095,3,8,67,2.91453497000003,"3"
2095,3,9,68,2.39572829000002,"3"
2095,3,10,69,2.83823987,"3"
2095,3,11,70,3.34178753000003,"3"
2095,3,12,71,5.73745367000004,"3"
2095,3,13,72,3.58593185000001,"3"
2095,3,14,73,3.40282361000004,"3"
2095,3,15,74,2.68564967000003,"3"
2095,3,16,75,1.46492807000004,"3"
2095,3,17,76,3.29601047,"3"
2095,3,18,77,3.99792539000003,"3"
2095,3,19,78,2.09054789000004,"3"
2095,3,20,79,3.15867929000001,"3"
2095,3,21,80,3.96740735000003,"3"
2095,3,22,81,5.63064052999999,"3"
2095,3,23,82,4.73035835000002,"3"
2095,3,24,83,2.54831849000004,"3"
2095,3,25,84,4.27258775000001,"3"
2095,3,26,85,2.65513163000003,"3"
2095,3,27,86,4.92872561000001,"3"
2095,3,28,87,1.70907239000002,"3"
2095,3,29,88,1.81588553,"3"
2095,3,30,89,3.89111224999999,"3"
2095,3,31,90,1.78536749,"3"
2096,3,1,61,2.59409555000002,"3"
2096,3,2,62,1.96847573000002,"3"
2096,3,3,63,1.81588553,"3"
2096,3,4,64,2.15158397000005,"3"
2096,3,5,65,2.88401693000003,"3"
2096,3,6,66,3.31126949000003,"3"
2096,3,7,67,4.02844343000004,"3"
2096,3,8,68,1.34285591000003,"3"
2096,3,9,69,3.54015479000003,"3"
2096,3,10,70,2.04477083,"3"
2096,3,11,71,2.09054789000004,"3"
2096,3,12,72,2.57883653000005,"3"
2096,3,13,73,2.06002985000003,"3"
2096,3,14,74,4.28784677000004,"3"
2096,3,15,75,7.01921135000003,"3"
2096,3,16,76,2.22787907000003,"3"
2096,3,17,77,2.44150535,"3"
2096,3,18,78,2.97557105000004,"3"
2096,3,19,79,2.51780045000004,"3"
2096,3,20,80,1.96847573000002,"3"
2096,3,21,81,3.05186615000002,"3"
2096,3,22,82,1.08345257000002,"3"
2096,3,23,83,4.19629265000003,"3"
2096,3,24,84,3.35704655000001,"3"
2096,3,25,85,1.64803631000001,"3"
2096,3,26,86,1.58700023,"3"
2096,3,27,87,1.19026571000001,"3"
2096,3,28,88,2.16684299000002,"3"
2096,3,29,89,2.54831849000004,"3"
2096,3,30,90,1.86166259000004,"3"
2096,3,31,91,1.98373475,"3"
2097,3,1,60,2.80772182999999,"3"
2097,3,2,61,1.95321670999999,"3"
2097,3,3,62,2.92979399000001,"3"
2097,3,4,63,3.08238419000003,"3"
2097,3,5,64,3.89111224999999,"3"
2097,3,6,65,1.93795769000002,"3"
2097,3,7,66,2.73142673000001,"3"
2097,3,8,67,4.33362383000002,"3"
2097,3,9,68,4.40991893,"3"
2097,3,10,69,3.55541381,"3"
2097,3,11,70,2.39572829000002,"3"
2097,3,12,71,3.63170891000004,"3"
2097,3,13,72,0.885085310000022,"3"
2097,3,14,73,4.28784677000004,"3"
2097,3,15,74,3.66222695000005,"3"
2097,3,16,75,1.67855435000001,"3"
2097,3,17,76,3.09764321,"3"
2097,3,18,77,0.381537650000041,"3"
2097,3,19,78,1.96847573000002,"3"
2097,3,20,79,2.92979399000001,"3"
2097,3,21,80,4.47095501000001,"3"
2097,3,22,81,6.08841113,"3"
2097,3,23,82,5.52382739000001,"3"
2097,3,24,83,2.50254143000001,"3"
2097,3,25,84,4.86768953000001,"3"
2097,3,26,85,3.61644989000001,"3"
2097,3,27,86,3.93688931000003,"3"
2097,3,28,87,2.30417417000001,"3"
2097,3,29,88,2.02951181000003,"3"
2097,3,30,89,1.54122317000002,"3"
2097,3,31,90,1.46492807000004,"3"
2098,3,1,60,4.33362383000002,"3"
2098,3,2,61,1.26656081000004,"3"
2098,3,3,62,2.39572829000002,"3"
2098,3,4,63,1.75484944999999,"3"
2098,3,5,64,1.58700023,"3"
2098,3,6,65,2.56357751000002,"3"
2098,3,7,66,2.02951181000003,"3"
2098,3,8,67,1.72433141000005,"3"
2098,3,9,68,3.93688931000003,"3"
2098,3,10,69,2.54831849000004,"3"
2098,3,11,70,2.24313809,"3"
2098,3,12,71,1.54122317000002,"3"
2098,3,13,72,0.885085310000022,"3"
2098,3,14,73,2.54831849000004,"3"
2098,3,15,74,2.33469221000001,"3"
2098,3,16,75,1.32759689,"3"
2098,3,17,76,2.53305947000001,"3"
2098,3,18,77,4.02844343000004,"3"
2098,3,19,78,3.14342027000004,"3"
2098,3,20,79,2.86875791,"3"
2098,3,21,80,2.44150535,"3"
2098,3,22,81,2.01425279,"3"
2098,3,23,82,3.70800401000002,"3"
2098,3,24,83,1.48018709000002,"3"
2098,3,25,84,2.12106593000004,"3"
2098,3,26,85,4.33362383000002,"3"
2098,3,27,86,2.92979399000001,"3"
2098,3,28,87,2.60935456999999,"3"
2098,3,29,88,2.30417417000001,"3"
2098,3,30,89,3.63170891000004,"3"
2098,3,31,90,2.91453497000003,"3"
2099,3,1,60,2.22787907000003,"3"
2099,3,2,61,2.92979399000001,"3"
2099,3,3,62,3.28075145000003,"3"
2099,3,4,63,3.14342027000004,"3"
2099,3,5,64,2.36521025000002,"3"
2099,3,6,65,1.23604277000004,"3"
2099,3,7,66,1.29707884999999,"3"
2099,3,8,67,2.02951181000003,"3"
2099,3,9,68,3.26549243,"3"
2099,3,10,69,1.25130179000001,"3"
2099,3,11,70,2.60935456999999,"3"
2099,3,12,71,1.66329533000004,"3"
2099,3,13,72,2.30417417000001,"3"
2099,3,14,73,2.50254143000001,"3"
2099,3,15,74,2.42624633000003,"3"
2099,3,16,75,2.57883653000005,"3"
2099,3,17,76,4.24206971000001,"3"
2099,3,18,77,2.48728241000003,"3"
2099,3,19,78,2.57883653000005,"3"
2099,3,20,79,2.68564967000003,"3"
2099,3,21,80,2.76194477000001,"3"
2099,3,22,81,2.59409555000002,"3"
2099,3,23,82,4.80665345,"3"
2099,3,24,83,2.56357751000002,"3"
2099,3,25,84,3.34178753000003,"3"
2099,3,26,85,3.46385968999999,"3"
2099,3,27,86,2.45676437000003,"3"
2099,3,28,87,2.42624633000003,"3"
2099,3,29,88,2.30417417000001,"3"
2099,3,30,89,2.96031203000001,"3"
2099,3,31,90,5.76797171000004,"3"
2100,3,1,60,2.57883653000005,"3"
2100,3,2,61,3.46385968999999,"3"
2100,3,3,62,3.21971537000002,"3"
2100,3,4,63,2.85349889000003,"3"
2100,3,5,64,5.27968307000003,"3"
2100,3,6,65,3.73852205000003,"3"
2100,3,7,66,2.09054789000004,"3"
2100,3,8,67,1.51070513000002,"3"
2100,3,9,68,1.83114455000003,"3"
2100,3,10,69,5.06605679,"3"
2100,3,11,70,6.51566369,"3"
2100,3,12,71,5.55434543000001,"3"
2100,3,13,72,2.73142673000001,"3"
2100,3,14,73,1.70907239000002,"3"
2100,3,15,74,2.18210200999999,"3"
2100,3,16,75,2.85349889000003,"3"
2100,3,17,76,4.54725010999999,"3"
2100,3,18,77,7.01921135000003,"3"
2100,3,19,78,2.33469221000001,"3"
2100,3,20,79,1.95321670999999,"3"
2100,3,21,80,2.16684299000002,"3"
2100,3,22,81,3.05186615000002,"3"
2100,3,23,82,2.02951181000003,"3"
2100,3,24,83,2.33469221000001,"3"
2100,3,25,84,2.88401693000003,"3"
2100,3,26,85,2.97557105000004,"3"
2100,3,27,86,1.31233787000002,"3"
2100,3,28,87,3.46385968999999,"3"
2100,3,29,88,2.60935456999999,"3"
2100,3,30,89,1.34285591000003,"3"
2100,3,31,90,0.213688430000047,"3"
2025,4,1,91,4.15051559,"3"
2025,4,2,92,2.83823987,"3"
2025,4,3,93,1.52596414999999,"3"
2025,4,4,94,3.06712517,"3"
2025,4,5,95,1.61751827,"3"
2025,4,6,96,2.51780045000004,"3"
2025,4,7,97,2.12106593000004,"3"
2025,4,8,98,3.67748597000002,"3"
2025,4,9,99,2.48728241000003,"3"
2025,4,10,100,2.48728241000003,"3"
2025,4,11,101,3.66222695000005,"3"
2025,4,12,102,3.52489577,"3"
2025,4,13,103,2.36521025000002,"3"
2025,4,14,104,1.80062651000003,"3"
2025,4,15,105,1.60225925000003,"3"
2025,4,16,106,1.73959043000002,"3"
2025,4,17,107,3.96740735000003,"3"
2025,4,18,108,2.30417417000001,"3"
2025,4,19,109,2.89927595,"3"
2025,4,20,110,2.13632495000002,"3"
2025,4,21,111,4.05896147000004,"3"
2025,4,22,112,2.33469221000001,"3"
2025,4,23,113,1.11397061000002,"3"
2025,4,24,114,0.991898450000008,"3"
2025,4,25,115,2.67039065,"3"
2025,4,26,116,4.62354521000003,"3"
2025,4,27,117,3.12816125,"3"
2025,4,28,118,2.57883653000005,"3"
2025,4,29,119,3.46385968999999,"3"
2025,4,30,120,3.83007617000004,"3"
2026,4,1,91,2.56357751000002,"3"
2026,4,2,92,1.32759689,"3"
2026,4,3,93,1.80062651000003,"3"
2026,4,4,94,1.57174121000003,"3"
2026,4,5,95,2.15158397000005,"3"
2026,4,6,96,3.78429911000001,"3"
2026,4,7,97,1.78536749,"3"
2026,4,8,98,1.55648219,"3"
2026,4,9,99,1.89218063000004,"3"
2026,4,10,100,2.76194477000001,"3"
2026,4,11,101,1.31233787000002,"3"
2026,4,12,102,1.55648219,"3"
2026,4,13,103,1.78536749,"3"
2026,4,14,104,2.60935456999999,"3"
2026,4,15,105,2.22787907000003,"3"
2026,4,16,106,2.92979399000001,"3"
2026,4,17,107,3.21971537000002,"3"
2026,4,18,108,4.97450266999999,"3"
2026,4,19,109,3.73852205000003,"3"
2026,4,20,110,2.77720379000004,"3"
2026,4,21,111,1.96847573000002,"3"
2026,4,22,112,3.44860067000002,"3"
2026,4,23,113,3.31126949000003,"3"
2026,4,24,114,3.02134811000002,"3"
2026,4,25,115,2.51780045000004,"3"
2026,4,26,116,2.54831849000004,"3"
2026,4,27,117,1.87692161000001,"3"
2026,4,28,118,3.28075145000003,"3"
2026,4,29,119,3.08238419000003,"3"
2026,4,30,120,2.19736103000002,"3"
2027,4,1,91,1.23604277000004,"3"
2027,4,2,92,0.94612139000003,"3"
2027,4,3,93,1.41915101000001,"3"
2027,4,4,94,1.81588553,"3"
2027,4,5,95,2.92979399000001,"3"
2027,4,6,96,1.49544611000005,"3"
2027,4,7,97,2.38046926999999,"3"
2027,4,8,98,1.29707884999999,"3"
2027,4,9,99,2.70090869000001,"3"
2027,4,10,100,3.06712517,"3"
2027,4,11,101,2.04477083,"3"
2027,4,12,102,2.56357751000002,"3"
2027,4,13,103,1.38863297,"3"
2027,4,14,104,2.88401693000003,"3"
2027,4,15,105,2.76194477000001,"3"
2027,4,16,106,2.27365613000001,"3"
2027,4,17,107,1.70907239000002,"3"
2027,4,18,108,2.39572829000002,"3"
2027,4,19,109,2.28891515000004,"3"
2027,4,20,110,3.38756459000001,"3"
2027,4,21,111,2.09054789000004,"3"
2027,4,22,112,3.11290223000003,"3"
2027,4,23,113,2.60935456999999,"3"
2027,4,24,114,2.47202339,"3"
2027,4,25,115,3.41808263000001,"3"
2027,4,26,116,4.28784677000004,"3"
2027,4,27,117,2.92979399000001,"3"
2027,4,28,118,1.66329533000004,"3"
2027,4,29,119,3.49437773,"3"
2027,4,30,120,3.38756459000001,"3"
2028,4,1,92,2.57883653000005,"3"
2028,4,2,93,2.67039065,"3"
2028,4,3,94,1.41915101000001,"3"
2028,4,4,95,1.19026571000001,"3"
2028,4,5,96,0.961380410000004,"3"
2028,4,6,97,1.40389199000003,"3"
2028,4,7,98,1.95321670999999,"3"
2028,4,8,99,3.35704655000001,"3"
2028,4,9,100,3.03660712999999,"3"
2028,4,10,101,1.64803631000001,"3"
2028,4,11,102,1.67855435000001,"3"
2028,4,12,103,2.31943319000004,"3"
2028,4,13,104,4.15051559,"3"
2028,4,14,105,1.66329533000004,"3"
2028,4,15,106,1.64803631000001,"3"
2028,4,16,107,2.48728241000003,"3"
2028,4,17,108,2.89927595,"3"
2028,4,18,109,2.01425279,"3"
2028,4,19,110,2.18210200999999,"3"
2028,4,20,111,3.18919733000001,"3"
2028,4,21,112,2.77720379000004,"3"
2028,4,22,113,3.17393831000004,"3"
2028,4,23,114,1.73959043000002,"3"
2028,4,24,115,2.41098731,"3"
2028,4,25,116,2.48728241000003,"3"
2028,4,26,117,2.74668575000004,"3"
2028,4,27,118,2.53305947000001,"3"
2028,4,28,119,1.83114455000003,"3"
2028,4,29,120,4.66932227000001,"3"
2028,4,30,121,3.67748597000002,"3"
2029,4,1,91,3.03660712999999,"3"
2029,4,2,92,3.18919733000001,"3"
2029,4,3,93,2.16684299000002,"3"
2029,4,4,94,2.19736103000002,"3"
2029,4,5,95,5.09657483000001,"3"
2029,4,6,96,1.51070513000002,"3"
2029,4,7,97,1.66329533000004,"3"
2029,4,8,98,1.00715747000004,"3"
2029,4,9,99,2.19736103000002,"3"
2029,4,10,100,1.95321670999999,"3"
2029,4,11,101,2.48728241000003,"3"
2029,4,12,102,1.17500669000003,"3"
2029,4,13,103,2.42624633000003,"3"
2029,4,14,104,2.02951181000003,"3"
2029,4,15,105,2.59409555000002,"3"
2029,4,16,106,1.40389199000003,"3"
2029,4,17,107,3.18919733000001,"3"
2029,4,18,108,2.31943319000004,"3"
2029,4,19,109,2.01425279,"3"
2029,4,20,110,2.39572829000002,"3"
2029,4,21,111,1.95321670999999,"3"
2029,4,22,112,4.33362383000002,"3"
2029,4,23,113,2.44150535,"3"
2029,4,24,114,1.29707884999999,"3"
2029,4,25,115,2.41098731,"3"
2029,4,26,116,1.67855435000001,"3"
2029,4,27,117,2.24313809,"3"
2029,4,28,118,1.69381337000004,"3"
2029,4,29,119,2.47202339,"3"
2029,4,30,120,5.44753229000003,"3"
2030,4,1,91,3.09764321,"3"
2030,4,2,92,3.08238419000003,"3"
2030,4,3,93,4.63880423,"3"
2030,4,4,94,2.09054789000004,"3"
2030,4,5,95,2.21262005,"3"
2030,4,6,96,1.48018709000002,"3"
2030,4,7,97,1.61751827,"3"
2030,4,8,98,2.31943319000004,"3"
2030,4,9,99,2.73142673000001,"3"
2030,4,10,100,0.869826289999992,"3"
2030,4,11,101,1.44966905000001,"3"
2030,4,12,102,2.19736103000002,"3"
2030,4,13,103,2.76194477000001,"3"
2030,4,14,104,2.19736103000002,"3"
2030,4,15,105,2.50254143000001,"3"
2030,4,16,106,3.08238419000003,"3"
2030,4,17,107,2.16684299000002,"3"
2030,4,18,108,1.95321670999999,"3"
2030,4,19,109,4.07422049000002,"3"
2030,4,20,110,1.90743965000001,"3"
2030,4,21,111,2.28891515000004,"3"
2030,4,22,112,3.55541381,"3"
2030,4,23,113,3.35704655000001,"3"
2030,4,24,114,1.86166259000004,"3"
2030,4,25,115,1.70907239000002,"3"
2030,4,26,116,2.07528887000001,"3"
2030,4,27,117,1.51070513000002,"3"
2030,4,28,118,2.19736103000002,"3"
2030,4,29,119,1.37337395000003,"3"
2030,4,30,120,2.04477083,"3"
2031,4,1,91,1.92269867000005,"3"
2031,4,2,92,1.12922963,"3"
2031,4,3,93,3.14342027000004,"3"
2031,4,4,94,3.28075145000003,"3"
2031,4,5,95,1.17500669000003,"3"
2031,4,6,96,1.69381337000004,"3"
2031,4,7,97,2.19736103000002,"3"
2031,4,8,98,2.04477083,"3"
2031,4,9,99,1.34285591000003,"3"
2031,4,10,100,1.81588553,"3"
2031,4,11,101,2.18210200999999,"3"
2031,4,12,102,2.12106593000004,"3"
2031,4,13,103,1.11397061000002,"3"
2031,4,14,104,1.81588553,"3"
2031,4,15,105,3.60119087000004,"3"
2031,4,16,106,2.19736103000002,"3"
2031,4,17,107,3.90637127000002,"3"
2031,4,18,108,3.75378107,"3"
2031,4,19,109,2.31943319000004,"3"
2031,4,20,110,3.20445635000004,"3"
2031,4,21,111,2.89927595,"3"
2031,4,22,112,3.83007617000004,"3"
2031,4,23,113,2.47202339,"3"
2031,4,24,114,1.99899377000003,"3"
2031,4,25,115,2.41098731,"3"
2031,4,26,116,1.84640357000001,"3"
2031,4,27,117,2.13632495000002,"3"
2031,4,28,118,2.67039065,"3"
2031,4,29,119,0.93086237,"3"
2031,4,30,120,3.26549243,"3"
2032,4,1,92,1.83114455000003,"3"
2032,4,2,93,3.31126949000003,"3"
2032,4,3,94,2.19736103000002,"3"
2032,4,4,95,2.01425279,"3"
2032,4,5,96,3.35704655000001,"3"
2032,4,6,97,4.01318441000001,"3"
2032,4,7,98,3.44860067000002,"3"
2032,4,8,99,0.991898450000008,"3"
2032,4,9,100,2.31943319000004,"3"
2032,4,10,101,2.30417417000001,"3"
2032,4,11,102,1.99899377000003,"3"
2032,4,12,103,1.92269867000005,"3"
2032,4,13,104,2.96031203000001,"3"
2032,4,14,105,3.18919733000001,"3"
2032,4,15,106,3.31126949000003,"3"
2032,4,16,107,2.45676437000003,"3"
2032,4,17,108,2.30417417000001,"3"
2032,4,18,109,2.09054789000004,"3"
2032,4,19,110,2.88401693000003,"3"
2032,4,20,111,3.76904009000003,"3"
2032,4,21,112,2.02951181000003,"3"
2032,4,22,113,2.12106593000004,"3"
2032,4,23,114,2.42624633000003,"3"
2032,4,24,115,3.58593185000001,"3"
2032,4,25,116,2.12106593000004,"3"
2032,4,26,117,3.50963675000003,"3"
2032,4,27,118,2.56357751000002,"3"
2032,4,28,119,1.51070513000002,"3"
2032,4,29,120,1.15974767,"3"
2032,4,30,121,2.63987261,"3"
2033,4,1,91,2.28891515000004,"3"
2033,4,2,92,3.96740735000003,"3"
2033,4,3,93,1.60225925000003,"3"
2033,4,4,94,2.42624633000003,"3"
2033,4,5,95,4.04370245000001,"3"
2033,4,6,96,2.27365613000001,"3"
2033,4,7,97,3.15867929000001,"3"
2033,4,8,98,1.80062651000003,"3"
2033,4,9,99,1.67855435000001,"3"
2033,4,10,100,1.22078375000001,"3"
2033,4,11,101,1.84640357000001,"3"
2033,4,12,102,1.63277729000004,"3"
2033,4,13,103,3.93688931000003,"3"
2033,4,14,104,2.54831849000004,"3"
2033,4,15,105,2.09054789000004,"3"
2033,4,16,106,1.44966905000001,"3"
2033,4,17,107,1.93795769000002,"3"
2033,4,18,108,2.68564967000003,"3"
2033,4,19,109,2.44150535,"3"
2033,4,20,110,2.22787907000003,"3"
2033,4,21,111,2.30417417000001,"3"
2033,4,22,112,2.77720379000004,"3"
2033,4,23,113,2.24313809,"3"
2033,4,24,114,2.24313809,"3"
2033,4,25,115,4.15051559,"3"
2033,4,26,116,2.16684299000002,"3"
2033,4,27,117,2.34995123000004,"3"
2033,4,28,118,1.86166259000004,"3"
2033,4,29,119,1.29707884999999,"3"
2033,4,30,120,1.99899377000003,"3"
2034,4,1,91,2.59409555000002,"3"
2034,4,2,92,2.94505301000004,"3"
2034,4,3,93,3.93688931000003,"3"
2034,4,4,94,2.28891515000004,"3"
2034,4,5,95,2.01425279,"3"
2034,4,6,96,1.64803631000001,"3"
2034,4,7,97,2.76194477000001,"3"
2034,4,8,98,1.95321670999999,"3"
2034,4,9,99,1.41915101000001,"3"
2034,4,10,100,1.78536749,"3"
2034,4,11,101,3.34178753000003,"3"
2034,4,12,102,2.56357751000002,"3"
2034,4,13,103,1.12922963,"3"
2034,4,14,104,1.92269867000005,"3"
2034,4,15,105,1.67855435000001,"3"
2034,4,16,106,1.60225925000003,"3"
2034,4,17,107,1.64803631000001,"3"
2034,4,18,108,0.579904910000039,"3"
2034,4,19,109,1.70907239000002,"3"
2034,4,20,110,1.35811493,"3"
2034,4,21,111,1.02241649000001,"3"
2034,4,22,112,3.83007617000004,"3"
2034,4,23,113,3.66222695000005,"3"
2034,4,24,114,3.98266637,"3"
2034,4,25,115,2.10580691000001,"3"
2034,4,26,116,3.57067283000003,"3"
2034,4,27,117,2.16684299000002,"3"
2034,4,28,118,2.48728241000003,"3"
2034,4,29,119,2.45676437000003,"3"
2034,4,30,120,3.81481715000001,"3"
2035,4,1,91,3.00608909000005,"3"
2035,4,2,92,2.10580691000001,"3"
2035,4,3,93,4.08947951000005,"3"
2035,4,4,94,2.04477083,"3"
2035,4,5,95,2.79246281000002,"3"
2035,4,6,96,4.11999754999999,"3"
2035,4,7,97,3.21971537000002,"3"
2035,4,8,98,3.64696793000002,"3"
2035,4,9,99,2.85349889000003,"3"
2035,4,10,100,2.16684299000002,"3"
2035,4,11,101,1.32759689,"3"
2035,4,12,102,0.93086237,"3"
2035,4,13,103,0.427314710000019,"3"
2035,4,14,104,3.06712517,"3"
2035,4,15,105,3.26549243,"3"
2035,4,16,106,2.91453497000003,"3"
2035,4,17,107,1.73959043000002,"3"
2035,4,18,108,2.96031203000001,"3"
2035,4,19,109,3.44860067000002,"3"
2035,4,20,110,1.46492807000004,"3"
2035,4,21,111,2.94505301000004,"3"
2035,4,22,112,2.85349889000003,"3"
2035,4,23,113,1.26656081000004,"3"
2035,4,24,114,2.06002985000003,"3"
2035,4,25,115,2.53305947000001,"3"
2035,4,26,116,3.79955813000004,"3"
2035,4,27,117,2.50254143000001,"3"
2035,4,28,118,2.13632495000002,"3"
2035,4,29,119,1.41915101000001,"3"
2035,4,30,120,2.71616771000004,"3"
2036,4,1,92,3.20445635000004,"3"
2036,4,2,93,2.07528887000001,"3"
2036,4,3,94,2.15158397000005,"3"
2036,4,4,95,2.63987261,"3"
2036,4,5,96,2.13632495000002,"3"
2036,4,6,97,3.37230557000004,"3"
2036,4,7,98,1.84640357000001,"3"
2036,4,8,99,1.48018709000002,"3"
2036,4,9,100,1.95321670999999,"3"
2036,4,10,101,2.74668575000004,"3"
2036,4,11,102,2.28891515000004,"3"
2036,4,12,103,2.83823987,"3"
2036,4,13,104,4.30310579000002,"3"
2036,4,14,105,2.18210200999999,"3"
2036,4,15,106,3.17393831000004,"3"
2036,4,16,107,3.67748597000002,"3"
2036,4,17,108,2.27365613000001,"3"
2036,4,18,109,3.02134811000002,"3"
2036,4,19,110,2.97557105000004,"3"
2036,4,20,111,2.28891515000004,"3"
2036,4,21,112,0.473091769999996,"3"
2036,4,22,113,1.81588553,"3"
2036,4,23,114,4.16577461000003,"3"
2036,4,24,115,1.77010847000003,"3"
2036,4,25,116,2.38046926999999,"3"
2036,4,26,117,1.67855435000001,"3"
2036,4,27,118,1.46492807000004,"3"
2036,4,28,119,2.71616771000004,"3"
2036,4,29,120,2.54831849000004,"3"
2036,4,30,121,2.48728241000003,"3"
2037,4,1,91,1.86166259000004,"3"
2037,4,2,92,2.31943319000004,"3"
2037,4,3,93,3.28075145000003,"3"
2037,4,4,94,2.83823987,"3"
2037,4,5,95,1.86166259000004,"3"
2037,4,6,96,1.83114455000003,"3"
2037,4,7,97,2.27365613000001,"3"
2037,4,8,98,1.55648219,"3"
2037,4,9,99,1.77010847000003,"3"
2037,4,10,100,2.02951181000003,"3"
2037,4,11,101,3.75378107,"3"
2037,4,12,102,3.35704655000001,"3"
2037,4,13,103,3.55541381,"3"
2037,4,14,104,1.86166259000004,"3"
2037,4,15,105,2.60935456999999,"3"
2037,4,16,106,3.29601047,"3"
2037,4,17,107,1.81588553,"3"
2037,4,18,108,2.48728241000003,"3"
2037,4,19,109,2.27365613000001,"3"
2037,4,20,110,1.51070513000002,"3"
2037,4,21,111,2.07528887000001,"3"
2037,4,22,112,2.65513163000003,"3"
2037,4,23,113,2.42624633000003,"3"
2037,4,24,114,1.78536749,"3"
2037,4,25,115,2.34995123000004,"3"
2037,4,26,116,2.42624633000003,"3"
2037,4,27,117,4.56250913000002,"3"
2037,4,28,118,2.09054789000004,"3"
2037,4,29,119,2.92979399000001,"3"
2037,4,30,120,1.58700023,"3"
2038,4,1,91,3.18919733000001,"3"
2038,4,2,92,1.64803631000001,"3"
2038,4,3,93,1.96847573000002,"3"
2038,4,4,94,1.80062651000003,"3"
2038,4,5,95,1.64803631000001,"3"
2038,4,6,96,1.28181983000002,"3"
2038,4,7,97,3.20445635000004,"3"
2038,4,8,98,3.76904009000003,"3"
2038,4,9,99,1.08345257000002,"3"
2038,4,10,100,1.35811493,"3"
2038,4,11,101,1.09871158999999,"3"
2038,4,12,102,2.07528887000001,"3"
2038,4,13,103,4.71509933000004,"3"
2038,4,14,104,1.92269867000005,"3"
2038,4,15,105,3.17393831000004,"3"
2038,4,16,106,2.82298085000002,"3"
2038,4,17,107,4.16577461000003,"3"
2038,4,18,108,2.39572829000002,"3"
2038,4,19,109,1.41915101000001,"3"
2038,4,20,110,2.13632495000002,"3"
2038,4,21,111,2.62461359000002,"3"
2038,4,22,112,3.89111224999999,"3"
2038,4,23,113,2.65513163000003,"3"
2038,4,24,114,2.44150535,"3"
2038,4,25,115,2.24313809,"3"
2038,4,26,116,3.67748597000002,"3"
2038,4,27,117,2.25839711000003,"3"
2038,4,28,118,1.81588553,"3"
2038,4,29,119,4.40991893,"3"
2038,4,30,120,2.04477083,"3"
2039,4,1,91,2.41098731,"3"
2039,4,2,92,3.08238419000003,"3"
2039,4,3,93,3.55541381,"3"
2039,4,4,94,2.96031203000001,"3"
2039,4,5,95,2.76194477000001,"3"
2039,4,6,96,2.22787907000003,"3"
2039,4,7,97,1.61751827,"3"
2039,4,8,98,2.94505301000004,"3"
2039,4,9,99,1.72433141000005,"3"
2039,4,10,100,3.78429911000001,"3"
2039,4,11,101,3.99792539000003,"3"
2039,4,12,102,3.64696793000002,"3"
2039,4,13,103,3.06712517,"3"
2039,4,14,104,2.59409555000002,"3"
2039,4,15,105,3.89111224999999,"3"
2039,4,16,106,2.94505301000004,"3"
2039,4,17,107,2.39572829000002,"3"
2039,4,18,108,1.05293453000002,"3"
2039,4,19,109,2.06002985000003,"3"
2039,4,20,110,2.06002985000003,"3"
2039,4,21,111,4.62354521000003,"3"
2039,4,22,112,1.46492807000004,"3"
2039,4,23,113,1.81588553,"3"
2039,4,24,114,3.29601047,"3"
2039,4,25,115,2.41098731,"3"
2039,4,26,116,1.66329533000004,"3"
2039,4,27,117,2.96031203000001,"3"
2039,4,28,118,3.67748597000002,"3"
2039,4,29,119,4.89820757000001,"3"
2039,4,30,120,2.24313809,"3"
2040,4,1,92,1.61751827,"3"
2040,4,2,93,2.62461359000002,"3"
2040,4,3,94,2.77720379000004,"3"
2040,4,4,95,2.02951181000003,"3"
2040,4,5,96,2.68564967000003,"3"
2040,4,6,97,1.92269867000005,"3"
2040,4,7,98,2.96031203000001,"3"
2040,4,8,99,2.62461359000002,"3"
2040,4,9,100,3.37230557000004,"3"
2040,4,10,101,3.12816125,"3"
2040,4,11,102,2.59409555000002,"3"
2040,4,12,103,2.04477083,"3"
2040,4,13,104,1.99899377000003,"3"
2040,4,14,105,2.59409555000002,"3"
2040,4,15,106,2.28891515000004,"3"
2040,4,16,107,2.89927595,"3"
2040,4,17,108,3.78429911000001,"3"
2040,4,18,109,1.93795769000002,"3"
2040,4,19,110,1.78536749,"3"
2040,4,20,111,1.98373475,"3"
2040,4,21,112,1.05293453000002,"3"
2040,4,22,113,2.15158397000005,"3"
2040,4,23,114,1.60225925000003,"3"
2040,4,24,115,2.76194477000001,"3"
2040,4,25,116,2.16684299000002,"3"
2040,4,26,117,1.84640357000001,"3"
2040,4,27,118,2.42624633000003,"3"
2040,4,28,119,4.42517795000003,"3"
2040,4,29,120,5.09657483000001,"3"
2040,4,30,121,1.25130179000001,"3"
2041,4,1,91,3.23497439000005,"3"
2041,4,2,92,2.65513163000003,"3"
2041,4,3,93,2.74668575000004,"3"
2041,4,4,94,1.72433141000005,"3"
2041,4,5,95,1.86166259000004,"3"
2041,4,6,96,1.67855435000001,"3"
2041,4,7,97,1.26656081000004,"3"
2041,4,8,98,4.74561736999999,"3"
2041,4,9,99,1.55648219,"3"
2041,4,10,100,4.34888285,"3"
2041,4,11,101,4.05896147000004,"3"
2041,4,12,102,2.86875791,"3"
2041,4,13,103,1.72433141000005,"3"
2041,4,14,104,2.36521025000002,"3"
2041,4,15,105,1.48018709000002,"3"
2041,4,16,106,2.25839711000003,"3"
2041,4,17,107,2.73142673000001,"3"
2041,4,18,108,3.06712517,"3"
2041,4,19,109,3.08238419000003,"3"
2041,4,20,110,2.39572829000002,"3"
2041,4,21,111,1.87692161000001,"3"
2041,4,22,112,4.11999754999999,"3"
2041,4,23,113,3.95214833,"3"
2041,4,24,114,3.38756459000001,"3"
2041,4,25,115,1.70907239000002,"3"
2041,4,26,116,3.31126949000003,"3"
2041,4,27,117,2.10580691000001,"3"
2041,4,28,118,2.38046926999999,"3"
2041,4,29,119,4.50147305000002,"3"
2041,4,30,120,2.47202339,"3"
2042,4,1,91,3.14342027000004,"3"
2042,4,2,92,3.12816125,"3"
2042,4,3,93,2.36521025000002,"3"
2042,4,4,94,1.64803631000001,"3"
2042,4,5,95,1.72433141000005,"3"
2042,4,6,96,1.70907239000002,"3"
2042,4,7,97,5.21864699000002,"3"
2042,4,8,98,3.40282361000004,"3"
2042,4,9,99,3.03660712999999,"3"
2042,4,10,100,1.54122317000002,"3"
2042,4,11,101,1.12922963,"3"
2042,4,12,102,2.42624633000003,"3"
2042,4,13,103,3.05186615000002,"3"
2042,4,14,104,2.10580691000001,"3"
2042,4,15,105,2.01425279,"3"
2042,4,16,106,1.93795769000002,"3"
2042,4,17,107,0.808790210000041,"3"
2042,4,18,108,3.34178753000003,"3"
2042,4,19,109,3.06712517,"3"
2042,4,20,110,1.86166259000004,"3"
2042,4,21,111,3.03660712999999,"3"
2042,4,22,112,2.15158397000005,"3"
2042,4,23,113,3.06712517,"3"
2042,4,24,114,3.66222695000005,"3"
2042,4,25,115,2.85349889000003,"3"
2042,4,26,116,3.06712517,"3"
2042,4,27,117,2.86875791,"3"
2042,4,28,118,2.19736103000002,"3"
2042,4,29,119,1.75484944999999,"3"
2042,4,30,120,1.57174121000003,"3"
2043,4,1,91,3.79955813000004,"3"
2043,4,2,92,3.15867929000001,"3"
2043,4,3,93,2.04477083,"3"
2043,4,4,94,1.81588553,"3"
2043,4,5,95,1.98373475,"3"
2043,4,6,96,3.06712517,"3"
2043,4,7,97,2.15158397000005,"3"
2043,4,8,98,1.44966905000001,"3"
2043,4,9,99,3.11290223000003,"3"
2043,4,10,100,3.29601047,"3"
2043,4,11,101,4.28784677000004,"3"
2043,4,12,102,3.81481715000001,"3"
2043,4,13,103,2.56357751000002,"3"
2043,4,14,104,2.27365613000001,"3"
2043,4,15,105,2.44150535,"3"
2043,4,16,106,3.02134811000002,"3"
2043,4,17,107,2.48728241000003,"3"
2043,4,18,108,1.35811493,"3"
2043,4,19,109,1.84640357000001,"3"
2043,4,20,110,3.09764321,"3"
2043,4,21,111,2.62461359000002,"3"
2043,4,22,112,2.80772182999999,"3"
2043,4,23,113,1.38863297,"3"
2043,4,24,114,2.53305947000001,"3"
2043,4,25,115,3.64696793000002,"3"
2043,4,26,116,3.60119087000004,"3"
2043,4,27,117,1.98373475,"3"
2043,4,28,118,3.78429911000001,"3"
2043,4,29,119,1.87692161000001,"3"
2043,4,30,120,1.61751827,"3"
2044,4,1,92,3.00608909000005,"3"
2044,4,2,93,1.98373475,"3"
2044,4,3,94,1.03767551000004,"3"
2044,4,4,95,2.57883653000005,"3"
2044,4,5,96,2.31943319000004,"3"
2044,4,6,97,3.70800401000002,"3"
2044,4,7,98,2.51780045000004,"3"
2044,4,8,99,1.72433141000005,"3"
2044,4,9,100,2.97557105000004,"3"
2044,4,10,101,1.49544611000005,"3"
2044,4,11,102,1.06819355000005,"3"
2044,4,12,103,1.44966905000001,"3"
2044,4,13,104,1.96847573000002,"3"
2044,4,14,105,1.46492807000004,"3"
2044,4,15,106,1.95321670999999,"3"
2044,4,16,107,4.71509933000004,"3"
2044,4,17,108,2.71616771000004,"3"
2044,4,18,109,1.78536749,"3"
2044,4,19,110,1.44966905000001,"3"
2044,4,20,111,5.15761091000002,"3"
2044,4,21,112,3.54015479000003,"3"
2044,4,22,113,2.68564967000003,"3"
2044,4,23,114,1.89218063000004,"3"
2044,4,24,115,1.09871158999999,"3"
2044,4,25,116,0.808790210000041,"3"
2044,4,26,117,1.64803631000001,"3"
2044,4,27,118,1.93795769000002,"3"
2044,4,28,119,3.81481715000001,"3"
2044,4,29,120,1.15974767,"3"
2044,4,30,121,1.60225925000003,"3"
2045,4,1,91,2.28891515000004,"3"
2045,4,2,92,2.21262005,"3"
2045,4,3,93,3.49437773,"3"
2045,4,4,94,3.47911871000002,"3"
2045,4,5,95,4.88294855000004,"3"
2045,4,6,96,3.06712517,"3"
2045,4,7,97,2.16684299000002,"3"
2045,4,8,98,1.63277729000004,"3"
2045,4,9,99,4.21155167000001,"3"
2045,4,10,100,1.83114455000003,"3"
2045,4,11,101,2.70090869000001,"3"
2045,4,12,102,2.10580691000001,"3"
2045,4,13,103,2.50254143000001,"3"
2045,4,14,104,3.40282361000004,"3"
2045,4,15,105,2.62461359000002,"3"
2045,4,16,106,2.59409555000002,"3"
2045,4,17,107,3.03660712999999,"3"
2045,4,18,108,0.961380410000004,"3"
2045,4,19,109,2.33469221000001,"3"
2045,4,20,110,1.54122317000002,"3"
2045,4,21,111,1.60225925000003,"3"
2045,4,22,112,3.25023341000002,"3"
2045,4,23,113,3.20445635000004,"3"
2045,4,24,114,2.10580691000001,"3"
2045,4,25,115,4.37940089,"3"
2045,4,26,116,2.39572829000002,"3"
2045,4,27,117,2.01425279,"3"
2045,4,28,118,3.26549243,"3"
2045,4,29,119,4.27258775000001,"3"
2045,4,30,120,2.16684299000002,"3"
2046,4,1,91,3.86059421000004,"3"
2046,4,2,92,3.21971537000002,"3"
2046,4,3,93,1.08345257000002,"3"
2046,4,4,94,1.54122317000002,"3"
2046,4,5,95,1.99899377000003,"3"
2046,4,6,96,3.02134811000002,"3"
2046,4,7,97,2.83823987,"3"
2046,4,8,98,4.56250913000002,"3"
2046,4,9,99,2.92979399000001,"3"
2046,4,10,100,4.56250913000002,"3"
2046,4,11,101,2.96031203000001,"3"
2046,4,12,102,2.33469221000001,"3"
2046,4,13,103,1.38863297,"3"
2046,4,14,104,2.62461359000002,"3"
2046,4,15,105,1.89218063000004,"3"
2046,4,16,106,4.94398463000005,"3"
2046,4,17,107,1.95321670999999,"3"
2046,4,18,108,2.65513163000003,"3"
2046,4,19,109,5.11183385000004,"3"
2046,4,20,110,1.92269867000005,"3"
2046,4,21,111,2.21262005,"3"
2046,4,22,112,1.06819355000005,"3"
2046,4,23,113,1.78536749,"3"
2046,4,24,114,2.31943319000004,"3"
2046,4,25,115,5.81374877000002,"3"
2046,4,26,116,1.73959043000002,"3"
2046,4,27,117,1.81588553,"3"
2046,4,28,118,3.41808263000001,"3"
2046,4,29,119,2.10580691000001,"3"
2046,4,30,120,2.28891515000004,"3"
2047,4,1,91,1.78536749,"3"
2047,4,2,92,2.70090869000001,"3"
2047,4,3,93,2.71616771000004,"3"
2047,4,4,94,3.09764321,"3"
2047,4,5,95,2.63987261,"3"
2047,4,6,96,3.25023341000002,"3"
2047,4,7,97,3.11290223000003,"3"
2047,4,8,98,3.47911871000002,"3"
2047,4,9,99,3.58593185000001,"3"
2047,4,10,100,4.44043697000001,"3"
2047,4,11,101,0.961380410000004,"3"
2047,4,12,102,1.52596414999999,"3"
2047,4,13,103,0.961380410000004,"3"
2047,4,14,104,1.08345257000002,"3"
2047,4,15,105,1.83114455000003,"3"
2047,4,16,106,2.22787907000003,"3"
2047,4,17,107,3.52489577,"3"
2047,4,18,108,0.991898450000008,"3"
2047,4,19,109,0.50360981,"3"
2047,4,20,110,1.67855435000001,"3"
2047,4,21,111,2.47202339,"3"
2047,4,22,112,2.73142673000001,"3"
2047,4,23,113,1.55648219,"3"
2047,4,24,114,2.53305947000001,"3"
2047,4,25,115,1.43441003000004,"3"
2047,4,26,116,3.03660712999999,"3"
2047,4,27,117,4.19629265000003,"3"
2047,4,28,118,3.32652851,"3"
2047,4,29,119,2.73142673000001,"3"
2047,4,30,120,2.38046926999999,"3"
2048,4,1,92,3.76904009000003,"3"
2048,4,2,93,3.96740735000003,"3"
2048,4,3,94,2.39572829000002,"3"
2048,4,4,95,3.78429911000001,"3"
2048,4,5,96,2.04477083,"3"
2048,4,6,97,2.21262005,"3"
2048,4,7,98,2.12106593000004,"3"
2048,4,8,99,1.66329533000004,"3"
2048,4,9,100,3.95214833,"3"
2048,4,10,101,3.21971537000002,"3"
2048,4,11,102,3.21971537000002,"3"
2048,4,12,103,3.49437773,"3"
2048,4,13,104,3.43334165000005,"3"
2048,4,14,105,3.31126949000003,"3"
2048,4,15,106,3.05186615000002,"3"
2048,4,16,107,3.15867929000001,"3"
2048,4,17,108,3.67748597000002,"3"
2048,4,18,109,1.58700023,"3"
2048,4,19,110,3.99792539000003,"3"
2048,4,20,111,3.98266637,"3"
2048,4,21,112,2.42624633000003,"3"
2048,4,22,113,3.03660712999999,"3"
2048,4,23,114,2.33469221000001,"3"
2048,4,24,115,1.92269867000005,"3"
2048,4,25,116,2.31943319000004,"3"
2048,4,26,117,0.991898450000008,"3"
2048,4,27,118,2.27365613000001,"3"
2048,4,28,119,3.99792539000003,"3"
2048,4,29,120,5.60012249000005,"3"
2048,4,30,121,3.37230557000004,"3"
2049,4,1,91,2.45676437000003,"3"
2049,4,2,92,2.24313809,"3"
2049,4,3,93,3.67748597000002,"3"
2049,4,4,94,2.25839711000003,"3"
2049,4,5,95,2.54831849000004,"3"
2049,4,6,96,3.49437773,"3"
2049,4,7,97,3.54015479000003,"3"
2049,4,8,98,1.90743965000001,"3"
2049,4,9,99,1.93795769000002,"3"
2049,4,10,100,2.83823987,"3"
2049,4,11,101,2.77720379000004,"3"
2049,4,12,102,2.15158397000005,"3"
2049,4,13,103,2.53305947000001,"3"
2049,4,14,104,3.41808263000001,"3"
2049,4,15,105,2.33469221000001,"3"
2049,4,16,106,0.869826289999992,"3"
2049,4,17,107,3.15867929000001,"3"
2049,4,18,108,4.30310579000002,"3"
2049,4,19,109,2.53305947000001,"3"
2049,4,20,110,3.38756459000001,"3"
2049,4,21,111,3.34178753000003,"3"
2049,4,22,112,1.09871158999999,"3"
2049,4,23,113,1.63277729000004,"3"
2049,4,24,114,3.31126949000003,"3"
2049,4,25,115,4.37940089,"3"
2049,4,26,116,2.53305947000001,"3"
2049,4,27,117,2.77720379000004,"3"
2049,4,28,118,3.90637127000002,"3"
2049,4,29,119,1.23604277000004,"3"
2049,4,30,120,1.11397061000002,"3"
2050,4,1,91,2.82298085000002,"3"
2050,4,2,92,4.88294855000004,"3"
2050,4,3,93,3.47911871000002,"3"
2050,4,4,94,4.04370245000001,"3"
2050,4,5,95,1.90743965000001,"3"
2050,4,6,96,1.96847573000002,"3"
2050,4,7,97,2.59409555000002,"3"
2050,4,8,98,3.84533519000001,"3"
2050,4,9,99,3.73852205000003,"3"
2050,4,10,100,1.89218063000004,"3"
2050,4,11,101,2.77720379000004,"3"
2050,4,12,102,1.78536749,"3"
2050,4,13,103,1.78536749,"3"
2050,4,14,104,1.55648219,"3"
2050,4,15,105,3.14342027000004,"3"
2050,4,16,106,3.11290223000003,"3"
2050,4,17,107,5.89004387,"3"
2050,4,18,108,2.56357751000002,"3"
2050,4,19,109,1.52596414999999,"3"
2050,4,20,110,3.40282361000004,"3"
2050,4,21,111,4.04370245000001,"3"
2050,4,22,112,1.89218063000004,"3"
2050,4,23,113,1.72433141000005,"3"
2050,4,24,114,3.47911871000002,"3"
2050,4,25,115,1.98373475,"3"
2050,4,26,116,1.58700023,"3"
2050,4,27,117,3.46385968999999,"3"
2050,4,28,118,1.11397061000002,"3"
2050,4,29,119,1.32759689,"3"
2050,4,30,120,1.80062651000003,"3"
2051,4,1,91,2.06002985000003,"3"
2051,4,2,92,1.52596414999999,"3"
2051,4,3,93,2.89927595,"3"
2051,4,4,94,2.50254143000001,"3"
2051,4,5,95,3.02134811000002,"3"
2051,4,6,96,2.02951181000003,"3"
2051,4,7,97,2.30417417000001,"3"
2051,4,8,98,2.39572829000002,"3"
2051,4,9,99,2.47202339,"3"
2051,4,10,100,3.92163029,"3"
2051,4,11,101,2.27365613000001,"3"
2051,4,12,102,1.83114455000003,"3"
2051,4,13,103,3.63170891000004,"3"
2051,4,14,104,3.47911871000002,"3"
2051,4,15,105,3.83007617000004,"3"
2051,4,16,106,2.41098731,"3"
2051,4,17,107,2.73142673000001,"3"
2051,4,18,108,1.20552473000004,"3"
2051,4,19,109,1.40389199000003,"3"
2051,4,20,110,1.93795769000002,"3"
2051,4,21,111,2.47202339,"3"
2051,4,22,112,2.04477083,"3"
2051,4,23,113,1.64803631000001,"3"
2051,4,24,114,0.885085310000022,"3"
2051,4,25,115,2.06002985000003,"3"
2051,4,26,116,1.15974767,"3"
2051,4,27,117,2.94505301000004,"3"
2051,4,28,118,2.96031203000001,"3"
2051,4,29,119,3.92163029,"3"
2051,4,30,120,2.71616771000004,"3"
2052,4,1,92,4.44043697000001,"3"
2052,4,2,93,2.31943319000004,"3"
2052,4,3,94,4.62354521000003,"3"
2052,4,4,95,2.68564967000003,"3"
2052,4,5,96,1.58700023,"3"
2052,4,6,97,2.44150535,"3"
2052,4,7,98,4.25732873000004,"3"
2052,4,8,99,3.95214833,"3"
2052,4,9,100,3.46385968999999,"3"
2052,4,10,101,1.69381337000004,"3"
2052,4,11,102,2.74668575000004,"3"
2052,4,12,103,1.69381337000004,"3"
2052,4,13,104,4.83717149,"3"
2052,4,14,105,1.58700023,"3"
2052,4,15,106,2.54831849000004,"3"
2052,4,16,107,1.70907239000002,"3"
2052,4,17,108,2.27365613000001,"3"
2052,4,18,109,1.73959043000002,"3"
2052,4,19,110,1.86166259000004,"3"
2052,4,20,111,3.02134811000002,"3"
2052,4,21,112,4.34888285,"3"
2052,4,22,113,2.97557105000004,"3"
2052,4,23,114,1.99899377000003,"3"
2052,4,24,115,3.38756459000001,"3"
2052,4,25,116,2.01425279,"3"
2052,4,26,117,2.67039065,"3"
2052,4,27,118,1.99899377000003,"3"
2052,4,28,119,1.75484944999999,"3"
2052,4,29,120,2.04477083,"3"
2052,4,30,121,2.21262005,"3"
2053,4,1,91,2.06002985000003,"3"
2053,4,2,92,1.92269867000005,"3"
2053,4,3,93,3.98266637,"3"
2053,4,4,94,3.50963675000003,"3"
2053,4,5,95,1.54122317000002,"3"
2053,4,6,96,3.28075145000003,"3"
2053,4,7,97,3.02134811000002,"3"
2053,4,8,98,2.96031203000001,"3"
2053,4,9,99,2.06002985000003,"3"
2053,4,10,100,2.39572829000002,"3"
2053,4,11,101,1.83114455000003,"3"
2053,4,12,102,3.25023341000002,"3"
2053,4,13,103,2.57883653000005,"3"
2053,4,14,104,2.82298085000002,"3"
2053,4,15,105,3.43334165000005,"3"
2053,4,16,106,2.38046926999999,"3"
2053,4,17,107,1.99899377000003,"3"
2053,4,18,108,3.69274498999999,"3"
2053,4,19,109,2.82298085000002,"3"
2053,4,20,110,2.10580691000001,"3"
2053,4,21,111,3.00608909000005,"3"
2053,4,22,112,4.18103363,"3"
2053,4,23,113,3.15867929000001,"3"
2053,4,24,114,1.11397061000002,"3"
2053,4,25,115,2.22787907000003,"3"
2053,4,26,116,2.88401693000003,"3"
2053,4,27,117,1.69381337000004,"3"
2053,4,28,118,3.11290223000003,"3"
2053,4,29,119,2.38046926999999,"3"
2053,4,30,120,1.69381337000004,"3"
2054,4,1,91,4.51673207000005,"3"
2054,4,2,92,3.25023341000002,"3"
2054,4,3,93,0.824049230000014,"3"
2054,4,4,94,1.57174121000003,"3"
2054,4,5,95,2.47202339,"3"
2054,4,6,96,5.95107995000001,"3"
2054,4,7,97,3.11290223000003,"3"
2054,4,8,98,3.90637127000002,"3"
2054,4,9,99,2.22787907000003,"3"
2054,4,10,100,3.93688931000003,"3"
2054,4,11,101,2.53305947000001,"3"
2054,4,12,102,2.25839711000003,"3"
2054,4,13,103,3.34178753000003,"3"
2054,4,14,104,1.78536749,"3"
2054,4,15,105,2.36521025000002,"3"
2054,4,16,106,2.36521025000002,"3"
2054,4,17,107,3.75378107,"3"
2054,4,18,108,4.19629265000003,"3"
2054,4,19,109,2.48728241000003,"3"
2054,4,20,110,1.46492807000004,"3"
2054,4,21,111,4.10473853000002,"3"
2054,4,22,112,3.18919733000001,"3"
2054,4,23,113,2.94505301000004,"3"
2054,4,24,114,2.16684299000002,"3"
2054,4,25,115,2.07528887000001,"3"
2054,4,26,116,4.30310579000002,"3"
2054,4,27,117,4.16577461000003,"3"
2054,4,28,118,4.21155167000001,"3"
2054,4,29,119,2.91453497000003,"3"
2054,4,30,120,1.63277729000004,"3"
2055,4,1,91,3.75378107,"3"
2055,4,2,92,2.65513163000003,"3"
2055,4,3,93,1.19026571000001,"3"
2055,4,4,94,2.47202339,"3"
2055,4,5,95,2.31943319000004,"3"
2055,4,6,96,3.84533519000001,"3"
2055,4,7,97,5.17286993000005,"3"
2055,4,8,98,3.06712517,"3"
2055,4,9,99,1.11397061000002,"3"
2055,4,10,100,2.06002985000003,"3"
2055,4,11,101,2.41098731,"3"
2055,4,12,102,2.41098731,"3"
2055,4,13,103,2.59409555000002,"3"
2055,4,14,104,3.00608909000005,"3"
2055,4,15,105,1.57174121000003,"3"
2055,4,16,106,1.34285591000003,"3"
2055,4,17,107,2.09054789000004,"3"
2055,4,18,108,0.885085310000022,"3"
2055,4,19,109,0.991898450000008,"3"
2055,4,20,110,3.46385968999999,"3"
2055,4,21,111,1.72433141000005,"3"
2055,4,22,112,2.18210200999999,"3"
2055,4,23,113,2.45676437000003,"3"
2055,4,24,114,1.40389199000003,"3"
2055,4,25,115,2.01425279,"3"
2055,4,26,116,2.25839711000003,"3"
2055,4,27,117,2.48728241000003,"3"
2055,4,28,118,4.08947951000005,"3"
2055,4,29,119,1.51070513000002,"3"
2055,4,30,120,2.96031203000001,"3"
2056,4,1,92,3.34178753000003,"3"
2056,4,2,93,2.25839711000003,"3"
2056,4,3,94,1.08345257000002,"3"
2056,4,4,95,1.37337395000003,"3"
2056,4,5,96,4.63880423,"3"
2056,4,6,97,2.68564967000003,"3"
2056,4,7,98,1.32759689,"3"
2056,4,8,99,2.53305947000001,"3"
2056,4,9,100,1.26656081000004,"3"
2056,4,10,101,1.70907239000002,"3"
2056,4,11,102,3.58593185000001,"3"
2056,4,12,103,2.51780045000004,"3"
2056,4,13,104,4.34888285,"3"
2056,4,14,105,4.56250913000002,"3"
2056,4,15,106,3.23497439000005,"3"
2056,4,16,107,4.54725010999999,"3"
2056,4,17,108,3.61644989000001,"3"
2056,4,18,109,3.02134811000002,"3"
2056,4,19,110,2.44150535,"3"
2056,4,20,111,2.06002985000003,"3"
2056,4,21,112,2.83823987,"3"
2056,4,22,113,2.86875791,"3"
2056,4,23,114,2.92979399000001,"3"
2056,4,24,115,2.63987261,"3"
2056,4,25,116,2.28891515000004,"3"
2056,4,26,117,2.38046926999999,"3"
2056,4,27,118,1.61751827,"3"
2056,4,28,119,1.28181983000002,"3"
2056,4,29,120,4.57776815,"3"
2056,4,30,121,2.99083007000002,"3"
2057,4,1,91,3.00608909000005,"3"
2057,4,2,92,2.59409555000002,"3"
2057,4,3,93,3.09764321,"3"
2057,4,4,94,2.30417417000001,"3"
2057,4,5,95,2.96031203000001,"3"
2057,4,6,96,2.65513163000003,"3"
2057,4,7,97,2.85349889000003,"3"
2057,4,8,98,2.88401693000003,"3"
2057,4,9,99,3.23497439000005,"3"
2057,4,10,100,3.81481715000001,"3"
2057,4,11,101,2.50254143000001,"3"
2057,4,12,102,1.67855435000001,"3"
2057,4,13,103,3.81481715000001,"3"
2057,4,14,104,2.73142673000001,"3"
2057,4,15,105,2.70090869000001,"3"
2057,4,16,106,2.85349889000003,"3"
2057,4,17,107,1.96847573000002,"3"
2057,4,18,108,4.31836480999999,"3"
2057,4,19,109,3.37230557000004,"3"
2057,4,20,110,3.28075145000003,"3"
2057,4,21,111,2.71616771000004,"3"
2057,4,22,112,4.01318441000001,"3"
2057,4,23,113,2.65513163000003,"3"
2057,4,24,114,3.92163029,"3"
2057,4,25,115,2.74668575000004,"3"
2057,4,26,116,1.32759689,"3"
2057,4,27,117,1.69381337000004,"3"
2057,4,28,118,2.48728241000003,"3"
2057,4,29,119,1.60225925000003,"3"
2057,4,30,120,3.99792539000003,"3"
2058,4,1,91,1.63277729000004,"3"
2058,4,2,92,4.28784677000004,"3"
2058,4,3,93,3.64696793000002,"3"
2058,4,4,94,2.42624633000003,"3"
2058,4,5,95,1.46492807000004,"3"
2058,4,6,96,3.17393831000004,"3"
2058,4,7,97,3.84533519000001,"3"
2058,4,8,98,3.23497439000005,"3"
2058,4,9,99,2.65513163000003,"3"
2058,4,10,100,2.22787907000003,"3"
2058,4,11,101,2.34995123000004,"3"
2058,4,12,102,1.98373475,"3"
2058,4,13,103,1.26656081000004,"3"
2058,4,14,104,2.07528887000001,"3"
2058,4,15,105,2.38046926999999,"3"
2058,4,16,106,2.16684299000002,"3"
2058,4,17,107,1.35811493,"3"
2058,4,18,108,2.59409555000002,"3"
2058,4,19,109,2.30417417000001,"3"
2058,4,20,110,2.97557105000004,"3"
2058,4,21,111,2.79246281000002,"3"
2058,4,22,112,0.808790210000041,"3"
2058,4,23,113,1.75484944999999,"3"
2058,4,24,114,2.19736103000002,"3"
2058,4,25,115,4.36414187000003,"3"
2058,4,26,116,3.05186615000002,"3"
2058,4,27,117,2.83823987,"3"
2058,4,28,118,1.98373475,"3"
2058,4,29,119,1.64803631000001,"3"
2058,4,30,120,3.09764321,"3"
2059,4,1,91,1.67855435000001,"3"
2059,4,2,92,3.03660712999999,"3"
2059,4,3,93,2.51780045000004,"3"
2059,4,4,94,1.17500669000003,"3"
2059,4,5,95,3.41808263000001,"3"
2059,4,6,96,2.60935456999999,"3"
2059,4,7,97,1.70907239000002,"3"
2059,4,8,98,1.72433141000005,"3"
2059,4,9,99,2.94505301000004,"3"
2059,4,10,100,1.55648219,"3"
2059,4,11,101,1.23604277000004,"3"
2059,4,12,102,2.79246281000002,"3"
2059,4,13,103,1.25130179000001,"3"
2059,4,14,104,2.04477083,"3"
2059,4,15,105,1.64803631000001,"3"
2059,4,16,106,2.24313809,"3"
2059,4,17,107,3.70800401000002,"3"
2059,4,18,108,2.18210200999999,"3"
2059,4,19,109,2.16684299000002,"3"
2059,4,20,110,0.869826289999992,"3"
2059,4,21,111,1.35811493,"3"
2059,4,22,112,3.76904009000003,"3"
2059,4,23,113,4.08947951000005,"3"
2059,4,24,114,4.83717149,"3"
2059,4,25,115,2.30417417000001,"3"
2059,4,26,116,2.59409555000002,"3"
2059,4,27,117,2.99083007000002,"3"
2059,4,28,118,1.06819355000005,"3"
2059,4,29,119,2.10580691000001,"3"
2059,4,30,120,2.07528887000001,"3"
2060,4,1,92,3.17393831000004,"3"
2060,4,2,93,0.961380410000004,"3"
2060,4,3,94,2.51780045000004,"3"
2060,4,4,95,1.81588553,"3"
2060,4,5,96,3.11290223000003,"3"
2060,4,6,97,3.41808263000001,"3"
2060,4,7,98,2.89927595,"3"
2060,4,8,99,2.51780045000004,"3"
2060,4,9,100,2.76194477000001,"3"
2060,4,10,101,2.53305947000001,"3"
2060,4,11,102,2.92979399000001,"3"
2060,4,12,103,3.38756459000001,"3"
2060,4,13,104,2.54831849000004,"3"
2060,4,14,105,0.854567270000018,"3"
2060,4,15,106,2.44150535,"3"
2060,4,16,107,2.15158397000005,"3"
2060,4,17,108,0.976639430000034,"3"
2060,4,18,109,2.59409555000002,"3"
2060,4,19,110,3.84533519000001,"3"
2060,4,20,111,3.61644989000001,"3"
2060,4,21,112,2.71616771000004,"3"
2060,4,22,113,2.51780045000004,"3"
2060,4,23,114,2.53305947000001,"3"
2060,4,24,115,3.55541381,"3"
2060,4,25,116,2.51780045000004,"3"
2060,4,26,117,2.10580691000001,"3"
2060,4,27,118,3.92163029,"3"
2060,4,28,119,4.54725010999999,"3"
2060,4,29,120,3.28075145000003,"3"
2060,4,30,121,2.96031203000001,"3"
2061,4,1,91,1.43441003000004,"3"
2061,4,2,92,2.28891515000004,"3"
2061,4,3,93,1.67855435000001,"3"
2061,4,4,94,2.89927595,"3"
2061,4,5,95,2.79246281000002,"3"
2061,4,6,96,1.29707884999999,"3"
2061,4,7,97,2.85349889000003,"3"
2061,4,8,98,0.839308250000045,"3"
2061,4,9,99,2.09054789000004,"3"
2061,4,10,100,1.66329533000004,"3"
2061,4,11,101,5.23390601,"3"
2061,4,12,102,3.87585323000002,"3"
2061,4,13,103,3.02134811000002,"3"
2061,4,14,104,2.34995123000004,"3"
2061,4,15,105,3.72326303,"3"
2061,4,16,106,1.69381337000004,"3"
2061,4,17,107,3.60119087000004,"3"
2061,4,18,108,2.92979399000001,"3"
2061,4,19,109,3.34178753000003,"3"
2061,4,20,110,3.40282361000004,"3"
2061,4,21,111,3.69274498999999,"3"
2061,4,22,112,2.41098731,"3"
2061,4,23,113,3.20445635000004,"3"
2061,4,24,114,3.41808263000001,"3"
2061,4,25,115,2.28891515000004,"3"
2061,4,26,116,2.22787907000003,"3"
2061,4,27,117,1.77010847000003,"3"
2061,4,28,118,3.70800401000002,"3"
2061,4,29,119,1.00715747000004,"3"
2061,4,30,120,1.87692161000001,"3"
2062,4,1,91,3.06712517,"3"
2062,4,2,92,1.78536749,"3"
2062,4,3,93,2.18210200999999,"3"
2062,4,4,94,2.62461359000002,"3"
2062,4,5,95,3.99792539000003,"3"
2062,4,6,96,1.96847573000002,"3"
2062,4,7,97,2.59409555000002,"3"
2062,4,8,98,1.72433141000005,"3"
2062,4,9,99,1.06819355000005,"3"
2062,4,10,100,1.35811493,"3"
2062,4,11,101,1.99899377000003,"3"
2062,4,12,102,2.48728241000003,"3"
2062,4,13,103,5.15761091000002,"3"
2062,4,14,104,3.23497439000005,"3"
2062,4,15,105,1.89218063000004,"3"
2062,4,16,106,1.98373475,"3"
2062,4,17,107,3.29601047,"3"
2062,4,18,108,3.31126949000003,"3"
2062,4,19,109,2.48728241000003,"3"
2062,4,20,110,2.97557105000004,"3"
2062,4,21,111,5.55434543000001,"3"
2062,4,22,112,5.34071915000004,"3"
2062,4,23,113,2.85349889000003,"3"
2062,4,24,114,5.15761091000002,"3"
2062,4,25,115,2.92979399000001,"3"
2062,4,26,116,3.93688931000003,"3"
2062,4,27,117,2.18210200999999,"3"
2062,4,28,118,1.80062651000003,"3"
2062,4,29,119,3.84533519000001,"3"
2062,4,30,120,2.77720379000004,"3"
2063,4,1,91,3.26549243,"3"
2063,4,2,92,4.10473853000002,"3"
2063,4,3,93,4.36414187000003,"3"
2063,4,4,94,2.96031203000001,"3"
2063,4,5,95,1.84640357000001,"3"
2063,4,6,96,3.08238419000003,"3"
2063,4,7,97,1.98373475,"3"
2063,4,8,98,3.32652851,"3"
2063,4,9,99,2.02951181000003,"3"
2063,4,10,100,1.51070513000002,"3"
2063,4,11,101,2.53305947000001,"3"
2063,4,12,102,3.63170891000004,"3"
2063,4,13,103,3.26549243,"3"
2063,4,14,104,1.32759689,"3"
2063,4,15,105,3.86059421000004,"3"
2063,4,16,106,4.59302717000003,"3"
2063,4,17,107,2.31943319000004,"3"
2063,4,18,108,2.01425279,"3"
2063,4,19,109,1.72433141000005,"3"
2063,4,20,110,3.60119087000004,"3"
2063,4,21,111,2.34995123000004,"3"
2063,4,22,112,4.13525657000002,"3"
2063,4,23,113,2.63987261,"3"
2063,4,24,114,3.08238419000003,"3"
2063,4,25,115,4.74561736999999,"3"
2063,4,26,116,2.45676437000003,"3"
2063,4,27,117,1.37337395000003,"3"
2063,4,28,118,3.25023341000002,"3"
2063,4,29,119,2.94505301000004,"3"
2063,4,30,120,3.38756459000001,"3"
2064,4,1,92,2.48728241000003,"3"
2064,4,2,93,2.74668575000004,"3"
2064,4,3,94,1.75484944999999,"3"
2064,4,4,95,2.15158397000005,"3"
2064,4,5,96,1.89218063000004,"3"
2064,4,6,97,3.29601047,"3"
2064,4,7,98,2.88401693000003,"3"
2064,4,8,99,3.21971537000002,"3"
2064,4,9,100,1.67855435000001,"3"
2064,4,10,101,2.68564967000003,"3"
2064,4,11,102,3.73852205000003,"3"
2064,4,12,103,3.25023341000002,"3"
2064,4,13,104,3.21971537000002,"3"
2064,4,14,105,2.60935456999999,"3"
2064,4,15,106,3.25023341000002,"3"
2064,4,16,107,2.94505301000004,"3"
2064,4,17,108,3.55541381,"3"
2064,4,18,109,1.70907239000002,"3"
2064,4,19,110,3.46385968999999,"3"
2064,4,20,111,2.60935456999999,"3"
2064,4,21,112,3.78429911000001,"3"
2064,4,22,113,2.06002985000003,"3"
2064,4,23,114,3.49437773,"3"
2064,4,24,115,2.07528887000001,"3"
2064,4,25,116,2.73142673000001,"3"
2064,4,26,117,2.48728241000003,"3"
2064,4,27,118,1.83114455000003,"3"
2064,4,28,119,2.39572829000002,"3"
2064,4,29,120,1.89218063000004,"3"
2064,4,30,121,3.15867929000001,"3"
2065,4,1,91,1.43441003000004,"3"
2065,4,2,92,2.47202339,"3"
2065,4,3,93,1.19026571000001,"3"
2065,4,4,94,1.54122317000002,"3"
2065,4,5,95,2.65513163000003,"3"
2065,4,6,96,1.25130179000001,"3"
2065,4,7,97,2.06002985000003,"3"
2065,4,8,98,2.82298085000002,"3"
2065,4,9,99,4.34888285,"3"
2065,4,10,100,3.47911871000002,"3"
2065,4,11,101,2.60935456999999,"3"
2065,4,12,102,3.84533519000001,"3"
2065,4,13,103,2.48728241000003,"3"
2065,4,14,104,3.54015479000003,"3"
2065,4,15,105,3.20445635000004,"3"
2065,4,16,106,1.89218063000004,"3"
2065,4,17,107,1.06819355000005,"3"
2065,4,18,108,1.57174121000003,"3"
2065,4,19,109,3.28075145000003,"3"
2065,4,20,110,2.30417417000001,"3"
2065,4,21,111,3.43334165000005,"3"
2065,4,22,112,2.24313809,"3"
2065,4,23,113,1.92269867000005,"3"
2065,4,24,114,4.02844343000004,"3"
2065,4,25,115,2.68564967000003,"3"
2065,4,26,116,3.90637127000002,"3"
2065,4,27,117,2.15158397000005,"3"
2065,4,28,118,1.09871158999999,"3"
2065,4,29,119,2.85349889000003,"3"
2065,4,30,120,4.54725010999999,"3"
2066,4,1,91,2.39572829000002,"3"
2066,4,2,92,2.54831849000004,"3"
2066,4,3,93,1.38863297,"3"
2066,4,4,94,1.48018709000002,"3"
2066,4,5,95,3.00608909000005,"3"
2066,4,6,96,3.21971537000002,"3"
2066,4,7,97,1.99899377000003,"3"
2066,4,8,98,1.22078375000001,"3"
2066,4,9,99,2.10580691000001,"3"
2066,4,10,100,3.20445635000004,"3"
2066,4,11,101,2.62461359000002,"3"
2066,4,12,102,2.10580691000001,"3"
2066,4,13,103,3.05186615000002,"3"
2066,4,14,104,5.29494209000001,"3"
2066,4,15,105,2.42624633000003,"3"
2066,4,16,106,2.82298085000002,"3"
2066,4,17,107,3.12816125,"3"
2066,4,18,108,4.82191247000003,"3"
2066,4,19,109,1.99899377000003,"3"
2066,4,20,110,2.16684299000002,"3"
2066,4,21,111,1.95321670999999,"3"
2066,4,22,112,1.80062651000003,"3"
2066,4,23,113,2.63987261,"3"
2066,4,24,114,1.78536749,"3"
2066,4,25,115,3.72326303,"3"
2066,4,26,116,2.45676437000003,"3"
2066,4,27,117,3.17393831000004,"3"
2066,4,28,118,4.19629265000003,"3"
2066,4,29,119,2.30417417000001,"3"
2066,4,30,120,2.59409555000002,"3"
2067,4,1,91,4.57776815,"3"
2067,4,2,92,2.07528887000001,"3"
2067,4,3,93,2.57883653000005,"3"
2067,4,4,94,2.62461359000002,"3"
2067,4,5,95,3.00608909000005,"3"
2067,4,6,96,3.87585323000002,"3"
2067,4,7,97,3.87585323000002,"3"
2067,4,8,98,2.38046926999999,"3"
2067,4,9,99,0.900344329999996,"3"
2067,4,10,100,2.71616771000004,"3"
2067,4,11,101,2.94505301000004,"3"
2067,4,12,102,1.61751827,"3"
2067,4,13,103,1.86166259000004,"3"
2067,4,14,104,1.81588553,"3"
2067,4,15,105,2.39572829000002,"3"
2067,4,16,106,3.06712517,"3"
2067,4,17,107,4.33362383000002,"3"
2067,4,18,108,1.67855435000001,"3"
2067,4,19,109,1.32759689,"3"
2067,4,20,110,3.14342027000004,"3"
2067,4,21,111,2.82298085000002,"3"
2067,4,22,112,1.12922963,"3"
2067,4,23,113,2.04477083,"3"
2067,4,24,114,3.23497439000005,"3"
2067,4,25,115,2.01425279,"3"
2067,4,26,116,2.39572829000002,"3"
2067,4,27,117,1.29707884999999,"3"
2067,4,28,118,4.13525657000002,"3"
2067,4,29,119,5.03553875,"3"
2067,4,30,120,3.75378107,"3"
2068,4,1,92,2.34995123000004,"3"
2068,4,2,93,2.86875791,"3"
2068,4,3,94,3.14342027000004,"3"
2068,4,4,95,2.71616771000004,"3"
2068,4,5,96,2.44150535,"3"
2068,4,6,97,1.52596414999999,"3"
2068,4,7,98,3.23497439000005,"3"
2068,4,8,99,2.18210200999999,"3"
2068,4,9,100,3.41808263000001,"3"
2068,4,10,101,2.04477083,"3"
2068,4,11,102,1.89218063000004,"3"
2068,4,12,103,1.84640357000001,"3"
2068,4,13,104,2.33469221000001,"3"
2068,4,14,105,2.38046926999999,"3"
2068,4,15,106,2.60935456999999,"3"
2068,4,16,107,2.50254143000001,"3"
2068,4,17,108,1.72433141000005,"3"
2068,4,18,109,2.62461359000002,"3"
2068,4,19,110,4.16577461000003,"3"
2068,4,20,111,2.79246281000002,"3"
2068,4,21,112,1.22078375000001,"3"
2068,4,22,113,1.92269867000005,"3"
2068,4,23,114,2.65513163000003,"3"
2068,4,24,115,1.57174121000003,"3"
2068,4,25,116,3.76904009000003,"3"
2068,4,26,117,2.86875791,"3"
2068,4,27,118,1.77010847000003,"3"
2068,4,28,119,2.16684299000002,"3"
2068,4,29,120,3.37230557000004,"3"
2068,4,30,121,5.52382739000001,"3"
2069,4,1,91,2.48728241000003,"3"
2069,4,2,92,2.77720379000004,"3"
2069,4,3,93,3.17393831000004,"3"
2069,4,4,94,1.60225925000003,"3"
2069,4,5,95,3.41808263000001,"3"
2069,4,6,96,3.92163029,"3"
2069,4,7,97,2.28891515000004,"3"
2069,4,8,98,3.09764321,"3"
2069,4,9,99,2.25839711000003,"3"
2069,4,10,100,2.33469221000001,"3"
2069,4,11,101,2.41098731,"3"
2069,4,12,102,1.89218063000004,"3"
2069,4,13,103,4.34888285,"3"
2069,4,14,104,3.54015479000003,"3"
2069,4,15,105,2.38046926999999,"3"
2069,4,16,106,2.54831849000004,"3"
2069,4,17,107,2.28891515000004,"3"
2069,4,18,108,1.64803631000001,"3"
2069,4,19,109,1.02241649000001,"3"
2069,4,20,110,4.10473853000002,"3"
2069,4,21,111,2.42624633000003,"3"
2069,4,22,112,2.68564967000003,"3"
2069,4,23,113,3.00608909000005,"3"
2069,4,24,114,2.68564967000003,"3"
2069,4,25,115,2.86875791,"3"
2069,4,26,116,3.23497439000005,"3"
2069,4,27,117,3.50963675000003,"3"
2069,4,28,118,4.08947951000005,"3"
2069,4,29,119,3.20445635000004,"3"
2069,4,30,120,2.91453497000003,"3"
2070,4,1,91,0.961380410000004,"3"
2070,4,2,92,1.72433141000005,"3"
2070,4,3,93,2.33469221000001,"3"
2070,4,4,94,1.32759689,"3"
2070,4,5,95,3.08238419000003,"3"
2070,4,6,96,3.50963675000003,"3"
2070,4,7,97,3.14342027000004,"3"
2070,4,8,98,2.71616771000004,"3"
2070,4,9,99,1.95321670999999,"3"
2070,4,10,100,2.68564967000003,"3"
2070,4,11,101,4.48621403000004,"3"
2070,4,12,102,2.24313809,"3"
2070,4,13,103,2.60935456999999,"3"
2070,4,14,104,4.44043697000001,"3"
2070,4,15,105,2.60935456999999,"3"
2070,4,16,106,3.08238419000003,"3"
2070,4,17,107,2.57883653000005,"3"
2070,4,18,108,1.73959043000002,"3"
2070,4,19,109,0.961380410000004,"3"
2070,4,20,110,3.12816125,"3"
2070,4,21,111,1.41915101000001,"3"
2070,4,22,112,1.75484944999999,"3"
2070,4,23,113,4.63880423,"3"
2070,4,24,114,4.18103363,"3"
2070,4,25,115,2.77720379000004,"3"
2070,4,26,116,3.78429911000001,"3"
2070,4,27,117,2.63987261,"3"
2070,4,28,118,2.63987261,"3"
2070,4,29,119,3.41808263000001,"3"
2070,4,30,120,1.66329533000004,"3"
2071,4,1,91,2.74668575000004,"3"
2071,4,2,92,5.23390601,"3"
2071,4,3,93,3.41808263000001,"3"
2071,4,4,94,1.52596414999999,"3"
2071,4,5,95,3.61644989000001,"3"
2071,4,6,96,3.25023341000002,"3"
2071,4,7,97,2.02951181000003,"3"
2071,4,8,98,2.45676437000003,"3"
2071,4,9,99,4.31836480999999,"3"
2071,4,10,100,4.08947951000005,"3"
2071,4,11,101,2.97557105000004,"3"
2071,4,12,102,2.70090869000001,"3"
2071,4,13,103,2.48728241000003,"3"
2071,4,14,104,2.42624633000003,"3"
2071,4,15,105,4.47095501000001,"3"
2071,4,16,106,3.46385968999999,"3"
2071,4,17,107,3.55541381,"3"
2071,4,18,108,4.36414187000003,"3"
2071,4,19,109,5.29494209000001,"3"
2071,4,20,110,3.21971537000002,"3"
2071,4,21,111,3.89111224999999,"3"
2071,4,22,112,1.69381337000004,"3"
2071,4,23,113,1.57174121000003,"3"
2071,4,24,114,1.60225925000003,"3"
2071,4,25,115,3.76904009000003,"3"
2071,4,26,116,3.37230557000004,"3"
2071,4,27,117,1.83114455000003,"3"
2071,4,28,118,2.30417417000001,"3"
2071,4,29,119,3.99792539000003,"3"
2071,4,30,120,3.40282361000004,"3"
2072,4,1,92,2.39572829000002,"3"
2072,4,2,93,2.33469221000001,"3"
2072,4,3,94,2.28891515000004,"3"
2072,4,4,95,3.63170891000004,"3"
2072,4,5,96,2.79246281000002,"3"
2072,4,6,97,1.93795769000002,"3"
2072,4,7,98,2.86875791,"3"
2072,4,8,99,1.61751827,"3"
2072,4,9,100,3.40282361000004,"3"
2072,4,10,101,1.38863297,"3"
2072,4,11,102,1.99899377000003,"3"
2072,4,12,103,1.35811493,"3"
2072,4,13,104,1.09871158999999,"3"
2072,4,14,105,1.44966905000001,"3"
2072,4,15,106,3.52489577,"3"
2072,4,16,107,3.08238419000003,"3"
2072,4,17,108,2.21262005,"3"
2072,4,18,109,2.02951181000003,"3"
2072,4,19,110,1.11397061000002,"3"
2072,4,20,111,4.39465991000003,"3"
2072,4,21,112,1.43441003000004,"3"
2072,4,22,113,2.51780045000004,"3"
2072,4,23,114,2.33469221000001,"3"
2072,4,24,115,5.18812895000002,"3"
2072,4,25,116,3.58593185000001,"3"
2072,4,26,117,2.18210200999999,"3"
2072,4,27,118,3.47911871000002,"3"
2072,4,28,119,5.24916503000003,"3"
2072,4,29,120,3.23497439000005,"3"
2072,4,30,121,2.83823987,"3"
2073,4,1,91,1.67855435000001,"3"
2073,4,2,92,1.28181983000002,"3"
2073,4,3,93,0.79353119000001,"3"
2073,4,4,94,1.87692161000001,"3"
2073,4,5,95,1.64803631000001,"3"
2073,4,6,96,3.41808263000001,"3"
2073,4,7,97,2.85349889000003,"3"
2073,4,8,98,2.38046926999999,"3"
2073,4,9,99,4.42517795000003,"3"
2073,4,10,100,3.98266637,"3"
2073,4,11,101,2.10580691000001,"3"
2073,4,12,102,2.09054789000004,"3"
2073,4,13,103,3.40282361000004,"3"
2073,4,14,104,3.72326303,"3"
2073,4,15,105,2.44150535,"3"
2073,4,16,106,3.23497439000005,"3"
2073,4,17,107,3.05186615000002,"3"
2073,4,18,108,3.12816125,"3"
2073,4,19,109,3.34178753000003,"3"
2073,4,20,110,1.83114455000003,"3"
2073,4,21,111,3.14342027000004,"3"
2073,4,22,112,3.47911871000002,"3"
2073,4,23,113,3.66222695000005,"3"
2073,4,24,114,3.29601047,"3"
2073,4,25,115,2.31943319000004,"3"
2073,4,26,116,2.86875791,"3"
2073,4,27,117,3.83007617000004,"3"
2073,4,28,118,5.23390601,"3"
2073,4,29,119,1.17500669000003,"3"
2073,4,30,120,1.19026571000001,"3"
2074,4,1,91,2.39572829000002,"3"
2074,4,2,92,2.56357751000002,"3"
2074,4,3,93,1.66329533000004,"3"
2074,4,4,94,4.10473853000002,"3"
2074,4,5,95,2.18210200999999,"3"
2074,4,6,96,2.24313809,"3"
2074,4,7,97,2.38046926999999,"3"
2074,4,8,98,0.991898450000008,"3"
2074,4,9,99,3.14342027000004,"3"
2074,4,10,100,2.22787907000003,"3"
2074,4,11,101,3.14342027000004,"3"
2074,4,12,102,2.97557105000004,"3"
2074,4,13,103,1.57174121000003,"3"
2074,4,14,104,4.01318441000001,"3"
2074,4,15,105,4.83717149,"3"
2074,4,16,106,3.44860067000002,"3"
2074,4,17,107,2.04477083,"3"
2074,4,18,108,2.62461359000002,"3"
2074,4,19,109,5.00502071,"3"
2074,4,20,110,4.44043697000001,"3"
2074,4,21,111,3.34178753000003,"3"
2074,4,22,112,3.70800401000002,"3"
2074,4,23,113,1.35811493,"3"
2074,4,24,114,2.50254143000001,"3"
2074,4,25,115,1.92269867000005,"3"
2074,4,26,116,4.15051559,"3"
2074,4,27,117,2.02951181000003,"3"
2074,4,28,118,2.62461359000002,"3"
2074,4,29,119,3.79955813000004,"3"
2074,4,30,120,3.21971537000002,"3"
2075,4,1,91,1.90743965000001,"3"
2075,4,2,92,2.44150535,"3"
2075,4,3,93,0.259465490000025,"3"
2075,4,4,94,1.31233787000002,"3"
2075,4,5,95,3.05186615000002,"3"
2075,4,6,96,2.31943319000004,"3"
2075,4,7,97,2.63987261,"3"
2075,4,8,98,5.03553875,"3"
2075,4,9,99,3.83007617000004,"3"
2075,4,10,100,2.80772182999999,"3"
2075,4,11,101,2.79246281000002,"3"
2075,4,12,102,3.83007617000004,"3"
2075,4,13,103,1.67855435000001,"3"
2075,4,14,104,4.31836480999999,"3"
2075,4,15,105,2.80772182999999,"3"
2075,4,16,106,3.17393831000004,"3"
2075,4,17,107,1.92269867000005,"3"
2075,4,18,108,1.05293453000002,"3"
2075,4,19,109,3.72326303,"3"
2075,4,20,110,4.45569599000004,"3"
2075,4,21,111,2.76194477000001,"3"
2075,4,22,112,2.16684299000002,"3"
2075,4,23,113,2.82298085000002,"3"
2075,4,24,114,1.96847573000002,"3"
2075,4,25,115,1.63277729000004,"3"
2075,4,26,116,2.41098731,"3"
2075,4,27,117,3.37230557000004,"3"
2075,4,28,118,3.15867929000001,"3"
2075,4,29,119,1.98373475,"3"
2075,4,30,120,4.48621403000004,"3"
2076,4,1,92,2.88401693000003,"3"
2076,4,2,93,3.25023341000002,"3"
2076,4,3,94,6.22574231000004,"3"
2076,4,4,95,4.94398463000005,"3"
2076,4,5,96,1.67855435000001,"3"
2076,4,6,97,3.34178753000003,"3"
2076,4,7,98,2.79246281000002,"3"
2076,4,8,99,3.38756459000001,"3"
2076,4,9,100,2.91453497000003,"3"
2076,4,10,101,3.20445635000004,"3"
2076,4,11,102,3.66222695000005,"3"
2076,4,12,103,3.28075145000003,"3"
2076,4,13,104,2.04477083,"3"
2076,4,14,105,4.36414187000003,"3"
2076,4,15,106,3.55541381,"3"
2076,4,16,107,3.02134811000002,"3"
2076,4,17,108,3.32652851,"3"
2076,4,18,109,3.57067283000003,"3"
2076,4,19,110,3.20445635000004,"3"
2076,4,20,111,2.74668575000004,"3"
2076,4,21,112,1.37337395000003,"3"
2076,4,22,113,1.51070513000002,"3"
2076,4,23,114,1.19026571000001,"3"
2076,4,24,115,2.42624633000003,"3"
2076,4,25,116,2.13632495000002,"3"
2076,4,26,117,3.86059421000004,"3"
2076,4,27,118,4.37940089,"3"
2076,4,28,119,3.02134811000002,"3"
2076,4,29,120,2.68564967000003,"3"
2076,4,30,121,2.50254143000001,"3"
2077,4,1,91,2.19736103000002,"3"
2077,4,2,92,1.99899377000003,"3"
2077,4,3,93,2.65513163000003,"3"
2077,4,4,94,2.19736103000002,"3"
2077,4,5,95,2.54831849000004,"3"
2077,4,6,96,3.23497439000005,"3"
2077,4,7,97,3.26549243,"3"
2077,4,8,98,2.41098731,"3"
2077,4,9,99,2.50254143000001,"3"
2077,4,10,100,1.15974767,"3"
2077,4,11,101,2.47202339,"3"
2077,4,12,102,2.31943319000004,"3"
2077,4,13,103,2.96031203000001,"3"
2077,4,14,104,3.61644989000001,"3"
2077,4,15,105,4.65406325000004,"3"
2077,4,16,106,1.66329533000004,"3"
2077,4,17,107,2.10580691000001,"3"
2077,4,18,108,1.51070513000002,"3"
2077,4,19,109,3.49437773,"3"
2077,4,20,110,4.28784677000004,"3"
2077,4,21,111,4.08947951000005,"3"
2077,4,22,112,4.92872561000001,"3"
2077,4,23,113,3.92163029,"3"
2077,4,24,114,4.65406325000004,"3"
2077,4,25,115,2.99083007000002,"3"
2077,4,26,116,1.57174121000003,"3"
2077,4,27,117,2.25839711000003,"3"
2077,4,28,118,1.86166259000004,"3"
2077,4,29,119,2.63987261,"3"
2077,4,30,120,1.02241649000001,"3"
2078,4,1,91,3.55541381,"3"
2078,4,2,92,1.90743965000001,"3"
2078,4,3,93,3.73852205000003,"3"
2078,4,4,94,1.78536749,"3"
2078,4,5,95,2.44150535,"3"
2078,4,6,96,4.47095501000001,"3"
2078,4,7,97,3.84533519000001,"3"
2078,4,8,98,4.51673207000005,"3"
2078,4,9,99,2.57883653000005,"3"
2078,4,10,100,3.92163029,"3"
2078,4,11,101,1.99899377000003,"3"
2078,4,12,102,2.88401693000003,"3"
2078,4,13,103,3.34178753000003,"3"
2078,4,14,104,1.57174121000003,"3"
2078,4,15,105,1.37337395000003,"3"
2078,4,16,106,1.38863297,"3"
2078,4,17,107,2.51780045000004,"3"
2078,4,18,108,1.84640357000001,"3"
2078,4,19,109,3.47911871000002,"3"
2078,4,20,110,3.66222695000005,"3"
2078,4,21,111,5.73745367000004,"3"
2078,4,22,112,2.92979399000001,"3"
2078,4,23,113,1.95321670999999,"3"
2078,4,24,114,3.11290223000003,"3"
2078,4,25,115,1.41915101000001,"3"
2078,4,26,116,3.43334165000005,"3"
2078,4,27,117,3.58593185000001,"3"
2078,4,28,118,1.99899377000003,"3"
2078,4,29,119,1.80062651000003,"3"
2078,4,30,120,1.61751827,"3"
2079,4,1,91,3.31126949000003,"3"
2079,4,2,92,2.42624633000003,"3"
2079,4,3,93,3.09764321,"3"
2079,4,4,94,5.00502071,"3"
2079,4,5,95,2.18210200999999,"3"
2079,4,6,96,2.22787907000003,"3"
2079,4,7,97,1.54122317000002,"3"
2079,4,8,98,3.32652851,"3"
2079,4,9,99,2.19736103000002,"3"
2079,4,10,100,4.33362383000002,"3"
2079,4,11,101,4.18103363,"3"
2079,4,12,102,3.21971537000002,"3"
2079,4,13,103,4.08947951000005,"3"
2079,4,14,104,1.54122317000002,"3"
2079,4,15,105,1.78536749,"3"
2079,4,16,106,3.05186615000002,"3"
2079,4,17,107,2.24313809,"3"
2079,4,18,108,1.81588553,"3"
2079,4,19,109,5.14235189000004,"3"
2079,4,20,110,1.58700023,"3"
2079,4,21,111,1.75484944999999,"3"
2079,4,22,112,2.68564967000003,"3"
2079,4,23,113,4.01318441000001,"3"
2079,4,24,114,3.41808263000001,"3"
2079,4,25,115,6.62247683000004,"3"
2079,4,26,116,4.15051559,"3"
2079,4,27,117,1.90743965000001,"3"
2079,4,28,118,2.02951181000003,"3"
2079,4,29,119,3.70800401000002,"3"
2079,4,30,120,2.31943319000004,"3"
2080,4,1,92,1.96847573000002,"3"
2080,4,2,93,2.44150535,"3"
2080,4,3,94,3.84533519000001,"3"
2080,4,4,95,4.04370245000001,"3"
2080,4,5,96,2.97557105000004,"3"
2080,4,6,97,2.48728241000003,"3"
2080,4,7,98,2.96031203000001,"3"
2080,4,8,99,4.15051559,"3"
2080,4,9,100,3.14342027000004,"3"
2080,4,10,101,2.41098731,"3"
2080,4,11,102,2.70090869000001,"3"
2080,4,12,103,2.67039065,"3"
2080,4,13,104,3.44860067000002,"3"
2080,4,14,105,2.19736103000002,"3"
2080,4,15,106,2.51780045000004,"3"
2080,4,16,107,1.43441003000004,"3"
2080,4,17,108,1.20552473000004,"3"
2080,4,18,109,3.21971537000002,"3"
2080,4,19,110,3.57067283000003,"3"
2080,4,20,111,5.12709287000001,"3"
2080,4,21,112,2.31943319000004,"3"
2080,4,22,113,1.37337395000003,"3"
2080,4,23,114,0.366278630000011,"3"
2080,4,24,115,2.16684299000002,"3"
2080,4,25,116,2.44150535,"3"
2080,4,26,117,3.20445635000004,"3"
2080,4,27,118,2.02951181000003,"3"
2080,4,28,119,4.82191247000003,"3"
2080,4,29,120,2.67039065,"3"
2080,4,30,121,2.83823987,"3"
2081,4,1,91,2.36521025000002,"3"
2081,4,2,92,3.25023341000002,"3"
2081,4,3,93,1.70907239000002,"3"
2081,4,4,94,2.56357751000002,"3"
2081,4,5,95,2.44150535,"3"
2081,4,6,96,1.81588553,"3"
2081,4,7,97,2.80772182999999,"3"
2081,4,8,98,2.33469221000001,"3"
2081,4,9,99,3.25023341000002,"3"
2081,4,10,100,1.67855435000001,"3"
2081,4,11,101,1.52596414999999,"3"
2081,4,12,102,2.91453497000003,"3"
2081,4,13,103,2.19736103000002,"3"
2081,4,14,104,2.53305947000001,"3"
2081,4,15,105,1.78536749,"3"
2081,4,16,106,2.02951181000003,"3"
2081,4,17,107,2.67039065,"3"
2081,4,18,108,2.62461359000002,"3"
2081,4,19,109,2.60935456999999,"3"
2081,4,20,110,3.17393831000004,"3"
2081,4,21,111,2.51780045000004,"3"
2081,4,22,112,1.81588553,"3"
2081,4,23,113,2.01425279,"3"
2081,4,24,114,2.94505301000004,"3"
2081,4,25,115,2.01425279,"3"
2081,4,26,116,5.93582093000003,"3"
2081,4,27,117,3.84533519000001,"3"
2081,4,28,118,1.92269867000005,"3"
2081,4,29,119,2.02951181000003,"3"
2081,4,30,120,2.97557105000004,"3"
2082,4,1,91,3.70800401000002,"3"
2082,4,2,92,3.40282361000004,"3"
2082,4,3,93,0.976639430000034,"3"
2082,4,4,94,1.48018709000002,"3"
2082,4,5,95,2.79246281000002,"3"
2082,4,6,96,3.47911871000002,"3"
2082,4,7,97,0.93086237,"3"
2082,4,8,98,1.75484944999999,"3"
2082,4,9,99,2.12106593000004,"3"
2082,4,10,100,1.81588553,"3"
2082,4,11,101,2.22787907000003,"3"
2082,4,12,102,4.48621403000004,"3"
2082,4,13,103,2.18210200999999,"3"
2082,4,14,104,3.31126949000003,"3"
2082,4,15,105,0.869826289999992,"3"
2082,4,16,106,2.56357751000002,"3"
2082,4,17,107,3.76904009000003,"3"
2082,4,18,108,2.13632495000002,"3"
2082,4,19,109,2.12106593000004,"3"
2082,4,20,110,2.22787907000003,"3"
2082,4,21,111,1.63277729000004,"3"
2082,4,22,112,2.04477083,"3"
2082,4,23,113,5.38649621000002,"3"
2082,4,24,114,4.34888285,"3"
2082,4,25,115,1.70907239000002,"3"
2082,4,26,116,2.19736103000002,"3"
2082,4,27,117,3.46385968999999,"3"
2082,4,28,118,3.47911871000002,"3"
2082,4,29,119,2.15158397000005,"3"
2082,4,30,120,1.95321670999999,"3"
2083,4,1,91,1.60225925000003,"3"
2083,4,2,92,2.33469221000001,"3"
2083,4,3,93,3.49437773,"3"
2083,4,4,94,1.72433141000005,"3"
2083,4,5,95,2.31943319000004,"3"
2083,4,6,96,3.54015479000003,"3"
2083,4,7,97,2.68564967000003,"3"
2083,4,8,98,2.99083007000002,"3"
2083,4,9,99,3.03660712999999,"3"
2083,4,10,100,2.45676437000003,"3"
2083,4,11,101,1.69381337000004,"3"
2083,4,12,102,2.24313809,"3"
2083,4,13,103,3.49437773,"3"
2083,4,14,104,2.02951181000003,"3"
2083,4,15,105,2.42624633000003,"3"
2083,4,16,106,2.13632495000002,"3"
2083,4,17,107,3.72326303,"3"
2083,4,18,108,5.40175522999999,"3"
2083,4,19,109,1.84640357000001,"3"
2083,4,20,110,1.03767551000004,"3"
2083,4,21,111,2.34995123000004,"3"
2083,4,22,112,2.39572829000002,"3"
2083,4,23,113,2.27365613000001,"3"
2083,4,24,114,3.90637127000002,"3"
2083,4,25,115,4.08947951000005,"3"
2083,4,26,116,3.55541381,"3"
2083,4,27,117,2.48728241000003,"3"
2083,4,28,118,1.86166259000004,"3"
2083,4,29,119,1.58700023,"3"
2083,4,30,120,3.02134811000002,"3"
2084,4,1,92,4.02844343000004,"3"
2084,4,2,93,2.47202339,"3"
2084,4,3,94,2.10580691000001,"3"
2084,4,4,95,1.57174121000003,"3"
2084,4,5,96,4.28784677000004,"3"
2084,4,6,97,3.63170891000004,"3"
2084,4,7,98,2.53305947000001,"3"
2084,4,8,99,3.67748597000002,"3"
2084,4,9,100,1.66329533000004,"3"
2084,4,10,101,0.824049230000014,"3"
2084,4,11,102,1.61751827,"3"
2084,4,12,103,2.92979399000001,"3"
2084,4,13,104,1.75484944999999,"3"
2084,4,14,105,1.52596414999999,"3"
2084,4,15,106,2.82298085000002,"3"
2084,4,16,107,2.57883653000005,"3"
2084,4,17,108,2.74668575000004,"3"
2084,4,18,109,3.43334165000005,"3"
2084,4,19,110,2.38046926999999,"3"
2084,4,20,111,1.54122317000002,"3"
2084,4,21,112,0.991898450000008,"3"
2084,4,22,113,1.64803631000001,"3"
2084,4,23,114,2.06002985000003,"3"
2084,4,24,115,2.28891515000004,"3"
2084,4,25,116,2.24313809,"3"
2084,4,26,117,3.03660712999999,"3"
2084,4,27,118,3.78429911000001,"3"
2084,4,28,119,3.99792539000003,"3"
2084,4,29,120,3.78429911000001,"3"
2084,4,30,121,2.06002985000003,"3"
2085,4,1,91,4.07422049000002,"3"
2085,4,2,92,2.39572829000002,"3"
2085,4,3,93,2.89927595,"3"
2085,4,4,94,2.27365613000001,"3"
2085,4,5,95,2.41098731,"3"
2085,4,6,96,2.45676437000003,"3"
2085,4,7,97,3.93688931000003,"3"
2085,4,8,98,1.81588553,"3"
2085,4,9,99,2.25839711000003,"3"
2085,4,10,100,3.02134811000002,"3"
2085,4,11,101,2.12106593000004,"3"
2085,4,12,102,1.67855435000001,"3"
2085,4,13,103,0.686718050000025,"3"
2085,4,14,104,1.60225925000003,"3"
2085,4,15,105,3.37230557000004,"3"
2085,4,16,106,5.09657483000001,"3"
2085,4,17,107,2.39572829000002,"3"
2085,4,18,108,2.50254143000001,"3"
2085,4,19,109,5.66115857,"3"
2085,4,20,110,3.79955813000004,"3"
2085,4,21,111,3.99792539000003,"3"
2085,4,22,112,4.53199109000002,"3"
2085,4,23,113,3.35704655000001,"3"
2085,4,24,114,3.29601047,"3"
2085,4,25,115,4.40991893,"3"
2085,4,26,116,3.58593185000001,"3"
2085,4,27,117,1.89218063000004,"3"
2085,4,28,118,3.17393831000004,"3"
2085,4,29,119,1.98373475,"3"
2085,4,30,120,2.91453497000003,"3"
2086,4,1,91,2.92979399000001,"3"
2086,4,2,92,3.66222695000005,"3"
2086,4,3,93,1.96847573000002,"3"
2086,4,4,94,4.13525657000002,"3"
2086,4,5,95,4.30310579000002,"3"
2086,4,6,96,1.92269867000005,"3"
2086,4,7,97,1.69381337000004,"3"
2086,4,8,98,2.28891515000004,"3"
2086,4,9,99,2.91453497000003,"3"
2086,4,10,100,3.63170891000004,"3"
2086,4,11,101,3.54015479000003,"3"
2086,4,12,102,2.65513163000003,"3"
2086,4,13,103,3.28075145000003,"3"
2086,4,14,104,2.96031203000001,"3"
2086,4,15,105,3.60119087000004,"3"
2086,4,16,106,5.35597817000001,"3"
2086,4,17,107,2.48728241000003,"3"
2086,4,18,108,2.16684299000002,"3"
2086,4,19,109,2.74668575000004,"3"
2086,4,20,110,3.76904009000003,"3"
2086,4,21,111,3.79955813000004,"3"
2086,4,22,112,2.42624633000003,"3"
2086,4,23,113,1.70907239000002,"3"
2086,4,24,114,2.74668575000004,"3"
2086,4,25,115,3.60119087000004,"3"
2086,4,26,116,2.94505301000004,"3"
2086,4,27,117,2.19736103000002,"3"
2086,4,28,118,3.15867929000001,"3"
2086,4,29,119,1.84640357000001,"3"
2086,4,30,120,3.75378107,"3"
2087,4,1,91,2.73142673000001,"3"
2087,4,2,92,3.32652851,"3"
2087,4,3,93,1.96847573000002,"3"
2087,4,4,94,2.44150535,"3"
2087,4,5,95,1.90743965000001,"3"
2087,4,6,96,3.46385968999999,"3"
2087,4,7,97,3.18919733000001,"3"
2087,4,8,98,3.90637127000002,"3"
2087,4,9,99,4.59302717000003,"3"
2087,4,10,100,3.21971537000002,"3"
2087,4,11,101,2.33469221000001,"3"
2087,4,12,102,2.54831849000004,"3"
2087,4,13,103,1.02241649000001,"3"
2087,4,14,104,2.73142673000001,"3"
2087,4,15,105,3.79955813000004,"3"
2087,4,16,106,4.01318441000001,"3"
2087,4,17,107,3.08238419000003,"3"
2087,4,18,108,1.95321670999999,"3"
2087,4,19,109,4.31836480999999,"3"
2087,4,20,110,4.62354521000003,"3"
2087,4,21,111,1.66329533000004,"3"
2087,4,22,112,1.66329533000004,"3"
2087,4,23,113,5.15761091000002,"3"
2087,4,24,114,2.45676437000003,"3"
2087,4,25,115,4.33362383000002,"3"
2087,4,26,116,2.27365613000001,"3"
2087,4,27,117,3.00608909000005,"3"
2087,4,28,118,2.74668575000004,"3"
2087,4,29,119,3.58593185000001,"3"
2087,4,30,120,2.74668575000004,"3"
2088,4,1,92,2.27365613000001,"3"
2088,4,2,93,3.28075145000003,"3"
2088,4,3,94,2.74668575000004,"3"
2088,4,4,95,4.45569599000004,"3"
2088,4,5,96,3.03660712999999,"3"
2088,4,6,97,1.55648219,"3"
2088,4,7,98,2.83823987,"3"
2088,4,8,99,2.47202339,"3"
2088,4,9,100,2.34995123000004,"3"
2088,4,10,101,1.93795769000002,"3"
2088,4,11,102,2.02951181000003,"3"
2088,4,12,103,2.25839711000003,"3"
2088,4,13,104,2.41098731,"3"
2088,4,14,105,3.63170891000004,"3"
2088,4,15,106,2.02951181000003,"3"
2088,4,16,107,3.02134811000002,"3"
2088,4,17,108,3.06712517,"3"
2088,4,18,109,4.89820757000001,"3"
2088,4,19,110,3.28075145000003,"3"
2088,4,20,111,3.44860067000002,"3"
2088,4,21,112,5.18812895000002,"3"
2088,4,22,113,4.66932227000001,"3"
2088,4,23,114,3.00608909000005,"3"
2088,4,24,115,2.34995123000004,"3"
2088,4,25,116,7.11076547000005,"3"
2088,4,26,117,2.60935456999999,"3"
2088,4,27,118,1.70907239000002,"3"
2088,4,28,119,4.69984031000001,"3"
2088,4,29,120,1.73959043000002,"3"
2088,4,30,121,1.78536749,"3"
2089,4,1,91,3.92163029,"3"
2089,4,2,92,3.81481715000001,"3"
2089,4,3,93,1.75484944999999,"3"
2089,4,4,94,2.34995123000004,"3"
2089,4,5,95,1.08345257000002,"3"
2089,4,6,96,3.03660712999999,"3"
2089,4,7,97,2.76194477000001,"3"
2089,4,8,98,3.84533519000001,"3"
2089,4,9,99,3.96740735000003,"3"
2089,4,10,100,2.21262005,"3"
2089,4,11,101,2.77720379000004,"3"
2089,4,12,102,2.07528887000001,"3"
2089,4,13,103,1.58700023,"3"
2089,4,14,104,2.25839711000003,"3"
2089,4,15,105,2.97557105000004,"3"
2089,4,16,106,4.10473853000002,"3"
2089,4,17,107,2.80772182999999,"3"
2089,4,18,108,3.08238419000003,"3"
2089,4,19,109,1.26656081000004,"3"
2089,4,20,110,2.38046926999999,"3"
2089,4,21,111,2.53305947000001,"3"
2089,4,22,112,3.05186615000002,"3"
2089,4,23,113,2.33469221000001,"3"
2089,4,24,114,1.60225925000003,"3"
2089,4,25,115,2.09054789000004,"3"
2089,4,26,116,3.15867929000001,"3"
2089,4,27,117,1.81588553,"3"
2089,4,28,118,1.49544611000005,"3"
2089,4,29,119,3.06712517,"3"
2089,4,30,120,6.94291625,"3"
2090,4,1,91,4.05896147000004,"3"
2090,4,2,92,1.67855435000001,"3"
2090,4,3,93,3.89111224999999,"3"
2090,4,4,94,2.67039065,"3"
2090,4,5,95,2.31943319000004,"3"
2090,4,6,96,0.885085310000022,"3"
2090,4,7,97,2.70090869000001,"3"
2090,4,8,98,3.25023341000002,"3"
2090,4,9,99,4.28784677000004,"3"
2090,4,10,100,1.73959043000002,"3"
2090,4,11,101,2.13632495000002,"3"
2090,4,12,102,3.49437773,"3"
2090,4,13,103,2.09054789000004,"3"
2090,4,14,104,2.50254143000001,"3"
2090,4,15,105,3.31126949000003,"3"
2090,4,16,106,2.48728241000003,"3"
2090,4,17,107,1.32759689,"3"
2090,4,18,108,2.15158397000005,"3"
2090,4,19,109,2.24313809,"3"
2090,4,20,110,1.78536749,"3"
2090,4,21,111,2.96031203000001,"3"
2090,4,22,112,3.54015479000003,"3"
2090,4,23,113,2.16684299000002,"3"
2090,4,24,114,1.46492807000004,"3"
2090,4,25,115,2.57883653000005,"3"
2090,4,26,116,2.88401693000003,"3"
2090,4,27,117,1.37337395000003,"3"
2090,4,28,118,5.08131581000004,"3"
2090,4,29,119,3.87585323000002,"3"
2090,4,30,120,3.72326303,"3"
2091,4,1,91,2.97557105000004,"3"
2091,4,2,92,2.13632495000002,"3"
2091,4,3,93,1.77010847000003,"3"
2091,4,4,94,3.67748597000002,"3"
2091,4,5,95,2.63987261,"3"
2091,4,6,96,2.36521025000002,"3"
2091,4,7,97,2.45676437000003,"3"
2091,4,8,98,0.976639430000034,"3"
2091,4,9,99,2.79246281000002,"3"
2091,4,10,100,3.12816125,"3"
2091,4,11,101,2.57883653000005,"3"
2091,4,12,102,3.40282361000004,"3"
2091,4,13,103,5.03553875,"3"
2091,4,14,104,2.31943319000004,"3"
2091,4,15,105,2.99083007000002,"3"
2091,4,16,106,1.93795769000002,"3"
2091,4,17,107,3.34178753000003,"3"
2091,4,18,108,2.59409555000002,"3"
2091,4,19,109,2.33469221000001,"3"
2091,4,20,110,3.11290223000003,"3"
2091,4,21,111,3.23497439000005,"3"
2091,4,22,112,2.48728241000003,"3"
2091,4,23,113,3.29601047,"3"
2091,4,24,114,3.89111224999999,"3"
2091,4,25,115,2.41098731,"3"
2091,4,26,116,3.60119087000004,"3"
2091,4,27,117,0.915603350000026,"3"
2091,4,28,118,2.30417417000001,"3"
2091,4,29,119,2.70090869000001,"3"
2091,4,30,120,3.86059421000004,"3"
2092,4,1,92,2.47202339,"3"
2092,4,2,93,0.961380410000004,"3"
2092,4,3,94,3.37230557000004,"3"
2092,4,4,95,5.75271269000001,"3"
2092,4,5,96,4.08947951000005,"3"
2092,4,6,97,2.60935456999999,"3"
2092,4,7,98,3.92163029,"3"
2092,4,8,99,2.73142673000001,"3"
2092,4,9,100,3.57067283000003,"3"
2092,4,10,101,3.31126949000003,"3"
2092,4,11,102,2.54831849000004,"3"
2092,4,12,103,2.99083007000002,"3"
2092,4,13,104,3.83007617000004,"3"
2092,4,14,105,3.76904009000003,"3"
2092,4,15,106,2.70090869000001,"3"
2092,4,16,107,2.07528887000001,"3"
2092,4,17,108,3.06712517,"3"
2092,4,18,109,3.64696793000002,"3"
2092,4,19,110,1.95321670999999,"3"
2092,4,20,111,1.93795769000002,"3"
2092,4,21,112,3.57067283000003,"3"
2092,4,22,113,2.36521025000002,"3"
2092,4,23,114,2.70090869000001,"3"
2092,4,24,115,2.04477083,"3"
2092,4,25,116,3.55541381,"3"
2092,4,26,117,4.28784677000004,"3"
2092,4,27,118,2.53305947000001,"3"
2092,4,28,119,2.15158397000005,"3"
2092,4,29,120,2.16684299000002,"3"
2092,4,30,121,1.87692161000001,"3"
2093,4,1,91,2.79246281000002,"3"
2093,4,2,92,2.70090869000001,"3"
2093,4,3,93,3.29601047,"3"
2093,4,4,94,3.76904009000003,"3"
2093,4,5,95,5.99685701000004,"3"
2093,4,6,96,1.77010847000003,"3"
2093,4,7,97,3.18919733000001,"3"
2093,4,8,98,0.991898450000008,"3"
2093,4,9,99,3.47911871000002,"3"
2093,4,10,100,5.23390601,"3"
2093,4,11,101,4.21155167000001,"3"
2093,4,12,102,2.45676437000003,"3"
2093,4,13,103,0.686718050000025,"3"
2093,4,14,104,1.75484944999999,"3"
2093,4,15,105,3.12816125,"3"
2093,4,16,106,5.08131581000004,"3"
2093,4,17,107,2.04477083,"3"
2093,4,18,108,1.93795769000002,"3"
2093,4,19,109,1.70907239000002,"3"
2093,4,20,110,2.76194477000001,"3"
2093,4,21,111,1.73959043000002,"3"
2093,4,22,112,2.39572829000002,"3"
2093,4,23,113,1.52596414999999,"3"
2093,4,24,114,2.28891515000004,"3"
2093,4,25,115,2.36521025000002,"3"
2093,4,26,116,2.41098731,"3"
2093,4,27,117,1.80062651000003,"3"
2093,4,28,118,2.54831849000004,"3"
2093,4,29,119,3.34178753000003,"3"
2093,4,30,120,4.36414187000003,"3"
2094,4,1,91,3.17393831000004,"3"
2094,4,2,92,3.93688931000003,"3"
2094,4,3,93,3.23497439000005,"3"
2094,4,4,94,2.97557105000004,"3"
2094,4,5,95,2.27365613000001,"3"
2094,4,6,96,3.81481715000001,"3"
2094,4,7,97,1.54122317000002,"3"
2094,4,8,98,2.07528887000001,"3"
2094,4,9,99,2.25839711000003,"3"
2094,4,10,100,2.09054789000004,"3"
2094,4,11,101,2.80772182999999,"3"
2094,4,12,102,3.81481715000001,"3"
2094,4,13,103,3.31126949000003,"3"
2094,4,14,104,3.64696793000002,"3"
2094,4,15,105,3.12816125,"3"
2094,4,16,106,2.67039065,"3"
2094,4,17,107,3.37230557000004,"3"
2094,4,18,108,3.17393831000004,"3"
2094,4,19,109,1.48018709000002,"3"
2094,4,20,110,2.97557105000004,"3"
2094,4,21,111,3.31126949000003,"3"
2094,4,22,112,3.90637127000002,"3"
2094,4,23,113,3.18919733000001,"3"
2094,4,24,114,5.34071915000004,"3"
2094,4,25,115,1.54122317000002,"3"
2094,4,26,116,3.41808263000001,"3"
2094,4,27,117,4.21155167000001,"3"
2094,4,28,118,3.79955813000004,"3"
2094,4,29,119,3.35704655000001,"3"
2094,4,30,120,3.98266637,"3"
2095,4,1,91,0.839308250000045,"3"
2095,4,2,92,3.50963675000003,"3"
2095,4,3,93,1.92269867000005,"3"
2095,4,4,94,2.30417417000001,"3"
2095,4,5,95,2.06002985000003,"3"
2095,4,6,96,1.52596414999999,"3"
2095,4,7,97,1.75484944999999,"3"
2095,4,8,98,1.75484944999999,"3"
2095,4,9,99,3.35704655000001,"3"
2095,4,10,100,3.81481715000001,"3"
2095,4,11,101,3.40282361000004,"3"
2095,4,12,102,5.23390601,"3"
2095,4,13,103,3.00608909000005,"3"
2095,4,14,104,2.62461359000002,"3"
2095,4,15,105,5.40175522999999,"3"
2095,4,16,106,6.39359153000004,"3"
2095,4,17,107,3.63170891000004,"3"
2095,4,18,108,3.02134811000002,"3"
2095,4,19,109,2.92979399000001,"3"
2095,4,20,110,2.36521025000002,"3"
2095,4,21,111,3.86059421000004,"3"
2095,4,22,112,1.55648219,"3"
2095,4,23,113,1.20552473000004,"3"
2095,4,24,114,0.747754130000033,"3"
2095,4,25,115,3.50963675000003,"3"
2095,4,26,116,3.25023341000002,"3"
2095,4,27,117,2.79246281000002,"3"
2095,4,28,118,3.52489577,"3"
2095,4,29,119,3.31126949000003,"3"
2095,4,30,120,3.66222695000005,"3"
2096,4,1,92,0.900344329999996,"3"
2096,4,2,93,1.81588553,"3"
2096,4,3,94,2.28891515000004,"3"
2096,4,4,95,2.28891515000004,"3"
2096,4,5,96,1.19026571000001,"3"
2096,4,6,97,0.701977069999998,"3"
2096,4,7,98,1.93795769000002,"3"
2096,4,8,99,2.57883653000005,"3"
2096,4,9,100,3.89111224999999,"3"
2096,4,10,101,4.59302717000003,"3"
2096,4,11,102,5.92056191,"3"
2096,4,12,103,2.92979399000001,"3"
2096,4,13,104,2.38046926999999,"3"
2096,4,14,105,3.73852205000003,"3"
2096,4,15,106,4.60828619,"3"
2096,4,16,107,4.42517795000003,"3"
2096,4,17,108,2.70090869000001,"3"
2096,4,18,109,3.09764321,"3"
2096,4,19,110,1.55648219,"3"
2096,4,20,111,2.06002985000003,"3"
2096,4,21,112,2.92979399000001,"3"
2096,4,22,113,1.29707884999999,"3"
2096,4,23,114,3.02134811000002,"3"
2096,4,24,115,3.03660712999999,"3"
2096,4,25,116,4.79139443000003,"3"
2096,4,26,117,3.99792539000003,"3"
2096,4,27,118,3.38756459000001,"3"
2096,4,28,119,2.77720379000004,"3"
2096,4,29,120,1.92269867000005,"3"
2096,4,30,121,4.31836480999999,"3"
2097,4,1,91,1.64803631000001,"3"
2097,4,2,92,2.62461359000002,"3"
2097,4,3,93,4.30310579000002,"3"
2097,4,4,94,1.78536749,"3"
2097,4,5,95,3.92163029,"3"
2097,4,6,96,2.06002985000003,"3"
2097,4,7,97,2.80772182999999,"3"
2097,4,8,98,2.47202339,"3"
2097,4,9,99,1.66329533000004,"3"
2097,4,10,100,3.09764321,"3"
2097,4,11,101,4.65406325000004,"3"
2097,4,12,102,5.72219465000001,"3"
2097,4,13,103,4.34888285,"3"
2097,4,14,104,4.51673207000005,"3"
2097,4,15,105,5.43227327,"3"
2097,4,16,106,4.18103363,"3"
2097,4,17,107,4.15051559,"3"
2097,4,18,108,4.83717149,"3"
2097,4,19,109,1.83114455000003,"3"
2097,4,20,110,2.33469221000001,"3"
2097,4,21,111,3.49437773,"3"
2097,4,22,112,3.47911871000002,"3"
2097,4,23,113,4.50147305000002,"3"
2097,4,24,114,3.37230557000004,"3"
2097,4,25,115,3.20445635000004,"3"
2097,4,26,116,4.74561736999999,"3"
2097,4,27,117,2.63987261,"3"
2097,4,28,118,3.57067283000003,"3"
2097,4,29,119,3.81481715000001,"3"
2097,4,30,120,3.55541381,"3"
2098,4,1,91,1.95321670999999,"3"
2098,4,2,92,3.69274498999999,"3"
2098,4,3,93,2.86875791,"3"
2098,4,4,94,2.85349889000003,"3"
2098,4,5,95,1.95321670999999,"3"
2098,4,6,96,1.92269867000005,"3"
2098,4,7,97,2.48728241000003,"3"
2098,4,8,98,2.88401693000003,"3"
2098,4,9,99,1.19026571000001,"3"
2098,4,10,100,3.00608909000005,"3"
2098,4,11,101,2.56357751000002,"3"
2098,4,12,102,4.19629265000003,"3"
2098,4,13,103,4.74561736999999,"3"
2098,4,14,104,5.35597817000001,"3"
2098,4,15,105,2.73142673000001,"3"
2098,4,16,106,1.40389199000003,"3"
2098,4,17,107,2.89927595,"3"
2098,4,18,108,0.885085310000022,"3"
2098,4,19,109,1.06819355000005,"3"
2098,4,20,110,3.20445635000004,"3"
2098,4,21,111,3.20445635000004,"3"
2098,4,22,112,2.53305947000001,"3"
2098,4,23,113,3.20445635000004,"3"
2098,4,24,114,0.732495110000002,"3"
2098,4,25,115,2.74668575000004,"3"
2098,4,26,116,6.89713919000002,"3"
2098,4,27,117,3.95214833,"3"
2098,4,28,118,6.22574231000004,"3"
2098,4,29,119,3.63170891000004,"3"
2098,4,30,120,3.99792539000003,"3"
2099,4,1,91,2.63987261,"3"
2099,4,2,92,1.06819355000005,"3"
2099,4,3,93,1.61751827,"3"
2099,4,4,94,3.21971537000002,"3"
2099,4,5,95,3.92163029,"3"
2099,4,6,96,2.86875791,"3"
2099,4,7,97,2.86875791,"3"
2099,4,8,98,3.95214833,"3"
2099,4,9,99,3.40282361000004,"3"
2099,4,10,100,3.47911871000002,"3"
2099,4,11,101,2.57883653000005,"3"
2099,4,12,102,2.50254143000001,"3"
2099,4,13,103,2.47202339,"3"
2099,4,14,104,3.02134811000002,"3"
2099,4,15,105,3.35704655000001,"3"
2099,4,16,106,4.04370245000001,"3"
2099,4,17,107,2.97557105000004,"3"
2099,4,18,108,5.40175522999999,"3"
2099,4,19,109,3.99792539000003,"3"
2099,4,20,110,3.75378107,"3"
2099,4,21,111,2.06002985000003,"3"
2099,4,22,112,2.10580691000001,"3"
2099,4,23,113,3.12816125,"3"
2099,4,24,114,4.10473853000002,"3"
2099,4,25,115,2.50254143000001,"3"
2099,4,26,116,1.78536749,"3"
2099,4,27,117,0.869826289999992,"3"
2099,4,28,118,2.15158397000005,"3"
2099,4,29,119,7.44646391000003,"3"
2099,4,30,120,3.31126949000003,"3"
2100,4,1,91,2.42624633000003,"3"
2100,4,2,92,3.72326303,"3"
2100,4,3,93,3.70800401000002,"3"
2100,4,4,94,2.28891515000004,"3"
2100,4,5,95,3.54015479000003,"3"
2100,4,6,96,8.72822159000003,"3"
2100,4,7,97,4.05896147000004,"3"
2100,4,8,98,1.23604277000004,"3"
2100,4,9,99,0.839308250000045,"3"
2100,4,10,100,3.73852205000003,"3"
2100,4,11,101,4.45569599000004,"3"
2100,4,12,102,2.70090869000001,"3"
2100,4,13,103,2.59409555000002,"3"
2100,4,14,104,3.18919733000001,"3"
2100,4,15,105,3.25023341000002,"3"
2100,4,16,106,2.63987261,"3"
2100,4,17,107,2.88401693000003,"3"
2100,4,18,108,2.45676437000003,"3"
2100,4,19,109,1.58700023,"3"
2100,4,20,110,3.54015479000003,"3"
2100,4,21,111,3.64696793000002,"3"
2100,4,22,112,2.31943319000004,"3"
2100,4,23,113,2.48728241000003,"3"
2100,4,24,114,2.89927595,"3"
2100,4,25,115,2.01425279,"3"
2100,4,26,116,2.60935456999999,"3"
2100,4,27,117,3.20445635000004,"3"
2100,4,28,118,4.28784677000004,"3"
2100,4,29,119,4.76087639000002,"3"
2100,4,30,120,1.96847573000002,"3"
2025,5,1,121,2.28891515000004,"3"
2025,5,2,122,2.70090869000001,"3"
2025,5,3,123,2.62461359000002,"3"
2025,5,4,124,2.30417417000001,"3"
2025,5,5,125,2.96031203000001,"3"
2025,5,6,126,1.83114455000003,"3"
2025,5,7,127,0.732495110000002,"3"
2025,5,8,128,1.69381337000004,"3"
2025,5,9,129,0.839308250000045,"3"
2025,5,10,130,1.26656081000004,"3"
2025,5,11,131,1.38863297,"3"
2025,5,12,132,2.09054789000004,"3"
2025,5,13,133,3.12816125,"3"
2025,5,14,134,1.69381337000004,"3"
2025,5,15,135,1.14448865000003,"3"
2025,5,16,136,2.59409555000002,"3"
2025,5,17,137,2.71616771000004,"3"
2025,5,18,138,2.38046926999999,"3"
2025,5,19,139,1.20552473000004,"3"
2025,5,20,140,1.17500669000003,"3"
2025,5,21,141,1.83114455000003,"3"
2025,5,22,142,1.52596414999999,"3"
2025,5,23,143,2.45676437000003,"3"
2025,5,24,144,3.38756459000001,"3"
2025,5,25,145,1.95321670999999,"3"
2025,5,26,146,4.24206971000001,"3"
2025,5,27,147,1.22078375000001,"3"
2025,5,28,148,1.66329533000004,"3"
2025,5,29,149,2.50254143000001,"3"
2025,5,30,150,1.12922963,"3"
2025,5,31,151,2.15158397000005,"3"
2026,5,1,121,1.99899377000003,"3"
2026,5,2,122,1.32759689,"3"
2026,5,3,123,1.29707884999999,"3"
2026,5,4,124,0.808790210000041,"3"
2026,5,5,125,1.96847573000002,"3"
2026,5,6,126,2.73142673000001,"3"
2026,5,7,127,2.67039065,"3"
2026,5,8,128,1.86166259000004,"3"
2026,5,9,129,3.73852205000003,"3"
2026,5,10,130,3.46385968999999,"3"
2026,5,11,131,2.73142673000001,"3"
2026,5,12,132,3.18919733000001,"3"
2026,5,13,133,5.26442405,"3"
2026,5,14,134,2.36521025000002,"3"
2026,5,15,135,1.86166259000004,"3"
2026,5,16,136,3.32652851,"3"
2026,5,17,137,4.16577461000003,"3"
2026,5,18,138,2.21262005,"3"
2026,5,19,139,2.30417417000001,"3"
2026,5,20,140,4.15051559,"3"
2026,5,21,141,3.28075145000003,"3"
2026,5,22,142,2.53305947000001,"3"
2026,5,23,143,2.22787907000003,"3"
2026,5,24,144,2.89927595,"3"
2026,5,25,145,2.56357751000002,"3"
2026,5,26,146,1.61751827,"3"
2026,5,27,147,2.57883653000005,"3"
2026,5,28,148,3.41808263000001,"3"
2026,5,29,149,2.97557105000004,"3"
2026,5,30,150,2.54831849000004,"3"
2026,5,31,151,2.12106593000004,"3"
2027,5,1,121,3.06712517,"3"
2027,5,2,122,2.16684299000002,"3"
2027,5,3,123,1.26656081000004,"3"
2027,5,4,124,1.38863297,"3"
2027,5,5,125,1.93795769000002,"3"
2027,5,6,126,2.59409555000002,"3"
2027,5,7,127,2.83823987,"3"
2027,5,8,128,2.76194477000001,"3"
2027,5,9,129,3.09764321,"3"
2027,5,10,130,3.58593185000001,"3"
2027,5,11,131,3.29601047,"3"
2027,5,12,132,4.18103363,"3"
2027,5,13,133,1.46492807000004,"3"
2027,5,14,134,3.57067283000003,"3"
2027,5,15,135,2.86875791,"3"
2027,5,16,136,0.701977069999998,"3"
2027,5,17,137,1.67855435000001,"3"
2027,5,18,138,2.12106593000004,"3"
2027,5,19,139,4.47095501000001,"3"
2027,5,20,140,2.25839711000003,"3"
2027,5,21,141,2.02951181000003,"3"
2027,5,22,142,3.18919733000001,"3"
2027,5,23,143,2.65513163000003,"3"
2027,5,24,144,3.23497439000005,"3"
2027,5,25,145,2.25839711000003,"3"
2027,5,26,146,2.25839711000003,"3"
2027,5,27,147,1.78536749,"3"
2027,5,28,148,4.27258775000001,"3"
2027,5,29,149,3.90637127000002,"3"
2027,5,30,150,3.23497439000005,"3"
2027,5,31,151,4.21155167000001,"3"
2028,5,1,122,2.97557105000004,"3"
2028,5,2,123,2.25839711000003,"3"
2028,5,3,124,3.00608909000005,"3"
2028,5,4,125,0.839308250000045,"3"
2028,5,5,126,0.50360981,"3"
2028,5,6,127,3.05186615000002,"3"
2028,5,7,128,2.02951181000003,"3"
2028,5,8,129,3.70800401000002,"3"
2028,5,9,130,1.05293453000002,"3"
2028,5,10,131,1.32759689,"3"
2028,5,11,132,3.31126949000003,"3"
2028,5,12,133,1.95321670999999,"3"
2028,5,13,134,2.16684299000002,"3"
2028,5,14,135,3.55541381,"3"
2028,5,15,136,3.35704655000001,"3"
2028,5,16,137,1.67855435000001,"3"
2028,5,17,138,0.991898450000008,"3"
2028,5,18,139,3.06712517,"3"
2028,5,19,140,1.69381337000004,"3"
2028,5,20,141,0.900344329999996,"3"
2028,5,21,142,1.96847573000002,"3"
2028,5,22,143,2.94505301000004,"3"
2028,5,23,144,2.96031203000001,"3"
2028,5,24,145,1.92269867000005,"3"
2028,5,25,146,1.75484944999999,"3"
2028,5,26,147,3.32652851,"3"
2028,5,27,148,2.94505301000004,"3"
2028,5,28,149,2.31943319000004,"3"
2028,5,29,150,4.24206971000001,"3"
2028,5,30,151,3.03660712999999,"3"
2028,5,31,152,2.30417417000001,"3"
2029,5,1,121,0.900344329999996,"3"
2029,5,2,122,0.839308250000045,"3"
2029,5,3,123,1.60225925000003,"3"
2029,5,4,124,2.27365613000001,"3"
2029,5,5,125,4.76087639000002,"3"
2029,5,6,126,5.93582093000003,"3"
2029,5,7,127,2.15158397000005,"3"
2029,5,8,128,2.21262005,"3"
2029,5,9,129,2.13632495000002,"3"
2029,5,10,130,3.89111224999999,"3"
2029,5,11,131,2.04477083,"3"
2029,5,12,132,2.36521025000002,"3"
2029,5,13,133,1.61751827,"3"
2029,5,14,134,1.12922963,"3"
2029,5,15,135,2.92979399000001,"3"
2029,5,16,136,2.60935456999999,"3"
2029,5,17,137,1.52596414999999,"3"
2029,5,18,138,0.701977069999998,"3"
2029,5,19,139,2.99083007000002,"3"
2029,5,20,140,2.70090869000001,"3"
2029,5,21,141,2.51780045000004,"3"
2029,5,22,142,2.18210200999999,"3"
2029,5,23,143,1.67855435000001,"3"
2029,5,24,144,3.05186615000002,"3"
2029,5,25,145,1.48018709000002,"3"
2029,5,26,146,2.30417417000001,"3"
2029,5,27,147,2.74668575000004,"3"
2029,5,28,148,2.10580691000001,"3"
2029,5,29,149,4.15051559,"3"
2029,5,30,150,3.46385968999999,"3"
2029,5,31,151,2.99083007000002,"3"
2030,5,1,121,1.83114455000003,"3"
2030,5,2,122,3.15867929000001,"3"
2030,5,3,123,3.28075145000003,"3"
2030,5,4,124,3.93688931000003,"3"
2030,5,5,125,1.73959043000002,"3"
2030,5,6,126,2.24313809,"3"
2030,5,7,127,2.82298085000002,"3"
2030,5,8,128,2.24313809,"3"
2030,5,9,129,1.61751827,"3"
2030,5,10,130,1.49544611000005,"3"
2030,5,11,131,1.34285591000003,"3"
2030,5,12,132,2.38046926999999,"3"
2030,5,13,133,0.610422950000043,"3"
2030,5,14,134,2.67039065,"3"
2030,5,15,135,2.33469221000001,"3"
2030,5,16,136,2.21262005,"3"
2030,5,17,137,2.71616771000004,"3"
2030,5,18,138,3.12816125,"3"
2030,5,19,139,2.63987261,"3"
2030,5,20,140,3.61644989000001,"3"
2030,5,21,141,2.67039065,"3"
2030,5,22,142,1.52596414999999,"3"
2030,5,23,143,2.27365613000001,"3"
2030,5,24,144,2.02951181000003,"3"
2030,5,25,145,1.99899377000003,"3"
2030,5,26,146,1.03767551000004,"3"
2030,5,27,147,3.58593185000001,"3"
2030,5,28,148,4.24206971000001,"3"
2030,5,29,149,2.76194477000001,"3"
2030,5,30,150,2.39572829000002,"3"
2030,5,31,151,3.25023341000002,"3"
2031,5,1,121,1.63277729000004,"3"
2031,5,2,122,2.54831849000004,"3"
2031,5,3,123,1.78536749,"3"
2031,5,4,124,2.31943319000004,"3"
2031,5,5,125,0.94612139000003,"3"
2031,5,6,126,2.71616771000004,"3"
2031,5,7,127,1.77010847000003,"3"
2031,5,8,128,1.44966905000001,"3"
2031,5,9,129,2.86875791,"3"
2031,5,10,130,1.14448865000003,"3"
2031,5,11,131,2.79246281000002,"3"
2031,5,12,132,2.65513163000003,"3"
2031,5,13,133,2.79246281000002,"3"
2031,5,14,134,3.73852205000003,"3"
2031,5,15,135,2.30417417000001,"3"
2031,5,16,136,2.73142673000001,"3"
2031,5,17,137,1.34285591000003,"3"
2031,5,18,138,2.19736103000002,"3"
2031,5,19,139,3.50963675000003,"3"
2031,5,20,140,1.95321670999999,"3"
2031,5,21,141,2.96031203000001,"3"
2031,5,22,142,1.17500669000003,"3"
2031,5,23,143,2.34995123000004,"3"
2031,5,24,144,3.37230557000004,"3"
2031,5,25,145,2.68564967000003,"3"
2031,5,26,146,3.81481715000001,"3"
2031,5,27,147,1.89218063000004,"3"
2031,5,28,148,1.55648219,"3"
2031,5,29,149,2.54831849000004,"3"
2031,5,30,150,2.04477083,"3"
2031,5,31,151,1.96847573000002,"3"
2032,5,1,122,3.64696793000002,"3"
2032,5,2,123,2.91453497000003,"3"
2032,5,3,124,1.63277729000004,"3"
2032,5,4,125,2.59409555000002,"3"
2032,5,5,126,2.27365613000001,"3"
2032,5,6,127,1.43441003000004,"3"
2032,5,7,128,1.34285591000003,"3"
2032,5,8,129,3.03660712999999,"3"
2032,5,9,130,2.86875791,"3"
2032,5,10,131,1.69381337000004,"3"
2032,5,11,132,1.78536749,"3"
2032,5,12,133,3.75378107,"3"
2032,5,13,134,2.91453497000003,"3"
2032,5,14,135,3.67748597000002,"3"
2032,5,15,136,4.39465991000003,"3"
2032,5,16,137,1.89218063000004,"3"
2032,5,17,138,1.35811493,"3"
2032,5,18,139,2.28891515000004,"3"
2032,5,19,140,2.50254143000001,"3"
2032,5,20,141,1.61751827,"3"
2032,5,21,142,3.67748597000002,"3"
2032,5,22,143,2.25839711000003,"3"
2032,5,23,144,2.79246281000002,"3"
2032,5,24,145,0.808790210000041,"3"
2032,5,25,146,2.25839711000003,"3"
2032,5,26,147,2.70090869000001,"3"
2032,5,27,148,1.89218063000004,"3"
2032,5,28,149,2.88401693000003,"3"
2032,5,29,150,2.96031203000001,"3"
2032,5,30,151,2.60935456999999,"3"
2032,5,31,152,2.44150535,"3"
2033,5,1,121,3.26549243,"3"
2033,5,2,122,2.82298085000002,"3"
2033,5,3,123,2.71616771000004,"3"
2033,5,4,124,2.91453497000003,"3"
2033,5,5,125,4.44043697000001,"3"
2033,5,6,126,3.06712517,"3"
2033,5,7,127,2.54831849000004,"3"
2033,5,8,128,3.25023341000002,"3"
2033,5,9,129,2.50254143000001,"3"
2033,5,10,130,1.37337395000003,"3"
2033,5,11,131,0.961380410000004,"3"
2033,5,12,132,0.976639430000034,"3"
2033,5,13,133,1.92269867000005,"3"
2033,5,14,134,2.88401693000003,"3"
2033,5,15,135,2.88401693000003,"3"
2033,5,16,136,2.50254143000001,"3"
2033,5,17,137,2.18210200999999,"3"
2033,5,18,138,3.08238419000003,"3"
2033,5,19,139,2.41098731,"3"
2033,5,20,140,1.60225925000003,"3"
2033,5,21,141,2.24313809,"3"
2033,5,22,142,2.83823987,"3"
2033,5,23,143,1.72433141000005,"3"
2033,5,24,144,2.86875791,"3"
2033,5,25,145,1.28181983000002,"3"
2033,5,26,146,2.48728241000003,"3"
2033,5,27,147,2.73142673000001,"3"
2033,5,28,148,4.76087639000002,"3"
2033,5,29,149,2.31943319000004,"3"
2033,5,30,150,1.96847573000002,"3"
2033,5,31,151,4.74561736999999,"3"
2034,5,1,121,2.96031203000001,"3"
2034,5,2,122,1.90743965000001,"3"
2034,5,3,123,2.22787907000003,"3"
2034,5,4,124,5.00502071,"3"
2034,5,5,125,3.43334165000005,"3"
2034,5,6,126,3.25023341000002,"3"
2034,5,7,127,1.63277729000004,"3"
2034,5,8,128,1.35811493,"3"
2034,5,9,129,2.09054789000004,"3"
2034,5,10,130,2.34995123000004,"3"
2034,5,11,131,1.92269867000005,"3"
2034,5,12,132,1.63277729000004,"3"
2034,5,13,133,2.89927595,"3"
2034,5,14,134,3.43334165000005,"3"
2034,5,15,135,2.07528887000001,"3"
2034,5,16,136,3.14342027000004,"3"
2034,5,17,137,2.57883653000005,"3"
2034,5,18,138,2.31943319000004,"3"
2034,5,19,139,2.15158397000005,"3"
2034,5,20,140,2.44150535,"3"
2034,5,21,141,2.59409555000002,"3"
2034,5,22,142,1.93795769000002,"3"
2034,5,23,143,2.59409555000002,"3"
2034,5,24,144,3.52489577,"3"
2034,5,25,145,1.80062651000003,"3"
2034,5,26,146,2.16684299000002,"3"
2034,5,27,147,2.51780045000004,"3"
2034,5,28,148,3.54015479000003,"3"
2034,5,29,149,4.95924365000002,"3"
2034,5,30,150,3.34178753000003,"3"
2034,5,31,151,2.07528887000001,"3"
2035,5,1,121,1.66329533000004,"3"
2035,5,2,122,3.02134811000002,"3"
2035,5,3,123,2.73142673000001,"3"
2035,5,4,124,3.34178753000003,"3"
2035,5,5,125,4.04370245000001,"3"
2035,5,6,126,4.85243051000003,"3"
2035,5,7,127,3.54015479000003,"3"
2035,5,8,128,2.45676437000003,"3"
2035,5,9,129,1.70907239000002,"3"
2035,5,10,130,2.42624633000003,"3"
2035,5,11,131,1.84640357000001,"3"
2035,5,12,132,1.73959043000002,"3"
2035,5,13,133,2.36521025000002,"3"
2035,5,14,134,1.96847573000002,"3"
2035,5,15,135,3.43334165000005,"3"
2035,5,16,136,2.34995123000004,"3"
2035,5,17,137,2.97557105000004,"3"
2035,5,18,138,1.44966905000001,"3"
2035,5,19,139,1.95321670999999,"3"
2035,5,20,140,2.70090869000001,"3"
2035,5,21,141,2.39572829000002,"3"
2035,5,22,142,2.89927595,"3"
2035,5,23,143,1.78536749,"3"
2035,5,24,144,1.55648219,"3"
2035,5,25,145,1.70907239000002,"3"
2035,5,26,146,1.35811493,"3"
2035,5,27,147,2.48728241000003,"3"
2035,5,28,148,2.25839711000003,"3"
2035,5,29,149,4.18103363,"3"
2035,5,30,150,1.64803631000001,"3"
2035,5,31,151,3.69274498999999,"3"
2036,5,1,122,1.49544611000005,"3"
2036,5,2,123,1.34285591000003,"3"
2036,5,3,124,1.84640357000001,"3"
2036,5,4,125,2.47202339,"3"
2036,5,5,126,3.46385968999999,"3"
2036,5,6,127,2.63987261,"3"
2036,5,7,128,0.381537650000041,"3"
2036,5,8,129,1.80062651000003,"3"
2036,5,9,130,1.92269867000005,"3"
2036,5,10,131,1.22078375000001,"3"
2036,5,11,132,1.22078375000001,"3"
2036,5,12,133,3.31126949000003,"3"
2036,5,13,134,2.30417417000001,"3"
2036,5,14,135,2.99083007000002,"3"
2036,5,15,136,4.16577461000003,"3"
2036,5,16,137,4.66932227000001,"3"
2036,5,17,138,5.47805033000003,"3"
2036,5,18,139,3.93688931000003,"3"
2036,5,19,140,3.69274498999999,"3"
2036,5,20,141,2.31943319000004,"3"
2036,5,21,142,2.47202339,"3"
2036,5,22,143,1.35811493,"3"
2036,5,23,144,3.03660712999999,"3"
2036,5,24,145,3.26549243,"3"
2036,5,25,146,2.76194477000001,"3"
2036,5,26,147,3.17393831000004,"3"
2036,5,27,148,1.64803631000001,"3"
2036,5,28,149,1.05293453000002,"3"
2036,5,29,150,1.54122317000002,"3"
2036,5,30,151,2.53305947000001,"3"
2036,5,31,152,1.78536749,"3"
2037,5,1,121,3.55541381,"3"
2037,5,2,122,3.17393831000004,"3"
2037,5,3,123,3.40282361000004,"3"
2037,5,4,124,3.78429911000001,"3"
2037,5,5,125,3.92163029,"3"
2037,5,6,126,3.26549243,"3"
2037,5,7,127,2.83823987,"3"
2037,5,8,128,2.12106593000004,"3"
2037,5,9,129,1.43441003000004,"3"
2037,5,10,130,3.06712517,"3"
2037,5,11,131,2.25839711000003,"3"
2037,5,12,132,2.82298085000002,"3"
2037,5,13,133,2.47202339,"3"
2037,5,14,134,2.09054789000004,"3"
2037,5,15,135,1.70907239000002,"3"
2037,5,16,136,2.48728241000003,"3"
2037,5,17,137,3.79955813000004,"3"
2037,5,18,138,3.54015479000003,"3"
2037,5,19,139,2.01425279,"3"
2037,5,20,140,2.45676437000003,"3"
2037,5,21,141,3.12816125,"3"
2037,5,22,142,2.86875791,"3"
2037,5,23,143,2.82298085000002,"3"
2037,5,24,144,3.14342027000004,"3"
2037,5,25,145,2.89927595,"3"
2037,5,26,146,3.17393831000004,"3"
2037,5,27,147,2.77720379000004,"3"
2037,5,28,148,1.64803631000001,"3"
2037,5,29,149,2.54831849000004,"3"
2037,5,30,150,2.48728241000003,"3"
2037,5,31,151,3.08238419000003,"3"
2038,5,1,121,3.14342027000004,"3"
2038,5,2,122,2.21262005,"3"
2038,5,3,123,2.07528887000001,"3"
2038,5,4,124,1.32759689,"3"
2038,5,5,125,2.38046926999999,"3"
2038,5,6,126,3.52489577,"3"
2038,5,7,127,2.25839711000003,"3"
2038,5,8,128,2.85349889000003,"3"
2038,5,9,129,2.22787907000003,"3"
2038,5,10,130,3.35704655000001,"3"
2038,5,11,131,4.15051559,"3"
2038,5,12,132,2.36521025000002,"3"
2038,5,13,133,2.91453497000003,"3"
2038,5,14,134,3.78429911000001,"3"
2038,5,15,135,3.81481715000001,"3"
2038,5,16,136,2.65513163000003,"3"
2038,5,17,137,4.98976169000002,"3"
2038,5,18,138,2.44150535,"3"
2038,5,19,139,1.67855435000001,"3"
2038,5,20,140,0.976639430000034,"3"
2038,5,21,141,1.58700023,"3"
2038,5,22,142,3.20445635000004,"3"
2038,5,23,143,1.83114455000003,"3"
2038,5,24,144,2.76194477000001,"3"
2038,5,25,145,2.27365613000001,"3"
2038,5,26,146,1.38863297,"3"
2038,5,27,147,2.68564967000003,"3"
2038,5,28,148,2.36521025000002,"3"
2038,5,29,149,1.66329533000004,"3"
2038,5,30,150,2.54831849000004,"3"
2038,5,31,151,1.72433141000005,"3"
2039,5,1,121,1.19026571000001,"3"
2039,5,2,122,2.15158397000005,"3"
2039,5,3,123,3.41808263000001,"3"
2039,5,4,124,1.87692161000001,"3"
2039,5,5,125,1.25130179000001,"3"
2039,5,6,126,0.976639430000034,"3"
2039,5,7,127,3.03660712999999,"3"
2039,5,8,128,3.31126949000003,"3"
2039,5,9,129,2.33469221000001,"3"
2039,5,10,130,2.19736103000002,"3"
2039,5,11,131,1.81588553,"3"
2039,5,12,132,0.915603350000026,"3"
2039,5,13,133,2.28891515000004,"3"
2039,5,14,134,2.74668575000004,"3"
2039,5,15,135,1.78536749,"3"
2039,5,16,136,2.86875791,"3"
2039,5,17,137,4.48621403000004,"3"
2039,5,18,138,3.11290223000003,"3"
2039,5,19,139,2.45676437000003,"3"
2039,5,20,140,2.47202339,"3"
2039,5,21,141,1.35811493,"3"
2039,5,22,142,3.49437773,"3"
2039,5,23,143,1.51070513000002,"3"
2039,5,24,144,1.86166259000004,"3"
2039,5,25,145,1.72433141000005,"3"
2039,5,26,146,2.24313809,"3"
2039,5,27,147,4.91346659000004,"3"
2039,5,28,148,1.23604277000004,"3"
2039,5,29,149,2.67039065,"3"
2039,5,30,150,3.86059421000004,"3"
2039,5,31,151,4.89820757000001,"3"
2040,5,1,122,2.51780045000004,"3"
2040,5,2,123,3.84533519000001,"3"
2040,5,3,124,3.35704655000001,"3"
2040,5,4,125,1.81588553,"3"
2040,5,5,126,2.65513163000003,"3"
2040,5,6,127,3.67748597000002,"3"
2040,5,7,128,1.52596414999999,"3"
2040,5,8,129,1.81588553,"3"
2040,5,9,130,2.19736103000002,"3"
2040,5,10,131,2.44150535,"3"
2040,5,11,132,2.50254143000001,"3"
2040,5,12,133,3.87585323000002,"3"
2040,5,13,134,4.18103363,"3"
2040,5,14,135,1.99899377000003,"3"
2040,5,15,136,2.27365613000001,"3"
2040,5,16,137,1.41915101000001,"3"
2040,5,17,138,1.81588553,"3"
2040,5,18,139,1.58700023,"3"
2040,5,19,140,1.49544611000005,"3"
2040,5,20,141,1.12922963,"3"
2040,5,21,142,2.82298085000002,"3"
2040,5,22,143,4.79139443000003,"3"
2040,5,23,144,0.900344329999996,"3"
2040,5,24,145,1.64803631000001,"3"
2040,5,25,146,2.04477083,"3"
2040,5,26,147,3.66222695000005,"3"
2040,5,27,148,4.40991893,"3"
2040,5,28,149,2.80772182999999,"3"
2040,5,29,150,3.29601047,"3"
2040,5,30,151,1.75484944999999,"3"
2040,5,31,152,1.63277729000004,"3"
2041,5,1,121,3.32652851,"3"
2041,5,2,122,2.71616771000004,"3"
2041,5,3,123,3.83007617000004,"3"
2041,5,4,124,1.99899377000003,"3"
2041,5,5,125,1.67855435000001,"3"
2041,5,6,126,2.18210200999999,"3"
2041,5,7,127,1.80062651000003,"3"
2041,5,8,128,1.19026571000001,"3"
2041,5,9,129,1.93795769000002,"3"
2041,5,10,130,1.54122317000002,"3"
2041,5,11,131,2.36521025000002,"3"
2041,5,12,132,0.65620001000002,"3"
2041,5,13,133,1.41915101000001,"3"
2041,5,14,134,2.45676437000003,"3"
2041,5,15,135,3.57067283000003,"3"
2041,5,16,136,3.09764321,"3"
2041,5,17,137,3.92163029,"3"
2041,5,18,138,2.70090869000001,"3"
2041,5,19,139,4.69984031000001,"3"
2041,5,20,140,2.79246281000002,"3"
2041,5,21,141,2.92979399000001,"3"
2041,5,22,142,3.43334165000005,"3"
2041,5,23,143,4.85243051000003,"3"
2041,5,24,144,2.91453497000003,"3"
2041,5,25,145,2.92979399000001,"3"
2041,5,26,146,2.82298085000002,"3"
2041,5,27,147,3.26549243,"3"
2041,5,28,148,2.74668575000004,"3"
2041,5,29,149,2.74668575000004,"3"
2041,5,30,150,1.80062651000003,"3"
2041,5,31,151,2.16684299000002,"3"
2042,5,1,121,1.06819355000005,"3"
2042,5,2,122,3.76904009000003,"3"
2042,5,3,123,2.47202339,"3"
2042,5,4,124,2.33469221000001,"3"
2042,5,5,125,2.12106593000004,"3"
2042,5,6,126,2.99083007000002,"3"
2042,5,7,127,3.52489577,"3"
2042,5,8,128,3.02134811000002,"3"
2042,5,9,129,2.25839711000003,"3"
2042,5,10,130,2.45676437000003,"3"
2042,5,11,131,2.44150535,"3"
2042,5,12,132,2.44150535,"3"
2042,5,13,133,3.09764321,"3"
2042,5,14,134,2.25839711000003,"3"
2042,5,15,135,1.75484944999999,"3"
2042,5,16,136,0.869826289999992,"3"
2042,5,17,137,1.55648219,"3"
2042,5,18,138,2.38046926999999,"3"
2042,5,19,139,2.91453497000003,"3"
2042,5,20,140,2.36521025000002,"3"
2042,5,21,141,1.32759689,"3"
2042,5,22,142,1.84640357000001,"3"
2042,5,23,143,3.50963675000003,"3"
2042,5,24,144,1.86166259000004,"3"
2042,5,25,145,1.84640357000001,"3"
2042,5,26,146,2.28891515000004,"3"
2042,5,27,147,3.61644989000001,"3"
2042,5,28,148,1.73959043000002,"3"
2042,5,29,149,3.06712517,"3"
2042,5,30,150,1.95321670999999,"3"
2042,5,31,151,3.43334165000005,"3"
2043,5,1,121,2.71616771000004,"3"
2043,5,2,122,2.76194477000001,"3"
2043,5,3,123,0.869826289999992,"3"
2043,5,4,124,3.09764321,"3"
2043,5,5,125,3.25023341000002,"3"
2043,5,6,126,2.62461359000002,"3"
2043,5,7,127,3.70800401000002,"3"
2043,5,8,128,2.04477083,"3"
2043,5,9,129,0.915603350000026,"3"
2043,5,10,130,1.12922963,"3"
2043,5,11,131,3.28075145000003,"3"
2043,5,12,132,1.75484944999999,"3"
2043,5,13,133,1.72433141000005,"3"
2043,5,14,134,3.15867929000001,"3"
2043,5,15,135,4.89820757000001,"3"
2043,5,16,136,3.40282361000004,"3"
2043,5,17,137,1.57174121000003,"3"
2043,5,18,138,2.41098731,"3"
2043,5,19,139,2.74668575000004,"3"
2043,5,20,140,3.55541381,"3"
2043,5,21,141,3.50963675000003,"3"
2043,5,22,142,2.13632495000002,"3"
2043,5,23,143,3.06712517,"3"
2043,5,24,144,1.80062651000003,"3"
2043,5,25,145,2.13632495000002,"3"
2043,5,26,146,1.95321670999999,"3"
2043,5,27,147,4.08947951000005,"3"
2043,5,28,148,3.40282361000004,"3"
2043,5,29,149,1.38863297,"3"
2043,5,30,150,2.96031203000001,"3"
2043,5,31,151,3.32652851,"3"
2044,5,1,122,2.82298085000002,"3"
2044,5,2,123,3.12816125,"3"
2044,5,3,124,2.09054789000004,"3"
2044,5,4,125,1.98373475,"3"
2044,5,5,126,1.31233787000002,"3"
2044,5,6,127,2.99083007000002,"3"
2044,5,7,128,2.50254143000001,"3"
2044,5,8,129,3.52489577,"3"
2044,5,9,130,3.55541381,"3"
2044,5,10,131,2.74668575000004,"3"
2044,5,11,132,3.02134811000002,"3"
2044,5,12,133,3.35704655000001,"3"
2044,5,13,134,2.16684299000002,"3"
2044,5,14,135,1.44966905000001,"3"
2044,5,15,136,2.41098731,"3"
2044,5,16,137,3.11290223000003,"3"
2044,5,17,138,2.74668575000004,"3"
2044,5,18,139,0.854567270000018,"3"
2044,5,19,140,1.66329533000004,"3"
2044,5,20,141,3.52489577,"3"
2044,5,21,142,1.29707884999999,"3"
2044,5,22,143,2.34995123000004,"3"
2044,5,23,144,1.87692161000001,"3"
2044,5,24,145,3.26549243,"3"
2044,5,25,146,2.53305947000001,"3"
2044,5,26,147,3.05186615000002,"3"
2044,5,27,148,2.53305947000001,"3"
2044,5,28,149,3.18919733000001,"3"
2044,5,29,150,1.22078375000001,"3"
2044,5,30,151,1.23604277000004,"3"
2044,5,31,152,1.69381337000004,"3"
2045,5,1,121,2.30417417000001,"3"
2045,5,2,122,1.90743965000001,"3"
2045,5,3,123,0.839308250000045,"3"
2045,5,4,124,1.60225925000003,"3"
2045,5,5,125,3.84533519000001,"3"
2045,5,6,126,2.56357751000002,"3"
2045,5,7,127,2.63987261,"3"
2045,5,8,128,3.14342027000004,"3"
2045,5,9,129,4.68458129000004,"3"
2045,5,10,130,4.48621403000004,"3"
2045,5,11,131,2.48728241000003,"3"
2045,5,12,132,2.07528887000001,"3"
2045,5,13,133,1.70907239000002,"3"
2045,5,14,134,2.60935456999999,"3"
2045,5,15,135,3.00608909000005,"3"
2045,5,16,136,3.40282361000004,"3"
2045,5,17,137,1.67855435000001,"3"
2045,5,18,138,1.60225925000003,"3"
2045,5,19,139,1.48018709000002,"3"
2045,5,20,140,5.56960445000004,"3"
2045,5,21,141,4.28784677000004,"3"
2045,5,22,142,1.49544611000005,"3"
2045,5,23,143,4.31836480999999,"3"
2045,5,24,144,3.70800401000002,"3"
2045,5,25,145,2.76194477000001,"3"
2045,5,26,146,1.58700023,"3"
2045,5,27,147,2.74668575000004,"3"
2045,5,28,148,3.40282361000004,"3"
2045,5,29,149,1.77010847000003,"3"
2045,5,30,150,3.99792539000003,"3"
2045,5,31,151,1.73959043000002,"3"
2046,5,1,121,3.21971537000002,"3"
2046,5,2,122,2.47202339,"3"
2046,5,3,123,1.37337395000003,"3"
2046,5,4,124,2.31943319000004,"3"
2046,5,5,125,2.85349889000003,"3"
2046,5,6,126,3.20445635000004,"3"
2046,5,7,127,4.10473853000002,"3"
2046,5,8,128,2.89927595,"3"
2046,5,9,129,3.03660712999999,"3"
2046,5,10,130,2.79246281000002,"3"
2046,5,11,131,2.36521025000002,"3"
2046,5,12,132,3.06712517,"3"
2046,5,13,133,2.06002985000003,"3"
2046,5,14,134,2.47202339,"3"
2046,5,15,135,1.96847573000002,"3"
2046,5,16,136,2.80772182999999,"3"
2046,5,17,137,3.90637127000002,"3"
2046,5,18,138,4.05896147000004,"3"
2046,5,19,139,2.38046926999999,"3"
2046,5,20,140,2.67039065,"3"
2046,5,21,141,2.36521025000002,"3"
2046,5,22,142,3.11290223000003,"3"
2046,5,23,143,2.22787907000003,"3"
2046,5,24,144,2.42624633000003,"3"
2046,5,25,145,6.24100133000002,"3"
2046,5,26,146,4.25732873000004,"3"
2046,5,27,147,0.94612139000003,"3"
2046,5,28,148,2.99083007000002,"3"
2046,5,29,149,3.29601047,"3"
2046,5,30,150,2.63987261,"3"
2046,5,31,151,4.80665345,"3"
2047,5,1,121,1.80062651000003,"3"
2047,5,2,122,1.69381337000004,"3"
2047,5,3,123,1.19026571000001,"3"
2047,5,4,124,4.48621403000004,"3"
2047,5,5,125,2.57883653000005,"3"
2047,5,6,126,3.64696793000002,"3"
2047,5,7,127,2.68564967000003,"3"
2047,5,8,128,5.14235189000004,"3"
2047,5,9,129,4.76087639000002,"3"
2047,5,10,130,4.37940089,"3"
2047,5,11,131,1.00715747000004,"3"
2047,5,12,132,1.80062651000003,"3"
2047,5,13,133,1.61751827,"3"
2047,5,14,134,2.71616771000004,"3"
2047,5,15,135,3.09764321,"3"
2047,5,16,136,1.44966905000001,"3"
2047,5,17,137,1.84640357000001,"3"
2047,5,18,138,2.25839711000003,"3"
2047,5,19,139,4.62354521000003,"3"
2047,5,20,140,3.05186615000002,"3"
2047,5,21,141,2.24313809,"3"
2047,5,22,142,1.31233787000002,"3"
2047,5,23,143,2.65513163000003,"3"
2047,5,24,144,4.92872561000001,"3"
2047,5,25,145,2.94505301000004,"3"
2047,5,26,146,3.60119087000004,"3"
2047,5,27,147,1.70907239000002,"3"
2047,5,28,148,2.59409555000002,"3"
2047,5,29,149,3.14342027000004,"3"
2047,5,30,150,2.63987261,"3"
2047,5,31,151,2.50254143000001,"3"
2048,5,1,122,0.839308250000045,"3"
2048,5,2,123,2.09054789000004,"3"
2048,5,3,124,2.19736103000002,"3"
2048,5,4,125,2.09054789000004,"3"
2048,5,5,126,1.96847573000002,"3"
2048,5,6,127,3.11290223000003,"3"
2048,5,7,128,2.70090869000001,"3"
2048,5,8,129,2.33469221000001,"3"
2048,5,9,130,3.50963675000003,"3"
2048,5,10,131,3.41808263000001,"3"
2048,5,11,132,1.80062651000003,"3"
2048,5,12,133,3.93688931000003,"3"
2048,5,13,134,2.94505301000004,"3"
2048,5,14,135,2.54831849000004,"3"
2048,5,15,136,1.06819355000005,"3"
2048,5,16,137,4.27258775000001,"3"
2048,5,17,138,3.06712517,"3"
2048,5,18,139,3.35704655000001,"3"
2048,5,19,140,2.96031203000001,"3"
2048,5,20,141,2.18210200999999,"3"
2048,5,21,142,3.03660712999999,"3"
2048,5,22,143,1.84640357000001,"3"
2048,5,23,144,0.808790210000041,"3"
2048,5,24,145,1.31233787000002,"3"
2048,5,25,146,3.64696793000002,"3"
2048,5,26,147,1.95321670999999,"3"
2048,5,27,148,1.63277729000004,"3"
2048,5,28,149,2.34995123000004,"3"
2048,5,29,150,4.02844343000004,"3"
2048,5,30,151,1.09871158999999,"3"
2048,5,31,152,2.92979399000001,"3"
2049,5,1,121,1.28181983000002,"3"
2049,5,2,122,2.68564967000003,"3"
2049,5,3,123,1.99899377000003,"3"
2049,5,4,124,2.56357751000002,"3"
2049,5,5,125,0.961380410000004,"3"
2049,5,6,126,1.96847573000002,"3"
2049,5,7,127,3.00608909000005,"3"
2049,5,8,128,2.16684299000002,"3"
2049,5,9,129,3.26549243,"3"
2049,5,10,130,4.53199109000002,"3"
2049,5,11,131,3.09764321,"3"
2049,5,12,132,2.04477083,"3"
2049,5,13,133,2.09054789000004,"3"
2049,5,14,134,2.59409555000002,"3"
2049,5,15,135,2.01425279,"3"
2049,5,16,136,1.93795769000002,"3"
2049,5,17,137,2.57883653000005,"3"
2049,5,18,138,4.10473853000002,"3"
2049,5,19,139,2.62461359000002,"3"
2049,5,20,140,1.77010847000003,"3"
2049,5,21,141,2.41098731,"3"
2049,5,22,142,2.27365613000001,"3"
2049,5,23,143,2.47202339,"3"
2049,5,24,144,1.20552473000004,"3"
2049,5,25,145,1.67855435000001,"3"
2049,5,26,146,1.17500669000003,"3"
2049,5,27,147,3.81481715000001,"3"
2049,5,28,148,1.67855435000001,"3"
2049,5,29,149,3.44860067000002,"3"
2049,5,30,150,2.92979399000001,"3"
2049,5,31,151,1.81588553,"3"
2050,5,1,121,1.81588553,"3"
2050,5,2,122,2.45676437000003,"3"
2050,5,3,123,2.67039065,"3"
2050,5,4,124,3.15867929000001,"3"
2050,5,5,125,1.54122317000002,"3"
2050,5,6,126,3.78429911000001,"3"
2050,5,7,127,1.72433141000005,"3"
2050,5,8,128,1.99899377000003,"3"
2050,5,9,129,3.37230557000004,"3"
2050,5,10,130,3.58593185000001,"3"
2050,5,11,131,2.38046926999999,"3"
2050,5,12,132,2.85349889000003,"3"
2050,5,13,133,2.80772182999999,"3"
2050,5,14,134,3.31126949000003,"3"
2050,5,15,135,2.24313809,"3"
2050,5,16,136,2.79246281000002,"3"
2050,5,17,137,4.45569599000004,"3"
2050,5,18,138,3.76904009000003,"3"
2050,5,19,139,1.14448865000003,"3"
2050,5,20,140,2.63987261,"3"
2050,5,21,141,2.42624633000003,"3"
2050,5,22,142,1.29707884999999,"3"
2050,5,23,143,1.48018709000002,"3"
2050,5,24,144,1.15974767,"3"
2050,5,25,145,4.80665345,"3"
2050,5,26,146,3.06712517,"3"
2050,5,27,147,1.78536749,"3"
2050,5,28,148,2.36521025000002,"3"
2050,5,29,149,4.47095501000001,"3"
2050,5,30,150,2.86875791,"3"
2050,5,31,151,2.73142673000001,"3"
2051,5,1,121,1.69381337000004,"3"
2051,5,2,122,2.92979399000001,"3"
2051,5,3,123,1.80062651000003,"3"
2051,5,4,124,1.77010847000003,"3"
2051,5,5,125,2.13632495000002,"3"
2051,5,6,126,2.88401693000003,"3"
2051,5,7,127,3.02134811000002,"3"
2051,5,8,128,2.92979399000001,"3"
2051,5,9,129,1.49544611000005,"3"
2051,5,10,130,4.91346659000004,"3"
2051,5,11,131,2.16684299000002,"3"
2051,5,12,132,1.06819355000005,"3"
2051,5,13,133,2.82298085000002,"3"
2051,5,14,134,2.76194477000001,"3"
2051,5,15,135,2.15158397000005,"3"
2051,5,16,136,1.34285591000003,"3"
2051,5,17,137,2.48728241000003,"3"
2051,5,18,138,4.27258775000001,"3"
2051,5,19,139,2.96031203000001,"3"
2051,5,20,140,4.21155167000001,"3"
2051,5,21,141,3.46385968999999,"3"
2051,5,22,142,4.18103363,"3"
2051,5,23,143,3.05186615000002,"3"
2051,5,24,144,1.14448865000003,"3"
2051,5,25,145,1.78536749,"3"
2051,5,26,146,3.31126949000003,"3"
2051,5,27,147,2.67039065,"3"
2051,5,28,148,3.12816125,"3"
2051,5,29,149,1.87692161000001,"3"
2051,5,30,150,1.95321670999999,"3"
2051,5,31,151,3.08238419000003,"3"
2052,5,1,122,5.43227327,"3"
2052,5,2,123,1.61751827,"3"
2052,5,3,124,2.31943319000004,"3"
2052,5,4,125,2.60935456999999,"3"
2052,5,5,126,4.33362383000002,"3"
2052,5,6,127,2.57883653000005,"3"
2052,5,7,128,1.98373475,"3"
2052,5,8,129,2.39572829000002,"3"
2052,5,9,130,2.96031203000001,"3"
2052,5,10,131,2.21262005,"3"
2052,5,11,132,2.18210200999999,"3"
2052,5,12,133,2.59409555000002,"3"
2052,5,13,134,1.83114455000003,"3"
2052,5,14,135,2.83823987,"3"
2052,5,15,136,2.48728241000003,"3"
2052,5,16,137,1.80062651000003,"3"
2052,5,17,138,3.60119087000004,"3"
2052,5,18,139,1.99899377000003,"3"
2052,5,19,140,4.40991893,"3"
2052,5,20,141,1.69381337000004,"3"
2052,5,21,142,1.92269867000005,"3"
2052,5,22,143,2.19736103000002,"3"
2052,5,23,144,2.06002985000003,"3"
2052,5,24,145,3.00608909000005,"3"
2052,5,25,146,2.97557105000004,"3"
2052,5,26,147,3.11290223000003,"3"
2052,5,27,148,1.83114455000003,"3"
2052,5,28,149,2.70090869000001,"3"
2052,5,29,150,2.45676437000003,"3"
2052,5,30,151,3.69274498999999,"3"
2052,5,31,152,2.56357751000002,"3"
2053,5,1,121,2.45676437000003,"3"
2053,5,2,122,3.29601047,"3"
2053,5,3,123,2.01425279,"3"
2053,5,4,124,2.44150535,"3"
2053,5,5,125,3.64696793000002,"3"
2053,5,6,126,5.89004387,"3"
2053,5,7,127,2.89927595,"3"
2053,5,8,128,2.16684299000002,"3"
2053,5,9,129,1.95321670999999,"3"
2053,5,10,130,4.13525657000002,"3"
2053,5,11,131,4.56250913000002,"3"
2053,5,12,132,4.62354521000003,"3"
2053,5,13,133,4.04370245000001,"3"
2053,5,14,134,3.32652851,"3"
2053,5,15,135,2.70090869000001,"3"
2053,5,16,136,1.52596414999999,"3"
2053,5,17,137,1.12922963,"3"
2053,5,18,138,2.74668575000004,"3"
2053,5,19,139,1.75484944999999,"3"
2053,5,20,140,2.18210200999999,"3"
2053,5,21,141,1.11397061000002,"3"
2053,5,22,142,1.63277729000004,"3"
2053,5,23,143,2.41098731,"3"
2053,5,24,144,6.48514564999999,"3"
2053,5,25,145,3.37230557000004,"3"
2053,5,26,146,1.77010847000003,"3"
2053,5,27,147,1.75484944999999,"3"
2053,5,28,148,3.86059421000004,"3"
2053,5,29,149,3.00608909000005,"3"
2053,5,30,150,4.37940089,"3"
2053,5,31,151,2.36521025000002,"3"
2054,5,1,121,0.701977069999998,"3"
2054,5,2,122,3.67748597000002,"3"
2054,5,3,123,4.66932227000001,"3"
2054,5,4,124,2.47202339,"3"
2054,5,5,125,2.12106593000004,"3"
2054,5,6,126,3.00608909000005,"3"
2054,5,7,127,3.38756459000001,"3"
2054,5,8,128,2.85349889000003,"3"
2054,5,9,129,2.57883653000005,"3"
2054,5,10,130,3.21971537000002,"3"
2054,5,11,131,0.961380410000004,"3"
2054,5,12,132,1.84640357000001,"3"
2054,5,13,133,3.57067283000003,"3"
2054,5,14,134,2.42624633000003,"3"
2054,5,15,135,2.30417417000001,"3"
2054,5,16,136,1.89218063000004,"3"
2054,5,17,137,1.51070513000002,"3"
2054,5,18,138,2.16684299000002,"3"
2054,5,19,139,2.15158397000005,"3"
2054,5,20,140,2.59409555000002,"3"
2054,5,21,141,1.31233787000002,"3"
2054,5,22,142,2.30417417000001,"3"
2054,5,23,143,2.94505301000004,"3"
2054,5,24,144,0.549386870000035,"3"
2054,5,25,145,1.03767551000004,"3"
2054,5,26,146,1.58700023,"3"
2054,5,27,147,3.38756459000001,"3"
2054,5,28,148,1.34285591000003,"3"
2054,5,29,149,4.05896147000004,"3"
2054,5,30,150,2.88401693000003,"3"
2054,5,31,151,1.61751827,"3"
2055,5,1,121,1.55648219,"3"
2055,5,2,122,4.60828619,"3"
2055,5,3,123,3.95214833,"3"
2055,5,4,124,4.97450266999999,"3"
2055,5,5,125,4.25732873000004,"3"
2055,5,6,126,1.89218063000004,"3"
2055,5,7,127,1.99899377000003,"3"
2055,5,8,128,3.98266637,"3"
2055,5,9,129,3.55541381,"3"
2055,5,10,130,2.89927595,"3"
2055,5,11,131,2.22787907000003,"3"
2055,5,12,132,2.77720379000004,"3"
2055,5,13,133,3.61644989000001,"3"
2055,5,14,134,3.43334165000005,"3"
2055,5,15,135,3.11290223000003,"3"
2055,5,16,136,3.63170891000004,"3"
2055,5,17,137,3.67748597000002,"3"
2055,5,18,138,2.15158397000005,"3"
2055,5,19,139,2.24313809,"3"
2055,5,20,140,1.69381337000004,"3"
2055,5,21,141,2.15158397000005,"3"
2055,5,22,142,1.90743965000001,"3"
2055,5,23,143,2.42624633000003,"3"
2055,5,24,144,2.54831849000004,"3"
2055,5,25,145,2.73142673000001,"3"
2055,5,26,146,2.91453497000003,"3"
2055,5,27,147,2.80772182999999,"3"
2055,5,28,148,1.11397061000002,"3"
2055,5,29,149,0.854567270000018,"3"
2055,5,30,150,2.86875791,"3"
2055,5,31,151,4.28784677000004,"3"
2056,5,1,122,2.48728241000003,"3"
2056,5,2,123,3.72326303,"3"
2056,5,3,124,4.54725010999999,"3"
2056,5,4,125,2.63987261,"3"
2056,5,5,126,2.83823987,"3"
2056,5,6,127,3.55541381,"3"
2056,5,7,128,3.99792539000003,"3"
2056,5,8,129,2.30417417000001,"3"
2056,5,9,130,1.46492807000004,"3"
2056,5,10,131,3.14342027000004,"3"
2056,5,11,132,2.97557105000004,"3"
2056,5,12,133,1.26656081000004,"3"
2056,5,13,134,2.60935456999999,"3"
2056,5,14,135,5.21864699000002,"3"
2056,5,15,136,3.54015479000003,"3"
2056,5,16,137,2.44150535,"3"
2056,5,17,138,2.30417417000001,"3"
2056,5,18,139,0.961380410000004,"3"
2056,5,19,140,1.48018709000002,"3"
2056,5,20,141,1.84640357000001,"3"
2056,5,21,142,2.76194477000001,"3"
2056,5,22,143,1.25130179000001,"3"
2056,5,23,144,2.19736103000002,"3"
2056,5,24,145,2.06002985000003,"3"
2056,5,25,146,2.18210200999999,"3"
2056,5,26,147,3.76904009000003,"3"
2056,5,27,148,4.53199109000002,"3"
2056,5,28,149,2.47202339,"3"
2056,5,29,150,4.66932227000001,"3"
2056,5,30,151,2.63987261,"3"
2056,5,31,152,1.96847573000002,"3"
2057,5,1,121,3.18919733000001,"3"
2057,5,2,122,1.64803631000001,"3"
2057,5,3,123,1.98373475,"3"
2057,5,4,124,1.86166259000004,"3"
2057,5,5,125,3.40282361000004,"3"
2057,5,6,126,4.33362383000002,"3"
2057,5,7,127,2.51780045000004,"3"
2057,5,8,128,1.40389199000003,"3"
2057,5,9,129,3.29601047,"3"
2057,5,10,130,1.55648219,"3"
2057,5,11,131,2.12106593000004,"3"
2057,5,12,132,2.36521025000002,"3"
2057,5,13,133,0.671459029999994,"3"
2057,5,14,134,1.54122317000002,"3"
2057,5,15,135,3.93688931000003,"3"
2057,5,16,136,3.78429911000001,"3"
2057,5,17,137,5.55434543000001,"3"
2057,5,18,138,2.83823987,"3"
2057,5,19,139,1.83114455000003,"3"
2057,5,20,140,2.06002985000003,"3"
2057,5,21,141,3.37230557000004,"3"
2057,5,22,142,2.57883653000005,"3"
2057,5,23,143,3.35704655000001,"3"
2057,5,24,144,2.34995123000004,"3"
2057,5,25,145,1.92269867000005,"3"
2057,5,26,146,2.51780045000004,"3"
2057,5,27,147,2.76194477000001,"3"
2057,5,28,148,2.54831849000004,"3"
2057,5,29,149,2.07528887000001,"3"
2057,5,30,150,2.16684299000002,"3"
2057,5,31,151,2.42624633000003,"3"
2058,5,1,121,2.19736103000002,"3"
2058,5,2,122,1.31233787000002,"3"
2058,5,3,123,3.50963675000003,"3"
2058,5,4,124,3.02134811000002,"3"
2058,5,5,125,1.69381337000004,"3"
2058,5,6,126,4.21155167000001,"3"
2058,5,7,127,4.13525657000002,"3"
2058,5,8,128,2.80772182999999,"3"
2058,5,9,129,4.44043697000001,"3"
2058,5,10,130,1.61751827,"3"
2058,5,11,131,1.75484944999999,"3"
2058,5,12,132,5.50856837000003,"3"
2058,5,13,133,3.17393831000004,"3"
2058,5,14,134,1.78536749,"3"
2058,5,15,135,1.69381337000004,"3"
2058,5,16,136,1.99899377000003,"3"
2058,5,17,137,2.02951181000003,"3"
2058,5,18,138,1.75484944999999,"3"
2058,5,19,139,2.12106593000004,"3"
2058,5,20,140,2.19736103000002,"3"
2058,5,21,141,1.90743965000001,"3"
2058,5,22,142,2.86875791,"3"
2058,5,23,143,2.22787907000003,"3"
2058,5,24,144,2.41098731,"3"
2058,5,25,145,2.57883653000005,"3"
2058,5,26,146,6.59195879000004,"3"
2058,5,27,147,9.73531691,"3"
2058,5,28,148,4.07422049000002,"3"
2058,5,29,149,3.23497439000005,"3"
2058,5,30,150,2.53305947000001,"3"
2058,5,31,151,0.778272170000037,"3"
2059,5,1,121,3.06712517,"3"
2059,5,2,122,1.78536749,"3"
2059,5,3,123,3.12816125,"3"
2059,5,4,124,2.33469221000001,"3"
2059,5,5,125,3.28075145000003,"3"
2059,5,6,126,3.44860067000002,"3"
2059,5,7,127,2.04477083,"3"
2059,5,8,128,1.61751827,"3"
2059,5,9,129,1.19026571000001,"3"
2059,5,10,130,2.83823987,"3"
2059,5,11,131,3.25023341000002,"3"
2059,5,12,132,3.06712517,"3"
2059,5,13,133,2.99083007000002,"3"
2059,5,14,134,3.81481715000001,"3"
2059,5,15,135,2.48728241000003,"3"
2059,5,16,136,1.90743965000001,"3"
2059,5,17,137,3.05186615000002,"3"
2059,5,18,138,3.43334165000005,"3"
2059,5,19,139,2.80772182999999,"3"
2059,5,20,140,2.41098731,"3"
2059,5,21,141,4.50147305000002,"3"
2059,5,22,142,1.40389199000003,"3"
2059,5,23,143,1.57174121000003,"3"
2059,5,24,144,2.24313809,"3"
2059,5,25,145,2.39572829000002,"3"
2059,5,26,146,2.45676437000003,"3"
2059,5,27,147,1.32759689,"3"
2059,5,28,148,1.96847573000002,"3"
2059,5,29,149,2.74668575000004,"3"
2059,5,30,150,2.60935456999999,"3"
2059,5,31,151,2.24313809,"3"
2060,5,1,122,2.53305947000001,"3"
2060,5,2,123,2.16684299000002,"3"
2060,5,3,124,2.67039065,"3"
2060,5,4,125,1.78536749,"3"
2060,5,5,126,3.90637127000002,"3"
2060,5,6,127,2.51780045000004,"3"
2060,5,7,128,3.57067283000003,"3"
2060,5,8,129,3.38756459000001,"3"
2060,5,9,130,2.31943319000004,"3"
2060,5,10,131,3.17393831000004,"3"
2060,5,11,132,4.79139443000003,"3"
2060,5,12,133,1.69381337000004,"3"
2060,5,13,134,2.18210200999999,"3"
2060,5,14,135,4.73035835000002,"3"
2060,5,15,136,5.02027973000003,"3"
2060,5,16,137,1.55648219,"3"
2060,5,17,138,0.839308250000045,"3"
2060,5,18,139,4.89820757000001,"3"
2060,5,19,140,2.02951181000003,"3"
2060,5,20,141,1.72433141000005,"3"
2060,5,21,142,2.09054789000004,"3"
2060,5,22,143,2.38046926999999,"3"
2060,5,23,144,3.00608909000005,"3"
2060,5,24,145,2.44150535,"3"
2060,5,25,146,1.99899377000003,"3"
2060,5,26,147,1.77010847000003,"3"
2060,5,27,148,2.34995123000004,"3"
2060,5,28,149,2.24313809,"3"
2060,5,29,150,3.73852205000003,"3"
2060,5,30,151,4.30310579000002,"3"
2060,5,31,152,2.50254143000001,"3"
2061,5,1,121,2.56357751000002,"3"
2061,5,2,122,2.24313809,"3"
2061,5,3,123,3.18919733000001,"3"
2061,5,4,124,1.43441003000004,"3"
2061,5,5,125,1.95321670999999,"3"
2061,5,6,126,1.93795769000002,"3"
2061,5,7,127,2.30417417000001,"3"
2061,5,8,128,1.52596414999999,"3"
2061,5,9,129,1.81588553,"3"
2061,5,10,130,0.976639430000034,"3"
2061,5,11,131,1.99899377000003,"3"
2061,5,12,132,3.70800401000002,"3"
2061,5,13,133,3.29601047,"3"
2061,5,14,134,2.77720379000004,"3"
2061,5,15,135,2.53305947000001,"3"
2061,5,16,136,1.23604277000004,"3"
2061,5,17,137,1.95321670999999,"3"
2061,5,18,138,1.83114455000003,"3"
2061,5,19,139,2.10580691000001,"3"
2061,5,20,140,5.99685701000004,"3"
2061,5,21,141,5.05079777000003,"3"
2061,5,22,142,4.11999754999999,"3"
2061,5,23,143,1.60225925000003,"3"
2061,5,24,144,2.36521025000002,"3"
2061,5,25,145,1.28181983000002,"3"
2061,5,26,146,1.90743965000001,"3"
2061,5,27,147,2.67039065,"3"
2061,5,28,148,2.04477083,"3"
2061,5,29,149,2.77720379000004,"3"
2061,5,30,150,1.51070513000002,"3"
2061,5,31,151,2.18210200999999,"3"
2062,5,1,121,3.66222695000005,"3"
2062,5,2,122,3.54015479000003,"3"
2062,5,3,123,2.71616771000004,"3"
2062,5,4,124,0.747754130000033,"3"
2062,5,5,125,1.34285591000003,"3"
2062,5,6,126,3.17393831000004,"3"
2062,5,7,127,1.72433141000005,"3"
2062,5,8,128,1.29707884999999,"3"
2062,5,9,129,3.78429911000001,"3"
2062,5,10,130,3.40282361000004,"3"
2062,5,11,131,3.76904009000003,"3"
2062,5,12,132,3.64696793000002,"3"
2062,5,13,133,1.70907239000002,"3"
2062,5,14,134,1.90743965000001,"3"
2062,5,15,135,2.12106593000004,"3"
2062,5,16,136,1.48018709000002,"3"
2062,5,17,137,1.75484944999999,"3"
2062,5,18,138,2.01425279,"3"
2062,5,19,139,1.87692161000001,"3"
2062,5,20,140,3.79955813000004,"3"
2062,5,21,141,1.66329533000004,"3"
2062,5,22,142,1.28181983000002,"3"
2062,5,23,143,1.70907239000002,"3"
2062,5,24,144,4.85243051000003,"3"
2062,5,25,145,2.91453497000003,"3"
2062,5,26,146,2.21262005,"3"
2062,5,27,147,1.25130179000001,"3"
2062,5,28,148,0.94612139000003,"3"
2062,5,29,149,2.30417417000001,"3"
2062,5,30,150,2.39572829000002,"3"
2062,5,31,151,5.09657483000001,"3"
2063,5,1,121,5.21864699000002,"3"
2063,5,2,122,4.25732873000004,"3"
2063,5,3,123,3.83007617000004,"3"
2063,5,4,124,3.03660712999999,"3"
2063,5,5,125,1.17500669000003,"3"
2063,5,6,126,1.80062651000003,"3"
2063,5,7,127,3.18919733000001,"3"
2063,5,8,128,1.51070513000002,"3"
2063,5,9,129,1.41915101000001,"3"
2063,5,10,130,4.97450266999999,"3"
2063,5,11,131,2.28891515000004,"3"
2063,5,12,132,2.07528887000001,"3"
2063,5,13,133,3.25023341000002,"3"
2063,5,14,134,2.36521025000002,"3"
2063,5,15,135,3.32652851,"3"
2063,5,16,136,1.81588553,"3"
2063,5,17,137,2.31943319000004,"3"
2063,5,18,138,3.31126949000003,"3"
2063,5,19,139,2.38046926999999,"3"
2063,5,20,140,2.18210200999999,"3"
2063,5,21,141,2.44150535,"3"
2063,5,22,142,2.89927595,"3"
2063,5,23,143,2.77720379000004,"3"
2063,5,24,144,2.85349889000003,"3"
2063,5,25,145,2.79246281000002,"3"
2063,5,26,146,1.52596414999999,"3"
2063,5,27,147,1.29707884999999,"3"
2063,5,28,148,1.35811493,"3"
2063,5,29,149,3.11290223000003,"3"
2063,5,30,150,3.67748597000002,"3"
2063,5,31,151,1.00715747000004,"3"
2064,5,1,122,2.51780045000004,"3"
2064,5,2,123,3.66222695000005,"3"
2064,5,3,124,2.18210200999999,"3"
2064,5,4,125,1.77010847000003,"3"
2064,5,5,126,3.79955813000004,"3"
2064,5,6,127,4.40991893,"3"
2064,5,7,128,1.77010847000003,"3"
2064,5,8,129,1.83114455000003,"3"
2064,5,9,130,2.73142673000001,"3"
2064,5,10,131,1.63277729000004,"3"
2064,5,11,132,1.63277729000004,"3"
2064,5,12,133,2.68564967000003,"3"
2064,5,13,134,2.42624633000003,"3"
2064,5,14,135,4.24206971000001,"3"
2064,5,15,136,1.17500669000003,"3"
2064,5,16,137,1.58700023,"3"
2064,5,17,138,1.55648219,"3"
2064,5,18,139,1.72433141000005,"3"
2064,5,19,140,0.808790210000041,"3"
2064,5,20,141,0.79353119000001,"3"
2064,5,21,142,1.63277729000004,"3"
2064,5,22,143,2.30417417000001,"3"
2064,5,23,144,0.976639430000034,"3"
2064,5,24,145,1.52596414999999,"3"
2064,5,25,146,1.54122317000002,"3"
2064,5,26,147,3.83007617000004,"3"
2064,5,27,148,3.72326303,"3"
2064,5,28,149,1.99899377000003,"3"
2064,5,29,150,2.30417417000001,"3"
2064,5,30,151,2.09054789000004,"3"
2064,5,31,152,1.83114455000003,"3"
2065,5,1,121,2.04477083,"3"
2065,5,2,122,3.02134811000002,"3"
2065,5,3,123,2.44150535,"3"
2065,5,4,124,3.79955813000004,"3"
2065,5,5,125,5.02027973000003,"3"
2065,5,6,126,2.10580691000001,"3"
2065,5,7,127,2.77720379000004,"3"
2065,5,8,128,3.18919733000001,"3"
2065,5,9,129,3.69274498999999,"3"
2065,5,10,130,2.12106593000004,"3"
2065,5,11,131,1.70907239000002,"3"
2065,5,12,132,1.78536749,"3"
2065,5,13,133,0.686718050000025,"3"
2065,5,14,134,1.95321670999999,"3"
2065,5,15,135,2.56357751000002,"3"
2065,5,16,136,1.67855435000001,"3"
2065,5,17,137,1.29707884999999,"3"
2065,5,18,138,1.86166259000004,"3"
2065,5,19,139,2.27365613000001,"3"
2065,5,20,140,2.79246281000002,"3"
2065,5,21,141,3.17393831000004,"3"
2065,5,22,142,2.91453497000003,"3"
2065,5,23,143,5.23390601,"3"
2065,5,24,144,4.68458129000004,"3"
2065,5,25,145,1.38863297,"3"
2065,5,26,146,1.92269867000005,"3"
2065,5,27,147,2.97557105000004,"3"
2065,5,28,148,2.62461359000002,"3"
2065,5,29,149,1.75484944999999,"3"
2065,5,30,150,2.97557105000004,"3"
2065,5,31,151,2.33469221000001,"3"
2066,5,1,121,3.44860067000002,"3"
2066,5,2,122,3.98266637,"3"
2066,5,3,123,2.19736103000002,"3"
2066,5,4,124,2.83823987,"3"
2066,5,5,125,1.75484944999999,"3"
2066,5,6,126,3.70800401000002,"3"
2066,5,7,127,5.29494209000001,"3"
2066,5,8,128,2.04477083,"3"
2066,5,9,129,1.23604277000004,"3"
2066,5,10,130,1.75484944999999,"3"
2066,5,11,131,3.32652851,"3"
2066,5,12,132,2.80772182999999,"3"
2066,5,13,133,4.77613541,"3"
2066,5,14,134,2.50254143000001,"3"
2066,5,15,135,1.51070513000002,"3"
2066,5,16,136,2.94505301000004,"3"
2066,5,17,137,1.96847573000002,"3"
2066,5,18,138,0.671459029999994,"3"
2066,5,19,139,0.65620001000002,"3"
2066,5,20,140,2.15158397000005,"3"
2066,5,21,141,3.11290223000003,"3"
2066,5,22,142,2.19736103000002,"3"
2066,5,23,143,0.381537650000041,"3"
2066,5,24,144,1.51070513000002,"3"
2066,5,25,145,1.52596414999999,"3"
2066,5,26,146,4.30310579000002,"3"
2066,5,27,147,2.91453497000003,"3"
2066,5,28,148,2.80772182999999,"3"
2066,5,29,149,2.44150535,"3"
2066,5,30,150,1.49544611000005,"3"
2066,5,31,151,1.92269867000005,"3"
2067,5,1,121,2.60935456999999,"3"
2067,5,2,122,1.84640357000001,"3"
2067,5,3,123,2.88401693000003,"3"
2067,5,4,124,2.76194477000001,"3"
2067,5,5,125,3.00608909000005,"3"
2067,5,6,126,2.28891515000004,"3"
2067,5,7,127,2.42624633000003,"3"
2067,5,8,128,2.80772182999999,"3"
2067,5,9,129,2.54831849000004,"3"
2067,5,10,130,4.22681069000004,"3"
2067,5,11,131,3.21971537000002,"3"
2067,5,12,132,2.31943319000004,"3"
2067,5,13,133,2.59409555000002,"3"
2067,5,14,134,3.95214833,"3"
2067,5,15,135,3.18919733000001,"3"
2067,5,16,136,3.92163029,"3"
2067,5,17,137,3.75378107,"3"
2067,5,18,138,3.00608909000005,"3"
2067,5,19,139,2.24313809,"3"
2067,5,20,140,4.62354521000003,"3"
2067,5,21,141,2.59409555000002,"3"
2067,5,22,142,3.08238419000003,"3"
2067,5,23,143,3.28075145000003,"3"
2067,5,24,144,1.34285591000003,"3"
2067,5,25,145,1.72433141000005,"3"
2067,5,26,146,2.27365613000001,"3"
2067,5,27,147,2.07528887000001,"3"
2067,5,28,148,2.21262005,"3"
2067,5,29,149,2.07528887000001,"3"
2067,5,30,150,2.45676437000003,"3"
2067,5,31,151,1.49544611000005,"3"
2068,5,1,122,3.43334165000005,"3"
2068,5,2,123,1.28181983000002,"3"
2068,5,3,124,1.89218063000004,"3"
2068,5,4,125,2.27365613000001,"3"
2068,5,5,126,2.22787907000003,"3"
2068,5,6,127,2.76194477000001,"3"
2068,5,7,128,2.85349889000003,"3"
2068,5,8,129,0.94612139000003,"3"
2068,5,9,130,3.18919733000001,"3"
2068,5,10,131,2.28891515000004,"3"
2068,5,11,132,2.28891515000004,"3"
2068,5,12,133,2.21262005,"3"
2068,5,13,134,2.79246281000002,"3"
2068,5,14,135,3.41808263000001,"3"
2068,5,15,136,3.92163029,"3"
2068,5,16,137,2.57883653000005,"3"
2068,5,17,138,1.77010847000003,"3"
2068,5,18,139,2.28891515000004,"3"
2068,5,19,140,4.48621403000004,"3"
2068,5,20,141,1.58700023,"3"
2068,5,21,142,1.69381337000004,"3"
2068,5,22,143,3.76904009000003,"3"
2068,5,23,144,1.89218063000004,"3"
2068,5,24,145,4.94398463000005,"3"
2068,5,25,146,2.83823987,"3"
2068,5,26,147,2.62461359000002,"3"
2068,5,27,148,2.10580691000001,"3"
2068,5,28,149,3.49437773,"3"
2068,5,29,150,1.86166259000004,"3"
2068,5,30,151,3.64696793000002,"3"
2068,5,31,152,2.22787907000003,"3"
2069,5,1,121,1.75484944999999,"3"
2069,5,2,122,3.00608909000005,"3"
2069,5,3,123,1.15974767,"3"
2069,5,4,124,1.60225925000003,"3"
2069,5,5,125,1.41915101000001,"3"
2069,5,6,126,0.976639430000034,"3"
2069,5,7,127,3.23497439000005,"3"
2069,5,8,128,4.08947951000005,"3"
2069,5,9,129,5.53908641000004,"3"
2069,5,10,130,3.78429911000001,"3"
2069,5,11,131,2.85349889000003,"3"
2069,5,12,132,2.13632495000002,"3"
2069,5,13,133,2.06002985000003,"3"
2069,5,14,134,1.61751827,"3"
2069,5,15,135,2.57883653000005,"3"
2069,5,16,136,3.87585323000002,"3"
2069,5,17,137,2.62461359000002,"3"
2069,5,18,138,1.64803631000001,"3"
2069,5,19,139,1.43441003000004,"3"
2069,5,20,140,3.81481715000001,"3"
2069,5,21,141,2.91453497000003,"3"
2069,5,22,142,2.82298085000002,"3"
2069,5,23,143,1.80062651000003,"3"
2069,5,24,144,2.12106593000004,"3"
2069,5,25,145,4.19629265000003,"3"
2069,5,26,146,2.79246281000002,"3"
2069,5,27,147,1.34285591000003,"3"
2069,5,28,148,3.03660712999999,"3"
2069,5,29,149,2.91453497000003,"3"
2069,5,30,150,2.36521025000002,"3"
2069,5,31,151,3.46385968999999,"3"
2070,5,1,121,2.24313809,"3"
2070,5,2,122,5.37123719000004,"3"
2070,5,3,123,3.15867929000001,"3"
2070,5,4,124,2.97557105000004,"3"
2070,5,5,125,5.21864699000002,"3"
2070,5,6,126,2.09054789000004,"3"
2070,5,7,127,3.49437773,"3"
2070,5,8,128,1.69381337000004,"3"
2070,5,9,129,4.83717149,"3"
2070,5,10,130,2.36521025000002,"3"
2070,5,11,131,2.80772182999999,"3"
2070,5,12,132,1.29707884999999,"3"
2070,5,13,133,2.48728241000003,"3"
2070,5,14,134,1.05293453000002,"3"
2070,5,15,135,3.69274498999999,"3"
2070,5,16,136,2.91453497000003,"3"
2070,5,17,137,2.74668575000004,"3"
2070,5,18,138,2.30417417000001,"3"
2070,5,19,139,2.02951181000003,"3"
2070,5,20,140,2.67039065,"3"
2070,5,21,141,1.73959043000002,"3"
2070,5,22,142,2.06002985000003,"3"
2070,5,23,143,1.55648219,"3"
2070,5,24,144,2.83823987,"3"
2070,5,25,145,1.38863297,"3"
2070,5,26,146,1.63277729000004,"3"
2070,5,27,147,0.839308250000045,"3"
2070,5,28,148,2.99083007000002,"3"
2070,5,29,149,1.70907239000002,"3"
2070,5,30,150,2.41098731,"3"
2070,5,31,151,2.41098731,"3"
2071,5,1,121,2.71616771000004,"3"
2071,5,2,122,2.16684299000002,"3"
2071,5,3,123,1.41915101000001,"3"
2071,5,4,124,1.14448865000003,"3"
2071,5,5,125,2.63987261,"3"
2071,5,6,126,1.41915101000001,"3"
2071,5,7,127,3.25023341000002,"3"
2071,5,8,128,2.30417417000001,"3"
2071,5,9,129,3.23497439000005,"3"
2071,5,10,130,2.18210200999999,"3"
2071,5,11,131,2.82298085000002,"3"
2071,5,12,132,3.38756459000001,"3"
2071,5,13,133,1.87692161000001,"3"
2071,5,14,134,2.16684299000002,"3"
2071,5,15,135,1.75484944999999,"3"
2071,5,16,136,1.77010847000003,"3"
2071,5,17,137,2.53305947000001,"3"
2071,5,18,138,3.66222695000005,"3"
2071,5,19,139,2.16684299000002,"3"
2071,5,20,140,3.06712517,"3"
2071,5,21,141,3.55541381,"3"
2071,5,22,142,2.54831849000004,"3"
2071,5,23,143,4.47095501000001,"3"
2071,5,24,144,1.75484944999999,"3"
2071,5,25,145,3.35704655000001,"3"
2071,5,26,146,4.15051559,"3"
2071,5,27,147,4.57776815,"3"
2071,5,28,148,4.47095501000001,"3"
2071,5,29,149,0.961380410000004,"3"
2071,5,30,150,1.35811493,"3"
2071,5,31,151,2.54831849000004,"3"
2072,5,1,122,2.59409555000002,"3"
2072,5,2,123,3.05186615000002,"3"
2072,5,3,124,1.95321670999999,"3"
2072,5,4,125,2.63987261,"3"
2072,5,5,126,3.55541381,"3"
2072,5,6,127,4.02844343000004,"3"
2072,5,7,128,2.76194477000001,"3"
2072,5,8,129,2.89927595,"3"
2072,5,9,130,3.35704655000001,"3"
2072,5,10,131,2.06002985000003,"3"
2072,5,11,132,3.52489577,"3"
2072,5,12,133,2.89927595,"3"
2072,5,13,134,3.95214833,"3"
2072,5,14,135,1.67855435000001,"3"
2072,5,15,136,1.31233787000002,"3"
2072,5,16,137,1.75484944999999,"3"
2072,5,17,138,1.95321670999999,"3"
2072,5,18,139,2.89927595,"3"
2072,5,19,140,1.96847573000002,"3"
2072,5,20,141,2.07528887000001,"3"
2072,5,21,142,1.43441003000004,"3"
2072,5,22,143,3.34178753000003,"3"
2072,5,23,144,3.41808263000001,"3"
2072,5,24,145,1.34285591000003,"3"
2072,5,25,146,1.83114455000003,"3"
2072,5,26,147,2.59409555000002,"3"
2072,5,27,148,3.55541381,"3"
2072,5,28,149,1.35811493,"3"
2072,5,29,150,0.93086237,"3"
2072,5,30,151,2.39572829000002,"3"
2072,5,31,152,1.92269867000005,"3"
2073,5,1,121,3.00608909000005,"3"
2073,5,2,122,4.36414187000003,"3"
2073,5,3,123,1.38863297,"3"
2073,5,4,124,4.24206971000001,"3"
2073,5,5,125,1.96847573000002,"3"
2073,5,6,126,1.93795769000002,"3"
2073,5,7,127,5.18812895000002,"3"
2073,5,8,128,2.77720379000004,"3"
2073,5,9,129,3.03660712999999,"3"
2073,5,10,130,2.50254143000001,"3"
2073,5,11,131,3.32652851,"3"
2073,5,12,132,1.20552473000004,"3"
2073,5,13,133,3.00608909000005,"3"
2073,5,14,134,1.28181983000002,"3"
2073,5,15,135,3.64696793000002,"3"
2073,5,16,136,4.27258775000001,"3"
2073,5,17,137,1.92269867000005,"3"
2073,5,18,138,2.15158397000005,"3"
2073,5,19,139,2.96031203000001,"3"
2073,5,20,140,1.80062651000003,"3"
2073,5,21,141,1.46492807000004,"3"
2073,5,22,142,1.90743965000001,"3"
2073,5,23,143,2.36521025000002,"3"
2073,5,24,144,2.77720379000004,"3"
2073,5,25,145,1.98373475,"3"
2073,5,26,146,2.53305947000001,"3"
2073,5,27,147,2.44150535,"3"
2073,5,28,148,3.78429911000001,"3"
2073,5,29,149,3.40282361000004,"3"
2073,5,30,150,3.72326303,"3"
2073,5,31,151,5.69167661,"3"
2074,5,1,121,2.77720379000004,"3"
2074,5,2,122,3.63170891000004,"3"
2074,5,3,123,5.31020111000004,"3"
2074,5,4,124,4.47095501000001,"3"
2074,5,5,125,1.41915101000001,"3"
2074,5,6,126,3.23497439000005,"3"
2074,5,7,127,3.86059421000004,"3"
2074,5,8,128,4.62354521000003,"3"
2074,5,9,129,5.53908641000004,"3"
2074,5,10,130,1.35811493,"3"
2074,5,11,131,1.02241649000001,"3"
2074,5,12,132,1.40389199000003,"3"
2074,5,13,133,1.60225925000003,"3"
2074,5,14,134,2.10580691000001,"3"
2074,5,15,135,3.03660712999999,"3"
2074,5,16,136,1.98373475,"3"
2074,5,17,137,3.35704655000001,"3"
2074,5,18,138,3.58593185000001,"3"
2074,5,19,139,3.17393831000004,"3"
2074,5,20,140,2.56357751000002,"3"
2074,5,21,141,3.87585323000002,"3"
2074,5,22,142,3.98266637,"3"
2074,5,23,143,1.49544611000005,"3"
2074,5,24,144,1.51070513000002,"3"
2074,5,25,145,1.20552473000004,"3"
2074,5,26,146,2.06002985000003,"3"
2074,5,27,147,2.15158397000005,"3"
2074,5,28,148,2.85349889000003,"3"
2074,5,29,149,5.03553875,"3"
2074,5,30,150,2.82298085000002,"3"
2074,5,31,151,4.36414187000003,"3"
2075,5,1,121,4.40991893,"3"
2075,5,2,122,2.65513163000003,"3"
2075,5,3,123,1.12922963,"3"
2075,5,4,124,1.81588553,"3"
2075,5,5,125,2.99083007000002,"3"
2075,5,6,126,1.43441003000004,"3"
2075,5,7,127,1.22078375000001,"3"
2075,5,8,128,3.00608909000005,"3"
2075,5,9,129,4.73035835000002,"3"
2075,5,10,130,2.62461359000002,"3"
2075,5,11,131,3.64696793000002,"3"
2075,5,12,132,3.63170891000004,"3"
2075,5,13,133,2.38046926999999,"3"
2075,5,14,134,2.47202339,"3"
2075,5,15,135,2.25839711000003,"3"
2075,5,16,136,2.13632495000002,"3"
2075,5,17,137,1.63277729000004,"3"
2075,5,18,138,1.81588553,"3"
2075,5,19,139,3.28075145000003,"3"
2075,5,20,140,2.30417417000001,"3"
2075,5,21,141,2.13632495000002,"3"
2075,5,22,142,2.74668575000004,"3"
2075,5,23,143,4.82191247000003,"3"
2075,5,24,144,1.86166259000004,"3"
2075,5,25,145,3.00608909000005,"3"
2075,5,26,146,1.72433141000005,"3"
2075,5,27,147,2.27365613000001,"3"
2075,5,28,148,1.86166259000004,"3"
2075,5,29,149,1.83114455000003,"3"
2075,5,30,150,1.02241649000001,"3"
2075,5,31,151,2.59409555000002,"3"
2076,5,1,122,2.18210200999999,"3"
2076,5,2,123,1.00715747000004,"3"
2076,5,3,124,1.70907239000002,"3"
2076,5,4,125,3.00608909000005,"3"
2076,5,5,126,2.79246281000002,"3"
2076,5,6,127,1.06819355000005,"3"
2076,5,7,128,1.25130179000001,"3"
2076,5,8,129,2.63987261,"3"
2076,5,9,130,1.44966905000001,"3"
2076,5,10,131,2.45676437000003,"3"
2076,5,11,132,2.82298085000002,"3"
2076,5,12,133,2.97557105000004,"3"
2076,5,13,134,3.76904009000003,"3"
2076,5,14,135,2.06002985000003,"3"
2076,5,15,136,4.68458129000004,"3"
2076,5,16,137,3.78429911000001,"3"
2076,5,17,138,4.13525657000002,"3"
2076,5,18,139,5.05079777000003,"3"
2076,5,19,140,2.88401693000003,"3"
2076,5,20,141,2.07528887000001,"3"
2076,5,21,142,3.93688931000003,"3"
2076,5,22,143,3.08238419000003,"3"
2076,5,23,144,5.76797171000004,"3"
2076,5,24,145,3.18919733000001,"3"
2076,5,25,146,1.90743965000001,"3"
2076,5,26,147,1.08345257000002,"3"
2076,5,27,148,1.58700023,"3"
2076,5,28,149,2.45676437000003,"3"
2076,5,29,150,5.03553875,"3"
2076,5,30,151,4.15051559,"3"
2076,5,31,152,3.21971537000002,"3"
2077,5,1,121,0.732495110000002,"3"
2077,5,2,122,1.73959043000002,"3"
2077,5,3,123,2.57883653000005,"3"
2077,5,4,124,3.12816125,"3"
2077,5,5,125,2.65513163000003,"3"
2077,5,6,126,1.90743965000001,"3"
2077,5,7,127,2.59409555000002,"3"
2077,5,8,128,3.38756459000001,"3"
2077,5,9,129,2.96031203000001,"3"
2077,5,10,130,2.33469221000001,"3"
2077,5,11,131,3.02134811000002,"3"
2077,5,12,132,3.02134811000002,"3"
2077,5,13,133,1.63277729000004,"3"
2077,5,14,134,2.56357751000002,"3"
2077,5,15,135,3.38756459000001,"3"
2077,5,16,136,4.44043697000001,"3"
2077,5,17,137,1.67855435000001,"3"
2077,5,18,138,1.11397061000002,"3"
2077,5,19,139,1.72433141000005,"3"
2077,5,20,140,4.37940089,"3"
2077,5,21,141,2.02951181000003,"3"
2077,5,22,142,3.40282361000004,"3"
2077,5,23,143,2.34995123000004,"3"
2077,5,24,144,2.39572829000002,"3"
2077,5,25,145,2.91453497000003,"3"
2077,5,26,146,3.05186615000002,"3"
2077,5,27,147,1.81588553,"3"
2077,5,28,148,2.88401693000003,"3"
2077,5,29,149,2.86875791,"3"
2077,5,30,150,2.50254143000001,"3"
2077,5,31,151,3.57067283000003,"3"
2078,5,1,121,2.88401693000003,"3"
2078,5,2,122,4.34888285,"3"
2078,5,3,123,2.63987261,"3"
2078,5,4,124,3.08238419000003,"3"
2078,5,5,125,4.27258775000001,"3"
2078,5,6,126,4.69984031000001,"3"
2078,5,7,127,2.51780045000004,"3"
2078,5,8,128,5.02027973000003,"3"
2078,5,9,129,3.50963675000003,"3"
2078,5,10,130,2.16684299000002,"3"
2078,5,11,131,0.854567270000018,"3"
2078,5,12,132,2.82298085000002,"3"
2078,5,13,133,2.56357751000002,"3"
2078,5,14,134,3.63170891000004,"3"
2078,5,15,135,1.00715747000004,"3"
2078,5,16,136,2.65513163000003,"3"
2078,5,17,137,4.08947951000005,"3"
2078,5,18,138,5.14235189000004,"3"
2078,5,19,139,3.93688931000003,"3"
2078,5,20,140,4.44043697000001,"3"
2078,5,21,141,2.25839711000003,"3"
2078,5,22,142,0.808790210000041,"3"
2078,5,23,143,4.88294855000004,"3"
2078,5,24,144,3.35704655000001,"3"
2078,5,25,145,3.55541381,"3"
2078,5,26,146,1.41915101000001,"3"
2078,5,27,147,3.08238419000003,"3"
2078,5,28,148,3.28075145000003,"3"
2078,5,29,149,2.94505301000004,"3"
2078,5,30,150,2.15158397000005,"3"
2078,5,31,151,2.13632495000002,"3"
2079,5,1,121,2.19736103000002,"3"
2079,5,2,122,3.87585323000002,"3"
2079,5,3,123,1.22078375000001,"3"
2079,5,4,124,1.15974767,"3"
2079,5,5,125,2.76194477000001,"3"
2079,5,6,126,3.25023341000002,"3"
2079,5,7,127,4.40991893,"3"
2079,5,8,128,3.05186615000002,"3"
2079,5,9,129,3.76904009000003,"3"
2079,5,10,130,4.08947951000005,"3"
2079,5,11,131,3.60119087000004,"3"
2079,5,12,132,5.18812895000002,"3"
2079,5,13,133,5.06605679,"3"
2079,5,14,134,2.22787907000003,"3"
2079,5,15,135,4.27258775000001,"3"
2079,5,16,136,2.56357751000002,"3"
2079,5,17,137,1.11397061000002,"3"
2079,5,18,138,3.40282361000004,"3"
2079,5,19,139,3.03660712999999,"3"
2079,5,20,140,5.35597817000001,"3"
2079,5,21,141,2.24313809,"3"
2079,5,22,142,3.38756459000001,"3"
2079,5,23,143,1.60225925000003,"3"
2079,5,24,144,3.31126949000003,"3"
2079,5,25,145,2.30417417000001,"3"
2079,5,26,146,1.99899377000003,"3"
2079,5,27,147,3.57067283000003,"3"
2079,5,28,148,3.21971537000002,"3"
2079,5,29,149,3.15867929000001,"3"
2079,5,30,150,2.65513163000003,"3"
2079,5,31,151,3.28075145000003,"3"
2080,5,1,122,2.22787907000003,"3"
2080,5,2,123,1.92269867000005,"3"
2080,5,3,124,3.93688931000003,"3"
2080,5,4,125,1.52596414999999,"3"
2080,5,5,126,3.41808263000001,"3"
2080,5,6,127,2.53305947000001,"3"
2080,5,7,128,1.73959043000002,"3"
2080,5,8,129,2.85349889000003,"3"
2080,5,9,130,2.88401693000003,"3"
2080,5,10,131,2.36521025000002,"3"
2080,5,11,132,3.46385968999999,"3"
2080,5,12,133,2.96031203000001,"3"
2080,5,13,134,2.50254143000001,"3"
2080,5,14,135,1.72433141000005,"3"
2080,5,15,136,2.82298085000002,"3"
2080,5,16,137,1.61751827,"3"
2080,5,17,138,1.78536749,"3"
2080,5,18,139,2.53305947000001,"3"
2080,5,19,140,3.87585323000002,"3"
2080,5,20,141,4.11999754999999,"3"
2080,5,21,142,5.08131581000004,"3"
2080,5,22,143,1.64803631000001,"3"
2080,5,23,144,2.60935456999999,"3"
2080,5,24,145,2.65513163000003,"3"
2080,5,25,146,2.97557105000004,"3"
2080,5,26,147,3.41808263000001,"3"
2080,5,27,148,1.89218063000004,"3"
2080,5,28,149,1.69381337000004,"3"
2080,5,29,150,1.87692161000001,"3"
2080,5,30,151,1.19026571000001,"3"
2080,5,31,152,3.72326303,"3"
2081,5,1,121,3.89111224999999,"3"
2081,5,2,122,2.48728241000003,"3"
2081,5,3,123,2.80772182999999,"3"
2081,5,4,124,2.41098731,"3"
2081,5,5,125,2.30417417000001,"3"
2081,5,6,126,3.43334165000005,"3"
2081,5,7,127,1.31233787000002,"3"
2081,5,8,128,1.48018709000002,"3"
2081,5,9,129,1.63277729000004,"3"
2081,5,10,130,2.73142673000001,"3"
2081,5,11,131,3.00608909000005,"3"
2081,5,12,132,2.56357751000002,"3"
2081,5,13,133,5.23390601,"3"
2081,5,14,134,2.44150535,"3"
2081,5,15,135,1.92269867000005,"3"
2081,5,16,136,1.69381337000004,"3"
2081,5,17,137,1.11397061000002,"3"
2081,5,18,138,3.18919733000001,"3"
2081,5,19,139,3.25023341000002,"3"
2081,5,20,140,2.99083007000002,"3"
2081,5,21,141,4.33362383000002,"3"
2081,5,22,142,2.41098731,"3"
2081,5,23,143,2.18210200999999,"3"
2081,5,24,144,3.18919733000001,"3"
2081,5,25,145,3.40282361000004,"3"
2081,5,26,146,3.32652851,"3"
2081,5,27,147,3.18919733000001,"3"
2081,5,28,148,4.08947951000005,"3"
2081,5,29,149,3.15867929000001,"3"
2081,5,30,150,2.62461359000002,"3"
2081,5,31,151,3.86059421000004,"3"
2082,5,1,121,2.12106593000004,"3"
2082,5,2,122,2.02951181000003,"3"
2082,5,3,123,2.13632495000002,"3"
2082,5,4,124,3.35704655000001,"3"
2082,5,5,125,4.39465991000003,"3"
2082,5,6,126,1.34285591000003,"3"
2082,5,7,127,2.47202339,"3"
2082,5,8,128,4.53199109000002,"3"
2082,5,9,129,2.21262005,"3"
2082,5,10,130,2.34995123000004,"3"
2082,5,11,131,1.37337395000003,"3"
2082,5,12,132,2.65513163000003,"3"
2082,5,13,133,1.14448865000003,"3"
2082,5,14,134,1.80062651000003,"3"
2082,5,15,135,2.13632495000002,"3"
2082,5,16,136,3.00608909000005,"3"
2082,5,17,137,3.75378107,"3"
2082,5,18,138,0.991898450000008,"3"
2082,5,19,139,2.85349889000003,"3"
2082,5,20,140,4.25732873000004,"3"
2082,5,21,141,2.38046926999999,"3"
2082,5,22,142,1.28181983000002,"3"
2082,5,23,143,2.10580691000001,"3"
2082,5,24,144,3.02134811000002,"3"
2082,5,25,145,4.24206971000001,"3"
2082,5,26,146,2.36521025000002,"3"
2082,5,27,147,3.72326303,"3"
2082,5,28,148,3.69274498999999,"3"
2082,5,29,149,2.53305947000001,"3"
2082,5,30,150,2.21262005,"3"
2082,5,31,151,1.99899377000003,"3"
2083,5,1,121,1.57174121000003,"3"
2083,5,2,122,3.12816125,"3"
2083,5,3,123,2.73142673000001,"3"
2083,5,4,124,5.20338796999999,"3"
2083,5,5,125,3.12816125,"3"
2083,5,6,126,3.25023341000002,"3"
2083,5,7,127,2.62461359000002,"3"
2083,5,8,128,3.31126949000003,"3"
2083,5,9,129,2.79246281000002,"3"
2083,5,10,130,1.34285591000003,"3"
2083,5,11,131,0.717236090000029,"3"
2083,5,12,132,5.12709287000001,"3"
2083,5,13,133,2.39572829000002,"3"
2083,5,14,134,1.86166259000004,"3"
2083,5,15,135,1.43441003000004,"3"
2083,5,16,136,2.68564967000003,"3"
2083,5,17,137,2.10580691000001,"3"
2083,5,18,138,2.16684299000002,"3"
2083,5,19,139,4.02844343000004,"3"
2083,5,20,140,5.55434543000001,"3"
2083,5,21,141,3.29601047,"3"
2083,5,22,142,2.65513163000003,"3"
2083,5,23,143,1.77010847000003,"3"
2083,5,24,144,2.83823987,"3"
2083,5,25,145,0.808790210000041,"3"
2083,5,26,146,2.04477083,"3"
2083,5,27,147,2.85349889000003,"3"
2083,5,28,148,3.92163029,"3"
2083,5,29,149,3.05186615000002,"3"
2083,5,30,150,2.82298085000002,"3"
2083,5,31,151,3.90637127000002,"3"
2084,5,1,122,2.42624633000003,"3"
2084,5,2,123,0.701977069999998,"3"
2084,5,3,124,1.15974767,"3"
2084,5,4,125,1.92269867000005,"3"
2084,5,5,126,3.28075145000003,"3"
2084,5,6,127,3.31126949000003,"3"
2084,5,7,128,1.67855435000001,"3"
2084,5,8,129,1.98373475,"3"
2084,5,9,130,0.991898450000008,"3"
2084,5,10,131,1.26656081000004,"3"
2084,5,11,132,1.61751827,"3"
2084,5,12,133,2.68564967000003,"3"
2084,5,13,134,3.17393831000004,"3"
2084,5,14,135,3.72326303,"3"
2084,5,15,136,4.91346659000004,"3"
2084,5,16,137,3.29601047,"3"
2084,5,17,138,3.95214833,"3"
2084,5,18,139,2.48728241000003,"3"
2084,5,19,140,2.44150535,"3"
2084,5,20,141,1.49544611000005,"3"
2084,5,21,142,3.03660712999999,"3"
2084,5,22,143,3.20445635000004,"3"
2084,5,23,144,3.72326303,"3"
2084,5,24,145,1.57174121000003,"3"
2084,5,25,146,2.34995123000004,"3"
2084,5,26,147,1.35811493,"3"
2084,5,27,148,3.78429911000001,"3"
2084,5,28,149,2.33469221000001,"3"
2084,5,29,150,1.26656081000004,"3"
2084,5,30,151,3.35704655000001,"3"
2084,5,31,152,1.77010847000003,"3"
2085,5,1,121,3.67748597000002,"3"
2085,5,2,122,2.19736103000002,"3"
2085,5,3,123,2.92979399000001,"3"
2085,5,4,124,2.27365613000001,"3"
2085,5,5,125,4.36414187000003,"3"
2085,5,6,126,4.42517795000003,"3"
2085,5,7,127,3.26549243,"3"
2085,5,8,128,2.92979399000001,"3"
2085,5,9,129,3.26549243,"3"
2085,5,10,130,4.77613541,"3"
2085,5,11,131,3.69274498999999,"3"
2085,5,12,132,3.83007617000004,"3"
2085,5,13,133,3.93688931000003,"3"
2085,5,14,134,1.49544611000005,"3"
2085,5,15,135,1.23604277000004,"3"
2085,5,16,136,1.77010847000003,"3"
2085,5,17,137,4.30310579000002,"3"
2085,5,18,138,5.89004387,"3"
2085,5,19,139,1.40389199000003,"3"
2085,5,20,140,2.85349889000003,"3"
2085,5,21,141,4.65406325000004,"3"
2085,5,22,142,2.42624633000003,"3"
2085,5,23,143,2.33469221000001,"3"
2085,5,24,144,2.99083007000002,"3"
2085,5,25,145,2.25839711000003,"3"
2085,5,26,146,2.59409555000002,"3"
2085,5,27,147,3.69274498999999,"3"
2085,5,28,148,2.60935456999999,"3"
2085,5,29,149,1.86166259000004,"3"
2085,5,30,150,3.21971537000002,"3"
2085,5,31,151,2.77720379000004,"3"
2086,5,1,121,2.24313809,"3"
2086,5,2,122,3.32652851,"3"
2086,5,3,123,2.62461359000002,"3"
2086,5,4,124,1.37337395000003,"3"
2086,5,5,125,2.63987261,"3"
2086,5,6,126,3.60119087000004,"3"
2086,5,7,127,2.92979399000001,"3"
2086,5,8,128,1.37337395000003,"3"
2086,5,9,129,5.98159799000001,"3"
2086,5,10,130,4.50147305000002,"3"
2086,5,11,131,3.76904009000003,"3"
2086,5,12,132,2.80772182999999,"3"
2086,5,13,133,3.34178753000003,"3"
2086,5,14,134,2.02951181000003,"3"
2086,5,15,135,2.88401693000003,"3"
2086,5,16,136,2.92979399000001,"3"
2086,5,17,137,3.46385968999999,"3"
2086,5,18,138,5.72219465000001,"3"
2086,5,19,139,3.70800401000002,"3"
2086,5,20,140,4.59302717000003,"3"
2086,5,21,141,4.73035835000002,"3"
2086,5,22,142,2.04477083,"3"
2086,5,23,143,1.89218063000004,"3"
2086,5,24,144,2.44150535,"3"
2086,5,25,145,4.11999754999999,"3"
2086,5,26,146,1.90743965000001,"3"
2086,5,27,147,3.46385968999999,"3"
2086,5,28,148,4.59302717000003,"3"
2086,5,29,149,3.09764321,"3"
2086,5,30,150,3.09764321,"3"
2086,5,31,151,3.28075145000003,"3"
2087,5,1,121,3.99792539000003,"3"
2087,5,2,122,1.28181983000002,"3"
2087,5,3,123,2.73142673000001,"3"
2087,5,4,124,3.38756459000001,"3"
2087,5,5,125,2.39572829000002,"3"
2087,5,6,126,3.98266637,"3"
2087,5,7,127,3.21971537000002,"3"
2087,5,8,128,2.22787907000003,"3"
2087,5,9,129,3.63170891000004,"3"
2087,5,10,130,2.36521025000002,"3"
2087,5,11,131,2.16684299000002,"3"
2087,5,12,132,4.15051559,"3"
2087,5,13,133,2.99083007000002,"3"
2087,5,14,134,3.75378107,"3"
2087,5,15,135,4.86768953000001,"3"
2087,5,16,136,4.19629265000003,"3"
2087,5,17,137,4.94398463000005,"3"
2087,5,18,138,1.48018709000002,"3"
2087,5,19,139,3.79955813000004,"3"
2087,5,20,140,2.63987261,"3"
2087,5,21,141,1.96847573000002,"3"
2087,5,22,142,3.14342027000004,"3"
2087,5,23,143,3.64696793000002,"3"
2087,5,24,144,2.36521025000002,"3"
2087,5,25,145,2.42624633000003,"3"
2087,5,26,146,3.84533519000001,"3"
2087,5,27,147,4.63880423,"3"
2087,5,28,148,3.43334165000005,"3"
2087,5,29,149,3.35704655000001,"3"
2087,5,30,150,2.82298085000002,"3"
2087,5,31,151,1.93795769000002,"3"
2088,5,1,122,2.09054789000004,"3"
2088,5,2,123,3.44860067000002,"3"
2088,5,3,124,1.77010847000003,"3"
2088,5,4,125,3.96740735000003,"3"
2088,5,5,126,1.34285591000003,"3"
2088,5,6,127,1.44966905000001,"3"
2088,5,7,128,1.05293453000002,"3"
2088,5,8,129,1.20552473000004,"3"
2088,5,9,130,2.18210200999999,"3"
2088,5,10,131,3.47911871000002,"3"
2088,5,11,132,2.39572829000002,"3"
2088,5,12,133,3.11290223000003,"3"
2088,5,13,134,1.87692161000001,"3"
2088,5,14,135,1.00715747000004,"3"
2088,5,15,136,2.04477083,"3"
2088,5,16,137,3.57067283000003,"3"
2088,5,17,138,4.88294855000004,"3"
2088,5,18,139,3.28075145000003,"3"
2088,5,19,140,3.20445635000004,"3"
2088,5,20,141,2.16684299000002,"3"
2088,5,21,142,1.31233787000002,"3"
2088,5,22,143,2.34995123000004,"3"
2088,5,23,144,5.53908641000004,"3"
2088,5,24,145,2.70090869000001,"3"
2088,5,25,146,2.38046926999999,"3"
2088,5,26,147,2.07528887000001,"3"
2088,5,27,148,1.44966905000001,"3"
2088,5,28,149,1.84640357000001,"3"
2088,5,29,150,0.869826289999992,"3"
2088,5,30,151,3.08238419000003,"3"
2088,5,31,152,1.95321670999999,"3"
2089,5,1,121,3.47911871000002,"3"
2089,5,2,122,3.06712517,"3"
2089,5,3,123,1.09871158999999,"3"
2089,5,4,124,3.00608909000005,"3"
2089,5,5,125,2.39572829000002,"3"
2089,5,6,126,3.26549243,"3"
2089,5,7,127,2.54831849000004,"3"
2089,5,8,128,3.50963675000003,"3"
2089,5,9,129,3.95214833,"3"
2089,5,10,130,2.71616771000004,"3"
2089,5,11,131,4.15051559,"3"
2089,5,12,132,3.76904009000003,"3"
2089,5,13,133,5.12709287000001,"3"
2089,5,14,134,3.25023341000002,"3"
2089,5,15,135,2.48728241000003,"3"
2089,5,16,136,3.98266637,"3"
2089,5,17,137,2.79246281000002,"3"
2089,5,18,138,2.51780045000004,"3"
2089,5,19,139,4.76087639000002,"3"
2089,5,20,140,3.29601047,"3"
2089,5,21,141,4.95924365000002,"3"
2089,5,22,142,1.29707884999999,"3"
2089,5,23,143,3.81481715000001,"3"
2089,5,24,144,2.97557105000004,"3"
2089,5,25,145,3.00608909000005,"3"
2089,5,26,146,2.70090869000001,"3"
2089,5,27,147,3.14342027000004,"3"
2089,5,28,148,2.96031203000001,"3"
2089,5,29,149,2.59409555000002,"3"
2089,5,30,150,3.70800401000002,"3"
2089,5,31,151,4.05896147000004,"3"
2090,5,1,121,2.47202339,"3"
2090,5,2,122,3.40282361000004,"3"
2090,5,3,123,2.76194477000001,"3"
2090,5,4,124,3.50963675000003,"3"
2090,5,5,125,1.93795769000002,"3"
2090,5,6,126,3.54015479000003,"3"
2090,5,7,127,4.76087639000002,"3"
2090,5,8,128,1.61751827,"3"
2090,5,9,129,1.73959043000002,"3"
2090,5,10,130,3.67748597000002,"3"
2090,5,11,131,1.35811493,"3"
2090,5,12,132,1.67855435000001,"3"
2090,5,13,133,1.99899377000003,"3"
2090,5,14,134,2.67039065,"3"
2090,5,15,135,0.808790210000041,"3"
2090,5,16,136,1.20552473000004,"3"
2090,5,17,137,0.65620001000002,"3"
2090,5,18,138,1.69381337000004,"3"
2090,5,19,139,2.15158397000005,"3"
2090,5,20,140,1.20552473000004,"3"
2090,5,21,141,1.92269867000005,"3"
2090,5,22,142,2.67039065,"3"
2090,5,23,143,1.72433141000005,"3"
2090,5,24,144,3.29601047,"3"
2090,5,25,145,4.07422049000002,"3"
2090,5,26,146,1.46492807000004,"3"
2090,5,27,147,1.29707884999999,"3"
2090,5,28,148,2.18210200999999,"3"
2090,5,29,149,2.86875791,"3"
2090,5,30,150,3.06712517,"3"
2090,5,31,151,2.15158397000005,"3"
2091,5,1,121,1.89218063000004,"3"
2091,5,2,122,2.62461359000002,"3"
2091,5,3,123,0.900344329999996,"3"
2091,5,4,124,2.25839711000003,"3"
2091,5,5,125,3.92163029,"3"
2091,5,6,126,2.30417417000001,"3"
2091,5,7,127,2.10580691000001,"3"
2091,5,8,128,2.18210200999999,"3"
2091,5,9,129,2.16684299000002,"3"
2091,5,10,130,1.41915101000001,"3"
2091,5,11,131,2.76194477000001,"3"
2091,5,12,132,3.26549243,"3"
2091,5,13,133,4.11999754999999,"3"
2091,5,14,134,2.77720379000004,"3"
2091,5,15,135,1.34285591000003,"3"
2091,5,16,136,1.67855435000001,"3"
2091,5,17,137,5.61538151000002,"3"
2091,5,18,138,3.69274498999999,"3"
2091,5,19,139,1.83114455000003,"3"
2091,5,20,140,1.61751827,"3"
2091,5,21,141,2.60935456999999,"3"
2091,5,22,142,0.976639430000034,"3"
2091,5,23,143,0.534127850000004,"3"
2091,5,24,144,4.16577461000003,"3"
2091,5,25,145,4.77613541,"3"
2091,5,26,146,2.28891515000004,"3"
2091,5,27,147,2.31943319000004,"3"
2091,5,28,148,1.19026571000001,"3"
2091,5,29,149,1.08345257000002,"3"
2091,5,30,150,2.06002985000003,"3"
2091,5,31,151,4.47095501000001,"3"
2092,5,1,122,1.37337395000003,"3"
2092,5,2,123,2.18210200999999,"3"
2092,5,3,124,3.69274498999999,"3"
2092,5,4,125,3.60119087000004,"3"
2092,5,5,126,4.19629265000003,"3"
2092,5,6,127,3.29601047,"3"
2092,5,7,128,2.96031203000001,"3"
2092,5,8,129,3.20445635000004,"3"
2092,5,9,130,2.16684299000002,"3"
2092,5,10,131,3.63170891000004,"3"
2092,5,11,132,3.44860067000002,"3"
2092,5,12,133,0.961380410000004,"3"
2092,5,13,134,3.95214833,"3"
2092,5,14,135,3.26549243,"3"
2092,5,15,136,2.74668575000004,"3"
2092,5,16,137,3.95214833,"3"
2092,5,17,138,4.04370245000001,"3"
2092,5,18,139,4.59302717000003,"3"
2092,5,19,140,5.46279131,"3"
2092,5,20,141,2.33469221000001,"3"
2092,5,21,142,2.79246281000002,"3"
2092,5,22,143,2.83823987,"3"
2092,5,23,144,2.10580691000001,"3"
2092,5,24,145,2.51780045000004,"3"
2092,5,25,146,4.27258775000001,"3"
2092,5,26,147,1.83114455000003,"3"
2092,5,27,148,2.34995123000004,"3"
2092,5,28,149,1.95321670999999,"3"
2092,5,29,150,2.62461359000002,"3"
2092,5,30,151,1.44966905000001,"3"
2092,5,31,152,1.87692161000001,"3"
2093,5,1,121,4.69984031000001,"3"
2093,5,2,122,3.81481715000001,"3"
2093,5,3,123,1.96847573000002,"3"
2093,5,4,124,4.27258775000001,"3"
2093,5,5,125,2.22787907000003,"3"
2093,5,6,126,1.73959043000002,"3"
2093,5,7,127,2.67039065,"3"
2093,5,8,128,1.99899377000003,"3"
2093,5,9,129,3.75378107,"3"
2093,5,10,130,1.37337395000003,"3"
2093,5,11,131,5.50856837000003,"3"
2093,5,12,132,2.77720379000004,"3"
2093,5,13,133,2.39572829000002,"3"
2093,5,14,134,1.78536749,"3"
2093,5,15,135,4.28784677000004,"3"
2093,5,16,136,0.595163930000012,"3"
2093,5,17,137,3.06712517,"3"
2093,5,18,138,2.01425279,"3"
2093,5,19,139,2.77720379000004,"3"
2093,5,20,140,3.81481715000001,"3"
2093,5,21,141,1.57174121000003,"3"
2093,5,22,142,1.46492807000004,"3"
2093,5,23,143,2.15158397000005,"3"
2093,5,24,144,2.83823987,"3"
2093,5,25,145,2.13632495000002,"3"
2093,5,26,146,1.78536749,"3"
2093,5,27,147,4.01318441000001,"3"
2093,5,28,148,3.70800401000002,"3"
2093,5,29,149,3.57067283000003,"3"
2093,5,30,150,2.21262005,"3"
2093,5,31,151,0.991898450000008,"3"
2094,5,1,121,2.36521025000002,"3"
2094,5,2,122,2.51780045000004,"3"
2094,5,3,123,4.39465991000003,"3"
2094,5,4,124,1.70907239000002,"3"
2094,5,5,125,1.19026571000001,"3"
2094,5,6,126,2.41098731,"3"
2094,5,7,127,3.89111224999999,"3"
2094,5,8,128,2.24313809,"3"
2094,5,9,129,1.52596414999999,"3"
2094,5,10,130,3.57067283000003,"3"
2094,5,11,131,0.93086237,"3"
2094,5,12,132,2.56357751000002,"3"
2094,5,13,133,4.59302717000003,"3"
2094,5,14,134,3.14342027000004,"3"
2094,5,15,135,1.29707884999999,"3"
2094,5,16,136,3.29601047,"3"
2094,5,17,137,2.21262005,"3"
2094,5,18,138,2.31943319000004,"3"
2094,5,19,139,3.17393831000004,"3"
2094,5,20,140,2.92979399000001,"3"
2094,5,21,141,3.18919733000001,"3"
2094,5,22,142,1.96847573000002,"3"
2094,5,23,143,2.59409555000002,"3"
2094,5,24,144,1.32759689,"3"
2094,5,25,145,1.81588553,"3"
2094,5,26,146,3.37230557000004,"3"
2094,5,27,147,2.96031203000001,"3"
2094,5,28,148,1.80062651000003,"3"
2094,5,29,149,2.45676437000003,"3"
2094,5,30,150,1.44966905000001,"3"
2094,5,31,151,3.78429911000001,"3"
2095,5,1,121,1.44966905000001,"3"
2095,5,2,122,1.99899377000003,"3"
2095,5,3,123,4.53199109000002,"3"
2095,5,4,124,2.92979399000001,"3"
2095,5,5,125,1.87692161000001,"3"
2095,5,6,126,2.09054789000004,"3"
2095,5,7,127,3.32652851,"3"
2095,5,8,128,1.08345257000002,"3"
2095,5,9,129,2.45676437000003,"3"
2095,5,10,130,3.03660712999999,"3"
2095,5,11,131,1.26656081000004,"3"
2095,5,12,132,2.77720379000004,"3"
2095,5,13,133,1.70907239000002,"3"
2095,5,14,134,4.11999754999999,"3"
2095,5,15,135,2.50254143000001,"3"
2095,5,16,136,2.68564967000003,"3"
2095,5,17,137,1.28181983000002,"3"
2095,5,18,138,2.18210200999999,"3"
2095,5,19,139,4.39465991000003,"3"
2095,5,20,140,2.89927595,"3"
2095,5,21,141,2.63987261,"3"
2095,5,22,142,2.25839711000003,"3"
2095,5,23,143,3.79955813000004,"3"
2095,5,24,144,2.09054789000004,"3"
2095,5,25,145,2.04477083,"3"
2095,5,26,146,1.86166259000004,"3"
2095,5,27,147,3.67748597000002,"3"
2095,5,28,148,1.52596414999999,"3"
2095,5,29,149,1.87692161000001,"3"
2095,5,30,150,4.07422049000002,"3"
2095,5,31,151,3.23497439000005,"3"
2096,5,1,122,1.87692161000001,"3"
2096,5,2,123,2.74668575000004,"3"
2096,5,3,124,2.79246281000002,"3"
2096,5,4,125,5.00502071,"3"
2096,5,5,126,4.80665345,"3"
2096,5,6,127,4.62354521000003,"3"
2096,5,7,128,2.39572829000002,"3"
2096,5,8,129,3.28075145000003,"3"
2096,5,9,130,2.28891515000004,"3"
2096,5,10,131,5.85952583,"3"
2096,5,11,132,1.78536749,"3"
2096,5,12,133,2.91453497000003,"3"
2096,5,13,134,1.49544611000005,"3"
2096,5,14,135,3.00608909000005,"3"
2096,5,15,136,2.44150535,"3"
2096,5,16,137,2.39572829000002,"3"
2096,5,17,138,0.915603350000026,"3"
2096,5,18,139,2.31943319000004,"3"
2096,5,19,140,4.30310579000002,"3"
2096,5,20,141,3.78429911000001,"3"
2096,5,21,142,3.32652851,"3"
2096,5,22,143,2.88401693000003,"3"
2096,5,23,144,1.40389199000003,"3"
2096,5,24,145,4.74561736999999,"3"
2096,5,25,146,1.72433141000005,"3"
2096,5,26,147,3.35704655000001,"3"
2096,5,27,148,3.54015479000003,"3"
2096,5,28,149,1.83114455000003,"3"
2096,5,29,150,2.06002985000003,"3"
2096,5,30,151,1.43441003000004,"3"
2096,5,31,152,3.69274498999999,"3"
2097,5,1,121,2.02951181000003,"3"
2097,5,2,122,3.89111224999999,"3"
2097,5,3,123,5.35597817000001,"3"
2097,5,4,124,3.61644989000001,"3"
2097,5,5,125,2.82298085000002,"3"
2097,5,6,126,1.93795769000002,"3"
2097,5,7,127,2.92979399000001,"3"
2097,5,8,128,1.05293453000002,"3"
2097,5,9,129,2.97557105000004,"3"
2097,5,10,130,3.44860067000002,"3"
2097,5,11,131,4.01318441000001,"3"
2097,5,12,132,1.77010847000003,"3"
2097,5,13,133,3.08238419000003,"3"
2097,5,14,134,4.05896147000004,"3"
2097,5,15,135,2.15158397000005,"3"
2097,5,16,136,2.57883653000005,"3"
2097,5,17,137,4.40991893,"3"
2097,5,18,138,5.15761091000002,"3"
2097,5,19,139,4.33362383000002,"3"
2097,5,20,140,2.01425279,"3"
2097,5,21,141,1.99899377000003,"3"
2097,5,22,142,1.95321670999999,"3"
2097,5,23,143,1.48018709000002,"3"
2097,5,24,144,1.41915101000001,"3"
2097,5,25,145,3.90637127000002,"3"
2097,5,26,146,5.61538151000002,"3"
2097,5,27,147,2.02951181000003,"3"
2097,5,28,148,1.17500669000003,"3"
2097,5,29,149,0.79353119000001,"3"
2097,5,30,150,2.18210200999999,"3"
2097,5,31,151,2.31943319000004,"3"
2098,5,1,121,2.39572829000002,"3"
2098,5,2,122,2.38046926999999,"3"
2098,5,3,123,2.15158397000005,"3"
2098,5,4,124,3.93688931000003,"3"
2098,5,5,125,1.57174121000003,"3"
2098,5,6,126,2.65513163000003,"3"
2098,5,7,127,1.81588553,"3"
2098,5,8,128,1.87692161000001,"3"
2098,5,9,129,5.53908641000004,"3"
2098,5,10,130,4.05896147000004,"3"
2098,5,11,131,3.09764321,"3"
2098,5,12,132,1.08345257000002,"3"
2098,5,13,133,3.41808263000001,"3"
2098,5,14,134,3.61644989000001,"3"
2098,5,15,135,3.46385968999999,"3"
2098,5,16,136,3.57067283000003,"3"
2098,5,17,137,3.20445635000004,"3"
2098,5,18,138,2.15158397000005,"3"
2098,5,19,139,2.19736103000002,"3"
2098,5,20,140,1.96847573000002,"3"
2098,5,21,141,0.915603350000026,"3"
2098,5,22,142,2.77720379000004,"3"
2098,5,23,143,3.37230557000004,"3"
2098,5,24,144,2.15158397000005,"3"
2098,5,25,145,2.30417417000001,"3"
2098,5,26,146,4.07422049000002,"3"
2098,5,27,147,1.87692161000001,"3"
2098,5,28,148,3.17393831000004,"3"
2098,5,29,149,3.17393831000004,"3"
2098,5,30,150,2.54831849000004,"3"
2098,5,31,151,3.47911871000002,"3"
2099,5,1,121,1.84640357000001,"3"
2099,5,2,122,1.83114455000003,"3"
2099,5,3,123,2.15158397000005,"3"
2099,5,4,124,5.18812895000002,"3"
2099,5,5,125,3.08238419000003,"3"
2099,5,6,126,3.41808263000001,"3"
2099,5,7,127,2.53305947000001,"3"
2099,5,8,128,1.77010847000003,"3"
2099,5,9,129,1.22078375000001,"3"
2099,5,10,130,3.35704655000001,"3"
2099,5,11,131,2.41098731,"3"
2099,5,12,132,2.83823987,"3"
2099,5,13,133,1.90743965000001,"3"
2099,5,14,134,3.55541381,"3"
2099,5,15,135,1.84640357000001,"3"
2099,5,16,136,2.91453497000003,"3"
2099,5,17,137,2.33469221000001,"3"
2099,5,18,138,2.04477083,"3"
2099,5,19,139,1.72433141000005,"3"
2099,5,20,140,2.76194477000001,"3"
2099,5,21,141,2.82298085000002,"3"
2099,5,22,142,2.63987261,"3"
2099,5,23,143,1.37337395000003,"3"
2099,5,24,144,1.81588553,"3"
2099,5,25,145,1.38863297,"3"
2099,5,26,146,2.39572829000002,"3"
2099,5,27,147,1.55648219,"3"
2099,5,28,148,3.34178753000003,"3"
2099,5,29,149,3.43334165000005,"3"
2099,5,30,150,5.31020111000004,"3"
2099,5,31,151,2.67039065,"3"
2100,5,1,121,1.96847573000002,"3"
2100,5,2,122,2.33469221000001,"3"
2100,5,3,123,2.10580691000001,"3"
2100,5,4,124,2.41098731,"3"
2100,5,5,125,2.47202339,"3"
2100,5,6,126,2.28891515000004,"3"
2100,5,7,127,3.70800401000002,"3"
2100,5,8,128,1.58700023,"3"
2100,5,9,129,1.14448865000003,"3"
2100,5,10,130,2.80772182999999,"3"
2100,5,11,131,3.90637127000002,"3"
2100,5,12,132,3.25023341000002,"3"
2100,5,13,133,1.64803631000001,"3"
2100,5,14,134,1.98373475,"3"
2100,5,15,135,3.00608909000005,"3"
2100,5,16,136,4.36414187000003,"3"
2100,5,17,137,1.98373475,"3"
2100,5,18,138,2.92979399000001,"3"
2100,5,19,139,3.03660712999999,"3"
2100,5,20,140,2.88401693000003,"3"
2100,5,21,141,3.54015479000003,"3"
2100,5,22,142,3.23497439000005,"3"
2100,5,23,143,2.02951181000003,"3"
2100,5,24,144,4.33362383000002,"3"
2100,5,25,145,1.15974767,"3"
2100,5,26,146,1.14448865000003,"3"
2100,5,27,147,2.91453497000003,"3"
2100,5,28,148,4.56250913000002,"3"
2100,5,29,149,1.78536749,"3"
2100,5,30,150,3.55541381,"3"
2100,5,31,151,1.90743965000001,"3"
