date,year,month,day,ordinalDay,scenario,tas,tasmin,pr
2000-04-01,2000,Apr,1,92,SSP585,-0.033176694056866296,-5.533675982539867,3.0037804076251398
2000-04-02,2000,Apr,2,93,SSP585,-0.12167901005686632,-5.399396606539867,4.080579762531039
2000-04-03,2000,Apr,3,94,SSP585,-0.07590195005686629,-6.174554822539867,3.6271905604653942
2000-04-04,2000,Apr,4,95,SSP585,-0.6771073380568663,-6.635377226539867,3.7027554274763492
2000-04-05,2000,Apr,5,96,SSP585,0.9708668219431338,-6.311886002539867,2.3614790380321
2000-04-06,2000,Apr,6,97,SSP585,0.5100444179431336,-6.3240932185398675,3.3438223091743584
2000-04-07,2000,Apr,7,98,SSP585,-0.3597197220568664,-6.247798118539867,3.91055881175643
2000-04-08,2000,Apr,8,99,SSP585,0.5680286939431336,-5.5672458265398665,2.474826338548539
2000-04-09,2000,Apr,9,100,SSP585,1.6880407619431337,-4.706637098539867,5.232943984447968
2000-04-10,2000,Apr,10,101,SSP585,0.7755513659431339,-5.664903554539867,2.8715418903560015
2000-04-11,2000,Apr,11,102,SSP585,1.2668918099431339,-6.400388318539867,1.6625040181809025
2000-04-12,2000,Apr,12,103,SSP585,1.0715763539431336,-5.136941462539867,4.231709496552938
2000-04-13,2000,Apr,13,104,SSP585,2.2556763059431333,-4.590668546539867,4.231709496552938
2000-04-14,2000,Apr,14,105,SSP585,0.14382793794313375,-5.875478030539867,2.9282155406141843
2000-04-15,2000,Apr,15,106,SSP585,-0.005710458056866319,-5.329205114539867,2.5126087720540107
2000-04-16,2000,Apr,16,107,SSP585,1.5201915419431338,-4.792087610539867,2.1914580872575034
2000-04-17,2000,Apr,17,108,SSP585,1.1967003179431337,-4.053551042539867,2.2670229542684464
2000-04-18,2000,Apr,18,109,SSP585,1.5934348379431336,-3.791095898539867,2.4370439050430552
2000-04-19,2000,Apr,19,110,SSP585,4.187468237943134,-3.772785074539867,2.9282155406141843
2000-04-20,2000,Apr,20,111,SSP585,6.158933621943134,-2.6283585745398668,3.0037804076251398
2000-04-21,2000,Apr,21,112,SSP585,6.039913265943134,-2.030204990539867,1.794742535450028
2000-04-22,2000,Apr,22,113,SSP585,4.605565385943134,-2.002738754539867,2.6637385060759216
2000-04-23,2000,Apr,23,114,SSP585,5.4570187019431335,-2.344540802539867,3.022671624377838
2000-04-24,2000,Apr,24,115,SSP585,5.719473845943133,-2.143121738539867,2.2859141710211572
2000-04-25,2000,Apr,25,116,SSP585,6.702154733943134,-2.500182806539867,2.3236966045266283
2000-04-26,2000,Apr,26,117,SSP585,6.018550637943133,-1.502242898539867,3.4193871761853014
2000-04-27,2000,Apr,27,118,SSP585,4.398042713943133,-1.682299334539867,2.059219569988365
2000-04-28,2000,Apr,28,119,SSP585,5.551624625943133,-1.044472298539867,2.418152688290282
2000-04-29,2000,Apr,29,120,SSP585,7.138562705943134,-1.685351138539867,3.0982364913887936
2000-04-30,2000,Apr,30,121,SSP585,8.368439717943133,-0.06484321453986697,6.139722388579259
2001-04-01,2001,Apr,1,91,SSP585,-1.3759704540568662,-6.995490098539867,1.6247215846754186
2001-04-02,2001,Apr,2,92,SSP585,-0.5702941980568663,-6.272212550539868,2.1536756537520194
2001-04-03,2001,Apr,3,93,SSP585,0.1835013899431337,-5.222391974539867,4.496186531091275
2001-04-04,2001,Apr,4,94,SSP585,0.5954949299431336,-5.054542754539867,5.100705467178757
2001-04-05,2001,Apr,5,95,SSP585,0.0827918579431337,-6.366818474539867,2.5881736390649657
2001-04-06,2001,Apr,6,96,SSP585,0.1987604099431337,-5.9731357585398674,2.5881736390649657
2001-04-07,2001,Apr,7,97,SSP585,0.9067789379431337,-5.362774958539867,2.30480538777393
2001-04-08,2001,Apr,8,98,SSP585,1.5079843259431336,-5.860219010539867,0.8123992643077822
2001-04-09,2001,Apr,9,99,SSP585,1.5751240139431337,-5.7411986545398666,3.306039875668874
2001-04-10,2001,Apr,10,100,SSP585,1.8680971979431338,-4.895848946539867,4.552860181349458
2001-04-11,2001,Apr,11,101,SSP585,1.4103265979431339,-4.847020082539867,3.5705169102072114
2001-04-12,2001,Apr,12,102,SSP585,0.4490083379431338,-4.193934026539867,2.3614790380321
2001-04-13,2001,Apr,13,103,SSP585,0.4093348859431336,-4.901952554539867,1.6625040181809025
2001-04-14,2001,Apr,14,104,SSP585,0.8823645059431338,-4.868382710539867,1.4547006339008095
2001-04-15,2001,Apr,15,105,SSP585,2.130552341943134,-3.162424274539867,3.022671624377838
2001-04-16,2001,Apr,16,106,SSP585,3.0186273059431334,-2.491027394539867,4.571751398102156
2001-04-17,2001,Apr,17,107,SSP585,2.811104633943134,-3.626298482539867,2.1536756537520194
2001-04-18,2001,Apr,18,108,SSP585,2.295349757943134,-3.690386366539867,2.1914580872575034
2001-04-19,2001,Apr,19,109,SSP585,2.7409131419431336,-3.098336390539867,1.7569601019445564
2001-04-20,2001,Apr,20,110,SSP585,3.1498548779431337,-2.985419642539867,2.625956072570437
2001-04-21,2001,Apr,21,111,SSP585,3.567952025943134,-2.719912694539867,2.569282422312193
2001-04-22,2001,Apr,22,112,SSP585,2.591374745943134,-2.732119910539867,3.7027554274763492
2001-04-23,2001,Apr,23,113,SSP585,1.8040093139431337,-2.103448286539867,3.306039875668874
2001-04-24,2001,Apr,24,114,SSP585,1.498828913943134,-3.446242046539867,2.078110786741064
2001-04-25,2001,Apr,25,115,SSP585,2.405214701943134,-3.195994118539867,4.439512880833031
2001-04-26,2001,Apr,26,116,SSP585,3.464190689943133,-2.439146726539867,5.9319190042991785
2001-04-27,2001,Apr,27,117,SSP585,4.474337813943134,-1.773853454539867,4.401730447327547
2001-04-28,2001,Apr,28,118,SSP585,5.319687521943133,-1.938650870539867,4.685098698618595
2001-04-29,2001,Apr,29,119,SSP585,4.102017725943133,-2.182795190539867,2.2670229542684464
2001-04-30,2001,Apr,30,120,SSP585,4.315644005943134,-1.276409402539867,3.249366225410692
2002-04-01,2002,Apr,1,91,SSP585,-0.45127384205686627,-7.553970230539867,2.3803702547848853
2002-04-02,2002,Apr,2,92,SSP585,-0.31089085805686634,-7.1938573585398675,2.0025459197301085
2002-04-03,2002,Apr,3,93,SSP585,-0.32614987805686635,-6.336300434539867,2.852650673603229
2002-04-04,2002,Apr,4,94,SSP585,-0.6862627500568663,-7.853047022539867,3.457169609690785
2002-04-05,2002,Apr,5,95,SSP585,-0.7564542420568663,-7.148080298539867,2.229240520762975
2002-04-06,2002,Apr,6,96,SSP585,-1.6567364220568663,-7.1938573585398675,2.3614790380321
2002-04-07,2002,Apr,7,97,SSP585,-3.0086855940568666,-7.776751922539868,2.569282422312193
2002-04-08,2002,Apr,8,98,SSP585,-1.3393488060568663,-6.198969254539867,4.836228432640493
2002-04-09,2002,Apr,9,99,SSP585,-0.21018132605686635,-5.8571672065398666,4.477295314338503
2002-04-10,2002,Apr,10,100,SSP585,-0.6893145540568664,-5.808338342539867,3.362713525927131
2002-04-11,2002,Apr,11,101,SSP585,0.27505550994313377,-5.139993266539867,3.136018924894265
2002-04-12,2002,Apr,12,102,SSP585,1.5018807179431335,-2.262142094539867,3.0604540578833097
2002-04-13,2002,Apr,13,103,SSP585,1.7612840579431335,-2.9732124265398667,4.269491930058421
2002-04-14,2002,Apr,14,104,SSP585,-0.2590101900568662,-5.024024714539867,4.345056797069377
2002-04-15,2002,Apr,15,105,SSP585,-0.9426142860568663,-6.067741682539867,2.172566870504718
2002-04-16,2002,Apr,16,106,SSP585,0.9006753299431336,-4.102379906539867,5.421856151975277
2002-04-17,2002,Apr,17,107,SSP585,0.4306975139431337,-4.218348458539867,4.175035846294768
2002-04-18,2002,Apr,18,108,SSP585,1.8070611179431337,-4.303798970539867,1.3413533333843826
2002-04-19,2002,Apr,19,109,SSP585,4.044033449943133,-2.790104186539867,2.210349304010202
2002-04-20,2002,Apr,20,110,SSP585,4.221038081943133,-2.838933050539867,2.758194589839575
2002-04-21,2002,Apr,21,111,SSP585,4.929056609943133,-2.060723030539867,3.9861236787673855
2002-04-22,2002,Apr,22,112,SSP585,5.331894737943133,-1.523605526539867,4.968466949909631
2002-04-23,2002,Apr,23,113,SSP585,5.301376697943134,-2.954901602539867,1.6436128014281297
2002-04-24,2002,Apr,24,114,SSP585,5.075543201943133,-2.469664766539867,3.608299343712683
2002-04-25,2002,Apr,25,115,SSP585,5.637075137943134,-1.4778284665398669,3.1926925751525217
2002-04-26,2002,Apr,26,116,SSP585,5.182356341943134,-2.231624054539867,2.6070648558176646
2002-04-27,2002,Apr,27,117,SSP585,5.527210193943134,-1.923391850539867,2.852650673603229
2002-04-28,2002,Apr,28,118,SSP585,6.076534913943133,-0.748447310539867,1.511374284158992
2002-04-29,2002,Apr,29,119,SSP585,6.528201905943133,-0.821690606539867,2.3614790380321
2002-04-30,2002,Apr,30,120,SSP585,7.584126089943133,1.686892281460133,5.950810221051877
2003-04-01,2003,Apr,1,91,SSP585,-1.0738418580568663,-6.855107114539867,5.100705467178757
2003-04-02,2003,Apr,2,92,SSP585,-1.1898104100568663,-6.708620522539867,4.307274363563892
2003-04-03,2003,Apr,3,93,SSP585,-1.7086170900568662,-7.230479006539867,2.4370439050430552
2003-04-04,2003,Apr,4,94,SSP585,-0.5855532180568663,-7.029059942539867,2.68262972282862
2003-04-05,2003,Apr,5,95,SSP585,1.2333219659431338,-5.512313354539867,3.5327344767017403
2003-04-06,2003,Apr,6,96,SSP585,0.9128825459431338,-5.997550190539867,5.365182501717094
2003-04-07,2003,Apr,7,97,SSP585,0.07668824994313361,-6.076897094539867,1.3413533333843826
2003-04-08,2003,Apr,8,98,SSP585,0.8457428579431336,-6.644532638539867,3.2871486589161756
2003-04-09,2003,Apr,9,99,SSP585,1.3981193819431337,-5.841908186539867,7.008718359205077
2003-04-10,2003,Apr,10,100,SSP585,2.466250781943134,-5.384137586539867,2.210349304010202
2003-04-11,2003,Apr,11,101,SSP585,1.5873312299431335,-5.548935002539867,2.7959770233450465
2003-04-12,2003,Apr,12,102,SSP585,1.6849889579431336,-5.442121862539867,3.0604540578833097
2003-04-13,2003,Apr,13,103,SSP585,2.2678835219431335,-5.225443778539867,3.0604540578833097
2003-04-14,2003,Apr,14,104,SSP585,3.216994565943134,-4.435026542539867,3.230475008657919
2003-04-15,2003,Apr,15,105,SSP585,2.185484813943134,-4.743258746539867,4.552860181349458
2003-04-16,2003,Apr,16,106,SSP585,1.9413404939431336,-5.100319814539867,3.929450028509203
2003-04-17,2003,Apr,17,107,SSP585,2.0969824979431335,-4.190882222539867,2.9282155406141843
2003-04-18,2003,Apr,18,108,SSP585,2.6310481979431337,-4.480803602539867,3.7594290777345196
2003-04-19,2003,Apr,19,109,SSP585,2.6920842779431338,-5.048439146539867,2.8904331071087004
2003-04-20,2003,Apr,20,110,SSP585,2.597478353943134,-4.462492778539867,3.8161027279927766
2003-04-21,2003,Apr,21,111,SSP585,2.6066337659431333,-3.397413182539867,1.7380688851918455
2003-04-22,2003,Apr,22,112,SSP585,4.056240665943133,-3.330273494539867,1.98365470297741
2003-04-23,2003,Apr,23,113,SSP585,4.965678257943133,-3.3150144745398666,1.133549949104297
2003-04-24,2003,Apr,24,114,SSP585,6.360352685943133,-1.438155014539867,1.2091148161152498
2003-04-25,2003,Apr,25,115,SSP585,6.705206537943134,-1.2336841465398671,2.3992614715375837
2003-04-26,2003,Apr,26,116,SSP585,6.137570993943133,-1.776905258539867,2.550391205559482
2003-04-27,2003,Apr,27,117,SSP585,5.585194469943134,-2.704653674539867,3.6460817772181673
2003-04-28,2003,Apr,28,118,SSP585,6.906625601943134,-1.081093946539867,2.1536756537520194
2003-04-29,2003,Apr,29,119,SSP585,7.086682037943133,-1.471724858539867,1.416918200395338
2003-04-30,2003,Apr,30,120,SSP585,8.371491521943133,-1.6212632545398669,1.322462116631684
2004-04-01,2004,Apr,1,92,SSP585,-1.2691573140568664,-6.2111764705398675,3.3438223091743584
2004-04-02,2004,Apr,2,93,SSP585,-2.111455218056866,-7.236582614539867,3.1926925751525217
2004-04-03,2004,Apr,3,94,SSP585,-0.5794496100568663,-6.3271450225398675,2.531499988806709
2004-04-04,2004,Apr,4,95,SSP585,-0.8571637740568663,-6.330196826539868,1.6058303679226458
2004-04-05,2004,Apr,5,96,SSP585,-0.10336818605686626,-6.391232906539867,1.4735918506535206
2004-04-06,2004,Apr,6,97,SSP585,1.4377928339431338,-4.7554659625398665,4.326165580316604
2004-04-07,2004,Apr,7,98,SSP585,1.7460250379431337,-3.8429765665398667,4.496186531091275
2004-04-08,2004,Apr,8,99,SSP585,1.7948539019431335,-3.641557502539867,2.1914580872575034
2004-04-09,2004,Apr,9,100,SSP585,1.8223201379431335,-4.795139414539867,2.2859141710211572
2004-04-10,2004,Apr,10,101,SSP585,2.9514876179431333,-3.7788886825398667,3.2115837919052206
2004-04-11,2004,Apr,11,102,SSP585,2.762275769943133,-3.775836878539867,4.401730447327547
2004-04-12,2004,Apr,12,103,SSP585,3.464190689943133,-4.239711086539867,1.9458722694719388
2004-04-13,2004,Apr,13,104,SSP585,5.383775405943133,-2.838933050539867,2.833759456850531
2004-04-14,2004,Apr,14,105,SSP585,4.407198125943133,-4.282436342539867,3.7216466442291223
2004-04-15,2004,Apr,15,106,SSP585,2.9148659699431336,-3.681230954539867,2.3803702547848853
2004-04-16,2004,Apr,16,107,SSP585,4.144742981943134,-3.049507526539867,1.8325249689555119
2004-04-17,2004,Apr,17,108,SSP585,3.9616347419431337,-2.3964214705398668,3.0982364913887936
2004-04-18,2004,Apr,18,109,SSP585,3.513019553943133,-2.225520446539867,3.154910141647038
2004-04-19,2004,Apr,19,110,SSP585,4.254607925943134,-3.080025566539867,2.758194589839575
2004-04-20,2004,Apr,20,111,SSP585,4.108121333943133,-3.9467379025398666,1.889198619213682
2004-04-21,2004,Apr,21,112,SSP585,5.926996517943134,-3.199045922539867,1.2280060328679534
2004-04-22,2004,Apr,22,113,SSP585,6.598393397943133,-2.063774834539867,3.1171277081415667
2004-04-23,2004,Apr,23,114,SSP585,5.487536741943133,-2.011894166539867,6.139722388579259
2004-04-24,2004,Apr,24,115,SSP585,4.919901197943133,-2.149225346539867,3.853885161498248
2004-04-25,2004,Apr,25,116,SSP585,5.115216653943134,-2.161432562539867,2.758194589839575
2004-04-26,2004,Apr,26,117,SSP585,5.444811485943133,-2.075982050539867,4.28838314681112
2004-04-27,2004,Apr,27,118,SSP585,5.594349881943134,-2.866399286539867,2.0970020034938366
2004-04-28,2004,Apr,28,119,SSP585,6.500735669943134,-2.115655502539867,3.0415628411306113
2004-04-29,2004,Apr,29,120,SSP585,8.060207513943134,-0.6416341705398669,3.7216466442291223
2004-04-30,2004,Apr,30,121,SSP585,8.414216777943134,0.02365910146013306,3.929450028509203
2005-04-01,2005,Apr,1,91,SSP585,-1.7666013660568662,-6.641480834539867,2.758194589839575
2005-04-02,2005,Apr,2,92,SSP585,-1.9497096060568664,-7.975119182539867,2.833759456850531
2005-04-03,2005,Apr,3,93,SSP585,-1.6018039500568664,-7.2518416345398675,3.249366225410692
2005-04-04,2005,Apr,4,94,SSP585,-1.0097539740568662,-6.180658430539867,4.175035846294768
2005-04-05,2005,Apr,5,95,SSP585,-0.44211843005686635,-6.461424398539867,2.947106757366883
2005-04-06,2005,Apr,6,96,SSP585,0.6229611659431338,-6.131829566539867,3.0793452746360828
2005-04-07,2005,Apr,7,97,SSP585,1.4744144819431335,-5.936514110539867,1.6436128014281297
2005-04-08,2005,Apr,8,98,SSP585,2.9575912259431334,-4.727999726539867,2.7015209395813184
2005-04-09,2005,Apr,9,99,SSP585,4.071499685943134,-4.547943290539867,5.497421018986232
2005-04-10,2005,Apr,10,100,SSP585,3.796837325943134,-4.059654650539867,6.215287255590214
2005-04-11,2005,Apr,11,101,SSP585,1.4652590699431338,-4.438078346539867,5.1384879006842406
2005-04-12,2005,Apr,12,102,SSP585,1.8558899819431336,-4.782932198539867,3.5894081269599103
2005-04-13,2005,Apr,13,103,SSP585,3.2444608019431334,-4.267177322539867,4.307274363563892
2005-04-14,2005,Apr,14,104,SSP585,2.1122415179431338,-5.719836026539867,2.3425878212794013
2005-04-15,2005,Apr,15,105,SSP585,1.5171397379431337,-4.007773982539867,2.531499988806709
2005-04-16,2005,Apr,16,106,SSP585,2.9728502459431336,-3.482863694539867,1.0957675155988207
2005-04-17,2005,Apr,17,107,SSP585,3.3817919819431337,-2.368955234539867,3.0037804076251398
2005-04-18,2005,Apr,18,108,SSP585,3.7907337179431337,-1.935599066539867,4.496186531091275
2005-04-19,2005,Apr,19,109,SSP585,5.347153757943134,-1.340497286539867,4.156144629541995
2005-04-20,2005,Apr,20,110,SSP585,4.358369261943134,-1.5327609385398668,5.96970143780465
2005-04-21,2005,Apr,21,111,SSP585,3.3054968819431334,-2.5673224945398667,2.455935121795766
2005-04-22,2005,Apr,22,112,SSP585,3.2566680179431335,-3.733111622539867,1.1524411658570006
2005-04-23,2005,Apr,23,113,SSP585,3.7602156779431333,-3.733111622539867,1.530265500911765
2005-04-24,2005,Apr,24,114,SSP585,5.292221285943134,-3.650712914539867,0.7935080475550799
2005-04-25,2005,Apr,25,115,SSP585,6.097897541943134,-3.055611134539867,1.98365470297741
2005-04-26,2005,Apr,26,116,SSP585,6.219969701943134,-1.917288242539867,0.8501816978132598
2005-04-27,2005,Apr,27,117,SSP585,5.008403513943134,-1.801319690539867,2.172566870504718
2005-04-28,2005,Apr,28,118,SSP585,5.188459949943134,-1.416792386539867,4.307274363563892
2005-04-29,2005,Apr,29,119,SSP585,4.446871577943133,-1.084145750539867,3.9672324620146746
2005-04-30,2005,Apr,30,120,SSP585,5.316635717943133,-1.120767398539867,2.9848891908723667
2006-04-01,2006,Apr,1,91,SSP585,-0.16135246205686626,-6.906987782539868,3.7405378609818207
2006-04-02,2006,Apr,2,92,SSP585,0.0034449539431335996,-7.117562258539867,2.814868240097758
2006-04-03,2006,Apr,3,93,SSP585,1.4683108739431339,-6.586548362539867,2.7393033730868024
2006-04-04,2006,Apr,4,94,SSP585,1.3035134579431336,-6.018912818539867,4.836228432640493
2006-04-05,2006,Apr,5,95,SSP585,0.2353820579431336,-6.577392950539867,3.5138432599489677
2006-04-06,2006,Apr,6,96,SSP585,-0.7595060460568663,-6.214228274539868,3.4949520431962564
2006-04-07,2006,Apr,7,97,SSP585,-1.3576596300568664,-6.116570546539867,3.7216466442291223
2006-04-08,2006,Apr,8,98,SSP585,0.4429047299431337,-5.655748142539867,3.362713525927131
2006-04-09,2006,Apr,9,99,SSP585,2.1488631659431334,-4.532684270539867,0.6423783135331742
2006-04-10,2006,Apr,10,100,SSP585,2.359437641943134,-5.542831394539867,2.3803702547848853
2006-04-11,2006,Apr,11,101,SSP585,2.9240213819431338,-4.273280930539867,2.3236966045266283
2006-04-12,2006,Apr,12,102,SSP585,3.522174965943133,-4.093224494539867,1.6625040181809025
2006-04-13,2006,Apr,13,103,SSP585,4.135587569943134,-3.6049358545398666,2.6070648558176646
2006-04-14,2006,Apr,14,104,SSP585,3.5893146539431333,-3.0342485065398668,2.1914580872575034
2006-04-15,2006,Apr,15,105,SSP585,3.159010289943134,-4.221400262539867,1.3980269836425652
2006-04-16,2006,Apr,16,106,SSP585,3.503864141943134,-4.239711086539867,1.322462116631684
2006-04-17,2006,Apr,17,107,SSP585,5.057232377943134,-2.762637950539867,3.154910141647038
2006-04-18,2006,Apr,18,108,SSP585,6.122311973943133,-2.118707306539867,3.834993944745475
2006-04-19,2006,Apr,19,109,SSP585,5.038921553943133,-3.177683294539867,2.30480538777393
2006-04-20,2006,Apr,20,110,SSP585,4.428560753943134,-2.961005210539867,3.2115837919052206
2006-04-21,2006,Apr,21,111,SSP585,4.370576477943134,-2.320126370539867,2.6637385060759216
2006-04-22,2006,Apr,22,112,SSP585,5.267806853943133,-1.596848822539867,1.530265500911765
2006-04-23,2006,Apr,23,113,SSP585,5.795768945943133,0.21287094946013307,4.5150777478439865
2006-04-24,2006,Apr,24,114,SSP585,5.429552465943133,-0.3639200065398669,6.29085212260117
2006-04-25,2006,Apr,25,115,SSP585,4.4682342059431335,-1.761646238539867,3.9861236787673855
2006-04-26,2006,Apr,26,116,SSP585,4.077603293943134,-3.308910866539867,2.7204121563340915
2006-04-27,2006,Apr,27,117,SSP585,4.968730061943133,-2.863347482539867,5.478529802233521
2006-04-28,2006,Apr,28,118,SSP585,5.3959826219431335,-1.459517642539867,2.455935121795766
2006-04-29,2006,Apr,29,119,SSP585,6.418336961943133,-1.093301162539867,1.4924830674062934
2006-04-30,2006,Apr,30,120,SSP585,8.069362925943134,0.527206761460133,2.3425878212794013
2007-04-01,2007,Apr,1,91,SSP585,-1.6842026580568663,-8.109398558539867,2.833759456850531
2007-04-02,2007,Apr,2,92,SSP585,-0.5733460020568664,-7.929342122539867,1.4358094171480367
2007-04-03,2007,Apr,3,93,SSP585,0.5619250859431337,-6.595703774539867,2.7204121563340915
2007-04-04,2007,Apr,4,94,SSP585,0.0827918579431337,-7.743182078539867,3.2682574421634025
2007-04-05,2007,Apr,5,95,SSP585,-0.9731323260568663,-7.761492902539867,1.8136337522028008
2007-04-06,2007,Apr,6,96,SSP585,0.7450333259431339,-6.290523374539867,4.28838314681112
2007-04-07,2007,Apr,7,97,SSP585,1.7429732339431336,-5.823597362539867,2.418152688290282
2007-04-08,2007,Apr,8,98,SSP585,2.985057461943134,-5.0453873425398665,2.0214371364828936
2007-04-09,2007,Apr,9,99,SSP585,1.5964866419431336,-5.686266182539867,2.474826338548539
2007-04-10,2007,Apr,10,100,SSP585,0.3879722579431337,-5.573349434539867,1.6247215846754186
2007-04-11,2007,Apr,11,101,SSP585,1.8986152379431338,-5.237650994539867,3.7783202944872922
2007-04-12,2007,Apr,12,102,SSP585,2.6585144339431332,-3.119699018539867,4.571751398102156
2007-04-13,2007,Apr,13,103,SSP585,3.5832110459431332,-3.2051495305398667,3.7972115112400036
2007-04-14,2007,Apr,14,104,SSP585,3.4275690419431335,-3.8185621345398673,2.758194589839575
2007-04-15,2007,Apr,15,105,SSP585,3.564900221943134,-3.104439998539867,4.855119649393204
2007-04-16,2007,Apr,16,106,SSP585,4.764259193943134,-3.409620398539867,2.0970020034938366
2007-04-17,2007,Apr,17,107,SSP585,4.477389617943134,-3.1502170585398668,2.3992614715375837
2007-04-18,2007,Apr,18,108,SSP585,4.279022357943133,-3.080025566539867,3.38160474267983
2007-04-19,2007,Apr,19,109,SSP585,4.504855853943133,-0.9742808065398669,5.081814250426058
2007-04-20,2007,Apr,20,110,SSP585,3.5282785739431333,-2.368955234539867,5.289617634706139
2007-04-21,2007,Apr,21,111,SSP585,3.6411953219431332,-2.610047750539867,3.4760608264434834
2007-04-22,2007,Apr,22,112,SSP585,3.464190689943133,-2.310970958539867,3.136018924894265
2007-04-23,2007,Apr,23,113,SSP585,4.0074118019431335,-1.654833098539867,3.4760608264434834
2007-04-24,2007,Apr,24,114,SSP585,4.718482133943134,-0.4646295385398669,4.703989915371368
2007-04-25,2007,Apr,25,115,SSP585,3.912805877943134,-0.992591630539867,3.1171277081415667
2007-04-26,2007,Apr,26,116,SSP585,5.179304537943134,-0.736240094539867,2.2670229542684464
2007-04-27,2007,Apr,27,117,SSP585,6.506839277943134,-0.28762490653986705,3.7405378609818207
2007-04-28,2007,Apr,28,118,SSP585,5.954462753943133,-2.344540802539867,2.210349304010202
2007-04-29,2007,Apr,29,119,SSP585,7.220961413943133,-1.380170738539867,2.3992614715375837
2007-04-30,2007,Apr,30,120,SSP585,6.506839277943134,-1.322186462539867,4.703989915371368
2008-04-01,2008,Apr,1,92,SSP585,-1.0707900540568662,-6.906987782539868,3.154910141647038
2008-04-02,2008,Apr,2,93,SSP585,-0.8602155780568663,-6.101311526539868,3.2682574421634025
2008-04-03,2008,Apr,3,94,SSP585,-0.5916568260568663,-6.180658430539867,3.022671624377838
2008-04-04,2008,Apr,4,95,SSP585,-0.8052831060568663,-7.325084930539867,4.269491930058421
2008-04-05,2008,Apr,5,96,SSP585,-2.3678067540568666,-6.742190366539867,3.6460817772181673
2008-04-06,2008,Apr,6,97,SSP585,-1.7788085820568664,-6.125725958539867,3.683864210723639
2008-04-07,2008,Apr,7,98,SSP585,-1.3271415900568664,-5.628281906539867,2.3614790380321
2008-04-08,2008,Apr,8,99,SSP585,0.4154384939431337,-5.204081150539867,3.0604540578833097
2008-04-09,2008,Apr,9,100,SSP585,2.362489445943134,-4.248866498539867,3.7594290777345196
2008-04-10,2008,Apr,10,101,SSP585,3.1254404459431333,-3.134958038539867,2.2481317375156733
2008-04-11,2008,Apr,11,102,SSP585,2.1702257939431338,-4.190882222539867,3.306039875668874
2008-04-12,2008,Apr,12,103,SSP585,1.6575227219431337,-4.456389170539867,0.7746168308023058
2008-04-13,2008,Apr,13,104,SSP585,2.3838520739431335,-4.364835050539867,2.2859141710211572
2008-04-14,2008,Apr,14,105,SSP585,3.0766115819431334,-3.281444630539867,4.137253412789284
2008-04-15,2008,Apr,15,106,SSP585,2.7500685539431338,-3.751422446539867,2.0403283532355925
2008-04-16,2008,Apr,16,107,SSP585,2.3441786219431338,-4.120690730539867,3.4760608264434834
2008-04-17,2008,Apr,17,108,SSP585,2.655462629943133,-3.2082013345398668,3.683864210723639
2008-04-18,2008,Apr,18,109,SSP585,2.060360849943134,-2.927435366539867,1.039093865340642
2008-04-19,2008,Apr,19,110,SSP585,1.8894598259431337,-3.916219862539867,1.2091148161152498
2008-04-20,2008,Apr,20,111,SSP585,3.046093541943134,-4.007773982539867,1.303570899878911
2008-04-21,2008,Apr,21,112,SSP585,5.676748589943133,-2.152277150539867,3.3438223091743584
2008-04-22,2008,Apr,22,113,SSP585,5.701163021943134,-0.690463034539867,5.705224403266313
2008-04-23,2008,Apr,23,114,SSP585,7.025645957943134,-1.581589802539867,1.8514161857082847
2008-04-24,2008,Apr,24,115,SSP585,5.637075137943134,-2.863347482539867,2.172566870504718
2008-04-25,2008,Apr,25,116,SSP585,5.112164849943134,-2.5703742985398668,2.229240520762975
2008-04-26,2008,Apr,26,117,SSP585,5.328842933943133,-2.982367838539867,3.5327344767017403
2008-04-27,2008,Apr,27,118,SSP585,6.390870725943134,-1.074990338539867,4.496186531091275
2008-04-28,2008,Apr,28,119,SSP585,6.232176917943134,-1.844044946539867,1.4547006339008095
2008-04-29,2008,Apr,29,120,SSP585,7.184339765943134,-1.139078222539867,1.794742535450028
2008-04-30,2008,Apr,30,121,SSP585,8.066311121943134,-0.647737778539867,2.9848891908723667
2009-04-01,2009,Apr,1,91,SSP585,-0.15830065805686622,-6.168451214539867,3.022671624377838
2009-04-02,2009,Apr,2,92,SSP585,0.10415448594313359,-6.879521546539867,6.253069689095686
2009-04-03,2009,Apr,3,93,SSP585,0.23843386194313365,-7.419690854539867,1.9458722694719388
2009-04-04,2009,Apr,4,94,SSP585,0.41849029794313375,-7.605850898539868,1.7191776684390725
2009-04-05,2009,Apr,5,95,SSP585,0.8335356419431339,-5.936514110539867,3.4193871761853014
2009-04-06,2009,Apr,6,96,SSP585,1.7826466859431338,-5.323101506539867,3.249366225410692
2009-04-07,2009,Apr,7,97,SSP585,1.1478714539431338,-6.736086758539868,2.0403283532355925
2009-04-08,2009,Apr,8,98,SSP585,1.7002479779431339,-5.832752774539867,2.6070648558176646
2009-04-09,2009,Apr,9,99,SSP585,2.191588421943134,-5.024024714539867,3.7405378609818207
2009-04-10,2009,Apr,10,100,SSP585,2.4296291339431333,-4.532684270539867,5.96970143780465
2009-04-11,2009,Apr,11,101,SSP585,-0.03622849805686634,-6.562133930539868,4.817337215887721
2009-04-12,2009,Apr,12,102,SSP585,1.4133784019431335,-6.214228274539868,2.6448472893231485
2009-04-13,2009,Apr,13,103,SSP585,2.182433009943134,-4.581513134539867,3.457169609690785
2009-04-14,2009,Apr,14,104,SSP585,1.8375791579431338,-3.656816522539867,4.231709496552938
2009-04-15,2009,Apr,15,105,SSP585,0.7999657979431338,-3.888753626539867,4.269491930058421
2009-04-16,2009,Apr,16,106,SSP585,1.5385023659431336,-4.361783246539867,3.0415628411306113
2009-04-17,2009,Apr,17,107,SSP585,2.7500685539431338,-3.568314206539867,2.550391205559482
2009-04-18,2009,Apr,18,108,SSP585,3.2414089979431333,-2.591736926539867,2.2859141710211572
2009-04-19,2009,Apr,19,109,SSP585,3.8334589739431335,-3.339428906539867,2.059219569988365
2009-04-20,2009,Apr,20,110,SSP585,5.3990344259431335,-2.240779466539867,2.8904331071087004
2009-04-21,2009,Apr,21,111,SSP585,5.643178745943134,-1.856252162539867,2.8715418903560015
2009-04-22,2009,Apr,22,112,SSP585,5.011455317943134,-2.347592606539867,2.2859141710211572
2009-04-23,2009,Apr,23,113,SSP585,4.288177769943133,-3.052559330539867,3.4760608264434834
2009-04-24,2009,Apr,24,114,SSP585,4.388887301943133,-2.481871982539867,2.30480538777393
2009-04-25,2009,Apr,25,115,SSP585,4.813088057943133,-2.185846994539867,2.210349304010202
2009-04-26,2009,Apr,26,116,SSP585,4.315644005943134,-1.828785926539867,3.4004959594326025
2009-04-27,2009,Apr,27,117,SSP585,4.443819773943133,-1.136026418539867,4.250600713305723
2009-04-28,2009,Apr,28,118,SSP585,6.067379501943133,-1.160440850539867,1.8703074024609834
2009-04-29,2009,Apr,29,119,SSP585,7.751975309943134,-0.5805980905398669,3.0604540578833097
2009-04-30,2009,Apr,30,120,SSP585,7.410173261943134,0.6187608814601331,4.628425048360413
2010-04-01,2010,Apr,1,91,SSP585,0.8213284259431337,-6.311886002539867,3.6460817772181673
2010-04-02,2010,Apr,2,92,SSP585,0.8976235259431335,-5.304790682539867,2.965997974119656
2010-04-03,2010,Apr,3,93,SSP585,3.931499431337748e-4,-5.271220838539867,1.0202026485878677
2010-04-04,2010,Apr,4,94,SSP585,-1.4186957100568662,-6.690309698539867,3.834993944745475
2010-04-05,2010,Apr,5,95,SSP585,-0.4390666260568663,-5.405500214539867,2.7959770233450465
2010-04-06,2010,Apr,6,96,SSP585,0.8915199179431339,-3.5286407545398673,3.6460817772181673
2010-04-07,2010,Apr,7,97,SSP585,0.7053598739431337,-5.075905382539867,1.4547006339008095
2010-04-08,2010,Apr,8,98,SSP585,0.5741323019431337,-5.500106138539867,2.7015209395813184
2010-04-09,2010,Apr,9,99,SSP585,1.8833562179431336,-4.148156966539867,4.231709496552938
2010-04-10,2010,Apr,10,100,SSP585,2.5517012939431334,-4.135949750539867,2.3614790380321
2010-04-11,2010,Apr,11,101,SSP585,1.8528381779431335,-5.115578834539867,3.457169609690785
2010-04-12,2010,Apr,12,102,SSP585,3.2078391539431337,-4.139001554539867,2.569282422312193
2010-04-13,2010,Apr,13,103,SSP585,3.748008461943133,-4.010825786539867,2.418152688290282
2010-04-14,2010,Apr,14,104,SSP585,3.9585829379431337,-3.821613938539867,3.3438223091743584
2010-04-15,2010,Apr,15,105,SSP585,3.9402721139431334,-4.203089438539867,3.5894081269599103
2010-04-16,2010,Apr,16,106,SSP585,3.8761842299431333,-2.875554698539867,2.30480538777393
2010-04-17,2010,Apr,17,107,SSP585,4.266815141943133,-2.722964498539867,2.9848891908723667
2010-04-18,2010,Apr,18,108,SSP585,5.951410949943133,-2.127862718539867,3.1926925751525217
2010-04-19,2010,Apr,19,109,SSP585,6.396974333943134,-0.7087738585398671,3.0982364913887936
2010-04-20,2010,Apr,20,110,SSP585,5.539417409943133,-1.801319690539867,3.2682574421634025
2010-04-21,2010,Apr,21,111,SSP585,5.325791129943133,-1.721972786539867,3.4004959594326025
2010-04-22,2010,Apr,22,112,SSP585,5.435656073943133,-1.1756998705398671,3.7405378609818207
2010-04-23,2010,Apr,23,113,SSP585,4.459078793943133,-2.811466814539867,2.569282422312193
2010-04-24,2010,Apr,24,114,SSP585,4.379731889943134,-2.481871982539867,4.458404097585803
2010-04-25,2010,Apr,25,115,SSP585,5.844597809943133,-1.773853454539867,4.042797329025568
2010-04-26,2010,Apr,26,116,SSP585,6.284057585943134,-0.5683908745398669,3.8161027279927766
2010-04-27,2010,Apr,27,117,SSP585,6.171140837943134,-1.725024590539867,2.68262972282862
2010-04-28,2010,Apr,28,118,SSP585,6.982920701943133,-0.992591630539867,3.4760608264434834
2010-04-29,2010,Apr,29,119,SSP585,4.922953001943133,-0.8247424105398671,7.726584595809061
2010-04-30,2010,Apr,30,120,SSP585,5.215926185943133,-1.264202186539867,5.1384879006842406
2011-04-01,2011,Apr,1,91,SSP585,-0.32614987805686635,-7.373913794539868,2.229240520762975
2011-04-02,2011,Apr,2,92,SSP585,-1.0005985620568663,-7.508193170539867,2.3236966045266283
2011-04-03,2011,Apr,3,93,SSP585,-1.9039325460568663,-7.361706578539867,2.455935121795766
2011-04-04,2011,Apr,4,94,SSP585,-0.8968372260568663,-7.0748370025398675,0.7935080475550799
2011-04-05,2011,Apr,5,95,SSP585,-0.6649001220568663,-7.587540074539867,2.852650673603229
2011-04-06,2011,Apr,6,96,SSP585,0.48562998594313367,-6.275264354539867,2.550391205559482
2011-04-07,2011,Apr,7,97,SSP585,1.2729954179431335,-6.421750946539867,3.0037804076251398
2011-04-08,2011,Apr,8,98,SSP585,2.1610703819431336,-5.960928542539867,2.2481317375156733
2011-04-09,2011,Apr,9,99,SSP585,1.614797465943134,-5.072853578539867,1.889198619213682
2011-04-10,2011,Apr,10,100,SSP585,1.7032997819431335,-4.349576030539867,0.6801607470386507
2011-04-11,2011,Apr,11,101,SSP585,2.713446905943133,-2.729068106539867,2.852650673603229
2011-04-12,2011,Apr,12,102,SSP585,2.869088909943134,-2.8572438745398667,3.0604540578833097
2011-04-13,2011,Apr,13,103,SSP585,2.4021628979431338,-3.159372470539867,3.0415628411306113
2011-04-14,2011,Apr,14,104,SSP585,2.597478353943134,-2.811466814539867,2.30480538777393
2011-04-15,2011,Apr,15,105,SSP585,3.3146522939431335,-2.9487979945398672,4.7417723488768395
2011-04-16,2011,Apr,16,106,SSP585,5.365464581943133,-2.152277150539867,5.327400068211622
2011-04-17,2011,Apr,17,107,SSP585,5.289169481943134,-2.390317862539867,3.173801358399749
2011-04-18,2011,Apr,18,108,SSP585,5.130475673943134,-1.834889534539867,3.2682574421634025
2011-04-19,2011,Apr,19,109,SSP585,4.135587569943134,-1.898977418539867,5.081814250426058
2011-04-20,2011,Apr,20,110,SSP585,4.248504317943134,-2.671083830539867,2.1914580872575034
2011-04-21,2011,Apr,21,111,SSP585,4.571995541943133,-2.176691582539867,2.965997974119656
2011-04-22,2011,Apr,22,112,SSP585,4.868020529943133,-1.694506550539867,2.965997974119656
2011-04-23,2011,Apr,23,113,SSP585,6.0307578539431335,-1.163492654539867,3.1926925751525217
2011-04-24,2011,Apr,24,114,SSP585,6.958506269943133,-0.2204852185398669,1.379135766889854
2011-04-25,2011,Apr,25,115,SSP585,7.230116825943133,0.6065536654601329,4.307274363563892
2011-04-26,2011,Apr,26,116,SSP585,7.175184353943134,-0.22353702253986696,3.91055881175643
2011-04-27,2011,Apr,27,117,SSP585,6.894418385943133,-0.1899671785398669,4.345056797069377
2011-04-28,2011,Apr,28,118,SSP585,7.025645957943134,-0.23574423853986692,4.212818279800239
2011-04-29,2011,Apr,29,119,SSP585,7.193495177943133,-0.7972761745398669,3.5894081269599103
2011-04-30,2011,Apr,30,120,SSP585,7.693991033943133,0.07859157346013301,2.814868240097758
2012-04-01,2012,Apr,1,92,SSP585,-0.8022313020568663,-7.236582614539867,1.98365470297741
2012-04-02,2012,Apr,2,93,SSP585,0.2933663339431336,-6.751345778539867,4.0050148955201585
2012-04-03,2012,Apr,3,94,SSP585,0.6748418339431337,-6.330196826539868,3.136018924894265
2012-04-04,2012,Apr,4,95,SSP585,0.9189861539431339,-5.075905382539867,4.382839230574849
2012-04-05,2012,Apr,5,96,SSP585,1.6697299379431338,-5.115578834539867,2.0970020034938366
2012-04-06,2012,Apr,6,97,SSP585,2.347230425943134,-4.593720350539867,2.078110786741064
2012-04-07,2012,Apr,7,98,SSP585,2.5608567059431335,-4.407560306539867,2.625956072570437
2012-04-08,2012,Apr,8,99,SSP585,2.3808002699431334,-4.062706454539867,3.0415628411306113
2012-04-09,2012,Apr,9,100,SSP585,2.823311849943133,-4.410612110539867,1.4735918506535206
2012-04-10,2012,Apr,10,101,SSP585,2.6096855699431334,-3.9925149625398673,5.459638585480748
2012-04-11,2012,Apr,11,102,SSP585,1.9565995139431338,-3.974204138539867,4.061688545778341
2012-04-12,2012,Apr,12,103,SSP585,1.0319029019431338,-5.933462306539867,1.7380688851918455
2012-04-13,2012,Apr,13,104,SSP585,1.2089075339431339,-5.533675982539867,2.455935121795766
2012-04-14,2012,Apr,14,105,SSP585,3.4428280619431337,-4.264125518539867,3.4760608264434834
2012-04-15,2012,Apr,15,106,SSP585,3.967738349943134,-3.5316925585398673,4.628425048360413
2012-04-16,2012,Apr,16,107,SSP585,3.793785521943134,-3.3150144745398666,3.608299343712683
2012-04-17,2012,Apr,17,108,SSP585,5.026714337943133,-2.939642582539867,3.0415628411306113
2012-04-18,2012,Apr,18,109,SSP585,5.374619993943133,-3.2967036505398672,2.1347844369993205
2012-04-19,2012,Apr,19,110,SSP585,4.904642177943133,-2.500182806539867,2.1536756537520194
2012-04-20,2012,Apr,20,111,SSP585,4.910745785943133,-2.225520446539867,2.68262972282862
2012-04-21,2012,Apr,21,112,SSP585,5.615712509943133,-1.627366862539867,3.5138432599489677
2012-04-22,2012,Apr,22,113,SSP585,5.673696785943133,-1.2703057945398668,4.137253412789284
2012-04-23,2012,Apr,23,114,SSP585,4.910745785943133,-1.3588081105398668,3.230475008657919
2012-04-24,2012,Apr,24,115,SSP585,5.5729872539431335,-1.337445482539867,3.5327344767017403
2012-04-25,2012,Apr,25,116,SSP585,5.527210193943134,-0.9529181785398669,3.7594290777345196
2012-04-26,2012,Apr,26,117,SSP585,6.134519189943133,-1.035316886539867,2.418152688290282
2012-04-27,2012,Apr,27,118,SSP585,6.662481281943133,-0.6263751505398669,4.042797329025568
2012-04-28,2012,Apr,28,119,SSP585,6.543460925943133,-0.6385823665398669,2.550391205559482
2012-04-29,2012,Apr,29,120,SSP585,7.349137181943133,-1.087197554539867,2.4937175553012376
2012-04-30,2012,Apr,30,121,SSP585,9.183271385943133,0.30442506946013315,3.7216466442291223
2013-04-01,2013,Apr,1,91,SSP585,-1.9954866660568662,-7.883565062539867,4.855119649393204
2013-04-02,2013,Apr,2,92,SSP585,-2.334236910056866,-8.112450362539867,3.4760608264434834
2013-04-03,2013,Apr,3,93,SSP585,-2.2579418100568662,-7.734026666539867,5.327400068211622
2013-04-04,2013,Apr,4,94,SSP585,-1.7452387380568664,-7.318981322539867,2.68262972282862
2013-04-05,2013,Apr,5,95,SSP585,-2.2426827900568664,-8.4664596265398675,1.4547006339008095
2013-04-06,2013,Apr,6,96,SSP585,-0.5611387860568663,-7.340343950539867,2.30480538777393
2013-04-07,2013,Apr,7,97,SSP585,0.9830740379431335,-5.963980346539867,3.6460817772181673
2013-04-08,2013,Apr,8,98,SSP585,1.0898871779431338,-5.9212550905398675,4.250600713305723
2013-04-09,2013,Apr,9,99,SSP585,1.3706531459431337,-5.466536294539867,1.7758513186973293
2013-04-10,2013,Apr,10,100,SSP585,2.527286861943134,-4.044395630539867,2.0025459197301085
2013-04-11,2013,Apr,11,101,SSP585,2.991161069943133,-3.043403918539867,5.081814250426058
2013-04-12,2013,Apr,12,102,SSP585,3.690024185943133,-2.713809086539867,3.7783202944872922
2013-04-13,2013,Apr,13,103,SSP585,3.3665329619431335,-3.3546879265398672,3.154910141647038
2013-04-14,2013,Apr,14,104,SSP585,4.233245297943133,-3.046455722539867,3.8161027279927766
2013-04-15,2013,Apr,15,105,SSP585,4.254607925943134,-2.597840534539867,2.2481317375156733
2013-04-16,2013,Apr,16,106,SSP585,3.6534025379431334,-3.400464986539867,3.853885161498248
2013-04-17,2013,Apr,17,107,SSP585,3.406206413943133,-3.7819404865398667,3.872776378250946
2013-04-18,2013,Apr,18,108,SSP585,3.7052832059431333,-3.6629201305398666,1.8514161857082847
2013-04-19,2013,Apr,19,109,SSP585,3.680868773943134,-4.312954382539867,1.964763486224637
2013-04-20,2013,Apr,20,110,SSP585,4.956522845943134,-2.988471446539867,2.2670229542684464
2013-04-21,2013,Apr,21,111,SSP585,6.052120481943134,-2.7748451665398672,1.4924830674062934
2013-04-22,2013,Apr,22,112,SSP585,5.6889558059431335,-1.9264436545398669,2.172566870504718
2013-04-23,2013,Apr,23,113,SSP585,3.9372203099431333,-3.406568594539867,3.0793452746360828
2013-04-24,2013,Apr,24,114,SSP585,3.9982563899431334,-2.198054210539867,3.0604540578833097
2013-04-25,2013,Apr,25,115,SSP585,4.678808681943133,-1.3282900705398668,4.080579762531039
2013-04-26,2013,Apr,26,116,SSP585,6.119260169943133,-1.572434390539867,3.136018924894265
2013-04-27,2013,Apr,27,117,SSP585,6.580082573943134,-0.5409246385398669,4.156144629541995
2013-04-28,2013,Apr,28,118,SSP585,5.933100125943134,-1.703661962539867,2.7015209395813184
2013-04-29,2013,Apr,29,119,SSP585,4.501804049943133,-1.526657330539867,4.28838314681112
2013-04-30,2013,Apr,30,120,SSP585,4.224089885943133,-0.6233233465398669,2.1914580872575034
2014-04-01,2014,Apr,1,91,SSP585,-1.0829972700568664,-7.920186710539867,4.250600713305723
2014-04-02,2014,Apr,2,92,SSP585,-0.42075580205686636,-6.623170010539867,4.269491930058421
2014-04-03,2014,Apr,3,93,SSP585,0.4429047299431337,-5.9761875625398675,3.230475008657919
2014-04-04,2014,Apr,4,94,SSP585,-0.9883913460568663,-6.449217182539867,2.30480538777393
2014-04-05,2014,Apr,5,95,SSP585,-2.2732008300568665,-6.595703774539867,2.5126087720540107
2014-04-06,2014,Apr,6,96,SSP585,-1.4522655540568663,-5.771716694539867,3.0604540578833097
2014-04-07,2014,Apr,7,97,SSP585,-0.17966328605686632,-6.687257894539867,2.059219569988365
2014-04-08,2014,Apr,8,98,SSP585,1.0593691379431338,-5.402448410539867,3.834993944745475
2014-04-09,2014,Apr,9,99,SSP585,2.579167529943134,-4.712740706539867,0.8501816978132598
2014-04-10,2014,Apr,10,100,SSP585,1.2638400059431338,-4.877538122539867,1.133549949104297
2014-04-11,2014,Apr,11,101,SSP585,0.6992562659431336,-4.444181954539867,3.0793452746360828
2014-04-12,2014,Apr,12,102,SSP585,0.3360915899431336,-5.280376250539867,3.5894081269599103
2014-04-13,2014,Apr,13,103,SSP585,1.7002479779431339,-4.962988634539867,3.8916675950037316
2014-04-14,2014,Apr,14,104,SSP585,3.0857669939431336,-4.499114426539867,2.172566870504718
2014-04-15,2014,Apr,15,105,SSP585,4.153898393943133,-3.742267034539867,2.7393033730868024
2014-04-16,2014,Apr,16,106,SSP585,3.7663192859431334,-2.539856258539867,3.6649729939708657
2014-04-17,2014,Apr,17,107,SSP585,3.0735597779431334,-2.921331758539867,2.3614790380321
2014-04-18,2014,Apr,18,108,SSP585,3.2078391539431337,-2.939642582539867,1.2280060328679534
2014-04-19,2014,Apr,19,109,SSP585,3.278030645943134,-2.298763742539867,4.892902082898676
2014-04-20,2014,Apr,20,110,SSP585,3.6015218699431335,-2.674135634539867,4.345056797069377
2014-04-21,2014,Apr,21,111,SSP585,3.1315440539431334,-2.442198530539867,4.496186531091275
2014-04-22,2014,Apr,22,112,SSP585,3.342118529943133,-2.561218886539867,2.833759456850531
2014-04-23,2014,Apr,23,113,SSP585,4.477389617943134,-1.7097655705398669,1.1146587323515242
2014-04-24,2014,Apr,24,114,SSP585,4.111173137943133,-1.798267886539867,1.98365470297741
2014-04-25,2014,Apr,25,115,SSP585,4.803932645943133,-1.569382586539867,4.156144629541995
2014-04-26,2014,Apr,26,116,SSP585,5.206770773943133,-1.453414034539867,3.1926925751525217
2014-04-27,2014,Apr,27,117,SSP585,6.732672773943133,-2.1370181305398668,1.511374284158992
2014-04-28,2014,Apr,28,118,SSP585,7.455950321943133,-1.306927442539867,3.0037804076251398
2014-04-29,2014,Apr,29,119,SSP585,7.028697761943134,-0.922400138539867,3.306039875668874
2014-04-30,2014,Apr,30,120,SSP585,7.2484276499431335,-1.789112474539867,1.0768762988460479
2015-04-01,2015,Apr,1,91,SSP585,1.3920157739431336,-6.565185734539867,1.5491567176644636
2015-04-02,2015,Apr,2,92,SSP585,1.4561036579431337,-5.716784222539867,5.1384879006842406
2015-04-03,2015,Apr,3,93,SSP585,0.5802359099431338,-5.591660258539867,2.625956072570437
2015-04-04,2015,Apr,4,94,SSP585,-0.10947179405686636,-5.658799946539867,2.115893220246548
2015-04-05,2015,Apr,5,95,SSP585,-1.3698668460568664,-6.702516914539867,4.363948013822076
2015-04-06,2015,Apr,6,96,SSP585,-1.3881776700568662,-5.445173666539867,3.324931092421647
2015-04-07,2015,Apr,7,97,SSP585,-0.3871859580568663,-5.344464134539867,3.0415628411306113
2015-04-08,2015,Apr,8,98,SSP585,1.3187724779431338,-3.632402090539867,4.175035846294768
2015-04-09,2015,Apr,9,99,SSP585,0.7633441499431337,-4.584564938539867,2.172566870504718
2015-04-10,2015,Apr,10,100,SSP585,-0.5489315700568663,-5.985342974539868,4.118362196036511
2015-04-11,2015,Apr,11,101,SSP585,0.5436142619431337,-5.341412330539867,4.874010866145977
2015-04-12,2015,Apr,12,102,SSP585,2.829415457943133,-3.113595410539867,5.289617634706139
2015-04-13,2015,Apr,13,103,SSP585,4.593358169943134,-2.3964214705398668,5.686333186513615
2015-04-14,2015,Apr,14,104,SSP585,4.596409973943134,-2.304867350539867,2.909324323861473
2015-04-15,2015,Apr,15,105,SSP585,4.2942813779431335,-3.046455722539867,3.457169609690785
2015-04-16,2015,Apr,16,106,SSP585,4.349213849943133,-2.017997774539867,3.324931092421647
2015-04-17,2015,Apr,17,107,SSP585,3.3604293539431334,-1.218425126539867,4.118362196036511
2015-04-18,2015,Apr,18,108,SSP585,2.9606430299431334,-2.442198530539867,1.5491567176644636
2015-04-19,2015,Apr,19,109,SSP585,3.3634811579431334,-2.298763742539867,2.531499988806709
2015-04-20,2015,Apr,20,110,SSP585,4.626928013943133,-0.13503470653986693,3.4949520431962564
2015-04-21,2015,Apr,21,111,SSP585,5.679800393943133,0.38377197346013303,5.06292303367336
2015-04-22,2015,Apr,22,112,SSP585,6.143674601943133,0.6859005694601332,2.569282422312193
2015-04-23,2015,Apr,23,113,SSP585,5.426500661943133,-0.9742808065398669,2.7015209395813184
2015-04-24,2015,Apr,24,114,SSP585,5.115216653943134,-0.8277942145398669,3.154910141647038
2015-04-25,2015,Apr,25,115,SSP585,5.795768945943133,-0.2479514545398669,4.250600713305723
2015-04-26,2015,Apr,26,116,SSP585,6.912729209943134,-0.41885247853986707,2.6448472893231485
2015-04-27,2015,Apr,27,117,SSP585,6.0338096579431335,-1.383222542539867,2.7015209395813184
2015-04-28,2015,Apr,28,118,SSP585,5.768302709943134,-2.204157818539867,2.909324323861473
2015-04-29,2015,Apr,29,119,SSP585,5.9758253819431335,-1.673143922539867,3.5327344767017403
2015-04-30,2015,Apr,30,120,SSP585,6.940195445943134,-0.589753502539867,3.38160474267983
2016-04-01,2016,Apr,1,92,SSP585,-1.5407678700568663,-7.672990586539867,1.9080898359664549
2016-04-02,2016,Apr,2,93,SSP585,0.16824236994313368,-6.583496558539867,2.078110786741064
2016-04-03,2016,Apr,3,94,SSP585,0.8732090939431336,-4.679170862539867,3.4760608264434834
2016-04-04,2016,Apr,4,95,SSP585,1.1173534139431338,-5.646592730539867,3.1926925751525217
2016-04-05,2016,Apr,5,96,SSP585,-0.1125235980568664,-6.751345778539867,3.136018924894265
2016-04-06,2016,Apr,6,97,SSP585,0.5619250859431337,-6.195917450539867,4.118362196036511
2016-04-07,2016,Apr,7,98,SSP585,0.1621387619431336,-6.818485466539867,4.458404097585803
2016-04-08,2016,Apr,8,99,SSP585,0.5466660659431337,-5.551986806539867,4.382839230574849
2016-04-09,2016,Apr,9,100,SSP585,0.7419815219431338,-5.411603822539867,3.608299343712683
2016-04-10,2016,Apr,10,101,SSP585,0.20791582194313363,-4.984351262539867,6.6308940241503755
2016-04-11,2016,Apr,11,102,SSP585,0.7297743059431336,-5.948721326539867,3.683864210723639
2016-04-12,2016,Apr,12,103,SSP585,2.5639085099431336,-5.075905382539867,3.362713525927131
2016-04-13,2016,Apr,13,104,SSP585,2.4967688219431334,-4.242762890539867,3.551625693454439
2016-04-14,2016,Apr,14,105,SSP585,3.174269309943133,-4.111535318539867,1.7758513186973293
2016-04-15,2016,Apr,15,106,SSP585,3.796837325943134,-2.414732294539867,2.474826338548539
2016-04-16,2016,Apr,16,107,SSP585,4.404146321943133,-2.954901602539867,2.4937175553012376
2016-04-17,2016,Apr,17,108,SSP585,5.521106585943134,-3.2051495305398667,3.230475008657919
2016-04-18,2016,Apr,18,109,SSP585,5.5150029779431335,-2.201106014539867,3.154910141647038
2016-04-19,2016,Apr,19,110,SSP585,5.704214825943134,-1.9264436545398669,3.306039875668874
2016-04-20,2016,Apr,20,111,SSP585,5.4509150939431334,-1.993583342539867,4.855119649393204
2016-04-21,2016,Apr,21,112,SSP585,5.3379983459431335,-1.450362230539867,3.7027554274763492
2016-04-22,2016,Apr,22,113,SSP585,4.968730061943133,-2.829777638539867,4.685098698618595
2016-04-23,2016,Apr,23,114,SSP585,4.477389617943134,-2.448302138539867,2.814868240097758
2016-04-24,2016,Apr,24,115,SSP585,3.561848417943134,-2.173639778539867,1.7191776684390725
2016-04-25,2016,Apr,25,116,SSP585,3.6503507339431334,-2.429991314539867,2.0214371364828936
2016-04-26,2016,Apr,26,117,SSP585,4.846657901943133,-2.4269395105398672,1.2091148161152498
2016-04-27,2016,Apr,27,118,SSP585,6.909677405943134,-0.299832122539867,2.7393033730868024
2016-04-28,2016,Apr,28,119,SSP585,6.003291617943133,-0.07094682253986706,3.0604540578833097
2016-04-29,2016,Apr,29,120,SSP585,6.577030769943134,0.3013732654601331,4.703989915371368
2016-04-30,2016,Apr,30,121,SSP585,7.776389741943133,1.430540745460133,4.175035846294768
2017-04-01,2017,Apr,1,91,SSP585,-0.2956318380568663,-5.902944266539867,2.5126087720540107
2017-04-02,2017,Apr,2,92,SSP585,-0.09421277405686634,-5.957876738539867,3.438278392938074
2017-04-03,2017,Apr,3,93,SSP585,0.6595828139431339,-5.497054334539867,3.154910141647038
2017-04-04,2017,Apr,4,94,SSP585,0.9830740379431335,-4.245814694539867,3.4949520431962564
2017-04-05,2017,Apr,5,95,SSP585,-2.102299806056866,-6.293575178539867,2.550391205559482
2017-04-06,2017,Apr,6,96,SSP585,-1.9527614100568664,-7.145028494539867,2.6637385060759216
2017-04-07,2017,Apr,7,97,SSP585,-0.4665328620568663,-6.937505822539867,1.4358094171480367
2017-04-08,2017,Apr,8,98,SSP585,0.9861258419431336,-5.494002530539867,3.9861236787673855
2017-04-09,2017,Apr,9,99,SSP585,0.8274320339431338,-4.691378078539867,2.6448472893231485
2017-04-10,2017,Apr,10,100,SSP585,0.5008890059431337,-5.265117230539867,4.326165580316604
2017-04-11,2017,Apr,11,101,SSP585,0.5649768899431338,-4.544891486539867,3.6271905604653942
2017-04-12,2017,Apr,12,102,SSP585,1.3706531459431337,-3.9528415105398667,4.911793299651449
2017-04-13,2017,Apr,13,103,SSP585,3.7693710899431334,-3.162424274539867,6.6497852409031495
2017-04-14,2017,Apr,14,104,SSP585,2.246520893943134,-4.602875762539867,4.326165580316604
2017-04-15,2017,Apr,15,105,SSP585,2.582219333943134,-4.187830418539867,3.306039875668874
2017-04-16,2017,Apr,16,106,SSP585,3.8426143859431336,-3.418775810539867,2.229240520762975
2017-04-17,2017,Apr,17,107,SSP585,4.593358169943134,-2.838933050539867,3.438278392938074
2017-04-18,2017,Apr,18,108,SSP585,6.152830013943134,-1.0139542585398669,4.779554782382311
2017-04-19,2017,Apr,19,109,SSP585,5.408189837943134,-1.938650870539867,4.874010866145977
2017-04-20,2017,Apr,20,110,SSP585,4.0074118019431335,-3.0647665465398672,2.210349304010202
2017-04-21,2017,Apr,21,111,SSP585,5.054180573943134,-2.146173542539867,3.249366225410692
2017-04-22,2017,Apr,22,112,SSP585,5.444811485943133,-1.615159646539867,3.0604540578833097
2017-04-23,2017,Apr,23,113,SSP585,5.692007609943134,-0.971229002539867,2.68262972282862
2017-04-24,2017,Apr,24,114,SSP585,6.201658877943133,-1.065834926539867,3.4193871761853014
2017-04-25,2017,Apr,25,115,SSP585,7.388810633943134,0.3410467174601328,1.6058303679226458
2017-04-26,2017,Apr,26,116,SSP585,6.4366477859431335,0.5638284094601331,3.1926925751525217
2017-04-27,2017,Apr,27,117,SSP585,7.117200077943133,1.3267794094601328,2.4370439050430552
2017-04-28,2017,Apr,28,118,SSP585,8.249419361943133,0.36851295346013324,3.4949520431962564
2017-04-29,2017,Apr,29,119,SSP585,8.884194593943134,1.073479677460133,3.1171277081415667
2017-04-30,2017,Apr,30,120,SSP585,9.280929113943133,1.076531481460133,2.1914580872575034
2018-04-01,2018,Apr,1,91,SSP585,-1.5224570460568663,-8.091087734539867,4.0050148955201585
2018-04-02,2018,Apr,2,92,SSP585,-0.36887513405686634,-7.517348582539867,2.172566870504718
2018-04-03,2018,Apr,3,93,SSP585,0.7816549739431335,-5.802234734539867,2.474826338548539
2018-04-04,2018,Apr,4,94,SSP585,-0.10031638205686622,-6.086052506539867,2.7959770233450465
2018-04-05,2018,Apr,5,95,SSP585,-0.06369473405686632,-5.890737050539867,3.5327344767017403
2018-04-06,2018,Apr,6,96,SSP585,-0.005710458056866319,-6.388181102539868,3.853885161498248
2018-04-07,2018,Apr,7,97,SSP585,0.4581637499431337,-5.7411986545398666,5.251835201200667
2018-04-08,2018,Apr,8,98,SSP585,1.065472745943134,-5.820545558539867,2.625956072570437
2018-04-09,2018,Apr,9,99,SSP585,1.0166438819431336,-5.158304090539867,3.2871486589161756
2018-04-10,2018,Apr,10,100,SSP585,1.7002479779431339,-5.655748142539867,2.8904331071087004
2018-04-11,2018,Apr,11,101,SSP585,1.7124551939431336,-6.012809210539867,2.777085806592274
2018-04-12,2018,Apr,12,102,SSP585,1.5201915419431338,-5.536727786539867,2.68262972282862
2018-04-13,2018,Apr,13,103,SSP585,2.463198977943134,-4.593720350539867,2.68262972282862
2018-04-14,2018,Apr,14,104,SSP585,1.3950675779431336,-5.600815670539867,2.2670229542684464
2018-04-15,2018,Apr,15,105,SSP585,3.3085486859431334,-4.373990462539867,4.477295314338503
2018-04-16,2018,Apr,16,106,SSP585,5.649282353943134,-3.171579686539867,6.253069689095686
2018-04-17,2018,Apr,17,107,SSP585,5.777458121943133,-2.274349310539867,6.34752577285934
2018-04-18,2018,Apr,18,108,SSP585,4.132535765943134,-3.5286407545398673,3.457169609690785
2018-04-19,2018,Apr,19,109,SSP585,4.010463605943134,-3.9375824905398673,2.4937175553012376
2018-04-20,2018,Apr,20,110,SSP585,4.709326721943134,-2.494079198539867,2.1914580872575034
2018-04-21,2018,Apr,21,111,SSP585,4.7612073899431335,-1.889822006539867,4.42062166408032
2018-04-22,2018,Apr,22,112,SSP585,3.9891009779431332,-1.789112474539867,3.4004959594326025
2018-04-23,2018,Apr,23,113,SSP585,5.026714337943133,-2.4544057465398668,1.4924830674062934
2018-04-24,2018,Apr,24,114,SSP585,4.626928013943133,-1.715869178539867,2.4370439050430552
2018-04-25,2018,Apr,25,115,SSP585,4.416353537943134,-1.865407574539867,2.965997974119656
2018-04-26,2018,Apr,26,116,SSP585,4.767310997943134,-1.731128198539867,3.249366225410692
2018-04-27,2018,Apr,27,117,SSP585,6.256591349943133,-0.943762766539867,2.9848891908723667
2018-04-28,2018,Apr,28,118,SSP585,6.293212997943133,-1.721972786539867,3.230475008657919
2018-04-29,2018,Apr,29,119,SSP585,6.473269433943133,-1.0139542585398669,2.5126087720540107
2018-04-30,2018,Apr,30,120,SSP585,7.184339765943134,-0.675204014539867,2.9848891908723667
2019-04-01,2019,Apr,1,91,SSP585,-0.44211843005686635,-8.039207066539866,1.6813952349336012
2019-04-02,2019,Apr,2,92,SSP585,0.9983330579431338,-6.055534466539867,2.7393033730868024
2019-04-03,2019,Apr,3,93,SSP585,0.8335356419431339,-5.927358698539868,2.30480538777393
2019-04-04,2019,Apr,4,94,SSP585,2.423525525943134,-3.879598214539867,4.212818279800239
2019-04-05,2019,Apr,5,95,SSP585,2.6707216499431334,-5.613022886539867,3.5138432599489677
2019-04-06,2019,Apr,6,96,SSP585,3.802940933943133,-4.981299458539867,3.438278392938074
2019-04-07,2019,Apr,7,97,SSP585,5.057232377943134,-4.425871130539867,3.0415628411306113
2019-04-08,2019,Apr,8,98,SSP585,4.602513581943134,-4.047447434539867,3.551625693454439
2019-04-09,2019,Apr,9,99,SSP585,4.047085253943133,-4.254970106539867,3.2871486589161756
2019-04-10,2019,Apr,10,100,SSP585,3.0674561699431333,-4.230555674539867,4.175035846294768
2019-04-11,2019,Apr,11,101,SSP585,2.6890324739431337,-3.980307746539867,2.7959770233450465
2019-04-12,2019,Apr,12,102,SSP585,2.0847752819431333,-4.288539950539867,2.550391205559482
2019-04-13,2019,Apr,13,103,SSP585,1.181441297943134,-5.063698166539867,1.889198619213682
2019-04-14,2019,Apr,14,104,SSP585,1.4255856179431337,-4.862279102539867,1.9269810527191658
2019-04-15,2019,Apr,15,105,SSP585,1.8986152379431338,-4.450285562539867,3.0982364913887936
2019-04-16,2019,Apr,16,106,SSP585,3.5832110459431332,-3.537796166539867,2.1347844369993205
2019-04-17,2019,Apr,17,107,SSP585,3.857873405943134,-3.192942314539867,3.0037804076251398
2019-04-18,2019,Apr,18,108,SSP585,4.611668993943134,-2.429991314539867,5.044031816920586
2019-04-19,2019,Apr,19,109,SSP585,4.9351602179431335,-1.902029222539867,2.6637385060759216
2019-04-20,2019,Apr,20,110,SSP585,5.310532109943133,-2.304867350539867,2.852650673603229
2019-04-21,2019,Apr,21,111,SSP585,5.896478477943133,-1.425947798539867,5.214052767695196
2019-04-22,2019,Apr,22,112,SSP585,4.9321084139431335,-2.414732294539867,3.136018924894265
2019-04-23,2019,Apr,23,113,SSP585,4.712378525943134,-2.039360402539867,1.5491567176644636
2019-04-24,2019,Apr,24,114,SSP585,4.398042713943133,-1.529709134539867,2.5126087720540107
2019-04-25,2019,Apr,25,115,SSP585,5.8049243579431336,-1.136026418539867,2.474826338548539
2019-04-26,2019,Apr,26,116,SSP585,5.8018725539431335,-1.728076394539867,1.246897249620729
2019-04-27,2019,Apr,27,117,SSP585,7.321670945943133,-1.6517812945398669,2.814868240097758
2019-04-28,2019,Apr,28,118,SSP585,8.810951297943133,0.5333103694601331,3.230475008657919
2019-04-29,2019,Apr,29,119,SSP585,7.928979941943133,0.2006637334601329,3.9672324620146746
2019-04-30,2019,Apr,30,120,SSP585,7.648213973943134,0.02365910146013306,4.193927063047466
2020-04-01,2020,Apr,1,92,SSP585,1.3676013419431337,-3.833821154539867,2.909324323861473
2020-04-02,2020,Apr,2,93,SSP585,0.9739186259431338,-4.267177322539867,5.044031816920586
2020-04-03,2020,Apr,3,94,SSP585,0.9891776459431336,-4.279384538539867,3.9861236787673855
2020-04-04,2020,Apr,4,95,SSP585,0.058377425943133776,-5.436018254539867,2.8904331071087004
2020-04-05,2020,Apr,5,96,SSP585,-0.23764756205686632,-6.073845290539867,1.1524411658570006
2020-04-06,2020,Apr,6,97,SSP585,1.1448196499431338,-4.764621374539867,2.418152688290282
2020-04-07,2020,Apr,7,98,SSP585,1.7734912739431337,-5.027076518539867,1.0768762988460479
2020-04-08,2020,Apr,8,99,SSP585,1.8406309619431338,-3.6629201305398666,2.947106757366883
2020-04-09,2020,Apr,9,100,SSP585,3.8426143859431336,-1.7097655705398669,2.3992614715375837
2020-04-10,2020,Apr,10,101,SSP585,3.5893146539431333,-2.262142094539867,2.833759456850531
2020-04-11,2020,Apr,11,102,SSP585,2.9759020499431337,-3.925375274539867,2.7393033730868024
2020-04-12,2020,Apr,12,103,SSP585,3.1284922499431334,-2.8572438745398667,3.4193871761853014
2020-04-13,2020,Apr,13,104,SSP585,3.332963117943134,-1.761646238539867,4.685098698618595
2020-04-14,2020,Apr,14,105,SSP585,2.7836383979431334,-2.469664766539867,4.7228811321240665
2020-04-15,2020,Apr,15,106,SSP585,2.4845616059431332,-2.5429080625398672,5.176270334189712
2020-04-16,2020,Apr,16,107,SSP585,1.1844931019431335,-3.342480710539867,5.214052767695196
2020-04-17,2020,Apr,17,108,SSP585,0.9678150179431337,-3.6659719345398667,3.7783202944872922
2020-04-18,2020,Apr,18,109,SSP585,1.0898871779431338,-4.984351262539867,1.8325249689555119
2020-04-19,2020,Apr,19,110,SSP585,2.133604145943134,-4.511321642539867,1.8325249689555119
2020-04-20,2020,Apr,20,111,SSP585,3.9494275259431335,-1.486983878539867,3.91055881175643
2020-04-21,2020,Apr,21,112,SSP585,3.4275690419431335,-1.792164278539867,5.006249383415103
2020-04-22,2020,Apr,22,113,SSP585,2.2251582659431337,-2.964057014539867,2.3992614715375837
2020-04-23,2020,Apr,23,114,SSP585,2.8355190659431333,-3.565262402539867,1.416918200395338
2020-04-24,2020,Apr,24,115,SSP585,4.013515409943134,-2.390317862539867,4.231709496552938
2020-04-25,2020,Apr,25,116,SSP585,5.481433133943133,-0.614167934539867,2.6448472893231485
2020-04-26,2020,Apr,26,117,SSP585,6.851693129943133,0.09079878946013298,3.1926925751525217
2020-04-27,2020,Apr,27,118,SSP585,6.885262973943133,-0.153345530539867,4.156144629541995
2020-04-28,2020,Apr,28,119,SSP585,7.025645957943134,-0.632478758539867,4.42062166408032
2020-04-29,2020,Apr,29,120,SSP585,8.356232501943133,0.5088959374601332,3.7027554274763492
2020-04-30,2020,Apr,30,121,SSP585,7.697042837943133,0.8964750454601329,2.4937175553012376
2021-04-01,2021,Apr,1,91,SSP585,0.8823645059431338,-6.421750946539867,3.1171277081415667
2021-04-02,2021,Apr,2,92,SSP585,1.0959907859431335,-7.5417630145398675,2.474826338548539
2021-04-03,2021,Apr,3,93,SSP585,1.3157206739431337,-5.616074690539867,4.439512880833031
2021-04-04,2021,Apr,4,94,SSP585,0.7511369339431335,-5.487898922539867,2.68262972282862
2021-04-05,2021,Apr,5,95,SSP585,1.1173534139431338,-5.643540926539867,1.4735918506535206
2021-04-06,2021,Apr,6,96,SSP585,2.4296291339431333,-5.466536294539867,1.3980269836425652
2021-04-07,2021,Apr,7,97,SSP585,2.1122415179431338,-4.627290194539867,3.0604540578833097
2021-04-08,2021,Apr,8,98,SSP585,2.2617799139431334,-4.767673178539867,3.306039875668874
2021-04-09,2021,Apr,9,99,SSP585,3.4336726499431336,-3.904012646539867,2.30480538777393
2021-04-10,2021,Apr,10,100,SSP585,2.7866902019431334,-3.9406342945398674,2.550391205559482
2021-04-11,2021,Apr,11,101,SSP585,3.1925801339431334,-3.250926590539867,3.136018924894265
2021-04-12,2021,Apr,12,102,SSP585,3.8181999539431333,-3.5316925585398673,2.814868240097758
2021-04-13,2021,Apr,13,103,SSP585,4.367524673943134,-4.251918302539867,2.909324323861473
2021-04-14,2021,Apr,14,104,SSP585,5.7408364739431335,-3.250926590539867,2.6070648558176646
2021-04-15,2021,Apr,15,105,SSP585,6.430544177943133,-3.235667570539867,2.3425878212794013
2021-04-16,2021,Apr,16,106,SSP585,6.467165825943133,-1.725024590539867,2.418152688290282
2021-04-17,2021,Apr,17,107,SSP585,5.298324893943134,-2.054619422539867,5.2707264179534405
2021-04-18,2021,Apr,18,108,SSP585,4.187468237943134,-2.7748451665398672,3.136018924894265
2021-04-19,2021,Apr,19,109,SSP585,2.9209695779431337,-3.745318838539867,4.0050148955201585
2021-04-20,2021,Apr,20,110,SSP585,4.257659729943134,-2.899969130539867,5.686333186513615
2021-04-21,2021,Apr,21,111,SSP585,4.849709705943133,-2.814518618539867,2.3803702547848853
2021-04-22,2021,Apr,22,112,SSP585,4.044033449943133,-2.292660134539867,2.8904331071087004
2021-04-23,2021,Apr,23,113,SSP585,4.950419237943134,-1.886770202539867,2.625956072570437
2021-04-24,2021,Apr,24,114,SSP585,7.416276869943134,-0.8247424105398671,4.7228811321240665
2021-04-25,2021,Apr,25,115,SSP585,6.763190813943133,-1.3862743465398668,3.0415628411306113
2021-04-26,2021,Apr,26,116,SSP585,5.719473845943133,-0.980384414539867,3.022671624377838
2021-04-27,2021,Apr,27,117,SSP585,5.228133401943134,-1.432051406539867,4.0050148955201585
2021-04-28,2021,Apr,28,118,SSP585,6.812019677943134,-0.458525930539867,5.667441969760841
2021-04-29,2021,Apr,29,119,SSP585,8.157865241943133,-0.022117958539866978,1.7569601019445564
2021-04-30,2021,Apr,30,120,SSP585,7.645162169943134,-0.400541654539867,3.4949520431962564
2022-04-01,2022,Apr,1,91,SSP585,-0.3597197220568664,-4.435026542539867,5.195161550942485
2022-04-02,2022,Apr,2,92,SSP585,-0.3230980740568663,-6.217280078539867,2.3236966045266283
2022-04-03,2022,Apr,3,93,SSP585,-1.2355874700568663,-5.899892462539867,2.758194589839575
2022-04-04,2022,Apr,4,94,SSP585,-1.2172766460568663,-5.796131126539867,5.119596683931529
2022-04-05,2022,Apr,5,95,SSP585,-2.0290565100568663,-6.794071034539868,2.059219569988365
2022-04-06,2022,Apr,6,96,SSP585,-0.5916568260568663,-5.387189390539867,2.210349304010202
2022-04-07,2022,Apr,7,97,SSP585,0.49173359394313376,-4.456389170539867,1.7191776684390725
2022-04-08,2022,Apr,8,98,SSP585,0.6046503419431337,-4.502166230539867,1.530265500911765
2022-04-09,2022,Apr,9,99,SSP585,0.8426910539431336,-4.157312378539867,2.8715418903560015
2022-04-10,2022,Apr,10,100,SSP585,1.2241665539431337,-4.596772154539867,2.059219569988365
2022-04-11,2022,Apr,11,101,SSP585,2.3777484659431334,-3.330273494539867,3.0793452746360828
2022-04-12,2022,Apr,12,102,SSP585,2.887399733943133,-3.5530551865398667,3.7216466442291223
2022-04-13,2022,Apr,13,103,SSP585,3.278030645943134,-3.199045922539867,3.8161027279927766
2022-04-14,2022,Apr,14,104,SSP585,2.5761157259431338,-4.163415986539867,2.1347844369993205
2022-04-15,2022,Apr,15,105,SSP585,5.157941909943133,-2.344540802539867,3.1171277081415667
2022-04-16,2022,Apr,16,106,SSP585,5.981928989943134,-0.904089314539867,2.4370439050430552
2022-04-17,2022,Apr,17,107,SSP585,5.6279197259431335,-1.053627710539867,3.6649729939708657
2022-04-18,2022,Apr,18,108,SSP585,4.535373893943134,-1.548019958539867,2.9282155406141843
2022-04-19,2022,Apr,19,109,SSP585,4.044033449943133,-1.044472298539867,2.965997974119656
2022-04-20,2022,Apr,20,110,SSP585,4.889383157943134,-1.734180002539867,2.2481317375156733
2022-04-21,2022,Apr,21,111,SSP585,5.603505293943133,-2.878606502539867,2.1914580872575034
2022-04-22,2022,Apr,22,112,SSP585,5.643178745943134,-1.587693410539867,4.137253412789284
2022-04-23,2022,Apr,23,113,SSP585,7.074474821943133,0.8506979854601331,2.4937175553012376
2022-04-24,2022,Apr,24,114,SSP585,5.594349881943134,-0.06789501853986701,4.647316265113112
2022-04-25,2022,Apr,25,115,SSP585,6.213866093943134,-0.25100325853986694,4.779554782382311
2022-04-26,2022,Apr,26,116,SSP585,5.8049243579431336,-1.074990338539867,1.889198619213682
2022-04-27,2022,Apr,27,117,SSP585,5.997188009943134,-0.955969982539867,2.947106757366883
2022-04-28,2022,Apr,28,118,SSP585,6.848641325943133,-1.166544458539867,1.7191776684390725
2022-04-29,2022,Apr,29,119,SSP585,7.138562705943134,0.25559620546013284,4.666207481865884
2022-04-30,2022,Apr,30,120,SSP585,8.365387913943133,1.851689697460133,4.061688545778341
2023-04-01,2023,Apr,1,91,SSP585,0.77249956194313385,-4.395353090539867,4.28838314681112
2023-04-02,2023,Apr,2,92,SSP585,-0.8480083620568664,-6.076897094539867,1.530265500911765
2023-04-03,2023,Apr,3,93,SSP585,-1.9802276460568664,-6.592651970539867,2.8715418903560015
2023-04-04,2023,Apr,4,94,SSP585,-0.6313302780568664,-4.792087610539867,2.758194589839575
2023-04-05,2023,Apr,5,95,SSP585,-0.12778261805686641,-4.663911842539867,2.4937175553012376
2023-04-06,2023,Apr,6,96,SSP585,-0.6496411020568663,-4.776828590539867,2.7393033730868024
2023-04-07,2023,Apr,7,97,SSP585,0.9220379579431335,-4.679170862539867,3.4760608264434834
2023-04-08,2023,Apr,8,98,SSP585,1.7032997819431335,-4.013877590539867,3.7972115112400036
2023-04-09,2023,Apr,9,99,SSP585,2.362489445943134,-4.041343826539867,2.30480538777393
2023-04-10,2023,Apr,10,100,SSP585,2.188536617943134,-3.620194874539867,3.834993944745475
2023-04-11,2023,Apr,11,101,SSP585,1.3340314979431336,-4.346524226539867,1.98365470297741
2023-04-12,2023,Apr,12,102,SSP585,1.9504959059431337,-3.745318838539867,2.078110786741064
2023-04-13,2023,Apr,13,103,SSP585,1.3981193819431337,-4.660860038539867,4.7417723488768395
2023-04-14,2023,Apr,14,104,SSP585,2.1091897139431337,-4.401456698539867,1.7569601019445564
2023-04-15,2023,Apr,15,105,SSP585,2.408266505943134,-3.5866250305398673,1.889198619213682
2023-04-16,2023,Apr,16,106,SSP585,2.9759020499431337,-3.6659719345398667,2.115893220246548
2023-04-17,2023,Apr,17,107,SSP585,2.756172161943134,-3.6446093065398673,3.683864210723639
2023-04-18,2023,Apr,18,108,SSP585,1.8345273539431337,-3.736163426539867,1.6058303679226458
2023-04-19,2023,Apr,19,109,SSP585,1.4683108739431339,-3.162424274539867,3.136018924894265
2023-04-20,2023,Apr,20,110,SSP585,2.295349757943134,-3.290600042539867,2.8904331071087004
2023-04-21,2023,Apr,21,111,SSP585,3.809044541943133,-2.619203162539867,2.3992614715375837
2023-04-22,2023,Apr,22,112,SSP585,4.486545029943134,-1.038368690539867,4.42062166408032
2023-04-23,2023,Apr,23,113,SSP585,4.437716165943134,-1.889822006539867,3.3438223091743584
2023-04-24,2023,Apr,24,114,SSP585,5.133527477943133,-2.167536170539867,2.5881736390649657
2023-04-25,2023,Apr,25,115,SSP585,4.959574649943134,-0.443266910539867,3.6649729939708657
2023-04-26,2023,Apr,26,116,SSP585,5.3410501499431335,-0.2052261985398669,4.193927063047466
2023-04-27,2023,Apr,27,117,SSP585,6.195555269943133,0.4448080534601331,4.7228811321240665
2023-04-28,2023,Apr,28,118,SSP585,5.365464581943133,0.6492789214601331,5.214052767695196
2023-04-29,2023,Apr,29,119,SSP585,5.576039057943134,0.051125337460133036,2.059219569988365
2023-04-30,2023,Apr,30,120,SSP585,6.815071481943134,-1.163492654539867,2.3803702547848853
2024-04-01,2024,Apr,1,92,SSP585,-2.1450250620568663,-6.995490098539867,3.7216466442291223
2024-04-02,2024,Apr,2,93,SSP585,-1.5987521460568663,-5.484847118539867,4.685098698618595
2024-04-03,2024,Apr,3,94,SSP585,0.39712766994313364,-5.750354066539867,2.68262972282862
2024-04-04,2024,Apr,4,95,SSP585,0.5771841059431337,-6.333248630539867,0.8879641313187362
2024-04-05,2024,Apr,5,96,SSP585,0.3574542179431337,-6.3240932185398675,3.6460817772181673
2024-04-06,2024,Apr,6,97,SSP585,1.9382886899431335,-5.097268010539867,2.8904331071087004
2024-04-07,2024,Apr,7,98,SSP585,2.945384009943133,-4.727999726539867,1.794742535450028
2024-04-08,2024,Apr,8,99,SSP585,2.7256541219431334,-5.689317986539867,3.834993944745475
2024-04-09,2024,Apr,9,100,SSP585,1.7246624099431338,-4.041343826539867,2.6448472893231485
2024-04-10,2024,Apr,10,101,SSP585,1.2852026339431337,-4.587616742539867,2.4937175553012376
2024-04-11,2024,Apr,11,102,SSP585,1.6086938579431338,-4.602875762539867,2.172566870504718
2024-04-12,2024,Apr,12,103,SSP585,1.6758335459431335,-4.230555674539867,4.137253412789284
2024-04-13,2024,Apr,13,104,SSP585,1.3065652619431336,-4.264125518539867,2.0403283532355925
2024-04-14,2024,Apr,14,105,SSP585,1.3218242819431338,-4.566254114539867,2.7393033730868024
2024-04-15,2024,Apr,15,106,SSP585,2.1702257939431338,-4.154260574539867,4.061688545778341
2024-04-16,2024,Apr,16,107,SSP585,3.3848437859431337,-4.355679638539867,3.683864210723639
2024-04-17,2024,Apr,17,108,SSP585,4.257659729943134,-3.519485342539867,3.5138432599489677
2024-04-18,2024,Apr,18,109,SSP585,5.185408145943134,-3.052559330539867,3.0982364913887936
2024-04-19,2024,Apr,19,110,SSP585,4.892434961943134,-2.014945970539867,3.872776378250946
2024-04-20,2024,Apr,20,111,SSP585,4.733741153943133,-1.609056038539867,4.42062166408032
2024-04-21,2024,Apr,21,112,SSP585,3.9311167019431332,-3.244822982539867,2.5881736390649657
2024-04-22,2024,Apr,22,113,SSP585,5.292221285943134,-2.561218886539867,3.362713525927131
2024-04-23,2024,Apr,23,114,SSP585,5.600453489943133,-2.146173542539867,6.49865550688125
2024-04-24,2024,Apr,24,115,SSP585,5.768302709943134,-1.0109024545398668,6.328634556106642
2024-04-25,2024,Apr,25,116,SSP585,6.241332329943133,-1.660936706539867,6.49865550688125
2024-04-26,2024,Apr,26,117,SSP585,6.171140837943134,-1.822682318539867,4.118362196036511
2024-04-27,2024,Apr,27,118,SSP585,5.5699354499431335,-2.4513539425398667,3.230475008657919
2024-04-28,2024,Apr,28,119,SSP585,5.905633889943133,-1.163492654539867,3.0604540578833097
2024-04-29,2024,Apr,29,120,SSP585,6.131467385943133,-1.694506550539867,5.214052767695196
2024-04-30,2024,Apr,30,121,SSP585,7.047008585943134,-1.483932074539867,3.608299343712683
2025-04-01,2025,Apr,1,91,SSP585,0.2506410779431336,-5.332256918539867,5.724115620019085
2025-04-02,2025,Apr,2,92,SSP585,1.6605745259431337,-4.621186586539867,3.306039875668874
2025-04-03,2025,Apr,3,93,SSP585,1.0990425899431335,-4.856175494539867,1.9269810527191658
2025-04-04,2025,Apr,4,94,SSP585,0.6077021459431338,-4.590668546539867,4.363948013822076
2025-04-05,2025,Apr,5,95,SSP585,1.0624209419431339,-4.975195850539867,2.5126087720540107
2025-04-06,2025,Apr,6,96,SSP585,1.3859121659431335,-3.7270080145398667,3.324931092421647
2025-04-07,2025,Apr,7,97,SSP585,1.0471619219431336,-4.679170862539867,3.38160474267983
2025-04-08,2025,Apr,8,98,SSP585,2.0878270859431334,-3.736163426539867,5.044031816920586
2025-04-09,2025,Apr,9,99,SSP585,2.1488631659431334,-3.974204138539867,3.6271905604653942
2025-04-10,2025,Apr,10,100,SSP585,2.4967688219431334,-2.747378930539867,2.8904331071087004
2025-04-11,2025,Apr,11,101,SSP585,2.7866902019431334,-2.011894166539867,4.590642614854929
2025-04-12,2025,Apr,12,102,SSP585,2.6615662379431333,-1.789112474539867,4.345056797069377
2025-04-13,2025,Apr,13,103,SSP585,0.6809454419431338,-3.653764718539867,3.4193871761853014
2025-04-14,2025,Apr,14,104,SSP585,0.42764570994313367,-3.3729987505398666,2.2859141710211572
2025-04-15,2025,Apr,15,105,SSP585,2.194640225943134,-4.035240218539867,1.8325249689555119
2025-04-16,2025,Apr,16,106,SSP585,2.936228597943133,-3.2600820025398667,3.362713525927131
2025-04-17,2025,Apr,17,107,SSP585,4.492648637943134,-2.167536170539867,5.081814250426058
2025-04-18,2025,Apr,18,108,SSP585,5.7988207499431335,-1.581589802539867,2.2859141710211572
2025-04-19,2025,Apr,19,109,SSP585,5.661489569943133,-1.706713766539867,3.7594290777345196
2025-04-20,2025,Apr,20,110,SSP585,5.188459949943134,-2.005790558539867,2.550391205559482
2025-04-21,2025,Apr,21,111,SSP585,3.979945565943133,-1.294720226539867,4.60953383160764
2025-04-22,2025,Apr,22,112,SSP585,2.652410825943133,-2.051567618539867,3.8916675950037316
2025-04-23,2025,Apr,23,113,SSP585,3.278030645943134,-1.7952160825398669,1.9269810527191658
2025-04-24,2025,Apr,24,114,SSP585,4.810036253943133,-1.227580538539867,1.6247215846754186
2025-04-25,2025,Apr,25,115,SSP585,5.896478477943133,-0.9956434345398669,3.4949520431962564
2025-04-26,2025,Apr,26,116,SSP585,6.250487741943133,-0.662996798539867,4.930684516404147
2025-04-27,2025,Apr,27,117,SSP585,5.811027965943134,-0.7972761745398669,3.9672324620146746
2025-04-28,2025,Apr,28,118,SSP585,6.9005219939431335,-0.5500800505398671,2.833759456850531
2025-04-29,2025,Apr,29,119,SSP585,7.007335133943133,-0.08010223453986698,4.968466949909631
2025-04-30,2025,Apr,30,120,SSP585,6.158933621943134,0.10910961346013281,4.892902082898676
2026-04-01,2026,Apr,1,91,SSP585,-0.3597197220568664,-6.546874910539867,3.324931092421647
2026-04-02,2026,Apr,2,92,SSP585,0.7267225019431336,-6.665895266539867,2.1536756537520194
2026-04-03,2026,Apr,3,93,SSP585,0.5344588499431338,-6.177606626539867,2.8715418903560015
2026-04-04,2026,Apr,4,94,SSP585,-1.2050694300568663,-7.746233882539867,2.0025459197301085
2026-04-05,2026,Apr,5,95,SSP585,-1.1043598980568663,-7.303722302539867,2.9848891908723667
2026-04-06,2026,Apr,6,96,SSP585,0.1316207219431338,-6.028068230539867,5.195161550942485
2026-04-07,2026,Apr,7,97,SSP585,0.6534792059431338,-5.188822130539867,3.0037804076251398
2026-04-08,2026,Apr,8,98,SSP585,-0.8724227940568663,-6.543823106539867,2.1536756537520194
2026-04-09,2026,Apr,9,99,SSP585,-0.11557540205686623,-5.158304090539867,3.0793452746360828
2026-04-10,2026,Apr,10,100,SSP585,1.8711490019431338,-3.327221690539867,4.099470979283812
2026-04-11,2026,Apr,11,101,SSP585,3.0186273059431334,-2.8023114025398668,1.7380688851918455
2026-04-12,2026,Apr,12,102,SSP585,3.4306208459431335,-3.308910866539867,1.8514161857082847
2026-04-13,2026,Apr,13,103,SSP585,1.8986152379431338,-3.9436860985398674,2.2481317375156733
2026-04-14,2026,Apr,14,104,SSP585,1.6666781339431338,-3.015937682539867,3.7216466442291223
2026-04-15,2026,Apr,15,105,SSP585,2.3808002699431334,-2.753482538539867,3.551625693454439
2026-04-16,2026,Apr,16,106,SSP585,3.738853049943134,-1.5052947025398669,2.9848891908723667
2026-04-17,2026,Apr,17,107,SSP585,3.3726365699431335,-2.1644843665398668,3.9672324620146746
2026-04-18,2026,Apr,18,108,SSP585,4.486545029943134,-1.544968154539867,6.479764290128478
2026-04-19,2026,Apr,19,109,SSP585,3.7724228939431335,-1.859303966539867,4.326165580316604
2026-04-20,2026,Apr,20,110,SSP585,3.9463757219431335,-2.933538974539867,3.0982364913887936
2026-04-21,2026,Apr,21,111,SSP585,5.145734693943133,-2.051567618539867,1.794742535450028
2026-04-22,2026,Apr,22,112,SSP585,5.881219457943134,-1.761646238539867,4.28838314681112
2026-04-23,2026,Apr,23,113,SSP585,5.273910461943133,-2.668032026539867,3.9861236787673855
2026-04-24,2026,Apr,24,114,SSP585,5.1091130459431335,-2.118707306539867,4.137253412789284
2026-04-25,2026,Apr,25,115,SSP585,6.561771749943134,-1.194010694539867,2.7015209395813184
2026-04-26,2026,Apr,26,116,SSP585,6.354249077943133,0.04807353346013299,2.6448472893231485
2026-04-27,2026,Apr,27,117,SSP585,6.464114021943134,-0.18386357053986702,2.9848891908723667
2026-04-28,2026,Apr,28,118,SSP585,5.737784669943133,-0.357816398539867,5.025140600167876
2026-04-29,2026,Apr,29,119,SSP585,5.8018725539431335,-0.778965350539867,4.363948013822076
2026-04-30,2026,Apr,30,120,SSP585,5.997188009943134,-0.940710962539867,3.022671624377838
2027-04-01,2027,Apr,1,91,SSP585,-1.4644727700568663,-7.651627958539867,1.6247215846754186
2027-04-02,2027,Apr,2,92,SSP585,-1.6109593620568663,-7.032111746539867,1.7569601019445564
2027-04-03,2027,Apr,3,93,SSP585,-0.5519833740568663,-7.373913794539868,1.964763486224637
2027-04-04,2027,Apr,4,94,SSP585,-0.5031545100568663,-6.2691607465398675,3.4193871761853014
2027-04-05,2027,Apr,5,95,SSP585,-0.4909472940568663,-5.5092615505398665,3.2682574421634025
2027-04-06,2027,Apr,6,96,SSP585,-1.0677382500568662,-6.870366134539867,2.2481317375156733
2027-04-07,2027,Apr,7,97,SSP585,1.5751240139431337,-4.804294826539867,2.814868240097758
2027-04-08,2027,Apr,8,98,SSP585,1.1844931019431335,-4.657808234539867,2.418152688290282
2027-04-09,2027,Apr,9,99,SSP585,0.5314070459431337,-5.689317986539867,3.5327344767017403
2027-04-10,2027,Apr,10,100,SSP585,0.7206188939431335,-4.920263378539867,4.590642614854929
2027-04-11,2027,Apr,11,101,SSP585,1.8009575099431336,-4.303798970539867,2.115893220246548
2027-04-12,2027,Apr,12,102,SSP585,2.6218927859431336,-3.571366010539867,3.929450028509203
2027-04-13,2027,Apr,13,103,SSP585,3.574055633943133,-3.1807350985398672,2.0403283532355925
2027-04-14,2027,Apr,14,104,SSP585,3.274978841943134,-2.433043118539867,3.457169609690785
2027-04-15,2027,Apr,15,105,SSP585,2.8660371059431338,-2.585633318539867,3.7027554274763492
2027-04-16,2027,Apr,16,106,SSP585,3.3024450779431334,-2.292660134539867,2.9282155406141843
2027-04-17,2027,Apr,17,107,SSP585,3.519123161943133,-2.924383562539867,2.569282422312193
2027-04-18,2027,Apr,18,108,SSP585,4.190520041943134,-1.883718398539867,3.551625693454439
2027-04-19,2027,Apr,19,109,SSP585,5.008403513943134,-2.045464010539867,2.833759456850531
2027-04-20,2027,Apr,20,110,SSP585,4.8771759419431335,-2.478820178539867,3.324931092421647
2027-04-21,2027,Apr,21,111,SSP585,4.303436789943134,-2.698550066539867,2.7204121563340915
2027-04-22,2027,Apr,22,112,SSP585,3.680868773943134,-3.678179150539867,4.212818279800239
2027-04-23,2027,Apr,23,113,SSP585,3.5313303779431333,-2.933538974539867,3.438278392938074
2027-04-24,2027,Apr,24,114,SSP585,4.083706901943134,-1.917288242539867,3.2682574421634025
2027-04-25,2027,Apr,25,115,SSP585,5.777458121943133,-1.691454746539867,3.929450028509203
2027-04-26,2027,Apr,26,116,SSP585,6.653325869943133,-0.675204014539867,5.724115620019085
2027-04-27,2027,Apr,27,117,SSP585,7.224013217943133,0.6004500574601332,3.9672324620146746
2027-04-28,2027,Apr,28,118,SSP585,5.6889558059431335,-0.19912259053986703,1.9458722694719388
2027-04-29,2027,Apr,29,119,SSP585,5.112164849943134,0.17624930146013296,4.836228432640493
2027-04-30,2027,Apr,30,120,SSP585,6.125363777943133,0.1915083214601332,4.42062166408032
2028-04-01,2028,Apr,1,92,SSP585,0.17129417394313373,-4.905004358539867,3.8916675950037316
2028-04-02,2028,Apr,2,93,SSP585,-0.8541119700568663,-5.216288366539867,3.7216466442291223
2028-04-03,2028,Apr,3,94,SSP585,-0.6710037300568663,-5.9151514825398674,1.4547006339008095
2028-04-04,2028,Apr,4,95,SSP585,0.31167715794313366,-5.057594558539867,1.8703074024609834
2028-04-05,2028,Apr,5,96,SSP585,0.3208325699431336,-4.007773982539867,1.9269810527191658
2028-04-06,2028,Apr,6,97,SSP585,-0.32614987805686635,-4.822605650539867,2.2859141710211572
2028-04-07,2028,Apr,7,98,SSP585,0.7816549739431335,-5.286479858539867,2.3236966045266283
2028-04-08,2028,Apr,8,99,SSP585,0.9647632139431337,-4.074913670539867,4.628425048360413
2028-04-09,2028,Apr,9,100,SSP585,1.6666781339431338,-3.699541778539867,4.023906112272857
2028-04-10,2028,Apr,10,101,SSP585,1.4438964419431335,-3.253978394539867,2.1347844369993205
2028-04-11,2028,Apr,11,102,SSP585,0.6077021459431338,-3.7819404865398667,2.3236966045266283
2028-04-12,2028,Apr,12,103,SSP585,1.1722858859431338,-4.102379906539867,2.68262972282862
2028-04-13,2028,Apr,13,104,SSP585,3.8944950539431336,-2.207209622539867,5.459638585480748
2028-04-14,2028,Apr,14,105,SSP585,3.6137290859431337,-2.869451090539867,2.3236966045266283
2028-04-15,2028,Apr,15,106,SSP585,4.053188861943133,-2.738223518539867,2.30480538777393
2028-04-16,2028,Apr,16,107,SSP585,4.0074118019431335,-2.835881246539867,3.2871486589161756
2028-04-17,2028,Apr,17,108,SSP585,3.8944950539431336,-3.018989486539867,3.7027554274763492
2028-04-18,2028,Apr,18,109,SSP585,4.324799417943133,-2.747378930539867,2.758194589839575
2028-04-19,2028,Apr,19,110,SSP585,4.306488593943134,-2.527649042539867,2.833759456850531
2028-04-20,2028,Apr,20,111,SSP585,4.629979817943133,-2.262142094539867,5.044031816920586
2028-04-21,2028,Apr,21,112,SSP585,5.533313801943134,-1.251994970539867,3.872776378250946
2028-04-22,2028,Apr,22,113,SSP585,4.938212021943134,-1.325238266539867,3.7216466442291223
2028-04-23,2028,Apr,23,114,SSP585,4.803932645943133,-1.2916684225398671,1.98365470297741
2028-04-24,2028,Apr,24,115,SSP585,5.1091130459431335,-0.16555274653986696,3.4004959594326025
2028-04-25,2028,Apr,25,116,SSP585,5.231185205943134,-0.971229002539867,3.2871486589161756
2028-04-26,2028,Apr,26,117,SSP585,6.192503465943133,-0.412748870539867,2.7959770233450465
2028-04-27,2028,Apr,27,118,SSP585,7.230116825943133,0.2739070294601331,2.965997974119656
2028-04-28,2028,Apr,28,119,SSP585,7.513934597943134,0.5729838214601328,2.2859141710211572
2028-04-29,2028,Apr,29,120,SSP585,7.755027113943134,1.4396961574601332,4.94957573315692
2028-04-30,2028,Apr,30,121,SSP585,8.286041009943133,0.4814297014601332,5.195161550942485
2029-04-01,2029,Apr,1,91,SSP585,0.8396392499431335,-5.057594558539867,5.006249383415103
2029-04-02,2029,Apr,2,92,SSP585,-0.32004627005686626,-4.785984002539867,4.552860181349458
2029-04-03,2029,Apr,3,93,SSP585,0.13467252594313361,-5.216288366539867,3.0793452746360828
2029-04-04,2029,Apr,4,94,SSP585,0.2903145299431338,-6.119622350539867,2.947106757366883
2029-04-05,2029,Apr,5,95,SSP585,0.7023080699431337,-5.274272642539867,7.084283226216034
2029-04-06,2029,Apr,6,96,SSP585,0.6931526579431335,-5.542831394539867,2.115893220246548
2029-04-07,2029,Apr,7,97,SSP585,-0.19492230605686633,-4.587616742539867,2.909324323861473
2029-04-08,2029,Apr,8,98,SSP585,-0.6343820820568663,-5.139993266539867,1.794742535450028
2029-04-09,2029,Apr,9,99,SSP585,-0.44822203805686633,-5.185770326539867,3.154910141647038
2029-04-10,2029,Apr,10,100,SSP585,0.8213284259431337,-4.874486318539867,2.6070648558176646
2029-04-11,2029,Apr,11,101,SSP585,1.6910925659431337,-4.273280930539867,3.4193871761853014
2029-04-12,2029,Apr,12,102,SSP585,0.7297743059431336,-3.2417711785398673,1.794742535450028
2029-04-13,2029,Apr,13,103,SSP585,1.6392118979431338,-3.3760505545398667,2.8715418903560015
2029-04-14,2029,Apr,14,104,SSP585,3.284134253943133,-2.848088462539867,2.0403283532355925
2029-04-15,2029,Apr,15,105,SSP585,3.8334589739431335,-3.1502170585398668,3.362713525927131
2029-04-16,2029,Apr,16,106,SSP585,4.318695809943134,-2.228572250539867,1.964763486224637
2029-04-17,2029,Apr,17,107,SSP585,4.706274917943134,-1.380170738539867,3.2871486589161756
2029-04-18,2029,Apr,18,108,SSP585,5.319687521943133,-1.120767398539867,2.569282422312193
2029-04-19,2029,Apr,19,109,SSP585,5.817131573943134,-1.258098578539867,2.3803702547848853
2029-04-20,2029,Apr,20,110,SSP585,6.506839277943134,-1.017006062539867,2.947106757366883
2029-04-21,2029,Apr,21,111,SSP585,7.764182525943134,-1.3282900705398668,1.889198619213682
2029-04-22,2029,Apr,22,112,SSP585,6.357300881943133,-0.806431586539867,6.49865550688125
2029-04-23,2029,Apr,23,113,SSP585,5.811027965943134,-0.5928053065398671,2.777085806592274
2029-04-24,2029,Apr,24,114,SSP585,6.180296249943133,-0.211329806539867,1.8136337522028008
2029-04-25,2029,Apr,25,115,SSP585,7.117200077943133,-1.206217910539867,2.531499988806709
2029-04-26,2029,Apr,26,116,SSP585,7.120251881943133,-1.663988510539867,1.8703074024609834
2029-04-27,2029,Apr,27,117,SSP585,7.190443373943133,-0.8003279785398669,3.306039875668874
2029-04-28,2029,Apr,28,118,SSP585,8.807899493943134,-0.0038071345398669187,2.455935121795766
2029-04-29,2029,Apr,29,119,SSP585,9.375535037943134,0.9544593214601329,3.38160474267983
2029-04-30,2029,Apr,30,120,SSP585,9.454881941943134,1.049065245460133,6.687567674408559
2030-04-01,2030,Apr,1,91,SSP585,0.04617020994313359,-4.847020082539867,4.042797329025568
2030-04-02,2030,Apr,2,92,SSP585,-0.7015217700568663,-5.072853578539867,3.324931092421647
2030-04-03,2030,Apr,3,93,SSP585,-0.43601482205686637,-6.070793486539867,5.9130277875464055
2030-04-04,2030,Apr,4,94,SSP585,0.3482988059431338,-5.417707430539867,2.965997974119656
2030-04-05,2030,Apr,5,95,SSP585,-0.5062063140568663,-6.400388318539867,3.608299343712683
2030-04-06,2030,Apr,6,96,SSP585,-1.1287743300568662,-6.012809210539867,2.210349304010202
2030-04-07,2030,Apr,7,97,SSP585,-0.8083349100568663,-7.825580786539867,2.531499988806709
2030-04-08,2030,Apr,8,98,SSP585,-0.6130194540568663,-7.102303238539867,2.965997974119656
2030-04-09,2030,Apr,9,99,SSP585,1.0166438819431336,-5.933462306539867,3.4004959594326025
2030-04-10,2030,Apr,10,100,SSP585,1.8497863739431335,-4.847020082539867,1.511374284158992
2030-04-11,2030,Apr,11,101,SSP585,3.1223886419431333,-3.482863694539867,2.2481317375156733
2030-04-12,2030,Apr,12,102,SSP585,4.172209217943133,-3.2600820025398667,2.569282422312193
2030-04-13,2030,Apr,13,103,SSP585,3.870080621943133,-2.631410378539867,4.382839230574849
2030-04-14,2030,Apr,14,104,SSP585,3.754112069943133,-2.8602956785398668,3.230475008657919
2030-04-15,2030,Apr,15,105,SSP585,3.805992737943133,-2.668032026539867,2.550391205559482
2030-04-16,2030,Apr,16,106,SSP585,3.693075989943133,-2.115655502539867,3.8916675950037316
2030-04-17,2030,Apr,17,107,SSP585,3.2108909579431337,-2.155328954539867,2.5881736390649657
2030-04-18,2030,Apr,18,108,SSP585,4.025722625943134,-1.837941338539867,2.5126087720540107
2030-04-19,2030,Apr,19,109,SSP585,5.954462753943133,-1.050575906539867,5.384073718469805
2030-04-20,2030,Apr,20,110,SSP585,5.8049243579431336,-0.7545509185398669,2.0025459197301085
2030-04-21,2030,Apr,21,111,SSP585,5.377671797943133,-0.928503746539867,3.438278392938074
2030-04-22,2030,Apr,22,112,SSP585,5.319687521943133,-0.983436218539867,3.7405378609818207
2030-04-23,2030,Apr,23,113,SSP585,5.2189779899431334,-1.3862743465398668,3.9483412452619016
2030-04-24,2030,Apr,24,114,SSP585,4.739844761943133,-1.773853454539867,2.758194589839575
2030-04-25,2030,Apr,25,115,SSP585,4.7612073899431335,-1.398481562539867,2.3425878212794013
2030-04-26,2030,Apr,26,116,SSP585,5.576039057943134,-0.48294036253986694,2.2670229542684464
2030-04-27,2030,Apr,27,117,SSP585,6.674688497943134,-0.4096970665398669,1.8514161857082847
2030-04-28,2030,Apr,28,118,SSP585,6.906625601943134,-1.618211450539867,2.5881736390649657
2030-04-29,2030,Apr,29,119,SSP585,7.803855977943133,-0.10756847053986696,2.1536756537520194
2030-04-30,2030,Apr,30,120,SSP585,8.618687645943133,0.5394139774601332,2.0214371364828936
2031-04-01,2031,Apr,1,91,SSP585,-2.227423770056866,-7.575332858539867,2.758194589839575
2031-04-02,2031,Apr,2,92,SSP585,-1.9954866660568662,-6.7879674265398675,1.1146587323515242
2031-04-03,2031,Apr,3,93,SSP585,-0.2803728180568663,-5.002662086539867,4.042797329025568
2031-04-04,2031,Apr,4,94,SSP585,1.9657549259431335,-3.324169886539867,4.401730447327547
2031-04-05,2031,Apr,5,95,SSP585,0.6565310099431338,-3.772785074539867,2.210349304010202
2031-04-06,2031,Apr,6,96,SSP585,-0.2712174060568664,-5.091164402539867,2.2481317375156733
2031-04-07,2031,Apr,7,97,SSP585,-0.1125235980568664,-4.850071886539867,3.551625693454439
2031-04-08,2031,Apr,8,98,SSP585,0.4673191619431336,-4.770724982539867,3.2682574421634025
2031-04-09,2031,Apr,9,99,SSP585,1.2943580459431339,-4.850071886539867,1.8325249689555119
2031-04-10,2031,Apr,10,100,SSP585,2.8599334979431337,-3.919271666539867,2.6637385060759216
2031-04-11,2031,Apr,11,101,SSP585,3.4306208459431335,-4.578461330539867,2.550391205559482
2031-04-12,2031,Apr,12,102,SSP585,3.7846301099431336,-3.717852602539867,2.059219569988365
2031-04-13,2031,Apr,13,103,SSP585,3.8273553659431334,-3.791095898539867,1.4735918506535206
2031-04-14,2031,Apr,14,104,SSP585,4.343110241943133,-3.794147702539867,2.3425878212794013
2031-04-15,2031,Apr,15,105,SSP585,4.916849393943133,-2.429991314539867,5.195161550942485
2031-04-16,2031,Apr,16,106,SSP585,5.948359145943133,-1.865407574539867,2.210349304010202
2031-04-17,2031,Apr,17,107,SSP585,5.2769622659431334,-2.042412206539867,4.911793299651449
2031-04-18,2031,Apr,18,108,SSP585,4.749000173943133,-1.676195726539867,5.06292303367336
2031-04-19,2031,Apr,19,109,SSP585,6.363404489943133,-0.531769226539867,3.230475008657919
2031-04-20,2031,Apr,20,110,SSP585,7.156873529943134,-0.620271542539867,4.552860181349458
2031-04-21,2031,Apr,21,111,SSP585,7.4834165579431335,-0.656893190539867,4.250600713305723
2031-04-22,2031,Apr,22,112,SSP585,8.090725553943134,-0.12282749053986697,4.458404097585803
2031-04-23,2031,Apr,23,113,SSP585,6.979868897943133,-0.913244726539867,2.909324323861473
2031-04-24,2031,Apr,24,114,SSP585,7.501727381943134,-0.962073590539867,2.550391205559482
2031-04-25,2031,Apr,25,115,SSP585,7.788596957943133,-0.748447310539867,2.9282155406141843
2031-04-26,2031,Apr,26,116,SSP585,8.408113169943134,0.23423357746013296,2.4937175553012376
2031-04-27,2031,Apr,27,117,SSP585,7.190443373943133,-0.46157773453986706,2.2859141710211572
2031-04-28,2031,Apr,28,118,SSP585,6.870003953943133,-0.13503470653986693,2.7393033730868024
2031-04-29,2031,Apr,29,119,SSP585,7.968653393943134,-0.458525930539867,1.5869391511699473
2031-04-30,2031,Apr,30,120,SSP585,8.600376821943133,2.1446628814601327,4.496186531091275
2032-04-01,2032,Apr,1,92,SSP585,-0.6557447100568663,-6.299678786539867,2.3803702547848853
2032-04-02,2032,Apr,2,93,SSP585,-1.6262183820568663,-6.104363330539867,3.9483412452619016
2032-04-03,2032,Apr,3,94,SSP585,-0.6496411020568663,-5.515365158539867,2.9282155406141843
2032-04-04,2032,Apr,4,95,SSP585,-0.17966328605686632,-5.213236562539867,2.852650673603229
2032-04-05,2032,Apr,5,96,SSP585,-0.06064293005686627,-5.094216206539867,4.855119649393204
2032-04-06,2032,Apr,6,97,SSP585,0.7328261099431337,-5.057594558539867,5.1384879006842406
2032-04-07,2032,Apr,7,98,SSP585,2.1061379099431337,-4.435026542539867,4.779554782382311
2032-04-08,2032,Apr,8,99,SSP585,1.5262951499431339,-4.905004358539867,1.700286451686374
2032-04-09,2032,Apr,9,100,SSP585,1.6514191139431336,-4.465544582539867,3.1926925751525217
2032-04-10,2032,Apr,10,101,SSP585,2.5120278419431337,-4.059654650539867,3.5138432599489677
2032-04-11,2032,Apr,11,102,SSP585,2.527286861943134,-4.331265206539867,2.569282422312193
2032-04-12,2032,Apr,12,103,SSP585,2.292297953943134,-3.690386366539867,2.210349304010202
2032-04-13,2032,Apr,13,104,SSP585,1.6361600939431338,-2.6832910465398667,3.38160474267983
2032-04-14,2032,Apr,14,105,SSP585,1.5903830339431335,-3.406568594539867,5.06292303367336
2032-04-15,2032,Apr,15,106,SSP585,1.7551804499431338,-3.1471652545398667,5.006249383415103
2032-04-16,2032,Apr,16,107,SSP585,1.7979057059431336,-3.638505698539867,3.0982364913887936
2032-04-17,2032,Apr,17,108,SSP585,4.327851221943133,-3.400464986539867,2.7959770233450465
2032-04-18,2032,Apr,18,109,SSP585,5.4570187019431335,-1.792164278539867,2.758194589839575
2032-04-19,2032,Apr,19,110,SSP585,5.652334157943134,-0.745395506539867,3.6271905604653942
2032-04-20,2032,Apr,20,111,SSP585,6.717413753943134,-0.357816398539867,3.8161027279927766
2032-04-21,2032,Apr,21,112,SSP585,5.984980793943134,-1.694506550539867,2.210349304010202
2032-04-22,2032,Apr,22,113,SSP585,6.543460925943133,-0.632478758539867,2.7393033730868024
2032-04-23,2032,Apr,23,114,SSP585,5.692007609943134,-0.8155869985398669,3.0793452746360828
2032-04-24,2032,Apr,24,115,SSP585,4.340058437943133,-1.285564814539867,4.023906112272857
2032-04-25,2032,Apr,25,116,SSP585,4.398042713943133,-0.763706330539867,2.8904331071087004
2032-04-26,2032,Apr,26,117,SSP585,5.368516385943133,-0.17165635453986705,4.382839230574849
2032-04-27,2032,Apr,27,118,SSP585,5.011455317943134,0.24644079346013315,2.777085806592274
2032-04-28,2032,Apr,28,119,SSP585,5.3929308179431334,-0.888830294539867,2.0403283532355925
2032-04-29,2032,Apr,29,120,SSP585,5.579090861943134,-0.031273370539866896,1.700286451686374
2032-04-30,2032,Apr,30,121,SSP585,6.696051125943134,-0.168604550539867,3.7216466442291223
2033-04-01,2033,Apr,1,91,SSP585,0.33914339394313364,-5.588608454539867,2.965997974119656
2033-04-02,2033,Apr,2,92,SSP585,0.3055735499431338,-5.573349434539867,5.554094669244477
2033-04-03,2033,Apr,3,93,SSP585,1.0837835699431337,-5.536727786539867,2.210349304010202
2033-04-04,2033,Apr,4,94,SSP585,0.4245939059431336,-5.048439146539867,3.457169609690785
2033-04-05,2033,Apr,5,95,SSP585,0.01260036594313374,-4.480803602539867,4.552860181349458
2033-04-06,2033,Apr,6,96,SSP585,1.7124551939431336,-4.242762890539867,3.4004959594326025
2033-04-07,2033,Apr,7,97,SSP585,3.6472989299431333,-2.640565790539867,3.608299343712683
2033-04-08,2033,Apr,8,98,SSP585,3.915857681943134,-2.478820178539867,1.9080898359664549
2033-04-09,2033,Apr,9,99,SSP585,3.7602156779431333,-2.094292874539867,2.210349304010202
2033-04-10,2033,Apr,10,100,SSP585,4.279022357943133,-3.131906234539867,1.889198619213682
2033-04-11,2033,Apr,11,101,SSP585,5.560780037943133,-2.072930246539867,2.0970020034938366
2033-04-12,2033,Apr,12,102,SSP585,5.6279197259431335,-2.402525078539867,2.2670229542684464
2033-04-13,2033,Apr,13,103,SSP585,6.250487741943133,-1.642625882539867,4.817337215887721
2033-04-14,2033,Apr,14,104,SSP585,6.021602441943133,-1.895925614539867,3.5705169102072114
2033-04-15,2033,Apr,15,105,SSP585,4.806984449943133,-2.390317862539867,3.2871486589161756
2033-04-16,2033,Apr,16,106,SSP585,5.371568189943133,-2.2224686425398668,2.0214371364828936
2033-04-17,2033,Apr,17,107,SSP585,5.923944713943134,-1.694506550539867,3.0604540578833097
2033-04-18,2033,Apr,18,108,SSP585,5.554676429943133,-1.813526906539867,2.758194589839575
2033-04-19,2033,Apr,19,109,SSP585,5.347153757943134,-1.639574078539867,3.022671624377838
2033-04-20,2033,Apr,20,110,SSP585,6.165037229943134,-1.599900626539867,2.852650673603229
2033-04-21,2033,Apr,21,111,SSP585,7.834374017943134,-1.114663790539867,3.173801358399749
2033-04-22,2033,Apr,22,112,SSP585,7.919824529943133,-0.8247424105398671,3.9861236787673855
2033-04-23,2033,Apr,23,113,SSP585,6.253539545943133,-0.8277942145398669,2.8715418903560015
2033-04-24,2033,Apr,24,114,SSP585,5.841546005943133,-1.2458913625398669,3.3438223091743584
2033-04-25,2033,Apr,25,115,SSP585,5.316635717943133,-1.3893261505398669,5.100705467178757
2033-04-26,2033,Apr,26,116,SSP585,5.518054781943134,-1.9264436545398669,2.569282422312193
2033-04-27,2033,Apr,27,117,SSP585,6.433595981943133,-1.096352966539867,3.9861236787673855
2033-04-28,2033,Apr,28,118,SSP585,7.489520165943134,-0.3211947505398669,2.115893220246548
2033-04-29,2033,Apr,29,119,SSP585,7.062267605943134,-0.05873960653986687,2.0214371364828936
2033-04-30,2033,Apr,30,120,SSP585,7.254531257943134,0.5119477414601332,2.4370439050430552
2034-04-01,2034,Apr,1,91,SSP585,3.0674561699431333,-4.700533490539867,3.8916675950037316
2034-04-02,2034,Apr,2,92,SSP585,3.8456661899431337,-4.685274470539867,4.307274363563892
2034-04-03,2034,Apr,3,93,SSP585,3.0125236979431333,-4.901952554539867,5.572985885997187
2034-04-04,2034,Apr,4,94,SSP585,2.194640225943134,-5.143045070539867,3.0982364913887936
2034-04-05,2034,Apr,5,95,SSP585,2.2617799139431334,-4.978247654539867,2.909324323861473
2034-04-06,2034,Apr,6,96,SSP585,2.8935033419431333,-4.090172690539867,2.2481317375156733
2034-04-07,2034,Apr,7,97,SSP585,4.114224941943133,-3.620194874539867,3.7594290777345196
2034-04-08,2034,Apr,8,98,SSP585,3.6472989299431333,-4.425871130539867,1.9269810527191658
2034-04-09,2034,Apr,9,99,SSP585,3.1925801339431334,-5.017921106539867,2.30480538777393
2034-04-10,2034,Apr,10,100,SSP585,3.2597198219431336,-5.204081150539867,2.3236966045266283
2034-04-11,2034,Apr,11,101,SSP585,4.2973331819431335,-3.351636122539867,3.834993944745475
2034-04-12,2034,Apr,12,102,SSP585,3.9311167019431332,-4.111535318539867,3.834993944745475
2034-04-13,2034,Apr,13,103,SSP585,3.9311167019431332,-3.913168058539867,1.4924830674062934
2034-04-14,2034,Apr,14,104,SSP585,5.5119511739431335,-3.189890510539867,2.5126087720540107
2034-04-15,2034,Apr,15,105,SSP585,6.155881817943134,-2.439146726539867,2.455935121795766
2034-04-16,2034,Apr,16,106,SSP585,6.012447029943133,-2.872502894539867,2.2481317375156733
2034-04-17,2034,Apr,17,107,SSP585,5.521106585943134,-2.118707306539867,2.6637385060759216
2034-04-18,2034,Apr,18,108,SSP585,5.621816117943133,-2.436094922539867,0.8879641313187362
2034-04-19,2034,Apr,19,109,SSP585,5.554676429943133,-2.310970958539867,2.7959770233450465
2034-04-20,2034,Apr,20,110,SSP585,4.718482133943134,-3.409620398539867,2.0970020034938366
2034-04-21,2034,Apr,21,111,SSP585,3.9646865459431337,-1.917288242539867,1.4735918506535206
2034-04-22,2034,Apr,22,112,SSP585,4.654394249943134,-1.2458913625398669,5.157379117437014
2034-04-23,2034,Apr,23,113,SSP585,6.161985425943134,0.36851295346013324,4.892902082898676
2034-04-24,2034,Apr,24,114,SSP585,7.0164905459431335,-0.3486609865398669,4.666207481865884
2034-04-25,2034,Apr,25,115,SSP585,7.339981769943133,0.10605780946013321,2.3992614715375837
2034-04-26,2034,Apr,26,116,SSP585,7.095837449943133,0.5088959374601332,4.7228811321240665
2034-04-27,2034,Apr,27,117,SSP585,7.428484085943133,0.8323871614601328,2.7015209395813184
2034-04-28,2034,Apr,28,118,SSP585,6.909677405943134,0.264751617460133,3.38160474267983
2034-04-29,2034,Apr,29,119,SSP585,7.822166801943133,-0.08010223453986698,3.306039875668874
2034-04-30,2034,Apr,30,120,SSP585,8.725500785943133,0.7988173174601332,4.382839230574849
2035-04-01,2035,Apr,1,91,SSP585,1.7399214299431336,-4.477751798539867,4.382839230574849
2035-04-02,2035,Apr,2,92,SSP585,1.4011711859431337,-5.066749970539867,2.758194589839575
2035-04-03,2035,Apr,3,93,SSP585,1.788750293943134,-5.249858210539867,4.817337215887721
2035-04-04,2035,Apr,4,94,SSP585,1.1509232579431339,-6.745242170539867,2.965997974119656
2035-04-05,2035,Apr,5,95,SSP585,1.0532655299431337,-6.3851292985398675,3.1171277081415667
2035-04-06,2035,Apr,6,96,SSP585,1.6117456619431338,-4.499114426539867,5.2707264179534405
2035-04-07,2035,Apr,7,97,SSP585,2.1641221859431337,-3.9589451185398667,4.363948013822076
2035-04-08,2035,Apr,8,98,SSP585,2.3380750139431337,-2.579529710539867,5.2707264179534405
2035-04-09,2035,Apr,9,99,SSP585,3.799889129943134,-2.643617594539867,3.4760608264434834
2035-04-10,2035,Apr,10,100,SSP585,2.4876134099431333,-3.659868326539867,2.68262972282862
2035-04-11,2035,Apr,11,101,SSP585,2.3808002699431334,-3.4126722025398672,2.3236966045266283
2035-04-12,2035,Apr,12,102,SSP585,3.2414089979431333,-3.9009608425398667,1.1713323826097735
2035-04-13,2035,Apr,13,103,SSP585,4.263763337943134,-2.887761914539867,0.5290310130167449
2035-04-14,2035,Apr,14,104,SSP585,4.694067701943133,-1.441206818539867,4.628425048360413
2035-04-15,2035,Apr,15,105,SSP585,4.983989081943133,-1.789112474539867,3.0037804076251398
2035-04-16,2035,Apr,16,106,SSP585,4.431612557943134,-1.721972786539867,3.7027554274763492
2035-04-17,2035,Apr,17,107,SSP585,4.901590373943134,-2.033256794539867,2.4370439050430552
2035-04-18,2035,Apr,18,108,SSP585,4.260711533943134,-2.210261426539867,3.4193871761853014
2035-04-19,2035,Apr,19,109,SSP585,3.397051001943133,-1.0597313185398671,4.080579762531039
2035-04-20,2035,Apr,20,110,SSP585,3.216994565943134,-2.429991314539867,2.2481317375156733
2035-04-21,2035,Apr,21,111,SSP585,3.9921527819431333,-2.713809086539867,3.834993944745475
2035-04-22,2035,Apr,22,112,SSP585,4.214934473943133,-2.320126370539867,3.6460817772181673
2035-04-23,2035,Apr,23,113,SSP585,4.730689349943133,-2.9182799545398668,2.531499988806709
2035-04-24,2035,Apr,24,114,SSP585,6.012447029943133,-0.7545509185398669,1.9458722694719388
2035-04-25,2035,Apr,25,115,SSP585,6.2657467619431335,-0.12893109853986706,3.154910141647038
2035-04-26,2035,Apr,26,116,SSP585,6.424440569943133,1.1528265814601328,4.968466949909631
2035-04-27,2035,Apr,27,117,SSP585,6.433595981943133,0.08164337746013306,3.2682574421634025
2035-04-28,2035,Apr,28,118,SSP585,8.066311121943134,0.04807353346013299,2.078110786741064
2035-04-29,2035,Apr,29,119,SSP585,9.110028089943134,0.32578769746013303,2.3992614715375837
2035-04-30,2035,Apr,30,120,SSP585,9.793632185943133,1.827275265460133,3.872776378250946
2036-04-01,2036,Apr,1,92,SSP585,1.8833562179431336,-4.596772154539867,4.590642614854929
2036-04-02,2036,Apr,2,93,SSP585,2.539494077943134,-4.9294187905398665,2.758194589839575
2036-04-03,2036,Apr,3,94,SSP585,3.455035277943133,-4.068810062539867,2.6637385060759216
2036-04-04,2036,Apr,4,95,SSP585,3.9646865459431337,-3.626298482539867,3.6460817772181673
2036-04-05,2036,Apr,5,96,SSP585,4.144742981943134,-3.464552870539867,3.173801358399749
2036-04-06,2036,Apr,6,97,SSP585,2.2068474419431334,-4.868382710539867,5.384073718469805
2036-04-07,2036,Apr,7,98,SSP585,1.7002479779431339,-4.514373446539867,3.0037804076251398
2036-04-08,2036,Apr,8,99,SSP585,1.9443922979431336,-4.227503870539867,1.5869391511699473
2036-04-09,2036,Apr,9,100,SSP585,3.3146522939431335,-3.302807258539867,2.210349304010202
2036-04-10,2036,Apr,10,101,SSP585,4.504855853943133,-2.964057014539867,3.853885161498248
2036-04-11,2036,Apr,11,102,SSP585,3.8212517579431333,-2.9762642305398668,2.4370439050430552
2036-04-12,2036,Apr,12,103,SSP585,3.6167808899431337,-2.759586146539867,3.457169609690785
2036-04-13,2036,Apr,13,104,SSP585,3.345170333943133,-1.786060670539867,5.044031816920586
2036-04-14,2036,Apr,14,105,SSP585,3.3085486859431334,-1.947806282539867,3.3438223091743584
2036-04-15,2036,Apr,15,106,SSP585,3.921961289943133,-1.541916350539867,3.9483412452619016
2036-04-16,2036,Apr,16,107,SSP585,3.967738349943134,-0.714877466539867,4.874010866145977
2036-04-17,2036,Apr,17,108,SSP585,4.001308193943133,-1.4778284665398669,2.965997974119656
2036-04-18,2036,Apr,18,109,SSP585,4.697119505943133,-1.7952160825398669,3.872776378250946
2036-04-19,2036,Apr,19,110,SSP585,4.428560753943134,-0.5195620105398671,3.91055881175643
2036-04-20,2036,Apr,20,111,SSP585,4.138639373943134,-1.575486194539867,2.777085806592274
2036-04-21,2036,Apr,21,112,SSP585,4.382783693943133,-1.935599066539867,0.7368343972968293
2036-04-22,2036,Apr,22,113,SSP585,4.391939105943133,-1.743335414539867,2.814868240097758
2036-04-23,2036,Apr,23,114,SSP585,4.974833669943133,-1.227580538539867,5.516312235739004
2036-04-24,2036,Apr,24,115,SSP585,5.438707877943133,-0.788120762539867,2.172566870504718
2036-04-25,2036,Apr,25,116,SSP585,7.166028941943134,-0.23269243453986688,2.7204121563340915
2036-04-26,2036,Apr,26,117,SSP585,7.861840253943134,-0.15944913853986686,2.758194589839575
2036-04-27,2036,Apr,27,118,SSP585,8.768226041943134,1.561768317460133,1.9458722694719388
2036-04-28,2036,Apr,28,119,SSP585,10.284972629943134,1.110101325460133,3.0037804076251398
2036-04-29,2036,Apr,29,120,SSP585,11.078441669943134,1.6990994974601332,3.5138432599489677
2036-04-30,2036,Apr,30,121,SSP585,10.919747861943133,1.656374241460133,3.0793452746360828
2037-04-01,2037,Apr,1,91,SSP585,0.5466660659431337,-6.433958162539867,2.6070648558176646
2037-04-02,2037,Apr,2,92,SSP585,1.1661822779431337,-5.188822130539867,4.231709496552938
2037-04-03,2037,Apr,3,93,SSP585,1.7795948819431338,-3.504226322539867,5.157379117437014
2037-04-04,2037,Apr,4,94,SSP585,1.0288510979431338,-3.4737082825398673,3.8161027279927766
2037-04-05,2037,Apr,5,95,SSP585,-0.4177039980568663,-4.282436342539867,2.474826338548539
2037-04-06,2037,Apr,6,96,SSP585,-1.1959140180568664,-4.843968278539867,3.136018924894265
2037-04-07,2037,Apr,7,97,SSP585,-0.5702941980568663,-6.400388318539867,3.0037804076251398
2037-04-08,2037,Apr,8,98,SSP585,1.0593691379431338,-5.298687074539867,2.569282422312193
2037-04-09,2037,Apr,9,99,SSP585,2.9545394219431333,-3.192942314539867,1.98365470297741
2037-04-10,2037,Apr,10,100,SSP585,4.077603293943134,-3.397413182539867,3.2871486589161756
2037-04-11,2037,Apr,11,101,SSP585,3.3299113139431338,-2.597840534539867,4.666207481865884
2037-04-12,2037,Apr,12,102,SSP585,3.4306208459431335,-2.256038486539867,4.0050148955201585
2037-04-13,2037,Apr,13,103,SSP585,4.504855853943133,-2.704653674539867,4.817337215887721
2037-04-14,2037,Apr,14,104,SSP585,5.765250905943134,-1.789112474539867,2.3425878212794013
2037-04-15,2037,Apr,15,105,SSP585,4.733741153943133,-1.779957062539867,3.1926925751525217
2037-04-16,2037,Apr,16,106,SSP585,3.2566680179431335,-1.721972786539867,3.929450028509203
2037-04-17,2037,Apr,17,107,SSP585,3.8395625819431336,-1.993583342539867,2.6070648558176646
2037-04-18,2037,Apr,18,108,SSP585,5.069439593943134,-1.956961694539867,2.8715418903560015
2037-04-19,2037,Apr,19,109,SSP585,6.122311973943133,-1.035316886539867,3.154910141647038
2037-04-20,2037,Apr,20,110,SSP585,6.375611705943133,-1.334393678539867,1.889198619213682
2037-04-21,2037,Apr,21,111,SSP585,7.996119629943134,-0.168604550539867,2.852650673603229
2037-04-22,2037,Apr,22,112,SSP585,7.074474821943133,0.09385059346013302,3.0037804076251398
2037-04-23,2037,Apr,23,113,SSP585,7.141614509943134,-0.4066452625398669,2.852650673603229
2037-04-24,2037,Apr,24,114,SSP585,8.041896689943133,0.49363691746013294,1.1524411658570006
2037-04-25,2037,Apr,25,115,SSP585,9.122235305943134,1.2596397214601331,2.569282422312193
2037-04-26,2037,Apr,26,116,SSP585,10.577945813943133,0.9392003014601331,3.0415628411306113
2037-04-27,2037,Apr,27,117,SSP585,8.838417533943133,0.643175313460133,5.8941365707936955
2037-04-28,2037,Apr,28,118,SSP585,6.625859633943133,-0.17470815853986688,3.4004959594326025
2037-04-29,2037,Apr,29,119,SSP585,7.645162169943134,-0.6935148385398671,3.91055881175643
2037-04-30,2037,Apr,30,120,SSP585,9.937066973943134,1.342038429460133,2.078110786741064
2038-04-01,2038,Apr,1,91,SSP585,2.768379377943133,-3.3546879265398672,3.872776378250946
2038-04-02,2038,Apr,2,92,SSP585,1.8375791579431338,-4.743258746539867,2.2481317375156733
2038-04-03,2038,Apr,3,93,SSP585,1.6941443699431338,-4.999610282539867,3.022671624377838
2038-04-04,2038,Apr,4,94,SSP585,1.239425573943134,-5.213236562539867,3.173801358399749
2038-04-05,2038,Apr,5,95,SSP585,1.6971961739431338,-4.593720350539867,2.6070648558176646
2038-04-06,2038,Apr,6,96,SSP585,2.765327573943133,-4.019981198539867,1.7191776684390725
2038-04-07,2038,Apr,7,97,SSP585,1.8803044139431335,-3.525588950539867,4.60953383160764
2038-04-08,2038,Apr,8,98,SSP585,1.8314755499431337,-3.272289218539867,4.836228432640493
2038-04-09,2038,Apr,9,99,SSP585,0.7175670899431339,-4.883641730539867,1.4547006339008095
2038-04-10,2038,Apr,10,100,SSP585,0.3513506099431336,-4.926366986539867,2.1914580872575034
2038-04-11,2038,Apr,11,101,SSP585,1.9413404939431336,-3.302807258539867,1.9080898359664549
2038-04-12,2038,Apr,12,102,SSP585,3.802940933943133,-2.655824810539867,3.2871486589161756
2038-04-13,2038,Apr,13,103,SSP585,4.800880841943133,-2.903020934539867,5.818571703782739
2038-04-14,2038,Apr,14,104,SSP585,4.376680085943134,-2.353696214539867,2.3614790380321
2038-04-15,2038,Apr,15,105,SSP585,5.612660705943133,-2.643617594539867,3.6649729939708657
2038-04-16,2038,Apr,16,106,SSP585,7.111096469943133,-1.514450114539867,4.156144629541995
2038-04-17,2038,Apr,17,107,SSP585,7.126355489943133,-0.888830294539867,5.64855075300813
2038-04-18,2038,Apr,18,108,SSP585,7.614644129943134,-0.8277942145398669,3.5138432599489677
2038-04-19,2038,Apr,19,109,SSP585,6.830330501943134,-1.615159646539867,2.210349304010202
2038-04-20,2038,Apr,20,110,SSP585,7.117200077943133,-0.254055062539867,2.550391205559482
2038-04-21,2038,Apr,21,111,SSP585,7.373551613943134,-0.818638802539867,3.2682574421634025
2038-04-22,2038,Apr,22,112,SSP585,7.819114997943133,-0.705722054539867,4.647316265113112
2038-04-23,2038,Apr,23,113,SSP585,7.617695933943134,-0.8430532345398669,3.2115837919052206
2038-04-24,2038,Apr,24,114,SSP585,7.587177893943133,0.496688721460133,3.0793452746360828
2038-04-25,2038,Apr,25,115,SSP585,6.659429477943133,0.643175313460133,2.965997974119656
2038-04-26,2038,Apr,26,116,SSP585,7.254531257943134,1.421385333460133,4.137253412789284
2038-04-27,2038,Apr,27,117,SSP585,8.316559049943134,0.7957655134601331,2.1914580872575034
2038-04-28,2038,Apr,28,118,SSP585,8.600376821943133,1.244380701460133,2.059219569988365
2038-04-29,2038,Apr,29,119,SSP585,9.549487865943133,1.6990994974601332,5.157379117437014
2038-04-30,2038,Apr,30,120,SSP585,9.387742253943134,2.4223770454601325,2.833759456850531
2039-04-01,2039,Apr,1,91,SSP585,1.2607882019431338,-4.233607478539867,3.6271905604653942
2039-04-02,2039,Apr,2,92,SSP585,-0.6557447100568663,-4.673067254539867,4.137253412789284
2039-04-03,2039,Apr,3,93,SSP585,-0.4390666260568663,-5.191873934539867,4.892902082898676
2039-04-04,2039,Apr,4,94,SSP585,-0.10031638205686622,-5.933462306539867,4.382839230574849
2039-04-05,2039,Apr,5,95,SSP585,0.7053598739431337,-4.288539950539867,3.4760608264434834
2039-04-06,2039,Apr,6,96,SSP585,-0.7839204780568663,-5.854115402539867,3.438278392938074
2039-04-07,2039,Apr,7,97,SSP585,-0.48484368605686634,-6.122674154539867,2.2859141710211572
2039-04-08,2039,Apr,8,98,SSP585,2.1580185779431336,-4.847020082539867,3.8916675950037316
2039-04-09,2039,Apr,9,99,SSP585,3.174269309943133,-3.2997554545398673,2.30480538777393
2039-04-10,2039,Apr,10,100,SSP585,2.765327573943133,-2.988471446539867,5.195161550942485
2039-04-11,2039,Apr,11,101,SSP585,2.194640225943134,-3.592728638539867,5.006249383415103
2039-04-12,2039,Apr,12,102,SSP585,3.4794497099431334,-2.408628686539867,6.593111590644905
2039-04-13,2039,Apr,13,103,SSP585,5.695059413943134,-2.536804454539867,3.834993944745475
2039-04-14,2039,Apr,14,104,SSP585,5.063335985943134,-1.956961694539867,3.4760608264434834
2039-04-15,2039,Apr,15,105,SSP585,5.536365605943134,-1.834889534539867,5.157379117437014
2039-04-16,2039,Apr,16,106,SSP585,5.524158389943134,-2.1644843665398668,3.7027554274763492
2039-04-17,2039,Apr,17,107,SSP585,6.912729209943134,-1.3618599145398669,2.6448472893231485
2039-04-18,2039,Apr,18,108,SSP585,8.048000297943133,-1.306927442539867,1.2846796831262004
2039-04-19,2039,Apr,19,109,SSP585,8.334869873943134,-1.322186462539867,2.777085806592274
2039-04-20,2039,Apr,20,110,SSP585,8.481356465943133,-0.17775996253986692,2.115893220246548
2039-04-21,2039,Apr,21,111,SSP585,8.051052101943133,0.02976270946013293,5.535203452491703
2039-04-22,2039,Apr,22,112,SSP585,8.420320385943134,0.9147858694601332,1.6625040181809025
2039-04-23,2039,Apr,23,113,SSP585,9.079510049943133,0.060280749460132954,2.0970020034938366
2039-04-24,2039,Apr,24,114,SSP585,8.722448981943133,1.2321734854601332,4.590642614854929
2039-04-25,2039,Apr,25,115,SSP585,8.685827333943134,0.7438848454601332,3.173801358399749
2039-04-26,2039,Apr,26,116,SSP585,9.415208489943133,0.06638435746013305,2.3236966045266283
2039-04-27,2039,Apr,27,117,SSP585,10.761054053943134,1.854741501460133,3.91055881175643
2039-04-28,2039,Apr,28,118,SSP585,10.550479577943133,2.053108761460133,4.552860181349458
2039-04-29,2039,Apr,29,119,SSP585,9.363327821943134,1.3237276054601332,5.9319190042991785
2039-04-30,2039,Apr,30,120,SSP585,9.229048445943134,0.4753260934601331,3.608299343712683
2040-04-01,2040,Apr,1,92,SSP585,2.869088909943134,-4.010825786539867,2.6070648558176646
2040-04-02,2040,Apr,2,93,SSP585,3.5282785739431333,-4.346524226539867,2.7015209395813184
2040-04-03,2040,Apr,3,94,SSP585,1.7338178219431335,-4.056602846539867,4.099470979283812
2040-04-04,2040,Apr,4,95,SSP585,0.6992562659431336,-4.941626006539867,3.0793452746360828
2040-04-05,2040,Apr,5,96,SSP585,1.0502137259431337,-4.782932198539867,4.023906112272857
2040-04-06,2040,Apr,6,97,SSP585,2.292297953943134,-3.5469515785398666,2.569282422312193
2040-04-07,2040,Apr,7,98,SSP585,1.3584459299431335,-4.785984002539867,4.042797329025568
2040-04-08,2040,Apr,8,99,SSP585,-0.11862720605686627,-4.767673178539867,4.0050148955201585
2040-04-09,2040,Apr,9,100,SSP585,1.5873312299431335,-4.505218034539867,4.042797329025568
2040-04-10,2040,Apr,10,101,SSP585,1.7216106059431338,-3.0678183505398673,4.307274363563892
2040-04-11,2040,Apr,11,102,SSP585,1.7551804499431338,-2.475768374539867,3.5327344767017403
2040-04-12,2040,Apr,12,103,SSP585,0.6168575579431337,-3.4370866345398667,2.7959770233450465
2040-04-13,2040,Apr,13,104,SSP585,1.7338178219431335,-2.817570422539867,3.173801358399749
2040-04-14,2040,Apr,14,105,SSP585,3.5008123379431337,-2.893865522539867,3.1926925751525217
2040-04-15,2040,Apr,15,106,SSP585,4.169157413943133,-1.480880270539867,2.5126087720540107
2040-04-16,2040,Apr,16,107,SSP585,3.6625579499431336,-1.606004234539867,4.458404097585803
2040-04-17,2040,Apr,17,108,SSP585,4.184416433943134,-0.925451942539867,4.666207481865884
2040-04-18,2040,Apr,18,109,SSP585,3.3238077059431337,-1.783008866539867,2.5881736390649657
2040-04-19,2040,Apr,19,110,SSP585,4.462130597943133,-1.1268710065398668,2.833759456850531
2040-04-20,2040,Apr,20,111,SSP585,5.606557097943133,-1.020057866539867,2.229240520762975
2040-04-21,2040,Apr,21,112,SSP585,6.448855001943134,-0.504302990539867,2.30480538777393
2040-04-22,2040,Apr,22,113,SSP585,7.431535889943133,-0.016014350539866884,2.1914580872575034
2040-04-23,2040,Apr,23,114,SSP585,7.971705197943134,1.1131531294601331,2.115893220246548
2040-04-24,2040,Apr,24,115,SSP585,5.823235181943134,0.7103150014601332,3.6271905604653942
2040-04-25,2040,Apr,25,116,SSP585,5.469225917943134,-0.2784694945398669,1.6625040181809025
2040-04-26,2040,Apr,26,117,SSP585,5.658437765943133,0.24033718546013305,3.2871486589161756
2040-04-27,2040,Apr,27,118,SSP585,6.964609877943133,0.8049209254601328,3.4760608264434834
2040-04-28,2040,Apr,28,119,SSP585,7.257583061943134,1.9310366014601332,5.06292303367336
2040-04-29,2040,Apr,29,120,SSP585,7.303360121943134,1.6960476934601332,6.49865550688125
2040-04-30,2040,Apr,30,121,SSP585,7.315567337943133,0.237285381460133,1.7758513186973293
2041-04-01,2041,Apr,1,91,SSP585,0.0675328379431337,-5.561142218539867,4.231709496552938
2041-04-02,2041,Apr,2,92,SSP585,1.7032997819431335,-4.026084806539867,3.154910141647038
2041-04-03,2041,Apr,3,93,SSP585,0.5558214779431336,-4.608979370539867,4.099470979283812
2041-04-04,2041,Apr,4,94,SSP585,0.7236706979431335,-5.487898922539867,2.474826338548539
2041-04-05,2041,Apr,5,95,SSP585,2.020687397943134,-5.271220838539867,2.8904331071087004
2041-04-06,2041,Apr,6,96,SSP585,2.8538298899431336,-3.656816522539867,2.6637385060759216
2041-04-07,2041,Apr,7,97,SSP585,3.1803729179431333,-3.290600042539867,2.2859141710211572
2041-04-08,2041,Apr,8,98,SSP585,4.102017725943133,-2.841984854539867,6.271960905848385
2041-04-09,2041,Apr,9,99,SSP585,3.912805877943134,-3.717852602539867,2.455935121795766
2041-04-10,2041,Apr,10,100,SSP585,4.868020529943133,-2.491027394539867,5.308508851458911
2041-04-11,2041,Apr,11,101,SSP585,4.550632913943134,-0.904089314539867,4.590642614854929
2041-04-12,2041,Apr,12,102,SSP585,5.496692153943133,-1.490035682539867,3.7216466442291223
2041-04-13,2041,Apr,13,103,SSP585,5.838494201943133,-2.854192070539867,2.68262972282862
2041-04-14,2041,Apr,14,104,SSP585,5.8629086339431336,-1.914236438539867,3.2115837919052206
2041-04-15,2041,Apr,15,105,SSP585,5.252547833943133,-2.7443271265398668,2.6070648558176646
2041-04-16,2041,Apr,16,106,SSP585,4.834450685943134,-1.566330782539867,2.6637385060759216
2041-04-17,2041,Apr,17,107,SSP585,5.823235181943134,-0.7545509185398669,2.909324323861473
2041-04-18,2041,Apr,18,108,SSP585,4.922953001943133,-1.721972786539867,3.9483412452619016
2041-04-19,2041,Apr,19,109,SSP585,4.639135229943133,-1.8532003585398669,3.8916675950037316
2041-04-20,2041,Apr,20,110,SSP585,5.060284181943134,-1.514450114539867,3.5894081269599103
2041-04-21,2041,Apr,21,111,SSP585,6.329834645943134,-0.8094833905398671,3.0037804076251398
2041-04-22,2041,Apr,22,112,SSP585,7.5932815019431334,-0.4096970665398669,5.610768319502659
2041-04-23,2041,Apr,23,113,SSP585,7.721457269943134,0.814076337460133,5.251835201200667
2041-04-24,2041,Apr,24,114,SSP585,6.329834645943134,-0.30898753453986694,3.929450028509203
2041-04-25,2041,Apr,25,115,SSP585,6.534305513943133,-0.7698099385398669,1.8325249689555119
2041-04-26,2041,Apr,26,116,SSP585,6.918832817943134,1.158930189460133,4.590642614854929
2041-04-27,2041,Apr,27,117,SSP585,6.934091837943134,0.469222485460133,3.362713525927131
2041-04-28,2041,Apr,28,118,SSP585,7.632954953943134,1.0551688534601331,2.947106757366883
2041-04-29,2041,Apr,29,119,SSP585,8.456942033943134,0.19456012546013324,5.327400068211622
2041-04-30,2041,Apr,30,120,SSP585,9.369431429943134,0.5302585654601331,3.457169609690785
2042-04-01,2042,Apr,1,91,SSP585,0.15298334994313367,-5.036231930539867,4.628425048360413
2042-04-02,2042,Apr,2,92,SSP585,-0.4543256460568663,-4.306850774539867,4.118362196036511
2042-04-03,2042,Apr,3,93,SSP585,-0.7381434180568663,-5.4512772745398665,3.5138432599489677
2042-04-04,2042,Apr,4,94,SSP585,-0.5611387860568663,-5.9761875625398675,1.964763486224637
2042-04-05,2042,Apr,5,95,SSP585,0.6382201859431336,-5.436018254539867,2.0214371364828936
2042-04-06,2042,Apr,6,96,SSP585,1.8894598259431337,-3.922323470539867,1.98365470297741
2042-04-07,2042,Apr,7,97,SSP585,1.7582322539431339,-3.754474250539867,6.271960905848385
2042-04-08,2042,Apr,8,98,SSP585,2.0939306939431335,-3.885701822539867,4.874010866145977
2042-04-09,2042,Apr,9,99,SSP585,1.6605745259431337,-4.340420618539867,4.552860181349458
2042-04-10,2042,Apr,10,100,SSP585,3.567952025943134,-4.328213402539867,2.625956072570437
2042-04-11,2042,Apr,11,101,SSP585,5.081646809943133,-3.211253138539867,1.4924830674062934
2042-04-12,2042,Apr,12,102,SSP585,4.349213849943133,-3.101388194539867,3.2871486589161756
2042-04-13,2042,Apr,13,103,SSP585,3.9494275259431335,-2.735171714539867,4.53396896459676
2042-04-14,2042,Apr,14,104,SSP585,3.0674561699431333,-2.841984854539867,3.834993944745475
2042-04-15,2042,Apr,15,105,SSP585,3.1376476619431335,-3.601884050539867,3.1926925751525217
2042-04-16,2042,Apr,16,106,SSP585,3.751060265943133,-3.0678183505398673,2.833759456850531
2042-04-17,2042,Apr,17,107,SSP585,3.4794497099431334,-2.875554698539867,1.2091148161152498
2042-04-18,2042,Apr,18,108,SSP585,4.6421870339431335,-2.228572250539867,4.477295314338503
2042-04-19,2042,Apr,19,109,SSP585,4.227141689943133,-1.999686950539867,3.4193871761853014
2042-04-20,2042,Apr,20,110,SSP585,3.9952045859431333,-1.309979246539867,2.8715418903560015
2042-04-21,2042,Apr,21,111,SSP585,4.260711533943134,-1.819630514539867,4.552860181349458
2042-04-22,2042,Apr,22,112,SSP585,5.728629257943133,-0.986488022539867,2.7204121563340915
2042-04-23,2042,Apr,23,113,SSP585,6.863900345943133,-0.5226138145398669,3.0415628411306113
2042-04-24,2042,Apr,24,114,SSP585,7.968653393943134,-0.601960718539867,4.703989915371368
2042-04-25,2042,Apr,25,115,SSP585,7.391862437943134,0.36240934546013315,4.118362196036511
2042-04-26,2042,Apr,26,116,SSP585,7.870995665943134,0.7744028854601333,4.080579762531039
2042-04-27,2042,Apr,27,117,SSP585,7.852684841943134,1.284054153460133,4.250600713305723
2042-04-28,2042,Apr,28,118,SSP585,8.868935573943133,0.8110245334601329,3.457169609690785
2042-04-29,2042,Apr,29,119,SSP585,10.336853297943133,1.6960476934601332,2.210349304010202
2042-04-30,2042,Apr,30,120,SSP585,9.384690449943134,1.100945913460133,1.530265500911765
2043-04-01,2043,Apr,1,91,SSP585,0.3482988059431338,-3.6049358545398666,5.006249383415103
2043-04-02,2043,Apr,2,92,SSP585,1.1204052179431339,-3.6659719345398667,3.7783202944872922
2043-04-03,2043,Apr,3,93,SSP585,0.2689519019431337,-3.559158794539867,2.5881736390649657
2043-04-04,2043,Apr,4,94,SSP585,0.33303978594313377,-3.873494606539867,2.758194589839575
2043-04-05,2043,Apr,5,95,SSP585,1.4133784019431335,-4.270229126539867,2.9848891908723667
2043-04-06,2043,Apr,6,96,SSP585,2.2861943459431338,-3.9436860985398674,3.7972115112400036
2043-04-07,2043,Apr,7,97,SSP585,3.851769797943134,-2.326229978539867,3.2115837919052206
2043-04-08,2043,Apr,8,98,SSP585,3.8853396419431334,-3.0067822705398672,1.6247215846754186
2043-04-09,2043,Apr,9,99,SSP585,3.970790153943134,-3.833821154539867,3.834993944745475
2043-04-10,2043,Apr,10,100,SSP585,4.431612557943134,-1.929495458539867,5.232943984447968
2043-04-11,2043,Apr,11,101,SSP585,5.304428501943134,-1.520553722539867,5.64855075300813
2043-04-12,2043,Apr,12,102,SSP585,5.1670973219431335,-1.169596262539867,5.421856151975277
2043-04-13,2043,Apr,13,103,SSP585,4.098965921943133,-2.475768374539867,3.306039875668874
2043-04-14,2043,Apr,14,104,SSP585,5.3349465419431334,-1.410688778539867,2.550391205559482
2043-04-15,2043,Apr,15,105,SSP585,6.714361949943134,-1.258098578539867,3.5327344767017403
2043-04-16,2043,Apr,16,106,SSP585,6.845589521943133,-0.009910742539867012,4.212818279800239
2043-04-17,2043,Apr,17,107,SSP585,5.130475673943134,-0.7698099385398669,2.455935121795766
2043-04-18,2043,Apr,18,108,SSP585,6.604497005943133,-1.566330782539867,1.6813952349336012
2043-04-19,2043,Apr,19,109,SSP585,7.526141813943134,-0.586701698539867,2.8904331071087004
2043-04-20,2043,Apr,20,110,SSP585,7.925928137943133,0.5211031534601329,4.175035846294768
2043-04-21,2043,Apr,21,111,SSP585,8.838417533943133,0.37766836546013294,2.6637385060759216
2043-04-22,2043,Apr,22,112,SSP585,7.236220433943133,-0.6355305625398671,4.175035846294768
2043-04-23,2043,Apr,23,113,SSP585,7.190443373943133,-1.715869178539867,1.7758513186973293
2043-04-24,2043,Apr,24,114,SSP585,7.306411925943133,0.25254440146013324,3.4004959594326025
2043-04-25,2043,Apr,25,115,SSP585,7.690939229943133,0.3166322854601329,4.60953383160764
2043-04-26,2043,Apr,26,116,SSP585,7.913720921943133,0.35020212946013296,5.402964935222578
2043-04-27,2043,Apr,27,117,SSP585,8.212797713943134,0.5119477414601332,3.5327344767017403
2043-04-28,2043,Apr,28,118,SSP585,9.763114145943133,0.756092061460133,5.100705467178757
2043-04-29,2043,Apr,29,119,SSP585,10.950265901943133,2.0622641734601332,2.6070648558176646
2043-04-30,2043,Apr,30,120,SSP585,10.053035525943134,1.482421413460133,1.416918200395338
2044-04-01,2044,Apr,1,92,SSP585,0.9189861539431339,-5.927358698539868,3.683864210723639
2044-04-02,2044,Apr,2,93,SSP585,0.47037096594313366,-6.794071034539868,2.4370439050430552
2044-04-03,2044,Apr,3,94,SSP585,1.239425573943134,-5.643540926539867,0.9635289983296891
2044-04-04,2044,Apr,4,95,SSP585,2.1458113619431334,-4.267177322539867,2.9848891908723667
2044-04-05,2044,Apr,5,96,SSP585,2.6615662379431333,-4.550995094539867,3.91055881175643
2044-04-06,2044,Apr,6,97,SSP585,2.994212873943133,-3.498122714539867,4.401730447327547
2044-04-07,2044,Apr,7,98,SSP585,3.0369381299431337,-3.131906234539867,3.136018924894265
2044-04-08,2044,Apr,8,99,SSP585,3.7235940299431336,-3.614091266539867,2.455935121795766
2044-04-09,2044,Apr,9,100,SSP585,3.6015218699431335,-2.7748451665398672,4.930684516404147
2044-04-10,2044,Apr,10,101,SSP585,3.9585829379431337,-3.8399247625398667,2.6448472893231485
2044-04-11,2044,Apr,11,102,SSP585,5.8018725539431335,-4.062706454539867,1.303570899878911
2044-04-12,2044,Apr,12,103,SSP585,5.045025161943133,-2.851140266539867,2.474826338548539
2044-04-13,2044,Apr,13,104,SSP585,5.133527477943133,-1.740283610539867,2.8904331071087004
2044-04-14,2044,Apr,14,105,SSP585,7.095837449943133,-2.268245702539867,2.1347844369993205
2044-04-15,2044,Apr,15,106,SSP585,7.117200077943133,-1.706713766539867,2.833759456850531
2044-04-16,2044,Apr,16,107,SSP585,6.863900345943133,-1.047524102539867,6.479764290128478
2044-04-17,2044,Apr,17,108,SSP585,5.145734693943133,-1.194010694539867,3.91055881175643
2044-04-18,2044,Apr,18,109,SSP585,6.961558073943133,-1.840993142539867,2.625956072570437
2044-04-19,2044,Apr,19,110,SSP585,9.662404613943133,0.7164186094601332,1.7758513186973293
2044-04-20,2044,Apr,20,111,SSP585,8.478304661943133,1.796757225460133,6.970935925699594
2044-04-21,2044,Apr,21,112,SSP585,8.887246397943134,2.4254288494601326,4.28838314681112
2044-04-22,2044,Apr,22,113,SSP585,7.526141813943134,0.1274204374601331,3.9672324620146746
2044-04-23,2044,Apr,23,114,SSP585,7.245375845943133,-1.236735950539867,3.362713525927131
2044-04-24,2044,Apr,24,115,SSP585,8.582065997943133,-0.7850689585398669,2.0403283532355925
2044-04-25,2044,Apr,25,116,SSP585,9.680715437943133,0.15488667346013307,1.0013114318351655
2044-04-26,2044,Apr,26,117,SSP585,8.838417533943133,1.2657433294601332,2.115893220246548
2044-04-27,2044,Apr,27,118,SSP585,8.609532233943133,0.8506979854601331,3.022671624377838
2044-04-28,2044,Apr,28,119,SSP585,10.196470313943134,2.0866786054601327,4.760663565629538
2044-04-29,2044,Apr,29,120,SSP585,8.624791253943133,1.0856868934601331,1.8514161857082847
2044-04-30,2044,Apr,30,121,SSP585,8.814003101943133,0.673693353460133,2.3236966045266283
2045-04-01,2045,Apr,1,91,SSP585,0.4734227699431337,-4.645601018539867,3.0982364913887936
2045-04-02,2045,Apr,2,92,SSP585,1.7826466859431338,-3.711748994539867,3.457169609690785
2045-04-03,2045,Apr,3,93,SSP585,2.2861943459431338,-3.714800798539867,4.382839230574849
2045-04-04,2045,Apr,4,94,SSP585,2.5608567059431335,-3.855183782539867,4.53396896459676
2045-04-05,2045,Apr,5,95,SSP585,2.3258677979431335,-3.302807258539867,6.1019399550737745
2045-04-06,2045,Apr,6,96,SSP585,2.933176793943133,-2.5673224945398667,3.91055881175643
2045-04-07,2045,Apr,7,97,SSP585,2.533390469943134,-3.858235586539867,3.2871486589161756
2045-04-08,2045,Apr,8,98,SSP585,2.646307217943133,-3.244822982539867,3.0415628411306113
2045-04-09,2045,Apr,9,99,SSP585,3.7907337179431337,-2.6832910465398667,5.9130277875464055
2045-04-10,2045,Apr,10,100,SSP585,4.498752245943133,-2.314022762539867,3.608299343712683
2045-04-11,2045,Apr,11,101,SSP585,4.904642177943133,-1.725024590539867,3.7216466442291223
2045-04-12,2045,Apr,12,102,SSP585,5.554676429943133,-1.413740582539867,2.68262972282862
2045-04-13,2045,Apr,13,103,SSP585,5.612660705943133,-1.239787754539867,3.5894081269599103
2045-04-14,2045,Apr,14,104,SSP585,4.697119505943133,-0.9956434345398669,3.608299343712683
2045-04-15,2045,Apr,15,105,SSP585,4.602513581943134,-0.4524223225398669,4.231709496552938
2045-04-16,2045,Apr,16,106,SSP585,3.986049173943133,-0.34560918253986705,2.947106757366883
2045-04-17,2045,Apr,17,107,SSP585,3.104077817943134,-0.730136486539867,4.855119649393204
2045-04-18,2045,Apr,18,108,SSP585,4.0623442739431335,-1.4747766625398668,1.6247215846754186
2045-04-19,2045,Apr,19,109,SSP585,4.715430329943134,-1.309979246539867,2.8904331071087004
2045-04-20,2045,Apr,20,110,SSP585,4.489596833943134,-1.789112474539867,2.4370439050430552
2045-04-21,2045,Apr,21,111,SSP585,5.9758253819431335,-1.3893261505398669,2.0025459197301085
2045-04-22,2045,Apr,22,112,SSP585,7.077526625943133,0.8293353574601332,3.9672324620146746
2045-04-23,2045,Apr,23,113,SSP585,8.484408269943133,2.1934917454601326,4.175035846294768
2045-04-24,2045,Apr,24,114,SSP585,7.733664485943134,0.9086822614601331,3.38160474267983
2045-04-25,2045,Apr,25,115,SSP585,8.377595129943133,1.418333529460133,4.836228432640493
2045-04-26,2045,Apr,26,116,SSP585,8.991007733943134,1.9249329934601331,2.6637385060759216
2045-04-27,2045,Apr,27,117,SSP585,8.334869873943134,1.2596397214601331,2.2859141710211572
2045-04-28,2045,Apr,28,118,SSP585,8.032741277943133,2.175180921460133,4.175035846294768
2045-04-29,2045,Apr,29,119,SSP585,8.685827333943134,2.8954066654601327,4.892902082898676
2045-04-30,2045,Apr,30,120,SSP585,7.385758829943134,2.3155639054601327,3.154910141647038
2046-04-01,2046,Apr,1,91,SSP585,2.4876134099431333,-2.884710110539867,4.477295314338503
2046-04-02,2046,Apr,2,92,SSP585,0.49783720194313363,-4.120690730539867,3.7405378609818207
2046-04-03,2046,Apr,3,93,SSP585,1.239425573943134,-5.216288366539867,2.059219569988365
2046-04-04,2046,Apr,4,94,SSP585,2.7164987099431332,-4.090172690539867,2.6070648558176646
2046-04-05,2046,Apr,5,95,SSP585,1.6270046819431336,-3.852131978539867,3.0793452746360828
2046-04-06,2046,Apr,6,96,SSP585,2.072568065943134,-3.253978394539867,4.628425048360413
2046-04-07,2046,Apr,7,97,SSP585,3.8181999539431333,-1.425947798539867,4.0050148955201585
2046-04-08,2046,Apr,8,98,SSP585,3.2047873499431336,-2.472716570539867,5.629659536255357
2046-04-09,2046,Apr,9,99,SSP585,2.4296291339431333,-3.916219862539867,4.156144629541995
2046-04-10,2046,Apr,10,100,SSP585,2.405214701943134,-2.762637950539867,6.29085212260117
2046-04-11,2046,Apr,11,101,SSP585,1.8375791579431338,-1.877614790539867,3.230475008657919
2046-04-12,2046,Apr,12,102,SSP585,2.136655949943134,-2.176691582539867,3.0604540578833097
2046-04-13,2046,Apr,13,103,SSP585,3.4184136299431334,-1.493087486539867,1.2846796831262004
2046-04-14,2046,Apr,14,104,SSP585,4.770362801943134,-2.259090290539867,3.7216466442291223
2046-04-15,2046,Apr,15,105,SSP585,6.247435937943133,-1.529709134539867,2.0403283532355925
2046-04-16,2046,Apr,16,106,SSP585,6.406129745943134,-0.717929270539867,6.819806191677758
2046-04-17,2046,Apr,17,107,SSP585,4.498752245943133,-1.416792386539867,3.1171277081415667
2046-04-18,2046,Apr,18,108,SSP585,3.046093541943134,-2.060723030539867,3.457169609690785
2046-04-19,2046,Apr,19,109,SSP585,1.3798085579431338,-3.177683294539867,6.612002807397677
2046-04-20,2046,Apr,20,110,SSP585,2.9545394219431333,-1.178751674539867,2.625956072570437
2046-04-21,2046,Apr,21,111,SSP585,3.925013093943133,-1.309979246539867,3.0604540578833097
2046-04-22,2046,Apr,22,112,SSP585,6.0368614619431336,-0.254055062539867,2.0025459197301085
2046-04-23,2046,Apr,23,113,SSP585,6.949350857943134,-0.18081176653986697,2.059219569988365
2046-04-24,2046,Apr,24,114,SSP585,6.796760657943134,-1.0109024545398668,3.7972115112400036
2046-04-25,2046,Apr,25,115,SSP585,7.5963333059431335,0.017555493460132965,7.19763052673246
2046-04-26,2046,Apr,26,116,SSP585,8.310455441943134,1.042961637460133,2.4370439050430552
2046-04-27,2046,Apr,27,117,SSP585,8.673620117943134,2.0256425254601327,2.2859141710211572
2046-04-28,2046,Apr,28,118,SSP585,7.883202881943134,1.070427873460133,3.9672324620146746
2046-04-29,2046,Apr,29,119,SSP585,7.147718117943134,0.15488667346013307,2.115893220246548
2046-04-30,2046,Apr,30,120,SSP585,9.717337085943134,2.056160565460133,2.8715418903560015
2047-04-01,2047,Apr,1,91,SSP585,0.4825781819431336,-4.328213402539867,2.059219569988365
2047-04-02,2047,Apr,2,92,SSP585,1.1081980019431337,-4.843968278539867,3.1926925751525217
2047-04-03,2047,Apr,3,93,SSP585,1.8650453939431337,-4.389249482539867,3.022671624377838
2047-04-04,2047,Apr,4,94,SSP585,2.3167123859431333,-3.284496434539867,4.307274363563892
2047-04-05,2047,Apr,5,95,SSP585,2.4448881539431335,-3.733111622539867,4.212818279800239
2047-04-06,2047,Apr,6,96,SSP585,2.582219333943134,-3.046455722539867,4.137253412789284
2047-04-07,2047,Apr,7,97,SSP585,4.510959461943133,-3.098336390539867,4.137253412789284
2047-04-08,2047,Apr,8,98,SSP585,4.623876209943133,-1.8684593785398669,4.363948013822076
2047-04-09,2047,Apr,9,99,SSP585,2.3960592899431337,-2.8908137185398672,5.214052767695196
2047-04-10,2047,Apr,10,100,SSP585,2.359437641943134,-3.989463158539867,4.7417723488768395
2047-04-11,2047,Apr,11,101,SSP585,2.5730639219431337,-4.294643558539867,1.8325249689555119
2047-04-12,2047,Apr,12,102,SSP585,3.1223886419431333,-2.481871982539867,2.1536756537520194
2047-04-13,2047,Apr,13,103,SSP585,2.927073185943134,-1.804371494539867,1.3602445501370812
2047-04-14,2047,Apr,14,104,SSP585,1.9718585339431336,-2.689394654539867,1.3602445501370812
2047-04-15,2047,Apr,15,105,SSP585,2.9820056579431338,-1.0414204945398668,2.7204121563340915
2047-04-16,2047,Apr,16,106,SSP585,3.448931669943134,-2.042412206539867,3.3438223091743584
2047-04-17,2047,Apr,17,107,SSP585,5.844597809943133,-1.401533366539867,5.3462912849643205
2047-04-18,2047,Apr,18,108,SSP585,6.366456293943133,-0.821690606539867,1.6625040181809025
2047-04-19,2047,Apr,19,109,SSP585,7.037853173943134,-0.702670250539867,0.6423783135331742
2047-04-20,2047,Apr,20,110,SSP585,7.047008585943134,-1.575486194539867,2.0970020034938366
2047-04-21,2047,Apr,21,111,SSP585,8.636998469943133,-0.03737697853986699,3.872776378250946
2047-04-22,2047,Apr,22,112,SSP585,8.682775529943134,0.026710905460133105,3.136018924894265
2047-04-23,2047,Apr,23,113,SSP585,8.139554417943133,0.21592275346013312,2.078110786741064
2047-04-24,2047,Apr,24,114,SSP585,8.048000297943133,-0.17165635453986705,3.683864210723639
2047-04-25,2047,Apr,25,115,SSP585,7.462053929943133,-0.980384414539867,1.6625040181809025
2047-04-26,2047,Apr,26,116,SSP585,8.035793081943133,0.4509116614601332,5.081814250426058
2047-04-27,2047,Apr,27,117,SSP585,6.943247249943134,0.5211031534601329,5.176270334189712
2047-04-28,2047,Apr,28,118,SSP585,7.507830989943134,0.8629052014601328,4.061688545778341
2047-04-29,2047,Apr,29,119,SSP585,8.258574773943133,0.6065536654601329,3.6649729939708657
2047-04-30,2047,Apr,30,120,SSP585,8.569858781943134,0.18235290946013305,2.909324323861473
2048-04-01,2048,Apr,1,92,SSP585,2.3777484659431334,-2.133966326539867,4.137253412789284
2048-04-02,2048,Apr,2,93,SSP585,1.9443922979431336,-3.656816522539867,4.571751398102156
2048-04-03,2048,Apr,3,94,SSP585,2.8355190659431333,-3.708697190539867,3.7783202944872922
2048-04-04,2048,Apr,4,95,SSP585,2.994212873943133,-3.110543606539867,3.683864210723639
2048-04-05,2048,Apr,5,96,SSP585,3.3543257459431333,-2.924383562539867,3.0037804076251398
2048-04-06,2048,Apr,6,97,SSP585,2.4479399579431336,-3.156320666539867,2.9282155406141843
2048-04-07,2048,Apr,7,98,SSP585,2.753120357943134,-2.750430734539867,2.3425878212794013
2048-04-08,2048,Apr,8,99,SSP585,3.223098173943133,-2.549011670539867,2.0970020034938366
2048-04-09,2048,Apr,9,100,SSP585,3.1223886419431333,-2.6283585745398668,4.779554782382311
2048-04-10,2048,Apr,10,101,SSP585,3.2078391539431337,-1.874562986539867,4.118362196036511
2048-04-11,2048,Apr,11,102,SSP585,4.520114873943133,-1.355756306539867,3.9483412452619016
2048-04-12,2048,Apr,12,103,SSP585,4.044033449943133,-1.691454746539867,5.2707264179534405
2048-04-13,2048,Apr,13,104,SSP585,2.7988974179431336,-2.036308598539867,4.779554782382311
2048-04-14,2048,Apr,14,105,SSP585,3.351273941943133,-1.941702674539867,4.439512880833031
2048-04-15,2048,Apr,15,106,SSP585,4.495700441943134,-0.833897822539867,4.760663565629538
2048-04-16,2048,Apr,16,107,SSP585,4.141691177943134,-1.569382586539867,4.269491930058421
2048-04-17,2048,Apr,17,108,SSP585,5.011455317943134,-1.459517642539867,5.251835201200667
2048-04-18,2048,Apr,18,109,SSP585,3.8273553659431334,-1.428999602539867,2.2481317375156733
2048-04-19,2048,Apr,19,110,SSP585,4.712378525943134,-0.687411230539867,4.666207481865884
2048-04-20,2048,Apr,20,111,SSP585,6.754035401943133,-0.2479514545398669,4.571751398102156
2048-04-21,2048,Apr,21,112,SSP585,7.370499809943134,0.4051346014601329,3.4004959594326025
2048-04-22,2048,Apr,22,113,SSP585,8.023585865943133,0.21592275346013312,4.326165580316604
2048-04-23,2048,Apr,23,114,SSP585,8.649205685943134,0.9453039094601332,4.023906112272857
2048-04-24,2048,Apr,24,115,SSP585,8.530185329943134,0.6584343334601332,2.8715418903560015
2048-04-25,2048,Apr,25,116,SSP585,7.870995665943134,0.5058441334601331,3.7594290777345196
2048-04-26,2048,Apr,26,117,SSP585,8.243315753943133,-0.586701698539867,1.416918200395338
2048-04-27,2048,Apr,27,118,SSP585,9.302291741943133,1.6655296534601332,2.909324323861473
2048-04-28,2048,Apr,28,119,SSP585,9.409104881943133,1.912725777460133,4.382839230574849
2048-04-29,2048,Apr,29,120,SSP585,7.687887425943133,1.2718469374601329,8.085517714111052
2048-04-30,2048,Apr,30,121,SSP585,8.185331477943134,1.7021513014601328,4.156144629541995
2049-04-01,2049,Apr,1,91,SSP585,-0.15830065805686622,-5.848011794539867,2.9282155406141843
2049-04-02,2049,Apr,2,92,SSP585,0.4673191619431336,-3.3577397305398673,3.2871486589161756
2049-04-03,2049,Apr,3,93,SSP585,0.6870490499431339,-4.178675006539867,3.38160474267983
2049-04-04,2049,Apr,4,94,SSP585,-0.3017354460568664,-4.544891486539867,2.7015209395813184
2049-04-05,2049,Apr,5,95,SSP585,2.115293321943134,-2.762637950539867,3.6649729939708657
2049-04-06,2049,Apr,6,96,SSP585,2.078671673943134,-3.012885878539867,4.798445999135022
2049-04-07,2049,Apr,7,97,SSP585,0.3879722579431337,-4.865330906539867,5.119596683931529
2049-04-08,2049,Apr,8,98,SSP585,0.5466660659431337,-4.587616742539867,2.2670229542684464
2049-04-09,2049,Apr,9,99,SSP585,0.6382201859431336,-3.870442802539867,2.3614790380321
2049-04-10,2049,Apr,10,100,SSP585,0.4429047299431337,-2.878606502539867,2.7959770233450465
2049-04-11,2049,Apr,11,101,SSP585,1.672781741943134,-3.0678183505398673,3.7216466442291223
2049-04-12,2049,Apr,12,102,SSP585,3.4794497099431334,-1.9111846345398669,2.625956072570437
2049-04-13,2049,Apr,13,103,SSP585,4.7581555859431335,-0.7576027225398669,4.175035846294768
2049-04-14,2049,Apr,14,104,SSP585,5.203718969943133,-1.230632342539867,4.685098698618595
2049-04-15,2049,Apr,15,105,SSP585,5.383775405943133,-1.325238266539867,3.7216466442291223
2049-04-16,2049,Apr,16,106,SSP585,6.418336961943133,-1.172648066539867,1.1713323826097735
2049-04-17,2049,Apr,17,107,SSP585,7.211806001943133,0.13657584946013324,3.91055881175643
2049-04-18,2049,Apr,18,108,SSP585,5.527210193943134,-0.13503470653986693,5.610768319502659
2049-04-19,2049,Apr,19,109,SSP585,4.394990909943133,-1.0139542585398669,4.326165580316604
2049-04-20,2049,Apr,20,110,SSP585,5.2769622659431334,-1.392377954539867,4.231709496552938
2049-04-21,2049,Apr,21,111,SSP585,5.994136205943134,-1.288616618539867,3.683864210723639
2049-04-22,2049,Apr,22,112,SSP585,6.729620969943133,-1.630418666539867,1.303570899878911
2049-04-23,2049,Apr,23,113,SSP585,6.964609877943133,-1.120767398539867,2.3614790380321
2049-04-24,2049,Apr,24,114,SSP585,6.839485913943134,0.6462271174601331,4.7417723488768395
2049-04-25,2049,Apr,25,115,SSP585,6.720465557943134,1.3176239974601331,5.591877102749961
2049-04-26,2049,Apr,26,116,SSP585,3.973841957943134,-0.03737697853986699,3.7972115112400036
2049-04-27,2049,Apr,27,117,SSP585,3.690024185943133,0.08774698546013293,3.551625693454439
2049-04-28,2049,Apr,28,118,SSP585,6.271850369943134,0.1915083214601332,4.42062166408032
2049-04-29,2049,Apr,29,119,SSP585,8.081570141943134,0.9697183414601331,1.5491567176644636
2049-04-30,2049,Apr,30,120,SSP585,8.185331477943134,1.2382770934601328,1.794742535450028
2050-04-01,2050,Apr,1,91,SSP585,-2.1938539260568666,-6.186762038539867,4.061688545778341
2050-04-02,2050,Apr,2,92,SSP585,-0.25290658205686634,-4.959936830539867,6.196396038837442
2050-04-03,2050,Apr,3,93,SSP585,-0.06064293005686627,-3.534744362539867,4.874010866145977
2050-04-04,2050,Apr,4,94,SSP585,-1.0952044860568664,-4.825657454539867,5.402964935222578
2050-04-05,2050,Apr,5,95,SSP585,0.0675328379431337,-5.411603822539867,2.625956072570437
2050-04-06,2050,Apr,6,96,SSP585,2.2160028539431336,-4.557098702539867,2.5126087720540107
2050-04-07,2050,Apr,7,97,SSP585,2.4387845459431334,-3.675127346539867,3.7216466442291223
2050-04-08,2050,Apr,8,98,SSP585,3.857873405943134,-2.143121738539867,4.439512880833031
2050-04-09,2050,Apr,9,99,SSP585,4.437716165943134,-1.856252162539867,4.817337215887721
2050-04-10,2050,Apr,10,100,SSP585,4.773414605943134,-1.807423298539867,3.136018924894265
2050-04-11,2050,Apr,11,101,SSP585,4.2362971019431335,-2.643617594539867,3.683864210723639
2050-04-12,2050,Apr,12,102,SSP585,3.7693710899431334,-3.3729987505398666,2.965997974119656
2050-04-13,2050,Apr,13,103,SSP585,5.087750417943133,-2.317074566539867,3.0037804076251398
2050-04-14,2050,Apr,14,104,SSP585,5.728629257943133,-1.908132830539867,2.1347844369993205
2050-04-15,2050,Apr,15,105,SSP585,7.880151077943134,-1.172648066539867,2.5126087720540107
2050-04-16,2050,Apr,16,106,SSP585,10.663396325943133,0.8262835534601332,3.4004959594326025
2050-04-17,2050,Apr,17,107,SSP585,10.800727505943133,1.9585028374601332,7.953279196841914
2050-04-18,2050,Apr,18,108,SSP585,8.441683013943134,0.026710905460133105,3.7405378609818207
2050-04-19,2050,Apr,19,109,SSP585,7.108044665943133,-0.6691004065398669,1.9080898359664549
2050-04-20,2050,Apr,20,110,SSP585,8.933023457943133,1.0582206574601332,3.551625693454439
2050-04-21,2050,Apr,21,111,SSP585,8.594273213943133,0.496688721460133,6.12083117182656
2050-04-22,2050,Apr,22,112,SSP585,6.3817153139431335,0.11216141746013286,1.964763486224637
2050-04-23,2050,Apr,23,113,SSP585,6.281005781943134,-0.5805980905398669,2.550391205559482
2050-04-24,2050,Apr,24,114,SSP585,8.426423993943134,0.35020212946013296,4.458404097585803
2050-04-25,2050,Apr,25,115,SSP585,7.928979941943133,-0.39138624253986687,2.6448472893231485
2050-04-26,2050,Apr,26,116,SSP585,6.866952149943133,0.13657584946013324,2.777085806592274
2050-04-27,2050,Apr,27,117,SSP585,7.355240789943133,0.035866317460133024,3.9861236787673855
2050-04-28,2050,Apr,28,118,SSP585,8.588169605943133,-0.47683675453986707,1.6813952349336012
2050-04-29,2050,Apr,29,119,SSP585,9.851616461943134,0.8323871614601328,1.7569601019445564
2050-04-30,2050,Apr,30,120,SSP585,10.941110489943133,2.047005153460133,2.965997974119656
2051-04-01,2051,Apr,1,91,SSP585,1.4652590699431338,-4.129846142539867,2.474826338548539
2051-04-02,2051,Apr,2,92,SSP585,2.0542572419431337,-4.181726810539867,2.0970020034938366
2051-04-03,2051,Apr,3,93,SSP585,2.9820056579431338,-3.1502170585398668,4.647316265113112
2051-04-04,2051,Apr,4,94,SSP585,2.243469089943134,-3.7056453865398673,3.173801358399749
2051-04-05,2051,Apr,5,95,SSP585,3.2383571939431333,-2.6588766145398672,3.4949520431962564
2051-04-06,2051,Apr,6,96,SSP585,3.3604293539431334,-2.961005210539867,3.1171277081415667
2051-04-07,2051,Apr,7,97,SSP585,2.582219333943134,-3.449293850539867,3.2682574421634025
2051-04-08,2051,Apr,8,98,SSP585,3.171217505943133,-3.421827614539867,3.5138432599489677
2051-04-09,2051,Apr,9,99,SSP585,5.847649613943133,-1.499191094539867,3.154910141647038
2051-04-10,2051,Apr,10,100,SSP585,6.143674601943133,-1.422895994539867,4.760663565629538
2051-04-11,2051,Apr,11,101,SSP585,6.442751393943134,-2.4544057465398668,3.2115837919052206
2051-04-12,2051,Apr,12,102,SSP585,6.711310145943134,-1.7372318065398669,1.889198619213682
2051-04-13,2051,Apr,13,103,SSP585,6.195555269943133,-1.340497286539867,4.496186531091275
2051-04-14,2051,Apr,14,104,SSP585,6.7845534419431335,-1.453414034539867,4.363948013822076
2051-04-15,2051,Apr,15,105,SSP585,6.741828185943133,-0.22964063053986705,4.458404097585803
2051-04-16,2051,Apr,16,106,SSP585,7.568867069943133,-0.8125351945398669,3.4193871761853014
2051-04-17,2051,Apr,17,107,SSP585,6.891366581943133,0.10300600546013317,4.345056797069377
2051-04-18,2051,Apr,18,108,SSP585,6.277953977943134,-0.516510206539867,3.022671624377838
2051-04-19,2051,Apr,19,109,SSP585,6.363404489943133,-0.531769226539867,1.6436128014281297
2051-04-20,2051,Apr,20,110,SSP585,5.460070505943134,-1.865407574539867,2.474826338548539
2051-04-21,2051,Apr,21,111,SSP585,5.7408364739431335,-1.380170738539867,3.173801358399749
2051-04-22,2051,Apr,22,112,SSP585,6.503787473943134,-0.5409246385398669,3.4949520431962564
2051-04-23,2051,Apr,23,113,SSP585,6.345093665943134,-0.327298358539867,2.909324323861473
2051-04-24,2051,Apr,24,114,SSP585,5.6248679219431335,-1.673143922539867,0.6045958800276978
2051-04-25,2051,Apr,25,115,SSP585,6.873055757943133,-1.197062498539867,2.4370439050430552
2051-04-26,2051,Apr,26,116,SSP585,7.538349029943133,0.26169981346013294,1.0579850820933443
2051-04-27,2051,Apr,27,117,SSP585,7.230116825943133,0.8873196334601332,4.231709496552938
2051-04-28,2051,Apr,28,118,SSP585,9.238203857943134,0.5363621734601332,3.4193871761853014
2051-04-29,2051,Apr,29,119,SSP585,8.487460073943133,1.277950545460133,5.64855075300813
2051-04-30,2051,Apr,30,120,SSP585,8.234160341943133,1.3511938414601332,4.212818279800239
2052-04-01,2052,Apr,1,92,SSP585,2.6646180419431333,-4.950781418539867,6.0074838713101215
2052-04-02,2052,Apr,2,93,SSP585,2.0451018299431336,-4.996558478539867,2.8904331071087004
2052-04-03,2052,Apr,3,94,SSP585,1.8406309619431338,-5.268169034539867,6.215287255590214
2052-04-04,2052,Apr,4,95,SSP585,3.162062093943134,-4.258021910539867,3.3438223091743584
2052-04-05,2052,Apr,5,96,SSP585,4.275970553943133,-5.490950726539867,2.3803702547848853
2052-04-06,2052,Apr,6,97,SSP585,5.8629086339431336,-3.641557502539867,3.5138432599489677
2052-04-07,2052,Apr,7,98,SSP585,5.545521017943133,-2.875554698539867,5.572985885997187
2052-04-08,2052,Apr,8,99,SSP585,4.523166677943133,-4.578461330539867,4.647316265113112
2052-04-09,2052,Apr,9,100,SSP585,4.486545029943134,-3.107491802539867,4.137253412789284
2052-04-10,2052,Apr,10,101,SSP585,4.916849393943133,-1.993583342539867,2.9282155406141843
2052-04-11,2052,Apr,11,102,SSP585,4.465182401943133,-2.506286414539867,3.0793452746360828
2052-04-12,2052,Apr,12,103,SSP585,5.563831841943133,-2.5093382185398667,2.531499988806709
2052-04-13,2052,Apr,13,104,SSP585,4.156950197943133,-2.491027394539867,5.402964935222578
2052-04-14,2052,Apr,14,105,SSP585,4.022670821943134,-2.750430734539867,2.7393033730868024
2052-04-15,2052,Apr,15,106,SSP585,4.4102499299431335,-2.448302138539867,3.362713525927131
2052-04-16,2052,Apr,16,107,SSP585,5.447863289943133,-1.6517812945398669,2.0403283532355925
2052-04-17,2052,Apr,17,108,SSP585,7.172132549943134,-1.065834926539867,3.872776378250946
2052-04-18,2052,Apr,18,109,SSP585,7.050060389943134,-2.170587974539867,2.115893220246548
2052-04-19,2052,Apr,19,110,SSP585,8.011378649943133,-0.27541769053986687,2.852650673603229
2052-04-20,2052,Apr,20,111,SSP585,8.945230673943133,1.1772410134601332,3.5138432599489677
2052-04-21,2052,Apr,21,112,SSP585,9.259566485943134,0.930044889460133,5.818571703782739
2052-04-22,2052,Apr,22,113,SSP585,8.221953125943134,1.0643242654601328,3.834993944745475
2052-04-23,2052,Apr,23,114,SSP585,7.034801369943134,0.37156475746013284,2.6448472893231485
2052-04-24,2052,Apr,24,115,SSP585,6.836434109943134,-0.0892576465398669,5.251835201200667
2052-04-25,2052,Apr,25,116,SSP585,7.999171433943134,0.11521322146013291,2.2670229542684464
2052-04-26,2052,Apr,26,117,SSP585,7.648213973943134,0.10300600546013317,3.249366225410692
2052-04-27,2052,Apr,27,118,SSP585,8.408113169943134,0.9514075174601329,2.7015209395813184
2052-04-28,2052,Apr,28,119,SSP585,9.033732989943134,0.582139233460133,2.1347844369993205
2052-04-29,2052,Apr,29,120,SSP585,8.441683013943134,0.6614861374601329,2.7015209395813184
2052-04-30,2052,Apr,30,121,SSP585,9.345016997943134,1.747928361460133,2.5126087720540107
2053-04-01,2053,Apr,1,91,SSP585,1.4103265979431339,-4.569305918539867,2.7959770233450465
2053-04-02,2053,Apr,2,92,SSP585,2.4021628979431338,-4.462492778539867,2.6070648558176646
2053-04-03,2053,Apr,3,93,SSP585,3.287186057943133,-4.096276298539867,4.080579762531039
2053-04-04,2053,Apr,4,94,SSP585,2.713446905943133,-3.0861291745398667,4.817337215887721
2053-04-05,2053,Apr,5,95,SSP585,2.472354389943134,-2.909124542539867,1.8514161857082847
2053-04-06,2053,Apr,6,96,SSP585,3.2414089979431333,-2.805363206539867,3.7783202944872922
2053-04-07,2053,Apr,7,97,SSP585,3.2627716259431336,-2.121759110539867,4.023906112272857
2053-04-08,2053,Apr,8,98,SSP585,2.756172161943134,-1.584641606539867,4.307274363563892
2053-04-09,2053,Apr,9,99,SSP585,3.1803729179431333,-2.069878442539867,3.0037804076251398
2053-04-10,2053,Apr,10,100,SSP585,3.6411953219431332,-2.262142094539867,2.7015209395813184
2053-04-11,2053,Apr,11,101,SSP585,2.6157891779431335,-3.061714742539867,3.6460817772181673
2053-04-12,2053,Apr,12,102,SSP585,3.2475126059431334,-3.638505698539867,4.061688545778341
2053-04-13,2053,Apr,13,103,SSP585,5.072491397943134,-2.735171714539867,4.212818279800239
2053-04-14,2053,Apr,14,104,SSP585,5.304428501943134,-1.364911718539867,3.457169609690785
2053-04-15,2053,Apr,15,105,SSP585,4.861916921943133,-1.224528734539867,5.3462912849643205
2053-04-16,2053,Apr,16,106,SSP585,6.073483109943133,-0.07705043053986693,4.250600713305723
2053-04-17,2053,Apr,17,107,SSP585,5.8018725539431335,-0.18691537453986706,3.136018924894265
2053-04-18,2053,Apr,18,108,SSP585,6.183348053943133,0.438704445460133,4.836228432640493
2053-04-19,2053,Apr,19,109,SSP585,5.637075137943134,0.18845651746013314,3.5894081269599103
2053-04-20,2053,Apr,20,110,SSP585,6.335938253943134,0.7194704134601329,2.814868240097758
2053-04-21,2053,Apr,21,111,SSP585,6.461062217943134,0.5943464494601332,3.91055881175643
2053-04-22,2053,Apr,22,112,SSP585,7.385758829943134,1.2932095654601332,4.760663565629538
2053-04-23,2053,Apr,23,113,SSP585,7.639058561943134,0.6462271174601331,4.571751398102156
2053-04-24,2053,Apr,24,114,SSP585,7.880151077943134,0.6523307254601332,1.322462116631684
2053-04-25,2053,Apr,25,115,SSP585,8.008326845943133,0.731677629460133,2.4370439050430552
2053-04-26,2053,Apr,26,116,SSP585,7.214857805943133,-0.24489965053986706,3.438278392938074
2053-04-27,2053,Apr,27,117,SSP585,8.292144617943134,-0.12587929453986701,2.909324323861473
2053-04-28,2053,Apr,28,118,SSP585,8.795692277943134,0.8110245334601329,3.7027554274763492
2053-04-29,2053,Apr,29,119,SSP585,9.345016997943134,0.6645379414601329,3.8916675950037316
2053-04-30,2053,Apr,30,120,SSP585,10.544375969943134,2.919821097460133,3.0793452746360828
2054-04-01,2054,Apr,1,91,SSP585,1.8314755499431337,-4.111535318539867,6.6308940241503755
2054-04-02,2054,Apr,2,92,SSP585,3.0979742099431338,-3.446242046539867,5.081814250426058
2054-04-03,2054,Apr,3,93,SSP585,2.405214701943134,-4.605927566539867,1.4358094171480367
2054-04-04,2054,Apr,4,94,SSP585,2.7409131419431336,-3.8765464105398673,2.078110786741064
2054-04-05,2054,Apr,5,95,SSP585,3.9311167019431332,-2.155328954539867,3.230475008657919
2054-04-06,2054,Apr,6,96,SSP585,4.459078793943133,-1.938650870539867,8.349994748649316
2054-04-07,2054,Apr,7,97,SSP585,5.6279197259431335,-1.203166106539867,4.269491930058421
2054-04-08,2054,Apr,8,98,SSP585,4.303436789943134,-3.7025935825398673,4.94957573315692
2054-04-09,2054,Apr,9,99,SSP585,4.834450685943134,-3.015937682539867,2.8904331071087004
2054-04-10,2054,Apr,10,100,SSP585,5.2189779899431334,-2.552063474539867,6.064157521568304
2054-04-11,2054,Apr,11,101,SSP585,5.536365605943134,-2.072930246539867,3.022671624377838
2054-04-12,2054,Apr,12,102,SSP585,4.633031621943133,-2.985419642539867,3.8161027279927766
2054-04-13,2054,Apr,13,103,SSP585,4.730689349943133,-2.634462182539867,4.307274363563892
2054-04-14,2054,Apr,14,104,SSP585,4.169157413943133,-1.1879070865398669,3.1926925751525217
2054-04-15,2054,Apr,15,105,SSP585,5.380723601943133,-1.017006062539867,2.965997974119656
2054-04-16,2054,Apr,16,106,SSP585,5.447863289943133,-0.39138624253986687,3.6271905604653942
2054-04-17,2054,Apr,17,107,SSP585,5.286117677943134,-1.6517812945398669,5.006249383415103
2054-04-18,2054,Apr,18,108,SSP585,6.964609877943133,-0.6233233465398669,5.8941365707936955
2054-04-19,2054,Apr,19,109,SSP585,8.774329649943134,0.814076337460133,3.6460817772181673
2054-04-20,2054,Apr,20,110,SSP585,6.509891081943134,-0.22964063053986705,1.8703074024609834
2054-04-21,2054,Apr,21,111,SSP585,6.296264801943133,0.34409852146013287,4.28838314681112
2054-04-22,2054,Apr,22,112,SSP585,7.327774553943133,0.15488667346013307,3.9483412452619016
2054-04-23,2054,Apr,23,113,SSP585,8.005275041943133,0.7927137094601331,3.5705169102072114
2054-04-24,2054,Apr,24,114,SSP585,9.253462877943134,1.2962613694601328,2.6637385060759216
2054-04-25,2054,Apr,25,115,SSP585,8.948282477943133,1.8150680494601332,3.5138432599489677
2054-04-26,2054,Apr,26,116,SSP585,9.256514681943134,2.230113393460133,5.591877102749961
2054-04-27,2054,Apr,27,117,SSP585,9.259566485943134,1.8181198534601328,3.834993944745475
2054-04-28,2054,Apr,28,118,SSP585,9.030681185943134,2.8282669774601326,6.0263750880628315
2054-04-29,2054,Apr,29,119,SSP585,9.189374993943133,2.0897304094601328,3.1926925751525217
2054-04-30,2054,Apr,30,120,SSP585,7.675680209943133,1.9279847974601332,2.0403283532355925
2055-04-01,2055,Apr,1,91,SSP585,0.7297743059431336,-6.107415134539867,5.232943984447968
2055-04-02,2055,Apr,2,92,SSP585,0.3635578259431338,-5.121682442539867,3.4004959594326025
2055-04-03,2055,Apr,3,93,SSP585,1.6361600939431338,-5.066749970539867,1.6436128014281297
2055-04-04,2055,Apr,4,94,SSP585,1.6636263299431338,-4.154260574539867,3.0604540578833097
2055-04-05,2055,Apr,5,95,SSP585,2.0481536339431337,-3.186838706539867,2.455935121795766
2055-04-06,2055,Apr,6,96,SSP585,3.6595061459431335,-3.141061646539867,5.9885926545573485
2055-04-07,2055,Apr,7,97,SSP585,2.8629853019431337,-4.169519594539867,7.386542694259842
2055-04-08,2055,Apr,8,98,SSP585,1.8772526099431335,-4.038292022539867,3.6649729939708657
2055-04-09,2055,Apr,9,99,SSP585,3.000316481943133,-3.485915498539867,1.190223599362477
2055-04-10,2055,Apr,10,100,SSP585,4.312592201943134,-2.704653674539867,2.3425878212794013
2055-04-11,2055,Apr,11,101,SSP585,3.8822878379431334,-1.676195726539867,3.551625693454439
2055-04-12,2055,Apr,12,102,SSP585,4.599461777943134,0.44175624946013303,3.0037804076251398
2055-04-13,2055,Apr,13,103,SSP585,5.249496029943133,-0.32424655453986695,4.401730447327547
2055-04-14,2055,Apr,14,104,SSP585,5.170149125943134,-1.078042142539867,3.7594290777345196
2055-04-15,2055,Apr,15,105,SSP585,4.752051977943133,-1.367963522539867,2.4370439050430552
2055-04-16,2055,Apr,16,106,SSP585,5.951410949943133,-1.065834926539867,2.0025459197301085
2055-04-17,2055,Apr,17,107,SSP585,6.662481281943133,-0.7423437025398669,3.0604540578833097
2055-04-18,2055,Apr,18,108,SSP585,7.877099273943134,0.1274204374601331,0.7935080475550799
2055-04-19,2055,Apr,19,109,SSP585,8.936075261943133,0.6492789214601331,1.2091148161152498
2055-04-20,2055,Apr,20,110,SSP585,9.872979089943133,1.595338161460133,3.2682574421634025
2055-04-21,2055,Apr,21,111,SSP585,9.622731161943133,1.4915768254601331,2.3236966045266283
2055-04-22,2055,Apr,22,112,SSP585,6.476321237943133,0.5638284094601331,2.569282422312193
2055-04-23,2055,Apr,23,113,SSP585,6.012447029943133,1.018547205460133,4.269491930058421
2055-04-24,2055,Apr,24,114,SSP585,7.233168629943133,1.198603641460133,1.1713323826097735
2055-04-25,2055,Apr,25,115,SSP585,8.316559049943134,0.6859005694601332,2.758194589839575
2055-04-26,2055,Apr,26,116,SSP585,8.954386085943133,1.6929958894601331,2.6448472893231485
2055-04-27,2055,Apr,27,117,SSP585,8.243315753943133,1.3756082734601331,3.4193871761853014
2055-04-28,2055,Apr,28,118,SSP585,9.192426797943133,1.7876018134601332,5.497421018986232
2055-04-29,2055,Apr,29,119,SSP585,10.791572093943133,2.452895085460133,1.700286451686374
2055-04-30,2055,Apr,30,120,SSP585,11.786460197943134,2.324719317460133,3.5138432599489677
2056-04-01,2056,Apr,1,92,SSP585,1.5415541699431337,-4.212244850539867,3.8916675950037316
2056-04-02,2056,Apr,2,93,SSP585,0.7084116779431338,-5.713732418539867,3.0415628411306113
2056-04-03,2056,Apr,3,94,SSP585,1.5934348379431336,-5.298687074539867,1.700286451686374
2056-04-04,2056,Apr,4,95,SSP585,3.580159241943133,-4.038292022539867,2.3992614715375837
2056-04-05,2056,Apr,5,96,SSP585,3.2475126059431334,-3.339428906539867,6.460873073375767
2056-04-06,2056,Apr,6,97,SSP585,4.147794785943134,-3.058662938539867,3.5705169102072114
2056-04-07,2056,Apr,7,98,SSP585,3.796837325943134,-2.771793362539867,1.8703074024609834
2056-04-08,2056,Apr,8,99,SSP585,4.922953001943133,-2.417784098539867,3.7405378609818207
2056-04-09,2056,Apr,9,100,SSP585,5.5088993699431335,-2.161432562539867,2.172566870504718
2056-04-10,2056,Apr,10,101,SSP585,7.459002125943133,-1.493087486539867,2.7015209395813184
2056-04-11,2056,Apr,11,102,SSP585,8.005275041943133,-0.852208646539867,3.2682574421634025
2056-04-12,2056,Apr,12,103,SSP585,7.4834165579431335,-0.49819938253986695,2.6637385060759216
2056-04-13,2056,Apr,13,104,SSP585,6.1497782099431335,-0.36086820253986707,5.327400068211622
2056-04-14,2056,Apr,14,105,SSP585,6.857796737943133,0.21287094946013307,5.950810221051877
2056-04-15,2056,Apr,15,106,SSP585,6.915781013943134,0.17624930146013296,4.231709496552938
2056-04-16,2056,Apr,16,107,SSP585,5.780509925943133,-0.254055062539867,5.743006836771784
2056-04-17,2056,Apr,17,108,SSP585,6.287109389943134,-1.483932074539867,4.874010866145977
2056-04-18,2056,Apr,18,109,SSP585,5.850701417943133,-0.25710686653986703,4.231709496552938
2056-04-19,2056,Apr,19,110,SSP585,6.503787473943134,-0.3517127905398669,3.0415628411306113
2056-04-20,2056,Apr,20,111,SSP585,7.516986401943134,-0.5653390705398669,2.418152688290282
2056-04-21,2056,Apr,21,112,SSP585,10.230040157943133,1.219966269460133,4.28838314681112
2056-04-22,2056,Apr,22,113,SSP585,9.134442521943134,1.3237276054601332,4.118362196036511
2056-04-23,2056,Apr,23,114,SSP585,8.646153881943134,1.103997717460133,4.42062166408032
2056-04-24,2056,Apr,24,115,SSP585,8.804847689943134,1.592286357460133,3.551625693454439
2056-04-25,2056,Apr,25,116,SSP585,9.772269557943133,1.314572193460133,2.7204121563340915
2056-04-26,2056,Apr,26,117,SSP585,11.466020777943134,2.965598157460133,3.362713525927131
2056-04-27,2056,Apr,27,118,SSP585,12.204557345943133,2.446791477460133,2.4370439050430552
2056-04-28,2056,Apr,28,119,SSP585,11.884117925943134,3.0144270214601327,1.794742535450028
2056-04-29,2056,Apr,29,120,SSP585,10.025569289943133,3.661409469460133,6.253069689095686
2056-04-30,2056,Apr,30,121,SSP585,8.920816241943134,2.391859005460133,3.683864210723639
2057-04-01,2057,Apr,1,91,SSP585,3.6717133619431337,-3.098336390539867,3.154910141647038
2057-04-02,2057,Apr,2,92,SSP585,3.8426143859431336,-3.772785074539867,4.496186531091275
2057-04-03,2057,Apr,3,93,SSP585,4.910745785943133,-1.764698042539867,4.42062166408032
2057-04-04,2057,Apr,4,94,SSP585,5.713370237943133,-1.688402942539867,3.853885161498248
2057-04-05,2057,Apr,5,95,SSP585,4.611668993943134,-1.941702674539867,4.156144629541995
2057-04-06,2057,Apr,6,96,SSP585,4.269866945943133,-2.243831270539867,3.6649729939708657
2057-04-07,2057,Apr,7,97,SSP585,4.959574649943134,-1.306927442539867,3.4760608264434834
2057-04-08,2057,Apr,8,98,SSP585,5.768302709943134,-0.922400138539867,4.023906112272857
2057-04-09,2057,Apr,9,99,SSP585,4.739844761943133,-0.5836498945398669,4.874010866145977
2057-04-10,2057,Apr,10,100,SSP585,4.285125965943133,-0.6935148385398671,4.118362196036511
2057-04-11,2057,Apr,11,101,SSP585,4.474337813943134,-0.959021786539867,3.249366225410692
2057-04-12,2057,Apr,12,102,SSP585,4.626928013943133,-1.471724858539867,2.3236966045266283
2057-04-13,2057,Apr,13,103,SSP585,5.530261997943134,-1.3893261505398669,4.458404097585803
2057-04-14,2057,Apr,14,104,SSP585,5.8598568299431335,-0.21438161053986704,3.4949520431962564
2057-04-15,2057,Apr,15,105,SSP585,6.116208365943134,-0.18386357053986702,3.4193871761853014
2057-04-16,2057,Apr,16,106,SSP585,4.947367433943134,-0.849156842539867,4.250600713305723
2057-04-17,2057,Apr,17,107,SSP585,4.6452388379431335,-0.8857784905398669,2.8904331071087004
2057-04-18,2057,Apr,18,108,SSP585,4.080655097943134,-0.9956434345398669,5.8752453540409215
2057-04-19,2057,Apr,19,109,SSP585,4.568943737943133,-0.8247424105398671,4.193927063047466
2057-04-20,2057,Apr,20,110,SSP585,4.962626453943133,-0.7850689585398669,4.137253412789284
2057-04-21,2057,Apr,21,111,SSP585,7.053112193943134,-0.412748870539867,3.324931092421647
2057-04-22,2057,Apr,22,112,SSP585,7.809959585943133,1.659426045460133,4.7417723488768395
2057-04-23,2057,Apr,23,113,SSP585,8.441683013943134,1.5312502774601329,4.118362196036511
2057-04-24,2057,Apr,24,114,SSP585,8.676671921943134,1.598389965460133,5.9130277875464055
2057-04-25,2057,Apr,25,115,SSP585,9.598316729943134,2.104989429460133,3.362713525927131
2057-04-26,2057,Apr,26,116,SSP585,9.241255661943134,1.5251466694601332,1.9269810527191658
2057-04-27,2057,Apr,27,117,SSP585,9.964533209943134,2.0653159774601333,2.3236966045266283
2057-04-28,2057,Apr,28,118,SSP585,9.366379625943134,2.263683237460133,2.5126087720540107
2057-04-29,2057,Apr,29,119,SSP585,8.252471165943133,0.8201799454601331,2.3803702547848853
2057-04-30,2057,Apr,30,120,SSP585,9.158856953943133,1.256587917460133,5.251835201200667
2058-04-01,2058,Apr,1,91,SSP585,0.8671054859431335,-2.9518497985398673,2.3992614715375837
2058-04-02,2058,Apr,2,92,SSP585,-0.04843571405686631,-3.632402090539867,4.968466949909631
2058-04-03,2058,Apr,3,93,SSP585,1.5018807179431335,-2.399473274539867,4.817337215887721
2058-04-04,2058,Apr,4,94,SSP585,1.5629167979431335,-2.555115278539867,3.7216466442291223
2058-04-05,2058,Apr,5,95,SSP585,2.2251582659431337,-3.7025935825398673,2.2859141710211572
2058-04-06,2058,Apr,6,96,SSP585,3.693075989943133,-3.171579686539867,4.798445999135022
2058-04-07,2058,Apr,7,97,SSP585,5.350205561943134,-1.044472298539867,5.478529802233521
2058-04-08,2058,Apr,8,98,SSP585,5.548572821943133,-1.432051406539867,5.119596683931529
2058-04-09,2058,Apr,9,99,SSP585,3.7663192859431334,-2.1065000905398668,3.3438223091743584
2058-04-10,2058,Apr,10,100,SSP585,4.797829037943133,-1.572434390539867,2.7393033730868024
2058-04-11,2058,Apr,11,101,SSP585,5.228133401943134,-0.37307541853986703,2.9282155406141843
2058-04-12,2058,Apr,12,102,SSP585,5.661489569943133,-2.161432562539867,3.136018924894265
2058-04-13,2058,Apr,13,103,SSP585,5.759147297943134,-1.8257341225398669,1.6813952349336012
2058-04-14,2058,Apr,14,104,SSP585,6.403077941943134,-1.438155014539867,3.1926925751525217
2058-04-15,2058,Apr,15,105,SSP585,6.647222261943133,-1.5327609385398668,3.249366225410692
2058-04-16,2058,Apr,16,106,SSP585,6.219969701943134,-1.950858086539867,3.0604540578833097
2058-04-17,2058,Apr,17,107,SSP585,6.747931793943133,-2.024101382539867,1.7380688851918455
2058-04-18,2058,Apr,18,108,SSP585,7.169080745943134,-0.4524223225398669,3.3438223091743584
2058-04-19,2058,Apr,19,109,SSP585,7.462053929943133,-0.0038071345398669187,3.2682574421634025
2058-04-20,2058,Apr,20,110,SSP585,6.943247249943134,-0.09230945053986694,2.852650673603229
2058-04-21,2058,Apr,21,111,SSP585,7.129407293943133,0.48448150546013324,3.4004959594326025
2058-04-22,2058,Apr,22,112,SSP585,7.007335133943133,0.615709077460133,1.9458722694719388
2058-04-23,2058,Apr,23,113,SSP585,8.469149249943133,1.5251466694601332,2.0403283532355925
2058-04-24,2058,Apr,24,114,SSP585,7.898461901943133,0.875112417460133,3.306039875668874
2058-04-25,2058,Apr,25,115,SSP585,7.129407293943133,1.2932095654601332,5.2707264179534405
2058-04-26,2058,Apr,26,116,SSP585,7.288101101943134,1.338986625460133,3.7027554274763492
2058-04-27,2058,Apr,27,117,SSP585,7.837425821943134,0.5729838214601328,3.7783202944872922
2058-04-28,2058,Apr,28,118,SSP585,8.316559049943134,2.156870097460133,3.4004959594326025
2058-04-29,2058,Apr,29,119,SSP585,9.915704345943134,2.4193252414601325,2.059219569988365
2058-04-30,2058,Apr,30,120,SSP585,10.629826481943134,2.162973705460133,3.7405378609818207
2059-04-01,2059,Apr,1,91,SSP585,1.2516327899431337,-4.306850774539867,2.777085806592274
2059-04-02,2059,Apr,2,92,SSP585,1.8589417859431336,-2.503234610539867,4.401730447327547
2059-04-03,2059,Apr,3,93,SSP585,0.5771841059431337,-3.742267034539867,2.418152688290282
2059-04-04,2059,Apr,4,94,SSP585,1.5751240139431337,-3.4950709105398667,1.6058303679226458
2059-04-05,2059,Apr,5,95,SSP585,2.8660371059431338,-2.576477906539867,4.855119649393204
2059-04-06,2059,Apr,6,96,SSP585,3.7022314019431333,-1.642625882539867,3.6271905604653942
2059-04-07,2059,Apr,7,97,SSP585,3.5587966139431337,-2.494079198539867,3.0037804076251398
2059-04-08,2059,Apr,8,98,SSP585,4.904642177943133,-2.646669398539867,2.1347844369993205
2059-04-09,2059,Apr,9,99,SSP585,4.767310997943134,-1.453414034539867,3.5705169102072114
2059-04-10,2059,Apr,10,100,SSP585,4.016567213943134,-1.960013498539867,1.8325249689555119
2059-04-11,2059,Apr,11,101,SSP585,5.090802221943133,-1.2458913625398669,2.0970020034938366
2059-04-12,2059,Apr,12,102,SSP585,5.759147297943134,-0.9315555505398669,3.5138432599489677
2059-04-13,2059,Apr,13,103,SSP585,6.952402661943134,-0.7850689585398669,1.794742535450028
2059-04-14,2059,Apr,14,104,SSP585,6.998179721943133,0.13962765346013284,2.909324323861473
2059-04-15,2059,Apr,15,105,SSP585,5.942255537943134,1.052117049460133,1.8514161857082847
2059-04-16,2059,Apr,16,106,SSP585,5.130475673943134,0.3166322854601329,2.9282155406141843
2059-04-17,2059,Apr,17,107,SSP585,6.998179721943133,0.27695883346013317,4.666207481865884
2059-04-18,2059,Apr,18,108,SSP585,7.184339765943134,-0.818638802539867,3.457169609690785
2059-04-19,2059,Apr,19,109,SSP585,7.095837449943133,-0.562287266539867,3.4193871761853014
2059-04-20,2059,Apr,20,110,SSP585,7.394914241943134,-0.7240328785398669,1.964763486224637
2059-04-21,2059,Apr,21,111,SSP585,8.160917045943133,0.4509116614601332,1.5680479344172364
2059-04-22,2059,Apr,22,112,SSP585,8.398957757943133,1.0093917934601329,4.571751398102156
2059-04-23,2059,Apr,23,113,SSP585,9.125287109943134,1.8150680494601332,5.308508851458911
2059-04-24,2059,Apr,24,114,SSP585,7.565815265943133,2.0134353094601334,6.0452663048156055
2059-04-25,2059,Apr,25,115,SSP585,7.083630233943133,1.0948423054601328,3.136018924894265
2059-04-26,2059,Apr,26,116,SSP585,7.7123018579431335,1.836430677460133,3.438278392938074
2059-04-27,2059,Apr,27,117,SSP585,8.926919849943133,2.751971877460133,3.6271905604653942
2059-04-28,2059,Apr,28,118,SSP585,8.627843057943133,1.888311345460133,1.530265500911765
2059-04-29,2059,Apr,29,119,SSP585,8.850624749943133,1.256587917460133,2.531499988806709
2059-04-30,2059,Apr,30,120,SSP585,9.158856953943133,2.7702827014601326,2.2859141710211572
2060-04-01,2060,Apr,1,92,SSP585,1.5964866419431336,-5.094216206539867,4.5150777478439865
2060-04-02,2060,Apr,2,93,SSP585,0.7786031699431335,-4.935522398539867,1.2657884663734273
2060-04-03,2060,Apr,3,94,SSP585,3.1956319379431335,-2.399473274539867,4.212818279800239
2060-04-04,2060,Apr,4,95,SSP585,3.0338863259431337,-2.362851626539867,3.022671624377838
2060-04-05,2060,Apr,5,96,SSP585,3.1803729179431333,-2.274349310539867,3.872776378250946
2060-04-06,2060,Apr,6,97,SSP585,3.1284922499431334,-2.649721202539867,4.118362196036511
2060-04-07,2060,Apr,7,98,SSP585,3.5984700659431335,-2.158380758539867,4.552860181349458
2060-04-08,2060,Apr,8,99,SSP585,4.254607925943134,-1.554123566539867,3.306039875668874
2060-04-09,2060,Apr,9,100,SSP585,3.561848417943134,-1.3008238345398668,4.042797329025568
2060-04-10,2060,Apr,10,101,SSP585,3.3573775499431333,-2.887761914539867,3.457169609690785
2060-04-11,2060,Apr,11,102,SSP585,4.022670821943134,-1.630418666539867,3.929450028509203
2060-04-12,2060,Apr,12,103,SSP585,5.481433133943133,-3.012885878539867,3.91055881175643
2060-04-13,2060,Apr,13,104,SSP585,6.2626949579431335,-2.4849237865398672,2.758194589839575
2060-04-14,2060,Apr,14,105,SSP585,6.000239813943134,-1.908132830539867,1.2091148161152498
2060-04-15,2060,Apr,15,106,SSP585,4.5262184819431335,-1.190958890539867,2.947106757366883
2060-04-16,2060,Apr,16,107,SSP585,4.9900926899431335,-1.139078222539867,3.306039875668874
2060-04-17,2060,Apr,17,108,SSP585,6.305420213943133,-0.861364058539867,1.7380688851918455
2060-04-18,2060,Apr,18,109,SSP585,7.001231525943133,1.021599009460133,2.6070648558176646
2060-04-19,2060,Apr,19,110,SSP585,6.891366581943133,0.875112417460133,4.836228432640493
2060-04-20,2060,Apr,20,111,SSP585,7.449846713943133,0.5088959374601332,4.193927063047466
2060-04-21,2060,Apr,21,112,SSP585,7.166028941943134,-0.5378728345398669,3.6271905604653942
2060-04-22,2060,Apr,22,113,SSP585,8.350128893943133,0.2311817734601329,2.9282155406141843
2060-04-23,2060,Apr,23,114,SSP585,8.951334281943133,1.998176289460133,3.8916675950037316
2060-04-24,2060,Apr,24,115,SSP585,8.841469337943133,1.5220948654601332,4.5150777478439865
2060-04-25,2060,Apr,25,116,SSP585,9.110028089943134,2.272838649460133,3.0604540578833097
2060-04-26,2060,Apr,26,117,SSP585,9.860771873943133,2.684832189460133,3.2115837919052206
2060-04-27,2060,Apr,27,118,SSP585,9.497607197943134,2.6665213654601327,3.9861236787673855
2060-04-28,2060,Apr,28,119,SSP585,9.631886573943133,2.568863637460133,5.100705467178757
2060-04-29,2060,Apr,29,120,SSP585,9.244307465943134,2.571915441460133,3.1926925751525217
2060-04-30,2060,Apr,30,121,SSP585,9.976740425943133,2.755023681460133,4.307274363563892
2061-04-01,2061,Apr,1,91,SSP585,2.310608777943134,-3.699541778539867,2.6448472893231485
2061-04-02,2061,Apr,2,92,SSP585,4.205779061943134,-3.693438170539867,3.853885161498248
2061-04-03,2061,Apr,3,93,SSP585,3.8792360339431333,-4.715792510539867,1.964763486224637
2061-04-04,2061,Apr,4,94,SSP585,4.321747613943134,-3.601884050539867,4.345056797069377
2061-04-05,2061,Apr,5,95,SSP585,3.6564543419431335,-2.582581514539867,3.173801358399749
2061-04-06,2061,Apr,6,96,SSP585,4.013515409943134,-2.210261426539867,2.115893220246548
2061-04-07,2061,Apr,7,97,SSP585,4.2973331819431335,-1.834889534539867,4.023906112272857
2061-04-08,2061,Apr,8,98,SSP585,4.938212021943134,-1.703661962539867,1.1713323826097735
2061-04-09,2061,Apr,9,99,SSP585,5.957514557943133,-1.850148554539867,2.531499988806709
2061-04-10,2061,Apr,10,100,SSP585,6.979868897943133,-0.7972761745398669,2.569282422312193
2061-04-11,2061,Apr,11,101,SSP585,7.346085377943133,-0.3211947505398669,6.933153492194197
2061-04-12,2061,Apr,12,102,SSP585,6.763190813943133,-0.3486609865398669,3.929450028509203
2061-04-13,2061,Apr,13,103,SSP585,6.488528453943133,-0.4341114985398671,4.137253412789284
2061-04-14,2061,Apr,14,104,SSP585,6.195555269943133,-0.17470815853986688,3.4004959594326025
2061-04-15,2061,Apr,15,105,SSP585,5.618764313943133,0.3471503254601329,4.647316265113112
2061-04-16,2061,Apr,16,106,SSP585,6.387818921943134,0.13962765346013284,2.3236966045266283
2061-04-17,2061,Apr,17,107,SSP585,6.601445201943133,0.5455175854601328,3.7405378609818207
2061-04-18,2061,Apr,18,108,SSP585,6.705206537943134,0.014503689460132918,4.53396896459676
2061-04-19,2061,Apr,19,109,SSP585,8.609532233943133,-0.153345530539867,4.0050148955201585
2061-04-20,2061,Apr,20,110,SSP585,10.114071605943133,1.8486378934601329,2.909324323861473
2061-04-21,2061,Apr,21,111,SSP585,8.331818069943134,1.427488941460133,4.7228811321240665
2061-04-22,2061,Apr,22,112,SSP585,7.459002125943133,1.0093917934601329,3.0604540578833097
2061-04-23,2061,Apr,23,113,SSP585,7.614644129943134,0.9422521054601332,3.5138432599489677
2061-04-24,2061,Apr,24,114,SSP585,8.710241765943133,1.5495611014601332,4.94957573315692
2061-04-25,2061,Apr,25,115,SSP585,8.069362925943134,0.9819255574601329,3.7594290777345196
2061-04-26,2061,Apr,26,116,SSP585,10.117123409943133,0.9483557134601328,2.531499988806709
2061-04-27,2061,Apr,27,117,SSP585,9.076458245943133,1.567871925460133,2.8904331071087004
2061-04-28,2061,Apr,28,118,SSP585,8.566806977943134,1.3450902334601331,4.836228432640493
2061-04-29,2061,Apr,29,119,SSP585,9.235152053943134,1.2077590534601332,1.4547006339008095
2061-04-30,2061,Apr,30,120,SSP585,10.138486037943133,2.1202484494601332,3.022671624377838
2062-04-01,2062,Apr,1,91,SSP585,2.9697984419431336,-3.540847970539867,4.7228811321240665
2062-04-02,2062,Apr,2,92,SSP585,4.028774429943134,-2.729068106539867,2.7393033730868024
2062-04-03,2062,Apr,3,93,SSP585,3.6503507339431334,-2.008842362539867,3.3438223091743584
2062-04-04,2062,Apr,4,94,SSP585,3.110181425943133,-2.558167082539867,3.551625693454439
2062-04-05,2062,Apr,5,95,SSP585,3.3146522939431335,-2.286556526539867,5.421856151975277
2062-04-06,2062,Apr,6,96,SSP585,2.829415457943133,-2.381162450539867,2.3425878212794013
2062-04-07,2062,Apr,7,97,SSP585,2.6707216499431334,-2.756534342539867,3.0793452746360828
2062-04-08,2062,Apr,8,98,SSP585,3.3085486859431334,-3.098336390539867,2.9282155406141843
2062-04-09,2062,Apr,9,99,SSP585,4.013515409943134,-3.537796166539867,1.6436128014281297
2062-04-10,2062,Apr,10,100,SSP585,5.710318433943134,-1.728076394539867,1.7380688851918455
2062-04-11,2062,Apr,11,101,SSP585,6.625859633943133,0.3868237774601331,2.7204121563340915
2062-04-12,2062,Apr,12,102,SSP585,6.647222261943133,0.20676734146013298,4.458404097585803
2062-04-13,2062,Apr,13,103,SSP585,6.329834645943134,0.2586480094601329,6.744241324666815
2062-04-14,2062,Apr,14,104,SSP585,6.171140837943134,0.5973982534601332,5.402964935222578
2062-04-15,2062,Apr,15,105,SSP585,7.843529429943134,-0.49819938253986695,2.30480538777393
2062-04-16,2062,Apr,16,106,SSP585,8.679723725943134,-0.1899671785398669,2.0970020034938366
2062-04-17,2062,Apr,17,107,SSP585,8.212797713943134,-0.504302990539867,4.28838314681112
2062-04-18,2062,Apr,18,108,SSP585,7.4834165579431335,-0.385282634539867,3.853885161498248
2062-04-19,2062,Apr,19,109,SSP585,7.3674480059431335,0.30442506946013315,3.551625693454439
2062-04-20,2062,Apr,20,110,SSP585,8.786536865943134,1.6929958894601331,2.30480538777393
2062-04-21,2062,Apr,21,111,SSP585,9.363327821943134,2.3704963774601326,6.952044708946896
2062-04-22,2062,Apr,22,112,SSP585,8.807899493943134,0.9849773614601329,6.952044708946896
2062-04-23,2062,Apr,23,113,SSP585,9.833305637943134,1.448851569460133,3.154910141647038
2062-04-24,2062,Apr,24,114,SSP585,9.915704345943134,1.1192567374601332,6.6497852409031495
2062-04-25,2062,Apr,25,115,SSP585,10.001154857943133,2.1446628814601327,4.5150777478439865
2062-04-26,2062,Apr,26,116,SSP585,10.385682161943134,1.830327069460133,4.855119649393204
2062-04-27,2062,Apr,27,117,SSP585,10.373474945943133,2.272838649460133,3.7027554274763492
2062-04-28,2062,Apr,28,118,SSP585,10.263610001943134,2.495620341460133,2.5126087720540107
2062-04-29,2062,Apr,29,119,SSP585,10.107967997943133,3.1303955734601328,3.362713525927131
2062-04-30,2062,Apr,30,120,SSP585,9.403001273943133,2.458998693460133,3.683864210723639
2063-04-01,2063,Apr,1,91,SSP585,1.8284237459431336,-3.3546879265398672,4.458404097585803
2063-04-02,2063,Apr,2,92,SSP585,2.0512054379431337,-2.515441826539867,5.006249383415103
2063-04-03,2063,Apr,3,93,SSP585,3.101026013943134,-3.382154162539867,5.9885926545573485
2063-04-04,2063,Apr,4,94,SSP585,3.0338863259431337,-3.513381734539867,3.3438223091743584
2063-04-05,2063,Apr,5,95,SSP585,3.519123161943133,-3.1258026265398673,2.6070648558176646
2063-04-06,2063,Apr,6,96,SSP585,5.038921553943133,-1.807423298539867,4.023906112272857
2063-04-07,2063,Apr,7,97,SSP585,6.195555269943133,-1.8684593785398669,2.2481317375156733
2063-04-08,2063,Apr,8,98,SSP585,5.817131573943134,-1.828785926539867,4.7228811321240665
2063-04-09,2063,Apr,9,99,SSP585,4.880227745943134,-2.014945970539867,2.9282155406141843
2063-04-10,2063,Apr,10,100,SSP585,4.5292702859431335,-2.597840534539867,2.30480538777393
2063-04-11,2063,Apr,11,101,SSP585,4.864968725943133,-1.276409402539867,2.814868240097758
2063-04-12,2063,Apr,12,102,SSP585,4.233245297943133,-0.986488022539867,4.571751398102156
2063-04-13,2063,Apr,13,103,SSP585,4.660497857943134,-1.038368690539867,5.497421018986232
2063-04-14,2063,Apr,14,104,SSP585,4.788673625943133,-1.343549090539867,1.9458722694719388
2063-04-15,2063,Apr,15,105,SSP585,3.4184136299431334,-0.8827266865398671,5.610768319502659
2063-04-16,2063,Apr,16,106,SSP585,3.3604293539431334,-1.294720226539867,4.7228811321240665
2063-04-17,2063,Apr,17,107,SSP585,4.132535765943134,-0.4371633025398669,3.173801358399749
2063-04-18,2063,Apr,18,108,SSP585,5.438707877943133,-0.354764594539867,3.324931092421647
2063-04-19,2063,Apr,19,109,SSP585,6.335938253943134,-7.553305398668719e-4,2.0214371364828936
2063-04-20,2063,Apr,20,110,SSP585,6.427492373943133,1.079583285460133,4.458404097585803
2063-04-21,2063,Apr,21,111,SSP585,7.318619141943133,1.622804397460133,3.249366225410692
2063-04-22,2063,Apr,22,112,SSP585,8.438631209943134,2.034797937460133,5.100705467178757
2063-04-23,2063,Apr,23,113,SSP585,7.681783817943133,0.5912946454601331,3.4949520431962564
2063-04-24,2063,Apr,24,114,SSP585,7.739768093943134,0.957511125460133,3.4004959594326025
2063-04-25,2063,Apr,25,115,SSP585,8.737708001943133,1.4671623934601332,5.667441969760841
2063-04-26,2063,Apr,26,116,SSP585,9.064251029943133,1.851689697460133,3.3438223091743584
2063-04-27,2063,Apr,27,117,SSP585,9.323654369943133,1.4061263134601332,1.6813952349336012
2063-04-28,2063,Apr,28,118,SSP585,9.979792229943133,2.446791477460133,4.7228811321240665
2063-04-29,2063,Apr,29,119,SSP585,11.163892181943133,2.980857177460133,3.8916675950037316
2063-04-30,2063,Apr,30,120,SSP585,11.581989329943134,3.9269164174601325,4.7417723488768395
2064-04-01,2064,Apr,1,92,SSP585,3.104077817943134,-3.363843338539867,2.6448472893231485
2064-04-02,2064,Apr,2,93,SSP585,2.8996069499431334,-3.232615766539867,3.5327344767017403
2064-04-03,2064,Apr,3,94,SSP585,2.881296125943133,-3.788044094539867,2.6637385060759216
2064-04-04,2064,Apr,4,95,SSP585,2.8050010259431337,-2.784000578539867,3.249366225410692
2064-04-05,2064,Apr,5,96,SSP585,3.909754073943134,-3.482863694539867,3.154910141647038
2064-04-06,2064,Apr,6,97,SSP585,5.5729872539431335,-1.337445482539867,4.855119649393204
2064-04-07,2064,Apr,7,98,SSP585,5.981928989943134,-1.248943166539867,3.7027554274763492
2064-04-08,2064,Apr,8,99,SSP585,6.421388765943133,-1.038368690539867,3.0604540578833097
2064-04-09,2064,Apr,9,100,SSP585,6.219969701943134,-2.008842362539867,1.964763486224637
2064-04-10,2064,Apr,10,101,SSP585,6.781501637943133,-1.276409402539867,3.0037804076251398
2064-04-11,2064,Apr,11,102,SSP585,7.782493349943133,-0.806431586539867,4.307274363563892
2064-04-12,2064,Apr,12,103,SSP585,7.7153536619431335,-0.44937051853986687,5.044031816920586
2064-04-13,2064,Apr,13,104,SSP585,6.769294421943133,-0.06484321453986697,5.025140600167876
2064-04-14,2064,Apr,14,105,SSP585,6.338990057943134,-0.2479514545398669,2.758194589839575
2064-04-15,2064,Apr,15,106,SSP585,6.5556681419431335,-0.13808651053986698,4.60953383160764
2064-04-16,2064,Apr,16,107,SSP585,6.711310145943134,-0.543976442539867,3.306039875668874
2064-04-17,2064,Apr,17,108,SSP585,7.907617313943133,0.6584343334601332,5.157379117437014
2064-04-18,2064,Apr,18,109,SSP585,8.530185329943134,0.9819255574601329,3.022671624377838
2064-04-19,2064,Apr,19,110,SSP585,9.732596105943134,1.3786600774601332,4.023906112272857
2064-04-20,2064,Apr,20,111,SSP585,7.736716289943134,1.100945913460133,3.0037804076251398
2064-04-21,2064,Apr,21,112,SSP585,6.201658877943133,0.673693353460133,5.327400068211622
2064-04-22,2064,Apr,22,113,SSP585,7.1355109019431335,1.3267794094601328,2.965997974119656
2064-04-23,2064,Apr,23,114,SSP585,8.392854149943133,-0.28152129853986696,4.60953383160764
2064-04-24,2064,Apr,24,115,SSP585,8.948282477943133,0.7621956694601331,3.249366225410692
2064-04-25,2064,Apr,25,116,SSP585,9.448778333943133,1.689944085460133,3.551625693454439
2064-04-26,2064,Apr,26,117,SSP585,10.828193741943133,1.921881189460133,3.6649729939708657
2064-04-27,2064,Apr,27,118,SSP585,11.325637793943134,2.614640697460133,2.3425878212794013
2064-04-28,2064,Apr,28,119,SSP585,11.624714585943133,2.578019049460133,3.0793452746360828
2064-04-29,2064,Apr,29,120,SSP585,11.505694229943133,2.867940429460133,1.8325249689555119
2064-04-30,2064,Apr,30,121,SSP585,11.325637793943134,3.084618513460133,3.5705169102072114
2065-04-01,2065,Apr,1,91,SSP585,0.13467252594313361,-6.055534466539867,2.210349304010202
2065-04-02,2065,Apr,2,92,SSP585,0.35440241394313365,-6.0372236425398675,3.551625693454439
2065-04-03,2065,Apr,3,93,SSP585,0.8762608979431337,-4.837864670539867,1.9458722694719388
2065-04-04,2065,Apr,4,94,SSP585,2.7470167499431337,-3.049507526539867,2.2859141710211572
2065-04-05,2065,Apr,5,95,SSP585,2.0389982219431335,-3.052559330539867,4.042797329025568
2065-04-06,2065,Apr,6,96,SSP585,1.1661822779431337,-5.429914646539867,1.794742535450028
2065-04-07,2065,Apr,7,97,SSP585,1.7429732339431336,-4.023033002539867,2.777085806592274
2065-04-08,2065,Apr,8,98,SSP585,3.4428280619431337,-2.784000578539867,4.118362196036511
2065-04-09,2065,Apr,9,99,SSP585,4.8771759419431335,-1.050575906539867,5.9130277875464055
2065-04-10,2065,Apr,10,100,SSP585,3.6167808899431337,-2.249934878539867,4.779554782382311
2065-04-11,2065,Apr,11,101,SSP585,3.5557448099431337,-1.560227174539867,3.7027554274763492
2065-04-12,2065,Apr,12,102,SSP585,4.117276745943133,-1.432051406539867,5.214052767695196
2065-04-13,2065,Apr,13,103,SSP585,4.272918749943133,-0.516510206539867,4.326165580316604
2065-04-14,2065,Apr,14,104,SSP585,4.730689349943133,-0.8125351945398669,6.5364379403867225
2065-04-15,2065,Apr,15,105,SSP585,5.331894737943133,-1.074990338539867,4.023906112272857
2065-04-16,2065,Apr,16,106,SSP585,5.524158389943134,-0.928503746539867,2.3803702547848853
2065-04-17,2065,Apr,17,107,SSP585,7.120251881943133,-0.531769226539867,1.8136337522028008
2065-04-18,2065,Apr,18,108,SSP585,8.569858781943134,-0.3761272225398671,1.794742535450028
2065-04-19,2065,Apr,19,109,SSP585,8.752967021943133,-0.04653239053986691,3.872776378250946
2065-04-20,2065,Apr,20,110,SSP585,8.182279673943134,0.7438848454601332,3.022671624377838
2065-04-21,2065,Apr,21,111,SSP585,9.351120605943134,1.219966269460133,4.28838314681112
2065-04-22,2065,Apr,22,112,SSP585,9.143597933943134,1.5526129054601332,2.3425878212794013
2065-04-23,2065,Apr,23,113,SSP585,10.065242741943134,1.9829172694601331,2.3425878212794013
2065-04-24,2065,Apr,24,114,SSP585,11.484331601943133,2.498672145460133,4.911793299651449
2065-04-25,2065,Apr,25,115,SSP585,11.313430577943134,1.8974667574601332,3.8916675950037316
2065-04-26,2065,Apr,26,116,SSP585,10.904488841943133,1.8394824814601332,4.53396896459676
2065-04-27,2065,Apr,27,117,SSP585,10.037776505943134,2.233165197460133,2.474826338548539
2065-04-28,2065,Apr,28,118,SSP585,10.761054053943134,1.5831309454601332,1.6813952349336012
2065-04-29,2065,Apr,29,119,SSP585,12.827125361943134,2.809956153460133,4.7417723488768395
2065-04-30,2065,Apr,30,120,SSP585,12.763037477943133,3.5118710734601324,4.401730447327547
2066-04-01,2066,Apr,1,91,SSP585,1.4896735019431337,-4.886693534539867,3.0604540578833097
2066-04-02,2066,Apr,2,92,SSP585,0.2842109219431337,-5.011817498539867,2.6070648558176646
2066-04-03,2066,Apr,3,93,SSP585,0.6748418339431337,-4.602875762539867,2.7393033730868024
2066-04-04,2066,Apr,4,94,SSP585,1.7582322539431339,-3.482863694539867,2.3236966045266283
2066-04-05,2066,Apr,5,95,SSP585,3.2475126059431334,-1.712817374539867,4.250600713305723
2066-04-06,2066,Apr,6,96,SSP585,3.622884497943134,-1.728076394539867,4.212818279800239
2066-04-07,2066,Apr,7,97,SSP585,2.814156437943134,-1.544968154539867,2.758194589839575
2066-04-08,2066,Apr,8,98,SSP585,2.405214701943134,-3.0861291745398667,2.229240520762975
2066-04-09,2066,Apr,9,99,SSP585,3.802940933943133,-2.6832910465398667,2.4937175553012376
2066-04-10,2066,Apr,10,100,SSP585,4.602513581943134,-1.3282900705398668,3.9861236787673855
2066-04-11,2066,Apr,11,101,SSP585,5.710318433943134,-0.2204852185398669,3.5894081269599103
2066-04-12,2066,Apr,12,102,SSP585,6.940195445943134,0.4326008374601329,2.7015209395813184
2066-04-13,2066,Apr,13,103,SSP585,6.909677405943134,0.15183486946013303,4.363948013822076
2066-04-14,2066,Apr,14,104,SSP585,8.655309293943134,0.22812996946013286,7.273195393743416
2066-04-15,2066,Apr,15,105,SSP585,7.459002125943133,0.7133668054601332,2.8904331071087004
2066-04-16,2066,Apr,16,106,SSP585,6.210814289943134,-0.385282634539867,4.496186531091275
2066-04-17,2066,Apr,17,107,SSP585,5.835442397943133,-0.31509114253986703,3.8161027279927766
2066-04-18,2066,Apr,18,108,SSP585,6.747931793943133,-0.06179141053986692,6.253069689095686
2066-04-19,2066,Apr,19,109,SSP585,8.331818069943134,0.557724801460133,3.5138432599489677
2066-04-20,2066,Apr,20,110,SSP585,9.296188133943133,1.314572193460133,3.0982364913887936
2066-04-21,2066,Apr,21,111,SSP585,9.396897665943133,2.3643927694601325,3.136018924894265
2066-04-22,2066,Apr,22,112,SSP585,9.253462877943134,1.2077590534601332,1.700286451686374
2066-04-23,2066,Apr,23,113,SSP585,10.098812585943133,3.075463101460133,2.8715418903560015
2066-04-24,2066,Apr,24,114,SSP585,10.519961537943134,1.973761857460133,1.8514161857082847
2066-04-25,2066,Apr,25,115,SSP585,10.806831113943133,2.2575796294601327,3.7972115112400036
2066-04-26,2066,Apr,26,116,SSP585,11.072338061943134,3.0113752174601327,3.7594290777345196
2066-04-27,2066,Apr,27,117,SSP585,11.923791377943134,2.7641790934601325,3.8161027279927766
2066-04-28,2066,Apr,28,118,SSP585,10.632878285943134,2.672624973460133,5.251835201200667
2066-04-29,2066,Apr,29,119,SSP585,9.341965193943134,2.0805749974601326,2.8715418903560015
2066-04-30,2066,Apr,30,120,SSP585,9.991999445943133,3.2402605174601327,3.0415628411306113
2067-04-01,2067,Apr,1,91,SSP585,2.765327573943133,-4.416715718539867,6.838697408430469
2067-04-02,2067,Apr,2,92,SSP585,3.9585829379431337,-3.073921958539867,3.7405378609818207
2067-04-03,2067,Apr,3,93,SSP585,3.2505644099431334,-3.4126722025398672,3.306039875668874
2067-04-04,2067,Apr,4,94,SSP585,2.5150796459431337,-4.132897946539867,3.1926925751525217
2067-04-05,2067,Apr,5,95,SSP585,3.2627716259431336,-3.385205966539867,3.7405378609818207
2067-04-06,2067,Apr,6,96,SSP585,2.9057105579431335,-2.277401114539867,4.458404097585803
2067-04-07,2067,Apr,7,97,SSP585,3.448931669943134,-1.883718398539867,4.968466949909631
2067-04-08,2067,Apr,8,98,SSP585,4.532322089943134,-1.480880270539867,2.965997974119656
2067-04-09,2067,Apr,9,99,SSP585,4.886331353943134,-1.465621250539867,1.0957675155988207
2067-04-10,2067,Apr,10,100,SSP585,6.924936425943134,-0.888830294539867,3.5327344767017403
2067-04-11,2067,Apr,11,101,SSP585,6.918832817943134,0.3593575414601331,2.852650673603229
2067-04-12,2067,Apr,12,102,SSP585,6.342041861943134,0.4051346014601329,2.0403283532355925
2067-04-13,2067,Apr,13,103,SSP585,6.369508097943133,1.506835845460133,3.136018924894265
2067-04-14,2067,Apr,14,104,SSP585,6.470217629943133,0.9117340654601331,2.5126087720540107
2067-04-15,2067,Apr,15,105,SSP585,7.724509073943134,1.244380701460133,2.758194589839575
2067-04-16,2067,Apr,16,106,SSP585,7.3613443979431334,0.7652474734601331,3.8916675950037316
2067-04-17,2067,Apr,17,107,SSP585,8.267730185943133,1.1467229734601332,5.2707264179534405
2067-04-18,2067,Apr,18,108,SSP585,9.244307465943134,1.7509801654601331,2.7959770233450465
2067-04-19,2067,Apr,19,109,SSP585,10.196470313943134,1.8120162454601332,2.1914580872575034
2067-04-20,2067,Apr,20,110,SSP585,9.842461049943134,1.7509801654601331,3.91055881175643
2067-04-21,2067,Apr,21,111,SSP585,9.201582209943133,1.195551837460133,3.7216466442291223
2067-04-22,2067,Apr,22,112,SSP585,9.253462877943134,1.8486378934601329,1.3602445501370812
2067-04-23,2067,Apr,23,113,SSP585,10.291076237943134,2.336926533460133,2.814868240097758
2067-04-24,2067,Apr,24,114,SSP585,8.957437889943133,2.1934917454601326,3.7216466442291223
2067-04-25,2067,Apr,25,115,SSP585,7.404069653943134,1.882207737460133,2.7959770233450465
2067-04-26,2067,Apr,26,116,SSP585,8.859780161943133,2.3003048854601325,3.38160474267983
2067-04-27,2067,Apr,27,117,SSP585,9.222944837943134,2.3735481814601327,2.6070648558176646
2067-04-28,2067,Apr,28,118,SSP585,10.236143765943133,3.197535261460133,4.496186531091275
2067-04-29,2067,Apr,29,119,SSP585,11.618610977943133,4.119180069460133,6.914262275441424
2067-04-30,2067,Apr,30,120,SSP585,11.057079041943133,3.426420561460133,4.42062166408032
2068-04-01,2068,Apr,1,92,SSP585,3.2566680179431335,-2.362851626539867,3.6649729939708657
2068-04-02,2068,Apr,2,93,SSP585,3.4886051219431335,-2.582581514539867,3.834993944745475
2068-04-03,2068,Apr,3,94,SSP585,3.3268595099431337,-1.792164278539867,4.061688545778341
2068-04-04,2068,Apr,4,95,SSP585,3.628988105943133,-1.8257341225398669,3.136018924894265
2068-04-05,2068,Apr,5,96,SSP585,3.8243035619431334,-2.353696214539867,2.115893220246548
2068-04-06,2068,Apr,6,97,SSP585,2.6737734539431335,-3.250926590539867,3.173801358399749
2068-04-07,2068,Apr,7,98,SSP585,3.561848417943134,-2.9701606225398667,3.683864210723639
2068-04-08,2068,Apr,8,99,SSP585,4.437716165943134,-1.929495458539867,3.683864210723639
2068-04-09,2068,Apr,9,100,SSP585,5.286117677943134,-1.065834926539867,5.176270334189712
2068-04-10,2068,Apr,10,101,SSP585,6.232176917943134,0.02060729746013301,3.834993944745475
2068-04-11,2068,Apr,11,102,SSP585,5.814079769943134,0.32578769746013303,3.154910141647038
2068-04-12,2068,Apr,12,103,SSP585,5.792717141943133,0.756092061460133,2.3803702547848853
2068-04-13,2068,Apr,13,104,SSP585,5.380723601943133,-0.327298358539867,3.5894081269599103
2068-04-14,2068,Apr,14,105,SSP585,5.811027965943134,0.0846951814601331,3.3438223091743584
2068-04-15,2068,Apr,15,106,SSP585,6.589237985943133,0.557724801460133,3.38160474267983
2068-04-16,2068,Apr,16,107,SSP585,6.863900345943133,-0.022117958539866978,2.8715418903560015
2068-04-17,2068,Apr,17,108,SSP585,7.770286133943133,0.21897455746013317,2.0403283532355925
2068-04-18,2068,Apr,18,109,SSP585,6.525150101943133,-0.934607354539867,3.608299343712683
2068-04-19,2068,Apr,19,110,SSP585,6.387818921943134,-0.702670250539867,5.554094669244477
2068-04-20,2068,Apr,20,111,SSP585,6.821175089943134,-0.2052261985398669,4.042797329025568
2068-04-21,2068,Apr,21,112,SSP585,7.126355489943133,0.640123509460133,1.2657884663734273
2068-04-22,2068,Apr,22,113,SSP585,10.068294545943134,2.6665213654601327,2.5881736390649657
2068-04-23,2068,Apr,23,114,SSP585,9.824150225943134,2.8954066654601327,3.551625693454439
2068-04-24,2068,Apr,24,115,SSP585,7.501727381943134,1.683840477460133,2.3803702547848853
2068-04-25,2068,Apr,25,116,SSP585,7.990016021943134,2.0103835054601333,4.590642614854929
2068-04-26,2068,Apr,26,117,SSP585,9.195478601943133,1.0673760694601329,3.2871486589161756
2068-04-27,2068,Apr,27,118,SSP585,10.461977261943133,1.7265657334601332,2.0403283532355925
2068-04-28,2068,Apr,28,119,SSP585,10.617619265943134,1.970710053460133,2.3803702547848853
2068-04-29,2068,Apr,29,120,SSP585,10.126278821943133,3.441679581460133,4.137253412789284
2068-04-30,2068,Apr,30,121,SSP585,10.349060513943133,3.7499117854601325,6.914262275441424
2069-04-01,2069,Apr,1,91,SSP585,2.579167529943134,-4.883641730539867,3.7783202944872922
2069-04-02,2069,Apr,2,92,SSP585,3.9433239179431334,-3.577469618539867,3.853885161498248
2069-04-03,2069,Apr,3,93,SSP585,4.675756877943133,-2.5703742985398668,4.042797329025568
2069-04-04,2069,Apr,4,94,SSP585,3.918909485943133,-2.246883074539867,3.2871486589161756
2069-04-05,2069,Apr,5,95,SSP585,3.6015218699431335,-2.820622226539867,5.705224403266313
2069-04-06,2069,Apr,6,96,SSP585,3.909754073943134,-2.167536170539867,4.817337215887721
2069-04-07,2069,Apr,7,97,SSP585,3.3756883739431336,-0.516510206539867,2.9848891908723667
2069-04-08,2069,Apr,8,98,SSP585,3.680868773943134,-0.965125394539867,4.760663565629538
2069-04-09,2069,Apr,9,99,SSP585,4.626928013943133,-1.074990338539867,3.872776378250946
2069-04-10,2069,Apr,10,100,SSP585,5.295273089943134,-1.398481562539867,2.814868240097758
2069-04-11,2069,Apr,11,101,SSP585,6.656377673943133,-1.047524102539867,3.4193871761853014
2069-04-12,2069,Apr,12,102,SSP585,7.562763461943133,0.2708552254601331,1.889198619213682
2069-04-13,2069,Apr,13,103,SSP585,7.352188985943133,1.4335925494601331,6.328634556106642
2069-04-14,2069,Apr,14,104,SSP585,8.722448981943133,1.653322437460133,4.099470979283812
2069-04-15,2069,Apr,15,105,SSP585,7.449846713943133,0.5149995454601328,3.457169609690785
2069-04-16,2069,Apr,16,106,SSP585,6.573978965943134,-0.01296254653986706,3.91055881175643
2069-04-17,2069,Apr,17,107,SSP585,7.645162169943134,0.5516211934601329,2.3236966045266283
2069-04-18,2069,Apr,18,108,SSP585,7.776389741943133,0.5180513494601329,1.98365470297741
2069-04-19,2069,Apr,19,109,SSP585,8.984904125943133,1.949347425460133,1.0957675155988207
2069-04-20,2069,Apr,20,110,SSP585,9.711233477943134,2.397962613460133,5.081814250426058
2069-04-21,2069,Apr,21,111,SSP585,8.225004929943134,1.7052031054601329,3.551625693454439
2069-04-22,2069,Apr,22,112,SSP585,8.072414729943134,2.3582891614601325,3.6649729939708657
2069-04-23,2069,Apr,23,113,SSP585,9.699026261943134,2.6451587374601324,3.683864210723639
2069-04-24,2069,Apr,24,114,SSP585,9.961481405943134,1.628908005460133,3.2115837919052206
2069-04-25,2069,Apr,25,115,SSP585,10.107967997943133,2.614640697460133,3.136018924894265
2069-04-26,2069,Apr,26,116,SSP585,7.568867069943133,1.7845500094601332,3.3438223091743584
2069-04-27,2069,Apr,27,117,SSP585,7.748923505943134,2.0134353094601334,3.853885161498248
2069-04-28,2069,Apr,28,118,SSP585,8.844521141943133,3.1090329454601324,5.195161550942485
2069-04-29,2069,Apr,29,119,SSP585,8.679723725943134,3.133447377460133,4.231709496552938
2069-04-30,2069,Apr,30,120,SSP585,10.028621093943134,3.386747109460133,3.438278392938074
2070-04-01,2070,Apr,1,91,SSP585,4.684912289943133,-1.7952160825398669,1.3602445501370812
2070-04-02,2070,Apr,2,92,SSP585,6.067379501943133,-1.355756306539867,2.2859141710211572
2070-04-03,2070,Apr,3,93,SSP585,6.317627429943133,-0.830846018539867,3.438278392938074
2070-04-04,2070,Apr,4,94,SSP585,6.326782841943134,-1.4747766625398668,2.5881736390649657
2070-04-05,2070,Apr,5,95,SSP585,7.059215801943134,-0.760654526539867,3.551625693454439
2070-04-06,2070,Apr,6,96,SSP585,7.645162169943134,-0.763706330539867,4.023906112272857
2070-04-07,2070,Apr,7,97,SSP585,6.601445201943133,-1.654833098539867,4.666207481865884
2070-04-08,2070,Apr,8,98,SSP585,6.158933621943134,-0.6263751505398669,3.457169609690785
2070-04-09,2070,Apr,9,99,SSP585,5.716422041943133,0.237285381460133,2.814868240097758
2070-04-10,2070,Apr,10,100,SSP585,6.342041861943134,-0.968177198539867,3.173801358399749
2070-04-11,2070,Apr,11,101,SSP585,7.199598785943133,0.15793847746013312,6.725350107914042
2070-04-12,2070,Apr,12,102,SSP585,7.117200077943133,0.496688721460133,3.230475008657919
2070-04-13,2070,Apr,13,103,SSP585,7.022594153943134,0.2311817734601329,3.173801358399749
2070-04-14,2070,Apr,14,104,SSP585,7.742819897943134,2.0286943294601327,6.309743339353869
2070-04-15,2070,Apr,15,105,SSP585,7.629903149943134,1.0063399894601328,3.5327344767017403
2070-04-16,2070,Apr,16,106,SSP585,7.196546981943133,0.28611424546013287,4.231709496552938
2070-04-17,2070,Apr,17,107,SSP585,7.782493349943133,0.8201799454601331,3.929450028509203
2070-04-18,2070,Apr,18,108,SSP585,6.601445201943133,-0.23574423853986692,2.115893220246548
2070-04-19,2070,Apr,19,109,SSP585,7.080578429943133,0.353253933460133,1.039093865340642
2070-04-20,2070,Apr,20,110,SSP585,7.654317581943133,0.5760356254601329,3.5894081269599103
2070-04-21,2070,Apr,21,111,SSP585,8.896401809943134,1.509887649460133,2.0970020034938366
2070-04-22,2070,Apr,22,112,SSP585,9.515918021943133,1.3756082734601331,2.229240520762975
2070-04-23,2070,Apr,23,113,SSP585,10.144589645943134,1.741824753460133,5.289617634706139
2070-04-24,2070,Apr,24,114,SSP585,10.471132673943133,2.4315324574601327,5.96970143780465
2070-04-25,2070,Apr,25,115,SSP585,9.384690449943134,2.175180921460133,3.5894081269599103
2070-04-26,2070,Apr,26,116,SSP585,8.984904125943133,2.404066221460133,5.289617634706139
2070-04-27,2070,Apr,27,117,SSP585,8.786536865943134,2.391859005460133,2.7204121563340915
2070-04-28,2070,Apr,28,118,SSP585,9.222944837943134,1.274898741460133,3.4760608264434834
2070-04-29,2070,Apr,29,119,SSP585,9.174115973943133,1.2413288974601329,3.9672324620146746
2070-04-30,2070,Apr,30,120,SSP585,10.858711781943134,1.0978941094601329,2.7393033730868024
2071-04-01,2071,Apr,1,91,SSP585,1.8650453939431337,-2.121759110539867,4.137253412789284
2071-04-02,2071,Apr,2,92,SSP585,1.4591554619431337,-2.115655502539867,6.6308940241503755
2071-04-03,2071,Apr,3,93,SSP585,3.0155755019431334,-1.517501918539867,5.724115620019085
2071-04-04,2071,Apr,4,94,SSP585,4.059292469943133,-2.719912694539867,2.531499988806709
2071-04-05,2071,Apr,5,95,SSP585,3.638143517943133,-2.695498262539867,6.253069689095686
2071-04-06,2071,Apr,6,96,SSP585,3.0888187979431336,-1.990531538539867,4.760663565629538
2071-04-07,2071,Apr,7,97,SSP585,3.345170333943133,-1.142130026539867,4.401730447327547
2071-04-08,2071,Apr,8,98,SSP585,4.388887301943133,-0.040428782539867036,3.022671624377838
2071-04-09,2071,Apr,9,99,SSP585,4.657446053943134,-1.728076394539867,5.743006836771784
2071-04-10,2071,Apr,10,100,SSP585,5.197615361943133,0.26169981346013294,4.571751398102156
2071-04-11,2071,Apr,11,101,SSP585,6.104001149943134,0.12436863346013305,3.7783202944872922
2071-04-12,2071,Apr,12,102,SSP585,5.722525649943133,-0.39748985053986696,2.68262972282862
2071-04-13,2071,Apr,13,103,SSP585,5.969721773943133,-0.22964063053986705,3.438278392938074
2071-04-14,2071,Apr,14,104,SSP585,5.948359145943133,0.438704445460133,3.1926925751525217
2071-04-15,2071,Apr,15,105,SSP585,6.171140837943134,-0.04348058653986686,4.250600713305723
2071-04-16,2071,Apr,16,106,SSP585,6.500735669943134,-0.15029372653986695,4.345056797069377
2071-04-17,2071,Apr,17,107,SSP585,6.696051125943134,0.789661905460133,4.7417723488768395
2071-04-18,2071,Apr,18,108,SSP585,6.891366581943133,0.9758219494601332,5.3462912849643205
2071-04-19,2071,Apr,19,109,SSP585,7.837425821943134,1.802860833460133,6.6308940241503755
2071-04-20,2071,Apr,20,110,SSP585,7.736716289943134,1.0887386974601332,5.081814250426058
2071-04-21,2071,Apr,21,111,SSP585,7.516986401943134,1.741824753460133,5.327400068211622
2071-04-22,2071,Apr,22,112,SSP585,7.617695933943134,1.195551837460133,2.1536756537520194
2071-04-23,2071,Apr,23,113,SSP585,8.405061365943133,1.9951244854601329,1.9458722694719388
2071-04-24,2071,Apr,24,114,SSP585,10.223936549943133,2.4834131254601326,1.7380688851918455
2071-04-25,2071,Apr,25,115,SSP585,10.455873653943133,2.4864649294601326,4.118362196036511
2071-04-26,2071,Apr,26,116,SSP585,10.291076237943134,2.867940429460133,4.061688545778341
2071-04-27,2071,Apr,27,117,SSP585,10.159848665943134,2.4162734374601325,2.3803702547848853
2071-04-28,2071,Apr,28,118,SSP585,9.705129869943134,2.6421069334601324,3.249366225410692
2071-04-29,2071,Apr,29,119,SSP585,10.910592449943133,3.1090329454601324,4.685098698618595
2071-04-30,2071,Apr,30,120,SSP585,10.968576725943134,3.2219496934601324,5.06292303367336
2072-04-01,2072,Apr,1,92,SSP585,5.441759681943133,-2.0790338545398668,3.7216466442291223
2072-04-02,2072,Apr,2,93,SSP585,4.092862313943133,-2.698550066539867,2.947106757366883
2072-04-03,2072,Apr,3,94,SSP585,3.0308345219431336,-2.524597238539867,3.6460817772181673
2072-04-04,2072,Apr,4,95,SSP585,4.160002001943133,-1.459517642539867,3.7972115112400036
2072-04-05,2072,Apr,5,96,SSP585,4.196623649943134,-1.725024590539867,3.4949520431962564
2072-04-06,2072,Apr,6,97,SSP585,4.190520041943134,-1.172648066539867,3.1926925751525217
2072-04-07,2072,Apr,7,98,SSP585,5.017558925943134,-1.831837730539867,3.5327344767017403
2072-04-08,2072,Apr,8,99,SSP585,5.713370237943133,-1.029213278539867,2.455935121795766
2072-04-09,2072,Apr,9,100,SSP585,6.290161193943134,-1.2733575985398669,5.006249383415103
2072-04-10,2072,Apr,10,101,SSP585,6.003291617943133,-2.414732294539867,1.8514161857082847
2072-04-11,2072,Apr,11,102,SSP585,5.9727735779431335,-0.992591630539867,2.9848891908723667
2072-04-12,2072,Apr,12,103,SSP585,6.384767117943134,-0.9895398265398669,2.1536756537520194
2072-04-13,2072,Apr,13,104,SSP585,7.239272237943133,-0.24489965053986706,1.303570899878911
2072-04-14,2072,Apr,14,105,SSP585,8.319610853943134,1.0338062254601332,1.98365470297741
2072-04-15,2072,Apr,15,106,SSP585,8.804847689943134,2.059212369460133,5.044031816920586
2072-04-16,2072,Apr,16,107,SSP585,8.295196421943134,0.7988173174601332,4.156144629541995
2072-04-17,2072,Apr,17,108,SSP585,7.574970677943133,0.6920041774601329,3.154910141647038
2072-04-18,2072,Apr,18,109,SSP585,7.382707025943134,0.5027923294601331,2.814868240097758
2072-04-19,2072,Apr,19,110,SSP585,8.423372189943134,0.8934232414601329,1.8325249689555119
2072-04-20,2072,Apr,20,111,SSP585,9.433519313943133,1.4671623934601332,5.591877102749961
2072-04-21,2072,Apr,21,112,SSP585,8.493563681943133,1.2901577614601332,2.3614790380321
2072-04-22,2072,Apr,22,113,SSP585,7.901513705943133,1.0948423054601328,2.8715418903560015
2072-04-23,2072,Apr,23,114,SSP585,10.211729333943133,2.3521855534601332,1.8703074024609834
2072-04-24,2072,Apr,24,115,SSP585,9.872979089943133,3.3501254614601326,5.780789270277268
2072-04-25,2072,Apr,25,116,SSP585,10.040828309943134,2.4681541054601324,4.552860181349458
2072-04-26,2072,Apr,26,117,SSP585,9.287032721943133,1.744876557460133,3.608299343712683
2072-04-27,2072,Apr,27,118,SSP585,10.187314901943134,2.001228093460133,3.7027554274763492
2072-04-28,2072,Apr,28,119,SSP585,10.864815389943134,3.0693594934601327,5.799680487030041
2072-04-29,2072,Apr,29,120,SSP585,11.240187281943134,2.733661053460133,4.7228811321240665
2072-04-30,2072,Apr,30,121,SSP585,11.014353785943133,2.925924705460133,4.0050148955201585
2073-04-01,2073,Apr,1,91,SSP585,-1.2508464900568663,-5.228495582539867,2.0403283532355925
2073-04-02,2073,Apr,2,92,SSP585,0.2567446859431337,-4.392301286539867,2.078110786741064
2073-04-03,2073,Apr,3,93,SSP585,2.1061379099431337,-2.262142094539867,1.416918200395338
2073-04-04,2073,Apr,4,94,SSP585,2.3380750139431337,-1.801319690539867,2.947106757366883
2073-04-05,2073,Apr,5,95,SSP585,2.8965551459431333,-1.517501918539867,2.6637385060759216
2073-04-06,2073,Apr,6,96,SSP585,4.462130597943133,-0.852208646539867,4.042797329025568
2073-04-07,2073,Apr,7,97,SSP585,5.5150029779431335,-1.364911718539867,4.118362196036511
2073-04-08,2073,Apr,8,98,SSP585,5.679800393943133,-1.508346506539867,3.2871486589161756
2073-04-09,2073,Apr,9,99,SSP585,5.591298077943134,-1.169596262539867,5.195161550942485
2073-04-10,2073,Apr,10,100,SSP585,5.292221285943134,-0.955969982539867,5.195161550942485
2073-04-11,2073,Apr,11,101,SSP585,6.891366581943133,-0.748447310539867,2.8715418903560015
2073-04-12,2073,Apr,12,102,SSP585,7.965601589943134,0.7957655134601331,2.852650673603229
2073-04-13,2073,Apr,13,103,SSP585,7.626851345943134,1.6380634174601332,4.7417723488768395
2073-04-14,2073,Apr,14,104,SSP585,7.718405465943134,1.708254909460133,5.044031816920586
2073-04-15,2073,Apr,15,105,SSP585,6.863900345943133,0.4814297014601332,3.7594290777345196
2073-04-16,2073,Apr,16,106,SSP585,6.155881817943134,-0.12282749053986697,3.7783202944872922
2073-04-17,2073,Apr,17,107,SSP585,6.769294421943133,0.701159589460133,4.175035846294768
2073-04-18,2073,Apr,18,108,SSP585,6.934091837943134,1.107049521460133,3.853885161498248
2073-04-19,2073,Apr,19,109,SSP585,6.747931793943133,1.8211716574601329,4.496186531091275
2073-04-20,2073,Apr,20,110,SSP585,6.607548809943133,0.9758219494601332,2.4370439050430552
2073-04-21,2073,Apr,21,111,SSP585,7.462053929943133,1.5770273374601331,4.363948013822076
2073-04-22,2073,Apr,22,112,SSP585,8.429475797943134,1.451903373460133,4.382839230574849
2073-04-23,2073,Apr,23,113,SSP585,9.213789425943133,2.391859005460133,4.685098698618595
2073-04-24,2073,Apr,24,114,SSP585,11.038768217943133,3.7621190014601327,4.571751398102156
2073-04-25,2073,Apr,25,115,SSP585,12.106899617943133,3.2402605174601327,3.438278392938074
2073-04-26,2073,Apr,26,116,SSP585,12.067226165943133,3.261623145460133,4.118362196036511
2073-04-27,2073,Apr,27,117,SSP585,11.878014317943133,4.5067591774601325,5.572985885997187
2073-04-28,2073,Apr,28,118,SSP585,12.341888525943133,4.290081093460133,7.103174442968806
2073-04-29,2073,Apr,29,119,SSP585,12.341888525943133,3.0144270214601327,1.5491567176644636
2073-04-30,2073,Apr,30,120,SSP585,13.303206785943134,3.5301818974601327,1.0579850820933443
2074-04-01,2074,Apr,1,91,SSP585,2.1610703819431336,-2.726016302539867,4.156144629541995
2074-04-02,2074,Apr,2,92,SSP585,2.9636948339431335,-1.163492654539867,3.2871486589161756
2074-04-03,2074,Apr,3,93,SSP585,3.8914432499431335,-2.100396482539867,2.0214371364828936
2074-04-04,2074,Apr,4,94,SSP585,2.7378613379431336,-2.558167082539867,6.083048738321076
2074-04-05,2074,Apr,5,95,SSP585,2.8416226739431334,-2.585633318539867,3.2682574421634025
2074-04-06,2074,Apr,6,96,SSP585,3.851769797943134,-1.999686950539867,2.758194589839575
2074-04-07,2074,Apr,7,97,SSP585,4.153898393943133,-1.639574078539867,3.6649729939708657
2074-04-08,2074,Apr,8,98,SSP585,4.202727257943134,-0.31509114253986703,1.133549949104297
2074-04-09,2074,Apr,9,99,SSP585,3.8792360339431333,-0.656893190539867,3.7594290777345196
2074-04-10,2074,Apr,10,100,SSP585,4.868020529943133,-0.8003279785398669,4.118362196036511
2074-04-11,2074,Apr,11,101,SSP585,4.2393489059431335,0.05722894546013313,4.175035846294768
2074-04-12,2074,Apr,12,102,SSP585,4.337006633943133,-0.016014350539866884,3.136018924894265
2074-04-13,2074,Apr,13,103,SSP585,4.654394249943134,-1.2153733225398669,2.7959770233450465
2074-04-14,2074,Apr,14,104,SSP585,6.650274065943133,-0.7423437025398669,5.308508851458911
2074-04-15,2074,Apr,15,105,SSP585,6.717413753943134,0.4814297014601332,6.6308940241503755
2074-04-16,2074,Apr,16,106,SSP585,6.046016873943134,0.11521322146013291,4.496186531091275
2074-04-17,2074,Apr,17,107,SSP585,6.656377673943133,0.5516211934601329,2.777085806592274
2074-04-18,2074,Apr,18,108,SSP585,8.102932769943134,1.735721145460133,3.6271905604653942
2074-04-19,2074,Apr,19,109,SSP585,7.840477625943134,2.1385592734601326,6.914262275441424
2074-04-20,2074,Apr,20,110,SSP585,7.492571969943134,2.1385592734601326,5.214052767695196
2074-04-21,2074,Apr,21,111,SSP585,7.959497981943134,2.108041233460133,4.439512880833031
2074-04-22,2074,Apr,22,112,SSP585,8.759070629943134,2.8862512534601326,3.4193871761853014
2074-04-23,2074,Apr,23,113,SSP585,9.268721897943134,2.0897304094601328,1.3602445501370812
2074-04-24,2074,Apr,24,114,SSP585,8.463045641943133,1.4671623934601332,4.118362196036511
2074-04-25,2074,Apr,25,115,SSP585,8.951334281943133,0.612657273460133,2.777085806592274
2074-04-26,2074,Apr,26,116,SSP585,9.149701541943134,1.012443597460133,5.2707264179534405
2074-04-27,2074,Apr,27,117,SSP585,9.409104881943133,2.0256425254601327,2.3614790380321
2074-04-28,2074,Apr,28,118,SSP585,11.585041133943134,2.4895167334601327,3.7594290777345196
2074-04-29,2074,Apr,29,119,SSP585,13.645008833943134,4.3846870174601325,4.118362196036511
2074-04-30,2074,Apr,30,120,SSP585,12.998026385943133,4.195475169460133,3.457169609690785
2075-04-01,2075,Apr,1,91,SSP585,2.652410825943133,-3.507278126539867,3.136018924894265
2075-04-02,2075,Apr,2,92,SSP585,4.144742981943134,-2.314022762539867,3.7972115112400036
2075-04-03,2075,Apr,3,93,SSP585,5.078595005943133,-2.0485158145398668,0.7746168308023058
2075-04-04,2075,Apr,4,94,SSP585,4.782570017943134,-1.490035682539867,2.0403283532355925
2075-04-05,2075,Apr,5,95,SSP585,5.774406317943133,-0.30898753453986694,4.269491930058421
2075-04-06,2075,Apr,6,96,SSP585,6.055172285943134,0.7744028854601333,2.7204121563340915
2075-04-07,2075,Apr,7,97,SSP585,5.005351709943134,-0.025169762539867024,3.457169609690785
2075-04-08,2075,Apr,8,98,SSP585,5.209822577943133,0.026710905460133105,6.66867645765586
2075-04-09,2075,Apr,9,99,SSP585,5.621816117943133,0.0694361614601331,5.384073718469805
2075-04-10,2075,Apr,10,100,SSP585,6.143674601943133,-1.078042142539867,3.9861236787673855
2075-04-11,2075,Apr,11,101,SSP585,6.891366581943133,-0.39748985053986696,4.042797329025568
2075-04-12,2075,Apr,12,102,SSP585,7.455950321943133,0.04196992546013312,4.250600713305723
2075-04-13,2075,Apr,13,103,SSP585,6.1467264059431335,0.5088959374601332,2.30480538777393
2075-04-14,2075,Apr,14,104,SSP585,4.904642177943133,-0.656893190539867,6.0074838713101215
2075-04-15,2075,Apr,15,105,SSP585,6.268798565943134,0.3746165614601329,4.458404097585803
2075-04-16,2075,Apr,16,106,SSP585,6.705206537943134,0.20981914546013303,3.7783202944872922
2075-04-17,2075,Apr,17,107,SSP585,6.992076113943133,-0.19607078653986698,2.3803702547848853
2075-04-18,2075,Apr,18,108,SSP585,8.368439717943133,0.35630573746013305,1.303570899878911
2075-04-19,2075,Apr,19,109,SSP585,8.334869873943134,0.42039362146013315,5.384073718469805
2075-04-20,2075,Apr,20,110,SSP585,8.340973481943134,1.1436711694601331,5.837462920535512
2075-04-21,2075,Apr,21,111,SSP585,8.240263949943133,0.9453039094601332,4.269491930058421
2075-04-22,2075,Apr,22,112,SSP585,8.218901321943134,1.851689697460133,2.210349304010202
2075-04-23,2075,Apr,23,113,SSP585,7.953394373943134,1.7235139294601332,4.552860181349458
2075-04-24,2075,Apr,24,114,SSP585,9.103924481943134,1.5861827494601328,3.362713525927131
2075-04-25,2075,Apr,25,115,SSP585,9.726492497943134,2.0836268014601327,2.4370439050430552
2075-04-26,2075,Apr,26,116,SSP585,9.378586841943134,2.553604617460133,1.9269810527191658
2075-04-27,2075,Apr,27,117,SSP585,10.614567461943134,3.9360718294601327,4.647316265113112
2075-04-28,2075,Apr,28,118,SSP585,10.080501761943134,3.902501985460133,4.42062166408032
2075-04-29,2075,Apr,29,119,SSP585,11.630818193943133,4.586106081460133,2.3992614715375837
2075-04-30,2075,Apr,30,120,SSP585,14.334716537943134,6.450758325460132,5.365182501717094
2076-04-01,2076,Apr,1,92,SSP585,5.6248679219431335,-0.18386357053986702,3.230475008657919
2076-04-02,2076,Apr,2,93,SSP585,4.648290641943134,0.264751617460133,3.7216466442291223
2076-04-03,2076,Apr,3,94,SSP585,5.151838301943133,0.8659570054601329,7.839931896325488
2076-04-04,2076,Apr,4,95,SSP585,5.829338789943133,0.4631188774601329,6.66867645765586
2076-04-05,2076,Apr,5,96,SSP585,5.777458121943133,0.17624930146013296,2.455935121795766
2076-04-06,2076,Apr,6,97,SSP585,5.969721773943133,0.4631188774601329,4.60953383160764
2076-04-07,2076,Apr,7,98,SSP585,4.7001713099431335,-0.46768134253986693,3.136018924894265
2076-04-08,2076,Apr,8,99,SSP585,5.2800140699431335,-1.047524102539867,4.0050148955201585
2076-04-09,2076,Apr,9,100,SSP585,4.706274917943134,-1.136026418539867,3.7972115112400036
2076-04-10,2076,Apr,10,101,SSP585,5.9178411059431335,-1.1573890465398669,4.061688545778341
2076-04-11,2076,Apr,11,102,SSP585,7.007335133943133,-0.22964063053986705,4.042797329025568
2076-04-12,2076,Apr,12,103,SSP585,6.409181549943133,-1.575486194539867,4.175035846294768
2076-04-13,2076,Apr,13,104,SSP585,8.566806977943134,-0.09841305853986704,2.68262972282862
2076-04-14,2076,Apr,14,105,SSP585,10.230040157943133,1.741824753460133,5.308508851458911
2076-04-15,2076,Apr,15,106,SSP585,8.841469337943133,1.247432505460133,5.856354137288223
2076-04-16,2076,Apr,16,107,SSP585,7.721457269943134,0.6340199014601329,3.853885161498248
2076-04-17,2076,Apr,17,108,SSP585,8.292144617943134,0.698107785460133,3.8916675950037316
2076-04-18,2076,Apr,18,109,SSP585,7.779441545943133,0.6004500574601332,4.968466949909631
2076-04-19,2076,Apr,19,110,SSP585,7.837425821943134,0.8354389654601329,3.834993944745475
2076-04-20,2076,Apr,20,111,SSP585,9.604420337943134,2.4681541054601324,3.3438223091743584
2076-04-21,2076,Apr,21,112,SSP585,9.586109513943134,2.0103835054601333,1.7758513186973293
2076-04-22,2076,Apr,22,113,SSP585,10.153745057943134,2.8282669774601326,3.0415628411306113
2076-04-23,2076,Apr,23,114,SSP585,11.456865365943134,3.7529635894601325,2.078110786741064
2076-04-24,2076,Apr,24,115,SSP585,13.199445449943134,4.949270757460133,3.4004959594326025
2076-04-25,2076,Apr,25,116,SSP585,12.961404737943134,4.7966805574601326,2.5126087720540107
2076-04-26,2076,Apr,26,117,SSP585,12.579929237943134,4.589157885460133,4.269491930058421
2076-04-27,2076,Apr,27,118,SSP585,11.105907905943134,4.290081093460133,6.385308206364824
2076-04-28,2076,Apr,28,119,SSP585,11.414140109943133,3.905553789460133,3.7783202944872922
2076-04-29,2076,Apr,29,120,SSP585,11.890221533943134,4.8485612254601325,3.249366225410692
2076-04-30,2076,Apr,30,121,SSP585,12.634861709943133,4.409101449460133,3.6271905604653942
2077-04-01,2077,Apr,1,91,SSP585,4.428560753943134,-1.880666594539867,2.210349304010202
2077-04-02,2077,Apr,2,92,SSP585,4.922953001943133,-2.195002406539867,2.3425878212794013
2077-04-03,2077,Apr,3,93,SSP585,6.250487741943133,-2.500182806539867,3.5138432599489677
2077-04-04,2077,Apr,4,94,SSP585,4.4712860099431335,-1.914236438539867,2.909324323861473
2077-04-05,2077,Apr,5,95,SSP585,5.344101953943134,-1.642625882539867,3.438278392938074
2077-04-06,2077,Apr,6,96,SSP585,4.053188861943133,-2.664980222539867,5.119596683931529
2077-04-07,2077,Apr,7,97,SSP585,4.8771759419431335,-1.596848822539867,4.5150777478439865
2077-04-08,2077,Apr,8,98,SSP585,5.887323065943133,-1.395429758539867,3.38160474267983
2077-04-09,2077,Apr,9,99,SSP585,5.231185205943134,-1.9111846345398669,2.3992614715375837
2077-04-10,2077,Apr,10,100,SSP585,5.8018725539431335,-1.990531538539867,2.078110786741064
2077-04-11,2077,Apr,11,101,SSP585,7.678732013943133,0.5516211934601329,4.193927063047466
2077-04-12,2077,Apr,12,102,SSP585,10.516909733943134,1.1711374054601331,2.3803702547848853
2077-04-13,2077,Apr,13,103,SSP585,10.199522117943134,0.612657273460133,3.7594290777345196
2077-04-14,2077,Apr,14,104,SSP585,8.981852321943133,0.759143865460133,4.099470979283812
2077-04-15,2077,Apr,15,105,SSP585,9.058147421943133,1.4091781174601332,6.385308206364824
2077-04-16,2077,Apr,16,106,SSP585,7.687887425943133,0.31968408946013294,2.1347844369993205
2077-04-17,2077,Apr,17,107,SSP585,8.594273213943133,0.496688721460133,2.7015209395813184
2077-04-18,2077,Apr,18,108,SSP585,9.290084525943133,2.156870097460133,2.0214371364828936
2077-04-19,2077,Apr,19,109,SSP585,10.498598909943134,2.3643927694601325,4.326165580316604
2077-04-20,2077,Apr,20,110,SSP585,10.159848665943134,1.4671623934601332,5.289617634706139
2077-04-21,2077,Apr,21,111,SSP585,10.468080869943133,3.5240782894601326,4.7417723488768395
2077-04-22,2077,Apr,22,112,SSP585,9.897393521943133,2.5383455974601326,8.047735280605568
2077-04-23,2077,Apr,23,113,SSP585,9.839409245943134,2.6024334814601326,5.610768319502659
2077-04-24,2077,Apr,24,114,SSP585,10.477236281943133,3.2921411854601326,6.952044708946896
2077-04-25,2077,Apr,25,115,SSP585,11.774252981943134,3.136499181460133,3.38160474267983
2077-04-26,2077,Apr,26,116,SSP585,10.846504565943134,2.3521855534601332,1.6058303679226458
2077-04-27,2077,Apr,27,117,SSP585,10.223936549943133,2.5413974014601326,3.2115837919052206
2077-04-28,2077,Apr,28,118,SSP585,9.897393521943133,2.9350801174601324,3.306039875668874
2077-04-29,2077,Apr,29,119,SSP585,10.465029065943133,3.2250014974601324,3.306039875668874
2077-04-30,2077,Apr,30,120,SSP585,12.436494449943133,3.093773925460133,1.530265500911765
2078-04-01,2078,Apr,1,91,SSP585,5.762199101943134,-0.821690606539867,5.3462912849643205
2078-04-02,2078,Apr,2,92,SSP585,4.9321084139431335,-1.0719385345398669,3.438278392938074
2078-04-03,2078,Apr,3,93,SSP585,4.858865117943133,-2.088189266539867,5.554094669244477
2078-04-04,2078,Apr,4,94,SSP585,4.648290641943134,-2.246883074539867,2.833759456850531
2078-04-05,2078,Apr,5,95,SSP585,6.372559901943133,-1.166544458539867,3.1926925751525217
2078-04-06,2078,Apr,6,96,SSP585,8.313507245943134,0.36851295346013324,5.2707264179534405
2078-04-07,2078,Apr,7,97,SSP585,8.081570141943134,-1.062783122539867,5.119596683931529
2078-04-08,2078,Apr,8,98,SSP585,6.076534913943133,-0.15944913853986686,5.8752453540409215
2078-04-09,2078,Apr,9,99,SSP585,6.793708853943134,-0.7545509185398669,4.023906112272857
2078-04-10,2078,Apr,10,100,SSP585,8.255522969943133,-0.226588826539867,5.856354137288223
2078-04-11,2078,Apr,11,101,SSP585,8.676671921943134,0.41429001346013306,2.68262972282862
2078-04-12,2078,Apr,12,102,SSP585,7.3674480059431335,-0.03432517453986694,3.7783202944872922
2078-04-13,2078,Apr,13,103,SSP585,6.500735669943134,0.21897455746013317,3.683864210723639
2078-04-14,2078,Apr,14,104,SSP585,6.400026137943134,0.13962765346013284,1.6436128014281297
2078-04-15,2078,Apr,15,105,SSP585,6.076534913943133,-0.6111161305398669,2.4370439050430552
2078-04-16,2078,Apr,16,106,SSP585,6.433595981943133,-1.325238266539867,1.8703074024609834
2078-04-17,2078,Apr,17,107,SSP585,9.662404613943133,-0.0892576465398669,3.457169609690785
2078-04-18,2078,Apr,18,108,SSP585,10.892281625943134,1.2871059574601331,2.4937175553012376
2078-04-19,2078,Apr,19,109,SSP585,10.880074409943134,2.4834131254601326,4.0050148955201585
2078-04-20,2078,Apr,20,110,SSP585,10.764105857943134,3.206690673460133,4.987358166662404
2078-04-21,2078,Apr,21,111,SSP585,12.463960685943134,4.250407641460133,7.518781211528968
2078-04-22,2078,Apr,22,112,SSP585,11.774252981943134,2.977805373460133,3.7783202944872922
2078-04-23,2078,Apr,23,113,SSP585,11.725424117943133,3.133447377460133,3.173801358399749
2078-04-24,2078,Apr,24,114,SSP585,11.429399129943134,2.806904349460133,3.9861236787673855
2078-04-25,2078,Apr,25,115,SSP585,11.655232625943134,1.6350116134601331,1.511374284158992
2078-04-26,2078,Apr,26,116,SSP585,10.956369509943134,2.8404741934601327,4.061688545778341
2078-04-27,2078,Apr,27,117,SSP585,11.224928261943134,3.136499181460133,4.231709496552938
2078-04-28,2078,Apr,28,118,SSP585,11.762045765943133,2.870992233460133,2.947106757366883
2078-04-29,2078,Apr,29,119,SSP585,11.542315877943134,1.915777581460133,2.814868240097758
2078-04-30,2078,Apr,30,120,SSP585,11.389725677943133,2.5352937934601325,2.078110786741064
2079-04-01,2079,Apr,1,91,SSP585,5.371568189943133,-0.891882098539867,4.042797329025568
2079-04-02,2079,Apr,2,92,SSP585,6.046016873943134,-1.3893261505398669,3.5894081269599103
2079-04-03,2079,Apr,3,93,SSP585,5.3959826219431335,-1.261150382539867,4.307274363563892
2079-04-04,2079,Apr,4,94,SSP585,4.1203285499431335,-2.066826638539867,6.800914974924985
2079-04-05,2079,Apr,5,95,SSP585,3.4184136299431334,-2.5123900225398668,3.4949520431962564
2079-04-06,2079,Apr,6,96,SSP585,3.6656097539431336,-1.877614790539867,3.0415628411306113
2079-04-07,2079,Apr,7,97,SSP585,3.8975468579431336,-1.801319690539867,2.1536756537520194
2079-04-08,2079,Apr,8,98,SSP585,5.176252733943134,-0.47683675453986707,3.5138432599489677
2079-04-09,2079,Apr,9,99,SSP585,5.264755049943133,-1.789112474539867,3.136018924894265
2079-04-10,2079,Apr,10,100,SSP585,5.887323065943133,-0.919348334539867,6.5742203738922065
2079-04-11,2079,Apr,11,101,SSP585,6.281005781943134,-0.5195620105398671,6.0452663048156055
2079-04-12,2079,Apr,12,102,SSP585,6.042965069943134,-0.0892576465398669,4.042797329025568
2079-04-13,2079,Apr,13,103,SSP585,4.629979817943133,-0.39138624253986687,5.705224403266313
2079-04-14,2079,Apr,14,104,SSP585,4.037929841943133,-0.23269243453986688,1.8136337522028008
2079-04-15,2079,Apr,15,105,SSP585,5.8629086339431336,0.39292738546013317,2.210349304010202
2079-04-16,2079,Apr,16,106,SSP585,7.111096469943133,1.8211716574601329,4.28838314681112
2079-04-17,2079,Apr,17,107,SSP585,7.993067825943134,1.2596397214601331,2.550391205559482
2079-04-18,2079,Apr,18,108,SSP585,7.791648761943133,1.100945913460133,2.9848891908723667
2079-04-19,2079,Apr,19,109,SSP585,7.532245421943134,2.150766489460133,5.308508851458911
2079-04-20,2079,Apr,20,110,SSP585,7.782493349943133,1.860845109460133,1.7758513186973293
2079-04-21,2079,Apr,21,111,SSP585,8.987955929943134,2.397962613460133,1.5491567176644636
2079-04-22,2079,Apr,22,112,SSP585,8.633946665943133,3.319607421460133,4.080579762531039
2079-04-23,2079,Apr,23,113,SSP585,7.9442389619431335,2.919821097460133,5.006249383415103
2079-04-24,2079,Apr,24,114,SSP585,8.649205685943134,2.3155639054601327,4.326165580316604
2079-04-25,2079,Apr,25,115,SSP585,9.265670093943134,4.003211517460133,8.255538664885663
2079-04-26,2079,Apr,26,116,SSP585,9.647145593943133,3.0693594934601327,5.119596683931529
2079-04-27,2079,Apr,27,117,SSP585,10.281920825943134,2.620744305460133,3.6649729939708657
2079-04-28,2079,Apr,28,118,SSP585,11.502642425943133,3.792637041460133,3.022671624377838
2079-04-29,2079,Apr,29,119,SSP585,11.765097569943133,4.634934945460133,4.401730447327547
2079-04-30,2079,Apr,30,120,SSP585,11.719320509943133,4.604416905460133,3.3438223091743584
2080-04-01,2080,Apr,1,92,SSP585,5.496692153943133,-0.940710962539867,2.2859141710211572
2080-04-02,2080,Apr,2,93,SSP585,6.232176917943134,0.10605780946013321,3.154910141647038
2080-04-03,2080,Apr,3,94,SSP585,6.168089033943134,0.582139233460133,3.91055881175643
2080-04-04,2080,Apr,4,95,SSP585,7.022594153943134,1.3298312134601329,4.911793299651449
2080-04-05,2080,Apr,5,96,SSP585,6.830330501943134,0.673693353460133,4.118362196036511
2080-04-06,2080,Apr,6,97,SSP585,5.704214825943134,0.26780342146013303,2.7204121563340915
2080-04-07,2080,Apr,7,98,SSP585,5.698111217943134,1.0368580294601328,4.231709496552938
2080-04-08,2080,Apr,8,99,SSP585,5.228133401943134,-0.10756847053986696,6.234178472342913
2080-04-09,2080,Apr,9,100,SSP585,6.796760657943134,1.244380701460133,5.100705467178757
2080-04-10,2080,Apr,10,101,SSP585,5.881219457943134,0.5302585654601331,4.023906112272857
2080-04-11,2080,Apr,11,102,SSP585,6.805916069943134,0.49974052546013303,4.382839230574849
2080-04-12,2080,Apr,12,103,SSP585,8.536288937943134,1.4396961574601332,3.0415628411306113
2080-04-13,2080,Apr,13,104,SSP585,9.259566485943134,2.1324556654601325,4.968466949909631
2080-04-14,2080,Apr,14,105,SSP585,10.425355613943134,2.959494549460133,2.2670229542684464
2080-04-15,2080,Apr,15,106,SSP585,9.708181673943134,3.316555617460133,2.814868240097758
2080-04-16,2080,Apr,16,107,SSP585,8.392854149943133,0.8934232414601329,2.0214371364828936
2080-04-17,2080,Apr,17,108,SSP585,9.412156685943133,0.438704445460133,1.98365470297741
2080-04-18,2080,Apr,18,109,SSP585,8.261626577943133,1.799809029460133,3.438278392938074
2080-04-19,2080,Apr,19,110,SSP585,7.971705197943134,2.791645329460133,4.477295314338503
2080-04-20,2080,Apr,20,111,SSP585,7.568867069943133,2.636003325460133,6.763132541419513
2080-04-21,2080,Apr,21,112,SSP585,6.699102929943134,1.604493573460133,2.7959770233450465
2080-04-22,2080,Apr,22,113,SSP585,7.083630233943133,1.2291216814601331,2.229240520762975
2080-04-23,2080,Apr,23,114,SSP585,8.945230673943133,1.5892345534601329,0.28344519523118283
2080-04-24,2080,Apr,24,115,SSP585,9.448778333943133,2.401014417460133,3.0037804076251398
2080-04-25,2080,Apr,25,116,SSP585,8.981852321943133,3.2280533014601325,3.4949520431962564
2080-04-26,2080,Apr,26,117,SSP585,8.701086353943133,3.737704569460133,4.703989915371368
2080-04-27,2080,Apr,27,118,SSP585,10.996042961943134,3.5149228774601324,2.30480538777393
2080-04-28,2080,Apr,28,119,SSP585,13.028544425943133,5.016410445460132,6.5364379403867225
2080-04-29,2080,Apr,29,120,SSP585,12.314422289943133,5.178156057460133,3.5705169102072114
2080-04-30,2080,Apr,30,121,SSP585,13.699941305943133,5.471129241460133,3.6460817772181673
2081-04-01,2081,Apr,1,91,SSP585,3.4367244539431336,-3.632402090539867,4.193927063047466
2081-04-02,2081,Apr,2,92,SSP585,3.287186057943133,-2.344540802539867,4.94957573315692
2081-04-03,2081,Apr,3,93,SSP585,3.7571638739431332,-2.1370181305398668,2.7204121563340915
2081-04-04,2081,Apr,4,94,SSP585,5.093854025943133,-0.38833443853986704,3.4004959594326025
2081-04-05,2081,Apr,5,95,SSP585,5.447863289943133,-0.23879604253986697,3.3438223091743584
2081-04-06,2081,Apr,6,96,SSP585,4.141691177943134,-2.0210495785398668,2.6448472893231485
2081-04-07,2081,Apr,7,97,SSP585,5.911737497943133,0.179301105460133,3.7216466442291223
2081-04-08,2081,Apr,8,98,SSP585,6.110104757943134,-0.0068589385398669656,2.1914580872575034
2081-04-09,2081,Apr,9,99,SSP585,4.407198125943133,-0.031273370539866896,4.42062166408032
2081-04-10,2081,Apr,10,100,SSP585,4.901590373943134,-0.2632104745398669,1.889198619213682
2081-04-11,2081,Apr,11,101,SSP585,5.905633889943133,0.29832146146013305,2.909324323861473
2081-04-12,2081,Apr,12,102,SSP585,5.881219457943134,0.3898755814601331,4.0050148955201585
2081-04-13,2081,Apr,13,103,SSP585,6.586186181943133,1.5251466694601332,3.6271905604653942
2081-04-14,2081,Apr,14,104,SSP585,6.470217629943133,1.7265657334601332,3.5138432599489677
2081-04-15,2081,Apr,15,105,SSP585,7.440691301943133,1.546509297460133,1.7191776684390725
2081-04-16,2081,Apr,16,106,SSP585,9.720388889943134,2.962546353460133,2.814868240097758
2081-04-17,2081,Apr,17,107,SSP585,9.918756149943134,2.5383455974601326,4.307274363563892
2081-04-18,2081,Apr,18,108,SSP585,10.553531381943133,3.5362855054601328,3.9483412452619016
2081-04-19,2081,Apr,19,109,SSP585,9.653249201943133,4.207682385460132,3.4949520431962564
2081-04-20,2081,Apr,20,110,SSP585,10.288024433943134,3.6308914294601324,3.929450028509203
2081-04-21,2081,Apr,21,111,SSP585,10.510806125943134,3.2219496934601324,3.0037804076251398
2081-04-22,2081,Apr,22,112,SSP585,10.599308441943133,2.629899717460133,2.210349304010202
2081-04-23,2081,Apr,23,113,SSP585,10.733587817943134,3.5210264854601325,3.324931092421647
2081-04-24,2081,Apr,24,114,SSP585,10.767157661943134,4.378583409460133,4.666207481865884
2081-04-25,2081,Apr,25,115,SSP585,11.200513829943134,4.705126437460133,3.2871486589161756
2081-04-26,2081,Apr,26,116,SSP585,10.318542473943133,3.7071865294601327,5.8752453540409215
2081-04-27,2081,Apr,27,117,SSP585,10.379578553943134,3.7407563734601332,3.7783202944872922
2081-04-28,2081,Apr,28,118,SSP585,11.551471289943134,4.702074633460133,2.2481317375156733
2081-04-29,2081,Apr,29,119,SSP585,12.473116097943134,4.192423365460133,2.7015209395813184
2081-04-30,2081,Apr,30,120,SSP585,11.636921801943133,3.9940561054601327,4.647316265113112
2082-04-01,2082,Apr,1,91,SSP585,5.884271261943134,-1.462569446539867,4.628425048360413
2082-04-02,2082,Apr,2,92,SSP585,5.249496029943133,-1.8532003585398669,4.269491930058421
2082-04-03,2082,Apr,3,93,SSP585,5.792717141943133,-1.883718398539867,1.322462116631684
2082-04-04,2082,Apr,4,94,SSP585,4.944315629943134,-3.214304942539867,2.2859141710211572
2082-04-05,2082,Apr,5,95,SSP585,3.6411953219431332,-2.555115278539867,3.834993944745475
2082-04-06,2082,Apr,6,96,SSP585,4.425508949943134,-1.374067130539867,4.666207481865884
2082-04-07,2082,Apr,7,97,SSP585,6.427492373943133,-0.818638802539867,1.416918200395338
2082-04-08,2082,Apr,8,98,SSP585,6.757087205943133,-1.035316886539867,2.3803702547848853
2082-04-09,2082,Apr,9,99,SSP585,7.5932815019431334,0.5180513494601329,3.306039875668874
2082-04-10,2082,Apr,10,100,SSP585,6.573978965943134,-0.4066452625398669,2.814868240097758
2082-04-11,2082,Apr,11,101,SSP585,6.570927161943134,-1.267253990539867,4.080579762531039
2082-04-12,2082,Apr,12,102,SSP585,6.647222261943133,-0.4066452625398669,5.421856151975277
2082-04-13,2082,Apr,13,103,SSP585,6.305420213943133,0.13657584946013324,3.2682574421634025
2082-04-14,2082,Apr,14,104,SSP585,7.321670945943133,0.9727701454601332,3.9861236787673855
2082-04-15,2082,Apr,15,105,SSP585,8.374543325943133,0.05417714146013308,1.5869391511699473
2082-04-16,2082,Apr,16,106,SSP585,10.330749689943133,2.697039405460133,3.834993944745475
2082-04-17,2082,Apr,17,107,SSP585,9.897393521943133,2.1233002534601324,5.1384879006842406
2082-04-18,2082,Apr,18,108,SSP585,9.494555393943134,2.404066221460133,2.6448472893231485
2082-04-19,2082,Apr,19,109,SSP585,8.966593301943133,1.9340884054601328,3.0793452746360828
2082-04-20,2082,Apr,20,110,SSP585,9.518969825943133,2.5261383814601324,3.7783202944872922
2082-04-21,2082,Apr,21,111,SSP585,10.013362073943133,2.7000912094601324,2.2670229542684464
2082-04-22,2082,Apr,22,112,SSP585,10.526065145943134,3.4203169534601328,2.229240520762975
2082-04-23,2082,Apr,23,113,SSP585,9.851616461943134,4.168008933460133,7.518781211528968
2082-04-24,2082,Apr,24,114,SSP585,10.089657173943133,4.6776602014601325,4.779554782382311
2082-04-25,2082,Apr,25,115,SSP585,10.458925457943133,4.354168977460133,2.758194589839575
2082-04-26,2082,Apr,26,116,SSP585,10.077449957943134,3.6888757054601324,2.1347844369993205
2082-04-27,2082,Apr,27,117,SSP585,10.165952273943134,3.716341941460133,3.9861236787673855
2082-04-28,2082,Apr,28,118,SSP585,10.980783941943134,3.887242965460133,3.929450028509203
2082-04-29,2082,Apr,29,119,SSP585,12.824073557943134,4.6166241214601325,1.98365470297741
2082-04-30,2082,Apr,30,120,SSP585,14.237058809943134,5.748843405460133,3.1926925751525217
2083-04-01,2083,Apr,1,91,SSP585,4.8771759419431335,-1.670092118539867,2.5881736390649657
2083-04-02,2083,Apr,2,92,SSP585,5.072491397943134,-1.224528734539867,3.1171277081415667
2083-04-03,2083,Apr,3,93,SSP585,7.065319409943134,-0.846105038539867,4.477295314338503
2083-04-04,2083,Apr,4,94,SSP585,7.0195423499431335,-0.06789501853986701,1.6436128014281297
2083-04-05,2083,Apr,5,95,SSP585,6.4946320619431335,0.1335240454601332,2.2481317375156733
2083-04-06,2083,Apr,6,96,SSP585,7.294204709943134,-0.5226138145398669,5.308508851458911
2083-04-07,2083,Apr,7,97,SSP585,6.802864265943134,-0.370023614539867,2.758194589839575
2083-04-08,2083,Apr,8,98,SSP585,7.736716289943134,0.5668802134601332,3.154910141647038
2083-04-09,2083,Apr,9,99,SSP585,9.055095617943133,0.930044889460133,3.91055881175643
2083-04-10,2083,Apr,10,100,SSP585,8.148709829943133,0.2006637334601329,3.872776378250946
2083-04-11,2083,Apr,11,101,SSP585,7.352188985943133,0.557724801460133,2.7959770233450465
2083-04-12,2083,Apr,12,102,SSP585,7.339981769943133,0.49974052546013303,3.2115837919052206
2083-04-13,2083,Apr,13,103,SSP585,8.173124261943133,1.223018073460133,4.798445999135022
2083-04-14,2083,Apr,14,104,SSP585,7.166028941943134,0.817128141460133,2.7393033730868024
2083-04-15,2083,Apr,15,105,SSP585,8.109036377943134,1.2047072494601332,3.324931092421647
2083-04-16,2083,Apr,16,106,SSP585,9.439622921943133,1.512939453460133,2.6637385060759216
2083-04-17,2083,Apr,17,107,SSP585,8.551547957943134,1.9310366014601332,5.3462912849643205
2083-04-18,2083,Apr,18,108,SSP585,8.618687645943133,2.672624973460133,7.424325127765314
2083-04-19,2083,Apr,19,109,SSP585,8.691930941943134,2.1995953534601327,2.455935121795766
2083-04-20,2083,Apr,20,110,SSP585,9.872979089943133,2.0744713894601334,1.794742535450028
2083-04-21,2083,Apr,21,111,SSP585,9.674611829943133,1.970710053460133,2.7393033730868024
2083-04-22,2083,Apr,22,112,SSP585,8.365387913943133,1.4915768254601331,3.3438223091743584
2083-04-23,2083,Apr,23,113,SSP585,9.189374993943133,1.891363149460133,2.531499988806709
2083-04-24,2083,Apr,24,114,SSP585,11.026561001943133,3.6980311174601326,5.232943984447968
2083-04-25,2083,Apr,25,115,SSP585,10.773261269943134,5.288021001460133,5.686333186513615
2083-04-26,2083,Apr,26,116,SSP585,11.563678505943134,4.012366929460133,4.326165580316604
2083-04-27,2083,Apr,27,117,SSP585,11.185254809943133,3.026634237460133,2.965997974119656
2083-04-28,2083,Apr,28,118,SSP585,11.432450933943134,3.6369950374601325,2.418152688290282
2083-04-29,2083,Apr,29,119,SSP585,11.047923629943133,3.8597767294601324,2.0403283532355925
2083-04-30,2083,Apr,30,120,SSP585,11.249342693943133,4.7966805574601326,3.362713525927131
2084-04-01,2084,Apr,1,92,SSP585,5.304428501943134,-2.292660134539867,6.49865550688125
2084-04-02,2084,Apr,2,93,SSP585,5.2250815979431335,-1.2703057945398668,3.4193871761853014
2084-04-03,2084,Apr,3,94,SSP585,5.548572821943133,-1.761646238539867,3.362713525927131
2084-04-04,2084,Apr,4,95,SSP585,5.3379983459431335,-1.993583342539867,1.964763486224637
2084-04-05,2084,Apr,5,96,SSP585,5.4570187019431335,-1.380170738539867,6.366416989612112
2084-04-06,2084,Apr,6,97,SSP585,6.2077624859431335,-1.2916684225398671,5.818571703782739
2084-04-07,2084,Apr,7,98,SSP585,6.821175089943134,0.02365910146013306,3.7405378609818207
2084-04-08,2084,Apr,8,99,SSP585,6.161985425943134,-0.6843594265398669,5.459638585480748
2084-04-09,2084,Apr,9,100,SSP585,6.628911437943133,-0.7087738585398671,2.7959770233450465
2084-04-10,2084,Apr,10,101,SSP585,6.882211169943133,-0.15639733453986704,1.2657884663734273
2084-04-11,2084,Apr,11,102,SSP585,7.504779185943134,-0.37307541853986703,2.0970020034938366
2084-04-12,2084,Apr,12,103,SSP585,8.395905953943133,0.8842678294601332,4.175035846294768
2084-04-13,2084,Apr,13,104,SSP585,9.369431429943134,0.3990309934601328,2.229240520762975
2084-04-14,2084,Apr,14,105,SSP585,9.567798689943134,0.8537497894601331,1.9458722694719388
2084-04-15,2084,Apr,15,106,SSP585,9.723440693943134,2.1477146854601328,3.6460817772181673
2084-04-16,2084,Apr,16,107,SSP585,9.9126525419431335,2.5444492054601326,3.7216466442291223
2084-04-17,2084,Apr,17,108,SSP585,9.518969825943133,1.8974667574601332,2.814868240097758
2084-04-18,2084,Apr,18,109,SSP585,9.238203857943134,1.628908005460133,4.855119649393204
2084-04-19,2084,Apr,19,110,SSP585,9.403001273943133,1.564820121460133,3.872776378250946
2084-04-20,2084,Apr,20,111,SSP585,9.573902297943134,1.860845109460133,2.4937175553012376
2084-04-21,2084,Apr,21,112,SSP585,10.358215925943133,2.159921901460133,1.964763486224637
2084-04-22,2084,Apr,22,113,SSP585,10.080501761943134,2.0286943294601327,2.550391205559482
2084-04-23,2084,Apr,23,114,SSP585,9.293136329943133,2.349133749460133,2.474826338548539
2084-04-24,2084,Apr,24,115,SSP585,9.482348177943134,3.209742477460133,3.5327344767017403
2084-04-25,2084,Apr,25,116,SSP585,9.369431429943134,3.0632558854601326,2.909324323861473
2084-04-26,2084,Apr,26,117,SSP585,11.069286257943133,4.345013565460133,3.0604540578833097
2084-04-27,2084,Apr,27,118,SSP585,11.404984697943133,4.027625949460133,4.439512880833031
2084-04-28,2084,Apr,28,119,SSP585,12.219816365943133,5.0255658574601325,4.836228432640493
2084-04-29,2084,Apr,29,120,SSP585,13.010233601943133,5.587097793460133,3.7783202944872922
2084-04-30,2084,Apr,30,121,SSP585,13.837272485943133,5.773257837460132,2.8715418903560015
2085-04-01,2085,Apr,1,91,SSP585,6.104001149943134,-0.7667581345398671,5.516312235739004
2085-04-02,2085,Apr,2,92,SSP585,4.843606097943134,-2.622254966539867,2.947106757366883
2085-04-03,2085,Apr,3,93,SSP585,5.579090861943134,-1.847096750539867,3.136018924894265
2085-04-04,2085,Apr,4,94,SSP585,5.878167653943134,-1.294720226539867,3.022671624377838
2085-04-05,2085,Apr,5,95,SSP585,5.185408145943134,-1.453414034539867,3.2871486589161756
2085-04-06,2085,Apr,6,96,SSP585,5.960566361943133,-1.392377954539867,3.6271905604653942
2085-04-07,2085,Apr,7,97,SSP585,7.245375845943133,-1.132974614539867,5.761898053524569
2085-04-08,2085,Apr,8,98,SSP585,7.092785645943133,-1.834889534539867,1.9080898359664549
2085-04-09,2085,Apr,9,99,SSP585,6.998179721943133,-1.636522274539867,2.9282155406141843
2085-04-10,2085,Apr,10,100,SSP585,6.943247249943134,-1.038368690539867,4.382839230574849
2085-04-11,2085,Apr,11,101,SSP585,6.326782841943134,-0.17470815853986688,2.7959770233450465
2085-04-12,2085,Apr,12,102,SSP585,6.961558073943133,0.035866317460133024,3.5705169102072114
2085-04-13,2085,Apr,13,103,SSP585,6.805916069943134,-0.620271542539867,1.511374284158992
2085-04-14,2085,Apr,14,104,SSP585,6.598393397943133,-1.261150382539867,2.3614790380321
2085-04-15,2085,Apr,15,105,SSP585,7.690939229943133,0.0694361614601331,4.817337215887721
2085-04-16,2085,Apr,16,106,SSP585,9.555591473943133,0.18235290946013305,6.989827142452367
2085-04-17,2085,Apr,17,107,SSP585,10.132382429943133,0.9514075174601329,3.0037804076251398
2085-04-18,2085,Apr,18,108,SSP585,10.498598909943134,1.9035703654601328,3.173801358399749
2085-04-19,2085,Apr,19,109,SSP585,11.035716413943133,2.843525997460133,6.763132541419513
2085-04-20,2085,Apr,20,110,SSP585,11.194410221943134,3.151758201460133,4.458404097585803
2085-04-21,2085,Apr,21,111,SSP585,10.465029065943133,3.606476997460133,4.703989915371368
2085-04-22,2085,Apr,22,112,SSP585,9.760062341943133,2.111093037460133,5.667441969760841
2085-04-23,2085,Apr,23,113,SSP585,10.294128041943134,2.8404741934601327,5.478529802233521
2085-04-24,2085,Apr,24,114,SSP585,10.425355613943134,3.160913613460133,4.042797329025568
2085-04-25,2085,Apr,25,115,SSP585,11.414140109943133,4.656297573460133,5.308508851458911
2085-04-26,2085,Apr,26,116,SSP585,11.594196545943133,4.085610225460133,4.798445999135022
2085-04-27,2085,Apr,27,117,SSP585,10.730536013943134,3.655305861460133,2.0970020034938366
2085-04-28,2085,Apr,28,118,SSP585,11.606403761943133,4.882131069460133,4.496186531091275
2085-04-29,2085,Apr,29,119,SSP585,12.445649861943133,4.824146793460133,3.249366225410692
2085-04-30,2085,Apr,30,120,SSP585,12.149624873943134,5.178156057460133,3.5894081269599103
2086-04-01,2086,Apr,1,91,SSP585,3.6472989299431333,-0.922400138539867,4.647316265113112
2086-04-02,2086,Apr,2,92,SSP585,4.059292469943133,-0.879674882539867,3.6271905604653942
2086-04-03,2086,Apr,3,93,SSP585,3.4916569259431336,-2.310970958539867,2.909324323861473
2086-04-04,2086,Apr,4,94,SSP585,3.7876819139431337,-1.166544458539867,5.9130277875464055
2086-04-05,2086,Apr,5,95,SSP585,3.278030645943134,-2.030204990539867,5.119596683931529
2086-04-06,2086,Apr,6,96,SSP585,4.221038081943133,-1.337445482539867,2.531499988806709
2086-04-07,2086,Apr,7,97,SSP585,5.698111217943134,-1.322186462539867,2.2670229542684464
2086-04-08,2086,Apr,8,98,SSP585,6.9005219939431335,0.5027923294601331,2.965997974119656
2086-04-09,2086,Apr,9,99,SSP585,7.562763461943133,1.2596397214601331,4.042797329025568
2086-04-10,2086,Apr,10,100,SSP585,5.908685693943133,0.1915083214601332,5.761898053524569
2086-04-11,2086,Apr,11,101,SSP585,6.509891081943134,0.23423357746013296,4.590642614854929
2086-04-12,2086,Apr,12,102,SSP585,7.745871701943134,1.534302081460133,3.0982364913887936
2086-04-13,2086,Apr,13,103,SSP585,7.748923505943134,1.598389965460133,4.760663565629538
2086-04-14,2086,Apr,14,104,SSP585,7.504779185943134,1.223018073460133,4.156144629541995
2086-04-15,2086,Apr,15,105,SSP585,8.038844885943133,2.333874729460133,5.025140600167876
2086-04-16,2086,Apr,16,106,SSP585,8.392854149943133,2.8374223894601327,5.9130277875464055
2086-04-17,2086,Apr,17,107,SSP585,8.667516509943134,2.3735481814601327,3.457169609690785
2086-04-18,2086,Apr,18,108,SSP585,8.163968849943133,1.711306713460133,3.230475008657919
2086-04-19,2086,Apr,19,109,SSP585,8.585117801943133,2.7122984254601326,3.6271905604653942
2086-04-20,2086,Apr,20,110,SSP585,9.158856953943133,2.965598157460133,5.157379117437014
2086-04-21,2086,Apr,21,111,SSP585,9.317550761943133,3.2860375774601325,5.8941365707936955
2086-04-22,2086,Apr,22,112,SSP585,9.091717265943133,2.794697133460133,3.5327344767017403
2086-04-23,2086,Apr,23,113,SSP585,10.004206661943133,2.7824899174601327,1.9458722694719388
2086-04-24,2086,Apr,24,114,SSP585,10.519961537943134,2.8313187814601326,3.7027554274763492
2086-04-25,2086,Apr,25,115,SSP585,10.938058685943133,3.713290137460133,4.458404097585803
2086-04-26,2086,Apr,26,116,SSP585,11.237135477943134,3.7102383334601328,3.136018924894265
2086-04-27,2086,Apr,27,117,SSP585,11.307326969943134,4.311443721460133,3.0415628411306113
2086-04-28,2086,Apr,28,118,SSP585,10.684758953943133,3.2402605174601327,3.7594290777345196
2086-04-29,2086,Apr,29,119,SSP585,11.505694229943133,3.725497353460133,1.700286451686374
2086-04-30,2086,Apr,30,120,SSP585,11.392777481943133,4.415205057460133,4.401730447327547
2087-04-01,2087,Apr,1,91,SSP585,5.814079769943134,-1.2733575985398669,4.458404097585803
2087-04-02,2087,Apr,2,92,SSP585,6.253539545943133,-0.2204852185398669,4.53396896459676
2087-04-03,2087,Apr,3,93,SSP585,5.185408145943134,-0.830846018539867,3.8161027279927766
2087-04-04,2087,Apr,4,94,SSP585,4.578099149943133,-0.849156842539867,2.0970020034938366
2087-04-05,2087,Apr,5,95,SSP585,4.843606097943134,-1.053627710539867,2.758194589839575
2087-04-06,2087,Apr,6,96,SSP585,6.094845737943134,-0.07705043053986693,4.023906112272857
2087-04-07,2087,Apr,7,97,SSP585,6.168089033943134,0.7042113934601331,5.327400068211622
2087-04-08,2087,Apr,8,98,SSP585,6.531253709943133,0.5119477414601332,5.195161550942485
2087-04-09,2087,Apr,9,99,SSP585,6.454958609943134,1.4366443534601332,5.327400068211622
2087-04-10,2087,Apr,10,100,SSP585,5.728629257943133,0.41429001346013306,4.099470979283812
2087-04-11,2087,Apr,11,101,SSP585,6.567875357943134,1.137567561460133,2.625956072570437
2087-04-12,2087,Apr,12,102,SSP585,6.912729209943134,1.363401057460133,3.1926925751525217
2087-04-13,2087,Apr,13,103,SSP585,7.611592325943134,0.2433889894601331,1.8703074024609834
2087-04-14,2087,Apr,14,104,SSP585,7.196546981943133,0.8812160254601331,3.438278392938074
2087-04-15,2087,Apr,15,105,SSP585,7.086682037943133,0.5424657814601332,6.1019399550737745
2087-04-16,2087,Apr,16,106,SSP585,9.375535037943134,1.912725777460133,5.081814250426058
2087-04-17,2087,Apr,17,107,SSP585,9.747855125943133,3.322659225460133,4.874010866145977
2087-04-18,2087,Apr,18,108,SSP585,9.042888401943133,3.267726753460133,2.455935121795766
2087-04-19,2087,Apr,19,109,SSP585,8.353180697943133,1.8394824814601332,5.478529802233521
2087-04-20,2087,Apr,20,110,SSP585,8.856728357943133,3.151758201460133,7.688802162303577
2087-04-21,2087,Apr,21,111,SSP585,10.526065145943134,2.626847913460133,2.2670229542684464
2087-04-22,2087,Apr,22,112,SSP585,10.486391693943133,3.3379182454601324,2.852650673603229
2087-04-23,2087,Apr,23,113,SSP585,9.726492497943134,3.795688845460133,7.273195393743416
2087-04-24,2087,Apr,24,114,SSP585,8.252471165943133,2.556656421460133,3.0415628411306113
2087-04-25,2087,Apr,25,115,SSP585,8.786536865943134,2.0134353094601334,5.856354137288223
2087-04-26,2087,Apr,26,116,SSP585,9.445726529943133,1.4976804334601332,2.3614790380321
2087-04-27,2087,Apr,27,117,SSP585,9.747855125943133,3.1853280454601327,4.099470979283812
2087-04-28,2087,Apr,28,118,SSP585,9.403001273943133,3.5240782894601326,3.324931092421647
2087-04-29,2087,Apr,29,119,SSP585,11.835289061943133,3.9208128094601324,4.7228811321240665
2087-04-30,2087,Apr,30,120,SSP585,12.964456541943134,4.351117173460133,3.551625693454439
2088-04-01,2088,Apr,1,92,SSP585,4.575047345943133,-2.588685122539867,3.4004959594326025
2088-04-02,2088,Apr,2,93,SSP585,3.5923664579431334,-2.298763742539867,3.7216466442291223
2088-04-03,2088,Apr,3,94,SSP585,3.580159241943133,-1.9844279305398669,4.458404097585803
2088-04-04,2088,Apr,4,95,SSP585,4.507907657943133,-1.367963522539867,6.215287255590214
2088-04-05,2088,Apr,5,96,SSP585,4.221038081943133,-2.347592606539867,4.382839230574849
2088-04-06,2088,Apr,6,97,SSP585,4.660497857943134,-1.074990338539867,2.6637385060759216
2088-04-07,2088,Apr,7,98,SSP585,5.600453489943133,-0.6935148385398671,3.5138432599489677
2088-04-08,2088,Apr,8,99,SSP585,6.503787473943134,0.0846951814601331,2.814868240097758
2088-04-09,2088,Apr,9,100,SSP585,6.201658877943133,-0.5195620105398671,2.172566870504718
2088-04-10,2088,Apr,10,101,SSP585,5.960566361943133,0.16709388946013282,1.889198619213682
2088-04-11,2088,Apr,11,102,SSP585,7.550556245943133,0.5760356254601329,2.2481317375156733
2088-04-12,2088,Apr,12,103,SSP585,8.893350005943134,0.3593575414601331,2.3236966045266283
2088-04-13,2088,Apr,13,104,SSP585,10.266661805943134,0.9819255574601329,3.438278392938074
2088-04-14,2088,Apr,14,105,SSP585,9.061199225943133,1.4427479614601328,4.7228811321240665
2088-04-15,2088,Apr,15,106,SSP585,8.170072457943133,1.192500033460133,2.68262972282862
2088-04-16,2088,Apr,16,107,SSP585,8.801795885943134,1.8120162454601332,4.137253412789284
2088-04-17,2088,Apr,17,108,SSP585,10.407044789943134,1.7326693414601329,4.212818279800239
2088-04-18,2088,Apr,18,109,SSP585,9.879082697943133,2.3582891614601325,6.0452663048156055
2088-04-19,2088,Apr,19,110,SSP585,9.677663633943133,2.330822925460133,3.4760608264434834
2088-04-20,2088,Apr,20,111,SSP585,9.921807953943134,3.0083234134601327,4.042797329025568
2088-04-21,2088,Apr,21,112,SSP585,11.191358417943134,3.6461504494601327,5.8941365707936955
2088-04-22,2088,Apr,22,113,SSP585,10.968576725943134,4.110024657460133,5.950810221051877
2088-04-23,2088,Apr,23,114,SSP585,10.767157661943134,3.2951929894601326,4.382839230574849
2088-04-24,2088,Apr,24,115,SSP585,9.735647909943134,2.755023681460133,3.306039875668874
2088-04-25,2088,Apr,25,116,SSP585,10.211729333943133,4.027625949460133,7.103174442968806
2088-04-26,2088,Apr,26,117,SSP585,11.166943985943133,3.4203169534601328,3.3438223091743584
2088-04-27,2088,Apr,27,118,SSP585,11.554523093943134,3.9299682214601326,2.3992614715375837
2088-04-28,2088,Apr,28,119,SSP585,11.133374141943133,5.260554765460133,5.667441969760841
2088-04-29,2088,Apr,29,120,SSP585,11.002146569943134,4.814991381460133,3.457169609690785
2088-04-30,2088,Apr,30,121,SSP585,11.063182649943133,4.3877388214601325,2.7015209395813184
2089-04-01,2089,Apr,1,91,SSP585,5.505847565943133,-2.286556526539867,5.667441969760841
2089-04-02,2089,Apr,2,92,SSP585,4.059292469943133,-1.7097655705398669,5.96970143780465
2089-04-03,2089,Apr,3,93,SSP585,4.141691177943134,-1.572434390539867,2.625956072570437
2089-04-04,2089,Apr,4,94,SSP585,5.582142665943134,-0.14419011853986707,2.550391205559482
2089-04-05,2089,Apr,5,95,SSP585,4.126432157943134,-0.836949626539867,1.4547006339008095
2089-04-06,2089,Apr,6,96,SSP585,5.2830658739431335,-0.775913546539867,2.8715418903560015
2089-04-07,2089,Apr,7,97,SSP585,7.294204709943134,0.41429001346013306,4.156144629541995
2089-04-08,2089,Apr,8,98,SSP585,7.993067825943134,1.4641105894601332,5.459638585480748
2089-04-09,2089,Apr,9,99,SSP585,6.073483109943133,0.2586480094601329,5.459638585480748
2089-04-10,2089,Apr,10,100,SSP585,5.588246273943134,0.380720169460133,2.947106757366883
2089-04-11,2089,Apr,11,101,SSP585,7.208754197943133,1.631959809460133,4.080579762531039
2089-04-12,2089,Apr,12,102,SSP585,7.602436913943134,1.6929958894601331,2.550391205559482
2089-04-13,2089,Apr,13,103,SSP585,8.789588669943134,1.5831309454601332,2.5126087720540107
2089-04-14,2089,Apr,14,104,SSP585,9.692922653943134,2.4345842614601327,2.6637385060759216
2089-04-15,2089,Apr,15,105,SSP585,10.346008709943133,1.836430677460133,3.154910141647038
2089-04-16,2089,Apr,16,106,SSP585,8.511874505943133,0.8842678294601332,4.930684516404147
2089-04-17,2089,Apr,17,107,SSP585,7.529193617943134,0.3166322854601329,3.2682574421634025
2089-04-18,2089,Apr,18,108,SSP585,7.581074285943133,0.47837789746013315,3.834993944745475
2089-04-19,2089,Apr,19,109,SSP585,8.743811609943133,0.6614861374601329,1.964763486224637
2089-04-20,2089,Apr,20,110,SSP585,9.464037353943134,0.9666665374601331,3.1171277081415667
2089-04-21,2089,Apr,21,111,SSP585,10.086605369943133,2.117196645460133,3.4004959594326025
2089-04-22,2089,Apr,22,112,SSP585,10.837349153943133,2.3674445734601326,2.5881736390649657
2089-04-23,2089,Apr,23,113,SSP585,10.614567461943134,2.507827557460133,3.4949520431962564
2089-04-24,2089,Apr,24,114,SSP585,10.724432405943134,2.172129117460133,2.68262972282862
2089-04-25,2089,Apr,25,115,SSP585,10.352112317943133,2.913717489460133,2.7204121563340915
2089-04-26,2089,Apr,26,116,SSP585,11.829185453943133,4.613572317460132,4.382839230574849
2089-04-27,2089,Apr,27,117,SSP585,12.207609149943133,4.512862785460133,2.0403283532355925
2089-04-28,2089,Apr,28,118,SSP585,11.554523093943134,4.259563053460133,2.0214371364828936
2089-04-29,2089,Apr,29,119,SSP585,12.360199349943134,5.657289285460132,4.590642614854929
2089-04-30,2089,Apr,30,120,SSP585,12.814918145943134,5.620667637460133,10.01242182289006
2090-04-01,2090,Apr,1,91,SSP585,4.275970553943133,-2.463561158539867,5.214052767695196
2090-04-02,2090,Apr,2,92,SSP585,5.014507121943134,-2.903020934539867,2.418152688290282
2090-04-03,2090,Apr,3,93,SSP585,5.609608901943133,-1.325238266539867,4.779554782382311
2090-04-04,2090,Apr,4,94,SSP585,4.3553174579431335,-1.407636974539867,2.909324323861473
2090-04-05,2090,Apr,5,95,SSP585,2.240417285943134,-2.475768374539867,4.28838314681112
2090-04-06,2090,Apr,6,96,SSP585,3.0308345219431336,-1.844044946539867,1.700286451686374
2090-04-07,2090,Apr,7,97,SSP585,4.800880841943133,-1.721972786539867,3.5894081269599103
2090-04-08,2090,Apr,8,98,SSP585,5.319687521943133,-1.0414204945398668,3.7594290777345196
2090-04-09,2090,Apr,9,99,SSP585,6.317627429943133,-1.627366862539867,4.930684516404147
2090-04-10,2090,Apr,10,100,SSP585,8.002223237943133,0.15793847746013312,2.550391205559482
2090-04-11,2090,Apr,11,101,SSP585,7.013438741943133,-0.08620584253986707,2.965997974119656
2090-04-12,2090,Apr,12,102,SSP585,6.161985425943134,0.759143865460133,5.308508851458911
2090-04-13,2090,Apr,13,103,SSP585,7.428484085943133,1.076531481460133,2.7204121563340915
2090-04-14,2090,Apr,14,104,SSP585,7.053112193943134,1.1192567374601332,3.551625693454439
2090-04-15,2090,Apr,15,105,SSP585,6.628911437943133,0.3990309934601328,4.231709496552938
2090-04-16,2090,Apr,16,106,SSP585,8.026637669943133,0.9178376734601332,3.38160474267983
2090-04-17,2090,Apr,17,107,SSP585,8.719397177943133,0.6248644894601332,1.7758513186973293
2090-04-18,2090,Apr,18,108,SSP585,8.591221409943133,1.4122299214601328,2.758194589839575
2090-04-19,2090,Apr,19,109,SSP585,8.768226041943134,1.4671623934601332,2.7959770233450465
2090-04-20,2090,Apr,20,110,SSP585,9.436571117943133,1.6441670254601328,2.6448472893231485
2090-04-21,2090,Apr,21,111,SSP585,11.169995789943133,2.452895085460133,4.080579762531039
2090-04-22,2090,Apr,22,112,SSP585,11.804771021943134,3.7041347254601327,4.552860181349458
2090-04-23,2090,Apr,23,113,SSP585,11.981775653943133,3.102929337460133,3.457169609690785
2090-04-24,2090,Apr,24,114,SSP585,11.841392669943133,3.3379182454601324,1.889198619213682
2090-04-25,2090,Apr,25,115,SSP585,12.558566609943133,3.2799339694601324,2.8715418903560015
2090-04-26,2090,Apr,26,116,SSP585,13.675526873943133,4.052040381460133,4.855119649393204
2090-04-27,2090,Apr,27,117,SSP585,13.846427897943133,4.985892405460133,1.700286451686374
2090-04-28,2090,Apr,28,118,SSP585,11.212721045943134,4.839405813460133,6.838697408430469
2090-04-29,2090,Apr,29,119,SSP585,10.809882917943133,4.357220781460133,5.516312235739004
2090-04-30,2090,Apr,30,120,SSP585,12.470064293943134,4.473189333460133,5.743006836771784
2091-04-01,2091,Apr,1,91,SSP585,4.962626453943133,0.0846951814601331,4.061688545778341
2091-04-02,2091,Apr,2,92,SSP585,4.053188861943133,0.17624930146013296,2.5881736390649657
2091-04-03,2091,Apr,3,93,SSP585,3.6717133619431337,-0.861364058539867,2.7015209395813184
2091-04-04,2091,Apr,4,94,SSP585,4.977885473943133,-0.031273370539866896,4.023906112272857
2091-04-05,2091,Apr,5,95,SSP585,5.255599637943133,-0.513458402539867,3.7594290777345196
2091-04-06,2091,Apr,6,96,SSP585,7.327774553943133,0.42039362146013315,3.551625693454439
2091-04-07,2091,Apr,7,97,SSP585,7.346085377943133,-0.5104065985398669,4.458404097585803
2091-04-08,2091,Apr,8,98,SSP585,6.573978965943134,0.13047224146013314,1.8325249689555119
2091-04-09,2091,Apr,9,99,SSP585,5.725577453943133,-0.110620274539867,3.5894081269599103
2091-04-10,2091,Apr,10,100,SSP585,7.858788449943134,-0.17470815853986688,3.834993944745475
2091-04-11,2091,Apr,11,101,SSP585,9.497607197943134,1.625856201460133,2.965997974119656
2091-04-12,2091,Apr,12,102,SSP585,9.821098421943134,1.9005185614601332,4.439512880833031
2091-04-13,2091,Apr,13,103,SSP585,9.982844033943133,1.9890208774601332,6.460873073375767
2091-04-14,2091,Apr,14,104,SSP585,9.811943009943134,1.2932095654601332,3.173801358399749
2091-04-15,2091,Apr,15,105,SSP585,9.555591473943133,1.140619365460133,3.5705169102072114
2091-04-16,2091,Apr,16,106,SSP585,9.116131697943134,1.7265657334601332,3.5327344767017403
2091-04-17,2091,Apr,17,107,SSP585,8.636998469943133,2.034797937460133,3.2871486589161756
2091-04-18,2091,Apr,18,108,SSP585,9.549487865943133,3.194483457460133,3.5894081269599103
2091-04-19,2091,Apr,19,109,SSP585,8.389802345943133,2.0866786054601327,2.8715418903560015
2091-04-20,2091,Apr,20,110,SSP585,9.9126525419431335,2.8282669774601326,3.6649729939708657
2091-04-21,2091,Apr,21,111,SSP585,10.883126213943134,3.5729071534601324,4.080579762531039
2091-04-22,2091,Apr,22,112,SSP585,10.715276993943133,4.070351205460133,3.154910141647038
2091-04-23,2091,Apr,23,113,SSP585,10.278869021943134,3.429472365460133,4.28838314681112
2091-04-24,2091,Apr,24,114,SSP585,11.050975433943133,4.509810981460133,3.853885161498248
2091-04-25,2091,Apr,25,115,SSP585,10.196470313943134,2.968649961460133,3.6649729939708657
2091-04-26,2091,Apr,26,116,SSP585,9.998103053943133,3.963538065460133,3.551625693454439
2091-04-27,2091,Apr,27,117,SSP585,10.312438865943134,4.006263321460133,1.7380688851918455
2091-04-28,2091,Apr,28,118,SSP585,10.419252005943134,4.757007105460133,2.569282422312193
2091-04-29,2091,Apr,29,119,SSP585,11.014353785943133,4.824146793460133,3.4004959594326025
2091-04-30,2091,Apr,30,120,SSP585,10.654240913943134,3.676668489460133,4.250600713305723
2092-04-01,2092,Apr,1,92,SSP585,6.772346225943133,0.1731974974601329,2.3803702547848853
2092-04-02,2092,Apr,2,93,SSP585,5.765250905943134,0.295269657460133,1.2091148161152498
2092-04-03,2092,Apr,3,94,SSP585,5.945307341943133,0.8934232414601329,4.666207481865884
2092-04-04,2092,Apr,4,95,SSP585,7.443743105943133,1.0582206574601332,5.629659536255357
2092-04-05,2092,Apr,5,96,SSP585,7.800804173943133,1.332883017460133,4.930684516404147
2092-04-06,2092,Apr,6,97,SSP585,8.368439717943133,0.15183486946013303,4.250600713305723
2092-04-07,2092,Apr,7,98,SSP585,9.345016997943134,1.0948423054601328,5.8752453540409215
2092-04-08,2092,Apr,8,99,SSP585,10.635930089943134,1.714358517460133,3.6271905604653942
2092-04-09,2092,Apr,9,100,SSP585,11.002146569943134,1.8455860894601333,4.855119649393204
2092-04-10,2092,Apr,10,101,SSP585,9.238203857943134,1.805912637460133,5.3462912849643205
2092-04-11,2092,Apr,11,102,SSP585,8.899453613943134,1.0307544214601332,3.136018924894265
2092-04-12,2092,Apr,12,103,SSP585,8.249419361943133,0.322735893460133,4.628425048360413
2092-04-13,2092,Apr,13,104,SSP585,9.299239937943133,0.8506979854601331,5.251835201200667
2092-04-14,2092,Apr,14,105,SSP585,11.459917169943134,2.0134353094601334,5.1384879006842406
2092-04-15,2092,Apr,15,106,SSP585,11.826133649943133,3.093773925460133,4.439512880833031
2092-04-16,2092,Apr,16,107,SSP585,9.763114145943133,3.0541004734601325,3.1171277081415667
2092-04-17,2092,Apr,17,108,SSP585,10.739691425943134,2.626847913460133,3.3438223091743584
2092-04-18,2092,Apr,18,109,SSP585,11.719320509943133,3.6369950374601325,4.60953383160764
2092-04-19,2092,Apr,19,110,SSP585,10.568790401943133,3.551544525460133,2.777085806592274
2092-04-20,2092,Apr,20,111,SSP585,10.074398153943134,3.386747109460133,3.38160474267983
2092-04-21,2092,Apr,21,112,SSP585,10.364319533943133,4.168008933460133,5.402964935222578
2092-04-22,2092,Apr,22,113,SSP585,10.831245545943133,4.763110713460133,3.3438223091743584
2092-04-23,2092,Apr,23,114,SSP585,12.155728481943134,5.501647281460133,2.5126087720540107
2092-04-24,2092,Apr,24,115,SSP585,13.333724825943133,5.553527949460133,3.154910141647038
2092-04-25,2092,Apr,25,116,SSP585,13.184186429943134,5.074394721460132,4.401730447327547
2092-04-26,2092,Apr,26,117,SSP585,11.572833917943134,4.637986749460133,5.8752453540409215
2092-04-27,2092,Apr,27,118,SSP585,12.210660953943133,3.3959025214601324,2.9282155406141843
2092-04-28,2092,Apr,28,119,SSP585,11.240187281943134,3.1242919654601327,2.625956072570437
2092-04-29,2092,Apr,29,120,SSP585,9.998103053943133,4.088662029460133,3.5327344767017403
2092-04-30,2092,Apr,30,121,SSP585,10.904488841943133,5.101860957460133,3.0037804076251398
2093-04-01,2093,Apr,1,91,SSP585,3.6015218699431335,-3.076973762539867,5.025140600167876
2093-04-02,2093,Apr,2,92,SSP585,4.651342445943134,-1.239787754539867,3.5327344767017403
2093-04-03,2093,Apr,3,93,SSP585,5.792717141943133,-0.8857784905398669,3.7972115112400036
2093-04-04,2093,Apr,4,94,SSP585,5.157941909943133,-0.9101929225398669,4.892902082898676
2093-04-05,2093,Apr,5,95,SSP585,4.944315629943134,-0.06484321453986697,8.028844063852796
2093-04-06,2093,Apr,6,96,SSP585,6.656377673943133,0.2311817734601329,1.6813952349336012
2093-04-07,2093,Apr,7,97,SSP585,6.879159365943133,-0.8735712745398669,3.5138432599489677
2093-04-08,2093,Apr,8,98,SSP585,8.493563681943133,0.7744028854601333,1.6247215846754186
2093-04-09,2093,Apr,9,99,SSP585,9.860771873943133,1.9005185614601332,4.987358166662404
2093-04-10,2093,Apr,10,100,SSP585,11.069286257943133,1.653322437460133,6.989827142452367
2093-04-11,2093,Apr,11,101,SSP585,9.406053077943133,1.4335925494601331,5.440747368728049
2093-04-12,2093,Apr,12,102,SSP585,8.649205685943134,0.9514075174601329,3.2682574421634025
2093-04-13,2093,Apr,13,103,SSP585,7.974757001943134,1.274898741460133,2.2481317375156733
2093-04-14,2093,Apr,14,104,SSP585,9.329757977943133,2.2606314334601327,2.531499988806709
2093-04-15,2093,Apr,15,105,SSP585,9.705129869943134,2.791645329460133,4.250600713305723
2093-04-16,2093,Apr,16,106,SSP585,9.387742253943134,3.093773925460133,5.9319190042991785
2093-04-17,2093,Apr,17,107,SSP585,9.750906929943133,3.313503813460133,2.814868240097758
2093-04-18,2093,Apr,18,108,SSP585,8.585117801943133,1.9340884054601328,2.8715418903560015
2093-04-19,2093,Apr,19,109,SSP585,8.444734817943134,2.739764661460133,2.5126087720540107
2093-04-20,2093,Apr,20,110,SSP585,8.783485061943134,3.2890893814601325,3.872776378250946
2093-04-21,2093,Apr,21,111,SSP585,10.214781137943133,2.4742577134601325,2.569282422312193
2093-04-22,2093,Apr,22,112,SSP585,10.532168753943134,3.9360718294601327,3.8161027279927766
2093-04-23,2093,Apr,23,113,SSP585,10.394837573943134,4.280925681460133,1.6625040181809025
2093-04-24,2093,Apr,24,114,SSP585,10.877022605943134,3.4203169534601328,3.9672324620146746
2093-04-25,2093,Apr,25,115,SSP585,11.789512001943134,4.256511249460133,3.136018924894265
2093-04-26,2093,Apr,26,116,SSP585,11.508746033943133,3.6980311174601326,3.6460817772181673
2093-04-27,2093,Apr,27,117,SSP585,11.527056857943133,5.071342917460133,2.0025459197301085
2093-04-28,2093,Apr,28,118,SSP585,10.266661805943134,5.059135701460133,2.418152688290282
2093-04-29,2093,Apr,29,119,SSP585,9.491503589943134,5.736636189460133,3.7594290777345196
2093-04-30,2093,Apr,30,120,SSP585,9.122235305943134,4.726489065460132,5.006249383415103
2094-04-01,2094,Apr,1,91,SSP585,3.928064897943133,-2.368955234539867,4.345056797069377
2094-04-02,2094,Apr,2,92,SSP585,5.020610729943133,-1.425947798539867,5.591877102749961
2094-04-03,2094,Apr,3,93,SSP585,5.850701417943133,-0.052635998539867,5.214052767695196
2094-04-04,2094,Apr,4,94,SSP585,5.350205561943134,-0.284573102539867,5.1384879006842406
2094-04-05,2094,Apr,5,95,SSP585,5.881219457943134,-0.8247424105398671,3.173801358399749
2094-04-06,2094,Apr,6,96,SSP585,5.725577453943133,-1.279461206539867,4.798445999135022
2094-04-07,2094,Apr,7,97,SSP585,5.652334157943134,-0.730136486539867,1.6247215846754186
2094-04-08,2094,Apr,8,98,SSP585,6.311523821943133,0.02976270946013293,2.947106757366883
2094-04-09,2094,Apr,9,99,SSP585,6.531253709943133,0.6584343334601332,3.3438223091743584
2094-04-10,2094,Apr,10,100,SSP585,6.662481281943133,0.33494310946013317,2.7393033730868024
2094-04-11,2094,Apr,11,101,SSP585,6.113156561943134,0.6920041774601329,3.0415628411306113
2094-04-12,2094,Apr,12,102,SSP585,5.8598568299431335,1.714358517460133,5.705224403266313
2094-04-13,2094,Apr,13,103,SSP585,6.848641325943133,3.490508445460133,3.3438223091743584
2094-04-14,2094,Apr,14,104,SSP585,7.703146445943133,2.4712059094601324,3.8916675950037316
2094-04-15,2094,Apr,15,105,SSP585,7.315567337943133,2.050056957460133,4.28838314681112
2094-04-16,2094,Apr,16,106,SSP585,6.973765289943133,1.979865465460133,3.608299343712683
2094-04-17,2094,Apr,17,107,SSP585,7.297256513943134,1.8791559334601329,4.250600713305723
2094-04-18,2094,Apr,18,108,SSP585,7.141614509943134,1.796757225460133,4.156144629541995
2094-04-19,2094,Apr,19,109,SSP585,8.514926309943133,2.343030141460133,1.794742535450028
2094-04-20,2094,Apr,20,110,SSP585,10.107967997943133,4.137490893460133,3.872776378250946
2094-04-21,2094,Apr,21,111,SSP585,11.957361221943133,4.3846870174601325,5.06292303367336
2094-04-22,2094,Apr,22,112,SSP585,13.519884869943134,5.086601937460133,4.987358166662404
2094-04-23,2094,Apr,23,113,SSP585,12.601291865943134,4.0428849694601325,4.94957573315692
2094-04-24,2094,Apr,24,114,SSP585,12.296111465943133,4.265666661460132,6.66867645765586
2094-04-25,2094,Apr,25,115,SSP585,12.302215073943133,3.3562290694601327,1.3413533333843826
2094-04-26,2094,Apr,26,116,SSP585,12.790503713943133,4.076454813460133,4.817337215887721
2094-04-27,2094,Apr,27,117,SSP585,12.354095741943134,5.001151425460133,5.96970143780465
2094-04-28,2094,Apr,28,118,SSP585,13.165875605943134,4.7966805574601326,4.061688545778341
2094-04-29,2094,Apr,29,119,SSP585,13.751821973943134,5.300228217460133,3.91055881175643
2094-04-30,2094,Apr,30,120,SSP585,15.015268829943134,6.054023805460133,5.06292303367336
2095-04-01,2095,Apr,1,91,SSP585,4.221038081943133,-1.7097655705398669,1.379135766889854
2095-04-02,2095,Apr,2,92,SSP585,4.523166677943133,-1.932547262539867,4.269491930058421
2095-04-03,2095,Apr,3,93,SSP585,6.198607073943133,-0.09536125453986699,2.947106757366883
2095-04-04,2095,Apr,4,94,SSP585,5.374619993943133,0.34409852146013287,2.852650673603229
2095-04-05,2095,Apr,5,95,SSP585,5.0511287699431335,-0.040428782539867036,2.777085806592274
2095-04-06,2095,Apr,6,96,SSP585,5.206770773943133,-0.17165635453986705,2.4370439050430552
2095-04-07,2095,Apr,7,97,SSP585,6.720465557943134,0.3288395014601331,2.625956072570437
2095-04-08,2095,Apr,8,98,SSP585,7.922876333943133,1.396970901460133,2.3992614715375837
2095-04-09,2095,Apr,9,99,SSP585,9.262618289943134,1.656374241460133,4.53396896459676
2095-04-10,2095,Apr,10,100,SSP585,9.680715437943133,2.0653159774601333,5.176270334189712
2095-04-11,2095,Apr,11,101,SSP585,9.537280649943133,2.669573169460133,5.686333186513615
2095-04-12,2095,Apr,12,102,SSP585,9.326706173943133,1.540405689460133,6.49865550688125
2095-04-13,2095,Apr,13,103,SSP585,9.155805149943134,1.766239185460133,3.7405378609818207
2095-04-14,2095,Apr,14,104,SSP585,6.616704221943134,0.060280749460132954,3.5894081269599103
2095-04-15,2095,Apr,15,105,SSP585,6.348145469943134,1.2077590534601332,6.933153492194197
2095-04-16,2095,Apr,16,106,SSP585,6.848641325943133,1.6929958894601331,7.70769337905635
2095-04-17,2095,Apr,17,107,SSP585,7.938135353943133,1.8455860894601333,4.703989915371368
2095-04-18,2095,Apr,18,108,SSP585,9.030681185943134,1.049065245460133,3.0604540578833097
2095-04-19,2095,Apr,19,109,SSP585,10.150693253943134,1.912725777460133,3.9672324620146746
2095-04-20,2095,Apr,20,110,SSP585,10.257506393943133,2.559708225460133,2.550391205559482
2095-04-21,2095,Apr,21,111,SSP585,10.300231649943134,3.5759589574601325,4.7417723488768395
2095-04-22,2095,Apr,22,112,SSP585,9.534228845943133,3.5332337014601327,2.947106757366883
2095-04-23,2095,Apr,23,113,SSP585,9.283980917943133,2.3064084934601325,1.8325249689555119
2095-04-24,2095,Apr,24,114,SSP585,9.961481405943134,2.1324556654601325,1.1146587323515242
2095-04-25,2095,Apr,25,115,SSP585,9.518969825943133,3.200587065460133,3.362713525927131
2095-04-26,2095,Apr,26,116,SSP585,9.528125237943133,3.160913613460133,4.836228432640493
2095-04-27,2095,Apr,27,117,SSP585,9.927911561943134,3.2402605174601327,3.3438223091743584
2095-04-28,2095,Apr,28,118,SSP585,10.819038329943133,4.091713833460132,5.9885926545573485
2095-04-29,2095,Apr,29,119,SSP585,9.207685817943133,3.893346573460133,4.477295314338503
2095-04-30,2095,Apr,30,120,SSP585,10.120175213943133,4.164957129460133,4.836228432640493
2096-04-01,2096,Apr,1,92,SSP585,3.619832693943134,-2.655824810539867,1.9269810527191658
2096-04-02,2096,Apr,2,93,SSP585,3.3085486859431334,-3.052559330539867,2.210349304010202
2096-04-03,2096,Apr,3,94,SSP585,4.7001713099431335,-2.381162450539867,3.136018924894265
2096-04-04,2096,Apr,4,95,SSP585,5.725577453943133,-0.8735712745398669,3.173801358399749
2096-04-05,2096,Apr,5,96,SSP585,6.873055757943133,-1.209269714539867,1.7191776684390725
2096-04-06,2096,Apr,6,97,SSP585,6.741828185943133,-1.0414204945398668,1.2657884663734273
2096-04-07,2096,Apr,7,98,SSP585,7.495623773943134,-0.2784694945398669,2.9848891908723667
2096-04-08,2096,Apr,8,99,SSP585,9.363327821943134,1.3176239974601331,4.156144629541995
2096-04-09,2096,Apr,9,100,SSP585,9.958429601943134,2.5841226574601324,5.1384879006842406
2096-04-10,2096,Apr,10,101,SSP585,9.122235305943134,1.2596397214601331,6.328634556106642
2096-04-11,2096,Apr,11,102,SSP585,8.627843057943133,0.11216141746013286,6.593111590644905
2096-04-12,2096,Apr,12,103,SSP585,9.360276017943134,1.5892345534601329,2.9848891908723667
2096-04-13,2096,Apr,13,104,SSP585,8.490511877943133,1.564820121460133,3.2115837919052206
2096-04-14,2096,Apr,14,105,SSP585,9.506762609943133,2.217906177460133,4.137253412789284
2096-04-15,2096,Apr,15,106,SSP585,10.300231649943134,2.5352937934601325,6.5553291571394325
2096-04-16,2096,Apr,16,107,SSP585,11.762045765943133,2.968649961460133,5.440747368728049
2096-04-17,2096,Apr,17,108,SSP585,10.751898641943134,3.6247878214601332,3.608299343712683
2096-04-18,2096,Apr,18,109,SSP585,9.637990181943133,3.600373389460133,4.458404097585803
2096-04-19,2096,Apr,19,110,SSP585,10.178159489943134,2.0256425254601327,2.1914580872575034
2096-04-20,2096,Apr,20,111,SSP585,10.233091961943133,2.684832189460133,2.814868240097758
2096-04-21,2096,Apr,21,112,SSP585,11.343948617943134,3.8139996694601326,2.9848891908723667
2096-04-22,2096,Apr,22,113,SSP585,11.716268705943133,3.5210264854601325,1.8703074024609834
2096-04-23,2096,Apr,23,114,SSP585,11.945154005943133,3.908605593460133,4.571751398102156
2096-04-24,2096,Apr,24,115,SSP585,12.802710929943133,3.9849006934601325,3.249366225410692
2096-04-25,2096,Apr,25,116,SSP585,12.918679481943133,4.363324389460133,6.328634556106642
2096-04-26,2096,Apr,26,117,SSP585,11.908532357943134,3.945227241460133,4.685098698618595
2096-04-27,2096,Apr,27,118,SSP585,11.856651689943133,4.091713833460132,4.628425048360413
2096-04-28,2096,Apr,28,119,SSP585,12.659276141943133,6.032661177460133,3.7027554274763492
2096-04-29,2096,Apr,29,120,SSP585,13.525988477943134,4.830250401460133,2.474826338548539
2096-04-30,2096,Apr,30,121,SSP585,12.192350129943133,5.1995186854601325,6.196396038837442
2097-04-01,2097,Apr,1,91,SSP585,2.3319714059431336,-2.878606502539867,2.6637385060759216
2097-04-02,2097,Apr,2,92,SSP585,3.6442471259431333,-2.243831270539867,4.193927063047466
2097-04-03,2097,Apr,3,93,SSP585,4.901590373943134,-1.337445482539867,6.857588625183242
2097-04-04,2097,Apr,4,94,SSP585,5.188459949943134,-0.659944994539867,3.230475008657919
2097-04-05,2097,Apr,5,95,SSP585,5.347153757943134,-0.4341114985398671,5.214052767695196
2097-04-06,2097,Apr,6,96,SSP585,6.0887421299431335,0.6828487654601332,2.758194589839575
2097-04-07,2097,Apr,7,97,SSP585,6.009395225943133,0.09079878946013298,3.7405378609818207
2097-04-08,2097,Apr,8,98,SSP585,7.3674480059431335,0.7469366494601328,3.1926925751525217
2097-04-09,2097,Apr,9,99,SSP585,7.892358293943133,1.943243817460133,1.7191776684390725
2097-04-10,2097,Apr,10,100,SSP585,8.035793081943133,1.598389965460133,3.7216466442291223
2097-04-11,2097,Apr,11,101,SSP585,8.527133525943134,2.6054852854601327,5.705224403266313
2097-04-12,2097,Apr,12,102,SSP585,8.258574773943133,1.778446401460133,7.632128512045407
2097-04-13,2097,Apr,13,103,SSP585,8.212797713943134,1.1711374054601331,6.0263750880628315
2097-04-14,2097,Apr,14,104,SSP585,8.716345373943133,2.285045865460133,5.100705467178757
2097-04-15,2097,Apr,15,105,SSP585,8.398957757943133,3.142602789460133,6.6308940241503755
2097-04-16,2097,Apr,16,106,SSP585,7.281997493943134,1.6411152214601332,5.743006836771784
2097-04-17,2097,Apr,17,107,SSP585,9.171064169943133,1.622804397460133,5.724115620019085
2097-04-18,2097,Apr,18,108,SSP585,11.282912537943133,1.949347425460133,5.402964935222578
2097-04-19,2097,Apr,19,109,SSP585,10.107967997943133,1.912725777460133,2.474826338548539
2097-04-20,2097,Apr,20,110,SSP585,9.573902297943134,2.623796109460133,3.1171277081415667
2097-04-21,2097,Apr,21,111,SSP585,10.455873653943133,2.7580754854601324,5.1384879006842406
2097-04-22,2097,Apr,22,112,SSP585,9.744803321943133,3.899450181460133,4.458404097585803
2097-04-23,2097,Apr,23,113,SSP585,10.428407417943134,3.7621190014601327,5.705224403266313
2097-04-24,2097,Apr,24,114,SSP585,10.602360245943133,3.795688845460133,4.401730447327547
2097-04-25,2097,Apr,25,115,SSP585,9.857720069943133,3.8139996694601326,5.025140600167876
2097-04-26,2097,Apr,26,116,SSP585,12.113003225943134,3.5851143694601326,5.856354137288223
2097-04-27,2097,Apr,27,117,SSP585,13.184186429943134,5.004203229460133,3.362713525927131
2097-04-28,2097,Apr,28,118,SSP585,14.444581481943134,5.422300377460132,5.1384879006842406
2097-04-29,2097,Apr,29,119,SSP585,13.663319657943134,5.9533142734601325,4.212818279800239
2097-04-30,2097,Apr,30,120,SSP585,12.836280773943134,4.7325926734601325,4.647316265113112
2098-04-01,2098,Apr,1,91,SSP585,5.322739325943133,-0.8125351945398669,2.474826338548539
2098-04-02,2098,Apr,2,92,SSP585,5.200667165943133,-1.834889534539867,5.421856151975277
2098-04-03,2098,Apr,3,93,SSP585,4.868020529943133,-0.986488022539867,3.9672324620146746
2098-04-04,2098,Apr,4,94,SSP585,5.121320261943134,-1.258098578539867,3.9483412452619016
2098-04-05,2098,Apr,5,95,SSP585,4.291229573943133,-2.158380758539867,3.173801358399749
2098-04-06,2098,Apr,6,96,SSP585,5.6309715299431335,-1.892873810539867,2.625956072570437
2098-04-07,2098,Apr,7,97,SSP585,6.342041861943134,-0.03737697853986699,2.909324323861473
2098-04-08,2098,Apr,8,98,SSP585,6.299316605943133,1.308468585460133,3.683864210723639
2098-04-09,2098,Apr,9,99,SSP585,6.592289789943133,0.3166322854601329,2.6448472893231485
2098-04-10,2098,Apr,10,100,SSP585,6.592289789943133,0.1274204374601331,2.965997974119656
2098-04-11,2098,Apr,11,101,SSP585,6.442751393943134,1.604493573460133,3.1171277081415667
2098-04-12,2098,Apr,12,102,SSP585,5.045025161943133,1.7265657334601332,4.836228432640493
2098-04-13,2098,Apr,13,103,SSP585,6.4976838659431335,1.284054153460133,5.610768319502659
2098-04-14,2098,Apr,14,104,SSP585,6.696051125943134,1.860845109460133,5.9319190042991785
2098-04-15,2098,Apr,15,105,SSP585,6.143674601943133,1.3847636854601328,3.929450028509203
2098-04-16,2098,Apr,16,106,SSP585,6.799812461943134,0.21897455746013317,1.8136337522028008
2098-04-17,2098,Apr,17,107,SSP585,7.956446177943134,1.3206758014601332,4.212818279800239
2098-04-18,2098,Apr,18,108,SSP585,9.369431429943134,2.4284806534601326,1.2280060328679534
2098-04-19,2098,Apr,19,109,SSP585,9.747855125943133,2.330822925460133,1.1524411658570006
2098-04-20,2098,Apr,20,110,SSP585,10.077449957943134,3.154810005460133,4.326165580316604
2098-04-21,2098,Apr,21,111,SSP585,10.553531381943133,4.637986749460133,4.874010866145977
2098-04-22,2098,Apr,22,112,SSP585,10.953317705943133,4.2748220734601325,3.683864210723639
2098-04-23,2098,Apr,23,113,SSP585,10.864815389943134,3.4172651494601327,3.853885161498248
2098-04-24,2098,Apr,24,114,SSP585,10.822090133943133,3.273830361460133,1.5491567176644636
2098-04-25,2098,Apr,25,115,SSP585,11.978723849943133,4.219889601460133,4.779554782382311
2098-04-26,2098,Apr,26,116,SSP585,12.360199349943134,4.857716637460133,6.725350107914042
2098-04-27,2098,Apr,27,117,SSP585,12.592136453943134,4.802784165460133,4.666207481865884
2098-04-28,2098,Apr,28,118,SSP585,10.510806125943134,5.031669465460133,7.688802162303577
2098-04-29,2098,Apr,29,119,SSP585,10.681707149943133,5.935003449460133,7.254304176990643
2098-04-30,2098,Apr,30,120,SSP585,11.945154005943133,4.8485612254601325,4.7417723488768395
2099-04-01,2099,Apr,1,91,SSP585,4.773414605943134,-1.367963522539867,3.324931092421647
2099-04-02,2099,Apr,2,92,SSP585,4.1783128259431335,-0.946814570539867,1.3413533333843826
2099-04-03,2099,Apr,3,93,SSP585,4.5872545619431335,-1.4473104265398669,1.700286451686374
2099-04-04,2099,Apr,4,94,SSP585,6.372559901943133,-0.2204852185398669,4.061688545778341
2099-04-05,2099,Apr,5,95,SSP585,7.211806001943133,0.4570152694601328,4.874010866145977
2099-04-06,2099,Apr,6,96,SSP585,7.590229697943133,0.47227428946013306,4.231709496552938
2099-04-07,2099,Apr,7,97,SSP585,9.192426797943133,1.1436711694601331,3.9672324620146746
2099-04-08,2099,Apr,8,98,SSP585,8.038844885943133,1.1223085414601328,5.686333186513615
2099-04-09,2099,Apr,9,99,SSP585,8.099880965943134,1.601441769460133,4.080579762531039
2099-04-10,2099,Apr,10,100,SSP585,8.221953125943134,1.735721145460133,3.7405378609818207
2099-04-11,2099,Apr,11,101,SSP585,6.500735669943134,0.33494310946013317,3.438278392938074
2099-04-12,2099,Apr,12,102,SSP585,7.648213973943134,-0.11977568653986692,2.4937175553012376
2099-04-13,2099,Apr,13,103,SSP585,8.814003101943133,0.9422521054601332,3.5138432599489677
2099-04-14,2099,Apr,14,104,SSP585,8.514926309943133,0.7988173174601332,3.91055881175643
2099-04-15,2099,Apr,15,105,SSP585,10.129330625943133,3.1120847494601325,4.703989915371368
2099-04-16,2099,Apr,16,106,SSP585,8.887246397943134,2.440687869460133,4.647316265113112
2099-04-17,2099,Apr,17,107,SSP585,8.347077089943133,1.998176289460133,5.081814250426058
2099-04-18,2099,Apr,18,108,SSP585,9.070354637943133,2.919821097460133,7.140956876474278
2099-04-19,2099,Apr,19,109,SSP585,9.738699713943133,3.2341569094601326,4.7228811321240665
2099-04-20,2099,Apr,20,110,SSP585,9.140546129943134,2.959494549460133,5.195161550942485
2099-04-21,2099,Apr,21,111,SSP585,9.238203857943134,2.9350801174601324,3.362713525927131
2099-04-22,2099,Apr,22,112,SSP585,10.407044789943134,2.9350801174601324,3.0793452746360828
2099-04-23,2099,Apr,23,113,SSP585,12.192350129943133,4.940115345460133,4.156144629541995
2099-04-24,2099,Apr,24,114,SSP585,12.399872801943134,5.016410445460132,5.9885926545573485
2099-04-25,2099,Apr,25,115,SSP585,10.657292717943134,3.2890893814601325,4.193927063047466
2099-04-26,2099,Apr,26,116,SSP585,9.161908757943133,2.8404741934601327,2.3614790380321
2099-04-27,2099,Apr,27,117,SSP585,8.350128893943133,2.8343705854601327,1.1713323826097735
2099-04-28,2099,Apr,28,118,SSP585,10.071346349943134,4.592209689460133,2.68262972282862
2099-04-29,2099,Apr,29,119,SSP585,11.231031869943134,6.090645453460133,9.78572722185728
2099-04-30,2099,Apr,30,120,SSP585,11.820030041943134,5.300228217460133,3.7594290777345196
2100-04-01,2100,Apr,1,91,SSP585,6.238280525943133,-1.3588081105398668,3.362713525927131
2100-04-02,2100,Apr,2,92,SSP585,5.286117677943134,0.14878306546013298,5.8941365707936955
2100-04-03,2100,Apr,3,93,SSP585,5.255599637943133,1.0612724614601332,4.760663565629538
2100-04-04,2100,Apr,4,94,SSP585,7.007335133943133,0.14878306546013298,2.7393033730868024
2100-04-05,2100,Apr,5,95,SSP585,7.584126089943133,1.253536113460133,4.439512880833031
2100-04-06,2100,Apr,6,96,SSP585,6.7876052459431335,1.0887386974601332,10.069095473148316
2100-04-07,2100,Apr,7,97,SSP585,7.587177893943133,1.6105971814601332,5.516312235739004
2100-04-08,2100,Apr,8,98,SSP585,8.389802345943133,0.9788737534601328,1.8514161857082847
2100-04-09,2100,Apr,9,99,SSP585,8.545444349943134,1.0368580294601328,1.0957675155988207
2100-04-10,2100,Apr,10,100,SSP585,9.409104881943133,2.562760029460133,4.666207481865884
2100-04-11,2100,Apr,11,101,SSP585,10.870918997943134,3.8628285334601324,5.081814250426058
2100-04-12,2100,Apr,12,102,SSP585,9.784476773943133,2.8313187814601326,3.3438223091743584
2100-04-13,2100,Apr,13,103,SSP585,9.839409245943134,3.310452009460133,3.683864210723639
2100-04-14,2100,Apr,14,104,SSP585,10.825141937943133,4.241252229460133,4.382839230574849
2100-04-15,2100,Apr,15,105,SSP585,10.703069777943133,4.409101449460133,4.042797329025568
2100-04-16,2100,Apr,16,106,SSP585,9.854668265943133,3.4599904054601325,3.362713525927131
2100-04-17,2100,Apr,17,107,SSP585,10.568790401943133,3.2799339694601324,3.7405378609818207
2100-04-18,2100,Apr,18,108,SSP585,10.230040157943133,3.160913613460133,3.1926925751525217
2100-04-19,2100,Apr,19,109,SSP585,10.056087329943134,2.986960785460133,2.1347844369993205
2100-04-20,2100,Apr,20,110,SSP585,10.254454589943133,3.9391236334601327,4.212818279800239
2100-04-21,2100,Apr,21,111,SSP585,10.327697885943133,3.6430986454601326,4.326165580316604
2100-04-22,2100,Apr,22,112,SSP585,9.888238109943133,2.5322419894601325,4.231709496552938
2100-04-23,2100,Apr,23,113,SSP585,8.759070629943134,2.971701765460133,3.38160474267983
2100-04-24,2100,Apr,24,114,SSP585,9.836357441943134,3.7071865294601327,4.231709496552938
2100-04-25,2100,Apr,25,115,SSP585,10.001154857943133,3.8597767294601324,2.1914580872575034
2100-04-26,2100,Apr,26,116,SSP585,10.675603541943133,4.079506617460133,3.7027554274763492
2100-04-27,2100,Apr,27,117,SSP585,11.804771021943134,4.149698109460132,4.401730447327547
2100-04-28,2100,Apr,28,118,SSP585,12.869850617943133,5.669496501460133,5.327400068211622
2100-04-29,2100,Apr,29,119,SSP585,11.334793205943134,4.3267027414601325,6.234178472342913
2100-04-30,2100,Apr,30,120,SSP585,11.884117925943134,4.201578777460133,2.115893220246548
2000-03-01,2000,Mar,1,61,SSP585,-9.884337908784314,-17.347073443878557,1.3969738613574756
2000-03-02,2000,Mar,2,62,SSP585,-7.912872524784314,-16.852681195878557,1.4210587719165788
2000-03-03,2000,Mar,3,63,SSP585,-7.366599608784314,-17.383695091878558,1.8184597961417672
2000-03-04,2000,Mar,4,64,SSP585,-7.662624596784314,-15.65027041987856,1.252464398002832
2000-03-05,2000,Mar,5,65,SSP585,-7.006486736784314,-14.362409131878557,1.1199973899277718
2000-03-06,2000,Mar,6,66,SSP585,-4.5864061647843135,-13.962622807878557,1.4210587719165788
2000-03-07,2000,Mar,7,67,SSP585,-2.3433302247843137,-12.116281387878558,1.1681672110459864
2000-03-08,2000,Mar,8,68,SSP585,-3.7319010447843137,-13.440764323878557,0.9393605607344973
2000-03-09,2000,Mar,9,69,SSP585,-2.5111794447843137,-12.564896575878556,2.13156363341011
2000-03-10,2000,Mar,10,70,SSP585,-4.378883492784314,-15.369504451878559,3.3237667060857232
2000-03-11,2000,Mar,11,71,SSP585,-4.616924204784314,-12.421461787878556,2.6614316657104062
2000-03-12,2000,Mar,12,72,SSP585,-5.755247096784314,-13.062340627878559,2.0472664464532566
2000-03-13,2000,Mar,13,73,SSP585,-7.793852168784314,-15.921880975878558,1.252464398002832
2000-03-14,2000,Mar,14,74,SSP585,-6.579234176784314,-14.466170467878559,1.782332430303128
2000-03-15,2000,Mar,15,75,SSP585,-5.208974180784314,-13.724582095878556,1.3849314060778923
2000-03-16,2000,Mar,16,76,SSP585,-5.0502803727843135,-12.006416443878557,0.7707661868207931
2000-03-17,2000,Mar,17,77,SSP585,-5.2242332007843135,-11.185481167878557,1.2645068532824075
2000-03-18,2000,Mar,18,78,SSP585,-6.417488564784314,-13.028770783878556,1.0236577476913429
2000-03-19,2000,Mar,19,79,SSP585,-7.229268428784314,-12.879232387878556,1.782332430303128
2000-03-20,2000,Mar,20,80,SSP585,-6.4998872727843136,-13.159998355878557,1.9750117147759387
2000-03-21,2000,Mar,21,81,SSP585,-4.7023747167843135,-10.935233239878556,2.0352239911737287
2000-03-22,2000,Mar,22,82,SSP585,-2.5447492887843137,-9.955604155878557,2.0472664464532566
2000-03-23,2000,Mar,23,83,SSP585,-1.0493653287843139,-8.930198011878558,1.3849314060778923
2000-03-24,2000,Mar,24,84,SSP585,-0.8143764207843137,-7.797978727878558,1.9027569830986208
2000-03-25,2000,Mar,25,85,SSP585,-1.6932959727843138,-9.763340503878558,1.3126766744006217
2000-03-26,2000,Mar,26,86,SSP585,-2.5172830527843137,-9.204860371878556,1.7582475197440248
2000-03-27,2000,Mar,27,87,SSP585,-4.101169328784314,-9.488678143878557,1.0959124793686608
2000-03-28,2000,Mar,28,88,SSP585,-4.079806700784314,-9.433745671878558,1.4812710483143212
2000-03-29,2000,Mar,29,89,SSP585,-3.188679932784314,-9.519196183878558,1.6257805116689568
2000-03-30,2000,Mar,30,90,SSP585,-1.7238140127843138,-9.348295159878557,1.4812710483143212
2000-03-31,2000,Mar,31,91,SSP585,-0.06058083278431381,-8.316785407878559,1.2885917638415185
2001-03-01,2001,Mar,1,60,SSP585,-10.671703340784314,-15.836430463878557,0.9875303818527038
2001-03-02,2001,Mar,2,61,SSP585,-9.219044636784314,-16.07752297987856,2.011139080614617
2001-03-03,2001,Mar,3,62,SSP585,-10.189518308784313,-16.526138167878557,1.782332430303128
2001-03-04,2001,Mar,4,63,SSP585,-11.651332424784313,-17.340969835878557,0.9754879265731758
2001-03-05,2001,Mar,5,64,SSP585,-9.875182496784314,-16.788593311878557,1.2765493085619353
2001-03-06,2001,Mar,6,65,SSP585,-8.123447000784314,-15.937139995878557,1.4933135035938967
2001-03-07,2001,Mar,7,66,SSP585,-8.935226864784314,-15.332882803878558,2.191775909807892
2001-03-08,2001,Mar,8,67,SSP585,-11.214924452784313,-17.95743424387856,1.0718275688095573
2001-03-09,2001,Mar,9,68,SSP585,-9.295339736784314,-19.34295325987856,1.5173984141530077
2001-03-10,2001,Mar,10,69,SSP585,-7.400169452784314,-16.150766275878556,1.252464398002832
2001-03-11,2001,Mar,11,70,SSP585,-5.169300728784314,-12.05829711187856,1.8064173408622395
2001-03-12,2001,Mar,12,71,SSP585,-3.1795245207843137,-12.207835507878556,2.336285373162488
2001-03-13,2001,Mar,13,72,SSP585,-1.9862691567843138,-12.970786507878557,1.4692285930347933
2001-03-14,2001,Mar,14,73,SSP585,-1.6017418527843137,-10.993217515878559,1.1802096663255617
2001-03-15,2001,Mar,15,74,SSP585,-2.1022377087843136,-10.211955691878558,1.4812710483143212
2001-03-16,2001,Mar,16,75,SSP585,-2.010683588784314,-10.276043575878557,3.420106348322144
2001-03-17,2001,Mar,17,76,SSP585,-2.498972228784314,-12.113229583878557,2.7457288526672516
2001-03-18,2001,Mar,18,77,SSP585,-2.990312672784314,-10.938285043878558,1.6498654222280678
2001-03-19,2001,Mar,19,78,SSP585,-1.8764042127843137,-9.555817831878556,2.360370283721599
2001-03-20,2001,Mar,20,79,SSP585,-0.8662570887843137,-8.023812223878558,1.9027569830986208
2001-03-21,2001,Mar,21,80,SSP585,-2.5722155247843137,-8.917990795878557,1.3126766744006217
2001-03-22,2001,Mar,22,81,SSP585,-2.8011008247843137,-10.102090747878558,1.8907145278190851
2001-03-23,2001,Mar,23,82,SSP585,-0.46952256878431387,-7.926154495878557,2.541007112914874
2001-03-24,2001,Mar,24,83,SSP585,-0.7136668887843137,-8.051278459878557,1.3126766744006217
2001-03-25,2001,Mar,25,84,SSP585,-2.2822941447843137,-9.424590259878558,1.3126766744006217
2001-03-26,2001,Mar,26,85,SSP585,-1.8306271527843139,-9.055321975878558,2.0593089017327846
2001-03-27,2001,Mar,27,86,SSP585,-0.6984078687843137,-8.225231287878557,2.4928372917966595
2001-03-28,2001,Mar,28,87,SSP585,-1.2843542367843137,-9.336087943878557,0.9514030160140725
2001-03-29,2001,Mar,29,88,SSP585,-0.8540498727843138,-9.067529191878558,1.348804040239261
2001-03-30,2001,Mar,30,89,SSP585,-0.5061442167843138,-7.743046255878558,1.7702899750235528
2001-03-31,2001,Mar,31,90,SSP585,-1.1958519207843137,-7.727787235878558,2.179733454528317
2002-03-01,2002,Mar,1,60,SSP585,-6.625011236784314,-14.811024319878559,2.227903275646531
2002-03-02,2002,Mar,2,61,SSP585,-7.299459920784314,-14.688952159878557,1.5053559588734244
2002-03-03,2002,Mar,3,62,SSP585,-8.907760628784313,-18.00931491187856,1.0116152924118151
2002-03-04,2002,Mar,4,63,SSP585,-8.218052924784313,-15.952399015878559,1.252464398002832
2002-03-05,2002,Mar,5,64,SSP585,-9.692074256784313,-15.515991043878557,1.1681672110459864
2002-03-06,2002,Mar,6,65,SSP585,-9.371634836784313,-14.405134387878558,1.3969738613574756
2002-03-07,2002,Mar,7,66,SSP585,-7.506982592784314,-13.166101963878557,2.0593089017327846
2002-03-08,2002,Mar,8,67,SSP585,-6.591441392784314,-13.260707887878556,1.6619078775075957
2002-03-09,2002,Mar,9,68,SSP585,-5.996339612784314,-13.895483119878559,1.1440823004868752
2002-03-10,2002,Mar,10,69,SSP585,-7.976960408784314,-16.33387451587856,1.7943748855826642
2002-03-11,2002,Mar,11,70,SSP585,-6.292364600784314,-15.677736655878558,2.0352239911737287
2002-03-12,2002,Mar,12,71,SSP585,-2.7766863927843137,-13.736789311878557,3.034747779376483
2002-03-13,2002,Mar,13,72,SSP585,-3.2558196207843135,-13.736789311878557,0.9754879265731758
2002-03-14,2002,Mar,14,73,SSP585,-6.173344244784314,-15.250484095878559,1.1802096663255617
2002-03-15,2002,Mar,15,74,SSP585,-5.654537564784314,-14.215922539878559,0.915275650175386
2002-03-16,2002,Mar,16,75,SSP585,-5.208974180784314,-11.911810519878557,1.9870541700555142
2002-03-17,2002,Mar,17,76,SSP585,-4.967881664784314,-11.139704107878558,1.4933135035938967
2002-03-18,2002,Mar,18,77,SSP585,-3.048296948784314,-10.431685579878557,3.3478516166448262
2002-03-19,2002,Mar,19,78,SSP585,-1.3209758847843138,-10.251629143878557,1.9750117147759387
2002-03-20,2002,Mar,20,79,SSP585,-0.9303449727843137,-9.323880727878556,3.8295498278269076
2002-03-21,2002,Mar,21,80,SSP585,-3.103229420784314,-10.074624511878557,2.3483278284420632
2002-03-22,2002,Mar,22,81,SSP585,-3.7715744967843134,-11.035942771878556,1.2765493085619353
2002-03-23,2002,Mar,23,82,SSP585,-5.361564380784314,-12.384840139878559,2.613261844592192
2002-03-24,2002,Mar,24,83,SSP585,-4.436867768784314,-11.536438627878557,1.5053559588734244
2002-03-25,2002,Mar,25,84,SSP585,-5.5111027767843135,-11.881292479878557,1.6859927880667072
2002-03-26,2002,Mar,26,85,SSP585,-3.573207236784314,-10.840627315878557,0.6503416340252608
2002-03-27,2002,Mar,27,86,SSP585,-2.7888936087843135,-10.413374755878557,1.2765493085619353
2002-03-28,2002,Mar,28,87,SSP585,-4.265966744784314,-10.706347939878558,1.216337032164193
2002-03-29,2002,Mar,29,88,SSP585,-3.286337660784314,-9.949500547878557,1.4692285930347933
2002-03-30,2002,Mar,30,89,SSP585,-1.8580933887843138,-8.261852935878558,1.914799438378196
2002-03-31,2002,Mar,31,90,SSP585,-2.126652140784314,-8.908835383878557,1.5414833247120636
2003-03-01,2003,Mar,1,60,SSP585,-9.005418356784313,-17.865880123878558,0.3131528861978156
2003-03-02,2003,Mar,2,61,SSP585,-10.061342540784313,-19.27276176787856,0.7225963657025802
2003-03-03,2003,Mar,3,62,SSP585,-10.159000268784313,-18.77836951987856,1.0357002029709181
2003-03-04,2003,Mar,4,63,SSP585,-10.125430424784312,-16.92287268787856,1.107954934648236
2003-03-05,2003,Mar,5,64,SSP585,-9.847716260784313,-16.42848043987856,2.1556485439692135
2003-03-06,2003,Mar,6,65,SSP585,-9.774472964784312,-15.436644139878556,1.7943748855826642
2003-03-07,2003,Mar,7,66,SSP585,-10.549631180784313,-17.984900479878558,0.8550633737776435
2003-03-08,2003,Mar,8,67,SSP585,-10.482491492784312,-17.911657183878557,1.6016956011098535
2003-03-09,2003,Mar,9,68,SSP585,-8.617839248784314,-14.48448129187856,2.3483278284420632
2003-03-10,2003,Mar,10,69,SSP585,-9.145801340784313,-13.587250915878556,2.13156363341011
2003-03-11,2003,Mar,11,70,SSP585,-9.945373988784313,-15.955450819878557,0.9754879265731758
2003-03-12,2003,Mar,12,71,SSP585,-10.039979912784313,-16.30335647587856,1.1440823004868752
2003-03-13,2003,Mar,13,72,SSP585,-9.969788420784313,-16.498671931878558,2.781856218505891
2003-03-14,2003,Mar,14,73,SSP585,-9.801939200784313,-16.46510208787856,1.8786720725395099
2003-03-15,2003,Mar,15,74,SSP585,-9.399101072784314,-15.281002135878559,1.4812710483143212
2003-03-16,2003,Mar,16,75,SSP585,-9.206837420784314,-16.745868055878557,1.782332430303128
2003-03-17,2003,Mar,17,76,SSP585,-8.263829984784314,-15.512939239878559,1.7100776986258104
2003-03-18,2003,Mar,18,77,SSP585,-8.227208336784313,-16.025642311878556,1.1802096663255617
2003-03-19,2003,Mar,19,78,SSP585,-7.201802192784314,-14.731677415878558,1.7341626091849138
2003-03-20,2003,Mar,20,79,SSP585,-6.206914088784314,-14.25254418787856,1.9388843489372993
2003-03-21,2003,Mar,21,80,SSP585,-3.8234551647843134,-10.965751279878557,1.457186137755218
2003-03-22,2003,Mar,22,81,SSP585,-5.431755872784314,-13.141687531878556,1.2283794874437288
2003-03-23,2003,Mar,23,82,SSP585,-4.540629104784314,-13.514007619878559,0.5901293576275176
2003-03-24,2003,Mar,24,83,SSP585,-3.9424755207843134,-11.438780899878559,2.203818365087428
2003-03-25,2003,Mar,25,84,SSP585,-3.738004652784314,-10.431685579878557,2.2399457309260673
2003-03-26,2003,Mar,26,85,SSP585,-3.7776781047843135,-10.416426559878557,1.589653145830278
2003-03-27,2003,Mar,27,86,SSP585,-0.6343199847843137,-8.683001887878557,3.648912998633633
2003-03-28,2003,Mar,28,87,SSP585,0.44907043521568624,-9.186549547878558,2.0713513570123596
2003-03-29,2003,Mar,29,88,SSP585,1.4012332832156862,-8.765400595878557,1.0357002029709181
2003-03-30,2003,Mar,30,89,SSP585,1.681999251215686,-9.046166563878558,1.7943748855826642
2003-03-31,2003,Mar,31,90,SSP585,0.7847688752156861,-8.246593915878558,2.866153405462784
2004-03-01,2004,Mar,1,61,SSP585,-6.429695780784314,-15.009391579878557,1.57761069055075
2004-03-02,2004,Mar,2,62,SSP585,-6.640270256784314,-15.674684851878556,2.3844551942807026
2004-03-03,2004,Mar,3,63,SSP585,-8.062410920784313,-16.349133535878558,1.6257805116689568
2004-03-04,2004,Mar,4,64,SSP585,-8.529336932784313,-13.90769033587856,1.0236577476913429
2004-03-05,2004,Mar,5,65,SSP585,-7.037004776784314,-13.691012251878558,1.216337032164193
2004-03-06,2004,Mar,6,66,SSP585,-7.751126912784314,-15.589234339878558,2.191775909807892
2004-03-07,2004,Mar,7,67,SSP585,-8.150913236784314,-15.63806320387856,1.2765493085619353
2004-03-08,2004,Mar,8,68,SSP585,-8.410316576784313,-14.991080755878556,1.6016956011098535
2004-03-09,2004,Mar,9,69,SSP585,-7.940338760784314,-14.908682047878557,1.6378229669484925
2004-03-10,2004,Mar,10,70,SSP585,-8.202793904784313,-15.51904284787856,2.2519881862056423
2004-03-11,2004,Mar,11,71,SSP585,-7.803007580784314,-14.850697771878558,1.9990966253350422
2004-03-12,2004,Mar,12,72,SSP585,-7.192646780784314,-13.889379511878559,1.3126766744006217
2004-03-13,2004,Mar,13,73,SSP585,-5.822386784784314,-12.137644015878557,3.034747779376483
2004-03-14,2004,Mar,14,74,SSP585,-4.677960284784314,-12.604570027878559,3.648912998633633
2004-03-15,2004,Mar,15,75,SSP585,-5.1052128447843135,-11.762272123878557,2.8420684949036805
2004-03-16,2004,Mar,16,76,SSP585,-4.720685540784314,-12.372632923878559,1.782332430303128
2004-03-17,2004,Mar,17,77,SSP585,-3.536585588784314,-10.321820635878558,2.2760730967647453
2004-03-18,2004,Mar,18,78,SSP585,-4.909897388784314,-10.935233239878556,2.2399457309260673
2004-03-19,2004,Mar,19,79,SSP585,-3.878387636784314,-10.443892795878558,1.0959124793686608
2004-03-20,2004,Mar,20,80,SSP585,-4.372779884784314,-9.683993599878558,2.3964976495602306
2004-03-21,2004,Mar,21,81,SSP585,-4.970933468784314,-10.202800279878558,1.4210587719165788
2004-03-22,2004,Mar,22,82,SSP585,-4.845809504784314,-10.874197159878559,2.6855165762695092
2004-03-23,2004,Mar,23,83,SSP585,-3.585414452784314,-10.935233239878556,2.167690999248789
2004-03-24,2004,Mar,24,84,SSP585,-4.375831688784314,-10.211955691878558,2.444667470678445
2004-03-25,2004,Mar,25,85,SSP585,-3.866180420784314,-10.523239699878559,2.6373467551512952
2004-03-26,2004,Mar,26,86,SSP585,-3.1367992647843135,-9.616853911878557,2.781856218505891
2004-03-27,2004,Mar,27,87,SSP585,-2.5020240327843135,-9.961707763878557,2.6373467551512952
2004-03-28,2004,Mar,28,88,SSP585,-2.7400647447843136,-9.210963979878557,1.8184597961417672
2004-03-29,2004,Mar,29,89,SSP585,-2.0259426087843138,-8.133677167878558,1.9027569830986208
2004-03-30,2004,Mar,30,90,SSP585,-0.3627094287843138,-6.220196059878558,2.504879747076235
2004-03-31,2004,Mar,31,91,SSP585,0.7634062472156862,-6.308698375878558,2.2519881862056423
2005-03-01,2005,Mar,1,60,SSP585,-4.3575208647843136,-12.400099159878557,2.0713513570123596
2005-03-02,2005,Mar,2,61,SSP585,-6.3839187207843135,-14.740832827878556,2.974535502978741
2005-03-03,2005,Mar,3,62,SSP585,-7.839629228784314,-15.494628415878559,1.9870541700555142
2005-03-04,2005,Mar,4,63,SSP585,-5.959717964784314,-15.259639507878557,1.8184597961417672
2005-03-05,2005,Mar,5,64,SSP585,-7.040056580784314,-15.668581243878556,2.8541109501832085
2005-03-06,2005,Mar,6,65,SSP585,-6.109256360784314,-13.822239823878558,1.4812710483143212
2005-03-07,2005,Mar,7,66,SSP585,-4.629131420784314,-14.94835549987856,1.5414833247120636
2005-03-08,2005,Mar,8,67,SSP585,-4.290381176784313,-14.078591359878558,1.5414833247120636
2005-03-09,2005,Mar,9,68,SSP585,-5.428704068784314,-14.417341603878558,1.782332430303128
2005-03-10,2005,Mar,10,69,SSP585,-3.7746263007843135,-13.480437775878556,1.1320398452073472
2005-03-11,2005,Mar,11,70,SSP585,-2.871292316784314,-12.86702517187856,2.697559031549037
2005-03-12,2005,Mar,12,71,SSP585,-4.519266476784313,-14.356305523878557,1.0718275688095573
2005-03-13,2005,Mar,13,72,SSP585,-5.019762332784314,-12.571000183878557,2.3242429178829602
2005-03-14,2005,Mar,14,73,SSP585,-4.790877032784314,-11.878240675878558,0.9634454712936006
2005-03-15,2005,Mar,15,74,SSP585,-4.604716988784314,-12.519119515878558,1.8425447067008704
2005-03-16,2005,Mar,16,75,SSP585,-3.521326568784314,-13.068444235878559,1.5655682352711748
2005-03-17,2005,Mar,17,76,SSP585,-2.990312672784314,-12.595414615878557,2.5891769340330884
2005-03-18,2005,Mar,18,77,SSP585,-1.9526993127843137,-12.345166687878557,1.4331012271961068
2005-03-19,2005,Mar,19,78,SSP585,-3.911957480784314,-11.621889139878558,1.252464398002832
2005-03-20,2005,Mar,20,79,SSP585,-5.428704068784314,-12.339063079878557,1.4090163166370036
2005-03-21,2005,Mar,21,80,SSP585,-5.950562552784314,-11.753116711878558,1.8666296172599819
2005-03-22,2005,Mar,22,81,SSP585,-4.137790976784314,-10.962699475878559,1.2645068532824075
2005-03-23,2005,Mar,23,82,SSP585,-2.0198390007843137,-8.551774315878557,2.8300260396241055
2005-03-24,2005,Mar,24,83,SSP585,-3.6708649647843137,-9.754185091878558,1.2283794874437288
2005-03-25,2005,Mar,25,84,SSP585,-5.208974180784314,-10.706347939878558,1.8184597961417672
2005-03-26,2005,Mar,26,85,SSP585,-3.0330379287843137,-8.518204471878558,3.6850403644722722
2005-03-27,2005,Mar,27,86,SSP585,-0.9517076007843137,-7.1876179278785575,1.9629692594964028
2005-03-28,2005,Mar,28,87,SSP585,-1.8794560167843137,-9.189601351878558,2.4085401048398056
2005-03-29,2005,Mar,29,88,SSP585,-2.090030492784314,-10.245525535878556,0.9393605607344973
2005-03-30,2005,Mar,30,89,SSP585,-1.9893209607843136,-8.762348791878559,2.0954362675714706
2005-03-31,2005,Mar,31,90,SSP585,-1.4735660847843137,-8.518204471878558,2.13156363341011
2006-03-01,2006,Mar,1,60,SSP585,-7.720608872784314,-13.846654255878558,2.504879747076235
2006-03-02,2006,Mar,2,61,SSP585,-7.934235152784314,-15.430540531878556,1.2283794874437288
2006-03-03,2006,Mar,3,62,SSP585,-10.039979912784313,-18.113076247878556,1.6137380563893815
2006-03-04,2006,Mar,4,63,SSP585,-9.557794880784312,-17.73160074787856,2.227903275646531
2006-03-05,2006,Mar,5,64,SSP585,-8.166172256784314,-16.474257499878558,0.8791482843367469
2006-03-06,2006,Mar,6,65,SSP585,-7.357444196784314,-14.405134387878558,2.023181535894153
2006-03-07,2006,Mar,7,66,SSP585,-7.336081568784314,-13.678805035878558,1.5535257799916389
2006-03-08,2006,Mar,8,67,SSP585,-8.663616308784313,-16.928976295878556,1.7943748855826642
2006-03-09,2006,Mar,9,68,SSP585,-9.994202852784314,-16.111092823878558,1.1802096663255617
2006-03-10,2006,Mar,10,69,SSP585,-8.779584860784313,-15.903570151878558,2.468752381237548
2006-03-11,2006,Mar,11,70,SSP585,-7.497827180784314,-14.112161203878557,1.57761069055075
2006-03-12,2006,Mar,12,71,SSP585,-8.285192612784314,-13.874120491878557,1.107954934648236
2006-03-13,2006,Mar,13,72,SSP585,-7.159076936784314,-13.480437775878556,3.468276169440358
2006-03-14,2006,Mar,14,73,SSP585,-7.192646780784314,-13.123376707878556,1.5535257799916389
2006-03-15,2006,Mar,15,74,SSP585,-6.643322060784314,-14.045021515878556,1.2042945768846176
2006-03-16,2006,Mar,16,75,SSP585,-4.766462600784314,-12.232249939878557,1.9870541700555142
2006-03-17,2006,Mar,17,76,SSP585,-8.761274036784313,-13.279018711878557,2.504879747076235
2006-03-18,2006,Mar,18,77,SSP585,-7.427635688784314,-13.587250915878556,2.516922202355763
2006-03-19,2006,Mar,19,78,SSP585,-6.737927984784314,-13.083703255878557,2.6253042998717198
2006-03-20,2006,Mar,20,79,SSP585,-6.597545000784314,-12.558792967878556,2.87819586074232
2006-03-21,2006,Mar,21,80,SSP585,-5.498895560784314,-12.781574659878558,0.8068935526594291
2006-03-22,2006,Mar,22,81,SSP585,-4.082858504784314,-10.181437651878557,3.3117242508061873
2006-03-23,2006,Mar,23,82,SSP585,-2.813308040784314,-9.937293331878557,1.2283794874437288
2006-03-24,2006,Mar,24,83,SSP585,-2.065616060784314,-10.181437651878557,1.445143682475682
2006-03-25,2006,Mar,25,84,SSP585,-2.990312672784314,-10.694140723878558,2.516922202355763
2006-03-26,2006,Mar,26,85,SSP585,-3.243612404784314,-10.773487627878557,1.9750117147759387
2006-03-27,2006,Mar,27,86,SSP585,-4.2385005087843135,-10.785694843878558,1.2645068532824075
2006-03-28,2006,Mar,28,87,SSP585,-4.369728080784314,-10.404219343878559,2.300158007323849
2006-03-29,2006,Mar,29,88,SSP585,-3.347373740784314,-9.763340503878558,2.565092023473977
2006-03-30,2006,Mar,30,89,SSP585,-2.3738482647843138,-10.041054667878559,2.974535502978741
2006-03-31,2006,Mar,31,90,SSP585,-0.2619998967843138,-7.776616099878558,3.0467902346560587
2007-03-01,2007,Mar,1,60,SSP585,-6.393074132784314,-14.630967883878558,1.9990966253350422
2007-03-02,2007,Mar,2,61,SSP585,-8.837569136784314,-16.20875055187856,2.1436060886896855
2007-03-03,2007,Mar,3,62,SSP585,-9.212941028784314,-16.687883779878558,1.4210587719165788
2007-03-04,2007,Mar,4,63,SSP585,-9.304495148784314,-17.917760791878557,1.6619078775075957
2007-03-05,2007,Mar,5,64,SSP585,-10.409248196784313,-17.56985513587856,2.011139080614617
2007-03-06,2007,Mar,6,65,SSP585,-10.513009532784313,-19.34295325987856,1.2765493085619353
2007-03-07,2007,Mar,7,66,SSP585,-10.122378620784312,-15.577027123878558,1.0597851135300294
2007-03-08,2007,Mar,8,67,SSP585,-10.992142760784313,-16.364392555878556,1.6137380563893815
2007-03-09,2007,Mar,9,68,SSP585,-10.540475768784313,-16.141610863878558,1.7100776986258104
2007-03-10,2007,Mar,10,69,SSP585,-8.825361920784314,-15.992072467878558,1.6016956011098535
2007-03-11,2007,Mar,11,70,SSP585,-7.931183348784314,-14.930044675878559,1.6619078775075957
2007-03-12,2007,Mar,12,71,SSP585,-7.384910432784314,-14.383771759878556,1.9990966253350422
2007-03-13,2007,Mar,13,72,SSP585,-6.518198096784314,-13.962622807878557,1.5414833247120636
2007-03-14,2007,Mar,14,73,SSP585,-6.472421036784314,-14.310528463878558,1.3247191296801497
2007-03-15,2007,Mar,15,74,SSP585,-5.813231372784314,-11.954535775878558,2.023181535894153
2007-03-16,2007,Mar,16,75,SSP585,-6.341193464784314,-13.031822587878558,1.4933135035938967
2007-03-17,2007,Mar,17,76,SSP585,-8.419471988784313,-15.381711667878559,1.0597851135300294
2007-03-18,2007,Mar,18,77,SSP585,-7.626002948784314,-14.426497015878557,1.914799438378196
2007-03-19,2007,Mar,19,78,SSP585,-7.629054752784314,-12.412306375878558,1.2645068532824075
2007-03-20,2007,Mar,20,79,SSP585,-7.329977960784314,-13.504852207878557,0.9634454712936006
2007-03-21,2007,Mar,21,80,SSP585,-4.824446876784314,-12.506912299878557,1.348804040239261
2007-03-22,2007,Mar,22,81,SSP585,-2.9597946327843134,-11.81415279187856,1.7582475197440248
2007-03-23,2007,Mar,23,82,SSP585,-3.7807299087843136,-11.478454351878558,1.9870541700555142
2007-03-24,2007,Mar,24,83,SSP585,-4.4155051407843136,-12.030830875878557,2.0954362675714706
2007-03-25,2007,Mar,25,84,SSP585,-4.9892442927843135,-11.777531143878559,1.4090163166370036
2007-03-26,2007,Mar,26,85,SSP585,-5.3951342247843135,-12.314648647878556,1.7702899750235528
2007-03-27,2007,Mar,27,86,SSP585,-4.021822424784314,-11.768375731878557,1.6619078775075957
2007-03-28,2007,Mar,28,87,SSP585,-1.8977668407843138,-8.930198011878558,1.5414833247120636
2007-03-29,2007,Mar,29,88,SSP585,-2.3372266167843136,-10.135660591878558,2.3483278284420632
2007-03-30,2007,Mar,30,89,SSP585,-1.3270794927843137,-10.901663395878558,2.9022807713014234
2007-03-31,2007,Mar,31,90,SSP585,-0.07278804878431377,-8.307629995878557,3.8054649172678046
2008-03-01,2008,Mar,1,61,SSP585,-7.970856800784314,-17.542388899878556,1.3728889507983644
2008-03-02,2008,Mar,2,62,SSP585,-9.234303656784313,-19.791568447878557,1.3247191296801497
2008-03-03,2008,Mar,3,63,SSP585,-9.038988200784313,-17.429472151878556,2.2881155520442733
2008-03-04,2008,Mar,4,64,SSP585,-9.304495148784314,-16.211802355878557,2.4928372917966595
2008-03-05,2008,Mar,5,65,SSP585,-10.094912384784314,-19.84344911587856,1.457186137755218
2008-03-06,2008,Mar,6,66,SSP585,-8.044100096784314,-16.562759815878557,1.7702899750235528
2008-03-07,2008,Mar,7,67,SSP585,-7.000383128784314,-14.872060399878556,2.3242429178829602
2008-03-08,2008,Mar,8,68,SSP585,-7.229268428784314,-16.245372199878556,1.926841893657724
2008-03-09,2008,Mar,9,69,SSP585,-7.394065844784314,-18.07035099187856,0.9032331948958581
2008-03-10,2008,Mar,10,70,SSP585,-6.731824376784314,-15.98291705587856,0.8189360079390046
2008-03-11,2008,Mar,11,71,SSP585,-6.319830836784314,-16.20264694387856,1.1561247557664505
2008-03-12,2008,Mar,12,72,SSP585,-4.452126788784314,-13.718478487878556,2.0954362675714706
2008-03-13,2008,Mar,13,73,SSP585,-4.272070352784314,-13.037926195878558,2.336285373162488
2008-03-14,2008,Mar,14,74,SSP585,-4.278173960784314,-13.022667175878556,1.7582475197440248
2008-03-15,2008,Mar,15,75,SSP585,-6.460213820784314,-13.990089043878559,2.3964976495602306
2008-03-16,2008,Mar,16,76,SSP585,-7.116351680784314,-14.542465567878558,1.9509268042168275
2008-03-17,2008,Mar,17,77,SSP585,-8.089877156784313,-14.905630243878559,1.7100776986258104
2008-03-18,2008,Mar,18,78,SSP585,-7.748075108784314,-13.779514567878557,1.6137380563893815
2008-03-19,2008,Mar,19,79,SSP585,-6.527353508784314,-12.369581119878557,1.6980352433462824
2008-03-20,2008,Mar,20,80,SSP585,-7.964753192784314,-13.590302719878558,2.9384081371400623
2008-03-21,2008,Mar,21,81,SSP585,-10.204777328784314,-15.342038215878556,2.8541109501832085
2008-03-22,2008,Mar,22,82,SSP585,-7.400169452784314,-13.401090871878559,2.0954362675714706
2008-03-23,2008,Mar,23,83,SSP585,-5.245595828784314,-11.151911323878558,1.7943748855826642
2008-03-24,2008,Mar,24,84,SSP585,-5.575190660784314,-10.263836359878557,2.2881155520442733
2008-03-25,2008,Mar,25,85,SSP585,-5.031969548784314,-11.417418271878557,1.4210587719165788
2008-03-26,2008,Mar,26,86,SSP585,-3.243612404784314,-8.823384871878558,1.6859927880667072
2008-03-27,2008,Mar,27,87,SSP585,-2.2151544567843136,-8.860006519878556,2.9384081371400623
2008-03-28,2008,Mar,28,88,SSP585,-1.1653338807843139,-9.104150839878557,2.167690999248789
2008-03-29,2008,Mar,29,89,SSP585,0.3025838432156862,-7.913947279878558,2.6493892104308308
2008-03-30,2008,Mar,30,90,SSP585,-0.081943460784313693,-7.099115611878558,2.1436060886896855
2008-03-31,2008,Mar,31,91,SSP585,-0.46952256878431387,-7.874273827878557,0.9032331948958581
2009-03-01,2009,Mar,1,60,SSP585,-8.620891052784314,-17.170068811878558,2.2640306414851703
2009-03-02,2009,Mar,2,61,SSP585,-7.812162992784314,-13.941260179878558,1.3849314060778923
2009-03-03,2009,Mar,3,62,SSP585,-8.947434080784314,-14.209818931878559,1.914799438378196
2009-03-04,2009,Mar,4,63,SSP585,-8.071566332784313,-13.141687531878556,2.0833938122918956
2009-03-05,2009,Mar,5,64,SSP585,-9.383842052784313,-14.801868907878557,2.6253042998717198
2009-03-06,2009,Mar,6,65,SSP585,-9.878234300784314,-15.033806011878557,2.4085401048398056
2009-03-07,2009,Mar,7,66,SSP585,-9.280080716784314,-16.230113179878558,1.4812710483143212
2009-03-08,2009,Mar,8,67,SSP585,-8.681927132784313,-14.783558083878557,2.769813763226363
2009-03-09,2009,Mar,9,68,SSP585,-10.067446148784313,-16.709246407878556,0.8309784632185402
2009-03-10,2009,Mar,10,69,SSP585,-8.413368380784313,-16.092781999878557,1.7943748855826642
2009-03-11,2009,Mar,11,70,SSP585,-6.933243440784314,-15.332882803878558,1.0357002029709181
2009-03-12,2009,Mar,12,71,SSP585,-7.323874352784314,-16.20875055187856,1.8666296172599819
2009-03-13,2009,Mar,13,72,SSP585,-5.752195292784314,-14.612657059878558,1.9750117147759387
2009-03-14,2009,Mar,14,73,SSP585,-6.658581080784314,-15.18639621187856,1.3608464955188364
2009-03-15,2009,Mar,15,74,SSP585,-6.637218452784314,-13.004356351878556,2.613261844592192
2009-03-16,2009,Mar,16,75,SSP585,-4.214086076784314,-10.999321123878559,3.1551723321720155
2009-03-17,2009,Mar,17,76,SSP585,-4.113376544784313,-11.304501523878557,1.7341626091849138
2009-03-18,2009,Mar,18,77,SSP585,-3.1429028727843136,-11.106134263878559,1.6257805116689568
2009-03-19,2009,Mar,19,78,SSP585,-1.2599398047843138,-9.473419123878557,0.7466812762616867
2009-03-20,2009,Mar,20,79,SSP585,-0.8998269327843138,-8.435805763878559,2.5891769340330884
2009-03-21,2009,Mar,21,80,SSP585,-1.9313366847843136,-9.870153643878558,2.2399457309260673
2009-03-22,2009,Mar,22,81,SSP585,-3.420617036784314,-11.286190699878556,0.6985114551434738
2009-03-23,2009,Mar,23,82,SSP585,-3.6708649647843137,-9.693149011878557,1.7341626091849138
2009-03-24,2009,Mar,24,83,SSP585,-2.172429200784314,-9.821324779878559,2.191775909807892
2009-03-25,2009,Mar,25,84,SSP585,-1.7848500927843138,-9.854894623878558,2.191775909807892
2009-03-26,2009,Mar,26,85,SSP585,-1.2385771767843137,-8.869161931878558,2.191775909807892
2009-03-27,2009,Mar,27,86,SSP585,-0.5366622567843138,-8.130625363878558,2.336285373162488
2009-03-28,2009,Mar,28,87,SSP585,-0.8754125007843138,-9.461211907878557,1.3849314060778923
2009-03-29,2009,Mar,29,88,SSP585,-0.41764190078431374,-7.788823315878558,2.1074787228509986
2009-03-30,2009,Mar,30,89,SSP585,-0.2864143287843137,-8.029915831878558,1.9388843489372993
2009-03-31,2009,Mar,31,90,SSP585,0.2659621952156863,-6.876333919878558,2.0472664464532566
2010-03-01,2010,Mar,1,60,SSP585,-7.803007580784314,-15.522094651878557,2.769813763226363
2010-03-02,2010,Mar,2,61,SSP585,-7.360496000784314,-14.615708863878556,1.445143682475682
2010-03-03,2010,Mar,3,62,SSP585,-8.034944684784314,-15.497680219878557,1.4812710483143212
2010-03-04,2010,Mar,4,63,SSP585,-7.900665308784314,-17.145654379878557,1.4692285930347933
2010-03-05,2010,Mar,5,64,SSP585,-8.535440540784313,-17.194483243878558,1.589653145830278
2010-03-06,2010,Mar,6,65,SSP585,-6.835585712784314,-15.448851355878556,1.782332430303128
2010-03-07,2010,Mar,7,66,SSP585,-8.202793904784313,-17.655305647878556,0.9032331948958581
2010-03-08,2010,Mar,8,67,SSP585,-8.813154704784314,-18.387738607878557,1.5294408694325357
2010-03-09,2010,Mar,9,68,SSP585,-9.368583032784313,-17.878087339878558,1.6257805116689568
2010-03-10,2010,Mar,10,69,SSP585,-9.463188956784313,-17.10598092787856,1.7582475197440248
2010-03-11,2010,Mar,11,70,SSP585,-7.549707848784314,-12.711383167878559,1.8545871619804457
2010-03-12,2010,Mar,12,71,SSP585,-7.687039028784314,-13.062340627878559,2.0472664464532566
2010-03-13,2010,Mar,13,72,SSP585,-7.677883616784314,-14.685900355878559,1.6980352433462824
2010-03-14,2010,Mar,14,73,SSP585,-7.595484908784314,-14.981925343878558,1.57761069055075
2010-03-15,2010,Mar,15,74,SSP585,-6.814223084784314,-12.027779071878559,2.13156363341011
2010-03-16,2010,Mar,16,75,SSP585,-7.122455288784314,-14.13352383187856,2.203818365087428
2010-03-17,2010,Mar,17,76,SSP585,-7.378806824784314,-14.737781023878558,0.8309784632185402
2010-03-18,2010,Mar,18,77,SSP585,-5.892578276784314,-12.513015907878557,1.8184597961417672
2010-03-19,2010,Mar,19,78,SSP585,-6.835585712784314,-13.968726415878557,1.3367615849597252
2010-03-20,2010,Mar,20,79,SSP585,-6.444954800784314,-13.321743967878557,1.6619078775075957
2010-03-21,2010,Mar,21,80,SSP585,-4.806136052784313,-12.107125975878557,1.3608464955188364
2010-03-22,2010,Mar,22,81,SSP585,-4.449074984784314,-12.464187043878557,0.8911907396162827
2010-03-23,2010,Mar,23,82,SSP585,-3.2375087967843137,-10.584275779878558,1.5414833247120636
2010-03-24,2010,Mar,24,83,SSP585,-3.216146168784314,-10.785694843878558,2.4567099259580205
2010-03-25,2010,Mar,25,84,SSP585,-2.8926549447843137,-11.103082459878557,2.2760730967647453
2010-03-26,2010,Mar,26,85,SSP585,-1.0829351727843137,-8.216075875878557,2.300158007323849
2010-03-27,2010,Mar,27,86,SSP585,-0.5519212767843138,-9.113306251878559,2.0713513570123596
2010-03-28,2010,Mar,28,87,SSP585,0.5253655352156861,-7.947517123878558,2.023181535894153
2010-03-29,2010,Mar,29,88,SSP585,1.3859742632156864,-6.861074899878558,2.7096014868286207
2010-03-30,2010,Mar,30,89,SSP585,1.5507716792156863,-6.803090623878558,2.7577713079467876
2010-03-31,2010,Mar,31,90,SSP585,1.0807938632156862,-7.645388527878557,3.1551723321720155
2011-03-01,2011,Mar,1,60,SSP585,-7.491723572784314,-14.03281429987856,1.0718275688095573
2011-03-02,2011,Mar,2,61,SSP585,-9.066454436784314,-14.890371223878557,0.7225963657025802
2011-03-03,2011,Mar,3,62,SSP585,-9.542535860784314,-13.221034435878558,1.3849314060778923
2011-03-04,2011,Mar,4,63,SSP585,-12.337988324784313,-17.270778343878558,1.4692285930347933
2011-03-05,2011,Mar,5,64,SSP585,-9.740903120784314,-16.76112707587856,1.57761069055075
2011-03-06,2011,Mar,6,65,SSP585,-6.374763308784314,-13.587250915878556,3.600743177515419
2011-03-07,2011,Mar,7,66,SSP585,-6.252691148784314,-14.640123295878556,1.3247191296801497
2011-03-08,2011,Mar,8,67,SSP585,-6.475472840784314,-16.098885607878557,1.0357002029709181
2011-03-09,2011,Mar,9,68,SSP585,-7.003434932784314,-15.622804183878557,2.516922202355763
2011-03-10,2011,Mar,10,69,SSP585,-8.016633860784314,-14.548569175878558,2.528964657635338
2011-03-11,2011,Mar,11,70,SSP585,-6.988175912784314,-12.802937287878557,1.4812710483143212
2011-03-12,2011,Mar,12,71,SSP585,-6.704358140784314,-14.539413763878557,1.5294408694325357
2011-03-13,2011,Mar,13,72,SSP585,-6.649425668784314,-13.66964962387856,1.1922521216050896
2011-03-14,2011,Mar,14,73,SSP585,-6.200810480784314,-12.763263835878558,1.7341626091849138
2011-03-15,2011,Mar,15,74,SSP585,-5.007555116784314,-12.122384995878559,1.5535257799916389
2011-03-16,2011,Mar,16,75,SSP585,-3.3687363687843135,-11.164118539878558,1.3006342191210465
2011-03-17,2011,Mar,17,76,SSP585,-2.654614232784314,-11.032890967878558,3.7332101855904867
2011-03-18,2011,Mar,18,77,SSP585,-2.520334856784314,-10.446944599878558,1.8786720725395099
2011-03-19,2011,Mar,19,78,SSP585,-3.3290629167843138,-11.432677291878559,1.3608464955188364
2011-03-20,2011,Mar,20,79,SSP585,-3.7837817127843136,-11.576112079878559,2.6855165762695092
2011-03-21,2011,Mar,21,80,SSP585,-2.6820804687843136,-10.095987139878558,3.9138470147837614
2011-03-22,2011,Mar,22,81,SSP585,-1.4796696927843138,-9.711459835878557,1.240421942723304
2011-03-23,2011,Mar,23,82,SSP585,-1.4888251047843137,-9.156031507878557,3.408063893042568
2011-03-24,2011,Mar,24,83,SSP585,-1.9069222527843137,-10.797902059878558,2.5891769340330884
2011-03-25,2011,Mar,25,84,SSP585,-1.3453903167843138,-10.816212883878558,1.5173984141530077
2011-03-26,2011,Mar,26,85,SSP585,-2.645458820784314,-10.440840991878558,3.20334215329023
2011-03-27,2011,Mar,27,86,SSP585,-1.1348158407843139,-9.729770659878557,3.0708751452151226
2011-03-28,2011,Mar,28,87,SSP585,0.38498255121568614,-9.305569903878558,3.5164459905585725
2011-03-29,2011,Mar,29,88,SSP585,0.34836090321568625,-8.969871463878558,2.2399457309260673
2011-03-30,2011,Mar,30,89,SSP585,-1.3209758847843138,-8.661639259878559,1.914799438378196
2011-03-31,2011,Mar,31,90,SSP585,0.34836090321568625,-8.826436675878558,1.6619078775075957
2012-03-01,2012,Mar,1,61,SSP585,-7.690090832784314,-16.034797723878558,2.4807948365171315
2012-03-02,2012,Mar,2,62,SSP585,-9.386893856784313,-16.425428635878557,2.13156363341011
2012-03-03,2012,Mar,3,63,SSP585,-8.526285128784313,-16.96864974787856,2.13156363341011
2012-03-04,2012,Mar,4,64,SSP585,-8.816206508784314,-17.408109523878558,1.1802096663255617
2012-03-05,2012,Mar,5,65,SSP585,-10.598460044784312,-19.28496898387856,1.0236577476913429
2012-03-06,2012,Mar,6,66,SSP585,-7.482568160784314,-17.859776515878558,1.0718275688095573
2012-03-07,2012,Mar,7,67,SSP585,-5.529413600784314,-13.495696795878558,1.2765493085619353
2012-03-08,2012,Mar,8,68,SSP585,-6.560923352784314,-14.36546093587856,1.8907145278190851
2012-03-09,2012,Mar,9,69,SSP585,-6.994279520784314,-13.758151939878559,1.6257805116689568
2012-03-10,2012,Mar,10,70,SSP585,-7.137714308784314,-14.164041871878556,0.39745007315466535
2012-03-11,2012,Mar,11,71,SSP585,-6.631114844784314,-12.909750427878556,2.2640306414851703
2012-03-12,2012,Mar,12,72,SSP585,-4.207982468784314,-11.533386823878558,2.0713513570123596
2012-03-13,2012,Mar,13,73,SSP585,-2.2243098687843137,-11.12444508787856,2.372412739001174
2012-03-14,2012,Mar,14,74,SSP585,-3.911957480784314,-11.014580143878558,1.9870541700555142
2012-03-15,2012,Mar,15,75,SSP585,-5.971925180784314,-12.436720807878558,1.7582475197440248
2012-03-16,2012,Mar,16,76,SSP585,-5.529413600784314,-11.698184239878557,2.4567099259580205
2012-03-17,2012,Mar,17,77,SSP585,-5.678951996784314,-13.398039067878557,1.9027569830986208
2012-03-18,2012,Mar,18,78,SSP585,-2.7736345887843137,-12.674761519878558,1.5655682352711748
2012-03-19,2012,Mar,19,79,SSP585,-1.4888251047843137,-11.454039919878557,1.7943748855826642
2012-03-20,2012,Mar,20,80,SSP585,-2.712598508784314,-10.388960323878557,3.4562337141607835
2012-03-21,2012,Mar,21,81,SSP585,-1.3148722767843137,-10.086831727878558,1.5655682352711748
2012-03-22,2012,Mar,22,82,SSP585,-0.8021692047843137,-10.004433019878558,1.9509268042168275
2012-03-23,2012,Mar,23,83,SSP585,-2.010683588784314,-9.763340503878558,2.0593089017327846
2012-03-24,2012,Mar,24,84,SSP585,-2.6576660367843137,-11.35027858387856,1.107954934648236
2012-03-25,2012,Mar,25,85,SSP585,-1.3484421207843138,-9.754185091878558,1.9388843489372993
2012-03-26,2012,Mar,26,86,SSP585,-0.9150859527843137,-8.109262735878557,1.9990966253350422
2012-03-27,2012,Mar,27,87,SSP585,-1.0676761527843137,-8.109262735878557,1.8064173408622395
2012-03-28,2012,Mar,28,88,SSP585,-1.1561784687843137,-9.384916807878557,1.2765493085619353
2012-03-29,2012,Mar,29,89,SSP585,-0.9150859527843137,-9.885412663878558,1.3367615849597252
2012-03-30,2012,Mar,30,90,SSP585,-0.07583985278431382,-9.519196183878558,1.6739503327871712
2012-03-31,2012,Mar,31,91,SSP585,-0.09109887278431383,-8.896628167878557,1.9388843489372993
2013-03-01,2013,Mar,1,60,SSP585,-9.371634836784313,-15.854741287878557,1.7100776986258104
2013-03-02,2013,Mar,2,61,SSP585,-9.954529400784313,-16.68483197587856,1.8545871619804457
2013-03-03,2013,Mar,3,62,SSP585,-8.791792076784313,-15.473265787878557,2.191775909807892
2013-03-04,2013,Mar,4,63,SSP585,-8.861983568784314,-15.717410107878557,1.4933135035938967
2013-03-05,2013,Mar,5,64,SSP585,-6.948502460784314,-13.764255547878559,2.8420684949036805
2013-03-06,2013,Mar,6,65,SSP585,-7.516138004784314,-14.646226903878556,2.5891769340330884
2013-03-07,2013,Mar,7,66,SSP585,-7.882354484784314,-15.384763471878557,2.203818365087428
2013-03-08,2013,Mar,8,67,SSP585,-7.027849364784314,-14.673693139878559,1.4210587719165788
2013-03-09,2013,Mar,9,68,SSP585,-6.646373864784314,-12.05219350387856,1.57761069055075
2013-03-10,2013,Mar,10,69,SSP585,-6.402229544784314,-14.011451671878557,2.0593089017327846
2013-03-11,2013,Mar,11,70,SSP585,-6.444954800784314,-12.381788335878557,0.9393605607344973
2013-03-12,2013,Mar,12,71,SSP585,-5.913940904784314,-11.441832703878557,2.023181535894153
2013-03-13,2013,Mar,13,72,SSP585,-7.064471012784314,-12.711383167878559,1.7702899750235528
2013-03-14,2013,Mar,14,73,SSP585,-7.555811456784314,-12.726642187878557,1.7943748855826642
2013-03-15,2013,Mar,15,74,SSP585,-6.670788296784314,-12.332959471878556,2.4807948365171315
2013-03-16,2013,Mar,16,75,SSP585,-6.039064868784314,-11.035942771878556,1.6378229669484925
2013-03-17,2013,Mar,17,76,SSP585,-6.414436760784314,-12.961631095878559,1.57761069055075
2013-03-18,2013,Mar,18,77,SSP585,-5.721677252784314,-13.32479577187856,0.9032331948958581
2013-03-19,2013,Mar,19,78,SSP585,-3.695279396784314,-12.955527487878559,2.2519881862056423
2013-03-20,2013,Mar,20,79,SSP585,-2.898758552784314,-10.034951059878559,1.7100776986258104
2013-03-21,2013,Mar,21,80,SSP585,-3.9577345407843136,-11.969794795878556,2.227903275646531
2013-03-22,2013,Mar,22,81,SSP585,-4.430764160784314,-11.969794795878556,0.8550633737776435
2013-03-23,2013,Mar,23,82,SSP585,-2.5569565047843135,-9.995277607878558,1.8305022514213425
2013-03-24,2013,Mar,24,83,SSP585,-3.054400556784314,-8.094003715878557,2.372412739001174
2013-03-25,2013,Mar,25,84,SSP585,-5.102161040784313,-9.421538455878558,1.2885917638415185
2013-03-26,2013,Mar,26,85,SSP585,-5.138782688784314,-10.483566247878557,2.227903275646531
2013-03-27,2013,Mar,27,86,SSP585,-2.819411648784314,-8.905783579878559,1.914799438378196
2013-03-28,2013,Mar,28,87,SSP585,-2.001528176784314,-8.618914003878558,2.9384081371400623
2013-03-29,2013,Mar,29,88,SSP585,-2.7797381967843138,-8.679950083878557,2.866153405462784
2013-03-30,2013,Mar,30,89,SSP585,-2.752271960784314,-9.430693867878556,1.8184597961417672
2013-03-31,2013,Mar,31,90,SSP585,-2.785841804784314,-8.023812223878558,1.4210587719165788
2014-03-01,2014,Mar,1,60,SSP585,-9.658504412784312,-19.41924835987856,1.8786720725395099
2014-03-02,2014,Mar,2,61,SSP585,-8.892501608784313,-19.20562207987856,1.457186137755218
2014-03-03,2014,Mar,3,62,SSP585,-8.257726376784314,-18.161905111878557,1.2042945768846176
2014-03-04,2014,Mar,4,63,SSP585,-7.302511724784314,-17.197535047878556,1.0357002029709181
2014-03-05,2014,Mar,5,64,SSP585,-6.005495024784314,-15.52514645587856,2.769813763226363
2014-03-06,2014,Mar,6,65,SSP585,-5.056383980784314,-13.306484947878559,2.215860820366956
2014-03-07,2014,Mar,7,66,SSP585,-5.309683712784314,-14.72252200387856,1.445143682475682
2014-03-08,2014,Mar,8,67,SSP585,-6.698254532784314,-15.384763471878557,1.3126766744006217
2014-03-09,2014,Mar,9,68,SSP585,-6.756238808784314,-13.456023343878556,1.4812710483143212
2014-03-10,2014,Mar,10,69,SSP585,-6.994279520784314,-12.921957643878557,1.4812710483143212
2014-03-11,2014,Mar,11,70,SSP585,-6.011598632784314,-11.652407179878558,1.9870541700555142
2014-03-12,2014,Mar,12,71,SSP585,-6.505990880784314,-13.236293455878556,1.5294408694325357
2014-03-13,2014,Mar,13,72,SSP585,-6.5578715487843136,-11.774479339878557,2.3964976495602306
2014-03-14,2014,Mar,14,73,SSP585,-6.295416404784314,-12.961631095878559,1.5053559588734244
2014-03-15,2014,Mar,15,74,SSP585,-6.2679501687843135,-12.149851231878557,2.8059411290649945
2014-03-16,2014,Mar,16,75,SSP585,-4.687115696784314,-12.067452523878558,2.444667470678445
2014-03-17,2014,Mar,17,76,SSP585,-5.373771596784314,-13.355313811878556,2.0833938122918956
2014-03-18,2014,Mar,18,77,SSP585,-5.376823400784314,-12.088815151878556,1.6016956011098535
2014-03-19,2014,Mar,19,78,SSP585,-5.700314624784314,-12.39094374787856,0.7707661868207931
2014-03-20,2014,Mar,20,79,SSP585,-5.953614356784314,-12.564896575878556,1.6257805116689568
2014-03-21,2014,Mar,21,80,SSP585,-4.0096152087843135,-11.182429363878558,1.9990966253350422
2014-03-22,2014,Mar,22,81,SSP585,-4.4124533367843135,-9.860998231878558,3.769337551429126
2014-03-23,2014,Mar,23,82,SSP585,-3.7776781047843135,-10.520187895878557,1.9629692594964028
2014-03-24,2014,Mar,24,83,SSP585,-4.0614958767843135,-10.318768831878558,1.8305022514213425
2014-03-25,2014,Mar,25,84,SSP585,-2.5050758367843136,-12.287182411878558,1.926841893657724
2014-03-26,2014,Mar,26,85,SSP585,-0.5885429247843138,-11.609681923878558,2.1556485439692135
2014-03-27,2014,Mar,27,86,SSP585,-1.1104014087843137,-10.324872439878558,0.6864689998638984
2014-03-28,2014,Mar,28,87,SSP585,-0.09415067678431366,-8.414443135878557,1.7702899750235528
2014-03-29,2014,Mar,29,88,SSP585,0.10421658321568628,-8.310681799878559,2.541007112914874
2014-03-30,2014,Mar,30,89,SSP585,0.2873248232156862,-7.801030531878558,2.4205825601193416
2014-03-31,2014,Mar,31,90,SSP585,-0.081943460784313693,-6.815297839878557,3.0467902346560587
2015-03-01,2015,Mar,1,60,SSP585,-7.955597780784314,-15.427488727878558,1.4210587719165788
2015-03-02,2015,Mar,2,61,SSP585,-8.071566332784313,-14.292217639878558,2.119521178130574
2015-03-03,2015,Mar,3,62,SSP585,-7.223164820784314,-13.697115859878558,1.8184597961417672
2015-03-04,2015,Mar,4,63,SSP585,-7.668728204784314,-11.774479339878557,2.179733454528317
2015-03-05,2015,Mar,5,64,SSP585,-7.653469184784314,-11.502868783878558,2.0352239911737287
2015-03-06,2015,Mar,6,65,SSP585,-7.098040856784314,-11.58221568787856,1.3969738613574756
2015-03-07,2015,Mar,7,66,SSP585,-7.415428472784314,-13.431608911878559,1.6980352433462824
2015-03-08,2015,Mar,8,67,SSP585,-6.103152752784314,-13.059288823878557,2.6855165762695092
2015-03-09,2015,Mar,9,68,SSP585,-4.076754896784314,-11.811100987878557,1.4933135035938967
2015-03-10,2015,Mar,10,69,SSP585,-3.4847049207843135,-10.440840991878558,1.9870541700555142
2015-03-11,2015,Mar,11,70,SSP585,-6.649425668784314,-14.041969711878558,0.9995728371322792
2015-03-12,2015,Mar,12,71,SSP585,-8.880294392784313,-15.064324051878557,1.2765493085619353
2015-03-13,2015,Mar,13,72,SSP585,-7.131610700784314,-14.789661691878557,1.3849314060778923
2015-03-14,2015,Mar,14,73,SSP585,-4.519266476784313,-13.364469223878558,1.6859927880667072
2015-03-15,2015,Mar,15,74,SSP585,-4.9312600167843135,-12.833455327878557,2.2760730967647453
2015-03-16,2015,Mar,16,75,SSP585,-4.623027812784314,-12.845662543878557,1.57761069055075
2015-03-17,2015,Mar,17,76,SSP585,-3.738004652784314,-12.961631095878559,2.468752381237548
2015-03-18,2015,Mar,18,77,SSP585,-2.3402784207843137,-11.408262859878558,2.227903275646531
2015-03-19,2015,Mar,19,78,SSP585,-4.369728080784314,-11.518127803878556,2.6012193893126163
2015-03-20,2015,Mar,20,79,SSP585,-3.460290488784314,-10.324872439878558,1.0959124793686608
2015-03-21,2015,Mar,21,80,SSP585,-1.8367307607843137,-9.409331239878558,2.432625015398917
2015-03-22,2015,Mar,22,81,SSP585,-2.3952108927843136,-9.827428387878559,2.4807948365171315
2015-03-23,2015,Mar,23,82,SSP585,-4.2415523127843135,-10.520187895878557,3.179257242731127
2015-03-24,2015,Mar,24,83,SSP585,-2.764479176784314,-10.855886335878559,2.372412739001174
2015-03-25,2015,Mar,25,84,SSP585,-2.117496728784314,-10.004433019878558,1.107954934648236
2015-03-26,2015,Mar,26,85,SSP585,-3.7837817127843136,-10.553757739878558,0.9514030160140725
2015-03-27,2015,Mar,27,86,SSP585,-4.302588392784314,-9.522247987878558,2.191775909807892
2015-03-28,2015,Mar,28,87,SSP585,-3.1490064807843137,-9.461211907878557,2.444667470678445
2015-03-29,2015,Mar,29,88,SSP585,-2.114444924784314,-9.726718855878557,0.9273181054549613
2015-03-30,2015,Mar,30,89,SSP585,-1.4399962407843137,-8.649432043878559,1.7462050644644496
2015-03-31,2015,Mar,31,90,SSP585,0.30563564721568626,-9.061425583878558,1.1561247557664505
2016-03-01,2016,Mar,1,61,SSP585,-11.120318528784313,-16.27283843587856,1.3608464955188364
2016-03-02,2016,Mar,2,62,SSP585,-9.597468332784313,-15.665529439878558,1.7943748855826642
2016-03-03,2016,Mar,3,63,SSP585,-7.494775376784314,-14.057228731878556,1.6498654222280678
2016-03-04,2016,Mar,4,64,SSP585,-6.725720768784314,-14.566879999878559,2.87819586074232
2016-03-05,2016,Mar,5,65,SSP585,-5.901733688784314,-14.25254418787856,2.3242429178829602
2016-03-06,2016,Mar,6,66,SSP585,-5.596553288784314,-15.015495187878557,1.0838700240891326
2016-03-07,2016,Mar,7,67,SSP585,-6.631114844784314,-16.52918997187856,1.8305022514213425
2016-03-08,2016,Mar,8,68,SSP585,-6.823378496784314,-15.717410107878557,1.1440823004868752
2016-03-09,2016,Mar,9,69,SSP585,-5.675900192784314,-12.863973367878557,2.0472664464532566
2016-03-10,2016,Mar,10,70,SSP585,-4.8183432687843135,-11.215999207878557,2.011139080614617
2016-03-11,2016,Mar,11,71,SSP585,-4.861068524784314,-12.943320271878559,2.4807948365171315
2016-03-12,2016,Mar,12,72,SSP585,-4.961778056784314,-14.112161203878557,2.023181535894153
2016-03-13,2016,Mar,13,73,SSP585,-6.069582908784314,-13.895483119878559,3.769337551429126
2016-03-14,2016,Mar,14,74,SSP585,-4.543680908784314,-13.364469223878558,1.8064173408622395
2016-03-15,2016,Mar,15,75,SSP585,-5.633174936784314,-12.98604552787856,1.5414833247120636
2016-03-16,2016,Mar,16,76,SSP585,-6.936295244784314,-10.904715199878558,1.9870541700555142
2016-03-17,2016,Mar,17,77,SSP585,-6.798964064784314,-11.270931679878558,2.0713513570123596
2016-03-18,2016,Mar,18,78,SSP585,-7.333029764784314,-12.790730071878556,2.011139080614617
2016-03-19,2016,Mar,19,79,SSP585,-5.114368256784314,-14.048073319878558,1.0959124793686608
2016-03-20,2016,Mar,20,80,SSP585,-3.057452360784314,-12.262767979878557,2.0352239911737287
2016-03-21,2016,Mar,21,81,SSP585,-2.4501433647843136,-10.376753107878557,2.3122004626033847
2016-03-22,2016,Mar,22,82,SSP585,-1.9130258607843138,-9.705356227878557,1.3247191296801497
2016-03-23,2016,Mar,23,83,SSP585,-3.5396373927843134,-10.181437651878557,1.6619078775075957
2016-03-24,2016,Mar,24,84,SSP585,-3.6495023367843133,-9.430693867878556,1.782332430303128
2016-03-25,2016,Mar,25,85,SSP585,-3.0879704007843136,-9.983070391878558,1.1561247557664505
2016-03-26,2016,Mar,26,86,SSP585,-1.6170008727843137,-10.065469099878559,1.0838700240891326
2016-03-27,2016,Mar,27,87,SSP585,-1.1073496047843139,-8.756245183878558,1.1440823004868752
2016-03-28,2016,Mar,28,88,SSP585,-0.25894809278431374,-9.030907543878557,1.5173984141530077
2016-03-29,2016,Mar,29,89,SSP585,-1.5498611847843138,-8.863058323878558,1.7943748855826642
2016-03-30,2016,Mar,30,90,SSP585,-1.5712238127843137,-8.988182287878558,1.445143682475682
2016-03-31,2016,Mar,31,91,SSP585,-0.9883292487843137,-7.059442159878557,2.179733454528317
2017-03-01,2017,Mar,1,60,SSP585,-5.813231372784314,-14.920889263878557,3.660955453913161
2017-03-02,2017,Mar,2,61,SSP585,-6.481576448784314,-15.470213983878558,3.107002511053809
2017-03-03,2017,Mar,3,62,SSP585,-7.513086200784314,-14.569931803878557,2.6614316657104062
2017-03-04,2017,Mar,4,63,SSP585,-7.983064016784314,-15.744876343878559,2.1436060886896855
2017-03-05,2017,Mar,5,64,SSP585,-8.520181520784314,-15.41222970787856,4.17878103093389
2017-03-06,2017,Mar,6,65,SSP585,-10.653392516784313,-14.789661691878557,2.5891769340330884
2017-03-07,2017,Mar,7,66,SSP585,-10.989090956784313,-14.850697771878558,1.7100776986258104
2017-03-08,2017,Mar,8,67,SSP585,-10.116275012784314,-14.179300891878558,0.6864689998638984
2017-03-09,2017,Mar,9,68,SSP585,-8.684978936784313,-14.035866103878558,1.047742658250454
2017-03-10,2017,Mar,10,69,SSP585,-7.287252704784314,-13.611665347878557,1.4692285930347933
2017-03-11,2017,Mar,11,70,SSP585,-8.205845708784313,-14.82933514387856,1.57761069055075
2017-03-12,2017,Mar,12,71,SSP585,-7.073626424784314,-14.005348063878557,2.4928372917966595
2017-03-13,2017,Mar,13,72,SSP585,-5.208974180784314,-13.053185215878557,1.9629692594964028
2017-03-14,2017,Mar,14,73,SSP585,-3.4358760567843136,-9.723667051878557,1.9750117147759387
2017-03-15,2017,Mar,15,74,SSP585,-5.382927008784314,-10.788746647878558,1.1440823004868752
2017-03-16,2017,Mar,16,75,SSP585,-5.022814136784314,-11.417418271878557,1.6739503327871712
2017-03-17,2017,Mar,17,76,SSP585,-5.8620602367843135,-11.066460811878557,1.8425447067008704
2017-03-18,2017,Mar,18,77,SSP585,-6.377815112784314,-12.006416443878557,1.7100776986258104
2017-03-19,2017,Mar,19,78,SSP585,-5.410393244784314,-12.925009447878558,1.6619078775075957
2017-03-20,2017,Mar,20,79,SSP585,-4.8732757407843135,-12.204783703878558,1.6257805116689568
2017-03-21,2017,Mar,21,80,SSP585,-3.9546827367843136,-12.62288085187856,0.8671058290571715
2017-03-22,2017,Mar,22,81,SSP585,-4.6993229127843135,-10.883352571878557,3.2153846085697655
2017-03-23,2017,Mar,23,82,SSP585,-5.3371499487843135,-12.061348915878558,2.0833938122918956
2017-03-24,2017,Mar,24,83,SSP585,-5.364616184784314,-11.197688383878557,1.6378229669484925
2017-03-25,2017,Mar,25,84,SSP585,-4.464334004784313,-10.132608787878556,2.1436060886896855
2017-03-26,2017,Mar,26,85,SSP585,-2.926224788784314,-9.696200815878559,1.7702899750235528
2017-03-27,2017,Mar,27,86,SSP585,-2.5386456807843136,-8.374769683878558,2.7938986737854665
2017-03-28,2017,Mar,28,87,SSP585,-2.1693773967843137,-9.009544915878557,1.6980352433462824
2017-03-29,2017,Mar,29,88,SSP585,-1.919129468784314,-7.721683627878558,1.5655682352711748
2017-03-30,2017,Mar,30,89,SSP585,-1.8245235447843138,-7.553834407878558,0.8430209184981156
2017-03-31,2017,Mar,31,90,SSP585,-0.8540498727843138,-7.776616099878558,1.6137380563893815
2018-03-01,2018,Mar,1,60,SSP585,-7.091937248784314,-16.358288947878556,1.6378229669484925
2018-03-02,2018,Mar,2,61,SSP585,-6.640270256784314,-17.420316739878558,1.3006342191210465
2018-03-03,2018,Mar,3,62,SSP585,-6.051272084784314,-15.888311131878556,1.5655682352711748
2018-03-04,2018,Mar,4,63,SSP585,-4.027926032784314,-14.347150111878559,1.7943748855826642
2018-03-05,2018,Mar,5,64,SSP585,-4.7023747167843135,-15.564819907878558,1.782332430303128
2018-03-06,2018,Mar,6,65,SSP585,-6.020754044784314,-15.125360131878558,1.6016956011098535
2018-03-07,2018,Mar,7,66,SSP585,-6.924088028784314,-14.508895723878556,1.8184597961417672
2018-03-08,2018,Mar,8,67,SSP585,-7.244527448784314,-14.780506279878558,1.914799438378196
2018-03-09,2018,Mar,9,68,SSP585,-5.447014892784313,-14.447859643878559,1.3126766744006217
2018-03-10,2018,Mar,10,69,SSP585,-6.057375692784314,-15.235225075878557,2.13156363341011
2018-03-11,2018,Mar,11,70,SSP585,-4.937363624784314,-13.55062926787856,1.8907145278190851
2018-03-12,2018,Mar,12,71,SSP585,-6.524301704784314,-15.039909619878557,1.5053559588734244
2018-03-13,2018,Mar,13,72,SSP585,-5.926148120784314,-13.309536751878557,0.710553910423005
2018-03-14,2018,Mar,14,73,SSP585,-6.597545000784314,-13.300381339878559,2.4807948365171315
2018-03-15,2018,Mar,15,74,SSP585,-5.965821572784314,-12.067452523878558,2.119521178130574
2018-03-16,2018,Mar,16,75,SSP585,-6.914932616784314,-11.710391455878558,1.5655682352711748
2018-03-17,2018,Mar,17,76,SSP585,-5.907837296784314,-12.735797599878559,1.5535257799916389
2018-03-18,2018,Mar,18,77,SSP585,-5.215077788784313,-13.300381339878559,2.1556485439692135
2018-03-19,2018,Mar,19,78,SSP585,-2.782790000784314,-10.401167539878557,2.203818365087428
2018-03-20,2018,Mar,20,79,SSP585,-2.0747714727843136,-10.739917783878557,1.6016956011098535
2018-03-21,2018,Mar,21,80,SSP585,-2.4898168167843138,-11.328915955878557,2.516922202355763
2018-03-22,2018,Mar,22,81,SSP585,-3.1215402447843137,-10.468307227878558,2.516922202355763
2018-03-23,2018,Mar,23,82,SSP585,-3.0788149887843135,-11.725650475878556,2.023181535894153
2018-03-24,2018,Mar,24,83,SSP585,-2.9781054567843137,-11.029839163878556,2.227903275646531
2018-03-25,2018,Mar,25,84,SSP585,-1.7695910727843138,-10.767384019878557,1.3006342191210465
2018-03-26,2018,Mar,26,85,SSP585,-0.9028787367843137,-9.775547719878558,1.6498654222280678
2018-03-27,2018,Mar,27,86,SSP585,-1.7848500927843138,-10.160075023878559,1.2645068532824075
2018-03-28,2018,Mar,28,87,SSP585,-1.9343884887843137,-8.783711419878557,1.0959124793686608
2018-03-29,2018,Mar,29,88,SSP585,-1.8580933887843138,-9.864050035878558,1.252464398002832
2018-03-30,2018,Mar,30,89,SSP585,-0.5275068447843139,-10.300458007878557,1.6619078775075957
2018-03-31,2018,Mar,31,90,SSP585,0.5467281632156864,-8.423598547878559,2.3844551942807026
2019-03-01,2019,Mar,1,60,SSP585,-6.728772572784314,-15.421385119878558,3.119044966333337
2019-03-02,2019,Mar,2,61,SSP585,-8.437782812784313,-15.577027123878558,2.3483278284420632
2019-03-03,2019,Mar,3,62,SSP585,-10.363471136784312,-18.280925467878557,0.7225963657025802
2019-03-04,2019,Mar,4,63,SSP585,-8.279089004784314,-15.671633047878558,1.6859927880667072
2019-03-05,2019,Mar,5,64,SSP585,-7.903717112784314,-15.87000030787856,1.6498654222280678
2019-03-06,2019,Mar,6,65,SSP585,-9.335013188784314,-15.433592335878558,0.7466812762616867
2019-03-07,2019,Mar,7,66,SSP585,-9.112231496784313,-14.881215811878558,1.2765493085619353
2019-03-08,2019,Mar,8,67,SSP585,-6.847792928784314,-12.912802231878558,1.782332430303128
2019-03-09,2019,Mar,9,68,SSP585,-5.938355336784314,-12.766315639878556,1.0116152924118151
2019-03-10,2019,Mar,10,69,SSP585,-6.435799388784314,-15.015495187878557,1.914799438378196
2019-03-11,2019,Mar,11,70,SSP585,-6.188603264784314,-15.52514645587856,2.300158007323849
2019-03-12,2019,Mar,12,71,SSP585,-7.357444196784314,-14.112161203878557,2.3242429178829602
2019-03-13,2019,Mar,13,72,SSP585,-7.925079740784314,-14.624864275878558,1.5535257799916389
2019-03-14,2019,Mar,14,73,SSP585,-6.890518184784314,-13.111169491878556,2.4085401048398056
2019-03-15,2019,Mar,15,74,SSP585,-7.958649584784314,-13.922949355878558,2.3483278284420632
2019-03-16,2019,Mar,16,75,SSP585,-5.694211016784314,-12.271923391878559,0.7707661868207931
2019-03-17,2019,Mar,17,76,SSP585,-3.1490064807843137,-11.194636579878559,0.8671058290571715
2019-03-18,2019,Mar,18,77,SSP585,-1.7238140127843138,-10.678881703878558,1.8666296172599819
2019-03-19,2019,Mar,19,78,SSP585,-2.263983320784314,-10.010536627878558,3.781380006708701
2019-03-20,2019,Mar,20,79,SSP585,-2.495920424784314,-8.985130483878557,2.336285373162488
2019-03-21,2019,Mar,21,80,SSP585,-0.7930137927843137,-7.633181311878558,1.4331012271961068
2019-03-22,2019,Mar,22,81,SSP585,-0.7685993607843138,-9.580232263878557,2.9022807713014234
2019-03-23,2019,Mar,23,82,SSP585,-1.7055031887843137,-9.793858543878557,0.8068935526594291
2019-03-24,2019,Mar,24,83,SSP585,-0.8265836367843138,-9.003441307878557,1.7221201539053386
2019-03-25,2019,Mar,25,84,SSP585,-0.5152996287843137,-9.796910347878558,4.106526299256564
2019-03-26,2019,Mar,26,85,SSP585,-1.5986900487843139,-9.317777119878556,2.2881155520442733
2019-03-27,2019,Mar,27,86,SSP585,-2.700391292784314,-9.494781751878557,1.7341626091849138
2019-03-28,2019,Mar,28,87,SSP585,-1.3881155727843137,-8.579240551878557,1.445143682475682
2019-03-29,2019,Mar,29,88,SSP585,-1.3301312967843137,-8.377821487878558,0.6864689998638984
2019-03-30,2019,Mar,30,89,SSP585,-0.3291395847843137,-6.949577215878557,1.5414833247120636
2019-03-31,2019,Mar,31,90,SSP585,-0.29556974078431386,-7.181514319878557,1.9990966253350422
2020-03-01,2020,Mar,1,61,SSP585,-8.581217600784314,-15.247432291878557,2.565092023473977
2020-03-02,2020,Mar,2,62,SSP585,-7.278097292784314,-14.514999331878556,1.0357002029709181
2020-03-03,2020,Mar,3,63,SSP585,-7.421532080784314,-14.438704231878557,2.215860820366956
2020-03-04,2020,Mar,4,64,SSP585,-8.456093636784313,-14.698107571878559,2.011139080614617
2020-03-05,2020,Mar,5,65,SSP585,-7.992219428784314,-13.657442407878559,2.1074787228509986
2020-03-06,2020,Mar,6,66,SSP585,-5.260854848784314,-12.436720807878558,2.5891769340330884
2020-03-07,2020,Mar,7,67,SSP585,-4.656597656784314,-11.325864151878559,2.2519881862056423
2020-03-08,2020,Mar,8,68,SSP585,-4.595561576784314,-12.05219350387856,1.7702899750235528
2020-03-09,2020,Mar,9,69,SSP585,-4.928208212784313,-12.888387799878558,0.662384089304837
2020-03-10,2020,Mar,10,70,SSP585,-4.113376544784313,-11.985053815878558,0.7587237315412177
2020-03-11,2020,Mar,11,71,SSP585,-3.350425544784314,-11.411314663878557,1.2283794874437288
2020-03-12,2020,Mar,12,72,SSP585,-3.9668899527843138,-10.846730923878557,0.4817472601115607
2020-03-13,2020,Mar,13,73,SSP585,-3.747160064784314,-11.750064907878556,1.7221201539053386
2020-03-14,2020,Mar,14,74,SSP585,-4.162205408784314,-12.128488603878559,1.1199973899277718
2020-03-15,2020,Mar,15,75,SSP585,-4.684063892784314,-11.063409007878558,1.252464398002832
2020-03-16,2020,Mar,16,76,SSP585,-4.333106432784314,-11.081719831878559,1.3728889507983644
2020-03-17,2020,Mar,17,77,SSP585,-3.817351556784314,-11.557801255878559,1.6498654222280678
2020-03-18,2020,Mar,18,78,SSP585,-2.5630601127843136,-9.287259079878558,1.9990966253350422
2020-03-19,2020,Mar,19,79,SSP585,-2.587474544784314,-9.967811371878557,1.0116152924118151
2020-03-20,2020,Mar,20,80,SSP585,-1.9862691567843138,-8.515152667878557,3.2274270638493414
2020-03-21,2020,Mar,21,81,SSP585,-2.032046216784314,-8.945457031878558,2.0472664464532566
2020-03-22,2020,Mar,22,82,SSP585,-2.1083413167843137,-11.631044551878556,1.252464398002832
2020-03-23,2020,Mar,23,83,SSP585,-0.9456039927843137,-8.563981531878557,2.2760730967647453
2020-03-24,2020,Mar,24,84,SSP585,-0.9669666207843137,-8.057382067878557,1.589653145830278
2020-03-25,2020,Mar,25,85,SSP585,-0.03616640078431366,-7.358518951878557,2.2399457309260673
2020-03-26,2020,Mar,26,86,SSP585,2.209961343215686,-5.753270047878558,2.3242429178829602
2020-03-27,2020,Mar,27,87,SSP585,2.1763914992156863,-5.493866707878558,2.528964657635338
2020-03-28,2020,Mar,28,88,SSP585,0.8732711912156861,-6.043191427878558,2.2760730967647453
2020-03-29,2020,Mar,29,89,SSP585,-1.2172145487843138,-6.827505055878557,1.7702899750235528
2020-03-30,2020,Mar,30,90,SSP585,-0.24368907278431373,-6.992302471878558,2.119521178130574
2020-03-31,2020,Mar,31,91,SSP585,1.1357263352156861,-5.414519803878558,2.9263656818605264
2021-03-01,2021,Mar,1,60,SSP585,-11.745938348784312,-19.64508185587856,0.6744265445843673
2021-03-02,2021,Mar,2,61,SSP585,-10.339056704784314,-18.406049431878557,1.1440823004868752
2021-03-03,2021,Mar,3,62,SSP585,-9.038988200784313,-17.90860537987856,1.589653145830278
2021-03-04,2021,Mar,4,63,SSP585,-8.257726376784314,-16.037849527878556,1.1561247557664505
2021-03-05,2021,Mar,5,64,SSP585,-7.018693952784314,-14.49668850787856,1.5294408694325357
2021-03-06,2021,Mar,6,65,SSP585,-6.469369232784314,-15.500732023878559,1.1199973899277718
2021-03-07,2021,Mar,7,66,SSP585,-5.852904824784314,-13.727633899878558,1.6980352433462824
2021-03-08,2021,Mar,8,67,SSP585,-6.875259164784314,-13.059288823878557,1.7943748855826642
2021-03-09,2021,Mar,9,68,SSP585,-5.929199924784314,-12.921957643878557,2.516922202355763
2021-03-10,2021,Mar,10,69,SSP585,-9.164112164784314,-14.94835549987856,2.1556485439692135
2021-03-11,2021,Mar,11,70,SSP585,-8.135654216784314,-15.818119639878557,1.4090163166370036
2021-03-12,2021,Mar,12,71,SSP585,-5.321890928784314,-13.721530291878558,2.167690999248789
2021-03-13,2021,Mar,13,72,SSP585,-5.111316452784314,-12.638139871878558,1.782332430303128
2021-03-14,2021,Mar,14,73,SSP585,-5.062487588784314,-13.78866997987856,2.444667470678445
2021-03-15,2021,Mar,15,74,SSP585,-5.788816940784314,-14.368512739878557,1.8184597961417672
2021-03-16,2021,Mar,16,75,SSP585,-4.5284218887843135,-11.750064907878556,2.553049568194449
2021-03-17,2021,Mar,17,76,SSP585,-4.580302556784313,-11.905706911878557,2.673474120989934
2021-03-18,2021,Mar,18,77,SSP585,-3.762419084784314,-11.804997379878557,1.2645068532824075
2021-03-19,2021,Mar,19,78,SSP585,-4.977037076784314,-12.879232387878556,2.6253042998717198
2021-03-20,2021,Mar,20,79,SSP585,-7.357444196784314,-15.140619151878557,1.0838700240891326
2021-03-21,2021,Mar,21,80,SSP585,-7.775541344784314,-14.011451671878557,1.8545871619804457
2021-03-22,2021,Mar,22,81,SSP585,-5.776609724784314,-11.920965931878559,1.7943748855826642
2021-03-23,2021,Mar,23,82,SSP585,-3.390098996784314,-10.831471903878558,2.1436060886896855
2021-03-24,2021,Mar,24,83,SSP585,-2.7431165487843137,-11.096978851878557,1.8064173408622395
2021-03-25,2021,Mar,25,84,SSP585,-2.9475874167843137,-11.866033459878558,2.9624930476991658
2021-03-26,2021,Mar,26,85,SSP585,-2.703443096784314,-10.587327583878558,2.336285373162488
2021-03-27,2021,Mar,27,86,SSP585,-1.6749851487843137,-9.885412663878558,2.2519881862056423
2021-03-28,2021,Mar,28,87,SSP585,-1.6688815407843138,-10.767384019878557,1.4331012271961068
2021-03-29,2021,Mar,29,88,SSP585,0.36972353121568613,-7.724735431878558,1.1802096663255617
2021-03-30,2021,Mar,30,89,SSP585,0.7878206792156861,-7.086908395878558,1.914799438378196
2021-03-31,2021,Mar,31,90,SSP585,1.709465487215686,-6.766468975878558,2.444667470678445
2022-03-01,2022,Mar,1,60,SSP585,-12.145724672784313,-17.322659011878557,0.9273181054549613
2022-03-02,2022,Mar,2,61,SSP585,-10.537423964784313,-15.63806320387856,2.179733454528317
2022-03-03,2022,Mar,3,62,SSP585,-8.321814260784313,-13.159998355878557,2.191775909807892
2022-03-04,2022,Mar,4,63,SSP585,-8.434731008784313,-12.851766151878557,1.9027569830986208
2022-03-05,2022,Mar,5,64,SSP585,-7.830473816784314,-14.856801379878558,1.8305022514213425
2022-03-06,2022,Mar,6,65,SSP585,-7.882354484784314,-14.765247259878556,1.8666296172599819
2022-03-07,2022,Mar,7,66,SSP585,-8.385902144784314,-15.027702403878557,1.7221201539053386
2022-03-08,2022,Mar,8,67,SSP585,-7.754178716784314,-13.983985435878559,2.2399457309260673
2022-03-09,2022,Mar,9,68,SSP585,-4.1225319567843135,-11.93317314787856,1.8666296172599819
2022-03-10,2022,Mar,10,69,SSP585,-3.014727104784314,-10.938285043878558,1.2283794874437288
2022-03-11,2022,Mar,11,70,SSP585,-3.396202604784314,-10.416426559878557,2.6012193893126163
2022-03-12,2022,Mar,12,71,SSP585,-3.869232224784314,-11.054253595878556,2.866153405462784
2022-03-13,2022,Mar,13,72,SSP585,-5.504999168784313,-12.812092699878558,2.5771344787535133
2022-03-14,2022,Mar,14,73,SSP585,-5.266958456784314,-11.402159251878558,1.3126766744006217
2022-03-15,2022,Mar,15,74,SSP585,-5.117420060784314,-11.215999207878557,1.2283794874437288
2022-03-16,2022,Mar,16,75,SSP585,-5.254751240784314,-10.804005667878558,1.240421942723304
2022-03-17,2022,Mar,17,76,SSP585,-4.977037076784314,-10.727710567878557,2.4928372917966595
2022-03-18,2022,Mar,18,77,SSP585,-4.406349728784313,-10.810109275878558,2.1074787228509986
2022-03-19,2022,Mar,19,78,SSP585,-3.820403360784314,-10.575120367878558,1.7462050644644496
2022-03-20,2022,Mar,20,79,SSP585,-0.5610766887843137,-8.454116587878557,1.782332430303128
2022-03-21,2022,Mar,21,80,SSP585,-3.130695656784314,-7.8864810438785575,1.6257805116689568
2022-03-22,2022,Mar,22,81,SSP585,-4.711530128784314,-9.589387675878559,1.5294408694325357
2022-03-23,2022,Mar,23,82,SSP585,-4.049288660784314,-8.747089771878557,1.4210587719165788
2022-03-24,2022,Mar,24,83,SSP585,-3.6067770807843136,-9.339139747878558,1.0718275688095573
2022-03-25,2022,Mar,25,84,SSP585,-3.280234052784314,-9.290310883878558,2.721643942108148
2022-03-26,2022,Mar,26,85,SSP585,-2.4898168167843138,-8.090951911878559,2.179733454528317
2022-03-27,2022,Mar,27,86,SSP585,-2.9811572607843138,-9.467315515878557,1.0116152924118151
2022-03-28,2022,Mar,28,87,SSP585,-1.7573838567843136,-8.966819659878558,0.710553910423005
2022-03-29,2022,Mar,29,88,SSP585,-0.7197704967843137,-7.331052715878558,1.8184597961417672
2022-03-30,2022,Mar,30,89,SSP585,-0.6923042607843137,-7.520264563878557,2.5891769340330884
2022-03-31,2022,Mar,31,90,SSP585,4.552472156862386e-4,-6.818349643878557,2.5891769340330884
2023-03-01,2023,Mar,1,60,SSP585,-7.079730032784314,-13.095910471878558,1.8064173408622395
2023-03-02,2023,Mar,2,61,SSP585,-7.156025132784314,-12.610673635878559,2.468752381237548
2023-03-03,2023,Mar,3,62,SSP585,-6.344245268784314,-11.585267491878557,3.2153846085697655
2023-03-04,2023,Mar,4,63,SSP585,-4.754255384784313,-11.389952035878558,1.782332430303128
2023-03-05,2023,Mar,5,64,SSP585,-5.215077788784313,-11.911810519878557,3.191299698010655
2023-03-06,2023,Mar,6,65,SSP585,-6.753187004784314,-12.876180583878558,4.01018665702019
2023-03-07,2023,Mar,7,66,SSP585,-7.546656044784314,-15.076531267878558,1.9750117147759387
2023-03-08,2023,Mar,8,67,SSP585,-7.418480276784314,-14.280010423878558,0.8791482843367469
2023-03-09,2023,Mar,9,68,SSP585,-7.262838272784314,-13.889379511878559,0.9634454712936006
2023-03-10,2023,Mar,10,69,SSP585,-7.030901168784314,-13.260707887878556,0.6503416340252608
2023-03-11,2023,Mar,11,70,SSP585,-5.532465404784314,-13.553681071878557,2.721643942108148
2023-03-12,2023,Mar,12,71,SSP585,-5.327994536784313,-13.391935459878557,1.9990966253350422
2023-03-13,2023,Mar,13,72,SSP585,-6.097049144784314,-12.52827492787856,0.9273181054549613
2023-03-14,2023,Mar,14,73,SSP585,-3.7715744967843134,-10.724658763878558,2.3483278284420632
2023-03-15,2023,Mar,15,74,SSP585,-3.573207236784314,-10.898611591878558,1.4933135035938967
2023-03-16,2023,Mar,16,75,SSP585,-5.172352532784314,-11.121393283878557,1.5655682352711748
2023-03-17,2023,Mar,17,76,SSP585,-4.027926032784314,-11.527283215878558,1.5173984141530077
2023-03-18,2023,Mar,18,77,SSP585,-3.0330379287843137,-11.466247135878557,2.2640306414851703
2023-03-19,2023,Mar,19,78,SSP585,-1.4979805167843137,-10.605638407878558,2.3122004626033847
2023-03-20,2023,Mar,20,79,SSP585,-1.8245235447843138,-10.736865979878559,1.914799438378196
2023-03-21,2023,Mar,21,80,SSP585,-0.8876197167843137,-10.593431191878558,3.20334215329023
2023-03-22,2023,Mar,22,81,SSP585,-0.7197704967843137,-8.597551375878558,1.6498654222280678
2023-03-23,2023,Mar,23,82,SSP585,-0.5000406087843137,-7.813237747878557,2.3844551942807026
2023-03-24,2023,Mar,24,83,SSP585,-2.3860554807843135,-10.141764199878558,1.6619078775075957
2023-03-25,2023,Mar,25,84,SSP585,-3.2130943647843138,-9.879309055878558,0.8911907396162827
2023-03-26,2023,Mar,26,85,SSP585,-2.0839268847843138,-9.165186919878558,2.1074787228509986
2023-03-27,2023,Mar,27,86,SSP585,-1.6170008727843137,-9.107202643878558,1.7943748855826642
2023-03-28,2023,Mar,28,87,SSP585,-2.6851322727843137,-10.013588431878556,1.2283794874437288
2023-03-29,2023,Mar,29,88,SSP585,-1.6536225207843138,-9.174342331878558,0.7346388209821114
2023-03-30,2023,Mar,30,89,SSP585,0.39108615921568624,-7.492798327878558,1.3849314060778923
2023-03-31,2023,Mar,31,90,SSP585,1.334093595215686,-6.214092451878558,2.0593089017327846
2024-03-01,2024,Mar,1,61,SSP585,-7.980012212784314,-14.307476659878557,1.8064173408622395
2024-03-02,2024,Mar,2,62,SSP585,-6.444954800784314,-13.755100135878557,2.2519881862056423
2024-03-03,2024,Mar,3,63,SSP585,-6.194706872784314,-13.990089043878559,1.57761069055075
2024-03-04,2024,Mar,4,64,SSP585,-9.133594124784313,-13.880224099878557,2.0472664464532566
2024-03-05,2024,Mar,5,65,SSP585,-8.877242588784313,-13.355313811878556,2.516922202355763
2024-03-06,2024,Mar,6,66,SSP585,-7.885406288784314,-13.663546015878559,2.0472664464532566
2024-03-07,2024,Mar,7,67,SSP585,-7.165180544784314,-14.740832827878556,1.0236577476913429
2024-03-08,2024,Mar,8,68,SSP585,-6.219121304784314,-12.812092699878558,0.602171812907048
2024-03-09,2024,Mar,9,69,SSP585,-6.505990880784314,-12.543533947878558,2.2640306414851703
2024-03-10,2024,Mar,10,70,SSP585,-5.297476496784314,-11.722598671878558,2.7938986737854665
2024-03-11,2024,Mar,11,71,SSP585,-5.343253556784314,-11.728702279878558,2.13156363341011
2024-03-12,2024,Mar,12,72,SSP585,-5.596553288784314,-12.104074171878558,0.915275650175386
2024-03-13,2024,Mar,13,73,SSP585,-5.309683712784314,-12.082711543878556,1.445143682475682
2024-03-14,2024,Mar,14,74,SSP585,-5.492791952784314,-11.331967759878559,1.7100776986258104
2024-03-15,2024,Mar,15,75,SSP585,-5.8620602367843135,-11.179377559878557,2.8420684949036805
2024-03-16,2024,Mar,16,76,SSP585,-6.393074132784314,-11.606630119878556,0.9514030160140725
2024-03-17,2024,Mar,17,77,SSP585,-6.1519816167843135,-10.330976047878558,2.504879747076235
2024-03-18,2024,Mar,18,78,SSP585,-5.703366428784314,-10.034951059878559,1.0236577476913429
2024-03-19,2024,Mar,19,79,SSP585,-4.732892756784314,-10.150919611878557,1.2042945768846176
2024-03-20,2024,Mar,20,80,SSP585,-4.858016720784314,-9.888464467878558,1.1199973899277718
2024-03-21,2024,Mar,21,81,SSP585,-4.226293292784314,-9.253689235878557,2.13156363341011
2024-03-22,2024,Mar,22,82,SSP585,-4.220189684784314,-9.107202643878558,2.697559031549037
2024-03-23,2024,Mar,23,83,SSP585,-4.5314736927843136,-9.839635603878557,1.6619078775075957
2024-03-24,2024,Mar,24,84,SSP585,-2.1083413167843137,-7.901740063878558,1.8786720725395099
2024-03-25,2024,Mar,25,85,SSP585,-1.8428343687843138,-7.5385753878785575,3.2274270638493414
2024-03-26,2024,Mar,26,86,SSP585,-0.7045114767843138,-8.161143403878558,2.0593089017327846
2024-03-27,2024,Mar,27,87,SSP585,-1.4796696927843138,-8.927146207878558,1.8907145278190851
2024-03-28,2024,Mar,28,88,SSP585,0.7359400112156862,-6.516221047878558,2.565092023473977
2024-03-29,2024,Mar,29,89,SSP585,-0.6862006527843137,-8.090951911878559,1.7100776986258104
2024-03-30,2024,Mar,30,90,SSP585,-0.7930137927843137,-8.444961175878557,1.4210587719165788
2024-03-31,2024,Mar,31,91,SSP585,-1.3698047487843137,-7.349363539878557,2.2399457309260673
2025-03-01,2025,Mar,1,60,SSP585,-9.6737634327843125,-16.53529357987856,1.5535257799916389
2025-03-02,2025,Mar,2,61,SSP585,-9.756162140784314,-15.918829171878556,1.4692285930347933
2025-03-03,2025,Mar,3,62,SSP585,-9.307546952784314,-14.594346235878557,1.5294408694325357
2025-03-04,2025,Mar,4,63,SSP585,-7.622951144784314,-14.051125123878556,1.914799438378196
2025-03-05,2025,Mar,5,64,SSP585,-4.0035116007843135,-12.763263835878558,2.2881155520442733
2025-03-06,2025,Mar,6,65,SSP585,-3.7319010447843137,-11.811100987878557,2.3844551942807026
2025-03-07,2025,Mar,7,66,SSP585,-3.741056456784314,-11.496765175878558,1.5053559588734244
2025-03-08,2025,Mar,8,67,SSP585,-4.128635564784314,-13.776462763878559,3.119044966333337
2025-03-09,2025,Mar,9,68,SSP585,-3.4724977047843137,-14.661485923878558,2.528964657635338
2025-03-10,2025,Mar,10,69,SSP585,-4.2415523127843135,-14.337994699878557,1.6378229669484925
2025-03-11,2025,Mar,11,70,SSP585,-5.208974180784314,-13.239345259878558,3.01066286881738
2025-03-12,2025,Mar,12,71,SSP585,-7.198750388784314,-14.472274075878559,1.6498654222280678
2025-03-13,2025,Mar,13,72,SSP585,-7.803007580784314,-14.218974343878557,1.3849314060778923
2025-03-14,2025,Mar,14,73,SSP585,-5.846801216784314,-12.445876219878556,1.2042945768846176
2025-03-15,2025,Mar,15,74,SSP585,-5.025865940784314,-11.911810519878557,3.1551723321720155
2025-03-16,2025,Mar,16,75,SSP585,-3.536585588784314,-9.094995427878558,3.0708751452151226
2025-03-17,2025,Mar,17,76,SSP585,-3.6556059447843134,-9.302518099878558,1.782332430303128
2025-03-18,2025,Mar,18,77,SSP585,-4.333106432784314,-10.855886335878559,1.252464398002832
2025-03-19,2025,Mar,19,78,SSP585,-3.738004652784314,-10.315717027878557,2.1556485439692135
2025-03-20,2025,Mar,20,79,SSP585,-3.692227592784314,-9.430693867878556,4.479842412922697
2025-03-21,2025,Mar,21,80,SSP585,-3.634243316784314,-10.883352571878557,2.4567099259580205
2025-03-22,2025,Mar,22,81,SSP585,-2.007631784784314,-11.414366467878558,0.6262567234661545
2025-03-23,2025,Mar,23,82,SSP585,-1.8855596247843138,-10.746021391878557,3.20334215329023
2025-03-24,2025,Mar,24,83,SSP585,-1.4216854167843138,-9.827428387878559,2.6012193893126163
2025-03-25,2025,Mar,25,84,SSP585,-1.5315503607843137,-8.975975071878558,2.1556485439692135
2025-03-26,2025,Mar,26,85,SSP585,-1.4369444367843138,-8.6952091038785575,4.106526299256564
2025-03-27,2025,Mar,27,86,SSP585,-1.6566743247843139,-9.564973243878558,2.565092023473977
2025-03-28,2025,Mar,28,87,SSP585,-1.5895346367843137,-9.207912175878558,1.457186137755218
2025-03-29,2025,Mar,29,88,SSP585,-0.38102025278431384,-7.743046255878558,1.914799438378196
2025-03-30,2025,Mar,30,89,SSP585,-1.0157954847843138,-6.977043451878558,2.8059411290649945
2025-03-31,2025,Mar,31,90,SSP585,1.0228095872156862,-7.028924119878558,2.5771344787535133
2026-03-01,2026,Mar,1,60,SSP585,-10.146793052784313,-18.561691435878558,1.047742658250454
2026-03-02,2026,Mar,2,61,SSP585,-8.941330472784314,-16.211802355878557,2.87819586074232
2026-03-03,2026,Mar,3,62,SSP585,-8.874190784784313,-16.33387451587856,2.203818365087428
2026-03-04,2026,Mar,4,63,SSP585,-8.800947488784313,-16.211802355878557,1.8064173408622395
2026-03-05,2026,Mar,5,64,SSP585,-9.539484056784314,-16.52918997187856,1.1320398452073472
2026-03-06,2026,Mar,6,65,SSP585,-7.290304508784314,-14.911733851878559,1.3608464955188364
2026-03-07,2026,Mar,7,66,SSP585,-5.791868744784314,-13.056237019878559,2.2640306414851703
2026-03-08,2026,Mar,8,67,SSP585,-5.907837296784314,-12.62898445987856,2.0713513570123596
2026-03-09,2026,Mar,9,68,SSP585,-8.083773548784313,-14.023658887878558,3.4321488036016796
2026-03-10,2026,Mar,10,69,SSP585,-7.198750388784314,-12.738849403878557,1.6498654222280678
2026-03-11,2026,Mar,11,70,SSP585,-6.725720768784314,-12.342114883878558,2.2760730967647453
2026-03-12,2026,Mar,12,71,SSP585,-6.808119476784314,-13.391935459878557,1.5535257799916389
2026-03-13,2026,Mar,13,72,SSP585,-4.543680908784314,-11.258724463878558,2.360370283721599
2026-03-14,2026,Mar,14,73,SSP585,-4.937363624784314,-10.639208251878557,2.974535502978741
2026-03-15,2026,Mar,15,74,SSP585,-7.094989052784314,-12.531326731878558,3.1431298768924405
2026-03-16,2026,Mar,16,75,SSP585,-6.448006604784314,-12.824299915878559,1.445143682475682
2026-03-17,2026,Mar,17,76,SSP585,-7.320822548784314,-13.288174123878559,1.3969738613574756
2026-03-18,2026,Mar,18,77,SSP585,-5.813231372784314,-12.650347087878558,2.528964657635338
2026-03-19,2026,Mar,19,78,SSP585,-4.165257212784314,-10.428633775878557,2.1436060886896855
2026-03-20,2026,Mar,20,79,SSP585,-4.867172132784313,-10.184489455878557,2.7096014868286207
2026-03-21,2026,Mar,21,80,SSP585,-3.301596680784314,-10.089883531878558,1.926841893657724
2026-03-22,2026,Mar,22,81,SSP585,-0.7014596727843138,-9.577180459878559,2.1436060886896855
2026-03-23,2026,Mar,23,82,SSP585,1.047224019215686,-7.779667903878558,1.216337032164193
2026-03-24,2026,Mar,24,83,SSP585,0.7420436192156863,-6.504013831878558,4.407587681245379
2026-03-25,2026,Mar,25,84,SSP585,-2.059512452784314,-10.257732751878557,1.5294408694325357
2026-03-26,2026,Mar,26,85,SSP585,-3.750211868784314,-10.297406203878559,2.781856218505891
2026-03-27,2026,Mar,27,86,SSP585,-2.035098020784314,-9.549714223878556,1.8545871619804457
2026-03-28,2026,Mar,28,87,SSP585,-1.2355253727843136,-8.222179483878557,2.721643942108148
2026-03-29,2026,Mar,29,88,SSP585,0.2598585872156862,-7.675906567878558,2.0713513570123596
2026-03-30,2026,Mar,30,89,SSP585,0.7664580512156862,-7.7094764118785575,3.1431298768924405
2026-03-31,2026,Mar,31,90,SSP585,-0.7228223007843138,-7.846807591878558,0.6985114551434738
2027-03-01,2027,Mar,1,60,SSP585,-5.776609724784314,-14.402082583878556,1.9990966253350422
2027-03-02,2027,Mar,2,61,SSP585,-6.148929812784314,-15.274898527878559,1.7943748855826642
2027-03-03,2027,Mar,3,62,SSP585,-6.377815112784314,-15.464110375878558,1.8425447067008704
2027-03-04,2027,Mar,4,63,SSP585,-7.406273060784314,-18.213785779878556,0.7587237315412177
2027-03-05,2027,Mar,5,64,SSP585,-6.515146292784314,-18.222941191878558,1.2645068532824075
2027-03-06,2027,Mar,6,65,SSP585,-4.674908480784314,-15.281002135878559,1.3126766744006217
2027-03-07,2027,Mar,7,66,SSP585,-4.687115696784314,-13.694064055878556,1.3849314060778923
2027-03-08,2027,Mar,8,67,SSP585,-3.533533784784314,-12.381788335878557,2.4807948365171315
2027-03-09,2027,Mar,9,68,SSP585,-5.822386784784314,-13.507904011878558,1.1802096663255617
2027-03-10,2027,Mar,10,69,SSP585,-6.957657872784314,-15.323727391878556,0.9032331948958581
2027-03-11,2027,Mar,11,70,SSP585,-6.759290612784314,-14.72862561187856,1.1922521216050896
2027-03-12,2027,Mar,12,71,SSP585,-5.459222108784314,-11.747013103878558,2.360370283721599
2027-03-13,2027,Mar,13,72,SSP585,-6.155033420784314,-12.799885483878558,1.5294408694325357
2027-03-14,2027,Mar,14,73,SSP585,-5.044176764784313,-13.034874391878557,1.5053559588734244
2027-03-15,2027,Mar,15,74,SSP585,-5.135730884784314,-11.521179607878558,2.011139080614617
2027-03-16,2027,Mar,16,75,SSP585,-3.976045364784314,-11.142755911878556,2.0954362675714706
2027-03-17,2027,Mar,17,76,SSP585,-4.204930664784314,-11.963691187878556,2.167690999248789
2027-03-18,2027,Mar,18,77,SSP585,-3.7929371247843138,-9.952552351878557,3.01066286881738
2027-03-19,2027,Mar,19,78,SSP585,-4.607768792784314,-11.359433995878558,3.082917600494698
2027-03-20,2027,Mar,20,79,SSP585,-4.7023747167843135,-11.951483971878556,1.2885917638415185
2027-03-21,2027,Mar,21,80,SSP585,-5.401237832784314,-11.521179607878558,1.7702899750235528
2027-03-22,2027,Mar,22,81,SSP585,-3.820403360784314,-11.792790163878557,0.9514030160140725
2027-03-23,2027,Mar,23,82,SSP585,-1.9832173527843138,-10.053261883878559,1.8666296172599819
2027-03-24,2027,Mar,24,83,SSP585,-2.9048621607843135,-9.015648523878557,1.6980352433462824
2027-03-25,2027,Mar,25,84,SSP585,-4.589457968784314,-9.656527363878558,1.8064173408622395
2027-03-26,2027,Mar,26,85,SSP585,-3.3199075047843136,-10.187541259878557,1.2042945768846176
2027-03-27,2027,Mar,27,86,SSP585,-2.871292316784314,-10.068520903878557,2.227903275646531
2027-03-28,2027,Mar,28,87,SSP585,-0.8815161087843137,-8.621965807878556,1.8907145278190851
2027-03-29,2027,Mar,29,88,SSP585,0.030973287215686263,-7.749149863878558,2.3242429178829602
2027-03-30,2027,Mar,30,89,SSP585,0.6443858912156861,-6.732899131878558,3.5405309011176764
2027-03-31,2027,Mar,31,90,SSP585,-1.0615725447843138,-9.561921439878557,1.240421942723304
2028-03-01,2028,Mar,1,61,SSP585,-8.556803168784313,-16.312511887878557,1.8545871619804457
2028-03-02,2028,Mar,2,62,SSP585,-6.942398852784314,-15.381711667878559,1.2885917638415185
2028-03-03,2028,Mar,3,63,SSP585,-8.529336932784313,-16.401014203878557,2.2640306414851703
2028-03-04,2028,Mar,4,64,SSP585,-9.460137152784313,-16.681780171878557,0.8791482843367469
2028-03-05,2028,Mar,5,65,SSP585,-9.237355460784313,-15.912725563878556,1.1440823004868752
2028-03-06,2028,Mar,6,66,SSP585,-8.678875328784313,-15.747928147878557,1.8305022514213425
2028-03-07,2028,Mar,7,67,SSP585,-7.284200900784314,-13.031822587878558,3.119044966333337
2028-03-08,2028,Mar,8,68,SSP585,-6.4419029967843136,-13.767307351878557,1.3849314060778923
2028-03-09,2028,Mar,9,69,SSP585,-8.120395196784314,-15.332882803878558,1.2645068532824075
2028-03-10,2028,Mar,10,70,SSP585,-6.432747584784314,-13.123376707878556,1.240421942723304
2028-03-11,2028,Mar,11,71,SSP585,-5.938355336784314,-13.874120491878557,1.9990966253350422
2028-03-12,2028,Mar,12,72,SSP585,-4.998399704784314,-13.80087719587856,1.2042945768846176
2028-03-13,2028,Mar,13,73,SSP585,-3.750211868784314,-10.633104643878557,3.8175073725473325
2028-03-14,2028,Mar,14,74,SSP585,-4.269018548784314,-11.551697647878559,2.3844551942807026
2028-03-15,2028,Mar,15,75,SSP585,-3.869232224784314,-10.462203619878558,3.107002511053809
2028-03-16,2028,Mar,16,76,SSP585,-3.9668899527843138,-9.360502375878557,2.0954362675714706
2028-03-17,2028,Mar,17,77,SSP585,-3.5457410007843135,-8.554826119878559,2.7457288526672516
2028-03-18,2028,Mar,18,78,SSP585,-3.576259040784314,-9.043114759878558,1.2042945768846176
2028-03-19,2028,Mar,19,79,SSP585,-3.1245920487843137,-9.882360859878558,0.7346388209821114
2028-03-20,2028,Mar,20,80,SSP585,-3.1520582847843137,-8.560929727878559,1.9870541700555142
2028-03-21,2028,Mar,21,81,SSP585,-4.485696632784314,-9.043114759878558,1.7100776986258104
2028-03-22,2028,Mar,22,82,SSP585,-3.570155432784314,-8.863058323878558,2.1074787228509986
2028-03-23,2028,Mar,23,83,SSP585,-4.265966744784314,-8.356458859878558,2.4567099259580205
2028-03-24,2028,Mar,24,84,SSP585,-2.9811572607843138,-7.175410711878557,1.5173984141530077
2028-03-25,2028,Mar,25,85,SSP585,-2.3952108927843136,-7.559938015878558,1.4331012271961068
2028-03-26,2028,Mar,26,86,SSP585,-1.9069222527843137,-7.611818683878558,1.4210587719165788
2028-03-27,2028,Mar,27,87,SSP585,-1.6261562847843138,-8.551774315878557,0.9875303818527038
2028-03-28,2028,Mar,28,88,SSP585,-2.291449556784314,-8.103159127878557,1.6137380563893815
2028-03-29,2028,Mar,29,89,SSP585,-1.7390730327843138,-8.054330263878558,0.8309784632185402
2028-03-30,2028,Mar,30,90,SSP585,-2.434884344784314,-7.804082335878558,0.915275650175386
2028-03-31,2028,Mar,31,91,SSP585,0.4032933752156862,-6.394148887878558,0.8189360079390046
2029-03-01,2029,Mar,1,60,SSP585,-9.042040004784313,-17.10598092787856,3.769337551429126
2029-03-02,2029,Mar,2,61,SSP585,-5.691159212784314,-14.679796747878559,2.203818365087428
2029-03-03,2029,Mar,3,62,SSP585,-4.595561576784314,-13.32479577187856,2.914323226580951
2029-03-04,2029,Mar,4,63,SSP585,-5.062487588784314,-12.479446063878559,2.432625015398917
2029-03-05,2029,Mar,5,64,SSP585,-4.906845584784314,-12.445876219878556,1.6739503327871712
2029-03-06,2029,Mar,6,65,SSP585,-4.2415523127843135,-11.872137067878558,1.7341626091849138
2029-03-07,2029,Mar,7,66,SSP585,-4.629131420784314,-11.228206423878557,2.1556485439692135
2029-03-08,2029,Mar,8,67,SSP585,-5.614864112784314,-12.143747623878557,1.4331012271961068
2029-03-09,2029,Mar,9,68,SSP585,-5.898681884784314,-12.607621831878557,3.1672147874515515
2029-03-10,2029,Mar,10,69,SSP585,-6.032961260784314,-12.024727267878557,1.9509268042168275
2029-03-11,2029,Mar,11,70,SSP585,-5.248647632784314,-11.829411811878558,1.7702899750235528
2029-03-12,2029,Mar,12,71,SSP585,-1.8489379767843137,-9.262844647878557,1.348804040239261
2029-03-13,2029,Mar,13,72,SSP585,-1.2813024327843139,-8.100107323878557,2.87819586074232
2029-03-14,2029,Mar,14,73,SSP585,-3.0757631847843134,-9.671786383878558,1.0718275688095573
2029-03-15,2029,Mar,15,74,SSP585,-2.126652140784314,-9.842687407878557,1.2765493085619353
2029-03-16,2029,Mar,16,75,SSP585,-3.048296948784314,-10.373701303878558,0.5901293576275176
2029-03-17,2029,Mar,17,76,SSP585,-3.402306212784314,-8.991234091878557,1.7943748855826642
2029-03-18,2029,Mar,18,77,SSP585,-3.8875430487843134,-9.925086115878557,1.0116152924118151
2029-03-19,2029,Mar,19,78,SSP585,-4.0096152087843135,-10.565964955878558,0.915275650175386
2029-03-20,2029,Mar,20,79,SSP585,-1.9557511167843138,-7.761357079878557,1.6257805116689568
2029-03-21,2029,Mar,21,80,SSP585,-2.239568888784314,-9.214015783878558,2.227903275646531
2029-03-22,2029,Mar,22,81,SSP585,-1.6780369527843138,-8.490738235878558,2.179733454528317
2029-03-23,2029,Mar,23,82,SSP585,-0.9517076007843137,-7.053338551878558,1.4090163166370036
2029-03-24,2029,Mar,24,83,SSP585,-0.27420711278431376,-7.559938015878558,3.0588326899355947
2029-03-25,2029,Mar,25,84,SSP585,1.0716384512156865,-5.646456907878558,3.191299698010655
2029-03-26,2029,Mar,26,85,SSP585,0.28427301921568615,-6.650500423878558,1.6980352433462824
2029-03-27,2029,Mar,27,86,SSP585,-1.4552552607843137,-7.440917659878558,3.5405309011176764
2029-03-28,2029,Mar,28,87,SSP585,-1.6383635007843138,-8.618914003878558,1.7341626091849138
2029-03-29,2029,Mar,29,88,SSP585,0.06149132721568629,-7.495850131878558,2.1436060886896855
2029-03-30,2029,Mar,30,89,SSP585,1.0044987632156863,-6.778676191878558,1.240421942723304
2029-03-31,2029,Mar,31,90,SSP585,0.8885302112156863,-7.505005543878558,1.3006342191210465
2030-03-01,2030,Mar,1,60,SSP585,-6.4419029967843136,-13.803928999878558,3.2394695191288694
2030-03-02,2030,Mar,2,61,SSP585,-6.042116672784314,-13.971778219878559,1.7943748855826642
2030-03-03,2030,Mar,3,62,SSP585,-4.159153604784314,-14.518051135878558,1.1199973899277718
2030-03-04,2030,Mar,4,63,SSP585,-2.1998954367843138,-12.027779071878559,2.444667470678445
2030-03-05,2030,Mar,5,64,SSP585,-2.4013145007843137,-13.358365615878558,1.8064173408622395
2030-03-06,2030,Mar,6,65,SSP585,-3.811247948784314,-12.921957643878557,1.7943748855826642
2030-03-07,2030,Mar,7,66,SSP585,-4.049288660784314,-11.960639383878558,2.769813763226363
2030-03-08,2030,Mar,8,67,SSP585,-6.576182372784314,-13.321743967878557,2.3844551942807026
2030-03-09,2030,Mar,9,68,SSP585,-8.169224060784314,-12.732745795878557,1.2042945768846176
2030-03-10,2030,Mar,10,69,SSP585,-9.225148244784313,-14.005348063878557,1.3608464955188364
2030-03-11,2030,Mar,11,70,SSP585,-8.236363748784314,-13.230189847878556,1.782332430303128
2030-03-12,2030,Mar,12,71,SSP585,-8.047151900784314,-11.70123604387856,2.0833938122918956
2030-03-13,2030,Mar,13,72,SSP585,-8.468300852784314,-13.703219467878558,1.5053559588734244
2030-03-14,2030,Mar,14,73,SSP585,-5.892578276784314,-12.821248111878557,1.6859927880667072
2030-03-15,2030,Mar,15,74,SSP585,-6.444954800784314,-14.698107571878559,1.0959124793686608
2030-03-16,2030,Mar,16,75,SSP585,-6.066531104784314,-13.077599647878557,1.1561247557664505
2030-03-17,2030,Mar,17,76,SSP585,-5.916992708784314,-12.40315096387856,1.8425447067008704
2030-03-18,2030,Mar,18,77,SSP585,-3.6708649647843137,-10.739917783878557,1.1802096663255617
2030-03-19,2030,Mar,19,78,SSP585,-1.8458861727843137,-9.961707763878557,1.047742658250454
2030-03-20,2030,Mar,20,79,SSP585,-1.0035882687843136,-8.911887187878557,1.6137380563893815
2030-03-21,2030,Mar,21,80,SSP585,0.22628874321568615,-8.008553203878558,1.9750117147759387
2030-03-22,2030,Mar,22,81,SSP585,0.4185523952156862,-8.362562467878558,1.4331012271961068
2030-03-23,2030,Mar,23,82,SSP585,-2.654614232784314,-10.196696671878557,1.6859927880667072
2030-03-24,2030,Mar,24,83,SSP585,-1.8764042127843137,-8.386976899878558,1.7702899750235528
2030-03-25,2030,Mar,25,84,SSP585,-1.5620684007843137,-7.739994451878558,2.191775909807892
2030-03-26,2030,Mar,26,85,SSP585,-1.2050073327843138,-7.337156323878558,1.8786720725395099
2030-03-27,2030,Mar,27,86,SSP585,-0.17349758078431377,-7.837652179878558,1.5173984141530077
2030-03-28,2030,Mar,28,87,SSP585,-1.2355253727843136,-7.7705124918785575,2.3844551942807026
2030-03-29,2030,Mar,29,88,SSP585,-0.5946465327843138,-8.286267367878558,2.300158007323849
2030-03-30,2030,Mar,30,89,SSP585,0.2507031752156863,-6.851919487878558,2.6855165762695092
2030-03-31,2030,Mar,31,90,SSP585,1.2669539072156863,-6.229351471878558,2.167690999248789
2031-03-01,2031,Mar,1,60,SSP585,-11.471275988784313,-15.912725563878556,1.3006342191210465
2031-03-02,2031,Mar,2,61,SSP585,-10.165103876784313,-15.094842091878558,1.1320398452073472
2031-03-03,2031,Mar,3,62,SSP585,-8.492715284784314,-13.941260179878558,1.5655682352711748
2031-03-04,2031,Mar,4,63,SSP585,-8.794843880784313,-14.197611715878558,1.2885917638415185
2031-03-05,2031,Mar,5,64,SSP585,-11.398032692784312,-14.380719955878558,1.0597851135300294
2031-03-06,2031,Mar,6,65,SSP585,-9.704281472784313,-14.13352383187856,2.0593089017327846
2031-03-07,2031,Mar,7,66,SSP585,-7.052263796784314,-12.125436799878557,1.6739503327871712
2031-03-08,2031,Mar,8,67,SSP585,-6.951554264784314,-11.856878047878556,2.468752381237548
2031-03-09,2031,Mar,9,68,SSP585,-4.909897388784314,-10.999321123878559,0.8430209184981156
2031-03-10,2031,Mar,10,69,SSP585,-5.962769768784314,-10.230266515878558,1.445143682475682
2031-03-11,2031,Mar,11,70,SSP585,-5.804075960784314,-10.694140723878558,1.914799438378196
2031-03-12,2031,Mar,12,71,SSP585,-5.950562552784314,-10.395063931878557,3.3478516166448262
2031-03-13,2031,Mar,13,72,SSP585,-8.877242588784313,-11.985053815878558,2.3483278284420632
2031-03-14,2031,Mar,14,73,SSP585,-9.344168600784313,-14.441756035878559,2.203818365087428
2031-03-15,2031,Mar,15,74,SSP585,-8.276037200784314,-12.845662543878557,1.7221201539053386
2031-03-16,2031,Mar,16,75,SSP585,-7.171284152784314,-12.210887311878558,1.7582475197440248
2031-03-17,2031,Mar,17,76,SSP585,-7.015642148784314,-11.01763194787856,3.0588326899355947
2031-03-18,2031,Mar,18,77,SSP585,-6.710461748784314,-11.689028827878559,2.2640306414851703
2031-03-19,2031,Mar,19,78,SSP585,-6.884414576784314,-11.341123171878557,1.914799438378196
2031-03-20,2031,Mar,20,79,SSP585,-5.578242464784314,-11.133600499878558,2.6493892104308308
2031-03-21,2031,Mar,21,80,SSP585,-6.005495024784314,-11.167170343878556,1.2765493085619353
2031-03-22,2031,Mar,22,81,SSP585,-6.426643976784314,-11.386900231878556,1.6980352433462824
2031-03-23,2031,Mar,23,82,SSP585,-6.548716136784314,-11.399107447878556,2.3844551942807026
2031-03-24,2031,Mar,24,83,SSP585,-5.413445048784314,-10.498825267878559,1.5294408694325357
2031-03-25,2031,Mar,25,84,SSP585,-4.7023747167843135,-9.278103667878558,1.6016956011098535
2031-03-26,2031,Mar,26,85,SSP585,-3.976045364784314,-7.706424607878557,2.541007112914874
2031-03-27,2031,Mar,27,86,SSP585,-5.663692976784314,-9.204860371878556,2.023181535894153
2031-03-28,2031,Mar,28,87,SSP585,-5.190663356784314,-9.394072219878558,2.3844551942807026
2031-03-29,2031,Mar,29,88,SSP585,-4.082858504784314,-9.226222999878559,3.107002511053809
2031-03-30,2031,Mar,30,89,SSP585,-3.628139708784314,-7.974983359878558,3.853634738386019
2031-03-31,2031,Mar,31,90,SSP585,-1.7940055047843138,-7.389036991878558,2.3122004626033847
2032-03-01,2032,Mar,1,61,SSP585,-7.278097292784314,-14.038917907878556,1.4933135035938967
2032-03-02,2032,Mar,2,62,SSP585,-7.195698584784314,-13.974830023878557,1.107954934648236
2032-03-03,2032,Mar,3,63,SSP585,-5.871215648784314,-13.785618175878557,1.2283794874437288
2032-03-04,2032,Mar,4,64,SSP585,-5.364616184784314,-11.536438627878557,1.8305022514213425
2032-03-05,2032,Mar,5,65,SSP585,-7.589381300784314,-14.106057595878557,1.3367615849597252
2032-03-06,2032,Mar,6,66,SSP585,-4.879379348784314,-11.722598671878558,2.0472664464532566
2032-03-07,2032,Mar,7,67,SSP585,-5.297476496784314,-11.722598671878558,2.023181535894153
2032-03-08,2032,Mar,8,68,SSP585,-6.826430300784314,-12.430617199878558,2.4205825601193416
2032-03-09,2032,Mar,9,69,SSP585,-7.452050120784314,-12.513015907878557,0.8791482843367469
2032-03-10,2032,Mar,10,70,SSP585,-5.898681884784314,-11.747013103878558,1.4812710483143212
2032-03-11,2032,Mar,11,71,SSP585,-5.065539392784314,-11.054253595878556,3.034747779376483
2032-03-12,2032,Mar,12,72,SSP585,-6.032961260784314,-13.031822587878558,2.516922202355763
2032-03-13,2032,Mar,13,73,SSP585,-5.0502803727843135,-13.422453499878557,0.8309784632185402
2032-03-14,2032,Mar,14,74,SSP585,-3.396202604784314,-12.229198135878558,0.7707661868207931
2032-03-15,2032,Mar,15,75,SSP585,-2.987260868784314,-11.23736183587856,2.372412739001174
2032-03-16,2032,Mar,16,76,SSP585,-2.205999044784314,-10.428633775878557,1.6257805116689568
2032-03-17,2032,Mar,17,77,SSP585,-2.7736345887843137,-10.065469099878559,2.13156363341011
2032-03-18,2032,Mar,18,78,SSP585,-1.9435439007843138,-10.602586603878557,1.445143682475682
2032-03-19,2032,Mar,19,79,SSP585,-2.5386456807843136,-10.865041747878557,1.2645068532824075
2032-03-20,2032,Mar,20,80,SSP585,-2.151066572784314,-9.470367319878559,1.5655682352711748
2032-03-21,2032,Mar,21,81,SSP585,-1.5315503607843137,-9.293362687878558,1.6980352433462824
2032-03-22,2032,Mar,22,82,SSP585,-1.4155818087843137,-9.177394135878558,1.3849314060778923
2032-03-23,2032,Mar,23,83,SSP585,-2.926224788784314,-8.481582823878558,2.6253042998717198
2032-03-24,2032,Mar,24,84,SSP585,-2.1022377087843136,-8.539567099878557,1.8184597961417672
2032-03-25,2032,Mar,25,85,SSP585,-1.8916632327843137,-7.971931555878558,1.9629692594964028
2032-03-26,2032,Mar,26,86,SSP585,-1.6627779327843137,-7.926154495878557,2.119521178130574
2032-03-27,2032,Mar,27,87,SSP585,-2.520334856784314,-8.551774315878557,1.457186137755218
2032-03-28,2032,Mar,28,88,SSP585,-1.8397825647843138,-7.251705811878558,2.1074787228509986
2032-03-29,2032,Mar,29,89,SSP585,-0.22843005278431372,-7.047234943878558,0.8189360079390046
2032-03-30,2032,Mar,30,90,SSP585,-0.7960655967843138,-7.846807591878558,1.4331012271961068
2032-03-31,2032,Mar,31,91,SSP585,0.8549603672156862,-5.753270047878558,1.9509268042168275
2033-03-01,2033,Mar,1,60,SSP585,-8.724652388784314,-14.997184363878556,1.1561247557664505
2033-03-02,2033,Mar,2,61,SSP585,-9.981995636784314,-17.643098431878556,1.6137380563893815
2033-03-03,2033,Mar,3,62,SSP585,-8.526285128784313,-15.75097995187856,1.2885917638415185
2033-03-04,2033,Mar,4,63,SSP585,-8.483559872784314,-15.564819907878558,1.2885917638415185
2033-03-05,2033,Mar,5,64,SSP585,-8.086825352784313,-15.103997503878556,2.504879747076235
2033-03-06,2033,Mar,6,65,SSP585,-7.964753192784314,-14.518051135878558,1.57761069055075
2033-03-07,2033,Mar,7,66,SSP585,-7.937286956784314,-15.046013227878557,1.7582475197440248
2033-03-08,2033,Mar,8,67,SSP585,-6.719617160784314,-13.672701427878557,1.4331012271961068
2033-03-09,2033,Mar,9,68,SSP585,-4.952622644784314,-13.758151939878559,1.589653145830278
2033-03-10,2033,Mar,10,69,SSP585,-5.331046340784313,-13.175257375878559,1.5053559588734244
2033-03-11,2033,Mar,11,70,SSP585,-7.278097292784314,-16.46510208787856,0.6382991787457306
2033-03-12,2033,Mar,12,71,SSP585,-8.657512700784313,-16.889302843878557,1.1922521216050896
2033-03-13,2033,Mar,13,72,SSP585,-8.224156532784313,-15.030754207878559,1.6859927880667072
2033-03-14,2033,Mar,14,73,SSP585,-5.685055604784314,-13.037926195878558,2.6253042998717198
2033-03-15,2033,Mar,15,74,SSP585,-4.592509772784314,-12.696124147878557,2.6855165762695092
2033-03-16,2033,Mar,16,75,SSP585,-5.782713332784314,-12.247508959878559,3.6850403644722722
2033-03-17,2033,Mar,17,76,SSP585,-6.493783664784314,-13.507904011878558,1.6619078775075957
2033-03-18,2033,Mar,18,77,SSP585,-4.076754896784314,-12.577103791878557,1.8064173408622395
2033-03-19,2033,Mar,19,78,SSP585,-1.8733524087843136,-9.973914979878558,1.6739503327871712
2033-03-20,2033,Mar,20,79,SSP585,0.0767503472156863,-9.122461663878557,1.445143682475682
2033-03-21,2033,Mar,21,80,SSP585,-0.14297954078431374,-7.837652179878558,2.5891769340330884
2033-03-22,2033,Mar,22,81,SSP585,-0.22537824878431367,-8.362562467878558,2.721643942108148
2033-03-23,2033,Mar,23,82,SSP585,-0.6465272007843138,-9.308621707878558,0.7707661868207931
2033-03-24,2033,Mar,24,83,SSP585,0.21408152721568618,-9.088891819878558,1.0959124793686608
2033-03-25,2033,Mar,25,84,SSP585,-0.8754125007843138,-8.176402423878557,2.360370283721599
2033-03-26,2033,Mar,26,85,SSP585,0.1713562712156862,-7.068597571878557,2.9263656818605264
2033-03-27,2033,Mar,27,86,SSP585,0.4765366712156862,-7.633181311878558,2.8541109501832085
2033-03-28,2033,Mar,28,87,SSP585,0.8549603672156862,-6.9007483518785575,2.9865779582582768
2033-03-29,2033,Mar,29,88,SSP585,-0.17044577678431372,-6.571153519878558,3.107002511053809
2033-03-30,2033,Mar,30,89,SSP585,0.32089466721568627,-6.076761271878558,2.565092023473977
2033-03-31,2033,Mar,31,90,SSP585,0.4765366712156862,-8.408339527878557,2.4085401048398056
2034-03-01,2034,Mar,1,60,SSP585,-5.941407140784314,-13.959571003878558,1.445143682475682
2034-03-02,2034,Mar,2,61,SSP585,-6.899673596784314,-15.226069663878558,0.915275650175386
2034-03-03,2034,Mar,3,62,SSP585,-5.587397876784314,-15.110101111878556,0.9393605607344973
2034-03-04,2034,Mar,4,63,SSP585,-5.349357164784314,-12.543533947878558,1.9990966253350422
2034-03-05,2034,Mar,5,64,SSP585,-4.684063892784314,-12.000312835878557,1.9990966253350422
2034-03-06,2034,Mar,6,65,SSP585,-3.759367280784314,-13.599458131878556,1.1320398452073472
2034-03-07,2034,Mar,7,66,SSP585,-3.246664208784314,-14.514999331878556,2.011139080614617
2034-03-08,2034,Mar,8,67,SSP585,-5.022814136784314,-13.428557107878557,2.4085401048398056
2034-03-09,2034,Mar,9,68,SSP585,-5.938355336784314,-13.004356351878556,2.167690999248789
2034-03-10,2034,Mar,10,69,SSP585,-6.020754044784314,-14.13352383187856,1.914799438378196
2034-03-11,2034,Mar,11,70,SSP585,-4.937363624784314,-12.610673635878559,1.589653145830278
2034-03-12,2034,Mar,12,71,SSP585,-3.048296948784314,-10.840627315878557,1.6619078775075957
2034-03-13,2034,Mar,13,72,SSP585,-1.3087686687843139,-8.676898279878557,2.3844551942807026
2034-03-14,2034,Mar,14,73,SSP585,-1.3514939247843138,-9.586335871878557,1.9027569830986208
2034-03-15,2034,Mar,15,74,SSP585,-1.8153681327843136,-11.283138895878558,1.5173984141530077
2034-03-16,2034,Mar,16,75,SSP585,-2.6240961927843136,-10.376753107878557,2.565092023473977
2034-03-17,2034,Mar,17,76,SSP585,-1.8916632327843137,-11.127496891878558,1.1320398452073472
2034-03-18,2034,Mar,18,77,SSP585,-0.8601534807843138,-9.656527363878558,2.179733454528317
2034-03-19,2034,Mar,19,78,SSP585,0.027921483215686216,-8.490738235878558,1.8305022514213425
2034-03-20,2034,Mar,20,79,SSP585,1.1937106112156861,-7.257809419878558,2.011139080614617
2034-03-21,2034,Mar,21,80,SSP585,0.6840593432156863,-8.490738235878558,2.0593089017327846
2034-03-22,2034,Mar,22,81,SSP585,1.6453776032156864,-9.247585627878557,1.8064173408622395
2034-03-23,2034,Mar,23,82,SSP585,0.9068410352156862,-9.418486651878558,2.516922202355763
2034-03-24,2034,Mar,24,83,SSP585,1.8193304312156864,-8.225231287878557,1.8666296172599819
2034-03-25,2034,Mar,25,84,SSP585,0.9770325272156863,-7.508057347878558,1.57761069055075
2034-03-26,2034,Mar,26,85,SSP585,0.9404108792156862,-8.084848303878559,2.179733454528317
2034-03-27,2034,Mar,27,86,SSP585,0.39718976721568633,-8.295422779878557,2.974535502978741
2034-03-28,2034,Mar,28,87,SSP585,0.35751631521568616,-8.817281263878558,0.6503416340252608
2034-03-29,2034,Mar,29,88,SSP585,1.1662443752156861,-7.260861223878558,1.348804040239261
2034-03-30,2034,Mar,30,89,SSP585,1.4470103432156864,-5.829565147878558,1.0718275688095573
2034-03-31,2034,Mar,31,90,SSP585,2.4602092712156862,-5.585420827878558,2.7938986737854665
2035-03-01,2035,Mar,1,60,SSP585,-6.243535736784314,-13.593354523878556,2.0954362675714706
2035-03-02,2035,Mar,2,61,SSP585,-5.566035248784314,-14.093850379878557,3.3839789824835047
2035-03-03,2035,Mar,3,62,SSP585,-8.684978936784313,-15.05516863987856,2.87819586074232
2035-03-04,2035,Mar,4,63,SSP585,-9.621882764784313,-16.825214959878558,2.360370283721599
2035-03-05,2035,Mar,5,64,SSP585,-7.674831812784314,-14.634019687878556,2.8179835843445695
2035-03-06,2035,Mar,6,65,SSP585,-7.308615332784314,-13.514007619878559,3.2153846085697655
2035-03-07,2035,Mar,7,66,SSP585,-4.870223936784313,-11.597474707878558,3.3719365272039297
2035-03-08,2035,Mar,8,67,SSP585,-5.465325716784314,-13.648286995878557,3.0467902346560587
2035-03-09,2035,Mar,9,68,SSP585,-8.700237956784314,-15.784549795878558,1.252464398002832
2035-03-10,2035,Mar,10,69,SSP585,-9.270925304784313,-17.530181683878556,1.3247191296801497
2035-03-11,2035,Mar,11,70,SSP585,-5.865112040784314,-13.730685703878557,2.673474120989934
2035-03-12,2035,Mar,12,71,SSP585,-3.3260111127843137,-12.183421075878556,1.457186137755218
2035-03-13,2035,Mar,13,72,SSP585,-0.7533403407843138,-9.168238723878558,2.6493892104308308
2035-03-14,2035,Mar,14,73,SSP585,-2.129703944784314,-10.437789187878558,1.5414833247120636
2035-03-15,2035,Mar,15,74,SSP585,-5.682003800784314,-12.992149135878556,1.6498654222280678
2035-03-16,2035,Mar,16,75,SSP585,-4.928208212784313,-11.264828071878558,2.2519881862056423
2035-03-17,2035,Mar,17,76,SSP585,-5.483636540784314,-10.413374755878557,1.3969738613574756
2035-03-18,2035,Mar,18,77,SSP585,-5.263906652784314,-11.100030655878559,0.7587237315412177
2035-03-19,2035,Mar,19,78,SSP585,-4.882431152784314,-12.125436799878557,0.7828086421003242
2035-03-20,2035,Mar,20,79,SSP585,-3.680020376784314,-10.993217515878559,0.602171812907048
2035-03-21,2035,Mar,21,80,SSP585,-3.0879704007843136,-10.611742015878558,0.9634454712936006
2035-03-22,2035,Mar,22,81,SSP585,-1.4430480447843137,-9.555817831878556,0.8671058290571715
2035-03-23,2035,Mar,23,82,SSP585,-0.7777547727843137,-8.109262735878557,0.7587237315412177
2035-03-24,2035,Mar,24,83,SSP585,-1.9496475087843137,-7.514160955878558,1.1681672110459864
2035-03-25,2035,Mar,25,84,SSP585,-2.4592987767843137,-8.585344159878558,1.4090163166370036
2035-03-26,2035,Mar,26,85,SSP585,-0.9333967767843138,-8.267956543878558,1.9509268042168275
2035-03-27,2035,Mar,27,86,SSP585,0.3025838432156862,-7.120478239878557,2.215860820366956
2035-03-28,2035,Mar,28,87,SSP585,0.33310188321568623,-7.273068439878558,1.7582475197440248
2035-03-29,2035,Mar,29,88,SSP585,1.1204673152156863,-6.946525411878557,1.3969738613574756
2035-03-30,2035,Mar,30,89,SSP585,1.7827087832156863,-6.314801983878558,1.7462050644644496
2035-03-31,2035,Mar,31,90,SSP585,2.2496347952156865,-4.972008223878557,2.9263656818605264
2036-03-01,2036,Mar,1,61,SSP585,-10.375678352784313,-15.100945699878558,2.360370283721599
2036-03-02,2036,Mar,2,62,SSP585,-10.204777328784314,-14.945303695878557,1.926841893657724
2036-03-03,2036,Mar,3,63,SSP585,-9.737851316784313,-16.44679126387856,0.8791482843367469
2036-03-04,2036,Mar,4,64,SSP585,-9.045091808784314,-14.945303695878557,0.9273181054549613
2036-03-05,2036,Mar,5,65,SSP585,-8.211949316784313,-14.313580267878557,1.5414833247120636
2036-03-06,2036,Mar,6,66,SSP585,-7.506982592784314,-13.773410959878557,2.023181535894153
2036-03-07,2036,Mar,7,67,SSP585,-5.379875204784314,-11.12444508787856,3.8054649172678046
2036-03-08,2036,Mar,8,68,SSP585,-4.824446876784314,-12.467238847878559,3.8295498278269076
2036-03-09,2036,Mar,9,69,SSP585,-6.008546828784314,-13.626924367878559,2.697559031549037
2036-03-10,2036,Mar,10,70,SSP585,-7.058367404784314,-14.368512739878557,1.5053559588734244
2036-03-11,2036,Mar,11,71,SSP585,-7.009538540784314,-13.639131583878559,2.8300260396241055
2036-03-12,2036,Mar,12,72,SSP585,-7.256734664784314,-14.319683875878557,1.3247191296801497
2036-03-13,2036,Mar,13,73,SSP585,-7.537500632784314,-14.331891091878557,1.1922521216050896
2036-03-14,2036,Mar,14,74,SSP585,-6.060427496784314,-13.019615371878558,1.4933135035938967
2036-03-15,2036,Mar,15,75,SSP585,-5.996339612784314,-13.343106595878556,1.6378229669484925
2036-03-16,2036,Mar,16,76,SSP585,-6.475472840784314,-12.52827492787856,1.0959124793686608
2036-03-17,2036,Mar,17,77,SSP585,-6.075686516784314,-9.207912175878558,2.3122004626033847
2036-03-18,2036,Mar,18,78,SSP585,-4.5833543607843135,-8.750141575878558,2.87819586074232
2036-03-19,2036,Mar,19,79,SSP585,-3.1825763247843137,-8.536515295878559,1.8545871619804457
2036-03-20,2036,Mar,20,80,SSP585,-2.9750536527843137,-9.043114759878558,2.974535502978741
2036-03-21,2036,Mar,21,81,SSP585,-3.5610000207843138,-10.529343307878559,1.252464398002832
2036-03-22,2036,Mar,22,82,SSP585,-3.2405606007843137,-10.730762371878559,2.2881155520442733
2036-03-23,2036,Mar,23,83,SSP585,-2.8621369047843137,-9.037011151878557,1.1922521216050896
2036-03-24,2036,Mar,24,84,SSP585,-3.7135902207843134,-9.839635603878557,1.6257805116689568
2036-03-25,2036,Mar,25,85,SSP585,-5.419548656784314,-9.885412663878558,2.516922202355763
2036-03-26,2036,Mar,26,86,SSP585,-3.2985448767843137,-8.396132311878556,2.0352239911737287
2036-03-27,2036,Mar,27,87,SSP585,-2.5447492887843137,-7.5385753878785575,2.5771344787535133
2036-03-28,2036,Mar,28,88,SSP585,-0.4298491167843137,-6.943473607878557,2.6855165762695092
2036-03-29,2036,Mar,29,89,SSP585,0.9922915472156861,-6.912955567878558,2.203818365087428
2036-03-30,2036,Mar,30,90,SSP585,2.4296912312156866,-5.997414367878558,1.4933135035938967
2036-03-31,2036,Mar,31,91,SSP585,2.0024386712156863,-6.458236771878558,0.6262567234661545
2037-03-01,2037,Mar,1,60,SSP585,-5.962769768784314,-13.910742139878558,0.6382991787457306
2037-03-02,2037,Mar,2,61,SSP585,-4.565043536784314,-11.957587579878556,1.3849314060778923
2037-03-03,2037,Mar,3,62,SSP585,-5.2211813967843135,-12.775471051878558,1.445143682475682
2037-03-04,2037,Mar,4,63,SSP585,-4.900741976784314,-12.464187043878557,1.5655682352711748
2037-03-05,2037,Mar,5,64,SSP585,-4.891586564784314,-12.805989091878558,2.3844551942807026
2037-03-06,2037,Mar,6,65,SSP585,-2.529490268784314,-12.079659739878558,1.7341626091849138
2037-03-07,2037,Mar,7,66,SSP585,-1.0371581127843137,-9.958655959878557,3.75729509614959
2037-03-08,2037,Mar,8,67,SSP585,-0.8784643047843138,-8.563981531878557,2.0713513570123596
2037-03-09,2037,Mar,9,68,SSP585,-4.113376544784313,-11.197688383878557,1.8907145278190851
2037-03-10,2037,Mar,10,69,SSP585,-4.076754896784314,-11.396055643878558,3.0708751452151226
2037-03-11,2037,Mar,11,70,SSP585,-6.008546828784314,-12.445876219878556,1.3728889507983644
2037-03-12,2037,Mar,12,71,SSP585,-7.094989052784314,-11.649355375878557,1.8786720725395099
2037-03-13,2037,Mar,13,72,SSP585,-7.024797560784314,-12.934164859878557,0.9754879265731758
2037-03-14,2037,Mar,14,73,SSP585,-6.606700412784314,-12.949423879878559,1.445143682475682
2037-03-15,2037,Mar,15,74,SSP585,-4.549784516784314,-11.127496891878558,2.6614316657104062
2037-03-16,2037,Mar,16,75,SSP585,-4.540629104784314,-11.539490431878558,1.5173984141530077
2037-03-17,2037,Mar,17,76,SSP585,-3.277182248784314,-10.269939967878557,2.360370283721599
2037-03-18,2037,Mar,18,77,SSP585,-2.7400647447843136,-11.270931679878558,0.8309784632185402
2037-03-19,2037,Mar,19,78,SSP585,-1.9710101367843138,-10.480514443878558,0.8068935526594291
2037-03-20,2037,Mar,20,79,SSP585,-2.6332516047843137,-9.833531995878559,2.1436060886896855
2037-03-21,2037,Mar,21,80,SSP585,-1.7756946807843137,-9.403227631878558,2.9986204135378522
2037-03-22,2037,Mar,22,81,SSP585,-1.0981941927843137,-8.881369147878559,2.7938986737854665
2037-03-23,2037,Mar,23,82,SSP585,-0.24674087678431378,-9.958655959878557,2.3122004626033847
2037-03-24,2037,Mar,24,83,SSP585,-0.6129573567843137,-9.226222999878559,3.4441912588812555
2037-03-25,2037,Mar,25,84,SSP585,-2.001528176784314,-9.360502375878557,2.87819586074232
2037-03-26,2037,Mar,26,85,SSP585,-2.2700869287843135,-9.418486651878558,1.9509268042168275
2037-03-27,2037,Mar,27,86,SSP585,-0.2192746407843138,-9.082788211878558,2.227903275646531
2037-03-28,2037,Mar,28,87,SSP585,0.9526180952156864,-8.341199839878557,2.5891769340330884
2037-03-29,2037,Mar,29,88,SSP585,1.828485843215686,-7.501953739878558,2.6855165762695092
2037-03-30,2037,Mar,30,89,SSP585,1.6148595632156864,-7.126581847878557,2.721643942108148
2037-03-31,2037,Mar,31,90,SSP585,1.6697920352156863,-6.7817279958785575,2.0593089017327846
2038-03-01,2038,Mar,1,60,SSP585,-7.671780008784314,-14.920889263878557,1.9990966253350422
2038-03-02,2038,Mar,2,61,SSP585,-7.510034396784314,-16.199595139878557,1.5173984141530077
2038-03-03,2038,Mar,3,62,SSP585,-6.139774400784314,-14.25254418787856,3.0949600557742336
2038-03-04,2038,Mar,4,63,SSP585,-6.203862284784314,-15.427488727878558,1.2042945768846176
2038-03-05,2038,Mar,5,64,SSP585,-7.064471012784314,-15.848637679878557,1.0959124793686608
2038-03-06,2038,Mar,6,65,SSP585,-7.482568160784314,-15.647218615878558,2.781856218505891
2038-03-07,2038,Mar,7,66,SSP585,-6.490731860784314,-13.678805035878558,2.468752381237548
2038-03-08,2038,Mar,8,67,SSP585,-6.127567184784314,-14.426497015878557,2.444667470678445
2038-03-09,2038,Mar,9,68,SSP585,-4.262914940784314,-12.445876219878556,3.0227053240969552
2038-03-10,2038,Mar,10,69,SSP585,-6.045168476784314,-12.082711543878556,2.9986204135378522
2038-03-11,2038,Mar,11,70,SSP585,-6.063479300784314,-11.59442290387856,2.3242429178829602
2038-03-12,2038,Mar,12,71,SSP585,-6.707409944784314,-15.140619151878557,1.216337032164193
2038-03-13,2038,Mar,13,72,SSP585,-4.482644828784314,-13.614717151878558,1.7100776986258104
2038-03-14,2038,Mar,14,73,SSP585,-4.369728080784314,-12.680865127878558,2.203818365087428
2038-03-15,2038,Mar,15,74,SSP585,-3.872284028784314,-12.378736531878559,3.2394695191288694
2038-03-16,2038,Mar,16,75,SSP585,-4.519266476784313,-10.776539431878557,2.8541109501832085
2038-03-17,2038,Mar,17,76,SSP585,-3.634243316784314,-10.401167539878557,1.7341626091849138
2038-03-18,2038,Mar,18,77,SSP585,-0.7808065767843138,-8.158091599878556,3.1431298768924405
2038-03-19,2038,Mar,19,78,SSP585,-2.303656772784314,-9.607698499878557,3.2394695191288694
2038-03-20,2038,Mar,20,79,SSP585,-4.565043536784314,-8.878317343878557,2.5771344787535133
2038-03-21,2038,Mar,21,80,SSP585,-5.962769768784314,-12.088815151878556,2.336285373162488
2038-03-22,2038,Mar,22,81,SSP585,-5.218129592784313,-11.075616223878558,1.9990966253350422
2038-03-23,2038,Mar,23,82,SSP585,-4.272070352784314,-10.593431191878558,5.05788026634116
2038-03-24,2038,Mar,24,83,SSP585,-2.3982626967843137,-9.876257251878558,1.5655682352711748
2038-03-25,2038,Mar,25,84,SSP585,-0.38407205678431366,-8.6952091038785575,1.1802096663255617
2038-03-26,2038,Mar,26,85,SSP585,1.3218863792156863,-8.271008347878558,2.023181535894153
2038-03-27,2038,Mar,27,86,SSP585,0.09506117121568614,-9.436797475878556,1.8545871619804457
2038-03-28,2038,Mar,28,87,SSP585,1.0289131952156862,-7.041131335878558,1.8184597961417672
2038-03-29,2038,Mar,29,88,SSP585,2.2465829912156865,-7.257809419878558,0.9393605607344973
2038-03-30,2038,Mar,30,89,SSP585,3.6961898912156856,-5.921119267878558,1.4090163166370036
2038-03-31,2038,Mar,31,90,SSP585,3.900660759215686,-3.650577091878558,2.7577713079467876
2039-03-01,2039,Mar,1,60,SSP585,-8.083773548784313,-16.43458404787856,2.3483278284420632
2039-03-02,2039,Mar,2,61,SSP585,-6.817274888784314,-14.487533095878558,1.3006342191210465
2039-03-03,2039,Mar,3,62,SSP585,-6.914932616784314,-14.423445211878558,1.3247191296801497
2039-03-04,2039,Mar,4,63,SSP585,-7.513086200784314,-15.821171443878558,1.9027569830986208
2039-03-05,2039,Mar,5,64,SSP585,-7.458153728784314,-15.427488727878558,2.215860820366956
2039-03-06,2039,Mar,6,65,SSP585,-5.538569012784314,-13.748996527878557,1.7462050644644496
2039-03-07,2039,Mar,7,66,SSP585,-3.982148972784314,-12.455031631878558,1.914799438378196
2039-03-08,2039,Mar,8,67,SSP585,-3.2588714247843136,-11.353330387878557,2.4085401048398056
2039-03-09,2039,Mar,9,68,SSP585,-4.427712356784314,-11.240413639878557,3.1431298768924405
2039-03-10,2039,Mar,10,69,SSP585,-5.370719792784314,-12.918905839878558,0.9634454712936006
2039-03-11,2039,Mar,11,70,SSP585,-3.5548964127843137,-11.490661567878558,2.191775909807892
2039-03-12,2039,Mar,12,71,SSP585,-1.8825078207843138,-10.910818807878558,2.3844551942807026
2039-03-13,2039,Mar,13,72,SSP585,-3.6708649647843137,-10.553757739878558,2.0593089017327846
2039-03-14,2039,Mar,14,73,SSP585,-5.501947364784313,-11.484557959878558,1.0959124793686608
2039-03-15,2039,Mar,15,74,SSP585,-5.666744780784314,-12.653398891878556,1.5294408694325357
2039-03-16,2039,Mar,16,75,SSP585,-3.1825763247843137,-10.495773463878557,1.589653145830278
2039-03-17,2039,Mar,17,76,SSP585,-2.932328396784314,-10.419478363878557,1.7702899750235528
2039-03-18,2039,Mar,18,77,SSP585,-2.4013145007843137,-10.013588431878556,1.1561247557664505
2039-03-19,2039,Mar,19,78,SSP585,-1.977113744784314,-9.986122195878558,1.589653145830278
2039-03-20,2039,Mar,20,79,SSP585,-1.9801655487843137,-9.186549547878558,2.3964976495602306
2039-03-21,2039,Mar,21,80,SSP585,-0.5702321007843137,-8.869161931878558,1.1199973899277718
2039-03-22,2039,Mar,22,81,SSP585,-0.35965762478431373,-7.508057347878558,2.6012193893126163
2039-03-23,2039,Mar,23,82,SSP585,-0.9944328567843138,-7.324949107878558,4.5039273234818
2039-03-24,2039,Mar,24,83,SSP585,-0.6831488487843138,-7.437865855878558,0.7346388209821114
2039-03-25,2039,Mar,25,84,SSP585,-0.3718648407843137,-7.865118415878558,1.4933135035938967
2039-03-26,2039,Mar,26,85,SSP585,1.1753997872156863,-7.0197687078785576,1.8305022514213425
2039-03-27,2039,Mar,27,86,SSP585,1.535512659215686,-5.588472631878558,2.5771344787535133
2039-03-28,2039,Mar,28,87,SSP585,-0.5397140607843138,-7.5355235838785575,1.445143682475682
2039-03-29,2039,Mar,29,88,SSP585,0.5864016152156861,-6.6077751678785575,3.492361079999462
2039-03-30,2039,Mar,30,89,SSP585,2.036008515215686,-6.384993475878558,3.877719648945122
2039-03-31,2039,Mar,31,90,SSP585,2.3045672672156865,-5.670871339878557,1.8064173408622395
2040-03-01,2040,Mar,1,61,SSP585,-6.112308164784314,-15.253535899878557,1.3728889507983644
2040-03-02,2040,Mar,2,62,SSP585,-5.324942732784314,-13.980933631878557,1.5535257799916389
2040-03-03,2040,Mar,3,63,SSP585,-6.682995512784314,-15.284053939878557,1.3126766744006217
2040-03-04,2040,Mar,4,64,SSP585,-6.740979788784314,-14.267803207878558,1.6980352433462824
2040-03-05,2040,Mar,5,65,SSP585,-6.515146292784314,-12.934164859878557,2.13156363341011
2040-03-06,2040,Mar,6,66,SSP585,-6.661632884784314,-13.163050159878559,2.372412739001174
2040-03-07,2040,Mar,7,67,SSP585,-4.0645476807843135,-13.117273099878556,1.7100776986258104
2040-03-08,2040,Mar,8,68,SSP585,-4.656597656784314,-14.03281429987856,1.3247191296801497
2040-03-09,2040,Mar,9,69,SSP585,-3.011675300784314,-12.64119167587856,1.9509268042168275
2040-03-10,2040,Mar,10,70,SSP585,-1.0402099167843137,-10.544602327878557,1.6137380563893815
2040-03-11,2040,Mar,11,71,SSP585,-0.8662570887843137,-9.644320147878558,2.13156363341011
2040-03-12,2040,Mar,12,72,SSP585,-1.9496475087843137,-12.308545039878556,1.8184597961417672
2040-03-13,2040,Mar,13,73,SSP585,-2.297553164784314,-12.003364639878559,2.613261844592192
2040-03-14,2040,Mar,14,74,SSP585,-2.260931516784314,-10.367597695878558,1.782332430303128
2040-03-15,2040,Mar,15,75,SSP585,-2.4592987767843137,-9.241482019878557,1.3969738613574756
2040-03-16,2040,Mar,16,76,SSP585,-1.9313366847843136,-9.958655959878557,1.6498654222280678
2040-03-17,2040,Mar,17,77,SSP585,-1.0585207407843138,-10.184489455878557,1.0838700240891326
2040-03-18,2040,Mar,18,78,SSP585,-0.4451081367843137,-8.927146207878558,1.1199973899277718
2040-03-19,2040,Mar,19,79,SSP585,-1.6017418527843137,-10.858938139878557,1.5535257799916389
2040-03-20,2040,Mar,20,80,SSP585,-3.402306212784314,-9.827428387878559,2.011139080614617
2040-03-21,2040,Mar,21,81,SSP585,-3.1337474607843134,-9.690097207878559,1.4812710483143212
2040-03-22,2040,Mar,22,82,SSP585,-1.9496475087843137,-9.796910347878558,1.3728889507983644
2040-03-23,2040,Mar,23,83,SSP585,-1.0371581127843137,-9.314725315878558,1.4210587719165788
2040-03-24,2040,Mar,24,84,SSP585,-0.054477224784313716,-6.479599399878557,2.8179835843445695
2040-03-25,2040,Mar,25,85,SSP585,0.8061315032156864,-7.263913027878558,1.7702899750235528
2040-03-26,2040,Mar,26,86,SSP585,0.5467281632156864,-8.014656811878558,1.3728889507983644
2040-03-27,2040,Mar,27,87,SSP585,0.5406245552156863,-8.509049059878556,1.1922521216050896
2040-03-28,2040,Mar,28,88,SSP585,1.681999251215686,-7.208980555878558,2.1074787228509986
2040-03-29,2040,Mar,29,89,SSP585,3.2414710952156858,-5.472504079878558,2.5771344787535133
2040-03-30,2040,Mar,30,90,SSP585,2.838632967215686,-5.008629871878558,2.336285373162488
2040-03-31,2040,Mar,31,91,SSP585,2.737923435215686,-6.058450447878558,2.504879747076235
2041-03-01,2041,Mar,1,60,SSP585,-3.118488440784314,-11.982002011878556,2.974535502978741
2041-03-02,2041,Mar,2,61,SSP585,-5.089953824784314,-12.662554303878558,2.300158007323849
2041-03-03,2041,Mar,3,62,SSP585,-6.390022328784314,-12.998252743878556,2.781856218505891
2041-03-04,2041,Mar,4,63,SSP585,-6.744031592784314,-14.878164007878556,1.4331012271961068
2041-03-05,2041,Mar,5,64,SSP585,-6.774549632784314,-15.940191799878558,0.9393605607344973
2041-03-06,2041,Mar,6,65,SSP585,-4.427712356784314,-13.733737507878558,1.5414833247120636
2041-03-07,2041,Mar,7,66,SSP585,-3.7715744967843134,-13.742892919878557,2.0833938122918956
2041-03-08,2041,Mar,8,67,SSP585,-4.098117524784314,-11.759220319878558,1.8907145278190851
2041-03-09,2041,Mar,9,68,SSP585,-5.074694804784314,-10.602586603878557,2.541007112914874
2041-03-10,2041,Mar,10,69,SSP585,-5.654537564784314,-11.774479339878557,1.4331012271961068
2041-03-11,2041,Mar,11,70,SSP585,-3.8265069687843134,-9.824376583878557,1.216337032164193
2041-03-12,2041,Mar,12,71,SSP585,-4.769514404784314,-10.984062103878557,1.6619078775075957
2041-03-13,2041,Mar,13,72,SSP585,-5.410393244784314,-9.793858543878557,2.4205825601193416
2041-03-14,2041,Mar,14,73,SSP585,-3.820403360784314,-10.318768831878558,1.3608464955188364
2041-03-15,2041,Mar,15,74,SSP585,-3.2527678167843135,-10.700244331878558,1.57761069055075
2041-03-16,2041,Mar,16,75,SSP585,-3.704434808784314,-9.711459835878557,1.4692285930347933
2041-03-17,2041,Mar,17,76,SSP585,-4.189671644784314,-11.335019563878557,2.4928372917966595
2041-03-18,2041,Mar,18,77,SSP585,-2.816359844784314,-9.964759567878557,1.9870541700555142
2041-03-19,2041,Mar,19,78,SSP585,-3.0299861247843136,-9.958655959878557,1.8064173408622395
2041-03-20,2041,Mar,20,79,SSP585,-3.417565232784314,-10.227214711878558,1.3608464955188364
2041-03-21,2041,Mar,21,80,SSP585,-2.5630601127843136,-9.168238723878558,2.227903275646531
2041-03-22,2041,Mar,22,81,SSP585,-0.41764190078431374,-9.058373779878558,1.5414833247120636
2041-03-23,2041,Mar,23,82,SSP585,0.0767503472156863,-9.009544915878557,2.613261844592192
2041-03-24,2041,Mar,24,83,SSP585,-1.1317640367843138,-9.110254447878557,2.179733454528317
2041-03-25,2041,Mar,25,84,SSP585,-1.803160916784314,-8.380873291878558,2.0954362675714706
2041-03-26,2041,Mar,26,85,SSP585,-2.1388593567843137,-8.200816855878557,1.457186137755218
2041-03-27,2041,Mar,27,86,SSP585,-2.0778232767843137,-8.087900107878557,1.252464398002832
2041-03-28,2041,Mar,28,87,SSP585,-1.6566743247843139,-7.4226068358785575,3.2394695191288694
2041-03-29,2041,Mar,29,88,SSP585,-1.3698047487843137,-6.928214587878558,3.4803186247198865
2041-03-30,2041,Mar,30,89,SSP585,1.3310417912156864,-6.418563319878558,2.119521178130574
2041-03-31,2041,Mar,31,90,SSP585,0.8488567592156862,-6.113382919878558,1.782332430303128
2042-03-01,2042,Mar,1,60,SSP585,-7.412376668784314,-14.023658887878558,0.38540761787513494
2042-03-02,2042,Mar,2,61,SSP585,-6.509042684784314,-12.787678267878558,1.7100776986258104
2042-03-03,2042,Mar,3,62,SSP585,-5.260854848784314,-11.817204595878557,1.6257805116689568
2042-03-04,2042,Mar,4,63,SSP585,-4.696271108784313,-11.646303571878558,2.866153405462784
2042-03-05,2042,Mar,5,64,SSP585,-6.127567184784314,-13.040977999878557,2.372412739001174
2042-03-06,2042,Mar,6,65,SSP585,-4.2385005087843135,-12.39704735587856,3.2515119744083973
2042-03-07,2042,Mar,7,66,SSP585,-6.374763308784314,-12.430617199878558,1.7943748855826642
2042-03-08,2042,Mar,8,67,SSP585,-8.160068648784314,-12.555741163878558,1.4210587719165788
2042-03-09,2042,Mar,9,68,SSP585,-6.982072304784314,-11.225154619878559,3.7332101855904867
2042-03-10,2042,Mar,10,69,SSP585,-4.778669816784314,-9.934241527878559,1.7943748855826642
2042-03-11,2042,Mar,11,70,SSP585,-3.631191512784314,-9.906775291878557,1.7100776986258104
2042-03-12,2042,Mar,12,71,SSP585,-2.813308040784314,-9.665682775878558,2.0472664464532566
2042-03-13,2042,Mar,13,72,SSP585,-3.100177616784314,-10.144816003878557,1.2885917638415185
2042-03-14,2042,Mar,14,73,SSP585,-3.2954930727843137,-10.211955691878558,1.0357002029709181
2042-03-15,2042,Mar,15,74,SSP585,-2.9018103567843134,-10.013588431878556,2.2519881862056423
2042-03-16,2042,Mar,16,75,SSP585,-2.724805724784314,-10.495773463878557,1.5535257799916389
2042-03-17,2042,Mar,17,76,SSP585,-3.2680268367843137,-9.790806739878558,2.3242429178829602
2042-03-18,2042,Mar,18,77,SSP585,-2.7492201567843138,-8.228283091878557,2.6493892104308308
2042-03-19,2042,Mar,19,78,SSP585,-4.601665184784314,-9.540558811878558,1.8064173408622395
2042-03-20,2042,Mar,20,79,SSP585,-3.640346924784314,-8.457168391878557,1.5414833247120636
2042-03-21,2042,Mar,21,80,SSP585,-3.8966984607843136,-9.604646695878557,1.7702899750235528
2042-03-22,2042,Mar,22,81,SSP585,-4.250707724784314,-8.417494939878559,2.7938986737854665
2042-03-23,2042,Mar,23,82,SSP585,-2.0747714727843136,-8.124521755878558,2.3122004626033847
2042-03-24,2042,Mar,24,83,SSP585,-2.358589244784314,-8.112314539878557,1.445143682475682
2042-03-25,2042,Mar,25,84,SSP585,-2.9750536527843137,-8.841695695878558,3.2394695191288694
2042-03-26,2042,Mar,26,85,SSP585,-3.6189842967843138,-8.161143403878558,1.8064173408622395
2042-03-27,2042,Mar,27,86,SSP585,-1.803160916784314,-6.7298473278785576,2.336285373162488
2042-03-28,2042,Mar,28,87,SSP585,-1.021899092784314,-6.247662295878557,2.336285373162488
2042-03-29,2042,Mar,29,88,SSP585,-1.0096918767843137,-6.412459711878558,1.8545871619804457
2042-03-30,2042,Mar,30,89,SSP585,0.26291039121568627,-6.232403275878557,1.8425447067008704
2042-03-31,2042,Mar,31,90,SSP585,0.12557921121568616,-7.328000911878558,1.4933135035938967
2043-03-01,2043,Mar,1,60,SSP585,-7.116351680784314,-13.510955815878557,1.6257805116689568
2043-03-02,2043,Mar,2,61,SSP585,-7.616847536784314,-13.004356351878556,2.6493892104308308
2043-03-03,2043,Mar,3,62,SSP585,-6.005495024784314,-11.032890967878558,3.01066286881738
2043-03-04,2043,Mar,4,63,SSP585,-4.211034272784314,-10.373701303878558,2.0833938122918956
2043-03-05,2043,Mar,5,64,SSP585,-5.169300728784314,-10.788746647878558,3.082917600494698
2043-03-06,2043,Mar,6,65,SSP585,-7.519189808784314,-12.320752255878556,2.372412739001174
2043-03-07,2043,Mar,7,66,SSP585,-8.346228692784313,-13.813084411878556,3.3719365272039297
2043-03-08,2043,Mar,8,67,SSP585,-7.400169452784314,-11.420470075878558,3.20334215329023
2043-03-09,2043,Mar,9,68,SSP585,-5.367667988784314,-12.055245307878558,1.047742658250454
2043-03-10,2043,Mar,10,69,SSP585,-3.6678131607843136,-10.770435823878557,1.926841893657724
2043-03-11,2043,Mar,11,70,SSP585,-3.8265069687843134,-10.733814175878557,1.7100776986258104
2043-03-12,2043,Mar,12,71,SSP585,-4.082858504784314,-11.139704107878558,2.3483278284420632
2043-03-13,2043,Mar,13,72,SSP585,-5.645382152784314,-11.978950207878558,1.1199973899277718
2043-03-14,2043,Mar,14,73,SSP585,-7.137714308784314,-11.927069539878559,1.9027569830986208
2043-03-15,2043,Mar,15,74,SSP585,-5.541620816784314,-10.715503351878557,3.299681795526612
2043-03-16,2043,Mar,16,75,SSP585,-6.469369232784314,-10.993217515878559,1.3006342191210465
2043-03-17,2043,Mar,17,76,SSP585,-6.023805848784314,-10.996269319878557,1.4812710483143212
2043-03-18,2043,Mar,18,77,SSP585,-4.5833543607843135,-11.103082459878557,0.9995728371322792
2043-03-19,2043,Mar,19,78,SSP585,-3.6708649647843137,-8.832540283878558,1.8666296172599819
2043-03-20,2043,Mar,20,79,SSP585,-3.478601312784314,-7.196773339878558,2.4567099259580205
2043-03-21,2043,Mar,21,80,SSP585,-4.858016720784314,-8.170298815878557,1.8786720725395099
2043-03-22,2043,Mar,22,81,SSP585,-4.229345096784313,-8.496841843878558,1.6016956011098535
2043-03-23,2043,Mar,23,82,SSP585,-3.1978353447843135,-8.539567099878557,1.240421942723304
2043-03-24,2043,Mar,24,83,SSP585,-2.3891072847843136,-7.532471779878557,1.9509268042168275
2043-03-25,2043,Mar,25,84,SSP585,-2.4562469727843137,-8.167247011878558,1.2645068532824075
2043-03-26,2043,Mar,26,85,SSP585,-2.9597946327843134,-8.039071243878558,1.5535257799916389
2043-03-27,2043,Mar,27,86,SSP585,-2.6851322727843137,-6.632189599878558,2.3483278284420632
2043-03-28,2043,Mar,28,87,SSP585,-2.434884344784314,-7.465332091878557,1.7341626091849138
2043-03-29,2043,Mar,29,88,SSP585,-0.9211895607843138,-6.690173875878558,1.4331012271961068
2043-03-30,2043,Mar,30,89,SSP585,0.8854784072156863,-5.112391207878558,2.023181535894153
2043-03-31,2043,Mar,31,90,SSP585,1.1418299432156862,-4.425735307878558,2.2881155520442733
2044-03-01,2044,Mar,1,61,SSP585,-9.899596928784312,-18.036781147878557,0.7828086421003242
2044-03-02,2044,Mar,2,62,SSP585,-8.602580228784314,-18.656297359878558,0.8671058290571715
2044-03-03,2044,Mar,3,63,SSP585,-6.838637516784314,-17.884190947878558,1.2042945768846176
2044-03-04,2044,Mar,4,64,SSP585,-6.374763308784314,-17.151757987878558,1.4210587719165788
2044-03-05,2044,Mar,5,65,SSP585,-4.998399704784314,-15.271846723878557,1.8184597961417672
2044-03-06,2044,Mar,6,66,SSP585,-5.083850216784314,-15.699099283878557,0.9032331948958581
2044-03-07,2044,Mar,7,67,SSP585,-5.062487588784314,-15.53735367187856,1.2885917638415185
2044-03-08,2044,Mar,8,68,SSP585,-5.016710528784314,-15.491576611878557,1.4933135035938967
2044-03-09,2044,Mar,9,69,SSP585,-3.9607863447843137,-13.398039067878557,2.011139080614617
2044-03-10,2044,Mar,10,70,SSP585,-3.0788149887843135,-12.937216663878559,1.57761069055075
2044-03-11,2044,Mar,11,71,SSP585,-2.8957067487843138,-12.778522855878556,2.5891769340330884
2044-03-12,2044,Mar,12,72,SSP585,-2.700391292784314,-12.17731746787856,1.7100776986258104
2044-03-13,2044,Mar,13,73,SSP585,-4.095065720784314,-13.486541383878556,0.5660444470684112
2044-03-14,2044,Mar,14,74,SSP585,-3.0360897327843137,-12.592362811878559,2.8179835843445695
2044-03-15,2044,Mar,15,75,SSP585,-3.695279396784314,-13.343106595878556,1.6498654222280678
2044-03-16,2044,Mar,16,76,SSP585,-2.2212580647843136,-13.370572831878558,2.6253042998717198
2044-03-17,2044,Mar,17,77,SSP585,-2.1602219847843136,-14.508895723878556,2.7336863973876766
2044-03-18,2044,Mar,18,78,SSP585,-2.5447492887843137,-11.862981655878556,2.8902383160218954
2044-03-19,2044,Mar,19,79,SSP585,-2.1907400247843136,-9.638216539878558,2.468752381237548
2044-03-20,2044,Mar,20,80,SSP585,-1.5925864407843138,-9.467315515878557,1.8064173408622395
2044-03-21,2044,Mar,21,81,SSP585,-0.0972024807843137,-8.267956543878558,2.8179835843445695
2044-03-22,2044,Mar,22,82,SSP585,0.8030796992156863,-7.080804787878558,2.191775909807892
2044-03-23,2044,Mar,23,83,SSP585,-0.2345336607843138,-8.194713247878557,2.565092023473977
2044-03-24,2044,Mar,24,84,SSP585,-0.5580248847843138,-9.638216539878558,0.7948510973799012
2044-03-25,2044,Mar,25,85,SSP585,0.812235111215686,-9.857946427878558,1.047742658250454
2044-03-26,2044,Mar,26,86,SSP585,0.8274941312156863,-10.300458007878557,2.553049568194449
2044-03-27,2044,Mar,27,87,SSP585,1.0930010792156863,-7.706424607878557,1.5173984141530077
2044-03-28,2044,Mar,28,88,SSP585,1.132674531215686,-7.102167415878558,1.589653145830278
2044-03-29,2044,Mar,29,89,SSP585,2.8813582232156856,-7.718631823878558,2.179733454528317
2044-03-30,2044,Mar,30,90,SSP585,2.270997423215686,-6.864126703878558,3.1310874216129125
2044-03-31,2044,Mar,31,91,SSP585,2.6585765312156857,-6.397200691878558,2.9384081371400623
2045-03-01,2045,Mar,1,60,SSP585,-5.758298900784314,-13.300381339878559,0.5901293576275176
2045-03-02,2045,Mar,2,61,SSP585,-5.041124960784313,-12.738849403878557,1.914799438378196
2045-03-03,2045,Mar,3,62,SSP585,-4.821395072784314,-12.308545039878556,1.8184597961417672
2045-03-04,2045,Mar,4,63,SSP585,-5.410393244784314,-13.739841115878558,1.3006342191210465
2045-03-05,2045,Mar,5,64,SSP585,-5.913940904784314,-13.034874391878557,1.9629692594964028
2045-03-06,2045,Mar,6,65,SSP585,-5.495843756784314,-12.650347087878558,1.8666296172599819
2045-03-07,2045,Mar,7,66,SSP585,-5.443963088784313,-12.632036263878557,1.4331012271961068
2045-03-08,2045,Mar,8,67,SSP585,-4.552836320784314,-11.771427535878559,1.6619078775075957
2045-03-09,2045,Mar,9,68,SSP585,-3.8448177927843137,-11.420470075878558,2.8902383160218954
2045-03-10,2045,Mar,10,69,SSP585,-3.799040732784314,-10.053261883878559,2.4807948365171315
2045-03-11,2045,Mar,11,70,SSP585,-3.875335832784314,-11.817204595878557,1.2885917638415185
2045-03-12,2045,Mar,12,71,SSP585,-3.8448177927843137,-10.446944599878558,2.8179835843445695
2045-03-13,2045,Mar,13,72,SSP585,-3.643398728784314,-11.493713371878556,0.8911907396162827
2045-03-14,2045,Mar,14,73,SSP585,-3.0818667927843135,-11.728702279878558,1.6859927880667072
2045-03-15,2045,Mar,15,74,SSP585,-2.4257289327843137,-9.674838187878557,3.974059291181504
2045-03-16,2045,Mar,16,75,SSP585,-2.2182062607843136,-10.108194355878558,2.8059411290649945
2045-03-17,2045,Mar,17,76,SSP585,-2.8957067487843138,-11.487609763878556,2.300158007323849
2045-03-18,2045,Mar,18,77,SSP585,-3.9638381487843137,-12.546585751878556,1.3728889507983644
2045-03-19,2045,Mar,19,78,SSP585,-4.052340464784314,-11.548645843878557,1.4692285930347933
2045-03-20,2045,Mar,20,79,SSP585,-3.2130943647843138,-9.387968611878557,2.769813763226363
2045-03-21,2045,Mar,21,80,SSP585,-1.6688815407843138,-9.134668879878557,2.5891769340330884
2045-03-22,2045,Mar,22,81,SSP585,-1.2874060407843138,-8.332044427878557,2.3242429178829602
2045-03-23,2045,Mar,23,82,SSP585,1.1296227272156865,-8.115366343878557,2.1556485439692135
2045-03-24,2045,Mar,24,83,SSP585,1.7613461552156864,-7.1876179278785575,2.336285373162488
2045-03-25,2045,Mar,25,84,SSP585,2.515141743215686,-6.284283943878558,1.5655682352711748
2045-03-26,2045,Mar,26,85,SSP585,1.8345894512156862,-8.307629995878557,1.1440823004868752
2045-03-27,2045,Mar,27,86,SSP585,2.0176976912156865,-7.135737259878558,2.468752381237548
2045-03-28,2045,Mar,28,87,SSP585,2.1245108312156864,-6.1439009598785574,1.6378229669484925
2045-03-29,2045,Mar,29,88,SSP585,2.1855469112156864,-5.542695571878557,3.3478516166448262
2045-03-30,2045,Mar,30,89,SSP585,2.4663128792156863,-5.481659491878558,3.2515119744083973
2045-03-31,2045,Mar,31,90,SSP585,0.5040029072156862,-6.369734455878557,2.914323226580951
2046-03-01,2046,Mar,1,60,SSP585,-4.534525496784314,-10.804005667878558,2.1556485439692135
2046-03-02,2046,Mar,2,61,SSP585,-7.027849364784314,-11.142755911878556,2.4085401048398056
2046-03-03,2046,Mar,3,62,SSP585,-6.664684688784314,-11.81415279187856,1.4331012271961068
2046-03-04,2046,Mar,4,63,SSP585,-7.372703216784314,-12.625932655878557,1.3608464955188364
2046-03-05,2046,Mar,5,64,SSP585,-6.783705044784314,-12.235301743878559,2.1436060886896855
2046-03-06,2046,Mar,6,65,SSP585,-5.688107408784314,-13.376676439878558,0.8189360079390046
2046-03-07,2046,Mar,7,66,SSP585,-4.629131420784314,-11.624940943878556,0.9634454712936006
2046-03-08,2046,Mar,8,67,SSP585,-4.464334004784313,-9.885412663878558,3.1431298768924405
2046-03-09,2046,Mar,9,68,SSP585,-5.089953824784314,-9.281155471878558,2.0713513570123596
2046-03-10,2046,Mar,10,69,SSP585,-6.390022328784314,-9.955604155878557,1.8545871619804457
2046-03-11,2046,Mar,11,70,SSP585,-4.980088880784313,-9.513092575878558,2.3122004626033847
2046-03-12,2046,Mar,12,71,SSP585,-2.4287807367843137,-8.191661443878559,2.9986204135378522
2046-03-13,2046,Mar,13,72,SSP585,-3.1978353447843135,-9.406279435878558,1.1802096663255617
2046-03-14,2046,Mar,14,73,SSP585,-3.5274301767843137,-9.122461663878557,3.564615811676788
2046-03-15,2046,Mar,15,74,SSP585,-3.4999639407843137,-9.037011151878557,2.6493892104308308
2046-03-16,2046,Mar,16,75,SSP585,-3.2527678167843135,-9.104150839878557,2.4205825601193416
2046-03-17,2046,Mar,17,76,SSP585,-3.5457410007843135,-8.145884383878558,1.926841893657724
2046-03-18,2046,Mar,18,77,SSP585,-4.223241488784314,-8.850851107878558,1.5294408694325357
2046-03-19,2046,Mar,19,78,SSP585,-4.546732712784314,-9.168238723878558,1.4692285930347933
2046-03-20,2046,Mar,20,79,SSP585,-3.072711380784314,-9.296414491878558,2.7336863973876766
2046-03-21,2046,Mar,21,80,SSP585,-1.3026650607843138,-8.090951911878559,1.216337032164193
2046-03-22,2046,Mar,22,81,SSP585,-0.3779684487843138,-7.611818683878558,1.2042945768846176
2046-03-23,2046,Mar,23,82,SSP585,-0.6251645727843138,-7.379881579878558,2.7938986737854665
2046-03-24,2046,Mar,24,83,SSP585,-2.239568888784314,-8.106210931878557,1.8305022514213425
2046-03-25,2046,Mar,25,84,SSP585,-2.3280712047843135,-6.345320023878558,4.455757502363586
2046-03-26,2046,Mar,26,85,SSP585,-1.3423385127843137,-5.561006395878557,6.05740405454397
2046-03-27,2046,Mar,27,86,SSP585,-0.5854911207843138,-5.039147911878558,3.7452526408700146
2046-03-28,2046,Mar,28,87,SSP585,-0.46341896078431377,-6.247662295878557,2.4085401048398056
2046-03-29,2046,Mar,29,88,SSP585,0.2659621952156863,-6.394148887878558,2.516922202355763
2046-03-30,2046,Mar,30,89,SSP585,1.3096791632156861,-5.6281460838785575,2.541007112914874
2046-03-31,2046,Mar,31,90,SSP585,2.5792296272156863,-5.7990471078785575,1.1802096663255617
2047-03-01,2047,Mar,1,60,SSP585,-6.649425668784314,-13.315640359878557,2.781856218505891
2047-03-02,2047,Mar,2,61,SSP585,-6.399177740784314,-12.781574659878558,2.2640306414851703
2047-03-03,2047,Mar,3,62,SSP585,-6.747083396784314,-14.847645967878556,1.6619078775075957
2047-03-04,2047,Mar,4,63,SSP585,-7.336081568784314,-13.938208375878556,1.7943748855826642
2047-03-05,2047,Mar,5,64,SSP585,-8.062410920784313,-13.431608911878559,2.179733454528317
2047-03-06,2047,Mar,6,65,SSP585,-6.411384956784314,-12.381788335878557,2.3483278284420632
2047-03-07,2047,Mar,7,66,SSP585,-5.819334980784314,-11.435729095878557,2.4928372917966595
2047-03-08,2047,Mar,8,67,SSP585,-4.656597656784314,-9.558869635878558,2.4085401048398056
2047-03-09,2047,Mar,9,68,SSP585,-4.796980640784314,-9.583284067878559,2.2760730967647453
2047-03-10,2047,Mar,10,69,SSP585,-6.200810480784314,-12.699175951878559,1.9750117147759387
2047-03-11,2047,Mar,11,70,SSP585,-6.426643976784314,-11.740909495878558,1.7341626091849138
2047-03-12,2047,Mar,12,71,SSP585,-4.738996364784314,-9.616853911878557,1.9750117147759387
2047-03-13,2047,Mar,13,72,SSP585,-3.9089056767843138,-9.180445939878558,2.6855165762695092
2047-03-14,2047,Mar,14,73,SSP585,-4.421608748784314,-9.766392307878558,2.203818365087428
2047-03-15,2047,Mar,15,74,SSP585,-4.928208212784313,-9.119409859878559,2.565092023473977
2047-03-16,2047,Mar,16,75,SSP585,-4.668804872784314,-8.356458859878558,2.0472664464532566
2047-03-17,2047,Mar,17,76,SSP585,-3.741056456784314,-9.055321975878558,1.7462050644644496
2047-03-18,2047,Mar,18,77,SSP585,-4.842757700784314,-11.35027858387856,1.6137380563893815
2047-03-19,2047,Mar,19,78,SSP585,-1.9954245687843137,-8.744037967878558,2.0593089017327846
2047-03-20,2047,Mar,20,79,SSP585,-2.7492201567843138,-8.927146207878558,2.3483278284420632
2047-03-21,2047,Mar,21,80,SSP585,-2.1998954367843138,-7.6545439398785575,1.6739503327871712
2047-03-22,2047,Mar,22,81,SSP585,-1.0737797607843138,-7.007561491878557,2.7336863973876766
2047-03-23,2047,Mar,23,82,SSP585,-0.11246150078431372,-7.376829775878558,1.8064173408622395
2047-03-24,2047,Mar,24,83,SSP585,-1.0524171327843137,-8.039071243878558,1.445143682475682
2047-03-25,2047,Mar,25,84,SSP585,-0.8174282247843138,-7.529419975878557,1.6859927880667072
2047-03-26,2047,Mar,26,85,SSP585,0.8244423272156862,-6.827505055878557,3.0949600557742336
2047-03-27,2047,Mar,27,86,SSP585,-0.33829499678431385,-6.601671559878557,1.6980352433462824
2047-03-28,2047,Mar,28,87,SSP585,0.7328882072156861,-6.430770535878558,2.721643942108148
2047-03-29,2047,Mar,29,88,SSP585,0.9434626832156863,-6.482651203878557,2.011139080614617
2047-03-30,2047,Mar,30,89,SSP585,2.0024386712156863,-4.395217267878557,3.0949600557742336
2047-03-31,2047,Mar,31,90,SSP585,2.0604229472156863,-5.225307955878558,3.853634738386019
2048-03-01,2048,Mar,1,61,SSP585,-4.327002824784314,-11.585267491878557,3.0708751452151226
2048-03-02,2048,Mar,2,62,SSP585,-3.7257974367843136,-11.182429363878558,2.4807948365171315
2048-03-03,2048,Mar,3,63,SSP585,-3.4724977047843137,-10.901663395878558,1.9388843489372993
2048-03-04,2048,Mar,4,64,SSP585,-2.1327557487843136,-9.214015783878558,1.252464398002832
2048-03-05,2048,Mar,5,65,SSP585,-2.8072044327843138,-9.867101839878558,2.8420684949036805
2048-03-06,2048,Mar,6,66,SSP585,-3.420617036784314,-10.355390479878558,1.6378229669484925
2048-03-07,2048,Mar,7,67,SSP585,-4.534525496784314,-10.532395111878557,1.5173984141530077
2048-03-08,2048,Mar,8,68,SSP585,-4.098117524784314,-9.204860371878556,1.4812710483143212
2048-03-09,2048,Mar,9,69,SSP585,-5.837645804784314,-10.340131459878558,2.4567099259580205
2048-03-10,2048,Mar,10,70,SSP585,-4.250707724784314,-9.980018587878558,2.360370283721599
2048-03-11,2048,Mar,11,71,SSP585,-3.805144340784314,-10.089883531878558,2.9263656818605264
2048-03-12,2048,Mar,12,72,SSP585,-3.0818667927843135,-9.070580995878558,3.2394695191288694
2048-03-13,2048,Mar,13,73,SSP585,-2.7736345887843137,-9.467315515878557,2.179733454528317
2048-03-14,2048,Mar,14,74,SSP585,-3.570155432784314,-10.562913151878558,0.602171812907048
2048-03-15,2048,Mar,15,75,SSP585,-3.167317304784314,-8.878317343878557,2.119521178130574
2048-03-16,2048,Mar,16,76,SSP585,-3.188679932784314,-9.156031507878557,2.336285373162488
2048-03-17,2048,Mar,17,77,SSP585,-3.3168557007843136,-8.960716051878558,2.2760730967647453
2048-03-18,2048,Mar,18,78,SSP585,-2.587474544784314,-8.829488479878558,1.6619078775075957
2048-03-19,2048,Mar,19,79,SSP585,-3.0940740087843137,-8.792866831878559,1.0236577476913429
2048-03-20,2048,Mar,20,80,SSP585,-2.785841804784314,-8.417494939878559,2.179733454528317
2048-03-21,2048,Mar,21,81,SSP585,-0.21622283678431375,-6.851919487878558,2.2519881862056423
2048-03-22,2048,Mar,22,82,SSP585,-0.03616640078431366,-6.980095255878558,2.336285373162488
2048-03-23,2048,Mar,23,83,SSP585,1.077742059215686,-7.450073071878558,2.6855165762695092
2048-03-24,2048,Mar,24,84,SSP585,-0.24368907278431373,-6.638293207878558,2.215860820366956
2048-03-25,2048,Mar,25,85,SSP585,0.8061315032156864,-5.564058199878557,1.7462050644644496
2048-03-26,2048,Mar,26,86,SSP585,1.480580187215686,-4.520341231878557,2.119521178130574
2048-03-27,2048,Mar,27,87,SSP585,0.38498255121568614,-5.307706663878557,2.974535502978741
2048-03-28,2048,Mar,28,88,SSP585,1.7491389392156862,-5.777684479878557,2.516922202355763
2048-03-29,2048,Mar,29,89,SSP585,3.1071917192156864,-4.901816731878558,1.589653145830278
2048-03-30,2048,Mar,30,90,SSP585,2.9454461072156857,-4.752278335878557,1.7100776986258104
2048-03-31,2048,Mar,31,91,SSP585,3.3879576872156862,-2.9974910358785576,1.6498654222280678
2049-03-01,2049,Mar,1,60,SSP585,-6.390022328784314,-12.680865127878558,2.9865779582582768
2049-03-02,2049,Mar,2,61,SSP585,-3.225301580784314,-10.279095379878559,3.287639340247084
2049-03-03,2049,Mar,3,62,SSP585,-2.709546704784314,-9.958655959878557,2.4205825601193416
2049-03-04,2049,Mar,4,63,SSP585,-4.317847412784314,-10.419478363878557,4.022229112299718
2049-03-05,2049,Mar,5,64,SSP585,-3.972993560784314,-10.379804911878558,2.7938986737854665
2049-03-06,2049,Mar,6,65,SSP585,-1.7756946807843137,-10.779591235878557,1.8545871619804457
2049-03-07,2049,Mar,7,66,SSP585,-2.550852896784314,-10.038002863878557,1.4090163166370036
2049-03-08,2049,Mar,8,67,SSP585,-3.588466256784314,-9.696200815878559,2.203818365087428
2049-03-09,2049,Mar,9,68,SSP585,-3.4389278607843137,-9.970863175878558,2.6855165762695092
2049-03-10,2049,Mar,10,69,SSP585,-4.693219304784313,-11.429625487878557,1.7462050644644496
2049-03-11,2049,Mar,11,70,SSP585,-3.7196938287843135,-10.135660591878558,4.4918848682022245
2049-03-12,2049,Mar,12,71,SSP585,-3.979097168784314,-9.662630971878556,2.300158007323849
2049-03-13,2049,Mar,13,72,SSP585,-3.6556059447843134,-8.945457031878558,2.565092023473977
2049-03-14,2049,Mar,14,73,SSP585,-3.518274764784314,-9.980018587878558,1.6739503327871712
2049-03-15,2049,Mar,15,74,SSP585,-1.9221812727843137,-10.352338675878558,1.8064173408622395
2049-03-16,2049,Mar,16,75,SSP585,-2.062564256784314,-7.416503227878557,2.7577713079467876
2049-03-17,2049,Mar,17,76,SSP585,-2.639355212784314,-7.5355235838785575,3.20334215329023
2049-03-18,2049,Mar,18,77,SSP585,-3.0666077727843137,-8.463271999878557,2.781856218505891
2049-03-19,2049,Mar,19,78,SSP585,-3.5487928047843136,-9.094995427878558,2.4085401048398056
2049-03-20,2049,Mar,20,79,SSP585,-0.8021692047843137,-7.947517123878558,2.011139080614617
2049-03-21,2049,Mar,21,80,SSP585,-1.2446807847843138,-7.459228483878558,1.5535257799916389
2049-03-22,2049,Mar,22,81,SSP585,-2.7766863927843137,-8.341199839878557,2.191775909807892
2049-03-23,2049,Mar,23,82,SSP585,-0.6984078687843137,-7.4226068358785575,3.3478516166448262
2049-03-24,2049,Mar,24,83,SSP585,1.7216727032156862,-6.137797351878557,4.214908396772568
2049-03-25,2049,Mar,25,84,SSP585,2.1397698512156866,-6.778676191878558,2.769813763226363
2049-03-26,2049,Mar,26,85,SSP585,0.5864016152156861,-7.105219219878558,1.8184597961417672
2049-03-27,2049,Mar,27,86,SSP585,1.3157827712156862,-6.296491159878558,3.5164459905585725
2049-03-28,2049,Mar,28,87,SSP585,1.5477198752156862,-6.635241403878558,2.5891769340330884
2049-03-29,2049,Mar,29,88,SSP585,-0.23148185678431377,-6.662707639878558,3.2635544296879724
2049-03-30,2049,Mar,30,89,SSP585,-0.5580248847843138,-6.7878316038785576,1.8907145278190851
2049-03-31,2049,Mar,31,90,SSP585,0.16830446721568615,-6.455184967878558,2.504879747076235
2050-03-01,2050,Mar,1,60,SSP585,-7.735867892784314,-14.295269443878556,2.0833938122918956
2050-03-02,2050,Mar,2,61,SSP585,-8.068514528784313,-15.018546991878559,1.6859927880667072
2050-03-03,2050,Mar,3,62,SSP585,-8.468300852784314,-14.49668850787856,1.1199973899277718
2050-03-04,2050,Mar,4,63,SSP585,-8.022737468784314,-14.13352383187856,1.914799438378196
2050-03-05,2050,Mar,5,64,SSP585,-7.253682860784314,-12.451979827878557,2.372412739001174
2050-03-06,2050,Mar,6,65,SSP585,-5.352408968784314,-10.517136091878559,1.7462050644644496
2050-03-07,2050,Mar,7,66,SSP585,-4.4734894167843136,-10.834523707878557,1.4933135035938967
2050-03-08,2050,Mar,8,67,SSP585,-6.072634712784314,-12.384840139878559,1.57761069055075
2050-03-09,2050,Mar,9,68,SSP585,-5.0472285687843135,-11.295346111878558,1.6257805116689568
2050-03-10,2050,Mar,10,69,SSP585,-3.130695656784314,-10.608690211878557,1.8064173408622395
2050-03-11,2050,Mar,11,70,SSP585,-3.8326105767843135,-10.318768831878558,1.8064173408622395
2050-03-12,2050,Mar,12,71,SSP585,-4.537577300784314,-10.395063931878557,2.3964976495602306
2050-03-13,2050,Mar,13,72,SSP585,-2.953691024784314,-9.781651327878556,3.1431298768924405
2050-03-14,2050,Mar,14,73,SSP585,-3.234456992784314,-9.555817831878556,3.3478516166448262
2050-03-15,2050,Mar,15,74,SSP585,-1.5864828327843137,-7.862066611878558,4.455757502363586
2050-03-16,2050,Mar,16,75,SSP585,-2.877395924784314,-9.229274803878557,2.372412739001174
2050-03-17,2050,Mar,17,76,SSP585,-3.3656845647843134,-9.683993599878558,1.3006342191210465
2050-03-18,2050,Mar,18,77,SSP585,-3.2130943647843138,-8.817281263878558,1.0718275688095573
2050-03-19,2050,Mar,19,78,SSP585,-2.2548279087843137,-8.155039795878558,1.3126766744006217
2050-03-20,2050,Mar,20,79,SSP585,-1.7512802487843138,-7.663699351878558,2.4205825601193416
2050-03-21,2050,Mar,21,80,SSP585,-2.4287807367843137,-8.374769683878558,1.0838700240891326
2050-03-22,2050,Mar,22,81,SSP585,-2.010683588784314,-7.663699351878558,1.57761069055075
2050-03-23,2050,Mar,23,82,SSP585,-2.2731387327843136,-6.983147059878558,3.8054649172678046
2050-03-24,2050,Mar,24,83,SSP585,-1.5681720087843138,-6.891592939878558,4.01018665702019
2050-03-25,2050,Mar,25,84,SSP585,-0.6556826127843137,-6.888541135878558,3.5044035352789975
2050-03-26,2050,Mar,26,85,SSP585,-0.10025428478431375,-6.388045279878558,2.4205825601193416
2050-03-27,2050,Mar,27,86,SSP585,-0.7624957527843138,-5.985207151878558,2.3122004626033847
2050-03-28,2050,Mar,28,87,SSP585,-0.7899619887843138,-6.574205323878558,1.4692285930347933
2050-03-29,2050,Mar,29,88,SSP585,0.33920549121568633,-5.527436551878558,2.4085401048398056
2050-03-30,2050,Mar,30,89,SSP585,0.8610639752156863,-5.286344035878558,1.7702899750235528
2050-03-31,2050,Mar,31,90,SSP585,-0.33219138878431376,-6.336164611878558,1.7221201539053386
2051-03-01,2051,Mar,1,60,SSP585,-8.959641296784314,-15.140619151878557,2.6614316657104062
2051-03-02,2051,Mar,2,61,SSP585,-8.712445172784314,-15.833378659878559,1.7943748855826642
2051-03-03,2051,Mar,3,62,SSP585,-10.000306460784314,-15.567871711878556,1.3969738613574756
2051-03-04,2051,Mar,4,63,SSP585,-8.004426644784314,-14.557724587878557,2.8902383160218954
2051-03-05,2051,Mar,5,64,SSP585,-4.159153604784314,-12.760212031878556,1.9990966253350422
2051-03-06,2051,Mar,6,65,SSP585,-5.199818768784314,-13.321743967878557,0.8791482843367469
2051-03-07,2051,Mar,7,66,SSP585,-4.040133248784314,-11.725650475878556,2.4085401048398056
2051-03-08,2051,Mar,8,67,SSP585,-4.021822424784314,-10.742969587878559,3.119044966333337
2051-03-09,2051,Mar,9,68,SSP585,-2.5600083087843135,-9.735874267878557,2.8902383160218954
2051-03-10,2051,Mar,10,69,SSP585,-1.1134532127843138,-7.846807591878558,2.7938986737854665
2051-03-11,2051,Mar,11,70,SSP585,-2.376900068784314,-9.918982507878557,1.6980352433462824
2051-03-12,2051,Mar,12,71,SSP585,-1.5651202047843138,-9.085840015878556,2.227903275646531
2051-03-13,2051,Mar,13,72,SSP585,-3.579310844784314,-9.336087943878557,2.179733454528317
2051-03-14,2051,Mar,14,73,SSP585,-3.982148972784314,-10.523239699878559,1.240421942723304
2051-03-15,2051,Mar,15,74,SSP585,-4.140842780784314,-8.625017611878558,1.6739503327871712
2051-03-16,2051,Mar,16,75,SSP585,-4.7603589927843135,-10.178385847878559,1.8305022514213425
2051-03-17,2051,Mar,17,76,SSP585,-3.744108260784314,-9.812169367878557,1.9750117147759387
2051-03-18,2051,Mar,18,77,SSP585,-2.114444924784314,-10.215007495878558,3.2274270638493414
2051-03-19,2051,Mar,19,78,SSP585,-2.086978688784314,-9.445952887878558,2.5771344787535133
2051-03-20,2051,Mar,20,79,SSP585,-0.7502885367843137,-9.378813199878557,2.6253042998717198
2051-03-21,2051,Mar,21,80,SSP585,1.4927874032156863,-6.812246035878557,1.926841893657724
2051-03-22,2051,Mar,22,81,SSP585,-0.06058083278431381,-8.664691063878557,2.553049568194449
2051-03-23,2051,Mar,23,82,SSP585,0.464329455215686,-6.925162783878558,4.780903794911456
2051-03-24,2051,Mar,24,83,SSP585,1.6484294072156864,-5.484711295878558,2.769813763226363
2051-03-25,2051,Mar,25,84,SSP585,1.6911546632156862,-6.006569779878557,2.2399457309260673
2051-03-26,2051,Mar,26,85,SSP585,0.29037662721568624,-7.282223851878558,0.5901293576275176
2051-03-27,2051,Mar,27,86,SSP585,0.23239235121568624,-7.010613295878557,1.1681672110459864
2051-03-28,2051,Mar,28,87,SSP585,0.7420436192156863,-7.9993977918785575,1.9388843489372993
2051-03-29,2051,Mar,29,88,SSP585,1.7033618792156864,-7.349363539878557,3.3237667060857232
2051-03-30,2051,Mar,30,89,SSP585,1.4317513232156862,-6.330061003878558,2.2640306414851703
2051-03-31,2051,Mar,31,90,SSP585,1.7888123912156864,-6.171367195878558,2.8059411290649945
2052-03-01,2052,Mar,1,61,SSP585,-8.517129716784314,-14.225077951878557,1.4090163166370036
2052-03-02,2052,Mar,2,62,SSP585,-8.324866064784313,-15.577027123878558,1.445143682475682
2052-03-03,2052,Mar,3,63,SSP585,-6.795912260784314,-15.680788459878556,0.8911907396162827
2052-03-04,2052,Mar,4,64,SSP585,-5.904785492784314,-12.711383167878559,1.5655682352711748
2052-03-05,2052,Mar,5,65,SSP585,-8.388953948784314,-15.445799551878558,1.6257805116689568
2052-03-06,2052,Mar,6,66,SSP585,-6.429695780784314,-14.408186191878556,1.1440823004868752
2052-03-07,2052,Mar,7,67,SSP585,-5.642330348784314,-13.78256637187856,2.119521178130574
2052-03-08,2052,Mar,8,68,SSP585,-5.724729056784314,-13.269863299878558,1.9027569830986208
2052-03-09,2052,Mar,9,69,SSP585,-6.182499656784314,-12.86702517187856,1.926841893657724
2052-03-10,2052,Mar,10,70,SSP585,-5.489740148784314,-11.740909495878558,1.445143682475682
2052-03-11,2052,Mar,11,71,SSP585,-4.592509772784314,-11.420470075878558,1.7462050644644496
2052-03-12,2052,Mar,12,72,SSP585,-3.7929371247843138,-10.581223975878558,2.13156363341011
2052-03-13,2052,Mar,13,73,SSP585,-4.830550484784314,-11.393003839878556,1.3969738613574756
2052-03-14,2052,Mar,14,74,SSP585,-5.172352532784314,-12.107125975878557,1.252464398002832
2052-03-15,2052,Mar,15,75,SSP585,-5.202870572784314,-12.699175951878559,1.3608464955188364
2052-03-16,2052,Mar,16,76,SSP585,-4.232396900784313,-9.940345135878559,2.119521178130574
2052-03-17,2052,Mar,17,77,SSP585,-5.270010260784313,-10.660570879878557,2.0352239911737287
2052-03-18,2052,Mar,18,78,SSP585,-5.422600460784314,-10.700244331878558,1.2885917638415185
2052-03-19,2052,Mar,19,79,SSP585,-2.3891072847843136,-9.384916807878557,1.5655682352711748
2052-03-20,2052,Mar,20,80,SSP585,-2.4226771287843136,-8.075692891878557,2.7457288526672516
2052-03-21,2052,Mar,21,81,SSP585,-3.2710786407843138,-8.707416319878558,1.1561247557664505
2052-03-22,2052,Mar,22,82,SSP585,-2.938432004784314,-8.405287723878558,1.782332430303128
2052-03-23,2052,Mar,23,83,SSP585,-3.216146168784314,-8.704364515878558,0.8309784632185402
2052-03-24,2052,Mar,24,84,SSP585,-0.8906715207843138,-6.1439009598785574,2.781856218505891
2052-03-25,2052,Mar,25,85,SSP585,0.07369854321568625,-5.615938867878558,1.7341626091849138
2052-03-26,2052,Mar,26,86,SSP585,-2.639355212784314,-7.416503227878557,2.6855165762695092
2052-03-27,2052,Mar,27,87,SSP585,-1.0676761527843137,-7.630129507878558,2.0472664464532566
2052-03-28,2052,Mar,28,88,SSP585,-0.1460313447843138,-6.522324655878558,2.300158007323849
2052-03-29,2052,Mar,29,89,SSP585,0.7511990312156864,-6.302594767878558,3.8175073725473325
2052-03-30,2052,Mar,30,90,SSP585,1.9108845512156865,-6.3239573958785575,2.2399457309260673
2052-03-31,2052,Mar,31,91,SSP585,4.214996571215686,-4.6454651958785576,3.468276169440358
2053-03-01,2053,Mar,1,60,SSP585,-6.167240636784314,-14.447859643878559,0.6382991787457306
2053-03-02,2053,Mar,2,61,SSP585,-6.863051948784314,-13.965674611878558,2.541007112914874
2053-03-03,2053,Mar,3,62,SSP585,-5.016710528784314,-11.020683751878558,2.023181535894153
2053-03-04,2053,Mar,4,63,SSP585,-2.379951872784314,-8.609758591878558,2.781856218505891
2053-03-05,2053,Mar,5,64,SSP585,-1.2019555287843138,-8.396132311878556,1.5173984141530077
2053-03-06,2053,Mar,6,65,SSP585,-0.5061442167843138,-8.216075875878557,2.553049568194449
2053-03-07,2053,Mar,7,66,SSP585,-1.7146586007843139,-8.673846475878559,3.191299698010655
2053-03-08,2053,Mar,8,67,SSP585,-1.4369444367843138,-8.960716051878558,2.950450592419638
2053-03-09,2053,Mar,9,68,SSP585,-2.056460648784314,-10.248577339878558,1.8425447067008704
2053-03-10,2053,Mar,10,69,SSP585,-2.205999044784314,-10.028847451878558,1.4331012271961068
2053-03-11,2053,Mar,11,70,SSP585,-3.118488440784314,-9.705356227878557,2.0352239911737287
2053-03-12,2053,Mar,12,71,SSP585,-3.9668899527843138,-11.084771635878557,2.336285373162488
2053-03-13,2053,Mar,13,72,SSP585,-3.817351556784314,-10.294354399878557,1.6137380563893815
2053-03-14,2053,Mar,14,73,SSP585,-3.5915180607843133,-10.477462639878556,1.107954934648236
2053-03-15,2053,Mar,15,74,SSP585,-0.8448944607843137,-8.026864027878558,1.9750117147759387
2053-03-16,2053,Mar,16,75,SSP585,-1.0005364647843138,-7.987190575878557,2.7457288526672516
2053-03-17,2053,Mar,17,76,SSP585,-1.3545457287843137,-7.117426435878557,2.7457288526672516
2053-03-18,2053,Mar,18,77,SSP585,-3.512171156784314,-8.243542111878558,2.0593089017327846
2053-03-19,2053,Mar,19,78,SSP585,-0.01785557678431382,-6.220196059878558,3.01066286881738
2053-03-20,2053,Mar,20,79,SSP585,1.3585080272156864,-5.384001763878558,3.107002511053809
2053-03-21,2053,Mar,21,80,SSP585,1.0991046872156864,-6.299542963878558,3.0467902346560587
2053-03-22,2053,Mar,22,81,SSP585,0.15609725121568618,-6.647448619878558,1.6619078775075957
2053-03-23,2053,Mar,23,82,SSP585,0.26291039121568627,-6.116434723878557,2.2399457309260673
2053-03-24,2053,Mar,24,83,SSP585,1.1937106112156861,-5.576265415878558,1.3367615849597252
2053-03-25,2053,Mar,25,84,SSP585,1.712517291215686,-6.256817707878557,0.9875303818527038
2053-03-26,2053,Mar,26,85,SSP585,2.8111667312156863,-5.673923143878557,1.589653145830278
2053-03-27,2053,Mar,27,86,SSP585,3.366595059215686,-5.722752007878558,1.0116152924118151
2053-03-28,2053,Mar,28,87,SSP585,3.1773832112156857,-5.6281460838785575,2.4205825601193416
2053-03-29,2053,Mar,29,88,SSP585,1.3463008112156862,-5.930274679878558,3.0708751452151226
2053-03-30,2053,Mar,30,89,SSP585,2.0207494952156866,-4.462356955878557,2.2881155520442733
2053-03-31,2053,Mar,31,90,SSP585,2.374758759215686,-4.462356955878557,2.0833938122918956
2054-03-01,2054,Mar,1,60,SSP585,-5.562983444784314,-12.076607935878556,0.7707661868207931
2054-03-02,2054,Mar,2,61,SSP585,-5.0472285687843135,-13.385831851878557,0.8671058290571715
2054-03-03,2054,Mar,3,62,SSP585,-6.225224912784314,-13.608613543878558,1.4090163166370036
2054-03-04,2054,Mar,4,63,SSP585,-4.635235028784313,-11.161066735878556,2.697559031549037
2054-03-05,2054,Mar,5,64,SSP585,-4.842757700784314,-9.900671683878556,1.8064173408622395
2054-03-06,2054,Mar,6,65,SSP585,-4.6443904407843135,-10.150919611878557,3.0588326899355947
2054-03-07,2054,Mar,7,66,SSP585,-3.866180420784314,-10.028847451878558,1.9990966253350422
2054-03-08,2054,Mar,8,67,SSP585,-2.944535612784314,-9.769444111878558,2.372412739001174
2054-03-09,2054,Mar,9,68,SSP585,-3.988252580784314,-11.280087091878556,1.926841893657724
2054-03-10,2054,Mar,10,69,SSP585,-3.7654708887843134,-12.146799427878559,1.3247191296801497
2054-03-11,2054,Mar,11,70,SSP585,-1.4705142807843137,-8.911887187878557,1.2765493085619353
2054-03-12,2054,Mar,12,71,SSP585,-2.4318325407843138,-10.630052839878559,1.9870541700555142
2054-03-13,2054,Mar,13,72,SSP585,-2.639355212784314,-9.839635603878557,1.0838700240891326
2054-03-14,2054,Mar,14,73,SSP585,-3.304648484784314,-10.050210079878557,2.3483278284420632
2054-03-15,2054,Mar,15,74,SSP585,-3.646450532784314,-10.529343307878559,1.6739503327871712
2054-03-16,2054,Mar,16,75,SSP585,-2.1937918287843137,-8.136728971878558,3.660955453913161
2054-03-17,2054,Mar,17,76,SSP585,-1.8886114287843139,-8.615862199878558,3.179257242731127
2054-03-18,2054,Mar,18,77,SSP585,-3.3839953887843137,-9.751133287878558,2.6253042998717198
2054-03-19,2054,Mar,19,78,SSP585,-2.7431165487843137,-8.826436675878558,1.4933135035938967
2054-03-20,2054,Mar,20,79,SSP585,-1.3606493367843138,-8.628069415878556,2.504879747076235
2054-03-21,2054,Mar,21,80,SSP585,-0.7258741047843138,-7.846807591878558,2.673474120989934
2054-03-22,2054,Mar,22,81,SSP585,1.1418299432156862,-5.622042475878558,1.8064173408622395
2054-03-23,2054,Mar,23,82,SSP585,2.4815718992156857,-5.185634503878558,0.8791482843367469
2054-03-24,2054,Mar,24,83,SSP585,1.941402591215686,-5.4511414518785575,1.457186137755218
2054-03-25,2054,Mar,25,84,SSP585,1.6484294072156864,-4.184642791878558,2.565092023473977
2054-03-26,2054,Mar,26,85,SSP585,1.9597134152156863,-3.971016511878558,1.6016956011098535
2054-03-27,2054,Mar,27,86,SSP585,2.280152835215686,-3.763493839878558,1.7341626091849138
2054-03-28,2054,Mar,28,87,SSP585,1.3890260672156864,-5.063562343878558,2.1436060886896855
2054-03-29,2054,Mar,29,88,SSP585,1.8162786272156863,-4.2365234598785575,2.6855165762695092
2054-03-30,2054,Mar,30,89,SSP585,2.222168559215686,-3.7695974478785574,3.648912998633633
2054-03-31,2054,Mar,31,90,SSP585,1.654533015215686,-7.044183139878558,1.6257805116689568
2055-03-01,2055,Mar,1,60,SSP585,-3.643398728784314,-10.236370123878558,1.047742658250454
2055-03-02,2055,Mar,2,61,SSP585,-4.0675994847843135,-10.932181435878558,1.6378229669484925
2055-03-03,2055,Mar,3,62,SSP585,-5.273062064784313,-12.067452523878558,2.516922202355763
2055-03-04,2055,Mar,4,63,SSP585,-4.537577300784314,-11.402159251878558,0.9995728371322792
2055-03-05,2055,Mar,5,64,SSP585,-5.602656896784314,-13.355313811878556,1.8305022514213425
2055-03-06,2055,Mar,6,65,SSP585,-4.9343118207843135,-11.612733727878556,1.0357002029709181
2055-03-07,2055,Mar,7,66,SSP585,-5.630123132784314,-13.587250915878556,1.7582475197440248
2055-03-08,2055,Mar,8,67,SSP585,-4.446023180784314,-12.586259203878559,1.3126766744006217
2055-03-09,2055,Mar,9,68,SSP585,-3.6769685727843138,-12.262767979878557,1.0116152924118151
2055-03-10,2055,Mar,10,69,SSP585,-3.976045364784314,-10.709399743878556,2.203818365087428
2055-03-11,2055,Mar,11,70,SSP585,-3.741056456784314,-9.250637431878559,1.5535257799916389
2055-03-12,2055,Mar,12,71,SSP585,-2.7919454127843135,-10.132608787878556,1.1922521216050896
2055-03-13,2055,Mar,13,72,SSP585,-3.1795245207843137,-10.514084287878557,2.528964657635338
2055-03-14,2055,Mar,14,73,SSP585,-1.0798833687843137,-8.289319171878557,2.9624930476991658
2055-03-15,2055,Mar,15,74,SSP585,-3.072711380784314,-8.280163759878558,2.6493892104308308
2055-03-16,2055,Mar,16,75,SSP585,-3.051348752784314,-8.393080507878558,4.238993307331672
2055-03-17,2055,Mar,17,76,SSP585,-3.350425544784314,-9.027855739878557,1.5053559588734244
2055-03-18,2055,Mar,18,77,SSP585,-3.3565291527843137,-10.184489455878557,2.1436060886896855
2055-03-19,2055,Mar,19,78,SSP585,-2.990312672784314,-9.293362687878558,2.528964657635338
2055-03-20,2055,Mar,20,79,SSP585,-1.9313366847843136,-9.113306251878559,1.3367615849597252
2055-03-21,2055,Mar,21,80,SSP585,-2.2151544567843136,-8.271008347878558,2.0352239911737287
2055-03-22,2055,Mar,22,81,SSP585,-1.6688815407843138,-7.099115611878558,1.2283794874437288
2055-03-23,2055,Mar,23,82,SSP585,0.16220085921568628,-4.914023947878558,2.866153405462784
2055-03-24,2055,Mar,24,83,SSP585,1.5873933272156864,-6.433822339878558,1.6498654222280678
2055-03-25,2055,Mar,25,84,SSP585,2.0115940832156864,-5.5121775318785575,1.1320398452073472
2055-03-26,2055,Mar,26,85,SSP585,3.027844815215686,-5.579317219878558,1.3969738613574756
2055-03-27,2055,Mar,27,86,SSP585,3.134657955215686,-5.533540159878558,1.252464398002832
2055-03-28,2055,Mar,28,87,SSP585,0.47958847521568626,-6.909903763878558,2.8179835843445695
2055-03-29,2055,Mar,29,88,SSP585,0.2507031752156863,-7.3066382838785575,2.866153405462784
2055-03-30,2055,Mar,30,89,SSP585,2.7684414752156856,-6.2598695118785574,2.6855165762695092
2055-03-31,2055,Mar,31,90,SSP585,3.769433187215686,-5.655612319878557,2.0833938122918956
2056-03-01,2056,Mar,1,61,SSP585,-7.110248072784314,-13.596406327878558,1.6980352433462824
2056-03-02,2056,Mar,2,62,SSP585,-5.501947364784313,-13.977881827878559,2.1074787228509986
2056-03-03,2056,Mar,3,63,SSP585,-4.403297924784313,-12.381788335878557,3.0949600557742336
2056-03-04,2056,Mar,4,64,SSP585,-5.178456140784314,-12.287182411878558,2.2760730967647453
2056-03-05,2056,Mar,5,65,SSP585,-6.399177740784314,-12.656450695878558,1.6619078775075957
2056-03-06,2056,Mar,6,66,SSP585,-6.414436760784314,-12.381788335878557,2.300158007323849
2056-03-07,2056,Mar,7,67,SSP585,-7.116351680784314,-13.926001159878556,1.7100776986258104
2056-03-08,2056,Mar,8,68,SSP585,-6.856948340784314,-13.21187902387856,2.119521178130574
2056-03-09,2056,Mar,9,69,SSP585,-3.988252580784314,-10.846730923878557,1.5294408694325357
2056-03-10,2056,Mar,10,70,SSP585,-2.6607178407843137,-10.895559787878558,0.8068935526594291
2056-03-11,2056,Mar,11,71,SSP585,-1.7238140127843138,-10.477462639878556,1.0357002029709181
2056-03-12,2056,Mar,12,72,SSP585,-0.9547594047843138,-7.776616099878558,2.87819586074232
2056-03-13,2056,Mar,13,73,SSP585,-1.3759083567843138,-9.201808567878558,2.2519881862056423
2056-03-14,2056,Mar,14,74,SSP585,-2.7400647447843136,-8.652483847878557,2.468752381237548
2056-03-15,2056,Mar,15,75,SSP585,-2.4501433647843136,-8.982078679878558,2.6012193893126163
2056-03-16,2056,Mar,16,76,SSP585,-2.1968436327843137,-9.360502375878557,2.3122004626033847
2056-03-17,2056,Mar,17,77,SSP585,-2.7187021167843137,-10.861989943878559,1.2645068532824075
2056-03-18,2056,Mar,18,78,SSP585,-1.1042978007843138,-9.586335871878557,1.8064173408622395
2056-03-19,2056,Mar,19,79,SSP585,0.9098928392156862,-7.459228483878558,1.782332430303128
2056-03-20,2056,Mar,20,80,SSP585,0.32699827521568614,-7.257809419878558,3.275596884967509
2056-03-21,2056,Mar,21,81,SSP585,0.09811297521568618,-8.011605007878558,2.7577713079467876
2056-03-22,2056,Mar,22,82,SSP585,1.3005237512156864,-5.863134991878558,1.914799438378196
2056-03-23,2056,Mar,23,83,SSP585,1.2577984952156862,-6.406356103878558,3.0467902346560587
2056-03-24,2056,Mar,24,84,SSP585,2.106200007215686,-6.305646571878558,3.4321488036016796
2056-03-25,2056,Mar,25,85,SSP585,2.228272167215686,-5.176479091878558,3.420106348322144
2056-03-26,2056,Mar,26,86,SSP585,0.13778642721568635,-7.291379263878557,2.1436060886896855
2056-03-27,2056,Mar,27,87,SSP585,-0.2711553087843137,-8.060433871878558,0.710553910423005
2056-03-28,2056,Mar,28,88,SSP585,2.0787337712156866,-6.1500045678785575,2.468752381237548
2056-03-29,2056,Mar,29,89,SSP585,1.7308281152156864,-5.618990671878558,0.8550633737776435
2056-03-30,2056,Mar,30,90,SSP585,3.546651495215686,-3.415588183878558,3.0227053240969552
2056-03-31,2056,Mar,31,91,SSP585,5.225143695215686,-3.589541011878558,3.2394695191288694
2057-03-01,2057,Mar,1,60,SSP585,-4.861068524784314,-11.646303571878558,3.877719648945122
2057-03-02,2057,Mar,2,61,SSP585,-5.297476496784314,-14.106057595878557,2.0713513570123596
2057-03-03,2057,Mar,3,62,SSP585,-5.566035248784314,-12.320752255878556,1.9388843489372993
2057-03-04,2057,Mar,4,63,SSP585,-4.555888124784314,-10.804005667878558,1.914799438378196
2057-03-05,2057,Mar,5,64,SSP585,-5.843749412784314,-11.075616223878558,2.697559031549037
2057-03-06,2057,Mar,6,65,SSP585,-6.536508920784314,-11.896551499878559,1.1922521216050896
2057-03-07,2057,Mar,7,66,SSP585,-5.3371499487843135,-11.283138895878558,2.1074787228509986
2057-03-08,2057,Mar,8,67,SSP585,-4.772566208784314,-11.12444508787856,1.926841893657724
2057-03-09,2057,Mar,9,68,SSP585,-3.4145134287843137,-10.581223975878558,2.4928372917966595
2057-03-10,2057,Mar,10,69,SSP585,-4.803084248784314,-12.220042723878557,2.0713513570123596
2057-03-11,2057,Mar,11,70,SSP585,-4.3544690607843135,-11.151911323878558,1.9870541700555142
2057-03-12,2057,Mar,12,71,SSP585,-4.717633736784314,-11.386900231878556,1.7582475197440248
2057-03-13,2057,Mar,13,72,SSP585,-5.270010260784313,-12.097970563878558,1.457186137755218
2057-03-14,2057,Mar,14,73,SSP585,-4.607768792784314,-11.240413639878557,0.6744265445843673
2057-03-15,2057,Mar,15,74,SSP585,-3.4999639407843137,-9.403227631878558,2.191775909807892
2057-03-16,2057,Mar,16,75,SSP585,-3.118488440784314,-9.821324779878559,2.227903275646531
2057-03-17,2057,Mar,17,76,SSP585,-2.9781054567843137,-10.208903887878558,1.0236577476913429
2057-03-18,2057,Mar,18,77,SSP585,-3.4663940967843136,-9.592439479878557,2.011139080614617
2057-03-19,2057,Mar,19,78,SSP585,-3.753263672784314,-10.019692039878556,1.5053559588734244
2057-03-20,2057,Mar,20,79,SSP585,-2.898758552784314,-10.077676315878557,1.6137380563893815
2057-03-21,2057,Mar,21,80,SSP585,0.03402509121568631,-6.928214587878558,2.2519881862056423
2057-03-22,2057,Mar,22,81,SSP585,-0.48172978478431383,-7.965827947878558,1.9027569830986208
2057-03-23,2057,Mar,23,82,SSP585,-1.3575975327843137,-8.097055519878559,2.372412739001174
2057-03-24,2057,Mar,24,83,SSP585,-1.7543320527843138,-7.440917659878558,2.9865779582582768
2057-03-25,2057,Mar,25,84,SSP585,-0.20706742478431384,-6.7847797998785575,3.2515119744083973
2057-03-26,2057,Mar,26,85,SSP585,2.042112123215686,-6.043191427878558,2.516922202355763
2057-03-27,2057,Mar,27,86,SSP585,2.7775968872156858,-5.228359759878558,1.4331012271961068
2057-03-28,2057,Mar,28,87,SSP585,2.902720851215686,-5.091028579878557,2.866153405462784
2057-03-29,2057,Mar,29,88,SSP585,3.656516439215686,-4.041208003878557,3.2394695191288694
2057-03-30,2057,Mar,30,89,SSP585,4.184478531215686,-3.6719397198785577,2.4928372917966595
2057-03-31,2057,Mar,31,90,SSP585,3.665671851215686,-3.967964707878558,1.8305022514213425
2058-03-01,2058,Mar,1,60,SSP585,-5.779661528784314,-11.035942771878556,2.372412739001174
2058-03-02,2058,Mar,2,61,SSP585,-3.853973204784314,-9.940345135878559,3.793422461988229
2058-03-03,2058,Mar,3,62,SSP585,-5.129627276784314,-9.314725315878558,3.88976210422465
2058-03-04,2058,Mar,4,63,SSP585,-6.917984420784314,-11.264828071878558,2.119521178130574
2058-03-05,2058,Mar,5,64,SSP585,-7.854888248784314,-12.662554303878558,2.0954362675714706
2058-03-06,2058,Mar,6,65,SSP585,-5.999391416784314,-12.101022367878556,2.504879747076235
2058-03-07,2058,Mar,7,66,SSP585,-1.5620684007843137,-9.098047231878557,2.468752381237548
2058-03-08,2058,Mar,8,67,SSP585,-1.9038704487843137,-9.037011151878557,2.673474120989934
2058-03-09,2058,Mar,9,68,SSP585,-5.837645804784314,-10.849782727878559,3.1431298768924405
2058-03-10,2058,Mar,10,69,SSP585,-6.341193464784314,-11.496765175878558,0.9754879265731758
2058-03-11,2058,Mar,11,70,SSP585,-4.821395072784314,-10.999321123878559,1.3608464955188364
2058-03-12,2058,Mar,12,71,SSP585,-2.148014768784314,-9.012596719878559,2.0833938122918956
2058-03-13,2058,Mar,13,72,SSP585,-3.7929371247843138,-10.269939967878557,2.7336863973876766
2058-03-14,2058,Mar,14,73,SSP585,-4.317847412784314,-11.087823439878559,1.5655682352711748
2058-03-15,2058,Mar,15,74,SSP585,-3.8997502647843136,-10.520187895878557,2.914323226580951
2058-03-16,2058,Mar,16,75,SSP585,-2.001528176784314,-9.397124023878558,1.457186137755218
2058-03-17,2058,Mar,17,76,SSP585,-2.187688220784314,-7.691165587878558,2.528964657635338
2058-03-18,2058,Mar,18,77,SSP585,-1.6108972647843138,-8.274060151878558,2.87819586074232
2058-03-19,2058,Mar,19,78,SSP585,-1.4766178887843138,-8.170298815878557,1.5173984141530077
2058-03-20,2058,Mar,20,79,SSP585,-0.8601534807843138,-6.595567951878557,2.360370283721599
2058-03-21,2058,Mar,21,80,SSP585,-0.4786779807843138,-6.558946303878558,3.034747779376483
2058-03-22,2058,Mar,22,81,SSP585,-1.9832173527843138,-7.993294183878557,2.6493892104308308
2058-03-23,2058,Mar,23,82,SSP585,-1.2172145487843138,-5.588472631878558,2.4085401048398056
2058-03-24,2058,Mar,24,83,SSP585,-1.8184199367843137,-7.898688259878558,3.01066286881738
2058-03-25,2058,Mar,25,84,SSP585,-3.478601312784314,-7.907843671878558,1.3849314060778923
2058-03-26,2058,Mar,26,85,SSP585,-3.5915180607843133,-6.778676191878558,1.9027569830986208
2058-03-27,2058,Mar,27,86,SSP585,-3.420617036784314,-8.072641087878559,2.215860820366956
2058-03-28,2058,Mar,28,87,SSP585,-1.0188472887843139,-6.104227507878558,1.7341626091849138
2058-03-29,2058,Mar,29,88,SSP585,-0.4512117447843138,-4.917075751878558,2.950450592419638
2058-03-30,2058,Mar,30,89,SSP585,-1.5773274207843138,-6.427718731878558,0.8550633737776435
2058-03-31,2058,Mar,31,90,SSP585,0.4887438872156864,-5.676974947878557,0.9032331948958581
2059-03-01,2059,Mar,1,60,SSP585,-4.882431152784314,-10.898611591878558,3.2515119744083973
2059-03-02,2059,Mar,2,61,SSP585,-4.442971376784314,-12.903646819878556,1.216337032164193
2059-03-03,2059,Mar,3,62,SSP585,-4.970933468784314,-10.077676315878557,2.1436060886896855
2059-03-04,2059,Mar,4,63,SSP585,-4.427712356784314,-8.722675339878558,2.3844551942807026
2059-03-05,2059,Mar,5,64,SSP585,-3.225301580784314,-8.609758591878558,2.023181535894153
2059-03-06,2059,Mar,6,65,SSP585,-7.516138004784314,-12.375684727878557,1.3849314060778923
2059-03-07,2059,Mar,7,66,SSP585,-7.207905800784314,-12.250560763878557,1.57761069055075
2059-03-08,2059,Mar,8,67,SSP585,-8.596476620784314,-12.781574659878558,2.1074787228509986
2059-03-09,2059,Mar,9,68,SSP585,-8.520181520784314,-12.05829711187856,1.4692285930347933
2059-03-10,2059,Mar,10,69,SSP585,-6.319830836784314,-11.924017735878557,1.6859927880667072
2059-03-11,2059,Mar,11,70,SSP585,-5.993287808784314,-11.145807715878558,1.1561247557664505
2059-03-12,2059,Mar,12,71,SSP585,-4.327002824784314,-9.803013955878559,1.1561247557664505
2059-03-13,2059,Mar,13,72,SSP585,-2.2243098687843137,-8.683001887878557,2.4567099259580205
2059-03-14,2059,Mar,14,73,SSP585,-3.3748399767843136,-8.954612443878558,1.348804040239261
2059-03-15,2059,Mar,15,74,SSP585,-4.027926032784314,-8.167247011878558,2.432625015398917
2059-03-16,2059,Mar,16,75,SSP585,-4.168309016784314,-8.750141575878558,1.7702899750235528
2059-03-17,2059,Mar,17,76,SSP585,-4.3575208647843136,-8.774556007878559,3.492361079999462
2059-03-18,2059,Mar,18,77,SSP585,-4.684063892784314,-8.072641087878559,3.01066286881738
2059-03-19,2059,Mar,19,78,SSP585,-4.1835680367843135,-9.217067587878557,1.57761069055075
2059-03-20,2059,Mar,20,79,SSP585,-2.822463452784314,-8.026864027878558,1.6619078775075957
2059-03-21,2059,Mar,21,80,SSP585,-1.9618547247843137,-6.098123899878558,2.2881155520442733
2059-03-22,2059,Mar,22,81,SSP585,-1.9954245687843137,-6.882437527878558,2.0713513570123596
2059-03-23,2059,Mar,23,82,SSP585,-2.648510624784314,-6.482651203878557,2.3964976495602306
2059-03-24,2059,Mar,24,83,SSP585,-0.9517076007843137,-5.792943499878557,3.034747779376483
2059-03-25,2059,Mar,25,84,SSP585,0.09200936721568631,-5.762425459878558,1.4692285930347933
2059-03-26,2059,Mar,26,85,SSP585,-0.9517076007843137,-6.354475435878557,1.6257805116689568
2059-03-27,2059,Mar,27,86,SSP585,0.3941379632156863,-5.408416195878558,3.552573356397212
2059-03-28,2059,Mar,28,87,SSP585,0.5925052232156862,-4.849936063878557,2.7577713079467876
2059-03-29,2059,Mar,29,88,SSP585,0.49179569121568645,-5.344328311878558,1.4210587719165788
2059-03-30,2059,Mar,30,89,SSP585,1.0807938632156862,-4.834677043878558,1.8545871619804457
2059-03-31,2059,Mar,31,90,SSP585,2.0787337712156866,-4.7583819438785575,1.8666296172599819
2060-03-01,2060,Mar,1,61,SSP585,-7.037004776784314,-11.023735555878556,2.528964657635338
2060-03-02,2060,Mar,2,62,SSP585,-6.3259344447843135,-10.828420099878556,1.782332430303128
2060-03-03,2060,Mar,3,63,SSP585,-5.120471864784314,-11.12444508787856,1.5173984141530077
2060-03-04,2060,Mar,4,64,SSP585,-3.6067770807843136,-8.567033335878557,3.588700722235843
2060-03-05,2060,Mar,5,65,SSP585,-3.216146168784314,-8.466323803878558,2.721643942108148
2060-03-06,2060,Mar,6,66,SSP585,-4.937363624784314,-10.007484823878558,3.0708751452151226
2060-03-07,2060,Mar,7,67,SSP585,-5.498895560784314,-12.210887311878558,1.8666296172599819
2060-03-08,2060,Mar,8,68,SSP585,-4.650494048784314,-11.722598671878558,2.372412739001174
2060-03-09,2060,Mar,9,69,SSP585,-3.741056456784314,-11.58221568787856,2.3242429178829602
2060-03-10,2060,Mar,10,70,SSP585,-4.906845584784314,-12.458083435878557,1.914799438378196
2060-03-11,2060,Mar,11,71,SSP585,-5.117420060784314,-10.910818807878558,1.926841893657724
2060-03-12,2060,Mar,12,72,SSP585,-3.814299752784314,-9.775547719878558,1.6859927880667072
2060-03-13,2060,Mar,13,73,SSP585,-2.4867650127843137,-9.967811371878557,1.9509268042168275
2060-03-14,2060,Mar,14,74,SSP585,-4.131687368784314,-11.057305399878558,2.3844551942807026
2060-03-15,2060,Mar,15,75,SSP585,-4.870223936784313,-9.110254447878557,3.1551723321720155
2060-03-16,2060,Mar,16,76,SSP585,-4.681012088784314,-9.906775291878557,1.3608464955188364
2060-03-17,2060,Mar,17,77,SSP585,-3.0666077727843137,-9.223171195878557,2.1074787228509986
2060-03-18,2060,Mar,18,78,SSP585,-3.045245144784314,-8.011605007878558,2.4807948365171315
2060-03-19,2060,Mar,19,79,SSP585,-2.6576660367843137,-8.368666075878558,2.119521178130574
2060-03-20,2060,Mar,20,80,SSP585,-2.126652140784314,-7.920050887878558,2.8059411290649945
2060-03-21,2060,Mar,21,81,SSP585,-1.3179240807843138,-7.776616099878558,1.0236577476913429
2060-03-22,2060,Mar,22,82,SSP585,-1.8977668407843138,-7.407347815878557,3.4321488036016796
2060-03-23,2060,Mar,23,83,SSP585,-1.3057168647843138,-7.410399619878557,1.8064173408622395
2060-03-24,2060,Mar,24,84,SSP585,-0.2558962887843137,-7.096063807878558,2.3242429178829602
2060-03-25,2060,Mar,25,85,SSP585,2.100096399215686,-6.333112807878558,2.3964976495602306
2060-03-26,2060,Mar,26,86,SSP585,3.091932699215686,-6.128641939878557,1.9750117147759387
2060-03-27,2060,Mar,27,87,SSP585,3.534444279215686,-5.130702031878558,3.974059291181504
2060-03-28,2060,Mar,28,88,SSP585,2.615851275215686,-4.9872672438785575,3.191299698010655
2060-03-29,2060,Mar,29,89,SSP585,0.8763229952156861,-5.789891695878557,2.0593089017327846
2060-03-30,2060,Mar,30,90,SSP585,1.7003100752156863,-5.738011027878558,2.4807948365171315
2060-03-31,2060,Mar,31,91,SSP585,3.030896619215686,-4.834677043878558,2.541007112914874
2061-03-01,2061,Mar,1,60,SSP585,-4.430764160784314,-9.665682775878558,1.6137380563893815
2061-03-02,2061,Mar,2,61,SSP585,-4.6993229127843135,-9.058373779878558,3.0708751452151226
2061-03-03,2061,Mar,3,62,SSP585,-4.543680908784314,-10.160075023878559,2.8179835843445695
2061-03-04,2061,Mar,4,63,SSP585,-6.3839187207843135,-11.185481167878557,2.360370283721599
2061-03-05,2061,Mar,5,64,SSP585,-6.020754044784314,-12.836507131878559,2.6493892104308308
2061-03-06,2061,Mar,6,65,SSP585,-3.100177616784314,-9.961707763878557,2.2519881862056423
2061-03-07,2061,Mar,7,66,SSP585,-1.7451766407843137,-8.673846475878559,1.4933135035938967
2061-03-08,2061,Mar,8,67,SSP585,-3.853973204784314,-9.272000059878557,2.13156363341011
2061-03-09,2061,Mar,9,68,SSP585,-4.0035116007843135,-9.763340503878558,2.950450592419638
2061-03-10,2061,Mar,10,69,SSP585,-2.1083413167843137,-9.040062955878557,3.082917600494698
2061-03-11,2061,Mar,11,70,SSP585,-1.8245235447843138,-8.481582823878558,1.9990966253350422
2061-03-12,2061,Mar,12,71,SSP585,-1.3392867087843139,-7.437865855878558,0.9634454712936006
2061-03-13,2061,Mar,13,72,SSP585,0.7450954232156863,-6.137797351878557,2.300158007323849
2061-03-14,2061,Mar,14,73,SSP585,1.7888123912156864,-5.176479091878558,2.2881155520442733
2061-03-15,2061,Mar,15,74,SSP585,0.29953203921568616,-6.128641939878557,2.0713513570123596
2061-03-16,2061,Mar,16,75,SSP585,0.9434626832156863,-6.464340379878557,1.1440823004868752
2061-03-17,2061,Mar,17,76,SSP585,2.396121387215686,-5.310758467878557,2.179733454528317
2061-03-18,2061,Mar,18,77,SSP585,2.151977067215686,-4.709553079878558,2.9624930476991658
2061-03-19,2061,Mar,19,78,SSP585,1.7521907432156862,-4.553911075878558,3.6127856327949543
2061-03-20,2061,Mar,20,79,SSP585,1.7888123912156864,-5.988258955878558,2.023181535894153
2061-03-21,2061,Mar,21,80,SSP585,1.4409067352156864,-5.6830785558785575,2.227903275646531
2061-03-22,2061,Mar,22,81,SSP585,0.23239235121568624,-5.576265415878558,1.7100776986258104
2061-03-23,2061,Mar,23,82,SSP585,1.1815033952156864,-4.648516999878558,2.300158007323849
2061-03-24,2061,Mar,24,83,SSP585,0.7634062472156862,-5.4511414518785575,3.468276169440358
2061-03-25,2061,Mar,25,84,SSP585,2.966808735215686,-3.5986964238785575,3.2394695191288694
2061-03-26,2061,Mar,26,85,SSP585,1.743035331215686,-4.782796375878558,2.1556485439692135
2061-03-27,2061,Mar,27,86,SSP585,1.9505580032156862,-3.797063683878558,2.0833938122918956
2061-03-28,2061,Mar,28,87,SSP585,3.958645035215686,-3.851996155878558,2.7336863973876766
2061-03-29,2061,Mar,29,88,SSP585,3.775536795215686,-4.254834283878558,2.528964657635338
2061-03-30,2061,Mar,30,89,SSP585,2.6555247272156857,-4.675983235878558,1.1440823004868752
2061-03-31,2061,Mar,31,90,SSP585,2.844736575215686,-5.225307955878558,1.7221201539053386
2062-03-01,2062,Mar,1,60,SSP585,-7.134662504784314,-11.747013103878558,3.034747779376483
2062-03-02,2062,Mar,2,61,SSP585,-7.247579252784314,-11.072564419878557,2.1074787228509986
2062-03-03,2062,Mar,3,62,SSP585,-8.880294392784313,-13.230189847878556,1.8786720725395099
2062-03-04,2062,Mar,4,63,SSP585,-7.012590344784314,-13.590302719878558,1.2765493085619353
2062-03-05,2062,Mar,5,64,SSP585,-6.216069500784314,-13.514007619878559,1.1440823004868752
2062-03-06,2062,Mar,6,65,SSP585,-5.495843756784314,-11.142755911878556,1.4933135035938967
2062-03-07,2062,Mar,7,66,SSP585,-3.7257974367843136,-10.596482995878556,1.2645068532824075
2062-03-08,2062,Mar,8,67,SSP585,-3.2405606007843137,-9.217067587878557,1.8184597961417672
2062-03-09,2062,Mar,9,68,SSP585,-3.6525541407843134,-9.543610615878558,1.4933135035938967
2062-03-10,2062,Mar,10,69,SSP585,-5.245595828784314,-10.810109275878558,3.5284884458381005
2062-03-11,2062,Mar,11,70,SSP585,-4.510111064784314,-9.989173999878558,2.3242429178829602
2062-03-12,2062,Mar,12,71,SSP585,-3.2039389527843136,-8.084848303878559,2.203818365087428
2062-03-13,2062,Mar,13,72,SSP585,-3.451135076784314,-8.667742867878559,1.9750117147759387
2062-03-14,2062,Mar,14,73,SSP585,-4.140842780784314,-9.616853911878557,2.0593089017327846
2062-03-15,2062,Mar,15,74,SSP585,-3.341270132784314,-10.089883531878558,1.6980352433462824
2062-03-16,2062,Mar,16,75,SSP585,-1.1378676447843137,-8.457168391878557,2.119521178130574
2062-03-17,2062,Mar,17,76,SSP585,-1.8672488007843138,-10.199748475878557,1.4933135035938967
2062-03-18,2062,Mar,18,77,SSP585,-2.5050758367843136,-10.532395111878557,1.7100776986258104
2062-03-19,2062,Mar,19,78,SSP585,-2.0473052367843136,-8.628069415878556,2.9384081371400623
2062-03-20,2062,Mar,20,79,SSP585,-1.6932959727843138,-7.022820511878558,2.9263656818605264
2062-03-21,2062,Mar,21,80,SSP585,-1.9526993127843137,-7.849859395878558,1.5414833247120636
2062-03-22,2062,Mar,22,81,SSP585,-1.0341063087843136,-7.773564295878558,1.3969738613574756
2062-03-23,2062,Mar,23,82,SSP585,-0.2558962887843137,-6.806142427878558,1.252464398002832
2062-03-24,2062,Mar,24,83,SSP585,0.9892397432156861,-5.966896327878558,0.4215349837137717
2062-03-25,2062,Mar,25,84,SSP585,-0.06973624478431373,-7.450073071878558,0.5178746259501975
2062-03-26,2062,Mar,26,85,SSP585,0.4246560032156863,-6.461288575878558,1.8425447067008704
2062-03-27,2062,Mar,27,86,SSP585,0.5162101232156864,-6.522324655878558,1.7943748855826642
2062-03-28,2062,Mar,28,87,SSP585,-0.14908314878431383,-7.462280287878557,1.9750117147759387
2062-03-29,2062,Mar,29,88,SSP585,0.9129446432156862,-8.054330263878558,2.528964657635338
2062-03-30,2062,Mar,30,89,SSP585,3.1163471312156856,-6.345320023878558,1.2885917638415185
2062-03-31,2062,Mar,31,90,SSP585,3.659568243215686,-5.011681675878558,2.6373467551512952
2063-03-01,2063,Mar,1,60,SSP585,-7.082781836784314,-14.435652427878559,0.8068935526594291
2063-03-02,2063,Mar,2,61,SSP585,-5.117420060784314,-13.492644991878556,1.9750117147759387
2063-03-03,2063,Mar,3,62,SSP585,-5.639278544784314,-13.742892919878557,0.6503416340252608
2063-03-04,2063,Mar,4,63,SSP585,-5.1052128447843135,-12.802937287878557,3.62482808807453
2063-03-05,2063,Mar,5,64,SSP585,-6.158085224784314,-13.159998355878557,1.5294408694325357
2063-03-06,2063,Mar,6,65,SSP585,-5.361564380784314,-13.037926195878558,1.216337032164193
2063-03-07,2063,Mar,7,66,SSP585,-4.360572668784314,-12.336011275878558,1.5053559588734244
2063-03-08,2063,Mar,8,67,SSP585,-2.7156503127843137,-11.270931679878558,0.9514030160140725
2063-03-09,2063,Mar,9,68,SSP585,-2.032046216784314,-8.008553203878558,2.673474120989934
2063-03-10,2063,Mar,10,69,SSP585,-2.584422740784314,-8.597551375878558,4.070398933417933
2063-03-11,2063,Mar,11,70,SSP585,-3.0299861247843136,-10.086831727878558,2.13156363341011
2063-03-12,2063,Mar,12,71,SSP585,-2.578319132784314,-10.504928875878559,2.336285373162488
2063-03-13,2063,Mar,13,72,SSP585,-2.898758552784314,-10.437789187878558,2.6012193893126163
2063-03-14,2063,Mar,14,73,SSP585,-2.242620692784314,-9.076684603878558,2.011139080614617
2063-03-15,2063,Mar,15,74,SSP585,-1.5864828327843137,-9.412383043878558,1.4331012271961068
2063-03-16,2063,Mar,16,75,SSP585,-0.24063726878431368,-8.536515295878559,2.023181535894153
2063-03-17,2063,Mar,17,76,SSP585,1.074690255215686,-8.386976899878558,1.3849314060778923
2063-03-18,2063,Mar,18,77,SSP585,-0.9639148167843138,-8.472427411878558,0.7466812762616867
2063-03-19,2063,Mar,19,78,SSP585,-0.2711553087843137,-6.873282115878558,1.3126766744006217
2063-03-20,2063,Mar,20,79,SSP585,1.0136541752156865,-6.9038001558785576,3.721167730310951
2063-03-21,2063,Mar,21,80,SSP585,2.1428216552156867,-7.404296011878557,3.62482808807453
2063-03-22,2063,Mar,22,81,SSP585,1.9627652192156864,-6.9617844318785576,3.6729979091927443
2063-03-23,2063,Mar,23,82,SSP585,2.1977541272156866,-5.820409735878558,1.6619078775075957
2063-03-24,2063,Mar,24,83,SSP585,2.573126019215686,-5.213100739878557,1.3849314060778923
2063-03-25,2063,Mar,25,84,SSP585,1.6484294072156864,-5.692233967878558,1.782332430303128
2063-03-26,2063,Mar,26,85,SSP585,1.6209631712156864,-5.310758467878557,1.9629692594964028
2063-03-27,2063,Mar,27,86,SSP585,1.9658170232156864,-4.944541987878558,2.5771344787535133
2063-03-28,2063,Mar,28,87,SSP585,1.8742629032156863,-3.919135843878558,2.7577713079467876
2063-03-29,2063,Mar,29,88,SSP585,0.4887438872156864,-4.972008223878557,1.2885917638415185
2063-03-30,2063,Mar,30,89,SSP585,-0.6495790047843137,-5.890601227878557,1.3849314060778923
2063-03-31,2063,Mar,31,90,SSP585,1.361559831215686,-5.210048935878557,0.9634454712936006
2064-03-01,2064,Mar,1,61,SSP585,-4.824446876784314,-12.848714347878559,3.1551723321720155
2064-03-02,2064,Mar,2,62,SSP585,-4.287329372784313,-12.345166687878557,1.7341626091849138
2064-03-03,2064,Mar,3,63,SSP585,-5.089953824784314,-13.700167663878556,1.3006342191210465
2064-03-04,2064,Mar,4,64,SSP585,-6.069582908784314,-12.769367443878558,1.1320398452073472
2064-03-05,2064,Mar,5,65,SSP585,-6.246587540784314,-11.643251767878557,1.3608464955188364
2064-03-06,2064,Mar,6,66,SSP585,-5.559931640784314,-10.303509811878557,2.504879747076235
2064-03-07,2064,Mar,7,67,SSP585,-4.314795608784314,-9.116358055878557,1.7943748855826642
2064-03-08,2064,Mar,8,68,SSP585,-4.925156408784313,-10.654467271878557,1.0597851135300294
2064-03-09,2064,Mar,9,69,SSP585,-4.073703092784314,-10.349286871878558,1.7462050644644496
2064-03-10,2064,Mar,10,70,SSP585,-2.407418108784314,-10.263836359878557,0.8911907396162827
2064-03-11,2064,Mar,11,71,SSP585,-2.123600336784314,-9.522247987878558,1.7221201539053386
2064-03-12,2064,Mar,12,72,SSP585,-3.579310844784314,-10.764332215878557,1.5414833247120636
2064-03-13,2064,Mar,13,73,SSP585,-3.8326105767843135,-11.301449719878558,0.8430209184981156
2064-03-14,2064,Mar,14,74,SSP585,-2.4013145007843137,-9.638216539878558,1.6378229669484925
2064-03-15,2064,Mar,15,75,SSP585,-1.6108972647843138,-9.384916807878557,1.7221201539053386
2064-03-16,2064,Mar,16,76,SSP585,-0.8387908527843138,-6.894644743878558,2.528964657635338
2064-03-17,2064,Mar,17,77,SSP585,-1.3850637687843137,-7.715580019878558,2.87819586074232
2064-03-18,2064,Mar,18,78,SSP585,0.18051168321568634,-6.452133163878558,2.866153405462784
2064-03-19,2064,Mar,19,79,SSP585,0.4978992992156861,-5.652560515878557,2.3242429178829602
2064-03-20,2064,Mar,20,80,SSP585,0.44296682721568614,-6.681018463878558,1.8305022514213425
2064-03-21,2064,Mar,21,81,SSP585,3.030896619215686,-5.020837087878558,3.275596884967509
2064-03-22,2064,Mar,22,82,SSP585,3.961696839215686,-6.003517975878557,2.7938986737854665
2064-03-23,2064,Mar,23,83,SSP585,2.621954883215686,-6.992302471878558,2.0954362675714706
2064-03-24,2064,Mar,24,84,SSP585,1.2272804552156862,-6.7817279958785575,2.023181535894153
2064-03-25,2064,Mar,25,85,SSP585,1.248643083215686,-6.778676191878558,1.589653145830278
2064-03-26,2064,Mar,26,86,SSP585,2.097044595215686,-6.479599399878557,1.782332430303128
2064-03-27,2064,Mar,27,87,SSP585,1.8925737272156862,-5.612887063878558,1.589653145830278
2064-03-28,2064,Mar,28,88,SSP585,4.297395279215686,-4.276196911878557,2.3122004626033847
2064-03-29,2064,Mar,29,89,SSP585,4.919963295215686,-4.346388403878557,3.721167730310951
2064-03-30,2064,Mar,30,90,SSP585,4.678870779215686,-4.187694595878558,3.4441912588812555
2064-03-31,2064,Mar,31,91,SSP585,3.964748643215686,-5.2192043478785575,1.9509268042168275
2065-03-01,2065,Mar,1,60,SSP585,-5.721677252784314,-11.057305399878558,2.0833938122918956
2065-03-02,2065,Mar,2,61,SSP585,-5.349357164784314,-10.477462639878556,1.7221201539053386
2065-03-03,2065,Mar,3,62,SSP585,-6.222173108784314,-11.771427535878559,1.3247191296801497
2065-03-04,2065,Mar,4,63,SSP585,-5.694211016784314,-12.088815151878556,4.226950852052096
2065-03-05,2065,Mar,5,64,SSP585,-4.378883492784314,-10.764332215878557,1.57761069055075
2065-03-06,2065,Mar,6,65,SSP585,-3.4450314687843138,-8.866110127878557,2.203818365087428
2065-03-07,2065,Mar,7,66,SSP585,-4.720685540784314,-8.707416319878558,3.62482808807453
2065-03-08,2065,Mar,8,67,SSP585,-5.324942732784314,-9.345243355878559,3.4441912588812555
2065-03-09,2065,Mar,9,68,SSP585,-5.007555116784314,-10.157023219878557,1.0959124793686608
2065-03-10,2065,Mar,10,69,SSP585,-3.969941756784314,-8.939353423878558,2.2640306414851703
2065-03-11,2065,Mar,11,70,SSP585,-1.8825078207843138,-7.495850131878558,3.588700722235843
2065-03-12,2065,Mar,12,71,SSP585,-2.828567060784314,-8.637224827878558,1.1922521216050896
2065-03-13,2065,Mar,13,72,SSP585,-3.646450532784314,-9.076684603878558,3.3117242508061873
2065-03-14,2065,Mar,14,73,SSP585,-3.921112892784314,-8.783711419878557,3.6850403644722722
2065-03-15,2065,Mar,15,74,SSP585,-2.6729250567843135,-7.688113783878558,2.2640306414851703
2065-03-16,2065,Mar,16,75,SSP585,-3.756315476784314,-9.650423755878558,3.420106348322144
2065-03-17,2065,Mar,17,76,SSP585,-3.9424755207843134,-11.215999207878557,1.3367615849597252
2065-03-18,2065,Mar,18,77,SSP585,-2.6881840767843137,-9.540558811878558,1.5173984141530077
2065-03-19,2065,Mar,19,78,SSP585,-1.4277890247843137,-9.174342331878558,2.2881155520442733
2065-03-20,2065,Mar,20,79,SSP585,-2.148014768784314,-7.031975923878558,2.444667470678445
2065-03-21,2065,Mar,21,80,SSP585,-1.8764042127843137,-7.160151691878558,2.87819586074232
2065-03-22,2065,Mar,22,81,SSP585,-2.4257289327843137,-7.981086967878558,2.0593089017327846
2065-03-23,2065,Mar,23,82,SSP585,-0.8418426567843138,-7.025872315878558,1.8666296172599819
2065-03-24,2065,Mar,24,83,SSP585,-0.6923042607843137,-6.079813075878558,2.4928372917966595
2065-03-25,2065,Mar,25,84,SSP585,0.4093969832156863,-6.174418999878558,2.3483278284420632
2065-03-26,2065,Mar,26,85,SSP585,1.4317513232156862,-5.561006395878557,1.3247191296801497
2065-03-27,2065,Mar,27,86,SSP585,1.2730575152156864,-4.941490183878558,2.179733454528317
2065-03-28,2065,Mar,28,87,SSP585,2.029904907215686,-4.920127555878558,1.9388843489372993
2065-03-29,2065,Mar,29,88,SSP585,2.8081149272156862,-4.724812099878558,1.9990966253350422
2065-03-30,2065,Mar,30,89,SSP585,2.435794839215686,-5.600679847878558,3.5164459905585725
2065-03-31,2065,Mar,31,90,SSP585,1.0228095872156862,-5.905860247878557,4.407587681245379
2066-03-01,2066,Mar,1,60,SSP585,-4.879379348784314,-12.802937287878557,2.360370283721599
2066-03-02,2066,Mar,2,61,SSP585,-4.809187856784313,-12.323804059878558,2.011139080614617
2066-03-03,2066,Mar,3,62,SSP585,-3.283285856784314,-9.900671683878556,2.372412739001174
2066-03-04,2066,Mar,4,63,SSP585,-2.520334856784314,-10.117349767878558,2.13156363341011
2066-03-05,2066,Mar,5,64,SSP585,-2.2853459487843137,-9.760288699878558,2.3122004626033847
2066-03-06,2066,Mar,6,65,SSP585,-4.168309016784314,-10.459151815878558,3.287639340247084
2066-03-07,2066,Mar,7,66,SSP585,-3.173420912784314,-9.754185091878558,2.1556485439692135
2066-03-08,2066,Mar,8,67,SSP585,-3.5274301767843137,-10.230266515878558,1.4331012271961068
2066-03-09,2066,Mar,9,68,SSP585,-2.944535612784314,-9.049218367878558,1.8666296172599819
2066-03-10,2066,Mar,10,69,SSP585,-2.523386660784314,-9.876257251878558,2.553049568194449
2066-03-11,2066,Mar,11,70,SSP585,-3.219197972784314,-10.697192527878558,2.432625015398917
2066-03-12,2066,Mar,12,71,SSP585,-2.706494900784314,-9.564973243878558,2.2519881862056423
2066-03-13,2066,Mar,13,72,SSP585,-2.1571701807843136,-8.795918635878557,1.9990966253350422
2066-03-14,2066,Mar,14,73,SSP585,-2.4531951687843137,-7.880377435878557,1.4331012271961068
2066-03-15,2066,Mar,15,74,SSP585,-2.7919454127843135,-8.048226655878558,2.2760730967647453
2066-03-16,2066,Mar,16,75,SSP585,-2.352485636784314,-7.7674606878785575,3.0467902346560587
2066-03-17,2066,Mar,17,76,SSP585,-3.924164696784314,-10.401167539878557,2.3242429178829602
2066-03-18,2066,Mar,18,77,SSP585,-3.054400556784314,-9.705356227878557,0.8550633737776435
2066-03-19,2066,Mar,19,78,SSP585,-2.843826080784314,-9.076684603878558,2.0954362675714706
2066-03-20,2066,Mar,20,79,SSP585,-2.205999044784314,-9.323880727878556,3.0588326899355947
2066-03-21,2066,Mar,21,80,SSP585,-1.7116067967843138,-7.697269195878557,2.6614316657104062
2066-03-22,2066,Mar,22,81,SSP585,-0.18570479678431373,-7.437865855878558,1.914799438378196
2066-03-23,2066,Mar,23,82,SSP585,-0.6892524567843138,-7.599611467878558,3.082917600494698
2066-03-24,2066,Mar,24,83,SSP585,-3.875335832784314,-8.768452399878559,1.6619078775075957
2066-03-25,2066,Mar,25,84,SSP585,-3.506067548784314,-9.522247987878558,0.8911907396162827
2066-03-26,2066,Mar,26,85,SSP585,-1.3759083567843138,-7.230343183878557,1.2765493085619353
2066-03-27,2066,Mar,27,86,SSP585,-0.8693088927843138,-6.592516147878557,1.4692285930347933
2066-03-28,2066,Mar,28,87,SSP585,-0.42374550878431383,-5.750218243878558,2.360370283721599
2066-03-29,2066,Mar,29,88,SSP585,0.9129446432156862,-5.713596595878558,2.0472664464532566
2066-03-30,2066,Mar,30,89,SSP585,1.9871796512156863,-4.907920339878558,2.2399457309260673
2066-03-31,2066,Mar,31,90,SSP585,2.2893082472156863,-6.180522607878558,1.7100776986258104
2067-03-01,2067,Mar,1,60,SSP585,-3.918061088784314,-9.690097207878559,0.6503416340252608
2067-03-02,2067,Mar,2,61,SSP585,-3.512171156784314,-9.647371951878558,0.9032331948958581
2067-03-03,2067,Mar,3,62,SSP585,-4.781721620784314,-10.572068563878558,2.8541109501832085
2067-03-04,2067,Mar,4,63,SSP585,-4.888534760784314,-10.468307227878558,2.4205825601193416
2067-03-05,2067,Mar,5,64,SSP585,-4.711530128784314,-11.646303571878558,1.240421942723304
2067-03-06,2067,Mar,6,65,SSP585,-4.4155051407843136,-11.151911323878558,2.2640306414851703
2067-03-07,2067,Mar,7,66,SSP585,-4.394142512784314,-10.401167539878557,2.6253042998717198
2067-03-08,2067,Mar,8,67,SSP585,-3.4450314687843138,-10.117349767878558,2.697559031549037
2067-03-09,2067,Mar,9,68,SSP585,-3.274130444784314,-11.222102815878557,1.0116152924118151
2067-03-10,2067,Mar,10,69,SSP585,-0.8509980687843137,-9.638216539878558,1.8425447067008704
2067-03-11,2067,Mar,11,70,SSP585,-1.8519897807843138,-11.182429363878558,1.3849314060778923
2067-03-12,2067,Mar,12,71,SSP585,-2.883499532784314,-10.956595867878558,2.4807948365171315
2067-03-13,2067,Mar,13,72,SSP585,-1.7940055047843138,-10.041054667878559,2.3242429178829602
2067-03-14,2067,Mar,14,73,SSP585,-0.5854911207843138,-8.728778947878558,1.348804040239261
2067-03-15,2067,Mar,15,74,SSP585,0.40634517921568625,-7.401244207878558,1.1199973899277718
2067-03-16,2067,Mar,16,75,SSP585,1.4592175592156862,-6.525376459878558,3.420106348322144
2067-03-17,2067,Mar,17,76,SSP585,2.4785200952156856,-6.998406079878558,3.3719365272039297
2067-03-18,2067,Mar,18,77,SSP585,0.49179569121568645,-7.749149863878558,2.6253042998717198
2067-03-19,2067,Mar,19,78,SSP585,1.422595911215686,-6.7817279958785575,2.432625015398917
2067-03-20,2067,Mar,20,79,SSP585,0.754250835215686,-7.749149863878558,2.1556485439692135
2067-03-21,2067,Mar,21,80,SSP585,0.6260750672156863,-8.151987991878558,1.1320398452073472
2067-03-22,2067,Mar,22,81,SSP585,2.570074215215686,-7.346311735878557,3.3719365272039297
2067-03-23,2067,Mar,23,82,SSP585,3.2353674872156857,-5.771580871878557,2.372412739001174
2067-03-24,2067,Mar,24,83,SSP585,3.5619105152156862,-5.603731651878558,1.0236577476913429
2067-03-25,2067,Mar,25,84,SSP585,4.025784723215686,-5.179530895878558,0.7225963657025802
2067-03-26,2067,Mar,26,85,SSP585,4.205841159215686,-4.828573435878558,3.39602143776304
2067-03-27,2067,Mar,27,86,SSP585,4.312654299215686,-5.005578067878558,1.9388843489372993
2067-03-28,2067,Mar,28,87,SSP585,4.013577507215686,-6.049295035878558,2.360370283721599
2067-03-29,2067,Mar,29,88,SSP585,5.167159419215686,-5.091028579878557,2.0352239911737287
2067-03-30,2067,Mar,30,89,SSP585,5.420459151215686,-4.978111831878557,2.6855165762695092
2067-03-31,2067,Mar,31,90,SSP585,4.324861515215686,-5.130702031878558,3.39602143776304
2068-03-01,2068,Mar,1,61,SSP585,-3.3199075047843136,-9.461211907878557,2.6614316657104062
2068-03-02,2068,Mar,2,62,SSP585,-2.416573520784314,-8.899679971878559,2.336285373162488
2068-03-03,2068,Mar,3,63,SSP585,-3.857025008784314,-8.585344159878558,3.0467902346560587
2068-03-04,2068,Mar,4,64,SSP585,-3.762419084784314,-8.563981531878557,1.5414833247120636
2068-03-05,2068,Mar,5,65,SSP585,-5.404289636784314,-9.326932531878558,2.541007112914874
2068-03-06,2068,Mar,6,66,SSP585,-5.849853020784314,-9.473419123878557,1.3969738613574756
2068-03-07,2068,Mar,7,67,SSP585,-4.186619840784314,-8.795918635878557,1.926841893657724
2068-03-08,2068,Mar,8,68,SSP585,-4.619976008784314,-9.436797475878556,2.673474120989934
2068-03-09,2068,Mar,9,69,SSP585,-5.160145316784313,-9.503937163878557,2.541007112914874
2068-03-10,2068,Mar,10,70,SSP585,-3.4908085287843136,-9.037011151878557,2.553049568194449
2068-03-11,2068,Mar,11,71,SSP585,-4.116428348784313,-9.903723487878558,2.3964976495602306
2068-03-12,2068,Mar,12,72,SSP585,-2.532542072784314,-9.732822463878557,2.6614316657104062
2068-03-13,2068,Mar,13,73,SSP585,-3.060504164784314,-11.246517247878558,2.9263656818605264
2068-03-14,2068,Mar,14,74,SSP585,-3.393150800784314,-10.672778095878558,2.432625015398917
2068-03-15,2068,Mar,15,75,SSP585,-2.996416280784314,-9.662630971878556,1.445143682475682
2068-03-16,2068,Mar,16,76,SSP585,-2.5172830527843137,-9.235378411878557,2.4567099259580205
2068-03-17,2068,Mar,17,77,SSP585,-0.13382412878431382,-8.130625363878558,2.023181535894153
2068-03-18,2068,Mar,18,78,SSP585,0.9556698992156865,-6.427718731878558,3.552573356397212
2068-03-19,2068,Mar,19,79,SSP585,0.9892397432156861,-6.4368741438785575,1.926841893657724
2068-03-20,2068,Mar,20,80,SSP585,0.4093969832156863,-6.342268219878558,2.6373467551512952
2068-03-21,2068,Mar,21,81,SSP585,1.5477198752156862,-5.402312587878558,2.6855165762695092
2068-03-22,2068,Mar,22,82,SSP585,2.2465829912156865,-5.896704835878557,1.1561247557664505
2068-03-23,2068,Mar,23,83,SSP585,2.4632610752156863,-5.622042475878558,1.1199973899277718
2068-03-24,2068,Mar,24,84,SSP585,2.673835551215686,-5.548799179878557,2.0472664464532566
2068-03-25,2068,Mar,25,85,SSP585,2.8752546152156864,-5.075769559878557,2.950450592419638
2068-03-26,2068,Mar,26,86,SSP585,2.206909539215686,-4.6424133918785575,2.9263656818605264
2068-03-27,2068,Mar,27,87,SSP585,1.9078327472156864,-4.2334716558785574,1.9990966253350422
2068-03-28,2068,Mar,28,88,SSP585,1.913936355215686,-3.3728629278785576,1.926841893657724
2068-03-29,2068,Mar,29,89,SSP585,1.7155690952156861,-3.8733587838785577,2.179733454528317
2068-03-30,2068,Mar,30,90,SSP585,2.734871631215686,-3.4827278718785575,3.564615811676788
2068-03-31,2068,Mar,31,91,SSP585,4.379793987215686,-4.163280163878557,2.541007112914874
2069-03-01,2069,Mar,1,60,SSP585,-3.8936466567843135,-10.825368295878558,1.6378229669484925
2069-03-02,2069,Mar,2,61,SSP585,-3.5457410007843135,-9.003441307878557,2.5891769340330884
2069-03-03,2069,Mar,3,62,SSP585,-3.972993560784314,-10.581223975878558,1.6257805116689568
2069-03-04,2069,Mar,4,63,SSP585,-4.742048168784314,-10.422530167878557,2.203818365087428
2069-03-05,2069,Mar,5,64,SSP585,-4.500955652784314,-10.691088919878558,1.7462050644644496
2069-03-06,2069,Mar,6,65,SSP585,-4.000459796784313,-11.798893771878557,1.0597851135300294
2069-03-07,2069,Mar,7,66,SSP585,-3.695279396784314,-11.423521879878557,1.4090163166370036
2069-03-08,2069,Mar,8,67,SSP585,-4.433815964784314,-12.085763347878558,1.0718275688095573
2069-03-09,2069,Mar,9,68,SSP585,-4.488748436784314,-11.542542235878557,1.2042945768846176
2069-03-10,2069,Mar,10,69,SSP585,-3.631191512784314,-10.501877071878557,1.9990966253350422
2069-03-11,2069,Mar,11,70,SSP585,-3.417565232784314,-11.093927047878559,1.6980352433462824
2069-03-12,2069,Mar,12,71,SSP585,-2.7461683527843137,-10.282147183878557,1.7221201539053386
2069-03-13,2069,Mar,13,72,SSP585,-3.2375087967843137,-8.982078679878558,2.6012193893126163
2069-03-14,2069,Mar,14,73,SSP585,-2.346382028784314,-8.936301619878558,1.3006342191210465
2069-03-15,2069,Mar,15,74,SSP585,-2.416573520784314,-10.120401571878558,0.5660444470684112
2069-03-16,2069,Mar,16,75,SSP585,-0.49088519678431375,-7.285275655878558,1.9509268042168275
2069-03-17,2069,Mar,17,76,SSP585,-0.5610766887843137,-6.4948584198785575,3.4562337141607835
2069-03-18,2069,Mar,18,77,SSP585,-0.8052210087843138,-8.683001887878557,1.6137380563893815
2069-03-19,2069,Mar,19,78,SSP585,-1.9221812727843137,-9.641268343878558,1.8666296172599819
2069-03-20,2069,Mar,20,79,SSP585,-3.5274301767843137,-10.300458007878557,2.5891769340330884
2069-03-21,2069,Mar,21,80,SSP585,-2.8072044327843138,-7.755253471878557,1.8907145278190851
2069-03-22,2069,Mar,22,81,SSP585,-2.3372266167843136,-6.940421803878558,1.8786720725395099
2069-03-23,2069,Mar,23,82,SSP585,-1.4888251047843137,-7.404296011878557,2.4928372917966595
2069-03-24,2069,Mar,24,83,SSP585,-0.3871238607843137,-6.3788898678785575,3.119044966333337
2069-03-25,2069,Mar,25,84,SSP585,-0.7563921447843137,-5.649508711878558,3.034747779376483
2069-03-26,2069,Mar,26,85,SSP585,-0.7991174007843138,-5.933326483878558,2.2881155520442733
2069-03-27,2069,Mar,27,86,SSP585,-0.30167334878431373,-5.350431919878558,1.5414833247120636
2069-03-28,2069,Mar,28,87,SSP585,-1.5040841247843137,-6.595567951878557,1.0357002029709181
2069-03-29,2069,Mar,29,88,SSP585,-0.43290092078431375,-5.988258955878558,1.7221201539053386
2069-03-30,2069,Mar,30,89,SSP585,0.29648023521568634,-5.475555883878558,0.9875303818527038
2069-03-31,2069,Mar,31,90,SSP585,0.4338114152156862,-5.875342207878558,2.3242429178829602
2070-03-01,2070,Mar,1,60,SSP585,-4.537577300784314,-10.932181435878558,2.0954362675714706
2070-03-02,2070,Mar,2,61,SSP585,-4.571147144784314,-10.550705935878558,2.5771344787535133
2070-03-03,2070,Mar,3,62,SSP585,-3.9058538727843137,-11.127496891878558,3.1310874216129125
2070-03-04,2070,Mar,4,63,SSP585,-4.4124533367843135,-11.676821611878559,4.564139599879542
2070-03-05,2070,Mar,5,64,SSP585,-4.513162868784314,-12.122384995878559,1.8907145278190851
2070-03-06,2070,Mar,6,65,SSP585,-4.088962112784314,-11.737857691878556,2.866153405462784
2070-03-07,2070,Mar,7,66,SSP585,-4.0035116007843135,-12.067452523878558,2.2881155520442733
2070-03-08,2070,Mar,8,67,SSP585,-3.3290629167843138,-12.134592211878559,1.047742658250454
2070-03-09,2070,Mar,9,68,SSP585,-3.0208307127843135,-11.408262859878558,1.2283794874437288
2070-03-10,2070,Mar,10,69,SSP585,-4.1225319567843135,-11.640199963878558,1.2885917638415185
2070-03-11,2070,Mar,11,70,SSP585,-5.407341440784314,-11.734805887878558,1.5053559588734244
2070-03-12,2070,Mar,12,71,SSP585,-5.697262820784314,-10.663622683878557,1.8545871619804457
2070-03-13,2070,Mar,13,72,SSP585,-5.132679080784314,-11.096978851878557,1.589653145830278
2070-03-14,2070,Mar,14,73,SSP585,-2.2151544567843136,-8.982078679878558,1.2885917638415185
2070-03-15,2070,Mar,15,74,SSP585,-0.6739934367843138,-8.762348791878559,0.8791482843367469
2070-03-16,2070,Mar,16,75,SSP585,-0.8235318327843137,-8.042123047878558,2.2399457309260673
2070-03-17,2070,Mar,17,76,SSP585,-1.7726428767843139,-8.310681799878559,2.0833938122918956
2070-03-18,2070,Mar,18,77,SSP585,-2.5111794447843137,-9.098047231878557,3.082917600494698
2070-03-19,2070,Mar,19,78,SSP585,-0.42679731278431365,-7.486694719878558,2.6373467551512952
2070-03-20,2070,Mar,20,79,SSP585,1.4103886952156863,-7.816289551878557,1.457186137755218
2070-03-21,2070,Mar,21,80,SSP585,-0.12161691278431386,-6.467392183878557,2.5771344787535133
2070-03-22,2070,Mar,22,81,SSP585,-0.7533403407843138,-6.525376459878558,2.504879747076235
2070-03-23,2070,Mar,23,82,SSP585,0.5192619272156864,-5.985207151878558,1.7341626091849138
2070-03-24,2070,Mar,24,83,SSP585,1.477528383215686,-5.460296863878558,2.3122004626033847
2070-03-25,2070,Mar,25,84,SSP585,3.302507175215686,-4.074777847878558,4.14265366509525
2070-03-26,2070,Mar,26,85,SSP585,3.0522592472156864,-5.039147911878558,2.6373467551512952
2070-03-27,2070,Mar,27,86,SSP585,3.555806907215686,-3.855047959878558,2.360370283721599
2070-03-28,2070,Mar,28,87,SSP585,5.423510955215686,-3.7329757998785578,2.0954362675714706
2070-03-29,2070,Mar,29,88,SSP585,6.027768147215686,-2.7075696558785576,1.6378229669484925
2070-03-30,2070,Mar,30,89,SSP585,4.608679287215686,-2.432907295878558,1.8666296172599819
2070-03-31,2070,Mar,31,90,SSP585,5.042035455215686,-2.582445691878558,1.107954934648236
2071-03-01,2071,Mar,1,60,SSP585,-4.626079616784314,-12.079659739878558,0.9273181054549613
2071-03-02,2071,Mar,2,61,SSP585,-3.533533784784314,-11.554749451878557,0.6864689998638984
2071-03-03,2071,Mar,3,62,SSP585,-3.390098996784314,-9.677889991878558,1.5414833247120636
2071-03-04,2071,Mar,4,63,SSP585,-2.178532808784314,-8.628069415878556,2.4807948365171315
2071-03-05,2071,Mar,5,64,SSP585,-3.390098996784314,-8.728778947878558,2.528964657635338
2071-03-06,2071,Mar,6,65,SSP585,-2.3860554807843135,-8.460220195878557,0.7225963657025802
2071-03-07,2071,Mar,7,66,SSP585,-3.509119352784314,-10.672778095878558,1.8545871619804457
2071-03-08,2071,Mar,8,67,SSP585,-5.312735516784314,-11.930121343878557,1.8184597961417672
2071-03-09,2071,Mar,9,68,SSP585,-4.3575208647843136,-11.82636000787856,1.1802096663255617
2071-03-10,2071,Mar,10,69,SSP585,-3.225301580784314,-11.292294307878556,2.2640306414851703
2071-03-11,2071,Mar,11,70,SSP585,-1.5620684007843137,-9.104150839878557,3.6970828197518473
2071-03-12,2071,Mar,12,71,SSP585,0.021817875215686344,-6.964836235878558,2.8059411290649945
2071-03-13,2071,Mar,13,72,SSP585,0.012662463215686204,-6.241558687878557,2.8179835843445695
2071-03-14,2071,Mar,14,73,SSP585,0.12252740721568633,-5.991310759878558,1.926841893657724
2071-03-15,2071,Mar,15,74,SSP585,-0.06058083278431381,-7.053338551878558,2.2519881862056423
2071-03-16,2071,Mar,16,75,SSP585,1.419544107215686,-5.670871339878557,4.263078217890736
2071-03-17,2071,Mar,17,76,SSP585,0.39108615921568624,-6.595567951878557,4.5520971446000145
2071-03-18,2071,Mar,18,77,SSP585,-0.7411331247843138,-6.964836235878558,4.154696120374778
2071-03-19,2071,Mar,19,78,SSP585,-0.10635789278431385,-7.178462515878557,2.0713513570123596
2071-03-20,2071,Mar,20,79,SSP585,1.3737670472156862,-7.025872315878558,2.1074787228509986
2071-03-21,2071,Mar,21,80,SSP585,2.283204639215686,-6.128641939878557,2.541007112914874
2071-03-22,2071,Mar,22,81,SSP585,2.557866999215686,-5.158168267878558,2.7938986737854665
2071-03-23,2071,Mar,23,82,SSP585,2.1977541272156866,-4.2914559318785575,3.576658266956316
2071-03-24,2071,Mar,24,83,SSP585,0.5864016152156861,-5.930274679878558,2.6253042998717198
2071-03-25,2071,Mar,25,84,SSP585,0.7023701672156861,-5.130702031878558,1.5294408694325357
2071-03-26,2071,Mar,26,85,SSP585,1.5324608552156864,-3.8611515678785575,3.2515119744083973
2071-03-27,2071,Mar,27,86,SSP585,3.073621875215686,-3.394225555878558,3.9258894700632894
2071-03-28,2071,Mar,28,87,SSP585,2.921031675215686,-3.6658361118785576,2.119521178130574
2071-03-29,2071,Mar,29,88,SSP585,3.265885527215686,-4.074777847878558,1.445143682475682
2071-03-30,2071,Mar,30,89,SSP585,4.239411003215686,-2.869315267878558,2.974535502978741
2071-03-31,2071,Mar,31,90,SSP585,3.210953055215686,-2.5885492998785575,2.8902383160218954
2072-03-01,2072,Mar,1,61,SSP585,-5.327994536784313,-12.125436799878557,3.5405309011176764
2072-03-02,2072,Mar,2,62,SSP585,-5.083850216784314,-11.484557959878558,2.697559031549037
2072-03-03,2072,Mar,3,63,SSP585,-2.932328396784314,-10.062417295878557,2.13156363341011
2072-03-04,2072,Mar,4,64,SSP585,-2.8896031407843137,-8.881369147878559,2.5891769340330884
2072-03-05,2072,Mar,5,65,SSP585,-3.8966984607843136,-9.143824291878557,1.6859927880667072
2072-03-06,2072,Mar,6,66,SSP585,-1.9099740567843138,-9.363554179878559,2.6012193893126163
2072-03-07,2072,Mar,7,67,SSP585,0.39108615921568624,-7.901740063878558,1.1561247557664505
2072-03-08,2072,Mar,8,68,SSP585,-0.36881303678431365,-7.260861223878558,1.2885917638415185
2072-03-09,2072,Mar,9,69,SSP585,-0.36881303678431365,-8.567033335878557,1.5414833247120636
2072-03-10,2072,Mar,10,70,SSP585,0.29648023521568634,-8.676898279878557,2.023181535894153
2072-03-11,2072,Mar,11,71,SSP585,-0.7563921447843137,-8.405287723878558,1.107954934648236
2072-03-12,2072,Mar,12,72,SSP585,-3.219197972784314,-9.247585627878557,1.0357002029709181
2072-03-13,2072,Mar,13,73,SSP585,-1.9130258607843138,-8.344251643878557,1.7943748855826642
2072-03-14,2072,Mar,14,74,SSP585,-0.3443986047843137,-7.4805911118785575,4.01018665702019
2072-03-15,2072,Mar,15,75,SSP585,-0.6160091607843138,-7.007561491878557,1.8184597961417672
2072-03-16,2072,Mar,16,76,SSP585,-2.935380200784314,-8.246593915878558,1.9629692594964028
2072-03-17,2072,Mar,17,77,SSP585,-1.4857733007843137,-8.661639259878559,3.552573356397212
2072-03-18,2072,Mar,18,78,SSP585,-0.005648360784313855,-6.760365367878558,2.87819586074232
2072-03-19,2072,Mar,19,79,SSP585,-0.06058083278431381,-7.196773339878558,1.252464398002832
2072-03-20,2072,Mar,20,80,SSP585,-0.3993310767843137,-6.989250667878558,1.3247191296801497
2072-03-21,2072,Mar,21,81,SSP585,0.9678771152156862,-5.243618779878558,2.0954362675714706
2072-03-22,2072,Mar,22,82,SSP585,2.386965975215686,-5.850927775878558,1.7702899750235528
2072-03-23,2072,Mar,23,83,SSP585,2.850840183215686,-4.679035039878558,3.9258894700632894
2072-03-24,2072,Mar,24,84,SSP585,1.9108845512156865,-5.1642718758785575,2.179733454528317
2072-03-25,2072,Mar,25,85,SSP585,1.4409067352156864,-5.7990471078785575,0.9514030160140725
2072-03-26,2072,Mar,26,86,SSP585,1.767449763215686,-6.168315391878558,1.8545871619804457
2072-03-27,2072,Mar,27,87,SSP585,2.5822814312156863,-6.153056371878558,2.13156363341011
2072-03-28,2072,Mar,28,88,SSP585,4.065458175215686,-4.5844291158785575,2.914323226580951
2072-03-29,2072,Mar,29,89,SSP585,4.071561783215686,-4.154124751878558,2.504879747076235
2072-03-30,2072,Mar,30,90,SSP585,4.068509979215686,-4.834677043878558,0.9995728371322792
2072-03-31,2072,Mar,31,91,SSP585,4.294343475215686,-4.8712986918785575,2.360370283721599
2073-03-01,2073,Mar,1,60,SSP585,-3.924164696784314,-9.369657787878559,1.8786720725395099
2073-03-02,2073,Mar,2,61,SSP585,-2.6912358807843137,-8.908835383878557,2.3242429178829602
2073-03-03,2073,Mar,3,62,SSP585,-3.2130943647843138,-8.924094403878557,1.6859927880667072
2073-03-04,2073,Mar,4,63,SSP585,-4.250707724784314,-9.241482019878557,1.57761069055075
2073-03-05,2073,Mar,5,64,SSP585,-4.650494048784314,-8.823384871878558,2.2760730967647453
2073-03-06,2073,Mar,6,65,SSP585,-4.5833543607843135,-9.690097207878559,2.974535502978741
2073-03-07,2073,Mar,7,66,SSP585,-5.016710528784314,-10.620897427878557,2.3122004626033847
2073-03-08,2073,Mar,8,67,SSP585,-5.770506116784314,-10.617845623878559,1.0236577476913429
2073-03-09,2073,Mar,9,68,SSP585,-5.111316452784314,-10.230266515878558,2.011139080614617
2073-03-10,2073,Mar,10,69,SSP585,-3.564051824784314,-9.717563443878557,1.348804040239261
2073-03-11,2073,Mar,11,70,SSP585,-2.5478010927843138,-8.396132311878556,2.0472664464532566
2073-03-12,2073,Mar,12,71,SSP585,-1.9740619407843139,-7.389036991878558,2.0713513570123596
2073-03-13,2073,Mar,13,72,SSP585,-1.7055031887843137,-8.234386699878558,1.6257805116689568
2073-03-14,2073,Mar,14,73,SSP585,0.5192619272156864,-6.793935211878558,2.300158007323849
2073-03-15,2073,Mar,15,74,SSP585,-0.1551867567843137,-8.039071243878558,3.7091252750313752
2073-03-16,2073,Mar,16,75,SSP585,-1.3698047487843137,-7.1326854558785575,3.3478516166448262
2073-03-17,2073,Mar,17,76,SSP585,-1.5132395367843137,-7.938361711878557,1.7341626091849138
2073-03-18,2073,Mar,18,77,SSP585,-0.5824393167843137,-7.263913027878558,1.9509268042168275
2073-03-19,2073,Mar,19,78,SSP585,0.2812212152156863,-6.745106347878558,1.5294408694325357
2073-03-20,2073,Mar,20,79,SSP585,-0.039218204784313704,-6.711536503878557,2.697559031549037
2073-03-21,2073,Mar,21,80,SSP585,0.7511990312156864,-6.430770535878558,1.445143682475682
2073-03-22,2073,Mar,22,81,SSP585,1.5721343072156861,-4.691242255878557,2.6493892104308308
2073-03-23,2073,Mar,23,82,SSP585,1.480580187215686,-4.846884259878558,2.119521178130574
2073-03-24,2073,Mar,24,83,SSP585,1.1998142192156862,-4.752278335878557,6.334380525973627
2073-03-25,2073,Mar,25,84,SSP585,1.770501567215686,-4.746174727878557,3.9138470147837614
2073-03-26,2073,Mar,26,85,SSP585,1.0624830392156863,-6.519272851878558,1.2283794874437288
2073-03-27,2073,Mar,27,86,SSP585,2.664680139215686,-5.124598423878558,2.336285373162488
2073-03-28,2073,Mar,28,87,SSP585,3.030896619215686,-2.9120405238785576,1.8907145278190851
2073-03-29,2073,Mar,29,88,SSP585,2.374758759215686,-2.924247739878558,1.2885917638415185
2073-03-30,2073,Mar,30,89,SSP585,2.042112123215686,-3.4369508118785577,2.8059411290649945
2073-03-31,2073,Mar,31,90,SSP585,0.006558855215686332,-4.5813773118785575,0.8911907396162827
2074-03-01,2074,Mar,1,60,SSP585,-1.4369444367843138,-8.164195207878556,1.9388843489372993
2074-03-02,2074,Mar,2,61,SSP585,-0.48172978478431383,-8.109262735878557,2.6373467551512952
2074-03-03,2074,Mar,3,62,SSP585,-0.16739397278431367,-8.808125851878557,2.613261844592192
2074-03-04,2074,Mar,4,63,SSP585,-1.8703006047843138,-9.848791015878557,2.444667470678445
2074-03-05,2074,Mar,5,64,SSP585,-4.070651288784314,-10.504928875878559,2.6012193893126163
2074-03-06,2074,Mar,6,65,SSP585,-2.9689500447843136,-10.187541259878557,3.4562337141607835
2074-03-07,2074,Mar,7,66,SSP585,-0.4878333927843137,-9.497833555878557,2.023181535894153
2074-03-08,2074,Mar,8,67,SSP585,0.25375497921568635,-7.370726167878558,2.203818365087428
2074-03-09,2074,Mar,9,68,SSP585,0.6413340872156861,-7.4226068358785575,3.0588326899355947
2074-03-10,2074,Mar,10,69,SSP585,0.6230232632156862,-7.126581847878557,2.516922202355763
2074-03-11,2074,Mar,11,70,SSP585,-0.7075632807843137,-8.768452399878559,1.914799438378196
2074-03-12,2074,Mar,12,71,SSP585,0.03402509121568631,-7.410399619878557,1.5655682352711748
2074-03-13,2074,Mar,13,72,SSP585,0.4521222392156863,-7.065545767878557,3.0708751452151226
2074-03-14,2074,Mar,14,73,SSP585,1.8315376472156861,-6.519272851878558,3.1310874216129125
2074-03-15,2074,Mar,15,74,SSP585,2.051267535215686,-5.6281460838785575,2.0954362675714706
2074-03-16,2074,Mar,16,75,SSP585,2.0176976912156865,-4.804159003878558,3.7332101855904867
2074-03-17,2074,Mar,17,76,SSP585,0.9068410352156862,-6.0309842118785575,2.9384081371400623
2074-03-18,2074,Mar,18,77,SSP585,0.26901399921568614,-5.429778823878557,2.1556485439692135
2074-03-19,2074,Mar,19,78,SSP585,0.668800323215686,-6.412459711878558,0.9875303818527038
2074-03-20,2074,Mar,20,79,SSP585,2.1824951072156864,-5.606783455878558,1.4692285930347933
2074-03-21,2074,Mar,21,80,SSP585,2.316774483215686,-5.298551251878558,3.191299698010655
2074-03-22,2074,Mar,22,81,SSP585,3.259781919215686,-5.612887063878558,1.9027569830986208
2074-03-23,2074,Mar,23,82,SSP585,3.4001649032156864,-5.133753835878558,2.4928372917966595
2074-03-24,2074,Mar,24,83,SSP585,3.0400520312156862,-4.263989695878558,2.179733454528317
2074-03-25,2074,Mar,25,84,SSP585,1.6118077592156863,-4.456253347878558,2.504879747076235
2074-03-26,2074,Mar,26,85,SSP585,1.685051055215686,-4.7583819438785575,1.5414833247120636
2074-03-27,2074,Mar,27,86,SSP585,1.999386867215686,-4.419631699878558,3.335809161365298
2074-03-28,2074,Mar,28,87,SSP585,2.567022411215686,-2.8632116598785577,2.721643942108148
2074-03-29,2074,Mar,29,88,SSP585,1.7521907432156862,-4.1175031038785574,1.9750117147759387
2074-03-30,2074,Mar,30,89,SSP585,1.9261435712156862,-5.210048935878557,2.7577713079467876
2074-03-31,2074,Mar,31,90,SSP585,2.8722028112156863,-4.776692767878558,2.0954362675714706
2075-03-01,2075,Mar,1,60,SSP585,-4.681012088784314,-10.248577339878558,1.589653145830278
2075-03-02,2075,Mar,2,61,SSP585,-4.552836320784314,-11.310605131878557,1.8184597961417672
2075-03-03,2075,Mar,3,62,SSP585,-2.7980490207843136,-9.674838187878557,1.1561247557664505
2075-03-04,2075,Mar,4,63,SSP585,-4.1194801527843135,-11.170222147878558,1.0718275688095573
2075-03-05,2075,Mar,5,64,SSP585,-4.891586564784314,-10.584275779878558,1.6498654222280678
2075-03-06,2075,Mar,6,65,SSP585,-5.480584736784314,-10.746021391878557,1.348804040239261
2075-03-07,2075,Mar,7,66,SSP585,-5.031969548784314,-11.11834147987856,2.769813763226363
2075-03-08,2075,Mar,8,67,SSP585,-2.3677446567843137,-9.241482019878557,2.011139080614617
2075-03-09,2075,Mar,9,68,SSP585,-2.349433832784314,-9.525299791878558,3.299681795526612
2075-03-10,2075,Mar,10,69,SSP585,-0.8815161087843137,-8.075692891878557,3.75729509614959
2075-03-11,2075,Mar,11,70,SSP585,1.102156491215686,-7.035027727878558,2.541007112914874
2075-03-12,2075,Mar,12,71,SSP585,-0.5458176687843137,-8.597551375878558,1.3126766744006217
2075-03-13,2075,Mar,13,72,SSP585,0.009610659215686157,-6.830556859878557,1.9990966253350422
2075-03-14,2075,Mar,14,73,SSP585,0.39108615921568624,-5.9760517398785575,3.034747779376483
2075-03-15,2075,Mar,15,74,SSP585,0.16525266321568632,-5.139857443878558,2.4807948365171315
2075-03-16,2075,Mar,16,75,SSP585,-1.1744892927843138,-6.024880603878557,2.203818365087428
2075-03-17,2075,Mar,17,76,SSP585,-1.7268658167843138,-6.803090623878558,2.4807948365171315
2075-03-18,2075,Mar,18,77,SSP585,-0.9822256407843137,-7.328000911878558,2.613261844592192
2075-03-19,2075,Mar,19,78,SSP585,-0.4878333927843137,-6.629137795878558,2.3844551942807026
2075-03-20,2075,Mar,20,79,SSP585,1.1418299432156862,-5.6830785558785575,1.3728889507983644
2075-03-21,2075,Mar,21,80,SSP585,0.037076895215686134,-6.867178507878558,1.7100776986258104
2075-03-22,2075,Mar,22,81,SSP585,-1.0249508967843137,-7.163203495878558,1.926841893657724
2075-03-23,2075,Mar,23,82,SSP585,-0.9974846607843137,-6.760365367878558,2.4205825601193416
2075-03-24,2075,Mar,24,83,SSP585,0.7359400112156862,-6.070657663878558,1.5414833247120636
2075-03-25,2075,Mar,25,84,SSP585,1.1235191192156864,-5.5671100038785575,1.7462050644644496
2075-03-26,2075,Mar,26,85,SSP585,2.805063123215686,-2.9608693878785575,3.119044966333337
2075-03-27,2075,Mar,27,86,SSP585,0.8244423272156862,-4.209057223878558,3.0708751452151226
2075-03-28,2075,Mar,28,87,SSP585,1.593496935215686,-3.9557574918785576,1.6739503327871712
2075-03-29,2075,Mar,29,88,SSP585,3.7511223632156856,-2.667896203878558,2.372412739001174
2075-03-30,2075,Mar,30,89,SSP585,4.874186235215686,-2.664844399878558,4.347375404847629
2075-03-31,2075,Mar,31,90,SSP585,3.717552519215686,-4.108347691878558,2.7577713079467876
2076-03-01,2076,Mar,1,61,SSP585,-4.0614958767843135,-9.513092575878558,1.8545871619804457
2076-03-02,2076,Mar,2,62,SSP585,-4.195775252784314,-9.284207275878558,3.107002511053809
2076-03-03,2076,Mar,3,63,SSP585,-2.871292316784314,-8.505997255878558,2.191775909807892
2076-03-04,2076,Mar,4,64,SSP585,-2.383003676784314,-8.939353423878558,1.7221201539053386
2076-03-05,2076,Mar,5,65,SSP585,-1.9954245687843137,-8.094003715878557,2.360370283721599
2076-03-06,2076,Mar,6,66,SSP585,-1.7909537007843137,-7.0167169038785575,2.227903275646531
2076-03-07,2076,Mar,7,67,SSP585,-1.7055031887843137,-8.002449595878558,1.5173984141530077
2076-03-08,2076,Mar,8,68,SSP585,-1.5346021647843138,-8.182506031878557,2.3122004626033847
2076-03-09,2076,Mar,9,69,SSP585,-1.0432617207843138,-7.794926923878558,1.9990966253350422
2076-03-10,2076,Mar,10,70,SSP585,-0.9242413647843137,-7.483642915878558,1.0116152924118151
2076-03-11,2076,Mar,11,71,SSP585,-1.6231044807843138,-7.926154495878557,2.4928372917966595
2076-03-12,2076,Mar,12,72,SSP585,0.35751631521568616,-7.4195550318785575,2.6855165762695092
2076-03-13,2076,Mar,13,73,SSP585,1.7888123912156864,-6.275128531878558,2.4807948365171315
2076-03-14,2076,Mar,14,74,SSP585,2.277101031215686,-6.012673387878557,2.9986204135378522
2076-03-15,2076,Mar,15,75,SSP585,2.5944886472156856,-5.588472631878558,4.588224510438653
2076-03-16,2076,Mar,16,76,SSP585,1.4256477152156861,-6.073709467878558,2.300158007323849
2076-03-17,2076,Mar,17,77,SSP585,0.9770325272156863,-6.714588307878557,1.9990966253350422
2076-03-18,2076,Mar,18,78,SSP585,1.9383507872156864,-5.615938867878558,2.119521178130574
2076-03-19,2076,Mar,19,79,SSP585,3.6259983992156863,-5.823461539878558,1.4692285930347933
2076-03-20,2076,Mar,20,80,SSP585,4.144805079215686,-4.917075751878558,1.6257805116689568
2076-03-21,2076,Mar,21,81,SSP585,4.663611759215686,-4.691242255878557,4.636394331556868
2076-03-22,2076,Mar,22,82,SSP585,3.5863249472156857,-3.977120119878558,3.8415922831064435
2076-03-23,2076,Mar,23,83,SSP585,2.4785200952156856,-4.309766755878558,1.2885917638415185
2076-03-24,2076,Mar,24,84,SSP585,1.5263572472156863,-5.167323679878558,2.6373467551512952
2076-03-25,2076,Mar,25,85,SSP585,2.457157467215686,-4.038156199878558,2.697559031549037
2076-03-26,2076,Mar,26,86,SSP585,3.885401739215686,-3.1073559798785575,3.191299698010655
2076-03-27,2076,Mar,27,87,SSP585,5.170211223215686,-2.7655539318785576,3.5284884458381005
2076-03-28,2076,Mar,28,88,SSP585,4.1539604912156864,-4.392165463878557,3.7332101855904867
2076-03-29,2076,Mar,29,89,SSP585,4.611731091215686,-4.334181187878558,2.4567099259580205
2076-03-30,2076,Mar,30,90,SSP585,4.297395279215686,-3.3545521038785577,2.3483278284420632
2076-03-31,2076,Mar,31,91,SSP585,5.399096523215686,-2.524461415878558,1.0718275688095573
2077-03-01,2077,Mar,1,60,SSP585,-3.042193340784314,-10.968803083878559,2.4567099259580205
2077-03-02,2077,Mar,2,61,SSP585,-3.631191512784314,-10.892507983878557,3.552573356397212
2077-03-03,2077,Mar,3,62,SSP585,-4.3514172567843135,-12.244457155878557,1.0959124793686608
2077-03-04,2077,Mar,4,63,SSP585,-4.781721620784314,-12.830403523878559,2.0472664464532566
2077-03-05,2077,Mar,5,64,SSP585,-2.3067085767843136,-9.806065759878557,2.974535502978741
2077-03-06,2077,Mar,6,65,SSP585,-1.977113744784314,-9.027855739878557,1.589653145830278
2077-03-07,2077,Mar,7,66,SSP585,-3.274130444784314,-9.131617075878559,1.3367615849597252
2077-03-08,2077,Mar,8,67,SSP585,-4.336158236784314,-9.076684603878558,1.9509268042168275
2077-03-09,2077,Mar,9,68,SSP585,-6.286260992784314,-9.860998231878558,2.5891769340330884
2077-03-10,2077,Mar,10,69,SSP585,-5.694211016784314,-9.442901083878557,3.191299698010655
2077-03-11,2077,Mar,11,70,SSP585,-4.143894584784314,-10.779591235878557,1.5655682352711748
2077-03-12,2077,Mar,12,71,SSP585,-1.9374402927843137,-8.817281263878558,2.4205825601193416
2077-03-13,2077,Mar,13,72,SSP585,-1.1073496047843139,-7.239498595878557,1.3608464955188364
2077-03-14,2077,Mar,14,73,SSP585,-1.7299176207843137,-8.017708615878558,2.360370283721599
2077-03-15,2077,Mar,15,74,SSP585,-1.2965614527843137,-7.688113783878558,3.9981442017406073
2077-03-16,2077,Mar,16,75,SSP585,-0.5275068447843139,-7.242550399878557,3.660955453913161
2077-03-17,2077,Mar,17,76,SSP585,-2.0137353927843136,-7.373777971878558,2.011139080614617
2077-03-18,2077,Mar,18,77,SSP585,-2.3372266167843136,-7.025872315878558,2.0352239911737287
2077-03-19,2077,Mar,19,78,SSP585,-4.3575208647843136,-9.290310883878558,1.1561247557664505
2077-03-20,2077,Mar,20,79,SSP585,-3.805144340784314,-8.820333067878558,2.13156363341011
2077-03-21,2077,Mar,21,80,SSP585,-3.100177616784314,-7.7125282158785575,1.9629692594964028
2077-03-22,2077,Mar,22,81,SSP585,-1.4613588687843138,-5.811254323878558,2.673474120989934
2077-03-23,2077,Mar,23,82,SSP585,-0.31082876078431365,-6.098123899878558,1.4812710483143212
2077-03-24,2077,Mar,24,83,SSP585,0.7115255792156863,-5.100183991878557,2.8541109501832085
2077-03-25,2077,Mar,25,84,SSP585,1.6606366232156862,-5.167323679878558,3.75729509614959
2077-03-26,2077,Mar,26,85,SSP585,1.6453776032156864,-5.548799179878557,2.781856218505891
2077-03-27,2077,Mar,27,86,SSP585,2.093992791215686,-4.8743504958785575,1.1561247557664505
2077-03-28,2077,Mar,28,87,SSP585,2.383914171215686,-3.824529919878558,1.8184597961417672
2077-03-29,2077,Mar,29,88,SSP585,4.227203787215686,-2.814382795878558,2.7096014868286207
2077-03-30,2077,Mar,30,89,SSP585,4.962688551215686,-1.9202042238785577,3.2274270638493414
2077-03-31,2077,Mar,31,90,SSP585,4.550695011215686,-3.3118268478785575,1.7341626091849138
2078-03-01,2078,Mar,1,60,SSP585,-0.8387908527843138,-8.579240551878557,1.8666296172599819
2078-03-02,2078,Mar,2,61,SSP585,-1.1561784687843137,-8.780659615878559,3.4321488036016796
2078-03-03,2078,Mar,3,62,SSP585,-2.1571701807843136,-8.991234091878557,2.6493892104308308
2078-03-04,2078,Mar,4,63,SSP585,-1.1134532127843138,-7.370726167878558,2.468752381237548
2078-03-05,2078,Mar,5,64,SSP585,-0.9791738367843138,-7.880377435878557,1.8425447067008704
2078-03-06,2078,Mar,6,65,SSP585,0.8519085632156862,-7.147944475878558,2.0472664464532566
2078-03-07,2078,Mar,7,66,SSP585,1.4286995192156862,-7.077752983878558,2.2640306414851703
2078-03-08,2078,Mar,8,67,SSP585,0.9892397432156861,-6.995354275878558,2.300158007323849
2078-03-09,2078,Mar,9,68,SSP585,0.25375497921568635,-6.9617844318785576,4.154696120374778
2078-03-10,2078,Mar,10,69,SSP585,-0.38102025278431384,-6.644396815878558,2.215860820366956
2078-03-11,2078,Mar,11,70,SSP585,-1.6627779327843137,-6.763417171878558,1.9750117147759387
2078-03-12,2078,Mar,12,71,SSP585,-0.45426354878431385,-6.525376459878558,1.3006342191210465
2078-03-13,2078,Mar,13,72,SSP585,-0.030062792784313785,-6.546739087878558,1.9388843489372993
2078-03-14,2078,Mar,14,73,SSP585,0.20187431121568622,-6.858023095878558,2.3964976495602306
2078-03-15,2078,Mar,15,74,SSP585,1.3707152432156862,-5.5701618078785575,3.3719365272039297
2078-03-16,2078,Mar,16,75,SSP585,1.1723479832156862,-4.596636331878558,2.914323226580951
2078-03-17,2078,Mar,17,76,SSP585,-0.6404235927843137,-6.226299667878558,1.7100776986258104
2078-03-18,2078,Mar,18,77,SSP585,-1.1470230567843138,-6.4948584198785575,2.3242429178829602
2078-03-19,2078,Mar,19,78,SSP585,-0.14908314878431383,-6.803090623878558,2.3242429178829602
2078-03-20,2078,Mar,20,79,SSP585,-0.42679731278431365,-5.808202519878558,2.3242429178829602
2078-03-21,2078,Mar,21,80,SSP585,-0.014803772784313773,-5.814306127878558,1.6257805116689568
2078-03-22,2078,Mar,22,81,SSP585,0.638282283215686,-6.055398643878558,1.7702899750235528
2078-03-23,2078,Mar,23,82,SSP585,-0.5702321007843137,-7.642336723878557,2.0713513570123596
2078-03-24,2078,Mar,24,83,SSP585,0.3147910592156862,-6.3819416718785575,2.673474120989934
2078-03-25,2078,Mar,25,84,SSP585,3.0522592472156864,-5.063562343878558,1.4933135035938967
2078-03-26,2078,Mar,26,85,SSP585,3.143813367215686,-3.8123227038785577,3.119044966333337
2078-03-27,2078,Mar,27,86,SSP585,3.140761563215686,-4.709553079878558,2.2881155520442733
2078-03-28,2078,Mar,28,87,SSP585,4.459140891215686,-4.648516999878558,1.7702899750235528
2078-03-29,2078,Mar,29,88,SSP585,5.429614563215686,-4.300611343878558,1.6378229669484925
2078-03-30,2078,Mar,30,89,SSP585,6.018612735215686,-5.133753835878558,1.3728889507983644
2078-03-31,2078,Mar,31,90,SSP585,6.216979995215686,-2.3321977638785576,2.336285373162488
2079-03-01,2079,Mar,1,60,SSP585,-3.744108260784314,-10.492721659878558,3.6850403644722722
2079-03-02,2079,Mar,2,61,SSP585,-3.3809435847843137,-9.964759567878557,1.589653145830278
2079-03-03,2079,Mar,3,62,SSP585,-2.935380200784314,-9.604646695878557,1.6378229669484925
2079-03-04,2079,Mar,4,63,SSP585,-2.9720018487843136,-8.884420951878557,1.7221201539053386
2079-03-05,2079,Mar,5,64,SSP585,-2.5630601127843136,-8.332044427878557,2.011139080614617
2079-03-06,2079,Mar,6,65,SSP585,-1.3423385127843137,-7.758305275878557,2.215860820366956
2079-03-07,2079,Mar,7,66,SSP585,-0.7106150847843138,-7.7705124918785575,0.915275650175386
2079-03-08,2079,Mar,8,67,SSP585,-1.0890387807843138,-7.181514319878557,1.3969738613574756
2079-03-09,2079,Mar,9,68,SSP585,-0.6251645727843138,-6.577257127878558,1.8064173408622395
2079-03-10,2079,Mar,10,69,SSP585,0.7817170712156865,-5.982155347878558,2.9022807713014234
2079-03-11,2079,Mar,11,70,SSP585,0.8641157792156864,-4.834677043878558,3.5044035352789975
2079-03-12,2079,Mar,12,71,SSP585,1.8101750192156862,-5.149012855878558,1.6137380563893815
2079-03-13,2079,Mar,13,72,SSP585,2.286256443215686,-5.869238599878558,1.4331012271961068
2079-03-14,2079,Mar,14,73,SSP585,2.5883850392156864,-5.515229335878558,1.1922521216050896
2079-03-15,2079,Mar,15,74,SSP585,1.0838456672156862,-6.247662295878557,1.2645068532824075
2079-03-16,2079,Mar,16,75,SSP585,1.3157827712156862,-5.762425459878558,1.348804040239261
2079-03-17,2079,Mar,17,76,SSP585,1.3798706552156863,-6.3819416718785575,2.0713513570123596
2079-03-18,2079,Mar,18,77,SSP585,1.3279899872156864,-5.426727019878557,2.4085401048398056
2079-03-19,2079,Mar,19,78,SSP585,1.0380686072156864,-4.715656687878558,4.11856875453614
2079-03-20,2079,Mar,20,79,SSP585,-0.2711553087843137,-5.6830785558785575,3.408063893042568
2079-03-21,2079,Mar,21,80,SSP585,-0.1765493847843138,-6.125590135878557,2.2399457309260673
2079-03-22,2079,Mar,22,81,SSP585,0.9495662912156864,-6.885489331878558,1.6859927880667072
2079-03-23,2079,Mar,23,82,SSP585,2.8874618312156857,-5.307706663878557,2.1074787228509986
2079-03-24,2079,Mar,24,83,SSP585,3.1590723872156863,-4.859091475878557,2.0472664464532566
2079-03-25,2079,Mar,25,84,SSP585,2.7074053952156865,-3.4918832838785576,1.2885917638415185
2079-03-26,2079,Mar,26,85,SSP585,3.592428555215686,-3.2355317478785577,1.5173984141530077
2079-03-27,2079,Mar,27,86,SSP585,2.631110295215686,-3.3209822598785577,2.336285373162488
2079-03-28,2079,Mar,28,87,SSP585,3.030896619215686,-3.2599461798785576,2.516922202355763
2079-03-29,2079,Mar,29,88,SSP585,2.4724164872156864,-4.315870363878558,2.3964976495602306
2079-03-30,2079,Mar,30,89,SSP585,2.573126019215686,-4.242627067878558,2.7096014868286207
2079-03-31,2079,Mar,31,90,SSP585,3.888453543215686,-2.954765779878558,2.781856218505891
2080-03-01,2080,Mar,1,61,SSP585,-5.114368256784314,-10.147867807878558,0.7225963657025802
2080-03-02,2080,Mar,2,62,SSP585,-3.228353384784314,-8.478531019878558,1.8305022514213425
2080-03-03,2080,Mar,3,63,SSP585,-2.242620692784314,-7.950568927878558,2.227903275646531
2080-03-04,2080,Mar,4,64,SSP585,-1.9801655487843137,-7.990242379878557,2.1436060886896855
2080-03-05,2080,Mar,5,65,SSP585,-1.9679583327843138,-7.987190575878557,1.3126766744006217
2080-03-06,2080,Mar,6,66,SSP585,-1.2935096487843136,-7.3646225598785575,2.9865779582582768
2080-03-07,2080,Mar,7,67,SSP585,-0.7228223007843138,-7.294431067878557,4.046314022858821
2080-03-08,2080,Mar,8,68,SSP585,-1.8153681327843136,-7.703372803878557,2.0833938122918956
2080-03-09,2080,Mar,9,69,SSP585,-2.071719668784314,-6.659655835878558,2.468752381237548
2080-03-10,2080,Mar,10,70,SSP585,-0.9608630127843137,-7.169307103878558,2.553049568194449
2080-03-11,2080,Mar,11,71,SSP585,-0.9883292487843137,-6.967888039878558,1.7943748855826642
2080-03-12,2080,Mar,12,72,SSP585,-2.3067085767843136,-8.463271999878557,1.5655682352711748
2080-03-13,2080,Mar,13,73,SSP585,-2.383003676784314,-9.241482019878557,2.191775909807892
2080-03-14,2080,Mar,14,74,SSP585,-3.7898853207843137,-9.973914979878558,1.6619078775075957
2080-03-15,2080,Mar,15,75,SSP585,-2.639355212784314,-9.439849279878558,0.8791482843367469
2080-03-16,2080,Mar,16,76,SSP585,-1.3820119647843137,-7.172358907878558,1.1802096663255617
2080-03-17,2080,Mar,17,77,SSP585,0.7298364032156861,-6.281232139878558,2.2881155520442733
2080-03-18,2080,Mar,18,78,SSP585,2.032956711215686,-5.6281460838785575,1.7943748855826642
2080-03-19,2080,Mar,19,79,SSP585,3.137709759215686,-3.8916696078785575,1.7341626091849138
2080-03-20,2080,Mar,20,80,SSP585,2.164184283215686,-4.364699227878558,2.0352239911737287
2080-03-21,2080,Mar,21,81,SSP585,1.709465487215686,-4.4684605638785575,2.432625015398917
2080-03-22,2080,Mar,22,82,SSP585,1.361559831215686,-5.844824167878558,1.4812710483143212
2080-03-23,2080,Mar,23,83,SSP585,1.419544107215686,-4.898764927878558,1.7462050644644496
2080-03-24,2080,Mar,24,84,SSP585,3.8731945232156857,-4.276196911878557,1.9990966253350422
2080-03-25,2080,Mar,25,85,SSP585,4.669715367215686,-3.159236647878558,3.082917600494698
2080-03-26,2080,Mar,26,86,SSP585,3.2750409392156863,-3.2629979838785577,1.9629692594964028
2080-03-27,2080,Mar,27,87,SSP585,2.7745450832156857,-3.8062190958785576,0.8671058290571715
2080-03-28,2080,Mar,28,88,SSP585,3.250626507215686,-2.6007565158785577,2.866153405462784
2080-03-29,2080,Mar,29,89,SSP585,3.3330252152156863,-2.469528943878558,1.914799438378196
2080-03-30,2080,Mar,30,90,SSP585,5.161055811215686,-2.5092023958785576,4.660479242115971
2080-03-31,2080,Mar,31,91,SSP585,5.563893939215686,-2.405441059878558,2.4928372917966595
2081-03-01,2081,Mar,1,60,SSP585,-3.109333028784314,-9.265896451878557,1.9629692594964028
2081-03-02,2081,Mar,2,61,SSP585,-1.6688815407843138,-8.048226655878558,3.865677193665547
2081-03-03,2081,Mar,3,62,SSP585,-0.9303449727843137,-8.124521755878558,2.1074787228509986
2081-03-04,2081,Mar,4,63,SSP585,-2.3677446567843137,-7.993294183878557,0.9875303818527038
2081-03-05,2081,Mar,5,64,SSP585,-2.532542072784314,-8.466323803878558,1.9629692594964028
2081-03-06,2081,Mar,6,65,SSP585,-2.2822941447843137,-8.185557835878559,2.6855165762695092
2081-03-07,2081,Mar,7,66,SSP585,-1.6017418527843137,-7.437865855878558,1.7100776986258104
2081-03-08,2081,Mar,8,67,SSP585,0.29037662721568624,-7.913947279878558,2.191775909807892
2081-03-09,2081,Mar,9,68,SSP585,-0.08804706878431379,-6.8976965478785575,2.673474120989934
2081-03-10,2081,Mar,10,69,SSP585,-0.24674087678431378,-6.302594767878558,1.9990966253350422
2081-03-11,2081,Mar,11,70,SSP585,0.44296682721568614,-6.000466171878557,2.9263656818605264
2081-03-12,2081,Mar,12,71,SSP585,0.09811297521568618,-5.445037843878557,2.3964976495602306
2081-03-13,2081,Mar,13,72,SSP585,-0.5152996287843137,-6.317853787878558,1.3849314060778923
2081-03-14,2081,Mar,14,73,SSP585,-0.6099055527843138,-6.223247863878558,1.3367615849597252
2081-03-15,2081,Mar,15,74,SSP585,-0.5275068447843139,-7.077752983878558,1.7221201539053386
2081-03-16,2081,Mar,16,75,SSP585,2.036008515215686,-4.746174727878557,3.6127856327949543
2081-03-17,2081,Mar,17,76,SSP585,1.1448817472156863,-4.614947155878558,4.648436786836396
2081-03-18,2081,Mar,18,77,SSP585,-0.03616640078431366,-5.194789915878557,2.167690999248789
2081-03-19,2081,Mar,19,78,SSP585,0.05538771921568619,-6.943473607878557,1.7943748855826642
2081-03-20,2081,Mar,20,79,SSP585,0.6047124392156864,-6.592516147878557,2.5891769340330884
2081-03-21,2081,Mar,21,80,SSP585,1.4256477152156861,-5.402312587878558,2.8300260396241055
2081-03-22,2081,Mar,22,81,SSP585,1.0594312352156863,-5.957740915878558,2.541007112914874
2081-03-23,2081,Mar,23,82,SSP585,1.2913683392156863,-5.768529067878557,1.5414833247120636
2081-03-24,2081,Mar,24,83,SSP585,2.5853332352156864,-4.749226531878557,1.3969738613574756
2081-03-25,2081,Mar,25,84,SSP585,2.4235876232156865,-5.738011027878558,2.6855165762695092
2081-03-26,2081,Mar,26,85,SSP585,4.010525703215686,-3.3453966918785576,2.0352239911737287
2081-03-27,2081,Mar,27,86,SSP585,4.1539604912156864,-3.589541011878558,2.914323226580951
2081-03-28,2081,Mar,28,87,SSP585,2.737923435215686,-4.263989695878558,3.6850403644722722
2081-03-29,2081,Mar,29,88,SSP585,3.1010881112156863,-4.6454651958785576,2.167690999248789
2081-03-30,2081,Mar,30,89,SSP585,5.478443427215686,-2.5916011038785576,1.8786720725395099
2081-03-31,2081,Mar,31,90,SSP585,4.126494255215686,-2.6221191438785576,2.5771344787535133
2082-03-01,2082,Mar,1,60,SSP585,-4.751203580784313,-11.383848427878558,1.7462050644644496
2082-03-02,2082,Mar,2,61,SSP585,-2.5752673287843137,-8.744037967878558,2.1074787228509986
2082-03-03,2082,Mar,3,62,SSP585,-2.086978688784314,-8.649432043878559,3.107002511053809
2082-03-04,2082,Mar,4,63,SSP585,-2.9720018487843136,-8.475479215878558,0.9273181054549613
2082-03-05,2082,Mar,5,64,SSP585,-1.9313366847843136,-9.296414491878558,2.1074787228509986
2082-03-06,2082,Mar,6,65,SSP585,-0.8571016767843138,-8.768452399878559,1.1320398452073472
2082-03-07,2082,Mar,7,66,SSP585,-1.6780369527843138,-9.876257251878558,2.4567099259580205
2082-03-08,2082,Mar,8,67,SSP585,-0.20096381678431374,-9.021752131878557,2.0954362675714706
2082-03-09,2082,Mar,9,68,SSP585,1.5568752872156864,-6.629137795878558,1.2645068532824075
2082-03-10,2082,Mar,10,69,SSP585,1.9932832592156864,-5.9760517398785575,0.9995728371322792
2082-03-11,2082,Mar,11,70,SSP585,-0.28946613278431377,-7.260861223878558,1.6257805116689568
2082-03-12,2082,Mar,12,71,SSP585,-0.011751968784313727,-6.9556808238785575,2.553049568194449
2082-03-13,2082,Mar,13,72,SSP585,-0.5427658647843137,-6.8427640758785575,3.408063893042568
2082-03-14,2082,Mar,14,73,SSP585,-0.8387908527843138,-8.185557835878559,2.119521178130574
2082-03-15,2082,Mar,15,74,SSP585,-0.7228223007843138,-7.913947279878558,1.3247191296801497
2082-03-16,2082,Mar,16,75,SSP585,-0.5519212767843138,-7.270016635878558,3.287639340247084
2082-03-17,2082,Mar,17,76,SSP585,0.5375727512156863,-7.010613295878557,1.3849314060778923
2082-03-18,2082,Mar,18,77,SSP585,2.4266394272156866,-5.231411563878558,2.1074787228509986
2082-03-19,2082,Mar,19,78,SSP585,3.7511223632156856,-5.6250942798785575,4.323290494288525
2082-03-20,2082,Mar,20,79,SSP585,1.477528383215686,-6.769520779878558,2.528964657635338
2082-03-21,2082,Mar,21,80,SSP585,0.9343072712156861,-6.238506883878557,2.191775909807892
2082-03-22,2082,Mar,22,81,SSP585,1.6972582712156863,-6.101175703878558,2.1556485439692135
2082-03-23,2082,Mar,23,82,SSP585,2.274049227215686,-5.805150715878558,1.5655682352711748
2082-03-24,2082,Mar,24,83,SSP585,2.9484979112156857,-5.829565147878558,2.2399457309260673
2082-03-25,2082,Mar,25,84,SSP585,2.3076190712156865,-5.564058199878557,2.7096014868286207
2082-03-26,2082,Mar,26,85,SSP585,0.7939242872156862,-6.586412539878557,3.9138470147837614
2082-03-27,2082,Mar,27,86,SSP585,2.1977541272156866,-5.136805639878558,1.9509268042168275
2082-03-28,2082,Mar,28,87,SSP585,4.5598504232156865,-3.2294281398785576,3.034747779376483
2082-03-29,2082,Mar,29,88,SSP585,4.523228775215686,-3.9313430598785577,2.2519881862056423
2082-03-30,2082,Mar,30,89,SSP585,4.684974387215686,-3.8642033718785576,3.20334215329023
2082-03-31,2082,Mar,31,90,SSP585,5.734794963215686,-2.8357454238785578,1.5294408694325357
2083-03-01,2083,Mar,1,60,SSP585,-4.491800240784314,-9.070580995878558,1.8184597961417672
2083-03-02,2083,Mar,2,61,SSP585,-4.595561576784314,-10.166178631878559,2.336285373162488
2083-03-03,2083,Mar,3,62,SSP585,-2.642407016784314,-10.321820635878558,1.6619078775075957
2083-03-04,2083,Mar,4,63,SSP585,-1.2782506287843138,-9.226222999878559,3.4803186247198865
2083-03-05,2083,Mar,5,64,SSP585,0.28427301921568615,-7.511109151878558,2.3964976495602306
2083-03-06,2083,Mar,6,65,SSP585,-0.46952256878431387,-6.906851959878558,1.0959124793686608
2083-03-07,2083,Mar,7,66,SSP585,-1.0249508967843137,-7.834600375878558,0.9393605607344973
2083-03-08,2083,Mar,8,67,SSP585,0.3880343552156862,-7.172358907878558,1.8425447067008704
2083-03-09,2083,Mar,9,68,SSP585,0.12557921121568616,-6.934318195878558,2.2519881862056423
2083-03-10,2083,Mar,10,69,SSP585,0.610816047215686,-7.0716493758785575,4.034271567579293
2083-03-11,2083,Mar,11,70,SSP585,-0.3352431927843138,-6.989250667878558,2.4928372917966595
2083-03-12,2083,Mar,12,71,SSP585,-0.7960655967843138,-8.026864027878558,3.3598940719244017
2083-03-13,2083,Mar,13,72,SSP585,-0.8479462647843138,-7.611818683878558,2.8902383160218954
2083-03-14,2083,Mar,14,73,SSP585,0.15304544721568614,-7.263913027878558,1.2645068532824075
2083-03-15,2083,Mar,15,74,SSP585,1.624014975215686,-7.144892671878558,0.7707661868207931
2083-03-16,2083,Mar,16,75,SSP585,1.419544107215686,-7.370726167878558,1.7462050644644496
2083-03-17,2083,Mar,17,76,SSP585,0.6260750672156863,-6.220196059878558,1.4210587719165788
2083-03-18,2083,Mar,18,77,SSP585,0.6932147552156864,-5.701389379878558,2.119521178130574
2083-03-19,2083,Mar,19,78,SSP585,0.8335977392156864,-4.5844291158785575,3.082917600494698
2083-03-20,2083,Mar,20,79,SSP585,1.8773147072156864,-4.8194180238785576,3.01066286881738
2083-03-21,2083,Mar,21,80,SSP585,3.2292638792156856,-4.260937891878558,1.4090163166370036
2083-03-22,2083,Mar,22,81,SSP585,2.853891987215686,-3.6933023478785576,2.516922202355763
2083-03-23,2083,Mar,23,82,SSP585,2.148925263215686,-5.1062875998785575,2.2881155520442733
2083-03-24,2083,Mar,24,83,SSP585,2.6433175112156864,-4.730915707878558,3.3598940719244017
2083-03-25,2083,Mar,25,84,SSP585,1.913936355215686,-5.5671100038785575,2.721643942108148
2083-03-26,2083,Mar,26,85,SSP585,0.8000278952156863,-6.183574411878558,2.697559031549037
2083-03-27,2083,Mar,27,86,SSP585,0.6352304792156864,-5.527436551878558,3.2153846085697655
2083-03-28,2083,Mar,28,87,SSP585,1.5996005432156861,-5.460296863878558,2.2519881862056423
2083-03-29,2083,Mar,29,88,SSP585,4.352327751215686,-4.022897179878558,1.9027569830986208
2083-03-30,2083,Mar,30,89,SSP585,3.494770827215686,-4.2395752638785575,1.4210587719165788
2083-03-31,2083,Mar,31,90,SSP585,3.6778790672156862,-4.630206175878557,1.6378229669484925
2084-03-01,2084,Mar,1,61,SSP585,-1.1226086247843137,-7.874273827878557,3.4321488036016796
2084-03-02,2084,Mar,2,62,SSP585,-2.1663255927843137,-8.643328435878558,2.468752381237548
2084-03-03,2084,Mar,3,63,SSP585,-2.068667864784314,-10.199748475878557,1.9870541700555142
2084-03-04,2084,Mar,4,64,SSP585,-2.288397752784314,-9.976966783878558,2.6493892104308308
2084-03-05,2084,Mar,5,65,SSP585,-2.7309093327843135,-10.272991771878559,3.0467902346560587
2084-03-06,2084,Mar,6,66,SSP585,-1.6536225207843138,-9.424590259878558,2.432625015398917
2084-03-07,2084,Mar,7,67,SSP585,-1.2324735687843138,-9.867101839878558,2.372412739001174
2084-03-08,2084,Mar,8,68,SSP585,-1.2446807847843138,-8.649432043878559,0.6985114551434738
2084-03-09,2084,Mar,9,69,SSP585,-1.1195568207843136,-8.640276631878557,2.5771344787535133
2084-03-10,2084,Mar,10,70,SSP585,-0.5854911207843138,-9.958655959878557,1.4933135035938967
2084-03-11,2084,Mar,11,71,SSP585,-0.8967751287843138,-7.913947279878558,3.1672147874515515
2084-03-12,2084,Mar,12,72,SSP585,-0.39627927278431385,-7.501953739878558,3.1672147874515515
2084-03-13,2084,Mar,13,73,SSP585,-0.5549730807843137,-8.319837211878557,1.1922521216050896
2084-03-14,2084,Mar,14,74,SSP585,0.3025838432156862,-8.158091599878556,1.8907145278190851
2084-03-15,2084,Mar,15,75,SSP585,1.3981814792156861,-6.488754811878557,1.57761069055075
2084-03-16,2084,Mar,16,76,SSP585,1.8925737272156862,-5.771580871878557,1.9027569830986208
2084-03-17,2084,Mar,17,77,SSP585,-1.7207622087843137,-7.425658639878558,1.7702899750235528
2084-03-18,2084,Mar,18,78,SSP585,-1.3392867087843139,-8.588395963878558,1.8305022514213425
2084-03-19,2084,Mar,19,79,SSP585,0.03402509121568631,-8.298474583878559,1.2042945768846176
2084-03-20,2084,Mar,20,80,SSP585,0.4399150232156863,-6.507065635878558,1.6498654222280678
2084-03-21,2084,Mar,21,81,SSP585,1.132674531215686,-6.647448619878558,2.6493892104308308
2084-03-22,2084,Mar,22,82,SSP585,2.457157467215686,-5.734959223878558,1.6137380563893815
2084-03-23,2084,Mar,23,83,SSP585,3.1010881112156863,-4.309766755878558,1.3969738613574756
2084-03-24,2084,Mar,24,84,SSP585,3.650412831215686,-4.0076381598785575,2.1556485439692135
2084-03-25,2084,Mar,25,85,SSP585,4.4438818712156865,-3.7848564678785577,0.9995728371322792
2084-03-26,2084,Mar,26,86,SSP585,3.1255025432156858,-4.273145107878557,1.3126766744006217
2084-03-27,2084,Mar,27,87,SSP585,4.0379919392156864,-3.186702883878558,1.8184597961417672
2084-03-28,2084,Mar,28,88,SSP585,5.283127971215686,-1.8713753598785576,2.9263656818605264
2084-03-29,2084,Mar,29,89,SSP585,5.090864319215686,-2.0178619518785577,4.455757502363586
2084-03-30,2084,Mar,30,90,SSP585,4.910807883215686,-3.012750055878558,2.974535502978741
2084-03-31,2084,Mar,31,91,SSP585,5.481495231215686,-3.8764105878785577,1.0838700240891326
2085-03-01,2085,Mar,1,60,SSP585,-2.6881840767843137,-10.224162907878558,1.0357002029709181
2085-03-02,2085,Mar,2,61,SSP585,-1.4033745927843138,-9.137720683878559,2.0352239911737287
2085-03-03,2085,Mar,3,62,SSP585,-0.9089823447843137,-8.579240551878557,2.721643942108148
2085-03-04,2085,Mar,4,63,SSP585,0.4887438872156864,-7.587404251878557,3.287639340247084
2085-03-05,2085,Mar,5,64,SSP585,1.3524044192156863,-7.501953739878558,3.1431298768924405
2085-03-06,2085,Mar,6,65,SSP585,0.08590575921568622,-9.629061127878558,2.7457288526672516
2085-03-07,2085,Mar,7,66,SSP585,0.5192619272156864,-9.305569903878558,0.5058321706706672
2085-03-08,2085,Mar,8,67,SSP585,3.0492074432156864,-6.909903763878558,1.5655682352711748
2085-03-09,2085,Mar,9,68,SSP585,3.4062685112156856,-6.046243231878558,3.5044035352789975
2085-03-10,2085,Mar,10,69,SSP585,1.0411204112156864,-7.514160955878558,4.5761820551591175
2085-03-11,2085,Mar,11,70,SSP585,-0.3932274687843138,-7.578248839878557,1.240421942723304
2085-03-12,2085,Mar,12,71,SSP585,1.3981814792156861,-6.906851959878558,2.215860820366956
2085-03-13,2085,Mar,13,72,SSP585,2.0146458872156865,-6.803090623878558,1.047742658250454
2085-03-14,2085,Mar,14,73,SSP585,2.1397698512156866,-6.449081359878558,2.553049568194449
2085-03-15,2085,Mar,15,74,SSP585,1.453113951215686,-7.028924119878558,2.2519881862056423
2085-03-16,2085,Mar,16,75,SSP585,2.0695783592156864,-7.324949107878558,1.9870541700555142
2085-03-17,2085,Mar,17,76,SSP585,2.8783064192156864,-7.163203495878558,1.4812710483143212
2085-03-18,2085,Mar,18,77,SSP585,3.3482842352156856,-5.982155347878558,2.0472664464532566
2085-03-19,2085,Mar,19,78,SSP585,3.195694035215686,-4.926231163878558,2.8541109501832085
2085-03-20,2085,Mar,20,79,SSP585,4.056302763215686,-3.8184263118785577,3.769337551429126
2085-03-21,2085,Mar,21,80,SSP585,4.065458175215686,-3.9343948638785577,1.9388843489372993
2085-03-22,2085,Mar,22,81,SSP585,4.309602495215686,-4.386061855878557,2.8179835843445695
2085-03-23,2085,Mar,23,82,SSP585,4.904704275215686,-3.879462391878558,1.3849314060778923
2085-03-24,2085,Mar,24,83,SSP585,4.782632115215686,-3.977120119878558,0.7466812762616867
2085-03-25,2085,Mar,25,84,SSP585,3.839624679215686,-4.450149739878558,0.7707661868207931
2085-03-26,2085,Mar,26,85,SSP585,3.8152102472156857,-3.5559711678785577,3.01066286881738
2085-03-27,2085,Mar,27,86,SSP585,3.659568243215686,-4.108347691878558,0.6864689998638984
2085-03-28,2085,Mar,28,87,SSP585,4.141753275215686,-3.3637075158785574,2.203818365087428
2085-03-29,2085,Mar,29,88,SSP585,3.479511807215686,-3.1805992758785577,0.5178746259501975
2085-03-30,2085,Mar,30,89,SSP585,3.6809308712156863,-4.135813927878558,0.8309784632185402
2085-03-31,2085,Mar,31,90,SSP585,6.241394427215686,-2.927299543878558,1.4090163166370036
2086-03-01,2086,Mar,1,60,SSP585,-4.0035116007843135,-10.349286871878558,1.3247191296801497
2086-03-02,2086,Mar,2,61,SSP585,-1.977113744784314,-8.045174851878556,1.4933135035938967
2086-03-03,2086,Mar,3,62,SSP585,-1.6231044807843138,-7.147944475878558,1.3006342191210465
2086-03-04,2086,Mar,4,63,SSP585,-0.8906715207843138,-6.809194231878558,3.648912998633633
2086-03-05,2086,Mar,5,64,SSP585,-1.6505707167843138,-7.114374631878558,3.275596884967509
2086-03-06,2086,Mar,6,65,SSP585,-1.4857733007843137,-7.343259931878558,2.613261844592192
2086-03-07,2086,Mar,7,66,SSP585,-1.1012459967843138,-7.331052715878558,1.9750117147759387
2086-03-08,2086,Mar,8,67,SSP585,-2.0442534327843136,-6.345320023878558,2.565092023473977
2086-03-09,2086,Mar,9,68,SSP585,-3.069659576784314,-7.508057347878558,1.7943748855826642
2086-03-10,2086,Mar,10,69,SSP585,-3.5396373927843134,-8.072641087878559,0.8671058290571715
2086-03-11,2086,Mar,11,70,SSP585,-3.3290629167843138,-8.554826119878559,1.6980352433462824
2086-03-12,2086,Mar,12,71,SSP585,-2.2212580647843136,-9.210963979878557,2.336285373162488
2086-03-13,2086,Mar,13,72,SSP585,-0.12466871678431368,-7.282223851878558,3.2515119744083973
2086-03-14,2086,Mar,14,73,SSP585,0.5925052232156862,-6.601671559878557,2.13156363341011
2086-03-15,2086,Mar,15,74,SSP585,0.1713562712156862,-5.203945327878557,0.9995728371322792
2086-03-16,2086,Mar,16,75,SSP585,1.0136541752156865,-6.107279311878558,2.0713513570123596
2086-03-17,2086,Mar,17,76,SSP585,1.3463008112156862,-5.713596595878558,2.011139080614617
2086-03-18,2086,Mar,18,77,SSP585,1.6881028592156861,-4.337232991878558,1.7702899750235528
2086-03-19,2086,Mar,19,78,SSP585,1.6636884272156862,-4.6454651958785576,2.7938986737854665
2086-03-20,2086,Mar,20,79,SSP585,0.5375727512156863,-5.664767731878557,2.0352239911737287
2086-03-21,2086,Mar,21,80,SSP585,-1.0066400727843137,-7.120478239878557,2.336285373162488
2086-03-22,2086,Mar,22,81,SSP585,1.1113119032156862,-4.892661319878558,2.300158007323849
2086-03-23,2086,Mar,23,82,SSP585,3.372698667215686,-4.090036867878558,2.769813763226363
2086-03-24,2086,Mar,24,83,SSP585,2.8783064192156864,-3.562074775878558,2.2881155520442733
2086-03-25,2086,Mar,25,84,SSP585,3.946437819215686,-2.0422763838785576,3.937931925342865
2086-03-26,2086,Mar,26,85,SSP585,3.8091066392156856,-2.927299543878558,3.0588326899355947
2086-03-27,2086,Mar,27,86,SSP585,4.773476703215686,-2.9974910358785576,3.6127856327949543
2086-03-28,2086,Mar,28,87,SSP585,4.053250959215686,-2.5916011038785576,2.3242429178829602
2086-03-29,2086,Mar,29,88,SSP585,3.9281269952156856,-2.060587207878558,2.227903275646531
2086-03-30,2086,Mar,30,89,SSP585,4.330965123215686,-2.6160155358785575,2.203818365087428
2086-03-31,2086,Mar,31,90,SSP585,4.120390647215686,-3.2080655118785577,4.359417860127165
2087-03-01,2087,Mar,1,60,SSP585,-1.5284985567843137,-8.408339527878557,1.6980352433462824
2087-03-02,2087,Mar,2,61,SSP585,-2.581370936784314,-8.209972267878559,3.034747779376483
2087-03-03,2087,Mar,3,62,SSP585,-2.700391292784314,-7.6514921358785575,3.636870543354058
2087-03-04,2087,Mar,4,63,SSP585,-3.5518446087843136,-8.344251643878557,1.6619078775075957
2087-03-05,2087,Mar,5,64,SSP585,-3.820403360784314,-8.609758591878558,1.2885917638415185
2087-03-06,2087,Mar,6,65,SSP585,-1.9404920967843138,-6.635241403878558,3.468276169440358
2087-03-07,2087,Mar,7,66,SSP585,-2.3067085767843136,-7.547730799878558,2.9624930476991658
2087-03-08,2087,Mar,8,67,SSP585,-3.1429028727843136,-7.398192403878558,3.082917600494698
2087-03-09,2087,Mar,9,68,SSP585,-2.587474544784314,-6.879385723878558,1.8305022514213425
2087-03-10,2087,Mar,10,69,SSP585,-2.2487243007843136,-6.662707639878558,1.3006342191210465
2087-03-11,2087,Mar,11,70,SSP585,-1.9282848807843138,-6.928214587878558,2.215860820366956
2087-03-12,2087,Mar,12,71,SSP585,-1.4979805167843137,-7.144892671878558,2.191775909807892
2087-03-13,2087,Mar,13,72,SSP585,1.077742059215686,-6.687122071878558,2.167690999248789
2087-03-14,2087,Mar,14,73,SSP585,0.464329455215686,-6.0920202918785575,2.336285373162488
2087-03-15,2087,Mar,15,74,SSP585,-1.0402099167843137,-6.021828799878557,1.5173984141530077
2087-03-16,2087,Mar,16,75,SSP585,-1.3728565527843137,-7.346311735878557,3.648912998633633
2087-03-17,2087,Mar,17,76,SSP585,-0.41153829278431386,-5.811254323878558,6.442762623489623
2087-03-18,2087,Mar,18,77,SSP585,-0.2131710327843137,-5.496918511878558,3.5164459905585725
2087-03-19,2087,Mar,19,78,SSP585,-1.5742756167843137,-7.291379263878557,1.4090163166370036
2087-03-20,2087,Mar,20,79,SSP585,-1.2751988247843138,-6.7847797998785575,1.6016956011098535
2087-03-21,2087,Mar,21,80,SSP585,-0.5976983367843137,-7.666751155878558,2.6373467551512952
2087-03-22,2087,Mar,22,81,SSP585,1.1509853552156863,-5.545747375878557,2.7457288526672516
2087-03-23,2087,Mar,23,82,SSP585,0.09200936721568631,-5.878394011878558,2.6253042998717198
2087-03-24,2087,Mar,24,83,SSP585,-0.10940969678431367,-5.206997131878557,3.877719648945122
2087-03-25,2087,Mar,25,84,SSP585,0.36361992321568626,-4.7553301398785575,3.8054649172678046
2087-03-26,2087,Mar,26,85,SSP585,1.9902314552156863,-4.569170095878558,3.01066286881738
2087-03-27,2087,Mar,27,86,SSP585,2.8752546152156864,-4.1175031038785574,1.914799438378196
2087-03-28,2087,Mar,28,87,SSP585,1.8132268232156863,-5.548799179878557,1.9870541700555142
2087-03-29,2087,Mar,29,88,SSP585,3.427631139215686,-3.455261635878558,2.516922202355763
2087-03-30,2087,Mar,30,89,SSP585,4.630041915215686,-2.1124678758785578,4.455757502363586
2087-03-31,2087,Mar,31,90,SSP585,6.000301911215686,-2.5122541998785577,1.8305022514213425
2088-03-01,2088,Mar,1,61,SSP585,-3.2130943647843138,-8.972923267878556,2.372412739001174
2088-03-02,2088,Mar,2,62,SSP585,-3.756315476784314,-9.604646695878557,1.8786720725395099
2088-03-03,2088,Mar,3,63,SSP585,-2.8011008247843137,-10.782643039878558,1.4090163166370036
2088-03-04,2088,Mar,4,64,SSP585,-2.898758552784314,-8.460220195878557,1.5294408694325357
2088-03-05,2088,Mar,5,65,SSP585,-4.162205408784314,-10.227214711878558,1.2645068532824075
2088-03-06,2088,Mar,6,66,SSP585,-3.3565291527843137,-9.418486651878558,1.6378229669484925
2088-03-07,2088,Mar,7,67,SSP585,-1.9343884887843137,-9.537507007878558,2.3964976495602306
2088-03-08,2088,Mar,8,68,SSP585,-1.7024513847843137,-9.787754935878556,1.6137380563893815
2088-03-09,2088,Mar,9,69,SSP585,-0.5397140607843138,-8.414443135878557,2.2760730967647453
2088-03-10,2088,Mar,10,70,SSP585,0.2507031752156863,-8.390028703878556,1.6257805116689568
2088-03-11,2088,Mar,11,71,SSP585,0.5741943992156864,-7.233394987878557,2.3242429178829602
2088-03-12,2088,Mar,12,72,SSP585,-0.2558962887843137,-5.899756639878557,1.9509268042168275
2088-03-13,2088,Mar,13,73,SSP585,-1.2172145487843138,-7.096063807878558,0.8911907396162827
2088-03-14,2088,Mar,14,74,SSP585,-0.9608630127843137,-7.3615707558785575,1.4812710483143212
2088-03-15,2088,Mar,15,75,SSP585,0.6901629512156864,-5.835668755878558,2.697559031549037
2088-03-16,2088,Mar,16,76,SSP585,1.019757783215686,-5.713596595878558,1.6739503327871712
2088-03-17,2088,Mar,17,77,SSP585,0.7084737752156862,-6.836660467878557,1.1681672110459864
2088-03-18,2088,Mar,18,78,SSP585,1.4378549312156863,-5.130702031878558,2.4567099259580205
2088-03-19,2088,Mar,19,79,SSP585,-0.11551330478431376,-6.598619755878557,2.203818365087428
2088-03-20,2088,Mar,20,80,SSP585,-0.6129573567843137,-6.504013831878558,2.7096014868286207
2088-03-21,2088,Mar,21,81,SSP585,-0.43900452878431384,-6.662707639878558,1.5294408694325357
2088-03-22,2088,Mar,22,82,SSP585,-0.06363263678431386,-6.296491159878558,1.6980352433462824
2088-03-23,2088,Mar,23,83,SSP585,0.5558835752156861,-5.203945327878557,1.1561247557664505
2088-03-24,2088,Mar,24,84,SSP585,0.9922915472156861,-4.541703859878558,2.227903275646531
2088-03-25,2088,Mar,25,85,SSP585,1.395129675215686,-4.560014683878558,0.9875303818527038
2088-03-26,2088,Mar,26,86,SSP585,2.7531824552156863,-5.1062875998785575,3.034747779376483
2088-03-27,2088,Mar,27,87,SSP585,5.219040087215686,-2.8571080518785577,3.6850403644722722
2088-03-28,2088,Mar,28,88,SSP585,6.018612735215686,-2.3657676078785577,0.9273181054549613
2088-03-29,2088,Mar,29,89,SSP585,5.472339819215686,-2.2436954478785576,2.4085401048398056
2088-03-30,2088,Mar,30,90,SSP585,5.795831043215686,-1.6455418638785577,2.6012193893126163
2088-03-31,2088,Mar,31,91,SSP585,6.320741331215686,-2.692310635878558,1.4210587719165788
2089-03-01,2089,Mar,1,60,SSP585,0.20187431121568622,-6.592516147878557,3.5164459905585725
2089-03-02,2089,Mar,2,61,SSP585,-2.3707964607843137,-7.874273827878557,3.648912998633633
2089-03-03,2089,Mar,3,62,SSP585,-2.526438464784314,-9.043114759878558,2.7096014868286207
2089-03-04,2089,Mar,4,63,SSP585,4.552472156862386e-4,-7.605715075878558,1.7462050644644496
2089-03-05,2089,Mar,5,64,SSP585,0.3453090992156862,-8.228283091878557,1.2283794874437288
2089-03-06,2089,Mar,6,65,SSP585,-0.41764190078431374,-7.889532847878558,2.8420684949036805
2089-03-07,2089,Mar,7,66,SSP585,-0.1399277367843137,-7.328000911878558,1.589653145830278
2089-03-08,2089,Mar,8,67,SSP585,0.9221000552156864,-6.589464343878557,1.7100776986258104
2089-03-09,2089,Mar,9,68,SSP585,1.044172215215686,-6.7817279958785575,2.2519881862056423
2089-03-10,2089,Mar,10,69,SSP585,0.7908724832156862,-6.952629019878557,2.8300260396241055
2089-03-11,2089,Mar,11,70,SSP585,0.8000278952156863,-5.805150715878558,1.9750117147759387
2089-03-12,2089,Mar,12,71,SSP585,1.7247245072156863,-4.923179359878558,2.227903275646531
2089-03-13,2089,Mar,13,72,SSP585,2.551763391215686,-5.622042475878558,2.541007112914874
2089-03-14,2089,Mar,14,73,SSP585,0.8885302112156863,-6.513169243878558,2.528964657635338
2089-03-15,2089,Mar,15,74,SSP585,-0.2925179367843138,-6.369734455878557,2.3844551942807026
2089-03-16,2089,Mar,16,75,SSP585,0.4246560032156863,-6.104227507878558,1.5053559588734244
2089-03-17,2089,Mar,17,76,SSP585,0.5101065152156863,-6.943473607878557,2.023181535894153
2089-03-18,2089,Mar,18,77,SSP585,0.24765137121568626,-6.662707639878558,2.227903275646531
2089-03-19,2089,Mar,19,78,SSP585,-0.07583985278431382,-5.438934235878557,2.336285373162488
2089-03-20,2089,Mar,20,79,SSP585,1.5538234832156863,-4.795003591878558,2.2519881862056423
2089-03-21,2089,Mar,21,80,SSP585,2.8844100272156856,-5.060510539878558,2.1074787228509986
2089-03-22,2089,Mar,22,81,SSP585,3.4093203152156857,-4.346388403878557,2.9865779582582768
2089-03-23,2089,Mar,23,82,SSP585,3.2262120752156864,-4.331129383878558,3.793422461988229
2089-03-24,2089,Mar,24,83,SSP585,3.7389151472156863,-4.416579895878558,3.034747779376483
2089-03-25,2089,Mar,25,84,SSP585,3.7602777752156857,-4.163280163878557,2.0833938122918956
2089-03-26,2089,Mar,26,85,SSP585,3.149916975215686,-5.252774191878558,3.492361079999462
2089-03-27,2089,Mar,27,86,SSP585,5.508961467215686,-4.086985063878558,3.3719365272039297
2089-03-28,2089,Mar,28,87,SSP585,4.749062271215686,-3.8336853318785575,1.9870541700555142
2089-03-29,2089,Mar,29,88,SSP585,4.120390647215686,-3.678043327878558,3.0588326899355947
2089-03-30,2089,Mar,30,89,SSP585,6.369570195215686,-4.077829651878558,1.2885917638415185
2089-03-31,2089,Mar,31,90,SSP585,7.050122487215686,-2.5885492998785575,3.3478516166448262
2090-03-01,2090,Mar,1,60,SSP585,-3.7135902207843134,-10.495773463878557,2.4567099259580205
2090-03-02,2090,Mar,2,61,SSP585,-2.825515256784314,-10.254680947878558,1.5173984141530077
2090-03-03,2090,Mar,3,62,SSP585,-3.0788149887843135,-9.836583799878557,1.0116152924118151
2090-03-04,2090,Mar,4,63,SSP585,-4.0096152087843135,-11.142755911878556,1.9027569830986208
2090-03-05,2090,Mar,5,64,SSP585,-4.424660552784314,-10.819264687878558,2.432625015398917
2090-03-06,2090,Mar,6,65,SSP585,-2.349433832784314,-9.925086115878557,2.372412739001174
2090-03-07,2090,Mar,7,66,SSP585,-2.001528176784314,-9.781651327878556,2.8059411290649945
2090-03-08,2090,Mar,8,67,SSP585,-2.1052895127843136,-8.206920463878557,0.9634454712936006
2090-03-09,2090,Mar,9,68,SSP585,-2.608837172784314,-9.433745671878558,2.1436060886896855
2090-03-10,2090,Mar,10,69,SSP585,0.0767503472156863,-8.261852935878558,1.445143682475682
2090-03-11,2090,Mar,11,70,SSP585,-0.081943460784313693,-7.956672535878558,2.2760730967647453
2090-03-12,2090,Mar,12,71,SSP585,0.5345209472156862,-6.272076727878558,1.445143682475682
2090-03-13,2090,Mar,13,72,SSP585,-0.25894809278431374,-6.995354275878558,2.516922202355763
2090-03-14,2090,Mar,14,73,SSP585,-1.5040841247843137,-7.617922291878558,1.6257805116689568
2090-03-15,2090,Mar,15,74,SSP585,-0.7747029687843138,-6.418563319878558,1.047742658250454
2090-03-16,2090,Mar,16,75,SSP585,1.1723479832156862,-5.7441146358785575,3.6970828197518473
2090-03-17,2090,Mar,17,76,SSP585,2.3533961312156864,-4.831625239878558,3.119044966333337
2090-03-18,2090,Mar,18,77,SSP585,1.801019607215686,-4.6973458638785575,3.5164459905585725
2090-03-19,2090,Mar,19,78,SSP585,1.9505580032156862,-5.0452515198785575,4.082441388697508
2090-03-20,2090,Mar,20,79,SSP585,1.801019607215686,-5.0483033238785575,3.8175073725473325
2090-03-21,2090,Mar,21,80,SSP585,1.7735533712156861,-5.213100739878557,1.7702899750235528
2090-03-22,2090,Mar,22,81,SSP585,3.204849447215686,-3.9618610998785577,2.9384081371400623
2090-03-23,2090,Mar,23,82,SSP585,3.5283406712156857,-3.6566806998785575,2.203818365087428
2090-03-24,2090,Mar,24,83,SSP585,3.5252888672156857,-4.376906443878558,1.926841893657724
2090-03-25,2090,Mar,25,84,SSP585,3.311662587215686,-5.149012855878558,3.576658266956316
2090-03-26,2090,Mar,26,85,SSP585,2.402224995215686,-5.557954591878557,2.13156363341011
2090-03-27,2090,Mar,27,86,SSP585,2.112303615215686,-4.782796375878558,1.8064173408622395
2090-03-28,2090,Mar,28,87,SSP585,3.485615415215686,-4.828573435878558,1.2885917638415185
2090-03-29,2090,Mar,29,88,SSP585,4.208892963215686,-4.230419851878557,2.0713513570123596
2090-03-30,2090,Mar,30,89,SSP585,4.916911491215686,-3.449158027878558,1.9990966253350422
2090-03-31,2090,Mar,31,90,SSP585,5.197677459215686,-3.217220923878558,2.9263656818605264
2091-03-01,2091,Mar,1,60,SSP585,-5.059435784784314,-8.866110127878557,2.179733454528317
2091-03-02,2091,Mar,2,61,SSP585,-4.690167500784313,-8.725727143878558,3.299681795526612
2091-03-03,2091,Mar,3,62,SSP585,-5.093005628784314,-7.987190575878557,1.7582475197440248
2091-03-04,2091,Mar,4,63,SSP585,-5.413445048784314,-8.896628167878557,1.6498654222280678
2091-03-05,2091,Mar,5,64,SSP585,-3.1520582847843137,-6.848867683878558,3.3598940719244017
2091-03-06,2091,Mar,6,65,SSP585,-0.9913810527843138,-5.762425459878558,2.2881155520442733
2091-03-07,2091,Mar,7,66,SSP585,-2.727857528784314,-7.837652179878558,2.1436060886896855
2091-03-08,2091,Mar,8,67,SSP585,-3.811247948784314,-7.916999083878558,1.6498654222280678
2091-03-09,2091,Mar,9,68,SSP585,-0.5549730807843137,-5.808202519878558,0.602171812907048
2091-03-10,2091,Mar,10,69,SSP585,-0.6495790047843137,-5.176479091878558,4.251035762611208
2091-03-11,2091,Mar,11,70,SSP585,-1.1256604287843137,-5.469452275878558,3.119044966333337
2091-03-12,2091,Mar,12,71,SSP585,-1.3759083567843138,-5.496918511878558,3.552573356397212
2091-03-13,2091,Mar,13,72,SSP585,0.42770780721568613,-6.186626215878558,2.528964657635338
2091-03-14,2091,Mar,14,73,SSP585,2.676887355215686,-4.611895351878558,3.552573356397212
2091-03-15,2091,Mar,15,74,SSP585,1.9047809432156864,-5.191738111878557,4.275120673170311
2091-03-16,2091,Mar,16,75,SSP585,1.3401972032156861,-3.916084039878558,4.853158526588774
2091-03-17,2091,Mar,17,76,SSP585,0.18356348721568616,-5.933326483878558,2.7096014868286207
2091-03-18,2091,Mar,18,77,SSP585,1.9536098072156862,-4.795003591878558,3.0949600557742336
2091-03-19,2091,Mar,19,78,SSP585,2.747078847215686,-4.346388403878557,2.0713513570123596
2091-03-20,2091,Mar,20,79,SSP585,2.2496347952156865,-2.2131774078785575,4.287163128449846
2091-03-21,2091,Mar,21,80,SSP585,3.4703563952156857,-3.244687159878558,2.9865779582582768
2091-03-22,2091,Mar,22,81,SSP585,3.9708522512156863,-3.2874124158785576,3.3839789824835047
2091-03-23,2091,Mar,23,82,SSP585,4.611731091215686,-1.9171524198785577,3.3839789824835047
2091-03-24,2091,Mar,24,83,SSP585,4.999310199215686,-1.5173660958785578,2.3122004626033847
2091-03-25,2091,Mar,25,84,SSP585,4.965740355215686,-1.0473882798785576,4.094483843977036
2091-03-26,2091,Mar,26,85,SSP585,3.9342306032156857,-1.3159470318785578,3.721167730310951
2091-03-27,2091,Mar,27,86,SSP585,2.225220363215686,-3.1165113918785576,1.0838700240891326
2091-03-28,2091,Mar,28,87,SSP585,2.167236087215686,-3.4674688518785577,2.553049568194449
2091-03-29,2091,Mar,29,88,SSP585,2.9454461072156857,-2.350508587878558,3.949974380622401
2091-03-30,2091,Mar,30,89,SSP585,3.8731945232156857,-1.8378055158785578,3.39602143776304
2091-03-31,2091,Mar,31,90,SSP585,6.039975363215686,-0.1257434718785575,2.6614316657104062
2092-03-01,2092,Mar,1,61,SSP585,-3.7776781047843135,-7.752201667878557,1.8545871619804457
2092-03-02,2092,Mar,2,62,SSP585,-4.229345096784313,-7.123530043878557,2.2760730967647453
2092-03-03,2092,Mar,3,63,SSP585,-5.010606920784314,-8.261852935878558,2.2640306414851703
2092-03-04,2092,Mar,4,64,SSP585,-2.822463452784314,-8.817281263878558,2.179733454528317
2092-03-05,2092,Mar,5,65,SSP585,-1.1500748607843136,-8.298474583878559,1.4812710483143212
2092-03-06,2092,Mar,6,66,SSP585,-1.2813024327843139,-8.533463491878557,1.1199973899277718
2092-03-07,2092,Mar,7,67,SSP585,-1.0371581127843137,-7.874273827878557,1.8545871619804457
2092-03-08,2092,Mar,8,68,SSP585,0.49179569121568645,-6.540635479878558,2.4205825601193416
2092-03-09,2092,Mar,9,69,SSP585,1.2608502992156863,-6.037087819878558,1.5294408694325357
2092-03-10,2092,Mar,10,70,SSP585,2.225220363215686,-4.965904615878557,1.926841893657724
2092-03-11,2092,Mar,11,71,SSP585,1.364611635215686,-5.771580871878557,2.9986204135378522
2092-03-12,2092,Mar,12,72,SSP585,2.0634747512156864,-5.155116463878558,2.4807948365171315
2092-03-13,2092,Mar,13,73,SSP585,3.381854079215686,-3.736027603878558,3.0227053240969552
2092-03-14,2092,Mar,14,74,SSP585,2.2313239712156863,-5.545747375878557,1.589653145830278
2092-03-15,2092,Mar,15,75,SSP585,1.6789474472156865,-5.866186795878558,2.8059411290649945
2092-03-16,2092,Mar,16,76,SSP585,2.209961343215686,-4.0076381598785575,3.082917600494698
2092-03-17,2092,Mar,17,77,SSP585,2.097044595215686,-4.1175031038785574,3.275596884967509
2092-03-18,2092,Mar,18,78,SSP585,1.8498484712156864,-4.9872672438785575,2.167690999248789
2092-03-19,2092,Mar,19,79,SSP585,2.280152835215686,-5.356535527878558,1.5173984141530077
2092-03-20,2092,Mar,20,80,SSP585,1.7247245072156863,-5.066614147878558,2.9986204135378522
2092-03-21,2092,Mar,21,81,SSP585,2.213013147215686,-3.360655711878558,3.1551723321720155
2092-03-22,2092,Mar,22,82,SSP585,3.433734747215686,-3.131770411878558,3.4803186247198865
2092-03-23,2092,Mar,23,83,SSP585,4.477451715215686,-2.8571080518785577,1.8786720725395099
2092-03-24,2092,Mar,24,84,SSP585,3.8182620512156857,-2.6770516158785576,2.2881155520442733
2092-03-25,2092,Mar,25,85,SSP585,4.465244499215686,-2.6221191438785576,3.179257242731127
2092-03-26,2092,Mar,26,86,SSP585,4.239411003215686,-4.0015345518785574,1.8545871619804457
2092-03-27,2092,Mar,27,87,SSP585,4.395053007215686,-3.4674688518785577,3.4562337141607835
2092-03-28,2092,Mar,28,88,SSP585,4.739906859215686,-2.5061505918785576,4.600266965718181
2092-03-29,2092,Mar,29,89,SSP585,4.202789355215686,-3.189754687878558,2.9986204135378522
2092-03-30,2092,Mar,30,90,SSP585,5.563893939215686,-3.2843606118785575,2.0954362675714706
2092-03-31,2092,Mar,31,91,SSP585,7.172194647215686,-2.4420627078785575,2.950450592419638
2093-03-01,2093,Mar,1,60,SSP585,-0.3199841727843138,-6.561998107878558,2.6373467551512952
2093-03-02,2093,Mar,2,61,SSP585,0.32699827521568614,-7.0747011798785575,3.9018045595042334
2093-03-03,2093,Mar,3,62,SSP585,-0.7960655967843138,-7.1326854558785575,2.7336863973876766
2093-03-04,2093,Mar,4,63,SSP585,-0.5946465327843138,-7.215084163878558,1.782332430303128
2093-03-05,2093,Mar,5,64,SSP585,-1.2965614527843137,-7.398192403878558,2.613261844592192
2093-03-06,2093,Mar,6,65,SSP585,-3.924164696784314,-9.693149011878557,1.2645068532824075
2093-03-07,2093,Mar,7,66,SSP585,-3.5976216687843134,-8.518204471878558,1.3006342191210465
2093-03-08,2093,Mar,8,67,SSP585,-3.4297724487843135,-8.197765051878559,0.8430209184981156
2093-03-09,2093,Mar,9,68,SSP585,-2.8560332967843136,-7.559938015878558,2.613261844592192
2093-03-10,2093,Mar,10,69,SSP585,-1.6170008727843137,-6.540635479878558,2.8179835843445695
2093-03-11,2093,Mar,11,70,SSP585,-1.0463135247843138,-7.343259931878558,1.5535257799916389
2093-03-12,2093,Mar,12,71,SSP585,-0.7655475567843137,-7.514160955878558,1.4812710483143212
2093-03-13,2093,Mar,13,72,SSP585,1.0258613912156862,-6.006569779878557,4.600266965718181
2093-03-14,2093,Mar,14,73,SSP585,1.535512659215686,-7.010613295878557,2.7336863973876766
2093-03-15,2093,Mar,15,74,SSP585,2.213013147215686,-5.326017487878557,2.2881155520442733
2093-03-16,2093,Mar,16,75,SSP585,1.6179113672156864,-5.353483723878558,2.7336863973876766
2093-03-17,2093,Mar,17,76,SSP585,1.8467966672156864,-6.201885235878558,3.5284884458381005
2093-03-18,2093,Mar,18,77,SSP585,1.160140767215686,-6.003517975878557,2.0472664464532566
2093-03-19,2093,Mar,19,78,SSP585,1.1662443752156861,-6.629137795878558,3.974059291181504
2093-03-20,2093,Mar,20,79,SSP585,-0.2864143287843137,-6.833608663878557,3.20334215329023
2093-03-21,2093,Mar,21,80,SSP585,1.2852647312156862,-4.733967511878557,3.2635544296879724
2093-03-22,2093,Mar,22,81,SSP585,1.9780242392156862,-3.2813088078785575,2.5771344787535133
2093-03-23,2093,Mar,23,82,SSP585,1.6789474472156865,-5.036096107878558,3.9018045595042334
2093-03-24,2093,Mar,24,83,SSP585,2.457157467215686,-4.437942523878558,2.9384081371400623
2093-03-25,2093,Mar,25,84,SSP585,3.705345303215686,-4.1815909878785575,2.914323226580951
2093-03-26,2093,Mar,26,85,SSP585,3.2994553712156858,-4.5874809198785576,2.9384081371400623
2093-03-27,2093,Mar,27,86,SSP585,1.4317513232156862,-5.600679847878558,4.022229112299718
2093-03-28,2093,Mar,28,87,SSP585,-0.42374550878431383,-6.885489331878558,1.2885917638415185
2093-03-29,2093,Mar,29,88,SSP585,1.9017291392156863,-4.532548447878558,2.179733454528317
2093-03-30,2093,Mar,30,89,SSP585,3.3879576872156862,-3.3270858678785578,1.782332430303128
2093-03-31,2093,Mar,31,90,SSP585,4.541539599215686,-2.5336168278785576,3.5284884458381005
2094-03-01,2094,Mar,1,60,SSP585,-4.446023180784314,-8.551774315878557,1.8907145278190851
2094-03-02,2094,Mar,2,61,SSP585,-3.8997502647843136,-9.616853911878557,1.7582475197440248
2094-03-03,2094,Mar,3,62,SSP585,-2.6881840767843137,-8.945457031878558,2.721643942108148
2094-03-04,2094,Mar,4,63,SSP585,-4.092013916784314,-10.160075023878559,2.8902383160218954
2094-03-05,2094,Mar,5,64,SSP585,-4.504007456784314,-9.702304423878559,2.1436060886896855
2094-03-06,2094,Mar,6,65,SSP585,-4.507059260784314,-9.665682775878558,4.238993307331672
2094-03-07,2094,Mar,7,66,SSP585,-3.130695656784314,-8.991234091878557,2.781856218505891
2094-03-08,2094,Mar,8,67,SSP585,-2.1693773967843137,-8.286267367878558,3.0227053240969552
2094-03-09,2094,Mar,9,68,SSP585,-1.6932959727843138,-6.619982383878558,2.9986204135378522
2094-03-10,2094,Mar,10,69,SSP585,-2.1419111607843138,-6.858023095878558,1.7221201539053386
2094-03-11,2094,Mar,11,70,SSP585,-2.874344120784314,-7.8834292398785575,0.6262567234661545
2094-03-12,2094,Mar,12,71,SSP585,-0.8296354407843137,-6.9617844318785576,1.5053559588734244
2094-03-13,2094,Mar,13,72,SSP585,0.2720658032156862,-6.275128531878558,2.011139080614617
2094-03-14,2094,Mar,14,73,SSP585,-0.1612903647843138,-5.292447643878558,2.13156363341011
2094-03-15,2094,Mar,15,74,SSP585,-0.6923042607843137,-5.823461539878558,2.781856218505891
2094-03-16,2094,Mar,16,75,SSP585,0.8000278952156863,-4.306714951878558,3.408063893042568
2094-03-17,2094,Mar,17,76,SSP585,0.8091833072156864,-4.9292829678785575,1.5655682352711748
2094-03-18,2094,Mar,18,77,SSP585,-0.2345336607843138,-5.252774191878558,1.2765493085619353
2094-03-19,2094,Mar,19,78,SSP585,1.3524044192156863,-4.917075751878558,3.1431298768924405
2094-03-20,2094,Mar,20,79,SSP585,2.7196126112156858,-4.267041499878558,4.070398933417933
2094-03-21,2094,Mar,21,80,SSP585,4.593420267215686,-3.6444734838785577,2.4205825601193416
2094-03-22,2094,Mar,22,81,SSP585,3.6382056152156856,-3.9435502758785574,3.1672147874515515
2094-03-23,2094,Mar,23,82,SSP585,2.631110295215686,-3.1195631958785577,2.2881155520442733
2094-03-24,2094,Mar,24,83,SSP585,2.905772655215686,-3.739079407878558,1.9629692594964028
2094-03-25,2094,Mar,25,84,SSP585,5.310594207215686,-3.7146649758785575,1.9629692594964028
2094-03-26,2094,Mar,26,85,SSP585,6.885325071215687,-1.8988415958785576,1.4933135035938967
2094-03-27,2094,Mar,27,86,SSP585,7.590291795215687,-1.5082106838785576,2.167690999248789
2094-03-28,2094,Mar,28,87,SSP585,7.205764491215686,-0.7086380358785576,1.6378229669484925
2094-03-29,2094,Mar,29,88,SSP585,5.145796791215686,-2.0788980318785577,3.2274270638493414
2094-03-30,2094,Mar,30,89,SSP585,4.343172339215686,-2.866263463878558,2.7938986737854665
2094-03-31,2094,Mar,31,90,SSP585,3.079725483215686,-3.3240340638785577,3.01066286881738
2095-03-01,2095,Mar,1,60,SSP585,-0.8326872447843138,-7.276120243878558,2.7096014868286207
2095-03-02,2095,Mar,2,61,SSP585,-0.7014596727843138,-7.300534675878557,1.8425447067008704
2095-03-03,2095,Mar,3,62,SSP585,0.5833498112156861,-6.162211783878558,1.6137380563893815
2095-03-04,2095,Mar,4,63,SSP585,0.7908724832156862,-5.7441146358785575,1.9027569830986208
2095-03-05,2095,Mar,5,64,SSP585,1.1448817472156863,-6.156108175878558,2.3844551942807026
2095-03-06,2095,Mar,6,65,SSP585,-0.42679731278431365,-5.966896327878558,2.3242429178829602
2095-03-07,2095,Mar,7,66,SSP585,-0.24368907278431373,-5.185634503878558,2.1556485439692135
2095-03-08,2095,Mar,8,67,SSP585,-0.8448944607843137,-5.774632675878557,2.4085401048398056
2095-03-09,2095,Mar,9,68,SSP585,1.2242286512156861,-4.877402299878558,2.3964976495602306
2095-03-10,2095,Mar,10,69,SSP585,2.664680139215686,-4.480667779878558,2.2881155520442733
2095-03-11,2095,Mar,11,70,SSP585,1.5507716792156863,-5.301603055878558,2.4928372917966595
2095-03-12,2095,Mar,12,71,SSP585,1.2028660232156863,-5.078821363878557,4.564139599879542
2095-03-13,2095,Mar,13,72,SSP585,1.5721343072156861,-5.481659491878558,2.721643942108148
2095-03-14,2095,Mar,14,73,SSP585,0.8458049552156861,-6.104227507878558,2.9384081371400623
2095-03-15,2095,Mar,15,74,SSP585,0.7115255792156863,-5.524384747878558,2.011139080614617
2095-03-16,2095,Mar,16,75,SSP585,1.1692961792156862,-6.284283943878558,0.9514030160140725
2095-03-17,2095,Mar,17,76,SSP585,1.5843415232156863,-5.603731651878558,2.6012193893126163
2095-03-18,2095,Mar,18,77,SSP585,3.198745839215686,-4.4684605638785575,3.3598940719244017
2095-03-19,2095,Mar,19,78,SSP585,3.1224507392156857,-4.569170095878558,2.0713513570123596
2095-03-20,2095,Mar,20,79,SSP585,3.552755103215686,-4.212109027878558,2.8541109501832085
2095-03-21,2095,Mar,21,80,SSP585,5.637137235215686,-1.2976362078785577,3.20334215329023
2095-03-22,2095,Mar,22,81,SSP585,5.859918927215686,-1.5417805278785577,4.5159697787613355
2095-03-23,2095,Mar,23,82,SSP585,1.651481211215686,-4.312818559878558,4.166738575654354
2095-03-24,2095,Mar,24,83,SSP585,2.0238012992156866,-4.114451299878557,2.613261844592192
2095-03-25,2095,Mar,25,84,SSP585,3.552755103215686,-2.896781503878558,3.492361079999462
2095-03-26,2095,Mar,26,85,SSP585,4.562902227215686,-3.0524235078785575,2.13156363341011
2095-03-27,2095,Mar,27,86,SSP585,7.3949763392156855,-2.4756325518785576,4.214908396772568
2095-03-28,2095,Mar,28,87,SSP585,6.686957811215685,-2.9974910358785576,1.9509268042168275
2095-03-29,2095,Mar,29,88,SSP585,4.883341647215686,-2.7686057358785576,1.8305022514213425
2095-03-30,2095,Mar,30,89,SSP585,3.7541741672156856,-2.5610830638785576,3.2515119744083973
2095-03-31,2095,Mar,31,90,SSP585,4.553746815215686,-3.1104077838785575,1.047742658250454
2096-03-01,2096,Mar,1,61,SSP585,-4.720685540784314,-11.133600499878558,2.2640306414851703
2096-03-02,2096,Mar,2,62,SSP585,-3.112384832784314,-9.125513467878559,1.9750117147759387
2096-03-03,2096,Mar,3,63,SSP585,-1.9832173527843138,-8.304578191878559,1.57761069055075
2096-03-04,2096,Mar,4,64,SSP585,-0.9181377567843138,-6.989250667878558,1.6980352433462824
2096-03-05,2096,Mar,5,65,SSP585,0.7603544432156861,-6.302594767878558,2.4567099259580205
2096-03-06,2096,Mar,6,66,SSP585,2.6402657072156863,-5.475555883878558,2.3964976495602306
2096-03-07,2096,Mar,7,67,SSP585,1.5294090512156864,-4.480667779878558,3.034747779376483
2096-03-08,2096,Mar,8,68,SSP585,-0.5915947287843137,-7.035027727878558,1.1681672110459864
2096-03-09,2096,Mar,9,69,SSP585,-0.18265299278431368,-7.337156323878558,2.8541109501832085
2096-03-10,2096,Mar,10,70,SSP585,1.5568752872156864,-6.470443987878557,1.8666296172599819
2096-03-11,2096,Mar,11,71,SSP585,0.4307596112156862,-6.162211783878558,2.2760730967647453
2096-03-12,2096,Mar,12,72,SSP585,0.4826402792156863,-5.789891695878557,2.0713513570123596
2096-03-13,2096,Mar,13,73,SSP585,1.0899492752156863,-5.924171071878558,1.8425447067008704
2096-03-14,2096,Mar,14,74,SSP585,0.4246560032156863,-6.333112807878558,2.8420684949036805
2096-03-15,2096,Mar,15,75,SSP585,0.4826402792156863,-5.643405103878558,5.9008521359097985
2096-03-16,2096,Mar,16,76,SSP585,1.047224019215686,-6.394148887878558,1.3728889507983644
2096-03-17,2096,Mar,17,77,SSP585,0.9556698992156865,-5.640353299878558,1.8184597961417672
2096-03-18,2096,Mar,18,78,SSP585,1.3279899872156864,-5.322965683878557,2.300158007323849
2096-03-19,2096,Mar,19,79,SSP585,1.8925737272156862,-4.840780651878558,2.6855165762695092
2096-03-20,2096,Mar,20,80,SSP585,3.2384192912156857,-4.920127555878558,1.9027569830986208
2096-03-21,2096,Mar,21,81,SSP585,5.289231579215686,-3.571230187878558,2.1556485439692135
2096-03-22,2096,Mar,22,82,SSP585,5.603567391215686,-2.6312745558785577,1.1802096663255617
2096-03-23,2096,Mar,23,83,SSP585,3.4550973752156864,-3.7726492518785575,3.2635544296879724
2096-03-24,2096,Mar,24,84,SSP585,3.485615415215686,-3.9557574918785576,3.2274270638493414
2096-03-25,2096,Mar,25,85,SSP585,5.338060443215686,-3.2935160238785577,1.6137380563893815
2096-03-26,2096,Mar,26,86,SSP585,7.065381507215686,-2.924247739878558,1.5053559588734244
2096-03-27,2096,Mar,27,87,SSP585,8.096891259215687,-2.1582449358785576,1.1802096663255617
2096-03-28,2096,Mar,28,88,SSP585,8.969707203215687,-1.5906093918785578,1.782332430303128
2096-03-29,2096,Mar,29,89,SSP585,7.221023511215686,-1.8927379878785577,2.4205825601193416
2096-03-30,2096,Mar,30,90,SSP585,7.010449035215687,-3.1439776278785576,1.6739503327871712
2096-03-31,2096,Mar,31,91,SSP585,6.775460127215687,-2.1948665838785577,1.9629692594964028
2097-03-01,2097,Mar,1,60,SSP585,-2.1663255927843137,-8.466323803878558,2.4928372917966595
2097-03-02,2097,Mar,2,61,SSP585,-3.1337474607843134,-9.357450571878559,1.9388843489372993
2097-03-03,2097,Mar,3,62,SSP585,-1.9679583327843138,-8.744037967878558,2.336285373162488
2097-03-04,2097,Mar,4,63,SSP585,-2.1632737887843136,-8.518204471878558,3.7091252750313752
2097-03-05,2097,Mar,5,64,SSP585,-2.8072044327843138,-8.963767855878558,3.877719648945122
2097-03-06,2097,Mar,6,65,SSP585,-1.8214717407843137,-10.187541259878557,2.4205825601193416
2097-03-07,2097,Mar,7,66,SSP585,0.09506117121568614,-8.057382067878557,1.9870541700555142
2097-03-08,2097,Mar,8,67,SSP585,-0.2925179367843138,-9.793858543878557,3.7091252750313752
2097-03-09,2097,Mar,9,68,SSP585,-0.8693088927843138,-7.776616099878558,3.949974380622401
2097-03-10,2097,Mar,10,69,SSP585,0.04012869921568618,-6.4948584198785575,2.528964657635338
2097-03-11,2097,Mar,11,70,SSP585,0.6047124392156864,-7.437865855878558,1.926841893657724
2097-03-12,2097,Mar,12,71,SSP585,0.13778642721568635,-7.6514921358785575,3.1551723321720155
2097-03-13,2097,Mar,13,72,SSP585,1.5599270912156864,-6.0920202918785575,1.3247191296801497
2097-03-14,2097,Mar,14,73,SSP585,2.5975404512156857,-4.636309783878557,3.769337551429126
2097-03-15,2097,Mar,15,74,SSP585,1.5843415232156863,-4.712604883878558,2.9865779582582768
2097-03-16,2097,Mar,16,75,SSP585,0.8915820152156864,-5.039147911878558,1.348804040239261
2097-03-17,2097,Mar,17,76,SSP585,2.206909539215686,-5.115443011878558,1.9870541700555142
2097-03-18,2097,Mar,18,77,SSP585,1.6484294072156864,-5.252774191878558,0.4937897153910911
2097-03-19,2097,Mar,19,78,SSP585,3.555806907215686,-3.7787528598785576,1.7582475197440248
2097-03-20,2097,Mar,20,79,SSP585,5.930110419215686,-2.7930201678785576,3.0467902346560587
2097-03-21,2097,Mar,21,80,SSP585,5.389941111215686,-2.3199905478785574,2.974535502978741
2097-03-22,2097,Mar,22,81,SSP585,4.208892963215686,-2.7411394998785577,5.069922721620735
2097-03-23,2097,Mar,23,82,SSP585,3.772484991215686,-3.745183015878558,4.31124803900895
2097-03-24,2097,Mar,24,83,SSP585,3.8640391112156864,-3.3789665358785577,1.7702899750235528
2097-03-25,2097,Mar,25,84,SSP585,3.9769558592156864,-2.4451145118785576,3.5284884458381005
2097-03-26,2097,Mar,26,85,SSP585,3.7389151472156863,-4.187694595878558,2.7938986737854665
2097-03-27,2097,Mar,27,86,SSP585,3.540547887215686,-4.437942523878558,3.781380006708701
2097-03-28,2097,Mar,28,87,SSP585,3.6992416952156857,-3.7573902318785577,1.4090163166370036
2097-03-29,2097,Mar,29,88,SSP585,3.772484991215686,-3.2507907678785575,1.782332430303128
2097-03-30,2097,Mar,30,89,SSP585,3.729759735215686,-2.5671866718785576,1.9027569830986208
2097-03-31,2097,Mar,31,90,SSP585,2.283204639215686,-4.740071119878557,1.4331012271961068
2098-03-01,2098,Mar,1,60,SSP585,0.5162101232156864,-5.905860247878557,3.5284884458381005
2098-03-02,2098,Mar,2,61,SSP585,-2.0991859047843135,-6.931266391878558,1.1802096663255617
2098-03-03,2098,Mar,3,62,SSP585,-2.587474544784314,-7.8254449638785575,2.0713513570123596
2098-03-04,2098,Mar,4,63,SSP585,-1.5315503607843137,-7.483642915878558,1.445143682475682
2098-03-05,2098,Mar,5,64,SSP585,0.7450954232156863,-7.025872315878558,1.445143682475682
2098-03-06,2098,Mar,6,65,SSP585,1.797967803215686,-5.631197887878558,2.4567099259580205
2098-03-07,2098,Mar,7,66,SSP585,1.3798706552156863,-5.786839891878557,1.6378229669484925
2098-03-08,2098,Mar,8,67,SSP585,1.5782379152156862,-4.975060027878557,1.5173984141530077
2098-03-09,2098,Mar,9,68,SSP585,2.048215731215686,-6.8397122718785575,3.1672147874515515
2098-03-10,2098,Mar,10,69,SSP585,2.606695863215686,-6.116434723878557,1.7462050644644496
2098-03-11,2098,Mar,11,70,SSP585,1.7003100752156863,-5.530488355878558,2.0954362675714706
2098-03-12,2098,Mar,12,71,SSP585,1.2120214352156864,-5.347380115878558,1.1561247557664505
2098-03-13,2098,Mar,13,72,SSP585,0.3941379632156863,-6.284283943878558,0.8430209184981156
2098-03-14,2098,Mar,14,73,SSP585,0.7389918152156862,-4.715656687878558,2.4928372917966595
2098-03-15,2098,Mar,15,74,SSP585,-0.34745040878431377,-6.024880603878557,1.9629692594964028
2098-03-16,2098,Mar,16,75,SSP585,-0.3718648407843137,-6.000466171878557,1.445143682475682
2098-03-17,2098,Mar,17,76,SSP585,0.5070547112156862,-5.4541932558785575,2.769813763226363
2098-03-18,2098,Mar,18,77,SSP585,2.3045672672156865,-4.752278335878557,3.9138470147837614
2098-03-19,2098,Mar,19,78,SSP585,3.6870344792156864,-4.242627067878558,2.974535502978741
2098-03-20,2098,Mar,20,79,SSP585,3.305558979215686,-4.163280163878557,2.2519881862056423
2098-03-21,2098,Mar,21,80,SSP585,2.505986331215686,-4.675983235878558,2.011139080614617
2098-03-22,2098,Mar,22,81,SSP585,1.2150732392156864,-6.168315391878558,1.6619078775075957
2098-03-23,2098,Mar,23,82,SSP585,2.509038135215686,-4.090036867878558,3.299681795526612
2098-03-24,2098,Mar,24,83,SSP585,3.134657955215686,-3.8611515678785575,1.3006342191210465
2098-03-25,2098,Mar,25,84,SSP585,3.732811539215686,-3.0615789198785577,1.7702899750235528
2098-03-26,2098,Mar,26,85,SSP585,2.911876263215686,-3.3392930838785575,3.974059291181504
2098-03-27,2098,Mar,27,86,SSP585,2.5304007632156864,-4.2395752638785575,2.6253042998717198
2098-03-28,2098,Mar,28,87,SSP585,2.225220363215686,-3.3453966918785576,2.215860820366956
2098-03-29,2098,Mar,29,88,SSP585,2.679939159215686,-3.3759147318785576,2.516922202355763
2098-03-30,2098,Mar,30,89,SSP585,4.520176971215686,-2.0239655598785578,3.3237667060857232
2098-03-31,2098,Mar,31,90,SSP585,5.493702447215686,-2.3779748238785574,2.1436060886896855
2099-03-01,2099,Mar,1,60,SSP585,-0.46341896078431377,-7.514160955878558,2.167690999248789
2099-03-02,2099,Mar,2,61,SSP585,-1.3514939247843138,-8.307629995878557,2.1556485439692135
2099-03-03,2099,Mar,3,62,SSP585,0.1499936432156863,-6.644396815878558,2.8059411290649945
2099-03-04,2099,Mar,4,63,SSP585,0.4673812592156861,-6.134745547878557,3.0227053240969552
2099-03-05,2099,Mar,5,64,SSP585,0.34225729521568615,-6.107279311878558,1.926841893657724
2099-03-06,2099,Mar,6,65,SSP585,0.10421658321568628,-7.230343183878557,1.2645068532824075
2099-03-07,2099,Mar,7,66,SSP585,-0.002596556784313808,-7.0716493758785575,1.348804040239261
2099-03-08,2099,Mar,8,67,SSP585,2.374758759215686,-6.177470803878558,1.7943748855826642
2099-03-09,2099,Mar,9,68,SSP585,1.8498484712156864,-5.808202519878558,2.866153405462784
2099-03-10,2099,Mar,10,69,SSP585,0.24154776321568616,-6.278180335878558,1.4331012271961068
2099-03-11,2099,Mar,11,70,SSP585,-0.4786779807843138,-5.954689111878558,2.227903275646531
2099-03-12,2099,Mar,12,71,SSP585,-0.6709416327843137,-6.442977751878558,1.926841893657724
2099-03-13,2099,Mar,13,72,SSP585,0.3819307472156863,-6.311750179878558,1.8425447067008704
2099-03-14,2099,Mar,14,73,SSP585,1.4256477152156861,-5.725803811878558,2.5771344787535133
2099-03-15,2099,Mar,15,74,SSP585,-0.10025428478431375,-6.830556859878557,2.1556485439692135
2099-03-16,2099,Mar,16,75,SSP585,-0.16434216878431385,-6.177470803878558,2.0593089017327846
2099-03-17,2099,Mar,17,76,SSP585,2.567022411215686,-4.248730675878558,3.5044035352789975
2099-03-18,2099,Mar,18,77,SSP585,4.465244499215686,-2.1094160718785577,2.974535502978741
2099-03-19,2099,Mar,19,78,SSP585,3.6198947912156862,-3.742131211878558,2.565092023473977
2099-03-20,2099,Mar,20,79,SSP585,4.810098351215686,-3.9069286278785578,2.119521178130574
2099-03-21,2099,Mar,21,80,SSP585,4.294343475215686,-3.7726492518785575,2.215860820366956
2099-03-22,2099,Mar,22,81,SSP585,3.1621241912156863,-3.8489443518785578,2.4085401048398056
2099-03-23,2099,Mar,23,82,SSP585,1.7613461552156864,-3.0280090758785576,3.8054649172678046
2099-03-24,2099,Mar,24,83,SSP585,2.621954883215686,-1.9232560278785575,1.914799438378196
2099-03-25,2099,Mar,25,84,SSP585,3.442890159215686,-2.0209137558785577,3.1310874216129125
2099-03-26,2099,Mar,26,85,SSP585,3.2201084672156863,-1.7798212398785578,3.2635544296879724
2099-03-27,2099,Mar,27,86,SSP585,3.0492074432156864,-2.353560391878558,2.13156363341011
2099-03-28,2099,Mar,28,87,SSP585,2.4602092712156862,-3.6322662678785576,1.9990966253350422
2099-03-29,2099,Mar,29,88,SSP585,3.543599691215686,-2.3108351358785577,1.7341626091849138
2099-03-30,2099,Mar,30,89,SSP585,4.633093719215686,-2.6770516158785576,2.4085401048398056
2099-03-31,2099,Mar,31,90,SSP585,5.826349083215686,-0.7483114878785577,4.612309420997757
2100-03-01,2100,Mar,1,60,SSP585,-0.5610766887843137,-6.549790891878558,2.372412739001174
2100-03-02,2100,Mar,2,61,SSP585,-1.4308408287843137,-6.665759443878558,3.1551723321720155
2100-03-03,2100,Mar,3,62,SSP585,-1.8367307607843137,-7.273068439878558,2.866153405462784
2100-03-04,2100,Mar,4,63,SSP585,-2.352485636784314,-7.901740063878558,2.6012193893126163
2100-03-05,2100,Mar,5,64,SSP585,-1.9038704487843137,-7.718631823878558,4.190823486213465
2100-03-06,2100,Mar,6,65,SSP585,-1.0432617207843138,-5.356535527878558,3.3237667060857232
2100-03-07,2100,Mar,7,66,SSP585,-0.8601534807843138,-7.001457883878557,2.2760730967647453
2100-03-08,2100,Mar,8,67,SSP585,-1.2904578447843138,-6.973991647878558,1.457186137755218
2100-03-09,2100,Mar,9,68,SSP585,0.40634517921568625,-5.945533699878558,1.6016956011098535
2100-03-10,2100,Mar,10,69,SSP585,0.928203663215686,-4.459305151878557,4.106526299256564
2100-03-11,2100,Mar,11,70,SSP585,2.3045672672156865,-4.325025775878558,6.418677712930519
2100-03-12,2100,Mar,12,71,SSP585,3.320817999215686,-3.6078518358785576,4.961540624104739
2100-03-13,2100,Mar,13,72,SSP585,2.4296912312156866,-4.852987867878557,2.191775909807892
2100-03-14,2100,Mar,14,73,SSP585,2.158080675215686,-5.185634503878558,1.1922521216050896
2100-03-15,2100,Mar,15,74,SSP585,1.0014469592156863,-5.1032357958785575,1.9629692594964028
2100-03-16,2100,Mar,16,75,SSP585,0.9983951552156862,-5.728855615878558,2.4567099259580205
2100-03-17,2100,Mar,17,76,SSP585,0.9739807232156863,-5.585420827878558,3.769337551429126
2100-03-18,2100,Mar,18,77,SSP585,2.3686551512156866,-3.9038768238785577,5.587748298641456
2100-03-19,2100,Mar,19,78,SSP585,1.4836319912156861,-3.745183015878558,2.3122004626033847
2100-03-20,2100,Mar,20,79,SSP585,-0.6526308087843138,-5.637301495878558,1.3608464955188364
2100-03-21,2100,Mar,21,80,SSP585,-0.40543468478431377,-6.986198863878558,1.8425447067008704
2100-03-22,2100,Mar,22,81,SSP585,1.1784515912156863,-6.8427640758785575,2.6253042998717198
2100-03-23,2100,Mar,23,82,SSP585,3.4032167072156856,-4.422683503878558,1.926841893657724
2100-03-24,2100,Mar,24,83,SSP585,4.3858975952156865,-3.1134595878785576,2.023181535894153
2100-03-25,2100,Mar,25,84,SSP585,4.923015099215686,-2.063639011878558,1.9990966253350422
2100-03-26,2100,Mar,26,85,SSP585,2.8935654392156858,-2.7594503238785575,2.8902383160218954
2100-03-27,2100,Mar,27,86,SSP585,3.024793011215686,-3.4369508118785577,1.1922521216050896
2100-03-28,2100,Mar,28,87,SSP585,4.068509979215686,-2.6190673398785576,2.781856218505891
2100-03-29,2100,Mar,29,88,SSP585,4.828409175215686,-1.7309923758785577,2.541007112914874
2100-03-30,2100,Mar,30,89,SSP585,5.014569219215686,-2.5122541998785577,1.2765493085619353
2100-03-31,2100,Mar,31,90,SSP585,6.1803583472156864,-3.4918832838785576,0.40949252843424144
2000-05-01,2000,May,1,122,SSP585,6.051808111981504,-1.1363732814497904,1.7372042475364071
2000-05-02,2000,May,2,123,SSP585,5.734420495981505,-1.7345268654497903,1.2966219709289735
2000-05-03,2000,May,3,124,SSP585,5.688643435981505,-2.0152928334497906,2.1400223290060842
2000-05-04,2000,May,4,125,SSP585,6.048756307981504,-1.0814408094497905,2.9456584919454305
2000-05-05,2000,May,5,126,SSP585,5.6550735919815045,-0.1414851774497905,1.271445840837111
2000-05-06,2000,May,6,127,SSP585,6.079274347981505,0.7710042185502097,2.0393178086386508
2000-05-07,2000,May,7,128,SSP585,7.736403919981505,1.0273557545502097,1.6239116621230711
2000-05-08,2000,May,8,129,SSP585,8.648893315981505,0.6336730385502094,1.7372042475364071
2000-05-09,2000,May,9,130,SSP585,9.909288367981505,0.9144390065502097,1.1707413204696855
2000-05-10,2000,May,10,131,SSP585,10.244986807981505,1.4942817665502097,2.0896700688223677
2000-05-11,2000,May,11,132,SSP585,10.116811039981505,1.3752614105502097,0.8434516292755794
2000-05-12,2000,May,12,133,SSP585,9.256202311981506,1.5064889825502095,0.9693322797348676
2000-05-13,2000,May,13,134,SSP585,9.582745339981505,1.5736286705502096,2.2281387843275664
2000-05-14,2000,May,14,135,SSP585,9.814682443981505,1.2165676025502095,1.0574487350563495
2000-05-15,2000,May,15,136,SSP585,10.107655627981504,1.4851263545502096,1.472854881571929
2000-05-16,2000,May,16,137,SSP585,9.625470595981504,2.5105324985502095,1.107800995240066
2000-05-17,2000,May,17,138,SSP585,9.027317011981506,1.4973335705502098,2.580604605613518
2000-05-18,2000,May,18,139,SSP585,10.064930371981506,1.7964103625502095,1.4602668165260264
2000-05-19,2000,May,19,140,SSP585,11.087284711981505,3.5328868385502092,1.8127326378119786
2000-05-20,2000,May,20,141,SSP585,10.940798119981505,3.752616726550209,1.0700368001022516
2000-05-21,2000,May,21,142,SSP585,12.079121011981504,2.6844853265502095,1.1455651903778228
2000-05-22,2000,May,22,143,SSP585,14.108570671981505,3.8960515145502095,1.4602668165260264
2000-05-23,2000,May,23,144,SSP585,14.947816771981504,4.930613070550209,1.825320702857889
2000-05-24,2000,May,24,145,SSP585,14.343559579981505,4.60101823855021,1.4225026213882614
2000-05-25,2000,May,25,146,SSP585,13.049594683981505,4.237853562550209,2.1651984590979385
2000-05-26,2000,May,26,147,SSP585,13.067905507981505,4.53998215855021,1.9386132882712663
2000-05-27,2000,May,27,148,SSP585,13.495158067981505,4.466738862550209,3.0589510773587665
2000-05-28,2000,May,28,149,SSP585,13.968187687981505,4.20733552255021,1.988965548454942
2000-05-29,2000,May,29,150,SSP585,13.479899047981505,4.701727770550209,3.5372975491040144
2000-05-30,2000,May,30,151,SSP585,12.683378203981505,4.747504830550209,2.4547239551542797
2000-05-31,2000,May,31,152,SSP585,13.937669647981505,5.5745437145502095,2.9834226870831952
2001-05-01,2001,May,1,121,SSP585,4.510647091981505,-1.4720717214497905,2.11484619891423
2001-05-02,2001,May,2,122,SSP585,6.1769320759815045,0.7893150425502096,2.2910791095572267
2001-05-03,2001,May,3,123,SSP585,5.6581253959815045,0.6275694305502098,2.2533149144194207
2001-05-04,2001,May,4,124,SSP585,6.460749847981504,-1.2096165774497905,1.1959174505615398
2001-05-05,2001,May,5,125,SSP585,7.974444631981505,0.7343825705502096,1.435090686434164
2001-05-06,2001,May,6,126,SSP585,8.401697191981505,0.7160717465502098,2.2659029794653724
2001-05-07,2001,May,7,127,SSP585,8.374230955981504,0.7038645305502096,2.8827181667157697
2001-05-08,2001,May,8,128,SSP585,8.517665743981505,0.7862632385502095,3.7764707849765973
2001-05-09,2001,May,9,129,SSP585,9.207373447981505,1.0914436385502098,2.870130101669859
2001-05-10,2001,May,10,130,SSP585,7.3884982639815044,0.35290707055020953,0.8434516292755794
2001-05-11,2001,May,11,131,SSP585,7.8615278839815055,1.2409820345502094,1.7875565077201243
2001-05-12,2001,May,12,132,SSP585,9.124974739981505,1.0059931265502098,2.0770820037764652
2001-05-13,2001,May,13,133,SSP585,10.067982175981506,2.7424696025502096,1.4980310116637832
2001-05-14,2001,May,14,134,SSP585,8.404748995981505,1.2287748185502096,3.348476573415107
2001-05-15,2001,May,15,135,SSP585,7.974444631981505,1.7689441265502095,3.247772053047682
2001-05-16,2001,May,16,136,SSP585,9.524761063981504,3.7343059025502097,2.1526103940519867
2001-05-17,2001,May,17,137,SSP585,10.241935003981505,2.9164224305502096,1.1581532554237748
2001-05-18,2001,May,18,138,SSP585,11.047611259981505,4.2409053665502094,1.3343861660667302
2001-05-19,2001,May,19,139,SSP585,11.032352239981504,4.619329062550209,2.46731202020019
2001-05-20,2001,May,20,140,SSP585,9.475932199981505,2.647863678550209,2.0393178086386508
2001-05-21,2001,May,21,141,SSP585,10.354851751981505,4.402650978550209,1.0826248651482036
2001-05-22,2001,May,22,142,SSP585,12.222555799981505,4.799385498550209,1.90084909313346
2001-05-23,2001,May,23,143,SSP585,13.028232055981505,4.918405854550209,2.9708346220372928
2001-05-24,2001,May,24,144,SSP585,13.455484615981504,4.701727770550209,1.7875565077201243
2001-05-25,2001,May,25,145,SSP585,13.354775083981504,4.469790666550209,1.7623803776282698
2001-05-26,2001,May,26,146,SSP585,13.571453167981504,4.811592714550209,1.5987355320312169
2001-05-27,2001,May,27,147,SSP585,14.383233031981504,4.915354050550209,2.391783629924611
2001-05-28,2001,May,28,148,SSP585,14.410699267981505,5.8095326225502095,1.825320702857889
2001-05-29,2001,May,29,149,SSP585,13.580608579981504,4.964182914550209,2.0141416785467965
2001-05-30,2001,May,30,150,SSP585,14.282523499981505,5.58064732255021,1.8379087679038408
2001-05-31,2001,May,31,151,SSP585,14.123829691981504,6.331391106550209,2.1651984590979385
2002-05-01,2002,May,1,121,SSP585,6.094533367981505,1.1372206985502096,1.875672963041606
2002-05-02,2002,May,2,122,SSP585,5.291908915981505,0.7801596305502094,0.8056874341378178
2002-05-03,2002,May,3,123,SSP585,6.460749847981504,0.24304212655020963,1.4099145563423097
2002-05-04,2002,May,4,124,SSP585,7.769973763981504,1.2165676025502095,1.1455651903778228
2002-05-05,2002,May,5,125,SSP585,10.141225471981505,1.6346647505502097,2.1274342639601818
2002-05-06,2002,May,6,126,SSP585,12.463648315981505,2.708899758550209,0.6798067836785298
2002-05-07,2002,May,7,127,SSP585,12.912263503981505,2.2785953945502095,1.1707413204696855
2002-05-08,2002,May,8,128,SSP585,14.050586395981504,4.097470578550209,2.3666074998327566
2002-05-09,2002,May,9,129,SSP585,15.069888931981504,3.91741414255021,1.8630848979956953
2002-05-10,2002,May,10,130,SSP585,12.457544707981505,1.9001716985502097,2.0267297435927483
2002-05-11,2002,May,11,131,SSP585,9.860459503981504,2.2023002945502093,2.1777865241438494
2002-05-12,2002,May,12,132,SSP585,8.041584319981505,0.7923668465502096,1.435090686434164
2002-05-13,2002,May,13,133,SSP585,9.573589927981505,1.2104639945502098,1.4476787514800664
2002-05-14,2002,May,14,134,SSP585,9.948961819981506,0.3712178945502098,1.888261028087558
2002-05-15,2002,May,15,135,SSP585,10.052723155981505,1.4393492945502098,1.6113235970771191
2002-05-16,2002,May,16,136,SSP585,12.637601143981504,3.282638910550209,2.996010752129147
2002-05-17,2002,May,17,137,SSP585,12.893952679981505,3.6030783305502094,1.3469742311126902
2002-05-18,2002,May,18,138,SSP585,12.530788003981504,3.6244409585502098,2.505076215337947
2002-05-19,2002,May,19,139,SSP585,11.358895267981504,2.7455214065502096,1.7120281174445529
2002-05-20,2002,May,20,140,SSP585,11.233771303981504,2.660070894550209,1.107800995240066
2002-05-21,2002,May,21,141,SSP585,12.588772279981505,3.4474363265502097,4.003055955803311
2002-05-22,2002,May,22,142,SSP585,13.226599315981504,3.990657438550209,2.719073321118717
2002-05-23,2002,May,23,143,SSP585,11.419931347981505,3.0812198465502094,1.661675857260836
2002-05-24,2002,May,24,144,SSP585,11.139165379981504,3.175825770550209,2.4547239551542797
2002-05-25,2002,May,25,145,SSP585,12.881745463981504,4.61322545455021,3.449181093782492
2002-05-26,2002,May,26,146,SSP585,13.446329203981504,4.7658156545502095,0.9189800195511506
2002-05-27,2002,May,27,147,SSP585,12.558254239981505,4.66205431855021,2.1651984590979385
2002-05-28,2002,May,28,148,SSP585,13.605023011981505,6.209318946550209,2.1526103940519867
2002-05-29,2002,May,29,149,SSP585,13.843063723981505,5.23579347055021,1.2840339058830217
2002-05-30,2002,May,30,150,SSP585,13.647748267981505,5.101514094550209,1.4099145563423097
2002-05-31,2002,May,31,151,SSP585,13.434121987981504,5.76375556255021,2.643544930843187
2003-05-01,2003,May,1,121,SSP585,8.764861867981505,0.3223890305502095,1.5483832718475
2003-05-02,2003,May,2,122,SSP585,8.780120887981505,1.3538987825502098,1.7875565077201243
2003-05-03,2003,May,3,123,SSP585,8.667204139981505,1.7170634585502096,1.6490877922149336
2003-05-04,2003,May,4,124,SSP585,9.390481687981504,1.5949912985502095,2.0267297435927483
2003-05-05,2003,May,5,125,SSP585,9.018161599981505,0.4383575825502095,1.560971336893452
2003-05-06,2003,May,6,126,SSP585,8.770965475981505,1.3386397625502096,1.6994400523986424
2003-05-07,2003,May,7,127,SSP585,6.6377544799815045,0.3925805225502097,2.7568375162565233
2003-05-08,2003,May,8,128,SSP585,5.475017155981504,-0.5901003654497905,0.6168664584489097
2003-05-09,2003,May,9,129,SSP585,6.595029223981505,-0.5626341294497903,2.580604605613518
2003-05-10,2003,May,10,130,SSP585,6.909365035981505,-0.034672037449790416,1.3343861660667302
2003-05-11,2003,May,11,131,SSP585,9.240943291981505,1.1616351305502095,1.1329771253319205
2003-05-12,2003,May,12,132,SSP585,9.265357723981504,1.9581559745502097,3.37365270350697
2003-05-13,2003,May,13,133,SSP585,9.738387343981504,2.8950598025502092,1.9386132882712663
2003-05-14,2003,May,14,134,SSP585,9.509502043981504,2.30606163055021,1.4980310116637832
2003-05-15,2003,May,15,135,SSP585,9.692610283981505,2.486118066550209,1.7623803776282698
2003-05-16,2003,May,16,136,SSP585,12.298850899981504,2.8950598025502092,0.7049829137703875
2003-05-17,2003,May,17,137,SSP585,12.225607603981505,2.2297665305502097,0.8182754991837236
2003-05-18,2003,May,18,138,SSP585,12.967195975981504,4.051693518550209,1.321798101020828
2003-05-19,2003,May,19,139,SSP585,11.377206091981504,3.1605667505502097,1.825320702857889
2003-05-20,2003,May,20,140,SSP585,10.397577007981505,2.9683030985502095,2.11484619891423
2003-05-21,2003,May,21,141,SSP585,11.102543731981505,3.3314677745502097,1.661675857260836
2003-05-22,2003,May,22,142,SSP585,12.286643683981504,4.689520554550209,1.0322726049644868
2003-05-23,2003,May,23,143,SSP585,12.726103459981505,4.176817482550209,1.1707413204696855
2003-05-24,2003,May,24,144,SSP585,12.610134907981505,3.459643542550209,1.0952129301941143
2003-05-25,2003,May,25,145,SSP585,12.546047023981505,4.979441934550209,2.4924881502920444
2003-05-26,2003,May,26,146,SSP585,13.791183055981504,4.927561266550209,1.2966219709289735
2003-05-27,2003,May,27,147,SSP585,15.784011067981506,4.8237999305502095,2.1526103940519867
2003-05-28,2003,May,28,148,SSP585,15.152287639981505,4.970286522550209,2.8323659065321025
2003-05-29,2003,May,29,149,SSP585,14.865418063981505,4.9397684825502095,2.001553613500894
2003-05-30,2003,May,30,150,SSP585,14.001757531981506,4.616277258550209,1.888261028087558
2003-05-31,2003,May,31,151,SSP585,14.340507775981505,5.608113558550209,1.258857775791159
2004-05-01,2004,May,1,122,SSP585,7.440378931981504,0.2857673825502096,1.5987355320312169
2004-05-02,2004,May,2,123,SSP585,8.432215231981505,0.5116008785502097,1.2210935806534022
2004-05-03,2004,May,3,124,SSP585,6.973452919981504,0.18200604655020958,1.2462697107452567
2004-05-04,2004,May,4,125,SSP585,7.040592607981504,1.2715000745502094,1.1959174505615398
2004-05-05,2004,May,5,126,SSP585,7.986651847981504,0.7343825705502096,1.9260252232253143
2004-05-06,2004,May,6,127,SSP585,8.349816523981504,1.9032235025502098,1.1707413204696855
2004-05-07,2004,May,7,128,SSP585,6.952090291981505,0.8534029265502097,1.271445840837111
2004-05-08,2004,May,8,129,SSP585,6.295952431981505,0.10876275055020956,2.4169597600164736
2004-05-09,2004,May,9,130,SSP585,7.7943881959815045,0.3345962465502097,2.3791955648787084
2004-05-10,2004,May,10,131,SSP585,8.532924763981505,1.3966240385502096,1.5735594019393542
2004-05-11,2004,May,11,132,SSP585,7.934771179981505,0.4810828385502097,0.9819203447807782
2004-05-12,2004,May,12,133,SSP585,8.603116255981504,2.0405546825502094,1.1959174505615398
2004-05-13,2004,May,13,134,SSP585,8.282676835981505,1.0090449305502098,1.3092100359748757
2004-05-14,2004,May,14,135,SSP585,10.519649167981505,1.7475814985502096,1.8127326378119786
2004-05-15,2004,May,15,136,SSP585,10.022205115981505,1.6621309865502096,1.9512013533171773
2004-05-16,2004,May,16,137,SSP585,10.324333711981504,2.763832230550209,0.868627759367442
2004-05-17,2004,May,17,138,SSP585,10.663083955981504,1.6834936145502095,2.0770820037764652
2004-05-18,2004,May,18,139,SSP585,10.724120035981505,1.6377165545502097,3.008598817175058
2004-05-19,2004,May,19,140,SSP585,10.626462307981505,1.6865454185502096,2.0770820037764652
2004-05-20,2004,May,20,141,SSP585,11.255133931981504,2.2755435905502095,3.2729481831395364
2004-05-21,2004,May,21,142,SSP585,10.901124667981504,3.0415463945502097,2.1526103940519867
2004-05-22,2004,May,22,143,SSP585,11.053714867981505,2.6295528545502096,1.2966219709289735
2004-05-23,2004,May,23,144,SSP585,12.091328227981505,2.2877508065502097,1.321798101020828
2004-05-24,2004,May,24,145,SSP585,12.420923059981504,2.373201318550209,1.8127326378119786
2004-05-25,2004,May,25,146,SSP585,13.464640027981504,4.0150718705502095,1.875672963041606
2004-05-26,2004,May,26,147,SSP585,13.522624303981505,3.4260736985502094,2.958246556991341
2004-05-27,2004,May,27,148,SSP585,14.154347731981504,4.167662070550209,3.78905885002255
2004-05-28,2004,May,28,149,SSP585,15.158391247981506,5.916345762550209,2.8827181667157697
2004-05-29,2004,May,29,150,SSP585,16.073932447981505,6.41684161855021,2.8827181667157697
2004-05-30,2004,May,30,151,SSP585,16.034258995981503,5.99569266655021,1.5232071417556459
2004-05-31,2004,May,31,152,SSP585,16.293662335981505,5.52876665455021,1.2336816456993542
2005-05-01,2005,May,1,121,SSP585,7.141302139981505,-1.3713621894497905,1.2085055156074918
2005-05-02,2005,May,2,122,SSP585,9.021213403981506,1.5858358865502098,2.1400223290060842
2005-05-03,2005,May,3,123,SSP585,8.981539951981505,0.5726369585502098,3.247772053047682
2005-05-04,2005,May,4,124,SSP585,9.332497411981505,0.34680346255020944,4.217053061584081
2005-05-05,2005,May,5,125,SSP585,10.315178299981504,1.9825704065502097,2.6813091259809516
2005-05-06,2005,May,6,126,SSP585,8.319298483981505,0.3986841305502098,1.271445840837111
2005-05-07,2005,May,7,127,SSP585,7.541088463981504,0.2552493425502096,1.661675857260836
2005-05-08,2005,May,8,128,SSP585,7.675367839981504,-0.5717895414497904,1.8504968329497433
2005-05-09,2005,May,9,129,SSP585,8.047687927981505,-0.6541882494497904,1.7623803776282698
2005-05-10,2005,May,10,130,SSP585,9.247046899981505,2.0497100945502096,2.895306231761722
2005-05-11,2005,May,11,131,SSP585,10.263297631981505,2.2938544145502098,1.3343861660667302
2005-05-12,2005,May,12,132,SSP585,11.047611259981505,2.2633363745502093,1.6113235970771191
2005-05-13,2005,May,13,133,SSP585,10.507441951981505,2.8675935665502097,1.9386132882712663
2005-05-14,2005,May,14,134,SSP585,9.478984003981505,2.888956194550209,0.8308635642296772
2005-05-15,2005,May,15,135,SSP585,10.067982175981506,2.3487868865502097,0.6798067836785298
2005-05-16,2005,May,16,136,SSP585,10.858399411981505,3.410814678550209,2.0519058736846025
2005-05-17,2005,May,17,137,SSP585,10.409784223981505,3.27958710655021,2.3414313697409024
2005-05-18,2005,May,18,138,SSP585,11.474863819981504,4.097470578550209,2.2533149144194207
2005-05-19,2005,May,19,139,SSP585,12.317161723981505,3.27958710655021,1.1707413204696855
2005-05-20,2005,May,20,140,SSP585,11.587780567981504,4.32330407455021,2.9330704268994787
2005-05-21,2005,May,21,141,SSP585,12.420923059981504,4.112729598550209,2.1777865241438494
2005-05-22,2005,May,22,142,SSP585,13.251013747981505,4.124936814550209,1.6364997271689818
2005-05-23,2005,May,23,143,SSP585,13.232702923981504,4.048641714550209,1.6490877922149336
2005-05-24,2005,May,24,144,SSP585,13.473795439981505,4.54913757055021,1.913437158179412
2005-05-25,2005,May,25,145,SSP585,14.624325547981504,5.8064808185502095,1.3469742311126902
2005-05-26,2005,May,26,146,SSP585,13.919358823981504,5.092358682550209,0.9693322797348676
2005-05-27,2005,May,27,147,SSP585,13.165563235981505,5.031322602550209,1.2462697107452567
2005-05-28,2005,May,28,148,SSP585,13.473795439981505,4.759712046550209,1.6364997271689818
2005-05-29,2005,May,29,149,SSP585,14.172658555981505,5.214430842550209,0.6546306535866723
2005-05-30,2005,May,30,150,SSP585,14.752501315981505,6.27951043855021,2.1400223290060842
2005-05-31,2005,May,31,151,SSP585,14.285575303981505,5.8675168985502095,3.285536248185439
2006-05-01,2006,May,1,121,SSP585,6.704894167981505,1.0578737945502097,3.033774947266912
2006-05-02,2006,May,2,122,SSP585,6.6408062839815045,-1.1058552414497904,2.568016540567616
2006-05-03,2006,May,3,123,SSP585,7.3305139879815044,-0.8067784494497904,2.0393178086386508
2006-05-04,2006,May,4,124,SSP585,8.648893315981505,1.3203289385502097,2.278491044511275
2006-05-05,2006,May,5,125,SSP585,9.314186587981505,1.4332456865502097,2.2029626542357037
2006-05-06,2006,May,6,126,SSP585,8.780120887981505,1.3447433705502096,2.9834226870831952
2006-05-07,2006,May,7,127,SSP585,7.766921959981504,1.6957008305502097,2.9708346220372928
2006-05-08,2006,May,8,128,SSP585,7.672316035981504,0.6977609225502095,1.988965548454942
2006-05-09,2006,May,9,129,SSP585,8.639737903981505,1.3294843505502094,1.8127326378119786
2006-05-10,2006,May,10,130,SSP585,7.650953407981504,0.11486635855020966,1.5735594019393542
2006-05-11,2006,May,11,131,SSP585,7.730300311981505,1.4149348625502094,2.6938971910268625
2006-05-12,2006,May,12,132,SSP585,8.661100531981505,0.9571642625502095,2.0141416785467965
2006-05-13,2006,May,13,133,SSP585,9.741439147981504,2.12905699855021,1.0322726049644868
2006-05-14,2006,May,14,134,SSP585,8.923555675981504,0.9358016345502096,1.7497923125823591
2006-05-15,2006,May,15,135,SSP585,9.799423423981505,-0.07434548944979036,2.1777865241438494
2006-05-16,2006,May,16,136,SSP585,11.511485467981505,2.4647554385502097,2.3540194347868546
2006-05-17,2006,May,17,137,SSP585,10.858399411981505,3.4169182865502092,2.7694255813024338
2006-05-18,2006,May,18,138,SSP585,10.302971083981504,2.0588655065502097,1.5483832718475
2006-05-19,2006,May,19,139,SSP585,11.477915623981504,1.7658923225502094,1.988965548454942
2006-05-20,2006,May,20,140,SSP585,12.408715843981504,3.2704316945502097,1.8504968329497433
2006-05-21,2006,May,21,141,SSP585,12.625393927981504,3.1269969065502092,2.7694255813024338
2006-05-22,2006,May,22,142,SSP585,12.060810187981504,3.4810061705502093,2.2029626542357037
2006-05-23,2006,May,23,143,SSP585,12.878693659981504,3.8838442985502093,2.190374589189801
2006-05-24,2006,May,24,144,SSP585,12.552150631981505,4.8237999305502095,2.6813091259809516
2006-05-25,2006,May,25,145,SSP585,12.576565063981505,4.802437302550209,1.1581532554237748
2006-05-26,2006,May,26,146,SSP585,13.486002655981505,4.625432670550209,2.4295478250624254
2006-05-27,2006,May,27,147,SSP585,13.766768623981505,5.135083938550209,2.505076215337947
2006-05-28,2006,May,28,148,SSP585,13.647748267981505,5.434160730550209,1.6868519873526904
2006-05-29,2006,May,29,149,SSP585,12.948885151981505,5.65389061855021,3.1596555977262
2006-05-30,2006,May,30,150,SSP585,12.973299583981504,4.695624162550209,2.278491044511275
2006-05-31,2006,May,31,151,SSP585,12.854279227981504,3.7739793545502094,0.9441561496430132
2007-05-01,2007,May,1,121,SSP585,5.8320782239815046,-0.3215416134497904,2.303667174603137
2007-05-02,2007,May,2,122,SSP585,6.4058173759815045,-1.0600781814497904,1.90084909313346
2007-05-03,2007,May,3,123,SSP585,6.112844191981504,-1.3255851294497905,2.3288433046949915
2007-05-04,2007,May,4,124,SSP585,7.501415011981505,-0.7793122134497904,1.8379087679038408
2007-05-05,2007,May,5,125,SSP585,7.419016303981504,-0.9837830814497904,2.0267297435927483
2007-05-06,2007,May,6,126,SSP585,6.9856601359815045,-1.7406304734497904,1.3343861660667302
2007-05-07,2007,May,7,127,SSP585,8.947970107981504,-0.4466655774497903,0.868627759367442
2007-05-08,2007,May,8,128,SSP585,11.523692683981505,2.4067711625502097,1.4602668165260264
2007-05-09,2007,May,9,129,SSP585,12.198141367981505,2.660070894550209,2.870130101669859
2007-05-10,2007,May,10,130,SSP585,10.946901727981505,2.00698483855021,2.2659029794653724
2007-05-11,2007,May,11,131,SSP585,9.527812867981504,1.7994621665502095,1.4602668165260264
2007-05-12,2007,May,12,132,SSP585,10.077137587981504,3.2429654585502092,1.9512013533171773
2007-05-13,2007,May,13,133,SSP585,9.225684271981505,1.7994621665502095,1.825320702857889
2007-05-14,2007,May,14,134,SSP585,9.689558479981505,3.5420422505502094,3.3862407685528724
2007-05-15,2007,May,15,135,SSP585,10.162588099981505,1.9276379345502097,2.0519058736846025
2007-05-16,2007,May,16,136,SSP585,11.120854555981504,2.818764702550209,2.5931926706594783
2007-05-17,2007,May,17,137,SSP585,11.148320791981504,3.587819310550209,2.5931926706594783
2007-05-18,2007,May,18,138,SSP585,10.321281907981504,2.8553863505502095,1.7372042475364071
2007-05-19,2007,May,19,139,SSP585,9.970324447981504,2.5746203825502096,1.4602668165260264
2007-05-20,2007,May,20,140,SSP585,9.420999727981505,2.657019090550209,1.888261028087558
2007-05-21,2007,May,21,141,SSP585,9.381326275981504,1.4729191385502094,1.90084909313346
2007-05-22,2007,May,22,142,SSP585,10.409784223981505,3.700736058550209,4.556930817824089
2007-05-23,2007,May,23,143,SSP585,11.636609431981505,6.0994540025502095,2.958246556991341
2007-05-24,2007,May,24,144,SSP585,10.507441951981505,5.315140374550209,3.071539142404677
2007-05-25,2007,May,25,145,SSP585,10.486079323981505,2.9713549025502095,1.2840339058830217
2007-05-26,2007,May,26,146,SSP585,11.960100655981504,3.1605667505502097,1.5861474669853144
2007-05-27,2007,May,27,147,SSP585,13.345619671981504,3.3650376185502093,0.6672187186326249
2007-05-28,2007,May,28,148,SSP585,14.026171963981504,4.08221155855021,1.1833293855156373
2007-05-29,2007,May,29,149,SSP585,14.288627107981505,5.739341130550209,2.1777865241438494
2007-05-30,2007,May,30,150,SSP585,13.769820427981506,4.82990353855021,0.9315680845970613
2007-05-31,2007,May,31,151,SSP585,14.483942563981504,6.081143178550209,2.4169597600164736
2008-05-01,2008,May,1,122,SSP585,6.750671227981504,-0.2940753774497904,1.1455651903778228
2008-05-02,2008,May,2,123,SSP585,6.7567748359815045,-0.6023075814497905,1.8630848979956953
2008-05-03,2008,May,3,124,SSP585,7.556347483981504,-1.1089070454497905,2.3288433046949915
2008-05-04,2008,May,4,125,SSP585,8.743499239981505,-0.007205801449790439,2.7820136463483855
2008-05-05,2008,May,5,126,SSP585,10.168691707981505,0.5604297425502096,1.9260252232253143
2008-05-06,2008,May,6,127,SSP585,9.182959015981504,0.7374343745502097,1.8630848979956953
2008-05-07,2008,May,7,128,SSP585,9.344704627981505,0.9571642625502095,1.7120281174445529
2008-05-08,2008,May,8,129,SSP585,9.341652823981505,1.3233807425502098,2.303667174603137
2008-05-09,2008,May,9,130,SSP585,9.411844315981504,1.4424010985502098,2.2533149144194207
2008-05-10,2008,May,10,131,SSP585,8.990695363981505,2.772987642550209,2.278491044511275
2008-05-11,2008,May,11,132,SSP585,8.795379907981506,1.3844168225502098,1.0952129301941143
2008-05-12,2008,May,12,133,SSP585,9.427103335981505,1.1372206985502096,3.348476573415107
2008-05-13,2008,May,13,134,SSP585,9.836045071981506,1.7719959305502095,2.5302523454298096
2008-05-14,2008,May,14,135,SSP585,9.515605651981504,1.7506333025502097,2.0267297435927483
2008-05-15,2008,May,15,136,SSP585,9.460673179981505,2.8035056825502096,1.4854429466178807
2008-05-16,2008,May,16,137,SSP585,9.445414159981505,2.6234492465502095,1.1959174505615398
2008-05-17,2008,May,17,138,SSP585,8.670255943981505,0.7160717465502098,1.8630848979956953
2008-05-18,2008,May,18,139,SSP585,10.568478031981504,2.4586518305502096,1.8127326378119786
2008-05-19,2008,May,19,140,SSP585,11.767837003981505,4.332459486550209,2.3414313697409024
2008-05-20,2008,May,20,141,SSP585,11.380257895981504,4.14935124655021,3.260360118093584
2008-05-21,2008,May,21,142,SSP585,12.463648315981505,3.456591738550209,1.875672963041606
2008-05-22,2008,May,22,143,SSP585,13.086216331981504,3.059857218550209,2.2029626542357037
2008-05-23,2008,May,23,144,SSP585,13.504313479981505,4.961131110550209,2.1022581338683195
2008-05-24,2008,May,24,145,SSP585,14.383233031981504,5.0526852305502095,2.46731202020019
2008-05-25,2008,May,25,146,SSP585,15.130925011981505,5.251052490550209,2.9204823618535762
2008-05-26,2008,May,26,147,SSP585,14.853210847981504,6.071987766550209,2.4169597600164736
2008-05-27,2008,May,27,148,SSP585,14.078052631981505,5.568440106550209,2.2659029794653724
2008-05-28,2008,May,28,149,SSP585,14.432061895981505,6.136075650550209,1.8630848979956953
2008-05-29,2008,May,29,150,SSP585,14.123829691981504,5.88582772255021,2.7820136463483855
2008-05-30,2008,May,30,151,SSP585,14.514460603981505,7.5460090985502095,2.870130101669859
2008-05-31,2008,May,31,152,SSP585,15.396431959981506,5.669149638550209,1.2462697107452567
2009-05-01,2009,May,1,121,SSP585,5.545208647981505,-0.07129368544979031,2.643544930843187
2009-05-02,2009,May,2,122,SSP585,5.893114303981505,-0.42225114544979037,3.700942394701068
2009-05-03,2009,May,3,123,SSP585,6.646909891981505,0.7038645305502096,3.1093033375424834
2009-05-04,2009,May,4,124,SSP585,5.554364059981505,-0.15979600144979034,2.1022581338683195
2009-05-05,2009,May,5,125,SSP585,7.007022763981505,-1.0448191614497904,1.5735594019393542
2009-05-06,2009,May,6,126,SSP585,9.445414159981505,-0.007205801449790439,1.1959174505615398
2009-05-07,2009,May,7,127,SSP585,9.921495583981505,0.35290707055020953,2.568016540567616
2009-05-08,2009,May,8,128,SSP585,9.784164403981505,1.7658923225502094,1.5106190767097352
2009-05-09,2009,May,9,129,SSP585,10.254142219981505,1.2257230145502096,1.1833293855156373
2009-05-10,2009,May,10,130,SSP585,10.995730591981506,1.5125925905502096,3.78905885002255
2009-05-11,2009,May,11,131,SSP585,11.850235711981504,3.0781680425502094,2.1022581338683195
2009-05-12,2009,May,12,132,SSP585,11.581676959981504,3.862481670550209,4.040820150941076
2009-05-13,2009,May,13,133,SSP585,11.307014599981505,1.3630541945502095,1.4099145563423097
2009-05-14,2009,May,14,134,SSP585,12.359886979981505,2.01919205455021,1.661675857260836
2009-05-15,2009,May,15,135,SSP585,11.953997047981504,2.6753299145502094,2.442135890108328
2009-05-16,2009,May,16,136,SSP585,11.419931347981505,2.3243724545502094,2.870130101669859
2009-05-17,2009,May,17,137,SSP585,12.359886979981505,4.1310404225502095,2.1651984590979385
2009-05-18,2009,May,18,138,SSP585,13.763716819981505,4.20123191455021,2.0141416785467965
2009-05-19,2009,May,19,139,SSP585,14.206228399981505,4.42706541055021,1.6239116621230711
2009-05-20,2009,May,20,140,SSP585,15.140080423981505,4.89399142255021,0.7175709788162932
2009-05-21,2009,May,21,141,SSP585,13.714887955981505,4.08221155855021,1.435090686434164
2009-05-22,2009,May,22,142,SSP585,12.881745463981504,4.49725690255021,1.9260252232253143
2009-05-23,2009,May,23,143,SSP585,11.255133931981504,4.7627638505502095,3.738706589838833
2009-05-24,2009,May,24,144,SSP585,11.203253263981505,5.043529818550209,1.6994400523986424
2009-05-25,2009,May,25,145,SSP585,11.764785199981505,5.13203213455021,1.3721503612045445
2009-05-26,2009,May,26,146,SSP585,12.268332859981506,5.41890171055021,1.5106190767097352
2009-05-27,2009,May,27,147,SSP585,12.723051655981505,5.36091743455021,1.6113235970771191
2009-05-28,2009,May,28,148,SSP585,12.295799095981504,5.4036426905502095,3.084127207450629
2009-05-29,2009,May,29,149,SSP585,11.566417939981505,5.684408658550209,1.913437158179412
2009-05-30,2009,May,30,150,SSP585,10.705809211981505,4.0150718705502095,3.2225959229558194
2009-05-31,2009,May,31,151,SSP585,12.109639051981505,4.95502750255021,1.7372042475364071
2010-05-01,2010,May,1,121,SSP585,5.587933903981504,-1.1852021454497903,0.8938038894592963
2010-05-02,2010,May,2,122,SSP585,6.836121739981505,-1.5514186254497904,2.0644939387305135
2010-05-03,2010,May,3,123,SSP585,6.445490827981505,-0.9868348854497904,2.0644939387305135
2010-05-04,2010,May,4,124,SSP585,7.153509355981504,0.023312238550209585,2.6938971910268625
2010-05-05,2010,May,5,125,SSP585,8.499354919981505,1.5064889825502095,1.321798101020828
2010-05-06,2010,May,6,126,SSP585,9.826889659981505,2.01308844655021,3.2225959229558194
2010-05-07,2010,May,7,127,SSP585,9.961169035981504,2.07107272255021,2.7568375162565233
2010-05-08,2010,May,8,128,SSP585,9.573589927981505,1.1402725025502096,1.6113235970771191
2010-05-09,2010,May,9,129,SSP585,9.430155139981505,2.12905699855021,3.6254140044254966
2010-05-10,2010,May,10,130,SSP585,8.966280931981505,2.12905699855021,2.391783629924611
2010-05-11,2010,May,11,131,SSP585,9.921495583981505,3.1269969065502092,2.7442494512105715
2010-05-12,2010,May,12,132,SSP585,8.719084807981504,0.7221753545502094,1.0952129301941143
2010-05-13,2010,May,13,133,SSP585,10.006946095981505,1.8391356185502097,1.0952129301941143
2010-05-14,2010,May,14,134,SSP585,10.959108943981505,2.821816506550209,3.1093033375424834
2010-05-15,2010,May,15,135,SSP585,10.699705603981505,3.1483595345502096,1.8630848979956953
2010-05-16,2010,May,16,136,SSP585,10.232779591981505,3.0445981985502097,1.0070964748726325
2010-05-17,2010,May,17,137,SSP585,10.473872107981505,2.07717633055021,1.5735594019393542
2010-05-18,2010,May,18,138,SSP585,11.184942439981505,2.6844853265502095,1.0448606700104388
2010-05-19,2010,May,19,139,SSP585,12.555202435981505,3.929621358550209,1.2336816456993542
2010-05-20,2010,May,20,140,SSP585,13.241858335981505,4.3599257225502095,2.479900085246142
2010-05-21,2010,May,21,141,SSP585,12.271384663981504,3.4413327185502096,1.6994400523986424
2010-05-22,2010,May,22,142,SSP585,12.637601143981504,3.3619858145502093,1.913437158179412
2010-05-23,2010,May,23,143,SSP585,12.719999851981505,4.7627638505502095,2.1274342639601818
2010-05-24,2010,May,24,144,SSP585,13.281531787981505,5.614217166550209,2.7568375162565233
2010-05-25,2010,May,25,145,SSP585,13.650800071981505,5.59590634255021,2.001553613500894
2010-05-26,2010,May,26,146,SSP585,13.699628935981504,5.571491910550209,0.9315680845970613
2010-05-27,2010,May,27,147,SSP585,12.878693659981504,4.83905895055021,2.542840410475762
2010-05-28,2010,May,28,148,SSP585,11.960100655981504,4.738349418550209,2.1022581338683195
2010-05-29,2010,May,29,149,SSP585,12.469751923981505,5.742392934550209,3.461769158828444
2010-05-30,2010,May,30,150,SSP585,12.460596511981505,3.9448803785502093,2.303667174603137
2010-05-31,2010,May,31,151,SSP585,14.584652095981506,6.075039570550209,3.121891402588394
2011-05-01,2011,May,1,121,SSP585,7.367135635981505,-0.02246482144979045,2.303667174603137
2011-05-02,2011,May,2,122,SSP585,7.031437195981504,0.1392807905502096,3.58764980928769
2011-05-03,2011,May,3,123,SSP585,7.461741559981505,-0.06213827344979039,1.4099145563423097
2011-05-04,2011,May,4,124,SSP585,6.747619423981504,-0.6236702094497903,1.1959174505615398
2011-05-05,2011,May,5,125,SSP585,6.900209623981505,-0.1201225494497904,2.4043716949705627
2011-05-06,2011,May,6,126,SSP585,7.989703651981504,1.3691578025502096,3.3862407685528724
2011-05-07,2011,May,7,127,SSP585,7.592969131981505,1.3264325465502098,1.875672963041606
2011-05-08,2011,May,8,128,SSP585,7.147405747981504,1.0334593625502098,1.674263922306788
2011-05-09,2011,May,9,129,SSP585,7.809647215981505,0.5177044865502094,2.3666074998327566
2011-05-10,2011,May,10,130,SSP585,8.774017279981505,0.8717137505502095,1.0952129301941143
2011-05-11,2011,May,11,131,SSP585,9.945910015981505,2.3304760625502094,0.8182754991837236
2011-05-12,2011,May,12,132,SSP585,11.099491927981505,2.892007998550209,1.2462697107452567
2011-05-13,2011,May,13,133,SSP585,11.587780567981504,2.5105324985502095,2.542840410475762
2011-05-14,2011,May,14,134,SSP585,13.290687199981505,3.0842716505502095,1.2085055156074918
2011-05-15,2011,May,15,135,SSP585,14.053638199981505,4.408754586550209,2.442135890108328
2011-05-16,2011,May,16,136,SSP585,13.919358823981504,5.1137213105502095,1.988965548454942
2011-05-17,2011,May,17,137,SSP585,12.909211699981505,4.2470089745502095,3.335888508369156
2011-05-18,2011,May,18,138,SSP585,11.169683419981505,3.7129432745502093,2.9330704268994787
2011-05-19,2011,May,19,139,SSP585,10.580685247981505,3.1544631425502097,2.6687210609350496
2011-05-20,2011,May,20,140,SSP585,11.432138563981505,2.6265010505502095,1.0574487350563495
2011-05-21,2011,May,21,141,SSP585,10.815674155981505,2.2236629225502096,2.5302523454298096
2011-05-22,2011,May,22,142,SSP585,11.206305067981505,1.9886740145502098,0.8056874341378178
2011-05-23,2011,May,23,143,SSP585,11.130009967981504,2.602086618550209,2.1777865241438494
2011-05-24,2011,May,24,144,SSP585,12.274436467981504,2.6966925425502097,3.5372975491040144
2011-05-25,2011,May,25,145,SSP585,12.964144171981506,3.9692948105502097,2.0770820037764652
2011-05-26,2011,May,26,146,SSP585,13.223547511981504,4.964182914550209,3.121891402588394
2011-05-27,2011,May,27,147,SSP585,11.911271791981505,4.625432670550209,3.0589510773587665
2011-05-28,2011,May,28,148,SSP585,12.018084931981505,4.112729598550209,3.763882719930687
2011-05-29,2011,May,29,149,SSP585,12.521632591981504,5.501300418550209,3.0589510773587665
2011-05-30,2011,May,30,150,SSP585,12.539943415981504,5.47383418255021,2.719073321118717
2011-05-31,2011,May,31,151,SSP585,13.260169159981505,5.919397566550209,1.3343861660667302
2012-05-01,2012,May,1,122,SSP585,8.877778615981505,0.46887562255020954,3.260360118093584
2012-05-02,2012,May,2,123,SSP585,8.441370643981505,1.3325361545502095,2.4547239551542797
2012-05-03,2012,May,3,124,SSP585,7.776077371981504,1.0731328145502095,1.321798101020828
2012-05-04,2012,May,4,125,SSP585,7.174871983981505,0.9205426145502098,2.001553613500894
2012-05-05,2012,May,5,126,SSP585,7.083317863981505,0.07214110255020967,1.3595622961585927
2012-05-06,2012,May,6,127,SSP585,8.6733077479815055,0.017208630550209714,1.0700368001022516
2012-05-07,2012,May,7,128,SSP585,9.475932199981505,1.2379302305502098,1.2085055156074918
2012-05-08,2012,May,8,129,SSP585,8.560390999981506,2.52579151855021,3.310712378277301
2012-05-09,2012,May,9,130,SSP585,8.877778615981505,2.653967286550209,2.794601711394288
2012-05-10,2012,May,10,131,SSP585,9.909288367981505,3.1392041225502094,2.0393178086386508
2012-05-11,2012,May,11,132,SSP585,10.406732419981505,1.8727054625502098,1.3721503612045445
2012-05-12,2012,May,12,133,SSP585,11.502330055981504,3.752616726550209,3.0463630123128143
2012-05-13,2012,May,13,134,SSP585,13.693525327981504,4.845162558550209,4.456226297456656
2012-05-14,2012,May,14,135,SSP585,12.143208895981505,3.285690714550209,3.348476573415107
2012-05-15,2012,May,15,136,SSP585,11.053714867981505,2.138212410550209,0.9819203447807782
2012-05-16,2012,May,16,137,SSP585,11.642713039981505,2.1473678225502093,2.001553613500894
2012-05-17,2012,May,17,138,SSP585,11.358895267981504,3.282638910550209,1.875672963041606
2012-05-18,2012,May,18,139,SSP585,11.322273619981505,3.1971883985502094,1.0574487350563495
2012-05-19,2012,May,19,140,SSP585,10.000842487981505,2.992717530550209,1.321798101020828
2012-05-20,2012,May,20,141,SSP585,10.711912819981505,4.25006077855021,3.0589510773587665
2012-05-21,2012,May,21,142,SSP585,12.445337491981505,3.398607462550209,3.0589510773587665
2012-05-22,2012,May,22,143,SSP585,12.646756555981504,3.5359386425502093,1.5987355320312169
2012-05-23,2012,May,23,144,SSP585,12.634549339981504,4.158506658550209,2.0896700688223677
2012-05-24,2012,May,24,145,SSP585,13.287635395981505,5.022167190550209,2.907894296807624
2012-05-25,2012,May,25,146,SSP585,13.150304215981505,4.7688674585502095,3.4114168986447266
2012-05-26,2012,May,26,147,SSP585,12.753569695981504,5.321243982550209,2.5302523454298096
2012-05-27,2012,May,27,148,SSP585,14.099415259981505,5.022167190550209,1.8630848979956953
2012-05-28,2012,May,28,149,SSP585,14.413751071981505,4.732245810550209,0.8434516292755794
2012-05-29,2012,May,29,150,SSP585,14.090259847981505,4.805489106550209,2.5176642803838987
2012-05-30,2012,May,30,151,SSP585,12.970247779981504,5.06489244655021,2.2659029794653724
2012-05-31,2012,May,31,152,SSP585,12.411767647981504,4.332459486550209,1.2966219709289735
2013-05-01,2013,May,1,121,SSP585,5.340737779981505,-2.56766935744979,0.4028693526681432
2013-05-02,2013,May,2,122,SSP585,5.911425127981505,-1.0692335934497903,0.9189800195511506
2013-05-03,2013,May,3,123,SSP585,7.153509355981504,0.11486635855020966,2.6561329958890973
2013-05-04,2013,May,4,124,SSP585,7.318306771981505,-1.6155065094497905,0.8560396943215315
2013-05-05,2013,May,5,125,SSP585,8.706877591981504,0.7587970025502095,2.3666074998327566
2013-05-06,2013,May,6,126,SSP585,8.200278127981505,-0.010257605449790486,1.6490877922149336
2013-05-07,2013,May,7,127,SSP585,7.739455723981505,-0.6541882494497904,1.1455651903778228
2013-05-08,2013,May,8,128,SSP585,9.811630639981505,0.5299117025502096,1.0952129301941143
2013-05-09,2013,May,9,129,SSP585,9.823837855981505,0.5634815465502097,1.2840339058830217
2013-05-10,2013,May,10,130,SSP585,8.648893315981505,2.370149514550209,2.0519058736846025
2013-05-11,2013,May,11,131,SSP585,8.438318839981505,2.41287477055021,3.92752756552774
2013-05-12,2013,May,12,132,SSP585,8.413904407981505,2.5563095585502094,3.4743572238743545
2013-05-13,2013,May,13,133,SSP585,8.539028371981505,1.1646869345502096,2.190374589189801
2013-05-14,2013,May,14,134,SSP585,8.090413183981505,1.1768941505502097,1.2462697107452567
2013-05-15,2013,May,15,135,SSP585,8.258262403981504,1.7811513425502097,3.4365930287365893
2013-05-16,2013,May,16,136,SSP585,9.311134783981505,3.0415463945502097,3.285536248185439
2013-05-17,2013,May,17,137,SSP585,8.084309575981505,2.7455214065502096,2.7694255813024338
2013-05-18,2013,May,18,138,SSP585,7.849320667981505,2.0039330345502098,3.2981243132313907
2013-05-19,2013,May,19,139,SSP585,10.165639903981505,3.5542494665502096,2.6183688007513326
2013-05-20,2013,May,20,140,SSP585,10.373162575981505,3.8899479065502094,2.0770820037764652
2013-05-21,2013,May,21,141,SSP585,11.212408675981505,2.30911343455021,1.913437158179412
2013-05-22,2013,May,22,142,SSP585,13.064853703981505,3.4352291105502095,2.5931926706594783
2013-05-23,2013,May,23,143,SSP585,13.354775083981504,5.18696460655021,3.260360118093584
2013-05-24,2013,May,24,144,SSP585,14.065845415981505,6.364960950550209,2.542840410475762
2013-05-25,2013,May,25,145,SSP585,13.574504971981504,5.327347590550209,2.6183688007513326
2013-05-26,2013,May,26,146,SSP585,14.346611383981505,5.281570530550209,1.5861474669853144
2013-05-27,2013,May,27,147,SSP585,14.377129423981504,6.007899882550209,2.3791955648787084
2013-05-28,2013,May,28,148,SSP585,15.042422695981505,6.810524334550209,3.147067532680248
2013-05-29,2013,May,29,149,SSP585,13.919358823981504,5.5775955185502095,4.003055955803311
2013-05-30,2013,May,30,150,SSP585,15.024111871981505,6.53891377855021,2.857542036623907
2013-05-31,2013,May,31,151,SSP585,15.747389419981506,6.29171765455021,1.9386132882712663
2014-05-01,2014,May,1,121,SSP585,7.122991315981505,-0.9807312774497904,1.825320702857889
2014-05-02,2014,May,2,122,SSP585,8.267417815981505,1.1799459545502098,1.9763774834090315
2014-05-03,2014,May,3,123,SSP585,8.282676835981505,-0.22388388544979043,0.9819203447807782
2014-05-04,2014,May,4,124,SSP585,8.758758259981505,1.4698673345502098,1.107800995240066
2014-05-05,2014,May,5,125,SSP585,8.297935855981505,2.19314488255021,1.4854429466178807
2014-05-06,2014,May,6,126,SSP585,8.038532515981505,0.047726670550209516,1.1707413204696855
2014-05-07,2014,May,7,127,SSP585,8.853364183981505,0.8015222585502098,3.0211868822210097
2014-05-08,2014,May,8,128,SSP585,8.065998751981505,-0.13232976544979036,2.542840410475762
2014-05-09,2014,May,9,129,SSP585,7.840165255981505,0.014156826550209667,1.271445840837111
2014-05-10,2014,May,10,130,SSP585,8.090413183981505,-0.1292779614497903,2.0896700688223677
2014-05-11,2014,May,11,131,SSP585,8.218588951981504,0.08129651455020959,2.3414313697409024
2014-05-12,2014,May,12,132,SSP585,9.222632467981505,0.7984704545502097,0.8560396943215315
2014-05-13,2014,May,13,133,SSP585,9.124974739981505,1.7567369105502098,1.9260252232253143
2014-05-14,2014,May,14,134,SSP585,9.573589927981505,2.1778858625502098,1.1455651903778228
2014-05-15,2014,May,15,135,SSP585,9.799423423981505,2.2267147265502096,1.107800995240066
2014-05-16,2014,May,16,136,SSP585,11.001834199981504,1.7842031465502097,2.391783629924611
2014-05-17,2014,May,17,137,SSP585,11.902116379981505,2.8035056825502096,1.3721503612045445
2014-05-18,2014,May,18,138,SSP585,13.104527155981504,3.523731426550209,1.2210935806534022
2014-05-19,2014,May,19,139,SSP585,14.657895391981505,3.526783230550209,2.4043716949705627
2014-05-20,2014,May,20,140,SSP585,16.763640151981505,5.1106695065502095,1.3343861660667302
2014-05-21,2014,May,21,141,SSP585,16.293662335981505,5.916345762550209,2.2281387843275664
2014-05-22,2014,May,22,142,SSP585,16.012896367981504,6.361909146550209,3.700942394701068
2014-05-23,2014,May,23,143,SSP585,15.341499487981505,5.956019214550209,1.4099145563423097
2014-05-24,2014,May,24,144,SSP585,15.387276547981505,6.74033284255021,1.5861474669853144
2014-05-25,2014,May,25,145,SSP585,16.488977791981505,6.093350394550209,2.2281387843275664
2014-05-26,2014,May,26,146,SSP585,16.235678059981506,6.340546518550209,3.0463630123128143
2014-05-27,2014,May,27,147,SSP585,15.719923183981503,7.4819212145502085,3.675766264609213
2014-05-28,2014,May,28,148,SSP585,14.917298731981505,4.863473382550209,2.0141416785467965
2014-05-29,2014,May,29,149,SSP585,14.194021183981505,4.982493738550209,1.9260252232253143
2014-05-30,2014,May,30,150,SSP585,14.755553119981505,6.603001662550209,1.5987355320312169
2014-05-31,2014,May,31,151,SSP585,13.666059091981504,6.313080282550209,2.3666074998327566
2015-05-01,2015,May,1,121,SSP585,5.2461318559815044,-1.1119588494497905,1.2085055156074918
2015-05-02,2015,May,2,122,SSP585,6.207450115981505,0.10265914255020969,1.271445840837111
2015-05-03,2015,May,3,123,SSP585,8.484095899981504,0.3437516585502094,0.7049829137703875
2015-05-04,2015,May,4,124,SSP585,8.160604675981505,0.9602160665502095,2.3791955648787084
2015-05-05,2015,May,5,125,SSP585,7.580761915981505,0.28271557855020957,3.524709484058063
2015-05-06,2015,May,6,126,SSP585,7.638746191981504,1.2379302305502098,2.9456584919454305
2015-05-07,2015,May,7,127,SSP585,8.078205967981505,0.5512743305502095,2.2029626542357037
2015-05-08,2015,May,8,128,SSP585,8.920503871981504,0.7160717465502098,2.46731202020019
2015-05-09,2015,May,9,129,SSP585,10.861451215981505,-0.01330940944979031,0.8182754991837236
2015-05-10,2015,May,10,130,SSP585,10.837036783981505,1.6438201625502098,1.2840339058830217
2015-05-11,2015,May,11,131,SSP585,10.144277275981505,2.5013770865502094,1.4854429466178807
2015-05-12,2015,May,12,132,SSP585,10.040515939981505,1.7140116545502095,1.0826248651482036
2015-05-13,2015,May,13,133,SSP585,10.110707431981504,2.431185594550209,1.6239116621230711
2015-05-14,2015,May,14,134,SSP585,10.071033979981504,2.885904390550209,2.505076215337947
2015-05-15,2015,May,15,135,SSP585,10.568478031981504,2.9255778425502097,2.630956865797235
2015-05-16,2015,May,16,136,SSP585,10.779052507981504,3.6061301345502095,1.6868519873526904
2015-05-17,2015,May,17,137,SSP585,11.453501191981506,4.326355878550209,2.0267297435927483
2015-05-18,2015,May,18,138,SSP585,11.017093219981504,4.1279886185502095,2.3162552396490397
2015-05-19,2015,May,19,139,SSP585,10.449457675981504,3.239913654550209,2.1651984590979385
2015-05-20,2015,May,20,140,SSP585,10.452509479981504,3.1392041225502094,1.4476787514800664
2015-05-21,2015,May,21,141,SSP585,11.477915623981504,3.5450940545502094,1.1329771253319205
2015-05-22,2015,May,22,142,SSP585,11.975359675981505,2.8431791345502093,1.0826248651482036
2015-05-23,2015,May,23,143,SSP585,13.125889783981505,4.19207650255021,2.4924881502920444
2015-05-24,2015,May,24,144,SSP585,13.229651119981504,4.973338326550209,1.4099145563423097
2015-05-25,2015,May,25,145,SSP585,13.663007287981504,4.89399142255021,2.1651984590979385
2015-05-26,2015,May,26,146,SSP585,13.547038735981504,5.714926698550209,1.271445840837111
2015-05-27,2015,May,27,147,SSP585,13.171666843981505,6.133023846550209,1.435090686434164
2015-05-28,2015,May,28,148,SSP585,13.907151607981504,6.004848078550209,2.4295478250624254
2015-05-29,2015,May,29,149,SSP585,14.987490223981505,4.8817842065502095,2.0644939387305135
2015-05-30,2015,May,30,150,SSP585,15.271307995981505,7.048565046550209,2.0770820037764652
2015-05-31,2015,May,31,151,SSP585,14.694517039981505,3.978450222550209,1.3721503612045445
2016-05-01,2016,May,1,122,SSP585,7.180975591981505,0.25219753855020954,1.9260252232253143
2016-05-02,2016,May,2,123,SSP585,7.409860891981505,-0.08044909744979045,2.11484619891423
2016-05-03,2016,May,3,124,SSP585,7.519725835981506,-0.5412715014497904,1.9637894183630795
2016-05-04,2016,May,4,125,SSP585,7.534984855981504,0.1392807905502096,4.204464996538129
2016-05-05,2016,May,5,126,SSP585,8.084309575981505,0.4322539745502094,2.4924881502920444
2016-05-06,2016,May,6,127,SSP585,8.807587123981504,0.09350373055020955,1.6490877922149336
2016-05-07,2016,May,7,128,SSP585,9.723128323981504,1.2715000745502094,2.1777865241438494
2016-05-08,2016,May,8,129,SSP585,11.603039587981504,2.708899758550209,1.9637894183630795
2016-05-09,2016,May,9,130,SSP585,10.745482663981505,1.5370070225502095,2.4295478250624254
2016-05-10,2016,May,10,131,SSP585,10.589840659981505,1.0792364225502096,2.719073321118717
2016-05-11,2016,May,11,132,SSP585,8.960177323981505,-0.2727127494497903,0.9567442146889157
2016-05-12,2016,May,12,133,SSP585,9.634626007981504,0.45361660255020975,1.258857775791159
2016-05-13,2016,May,13,134,SSP585,11.673231079981505,2.9255778425502097,3.247772053047682
2016-05-14,2016,May,14,135,SSP585,11.825821279981504,4.271423406550209,2.4169597600164736
2016-05-15,2016,May,15,136,SSP585,11.758681591981505,3.6763216265502097,1.1581532554237748
2016-05-16,2016,May,16,137,SSP585,10.550167207981504,1.1250134825502094,0.8182754991837236
2016-05-17,2016,May,17,138,SSP585,10.589840659981505,2.5074806945502095,2.6561329958890973
2016-05-18,2016,May,18,139,SSP585,11.120854555981504,3.877740690550209,3.4240049636906376
2016-05-19,2016,May,19,140,SSP585,10.907228275981504,3.2612762825502095,2.4295478250624254
2016-05-20,2016,May,20,141,SSP585,12.521632591981504,4.1859728945502095,2.870130101669859
2016-05-21,2016,May,21,142,SSP585,11.911271791981505,4.83295534255021,1.6868519873526904
2016-05-22,2016,May,22,143,SSP585,11.136113575981504,4.5949146305502095,0.2518125721169976
2016-05-23,2016,May,23,144,SSP585,11.230719499981504,4.643743494550209,3.008598817175058
2016-05-24,2016,May,24,145,SSP585,12.399560431981504,5.223586254550209,2.6813091259809516
2016-05-25,2016,May,25,146,SSP585,12.225607603981505,4.3568739185502094,2.3414313697409024
2016-05-26,2016,May,26,147,SSP585,12.103535443981505,4.326355878550209,1.825320702857889
2016-05-27,2016,May,27,148,SSP585,14.178762163981505,5.370072846550209,1.4225026213882614
2016-05-28,2016,May,28,149,SSP585,14.410699267981505,5.736289326550209,2.0393178086386508
2016-05-29,2016,May,29,150,SSP585,14.618221939981504,6.084194982550209,1.913437158179412
2016-05-30,2016,May,30,151,SSP585,14.709776059981504,5.41279810255021,1.9512013533171773
2016-05-31,2016,May,31,152,SSP585,13.510417087981505,4.387391958550209,2.5176642803838987
2017-05-01,2017,May,1,121,SSP585,8.300987659981505,-0.10791533344979043,3.197419792863965
2017-05-02,2017,May,2,122,SSP585,7.4495343439815045,0.1545398105502096,1.6113235970771191
2017-05-03,2017,May,3,123,SSP585,7.077214255981505,-0.8495037054497904,1.1203890602859685
2017-05-04,2017,May,4,124,SSP585,7.428171715981504,-0.8372964894497904,1.875672963041606
2017-05-05,2017,May,5,125,SSP585,7.754714743981504,0.38342511055020956,2.6938971910268625
2017-05-06,2017,May,6,126,SSP585,8.362023739981504,0.8564547305502097,1.2210935806534022
2017-05-07,2017,May,7,127,SSP585,8.740447435981505,-0.1292779614497903,1.5106190767097352
2017-05-08,2017,May,8,128,SSP585,8.658048727981505,1.9947776225502094,4.015644020849221
2017-05-09,2017,May,9,129,SSP585,8.758758259981505,3.4199700905502093,3.1596555977262
2017-05-10,2017,May,10,130,SSP585,8.407800799981505,3.6702180185502096,1.7497923125823591
2017-05-11,2017,May,11,131,SSP585,8.645841511981505,3.62749276255021,2.605780735705381
2017-05-12,2017,May,12,132,SSP585,10.461664891981505,3.7739793545502094,2.568016540567616
2017-05-13,2017,May,13,133,SSP585,9.848252287981504,2.30606163055021,1.1455651903778228
2017-05-14,2017,May,14,134,SSP585,8.593960843981504,1.7933585585502094,1.4099145563423097
2017-05-15,2017,May,15,135,SSP585,8.685514963981504,1.8513428345502094,1.9763774834090315
2017-05-16,2017,May,16,136,SSP585,9.579693535981505,2.025295662550209,3.1722436627721025
2017-05-17,2017,May,17,137,SSP585,10.968264355981505,2.2236629225502096,0.7553351739541027
2017-05-18,2017,May,18,138,SSP585,11.612194999981504,3.4474363265502097,1.7246161824905046
2017-05-19,2017,May,19,139,SSP585,11.258185735981504,2.58682759855021,1.2336816456993542
2017-05-20,2017,May,20,140,SSP585,12.713896243981505,3.68547703855021,1.1455651903778228
2017-05-21,2017,May,21,141,SSP585,12.985506799981504,4.237853562550209,3.071539142404677
2017-05-22,2017,May,22,142,SSP585,13.025180251981505,5.17475739055021,3.310712378277301
2017-05-23,2017,May,23,143,SSP585,12.115742659981505,5.104565898550209,1.1959174505615398
2017-05-24,2017,May,24,144,SSP585,11.960100655981504,5.07099605455021,1.825320702857889
2017-05-25,2017,May,25,145,SSP585,11.880753751981505,5.049633426550209,1.1329771253319205
2017-05-26,2017,May,26,146,SSP585,11.633557627981505,5.76375556255021,1.7120281174445529
2017-05-27,2017,May,27,147,SSP585,11.834976691981504,6.560276406550209,3.4743572238743545
2017-05-28,2017,May,28,148,SSP585,13.153356019981505,5.489093202550209,1.4225026213882614
2017-05-29,2017,May,29,149,SSP585,14.050586395981504,5.949915606550209,2.8827181667157697
2017-05-30,2017,May,30,150,SSP585,14.230642831981505,6.62436429055021,3.7512946548847346
2017-05-31,2017,May,31,151,SSP585,13.843063723981505,6.0414697265502095,2.1651984590979385
2018-05-01,2018,May,1,121,SSP585,8.117879419981504,0.8045740625502098,2.4043716949705627
2018-05-02,2018,May,2,122,SSP585,7.702834075981505,-0.44971738144979034,1.2462697107452567
2018-05-03,2018,May,3,123,SSP585,7.126043119981505,0.2491457345502095,2.6561329958890973
2018-05-04,2018,May,4,124,SSP585,7.522777639981504,-1.0020939054497904,2.7568375162565233
2018-05-05,2018,May,5,125,SSP585,8.499354919981505,0.8137294745502095,3.5750617442417796
2018-05-06,2018,May,6,126,SSP585,8.191122715981505,1.2776036825502095,3.348476573415107
2018-05-07,2018,May,7,127,SSP585,9.262305919981504,2.5196879105502097,1.7749684426742218
2018-05-08,2018,May,8,128,SSP585,8.529872959981505,1.7658923225502094,2.568016540567616
2018-05-09,2018,May,9,129,SSP585,7.5624510919815044,1.7048562425502094,3.486945288920306
2018-05-10,2018,May,10,130,SSP585,7.400705479981505,1.4149348625502094,3.1848317278180542
2018-05-11,2018,May,11,131,SSP585,7.428171715981504,1.1402725025502096,2.11484619891423
2018-05-12,2018,May,12,132,SSP585,6.826966327981505,0.9632678705502096,1.4099145563423097
2018-05-13,2018,May,13,133,SSP585,7.718093095981505,1.0487183825502095,1.9386132882712663
2018-05-14,2018,May,14,134,SSP585,9.253150507981506,1.6102503185502097,2.278491044511275
2018-05-15,2018,May,15,135,SSP585,10.876710235981506,1.8147211865502098,1.5106190767097352
2018-05-16,2018,May,16,136,SSP585,12.530788003981504,3.529835034550209,2.605780735705381
2018-05-17,2018,May,17,137,SSP585,11.798355043981505,3.2551726745502094,2.3540194347868546
2018-05-18,2018,May,18,138,SSP585,10.977419767981505,3.746513118550209,2.3791955648787084
2018-05-19,2018,May,19,139,SSP585,10.629514111981505,3.4779543665502093,1.5861474669853144
2018-05-20,2018,May,20,140,SSP585,10.833984979981505,3.065960826550209,1.4854429466178807
2018-05-21,2018,May,21,141,SSP585,10.580685247981505,3.0201837665502094,3.0589510773587665
2018-05-22,2018,May,22,142,SSP585,10.772948899981504,3.6702180185502096,2.605780735705381
2018-05-23,2018,May,23,143,SSP585,10.879762039981506,2.98966572655021,3.071539142404677
2018-05-24,2018,May,24,144,SSP585,13.086216331981504,4.848214362550209,3.4365930287365893
2018-05-25,2018,May,25,145,SSP585,12.753569695981504,4.5888110225502095,2.6183688007513326
2018-05-26,2018,May,26,146,SSP585,12.295799095981504,4.060848930550209,1.560971336893452
2018-05-27,2018,May,27,147,SSP585,11.599987783981504,3.181929378550209,1.384738426250447
2018-05-28,2018,May,28,148,SSP585,12.143208895981505,4.152403050550209,2.4295478250624254
2018-05-29,2018,May,29,149,SSP585,13.986498511981505,5.36396923855021,2.6183688007513326
2018-05-30,2018,May,30,150,SSP585,14.813537395981506,5.452471554550209,3.1722436627721025
2018-05-31,2018,May,31,151,SSP585,14.822692807981504,5.141187546550209,1.6364997271689818
2019-05-01,2019,May,1,121,SSP585,6.894106015981505,-0.8983325694497903,1.472854881571929
2019-05-02,2019,May,2,122,SSP585,8.6733077479815055,-0.2360911014497904,0.8182754991837236
2019-05-03,2019,May,3,123,SSP585,9.762801775981504,0.9144390065502097,1.472854881571929
2019-05-04,2019,May,4,124,SSP585,9.515605651981504,1.6926490265502097,3.5750617442417796
2019-05-05,2019,May,5,125,SSP585,9.082249483981505,0.7313307665502096,3.3233004433232534
2019-05-06,2019,May,6,126,SSP585,10.177847119981505,0.3620624825502097,1.90084909313346
2019-05-07,2019,May,7,127,SSP585,10.803466939981504,1.3142253305502096,2.0770820037764652
2019-05-08,2019,May,8,128,SSP585,10.617306895981505,0.9510606545502098,1.5483832718475
2019-05-09,2019,May,9,129,SSP585,11.700697315981504,1.5949912985502095,0.27698870220885524
2019-05-10,2019,May,10,130,SSP585,12.774932323981504,3.178877574550209,2.303667174603137
2019-05-11,2019,May,11,131,SSP585,10.632565915981505,2.4372892025502093,4.531754687732226
2019-05-12,2019,May,12,132,SSP585,11.136113575981504,3.0354427865502096,2.555428475521664
2019-05-13,2019,May,13,133,SSP585,11.368050679981504,2.5135843025502096,1.825320702857889
2019-05-14,2019,May,14,134,SSP585,11.749526179981505,2.9652512945502094,2.2533149144194207
2019-05-15,2019,May,15,135,SSP585,11.618298607981504,3.8960515145502095,1.9763774834090315
2019-05-16,2019,May,16,136,SSP585,12.091328227981505,3.9052069265502096,2.001553613500894
2019-05-17,2019,May,17,137,SSP585,11.145268987981504,3.294846126550209,1.6364997271689818
2019-05-18,2019,May,18,138,SSP585,12.210348583981505,3.3833484425502096,3.1344794676343457
2019-05-19,2019,May,19,139,SSP585,11.838028495981504,4.002864654550209,2.240726849373518
2019-05-20,2019,May,20,140,SSP585,10.919435491981504,2.940836862550209,2.1651984590979385
2019-05-21,2019,May,21,141,SSP585,10.983523375981505,2.6814335225502095,3.071539142404677
2019-05-22,2019,May,22,142,SSP585,12.048602971981504,2.9652512945502094,2.857542036623907
2019-05-23,2019,May,23,143,SSP585,11.368050679981504,3.987605634550209,4.393285972227036
2019-05-24,2019,May,24,144,SSP585,10.147329079981505,3.6244409585502098,1.888261028087558
2019-05-25,2019,May,25,145,SSP585,9.445414159981505,3.3619858145502093,1.397326491296399
2019-05-26,2019,May,26,146,SSP585,10.772948899981504,3.877740690550209,1.1581532554237748
2019-05-27,2019,May,27,147,SSP585,11.685438295981506,4.802437302550209,2.0519058736846025
2019-05-28,2019,May,28,148,SSP585,12.146260699981505,4.918405854550209,1.5106190767097352
2019-05-29,2019,May,29,149,SSP585,12.155416111981504,6.187956318550209,1.6868519873526904
2019-05-30,2019,May,30,150,SSP585,14.206228399981505,6.53891377855021,3.4114168986447266
2019-05-31,2019,May,31,151,SSP585,14.688413431981505,7.10960112655021,3.5750617442417796
2020-05-01,2020,May,1,122,SSP585,8.514613939981505,-0.1201225494497904,1.988965548454942
2020-05-02,2020,May,2,123,SSP585,9.652936831981505,1.2592928585502097,2.731661386164669
2020-05-03,2020,May,3,124,SSP585,8.072102359981505,-0.1414851774497905,2.5931926706594783
2020-05-04,2020,May,4,125,SSP585,6.7567748359815045,-0.9532650414497904,2.0644939387305135
2020-05-05,2020,May,5,126,SSP585,7.998859063981504,0.6641910785502094,2.80718977644024
2020-05-06,2020,May,6,127,SSP585,8.801483515981504,1.6621309865502096,2.630956865797235
2020-05-07,2020,May,7,128,SSP585,9.338601019981505,1.6895972225502096,2.3540194347868546
2020-05-08,2020,May,8,129,SSP585,10.248038611981505,2.6387082665502097,2.190374589189801
2020-05-09,2020,May,9,130,SSP585,9.686506675981505,0.8717137505502095,1.6364997271689818
2020-05-10,2020,May,10,131,SSP585,8.804535319981504,-0.6908098974497904,1.4602668165260264
2020-05-11,2020,May,11,132,SSP585,9.878770327981504,0.8106776705502095,1.7875565077201243
2020-05-12,2020,May,12,133,SSP585,10.470820303981505,2.199248490550209,1.3721503612045445
2020-05-13,2020,May,13,134,SSP585,9.598004359981505,1.4393492945502098,2.3162552396490397
2020-05-14,2020,May,14,135,SSP585,10.721068231981505,3.2643280865502096,3.78905885002255
2020-05-15,2020,May,15,136,SSP585,10.779052507981504,3.9387767705502092,1.1203890602859685
2020-05-16,2020,May,16,137,SSP585,10.473872107981505,4.54303396255021,2.3666074998327566
2020-05-17,2020,May,17,138,SSP585,10.061878567981505,3.2002402025502095,1.661675857260836
2020-05-18,2020,May,18,139,SSP585,11.120854555981504,3.8411190425502095,2.3540194347868546
2020-05-19,2020,May,19,140,SSP585,11.850235711981504,4.277527014550209,2.6687210609350496
2020-05-20,2020,May,20,141,SSP585,11.511485467981505,3.9509839865502094,2.11484619891423
2020-05-21,2020,May,21,142,SSP585,10.852295803981505,3.7983937865502098,1.2336816456993542
2020-05-22,2020,May,22,143,SSP585,11.264289343981504,4.750556634550209,1.7497923125823591
2020-05-23,2020,May,23,144,SSP585,11.566417939981505,4.399599174550209,2.4043716949705627
2020-05-24,2020,May,24,145,SSP585,12.765776911981504,6.05062513855021,2.0896700688223677
2020-05-25,2020,May,25,146,SSP585,12.961092367981506,6.593846250550209,2.2029626542357037
2020-05-26,2020,May,26,147,SSP585,12.777984127981505,5.208327234550209,1.2966219709289735
2020-05-27,2020,May,27,148,SSP585,13.156407823981505,5.571491910550209,3.008598817175058
2020-05-28,2020,May,28,149,SSP585,13.260169159981505,4.811592714550209,1.6868519873526904
2020-05-29,2020,May,29,150,SSP585,13.669110895981504,5.540973870550209,1.6490877922149336
2020-05-30,2020,May,30,151,SSP585,13.156407823981505,5.031322602550209,2.1526103940519867
2020-05-31,2020,May,31,152,SSP585,12.784087735981505,4.393495566550209,3.071539142404677
2021-05-01,2021,May,1,121,SSP585,5.880907087981504,-0.2605055334497903,1.7623803776282698
2021-05-02,2021,May,2,122,SSP585,6.091481563981505,0.0599338865502097,2.794601711394288
2021-05-03,2021,May,3,123,SSP585,7.364083831981505,0.3406998545502098,2.719073321118717
2021-05-04,2021,May,4,124,SSP585,7.495311403981505,-0.1292779614497903,1.3092100359748757
2021-05-05,2021,May,5,125,SSP585,6.955142095981505,-0.9654722574497904,1.1581532554237748
2021-05-06,2021,May,6,126,SSP585,7.843217059981505,-0.44971738144979034,1.7497923125823591
2021-05-07,2021,May,7,127,SSP585,10.113759235981505,2.5654649705502095,1.8379087679038408
2021-05-08,2021,May,8,128,SSP585,11.148320791981504,2.7943502705502095,2.9204823618535762
2021-05-09,2021,May,9,129,SSP585,10.367058967981505,1.8330320105502096,1.6490877922149336
2021-05-10,2021,May,10,130,SSP585,9.085301287981505,1.7842031465502097,2.278491044511275
2021-05-11,2021,May,11,131,SSP585,9.668195851981505,0.6245176265502097,2.3414313697409024
2021-05-12,2021,May,12,132,SSP585,9.259254115981504,2.3854085345502094,2.4924881502920444
2021-05-13,2021,May,13,133,SSP585,9.066990463981504,2.0588655065502097,1.9763774834090315
2021-05-14,2021,May,14,134,SSP585,10.168691707981505,3.4199700905502093,1.3595622961585927
2021-05-15,2021,May,15,135,SSP585,10.418939635981504,3.230758242550209,1.2840339058830217
2021-05-16,2021,May,16,136,SSP585,10.022205115981505,3.178877574550209,2.1777865241438494
2021-05-17,2021,May,17,137,SSP585,9.845200483981504,2.87369717455021,2.1526103940519867
2021-05-18,2021,May,18,138,SSP585,9.515605651981504,3.16361855455021,2.46731202020019
2021-05-19,2021,May,19,139,SSP585,10.980471571981505,4.02422728255021,2.2533149144194207
2021-05-20,2021,May,20,140,SSP585,11.505381859981505,3.4901615825502095,1.3721503612045445
2021-05-21,2021,May,21,141,SSP585,11.615246803981504,4.442324430550209,1.988965548454942
2021-05-22,2021,May,22,142,SSP585,12.655911967981504,3.065960826550209,0.9819203447807782
2021-05-23,2021,May,23,143,SSP585,11.877701947981505,3.297897930550209,1.9386132882712663
2021-05-24,2021,May,24,144,SSP585,12.900056287981505,5.077099662550209,1.0574487350563495
2021-05-25,2021,May,25,145,SSP585,13.016024839981505,6.322235694550209,2.3666074998327566
2021-05-26,2021,May,26,146,SSP585,12.765776911981504,5.946863802550209,2.1022581338683195
2021-05-27,2021,May,27,147,SSP585,12.164571523981504,5.94076019455021,3.23518398800173
2021-05-28,2021,May,28,148,SSP585,14.120777887981506,6.66708954655021,2.11484619891423
2021-05-29,2021,May,29,149,SSP585,14.532771427981505,5.58369912655021,2.2533149144194207
2021-05-30,2021,May,30,150,SSP585,14.822692807981504,5.70271948255021,2.0393178086386508
2021-05-31,2021,May,31,151,SSP585,15.350654899981505,6.78000629455021,2.2659029794653724
2022-05-01,2022,May,1,121,SSP585,7.467845167981505,0.6611392745502098,0.6672187186326249
2022-05-02,2022,May,2,122,SSP585,7.296944143981505,0.0019496105502097016,1.5861474669853144
2022-05-03,2022,May,3,123,SSP585,8.740447435981505,0.2613529505502097,2.1022581338683195
2022-05-04,2022,May,4,124,SSP585,9.662092243981505,1.3477951745502097,3.348476573415107
2022-05-05,2022,May,5,125,SSP585,7.284736927981505,1.8666018545502097,3.310712378277301
2022-05-06,2022,May,6,126,SSP585,5.737472299981505,0.46887562255020954,2.630956865797235
2022-05-07,2022,May,7,127,SSP585,6.381402943981505,-0.28186816144979043,1.7623803776282698
2022-05-08,2022,May,8,128,SSP585,8.401697191981505,0.7740560225502098,0.8308635642296772
2022-05-09,2022,May,9,129,SSP585,9.982531663981504,1.8025139705502096,1.90084909313346
2022-05-10,2022,May,10,130,SSP585,10.953005335981505,1.9947776225502094,1.560971336893452
2022-05-11,2022,May,11,131,SSP585,12.402612235981504,3.050701806550209,2.6813091259809516
2022-05-12,2022,May,12,132,SSP585,12.430078471981505,3.0720644345502093,1.0322726049644868
2022-05-13,2022,May,13,133,SSP585,11.804458651981506,4.005916458550209,2.0770820037764652
2022-05-14,2022,May,14,134,SSP585,11.712904531981504,3.2551726745502094,0.3651051575303329
2022-05-15,2022,May,15,135,SSP585,12.198141367981505,4.811592714550209,2.0141416785467965
2022-05-16,2022,May,16,136,SSP585,10.992678787981506,4.973338326550209,1.9763774834090315
2022-05-17,2022,May,17,137,SSP585,10.644773131981506,4.20428371855021,2.6687210609350496
2022-05-18,2022,May,18,138,SSP585,11.578625155981504,3.7648239425502092,2.3288433046949915
2022-05-19,2022,May,19,139,SSP585,12.884797267981504,4.384340154550209,1.5735594019393542
2022-05-20,2022,May,20,140,SSP585,13.342567867981504,4.961131110550209,2.46731202020019
2022-05-21,2022,May,21,141,SSP585,13.504313479981505,4.561344786550209,1.0574487350563495
2022-05-22,2022,May,22,142,SSP585,13.846115527981505,4.570500198550209,1.1329771253319205
2022-05-23,2022,May,23,143,SSP585,14.578548487981505,5.64473520655021,2.1526103940519867
2022-05-24,2022,May,24,144,SSP585,14.538875035981505,6.380219970550209,2.6813091259809516
2022-05-25,2022,May,25,145,SSP585,14.776915747981505,6.728125626550209,3.9023514354358855
2022-05-26,2022,May,26,146,SSP585,13.916307019981504,5.675253246550209,2.0644939387305135
2022-05-27,2022,May,27,147,SSP585,13.412759359981505,5.263259706550209,1.5106190767097352
2022-05-28,2022,May,28,148,SSP585,13.424966575981506,6.39547899055021,2.2659029794653724
2022-05-29,2022,May,29,149,SSP585,13.910203411981504,6.078091374550209,1.2336816456993542
2022-05-30,2022,May,30,150,SSP585,13.894944391981504,6.331391106550209,1.988965548454942
2022-05-31,2022,May,31,151,SSP585,13.824752899981505,5.5745437145502095,2.0141416785467965
2023-05-01,2023,May,1,121,SSP585,8.264366011981505,-0.15064058944979042,1.1833293855156373
2023-05-02,2023,May,2,122,SSP585,8.731292023981505,0.7710042185502097,1.0574487350563495
2023-05-03,2023,May,3,123,SSP585,9.250098703981505,2.0283474665502093,2.1400223290060842
2023-05-04,2023,May,4,124,SSP585,8.056843339981505,1.5156443945502096,1.7372042475364071
2023-05-05,2023,May,5,125,SSP585,8.798431711981504,1.8543946385502095,2.731661386164669
2023-05-06,2023,May,6,126,SSP585,8.865571399981505,1.0548219905502096,1.3595622961585927
2023-05-07,2023,May,7,127,SSP585,9.726180127981504,1.0609255985502097,2.001553613500894
2023-05-08,2023,May,8,128,SSP585,9.860459503981504,2.30606163055021,3.310712378277301
2023-05-09,2023,May,9,129,SSP585,8.096516791981506,0.7465897865502098,1.7246161824905046
2023-05-10,2023,May,10,130,SSP585,8.215537147981506,-0.3581632614497905,2.4043716949705627
2023-05-11,2023,May,11,131,SSP585,10.040515939981505,1.4729191385502094,1.472854881571929
2023-05-12,2023,May,12,132,SSP585,11.456552995981506,2.6203974425502095,0.9819203447807782
2023-05-13,2023,May,13,133,SSP585,9.964220839981504,2.19314488255021,0.9693322797348676
2023-05-14,2023,May,14,134,SSP585,9.524761063981504,2.7851948585502093,2.1274342639601818
2023-05-15,2023,May,15,135,SSP585,9.894029347981505,3.4199700905502093,3.2100078579098676
2023-05-16,2023,May,16,136,SSP585,10.907228275981504,3.7220986865502095,2.0141416785467965
2023-05-17,2023,May,17,137,SSP585,11.728163551981504,3.1331005145502093,1.435090686434164
2023-05-18,2023,May,18,138,SSP585,11.987566891981505,4.442324430550209,2.2155507192816555
2023-05-19,2023,May,19,139,SSP585,11.169683419981505,3.4810061705502093,1.2462697107452567
2023-05-20,2023,May,20,140,SSP585,10.504390147981505,2.58377579455021,1.1203890602859685
2023-05-21,2023,May,21,141,SSP585,12.011981323981505,3.3009497345502092,1.0952129301941143
2023-05-22,2023,May,22,142,SSP585,12.277488271981504,4.060848930550209,2.1526103940519867
2023-05-23,2023,May,23,143,SSP585,11.923479007981504,4.524723138550209,1.435090686434164
2023-05-24,2023,May,24,144,SSP585,12.308006311981504,3.813652806550209,0.7553351739541027
2023-05-25,2023,May,25,145,SSP585,13.302894415981505,3.3589340105502092,0.8434516292755794
2023-05-26,2023,May,26,146,SSP585,13.748457799981505,5.482989594550209,2.11484619891423
2023-05-27,2023,May,27,147,SSP585,14.654843587981505,5.202223626550209,0.9693322797348676
2023-05-28,2023,May,28,148,SSP585,15.790114675981506,6.3893753825502095,2.0896700688223677
2023-05-29,2023,May,29,149,SSP585,15.619213651981504,6.6182606825502095,3.247772053047682
2023-05-30,2023,May,30,150,SSP585,14.508356995981504,6.459566874550209,2.9834226870831952
2023-05-31,2023,May,31,151,SSP585,15.289618819981504,7.09434210655021,3.78905885002255
2024-05-01,2024,May,1,122,SSP585,5.847337243981505,-0.7243797414497904,1.5357952068015976
2024-05-02,2024,May,2,123,SSP585,6.414972787981505,0.18505785055020962,2.001553613500894
2024-05-03,2024,May,3,124,SSP585,6.8727433879815045,0.9083353985502096,2.1400223290060842
2024-05-04,2024,May,4,125,SSP585,6.372247531981505,1.4881781585502096,2.7442494512105715
2024-05-05,2024,May,5,126,SSP585,5.807663791981505,0.6336730385502094,2.6938971910268625
2024-05-06,2024,May,6,127,SSP585,6.161673055981504,0.3864769145502096,2.3288433046949915
2024-05-07,2024,May,7,128,SSP585,7.232856259981505,0.10571094655020952,2.1777865241438494
2024-05-08,2024,May,8,129,SSP585,9.823837855981505,0.9632678705502096,0.9063919545051987
2024-05-09,2024,May,9,130,SSP585,10.367058967981505,2.01614025055021,1.472854881571929
2024-05-10,2024,May,10,131,SSP585,9.933702799981505,2.3884603385502094,0.793099369091866
2024-05-11,2024,May,11,132,SSP585,9.668195851981505,2.0405546825502094,0.6672187186326249
2024-05-12,2024,May,12,133,SSP585,10.812622351981505,2.0985389585502094,1.4854429466178807
2024-05-13,2024,May,13,134,SSP585,11.444345779981505,3.8991033185502095,1.3595622961585927
2024-05-14,2024,May,14,135,SSP585,8.603116255981504,3.7190468825502094,2.1400223290060842
2024-05-15,2024,May,15,136,SSP585,7.675367839981504,2.5135843025502096,2.5302523454298096
2024-05-16,2024,May,16,137,SSP585,8.465785075981504,3.007976550550209,0.9315680845970613
2024-05-17,2024,May,17,138,SSP585,9.912340171981505,3.642751782550209,1.7372042475364071
2024-05-18,2024,May,18,139,SSP585,11.313118207981505,4.3049932505502095,1.5861474669853144
2024-05-19,2024,May,19,140,SSP585,11.059818475981505,3.2734834985502097,1.435090686434164
2024-05-20,2024,May,20,141,SSP585,10.867554823981505,4.94587209055021,0.9315680845970613
2024-05-21,2024,May,21,142,SSP585,12.378197803981505,5.623372578550209,2.278491044511275
2024-05-22,2024,May,22,143,SSP585,11.813614063981504,5.35176202255021,2.5931926706594783
2024-05-23,2024,May,23,144,SSP585,12.201193171981505,5.47688598655021,1.7875565077201243
2024-05-24,2024,May,24,145,SSP585,12.564357847981505,6.248992398550209,2.0644939387305135
2024-05-25,2024,May,25,146,SSP585,11.810562259981504,3.4810061705502093,0.6923948487244826
2024-05-26,2024,May,26,147,SSP585,12.021136735981505,3.16361855455021,1.90084909313346
2024-05-27,2024,May,27,148,SSP585,13.241858335981505,5.211379038550209,2.9708346220372928
2024-05-28,2024,May,28,149,SSP585,13.843063723981505,5.159498370550209,3.197419792863965
2024-05-29,2024,May,29,150,SSP585,12.884797267981504,5.29072594255021,2.3162552396490397
2024-05-30,2024,May,30,151,SSP585,13.009921231981505,6.487033110550209,1.9260252232253143
2024-05-31,2024,May,31,152,SSP585,15.872513383981506,7.286605758550209,2.6813091259809516
2025-05-01,2025,May,1,121,SSP585,4.837190119981504,-1.1485804974497904,2.3162552396490397
2025-05-02,2025,May,2,122,SSP585,5.929735951981504,-0.3947849094497904,2.001553613500894
2025-05-03,2025,May,3,123,SSP585,5.703902455981504,-1.4812271334497904,2.4547239551542797
2025-05-04,2025,May,4,124,SSP585,5.920580539981505,-0.6541882494497904,2.580604605613518
2025-05-05,2025,May,5,125,SSP585,6.2349163519815045,0.3803733065502095,2.1274342639601818
2025-05-06,2025,May,6,126,SSP585,6.720153187981505,1.1005990505502095,1.6490877922149336
2025-05-07,2025,May,7,127,SSP585,7.824906235981505,1.0456665785502095,0.6420425885407673
2025-05-08,2025,May,8,128,SSP585,8.249106991981504,1.8360838145502096,1.0070964748726325
2025-05-09,2025,May,9,129,SSP585,10.553219011981504,2.422030182550209,1.1329771253319205
2025-05-10,2025,May,10,130,SSP585,11.850235711981504,3.4260736985502094,1.1329771253319205
2025-05-11,2025,May,11,131,SSP585,11.728163551981504,3.065960826550209,1.2462697107452567
2025-05-12,2025,May,12,132,SSP585,13.028232055981505,3.3925038545502098,1.5987355320312169
2025-05-13,2025,May,13,133,SSP585,13.406655751981505,4.982493738550209,2.391783629924611
2025-05-14,2025,May,14,134,SSP585,11.569469743981506,3.1605667505502097,1.2966219709289735
2025-05-15,2025,May,15,135,SSP585,11.035404043981504,3.581715702550209,0.8560396943215315
2025-05-16,2025,May,16,136,SSP585,12.170675131981504,4.097470578550209,2.303667174603137
2025-05-17,2025,May,17,137,SSP585,12.042499363981504,5.260207902550209,2.1651984590979385
2025-05-18,2025,May,18,138,SSP585,9.488139415981506,2.5532577545502093,1.90084909313346
2025-05-19,2025,May,19,139,SSP585,9.897081151981505,2.6661745025502093,1.2085055156074918
2025-05-20,2025,May,20,140,SSP585,11.184942439981505,3.5573012705502096,1.107800995240066
2025-05-21,2025,May,21,141,SSP585,13.519572499981505,4.3629775265502095,1.4476787514800664
2025-05-22,2025,May,22,142,SSP585,14.969179399981504,4.405702782550209,0.8308635642296772
2025-05-23,2025,May,23,143,SSP585,14.233694635981506,5.40669449455021,1.8127326378119786
2025-05-24,2025,May,24,144,SSP585,14.377129423981504,5.70577128655021,2.6687210609350496
2025-05-25,2025,May,25,145,SSP585,14.245901851981504,6.41989342255021,1.3343861660667302
2025-05-26,2025,May,26,146,SSP585,13.858322743981505,7.188948030550209,3.5121214190121606
2025-05-27,2025,May,27,147,SSP585,14.548030447981505,6.0384179225502095,1.3092100359748757
2025-05-28,2025,May,28,148,SSP585,14.844055435981504,7.634511414550209,1.4602668165260264
2025-05-29,2025,May,29,149,SSP585,14.926454143981505,7.304916582550209,2.2029626542357037
2025-05-30,2025,May,30,150,SSP585,15.365913919981505,6.39547899055021,0.7679232390000084
2025-05-31,2025,May,31,151,SSP585,16.931489371981506,7.405626114550209,1.258857775791159
2026-05-01,2026,May,1,121,SSP585,5.9480467759815046,-1.6307655294497905,1.9763774834090315
2026-05-02,2026,May,2,122,SSP585,5.789352967981505,-2.5188404934497903,1.3595622961585927
2026-05-03,2026,May,3,123,SSP585,7.766921959981504,-0.9929384934497903,1.384738426250447
2026-05-04,2026,May,4,124,SSP585,7.892045923981504,-0.3825776934497904,1.2462697107452567
2026-05-05,2026,May,5,125,SSP585,8.096516791981506,0.7038645305502096,2.0393178086386508
2026-05-06,2026,May,6,126,SSP585,6.778137463981505,0.4078395425502095,2.8827181667157697
2026-05-07,2026,May,7,127,SSP585,8.239951579981504,0.4200467585502097,2.4043716949705627
2026-05-08,2026,May,8,128,SSP585,9.274513135981504,1.1494279145502098,1.1833293855156373
2026-05-09,2026,May,9,129,SSP585,9.857407699981504,2.5013770865502094,3.3610646384610177
2026-05-10,2026,May,10,130,SSP585,10.248038611981505,3.987605634550209,3.4114168986447266
2026-05-11,2026,May,11,131,SSP585,11.044559455981505,3.3040015385502093,2.0770820037764652
2026-05-12,2026,May,12,132,SSP585,10.345696339981505,3.2002402025502095,2.5302523454298096
2026-05-13,2026,May,13,133,SSP585,9.662092243981505,2.937785058550209,4.166700801400364
2026-05-14,2026,May,14,134,SSP585,10.580685247981505,1.6041467105502096,2.303667174603137
2026-05-15,2026,May,15,135,SSP585,10.449457675981504,1.6468719665502094,1.6113235970771191
2026-05-16,2026,May,16,136,SSP585,11.844132103981504,4.738349418550209,2.605780735705381
2026-05-17,2026,May,17,137,SSP585,11.859391123981505,4.8237999305502095,3.78905885002255
2026-05-18,2026,May,18,138,SSP585,12.460596511981505,3.990657438550209,2.3791955648787084
2026-05-19,2026,May,19,139,SSP585,13.428018379981504,5.23274166655021,1.9260252232253143
2026-05-20,2026,May,20,140,SSP585,12.622342123981504,4.759712046550209,3.9023514354358855
2026-05-21,2026,May,21,141,SSP585,11.563366135981505,3.8289118265502093,2.3288433046949915
2026-05-22,2026,May,22,142,SSP585,13.370034103981505,4.643743494550209,2.6183688007513326
2026-05-23,2026,May,23,143,SSP585,13.867478155981505,5.6355797945502095,1.7246161824905046
2026-05-24,2026,May,24,144,SSP585,13.409707555981505,5.98958905855021,1.6490877922149336
2026-05-25,2026,May,25,145,SSP585,12.851227423981504,4.6467952985502095,2.303667174603137
2026-05-26,2026,May,26,146,SSP585,12.985506799981504,5.76375556255021,1.3343861660667302
2026-05-27,2026,May,27,147,SSP585,13.232702923981504,6.23373337855021,2.479900085246142
2026-05-28,2026,May,28,148,SSP585,14.999697439981505,7.292709366550209,2.7694255813024338
2026-05-29,2026,May,29,149,SSP585,15.649731691981504,6.99668437855021,1.9512013533171773
2026-05-30,2026,May,30,150,SSP585,15.994585543981504,6.493136718550209,2.4295478250624254
2026-05-31,2026,May,31,151,SSP585,16.986421843981503,8.13805907455021,1.4602668165260264
2027-05-01,2027,May,1,121,SSP585,6.369195727981505,-0.7579495854497904,2.3666074998327566
2027-05-02,2027,May,2,122,SSP585,7.2786333199815045,-1.0020939054497904,1.397326491296399
2027-05-03,2027,May,3,123,SSP585,8.484095899981504,-0.5260124814497904,1.7749684426742218
2027-05-04,2027,May,4,124,SSP585,8.990695363981505,-0.29102357344979035,1.4476787514800664
2027-05-05,2027,May,5,125,SSP585,8.075154163981505,1.3447433705502096,1.5735594019393542
2027-05-06,2027,May,6,126,SSP585,7.480052383981505,1.8757572665502098,2.391783629924611
2027-05-07,2027,May,7,127,SSP585,8.902193047981505,1.0944954425502098,1.7623803776282698
2027-05-08,2027,May,8,128,SSP585,11.480967427981504,0.6947091185502094,1.8127326378119786
2027-05-09,2027,May,9,129,SSP585,12.881745463981504,2.52884332255021,2.303667174603137
2027-05-10,2027,May,10,130,SSP585,12.073017403981504,3.230758242550209,2.1022581338683195
2027-05-11,2027,May,11,131,SSP585,12.085224619981505,2.5532577545502093,2.2281387843275664
2027-05-12,2027,May,12,132,SSP585,12.872590051981504,4.72919400655021,2.80718977644024
2027-05-13,2027,May,13,133,SSP585,11.844132103981504,4.7047795745502095,1.5987355320312169
2027-05-14,2027,May,14,134,SSP585,10.809570547981505,4.808540910550209,3.0463630123128143
2027-05-15,2027,May,15,135,SSP585,11.346688051981504,5.199171822550209,2.857542036623907
2027-05-16,2027,May,16,136,SSP585,11.059818475981505,4.07610795055021,0.8308635642296772
2027-05-17,2027,May,17,137,SSP585,12.002825911981505,4.49420509855021,1.5483832718475
2027-05-18,2027,May,18,138,SSP585,13.159459627981505,4.6498471025502095,1.2966219709289735
2027-05-19,2027,May,19,139,SSP585,12.927522523981505,4.848214362550209,2.643544930843187
2027-05-20,2027,May,20,140,SSP585,12.246970231981505,4.66815792655021,2.0141416785467965
2027-05-21,2027,May,21,141,SSP585,11.749526179981505,4.1310404225502095,1.6868519873526904
2027-05-22,2027,May,22,142,SSP585,12.317161723981505,4.65900251455021,2.3666074998327566
2027-05-23,2027,May,23,143,SSP585,12.420923059981504,4.799385498550209,2.5302523454298096
2027-05-24,2027,May,24,144,SSP585,12.970247779981504,4.3599257225502095,2.3791955648787084
2027-05-25,2027,May,25,145,SSP585,13.751509603981505,5.397539082550209,2.1022581338683195
2027-05-26,2027,May,26,146,SSP585,15.060733519981504,5.025218994550209,1.8127326378119786
2027-05-27,2027,May,27,147,SSP585,16.662930619981505,6.62741609455021,1.6868519873526904
2027-05-28,2027,May,28,148,SSP585,17.029147099981504,7.378159878550209,3.6505901345173513
2027-05-29,2027,May,29,149,SSP585,16.302817747981504,7.00889159455021,2.9708346220372928
2027-05-30,2027,May,30,150,SSP585,15.213323719981505,7.1340155585502085,2.6813091259809516
2027-05-31,2027,May,31,151,SSP585,14.374077619981504,7.191999834550209,3.7764707849765973
2028-05-01,2028,May,1,122,SSP585,7.937822983981505,0.5421189185502098,2.630956865797235
2028-05-02,2028,May,2,123,SSP585,6.735412207981505,-1.5056415654497903,1.888261028087558
2028-05-03,2028,May,3,124,SSP585,6.414972787981505,-0.46497640144979036,2.6687210609350496
2028-05-04,2028,May,4,125,SSP585,7.016178175981505,-0.4405619694497904,0.7553351739541027
2028-05-05,2028,May,5,126,SSP585,8.551235587981505,0.01110502255020962,0.3776932225762856
2028-05-06,2028,May,6,127,SSP585,9.216528859981505,2.0283474665502093,2.555428475521664
2028-05-07,2028,May,7,128,SSP585,10.080189391981504,1.9703631905502095,1.7623803776282698
2028-05-08,2028,May,8,129,SSP585,10.013049703981505,2.364045906550209,3.260360118093584
2028-05-09,2028,May,9,130,SSP585,8.889985831981505,1.2715000745502094,1.0196845399185843
2028-05-10,2028,May,10,131,SSP585,8.172811891981505,0.5634815465502097,1.3595622961585927
2028-05-11,2028,May,11,132,SSP585,9.9977906839815045,2.3793049265502093,2.6561329958890973
2028-05-12,2028,May,12,133,SSP585,10.833984979981505,2.30606163055021,1.1329771253319205
2028-05-13,2028,May,13,134,SSP585,10.983523375981505,1.8086175785502097,2.190374589189801
2028-05-14,2028,May,14,135,SSP585,10.760741683981506,4.3568739185502094,2.9204823618535762
2028-05-15,2028,May,15,136,SSP585,9.155492779981504,2.885904390550209,2.857542036623907
2028-05-16,2028,May,16,137,SSP585,10.626462307981505,3.2093956145502096,0.9819203447807782
2028-05-17,2028,May,17,138,SSP585,11.316170011981505,3.2460172625502093,0.9819203447807782
2028-05-18,2028,May,18,139,SSP585,12.066913795981504,4.89399142255021,2.0267297435927483
2028-05-19,2028,May,19,140,SSP585,12.747466087981504,4.210387326550209,1.271445840837111
2028-05-20,2028,May,20,141,SSP585,13.360878691981505,3.761772138550209,1.1959174505615398
2028-05-21,2028,May,21,142,SSP585,13.486002655981505,4.60101823855021,1.3343861660667302
2028-05-22,2028,May,22,143,SSP585,13.977343099981505,6.10860941455021,2.240726849373518
2028-05-23,2028,May,23,144,SSP585,14.117726083981506,6.300873066550209,2.0770820037764652
2028-05-24,2028,May,24,145,SSP585,14.566341271981505,5.321243982550209,2.0644939387305135
2028-05-25,2028,May,25,146,SSP585,14.203176595981505,4.19207650255021,1.2966219709289735
2028-05-26,2028,May,26,147,SSP585,12.970247779981504,4.8237999305502095,2.9330704268994787
2028-05-27,2028,May,27,148,SSP585,13.141148803981505,5.93770839055021,2.3288433046949915
2028-05-28,2028,May,28,149,SSP585,12.976351387981504,4.521671334550209,2.6687210609350496
2028-05-29,2028,May,29,150,SSP585,13.171666843981505,5.388383670550209,3.6631781995632617
2028-05-30,2028,May,30,151,SSP585,13.809493879981504,6.1574382785502095,2.7442494512105715
2028-05-31,2028,May,31,152,SSP585,14.709776059981504,6.450411462550209,2.2155507192816555
2029-05-01,2029,May,1,121,SSP585,8.764861867981505,1.1219616785502098,1.1833293855156373
2029-05-02,2029,May,2,122,SSP585,8.477992291981504,0.4597202105502094,0.9819203447807782
2029-05-03,2029,May,3,123,SSP585,8.285728639981505,1.4088312545502097,1.397326491296399
2029-05-04,2029,May,4,124,SSP585,10.299919279981506,2.01614025055021,2.0519058736846025
2029-05-05,2029,May,5,125,SSP585,11.578625155981504,2.5532577545502093,3.6254140044254966
2029-05-06,2029,May,6,126,SSP585,11.410775935981505,2.6173456385502094,4.733163728467094
2029-05-07,2029,May,7,127,SSP585,9.781112599981505,1.3538987825502098,1.5483832718475
2029-05-08,2029,May,8,128,SSP585,9.710921107981505,1.9337415425502098,1.825320702857889
2029-05-09,2029,May,9,129,SSP585,9.607159771981504,2.75772862255021,1.5357952068015976
2029-05-10,2029,May,10,130,SSP585,9.930650995981505,2.6295528545502096,3.5624736791958274
2029-05-11,2029,May,11,131,SSP585,10.684446583981504,2.6142938345502094,1.2840339058830217
2029-05-12,2029,May,12,132,SSP585,10.992678787981506,2.7790912505502092,1.9637894183630795
2029-05-13,2029,May,13,133,SSP585,10.812622351981505,2.1046425665502095,1.3595622961585927
2029-05-14,2029,May,14,134,SSP585,11.114750947981504,2.4922216745502093,0.8182754991837236
2029-05-15,2029,May,15,135,SSP585,11.770888807981505,3.2612762825502095,1.7875565077201243
2029-05-16,2029,May,16,136,SSP585,12.976351387981504,3.85942986655021,2.6561329958890973
2029-05-17,2029,May,17,137,SSP585,12.274436467981504,4.1890246985502095,1.2966219709289735
2029-05-18,2029,May,18,138,SSP585,12.753569695981504,3.8258600225502093,1.0700368001022516
2029-05-19,2029,May,19,139,SSP585,12.311058115981504,4.53998215855021,2.2281387843275664
2029-05-20,2029,May,20,140,SSP585,13.348671475981504,5.440264338550209,2.4169597600164736
2029-05-21,2029,May,21,141,SSP585,14.017016551981504,5.9834854505502095,2.1651984590979385
2029-05-22,2029,May,22,142,SSP585,14.538875035981505,5.81563623055021,1.9260252232253143
2029-05-23,2029,May,23,143,SSP585,14.978334811981505,5.794273602550209,1.5735594019393542
2029-05-24,2029,May,24,144,SSP585,15.930497659981505,7.13096375455021,2.46731202020019
2029-05-25,2029,May,25,145,SSP585,14.340507775981505,6.023158902550209,1.384738426250447
2029-05-26,2029,May,26,146,SSP585,13.641644659981505,5.498248614550209,1.8127326378119786
2029-05-27,2029,May,27,147,SSP585,14.004809335981506,6.572483622550209,2.5931926706594783
2029-05-28,2029,May,28,148,SSP585,14.331352363981505,7.491076626550209,1.9637894183630795
2029-05-29,2029,May,29,149,SSP585,13.019076643981505,8.064815778550209,3.121891402588394
2029-05-30,2029,May,30,150,SSP585,13.055698291981505,6.065884158550209,2.3666074998327566
2029-05-31,2029,May,31,151,SSP585,13.913255215981504,7.304916582550209,2.542840410475762
2030-05-01,2030,May,1,121,SSP585,9.402688903981504,0.47497923055020963,1.661675857260836
2030-05-02,2030,May,2,122,SSP585,8.539028371981505,1.0334593625502098,2.3666074998327566
2030-05-03,2030,May,3,123,SSP585,5.352944995981504,-0.5565305214497904,3.008598817175058
2030-05-04,2030,May,4,124,SSP585,6.982608331981504,0.032467650550209504,3.247772053047682
2030-05-05,2030,May,5,125,SSP585,7.956133807981505,0.0019496105502097016,1.4099145563423097
2030-05-06,2030,May,6,126,SSP585,8.151449263981505,1.7079080465502094,2.3666074998327566
2030-05-07,2030,May,7,127,SSP585,7.522777639981504,0.5054972705502097,1.9386132882712663
2030-05-08,2030,May,8,128,SSP585,7.8004918039815045,0.7221753545502094,1.9386132882712663
2030-05-09,2030,May,9,129,SSP585,8.615323471981505,2.5013770865502094,1.4602668165260264
2030-05-10,2030,May,10,130,SSP585,9.524761063981504,2.827920114550209,1.2840339058830217
2030-05-11,2030,May,11,131,SSP585,9.411844315981504,2.821816506550209,1.5483832718475
2030-05-12,2030,May,12,132,SSP585,10.348748143981505,3.1361523185502094,1.674263922306788
2030-05-13,2030,May,13,133,SSP585,10.498286539981505,3.4169182865502092,0.8182754991837236
2030-05-14,2030,May,14,134,SSP585,11.224615891981506,3.297897930550209,2.9456584919454305
2030-05-15,2030,May,15,135,SSP585,11.068973887981505,2.5654649705502095,1.674263922306788
2030-05-16,2030,May,16,136,SSP585,12.271384663981504,3.6793734305502097,1.8127326378119786
2030-05-17,2030,May,17,137,SSP585,13.589763991981505,5.446367946550209,2.3666074998327566
2030-05-18,2030,May,18,138,SSP585,14.551082251981505,5.830895250550209,2.731661386164669
2030-05-19,2030,May,19,139,SSP585,14.096363455981505,6.1574382785502095,2.0519058736846025
2030-05-20,2030,May,20,140,SSP585,12.710844439981505,5.8644650945502095,2.996010752129147
2030-05-21,2030,May,21,141,SSP585,14.078052631981505,6.456515070550209,2.1400223290060842
2030-05-22,2030,May,22,142,SSP585,14.908143319981505,5.82784344655021,1.2085055156074918
2030-05-23,2030,May,23,143,SSP585,14.676206215981505,6.685400370550209,1.5483832718475
2030-05-24,2030,May,24,144,SSP585,14.499201583981504,5.4616269665502095,1.7497923125823591
2030-05-25,2030,May,25,145,SSP585,14.624325547981504,6.377168166550209,1.6490877922149336
2030-05-26,2030,May,26,146,SSP585,14.416802875981505,6.950907318550209,0.6168664584489097
2030-05-27,2030,May,27,147,SSP585,14.514460603981505,7.10654932255021,2.6687210609350496
2030-05-28,2030,May,28,148,SSP585,13.128941587981505,6.181852710550209,3.5750617442417796
2030-05-29,2030,May,29,149,SSP585,13.516520695981505,5.833947054550209,2.46731202020019
2030-05-30,2030,May,30,150,SSP585,15.378121135981505,6.062832354550209,1.988965548454942
2030-05-31,2030,May,31,151,SSP585,16.611049951981506,6.932596494550209,2.996010752129147
2031-05-01,2031,May,1,121,SSP585,9.652936831981505,1.2226712105502096,1.2840339058830217
2031-05-02,2031,May,2,122,SSP585,9.811630639981505,0.9266462225502095,1.5987355320312169
2031-05-03,2031,May,3,123,SSP585,8.944918303981504,1.7964103625502095,1.5987355320312169
2031-05-04,2031,May,4,124,SSP585,8.023273495981504,2.644811874550209,1.7246161824905046
2031-05-05,2031,May,5,125,SSP585,6.945986683981505,0.8015222585502098,1.0700368001022516
2031-05-06,2031,May,6,126,SSP585,7.397653675981505,0.3132336185502096,2.2155507192816555
2031-05-07,2031,May,7,127,SSP585,7.248115279981505,0.8869727705502097,1.5861474669853144
2031-05-08,2031,May,8,128,SSP585,7.074162451981505,1.1097544625502096,1.1707413204696855
2031-05-09,2031,May,9,129,SSP585,8.062946947981505,2.01614025055021,2.5931926706594783
2031-05-10,2031,May,10,130,SSP585,8.374230955981504,1.6926490265502097,1.3343861660667302
2031-05-11,2031,May,11,131,SSP585,8.243003383981504,2.4952734785502093,1.988965548454942
2031-05-12,2031,May,12,132,SSP585,9.243995095981505,3.587819310550209,2.6938971910268625
2031-05-13,2031,May,13,133,SSP585,9.823837855981505,2.8065574865502096,2.7442494512105715
2031-05-14,2031,May,14,134,SSP585,10.153432687981505,2.7821430545502093,3.1722436627721025
2031-05-15,2031,May,15,135,SSP585,10.922487295981504,2.2694399825502094,1.5357952068015976
2031-05-16,2031,May,16,136,SSP585,10.788207919981504,3.0751162385502093,2.6561329958890973
2031-05-17,2031,May,17,137,SSP585,11.078129299981505,3.398607462550209,0.9189800195511506
2031-05-18,2031,May,18,138,SSP585,12.777984127981505,3.4382809145502096,1.7120281174445529
2031-05-19,2031,May,19,139,SSP585,13.437173791981504,4.924509462550209,2.996010752129147
2031-05-20,2031,May,20,140,SSP585,13.574504971981504,5.946863802550209,1.5106190767097352
2031-05-21,2031,May,21,141,SSP585,13.046542879981505,3.7922901785502097,2.240726849373518
2031-05-22,2031,May,22,142,SSP585,14.300834323981505,5.1167731145502096,0.99450840982673006
2031-05-23,2031,May,23,143,SSP585,14.630429155981505,6.184904514550209,1.8379087679038408
2031-05-24,2031,May,24,144,SSP585,13.516520695981505,5.034374406550209,3.461769158828444
2031-05-25,2031,May,25,145,SSP585,12.741362479981504,5.031322602550209,2.0141416785467965
2031-05-26,2031,May,26,146,SSP585,12.607083103981505,5.4616269665502095,3.1344794676343457
2031-05-27,2031,May,27,147,SSP585,11.456552995981506,3.8289118265502093,2.278491044511275
2031-05-28,2031,May,28,148,SSP585,13.000765819981504,4.390443762550209,1.3092100359748757
2031-05-29,2031,May,29,149,SSP585,14.419854679981505,5.540973870550209,2.0267297435927483
2031-05-30,2031,May,30,150,SSP585,16.080036055981505,6.819679746550209,1.3469742311126902
2031-05-31,2031,May,31,151,SSP585,16.806365407981506,6.920389278550209,1.7120281174445529
2032-05-01,2032,May,1,122,SSP585,7.083317863981505,0.8198330825502096,3.310712378277301
2032-05-02,2032,May,2,123,SSP585,7.135198531981505,1.3081217225502095,2.580604605613518
2032-05-03,2032,May,3,124,SSP585,5.633710963981505,0.24304212655020963,1.5735594019393542
2032-05-04,2032,May,4,125,SSP585,5.792404771981505,-0.8067784494497904,2.6938971910268625
2032-05-05,2032,May,5,126,SSP585,7.177923787981505,0.2613529505502097,1.9512013533171773
2032-05-06,2032,May,6,127,SSP585,7.525829443981504,0.20336867455020968,1.258857775791159
2032-05-07,2032,May,7,128,SSP585,7.3305139879815044,-0.0773972934497904,1.3595622961585927
2032-05-08,2032,May,8,129,SSP585,8.084309575981505,1.5919394945502094,2.3162552396490397
2032-05-09,2032,May,9,130,SSP585,9.152440975981504,3.062909022550209,2.5176642803838987
2032-05-10,2032,May,10,131,SSP585,9.408792511981504,2.705847954550209,1.2210935806534022
2032-05-11,2032,May,11,132,SSP585,10.119862843981505,2.605138422550209,1.384738426250447
2032-05-12,2032,May,12,133,SSP585,11.889909163981505,4.4209618025502095,3.084127207450629
2032-05-13,2032,May,13,134,SSP585,11.892960967981505,4.0150718705502095,2.2910791095572267
2032-05-14,2032,May,14,135,SSP585,11.957048851981504,2.6966925425502097,3.5750617442417796
2032-05-15,2032,May,15,136,SSP585,12.774932323981504,3.9479321825502094,3.801646915068452
2032-05-16,2032,May,16,137,SSP585,11.511485467981505,3.7068396665502092,1.472854881571929
2032-05-17,2032,May,17,138,SSP585,10.940798119981505,3.2765353025502097,0.8308635642296772
2032-05-18,2032,May,18,139,SSP585,12.204244975981505,4.4789460785502095,1.6113235970771191
2032-05-19,2032,May,19,140,SSP585,13.965135883981505,4.4758942745502095,1.6994400523986424
2032-05-20,2032,May,20,141,SSP585,13.009921231981505,4.4209618025502095,1.1329771253319205
2032-05-21,2032,May,21,142,SSP585,12.866486443981504,4.179869286550209,2.7820136463483855
2032-05-22,2032,May,22,143,SSP585,12.164571523981504,5.156446566550209,2.0770820037764652
2032-05-23,2032,May,23,144,SSP585,11.935686223981504,4.8787324025502095,2.442135890108328
2032-05-24,2032,May,24,145,SSP585,12.399560431981504,4.83600714655021,0.8308635642296772
2032-05-25,2032,May,25,146,SSP585,12.045551167981504,5.663046030550209,2.2281387843275664
2032-05-26,2032,May,26,147,SSP585,13.119786175981504,5.99264086255021,1.9637894183630795
2032-05-27,2032,May,27,148,SSP585,13.797286663981504,5.24494888255021,1.661675857260836
2032-05-28,2032,May,28,149,SSP585,14.322196951981505,5.568440106550209,2.190374589189801
2032-05-29,2032,May,29,150,SSP585,14.471735347981504,7.00278798655021,3.0967152724965317
2032-05-30,2032,May,30,151,SSP585,14.178762163981505,7.21031065855021,2.3288433046949915
2032-05-31,2032,May,31,152,SSP585,14.767760335981505,7.771842594550209,2.11484619891423
2033-05-01,2033,May,1,121,SSP585,6.015186463981505,-0.8128820574497904,2.7694255813024338
2033-05-02,2033,May,2,122,SSP585,6.8117073079815045,-0.31238620144979046,2.7064852560728148
2033-05-03,2033,May,3,123,SSP585,7.577710111981505,-0.3093343974497904,2.4924881502920444
2033-05-04,2033,May,4,124,SSP585,8.307091267981505,1.6438201625502098,2.5176642803838987
2033-05-05,2033,May,5,125,SSP585,8.853364183981505,2.7851948585502093,3.4995333539662083
2033-05-06,2033,May,6,126,SSP585,8.764861867981505,2.1168497825502097,2.7568375162565233
2033-05-07,2033,May,7,127,SSP585,9.863511307981504,2.312165238550209,2.0519058736846025
2033-05-08,2033,May,8,128,SSP585,9.439310551981505,1.4668155305502097,2.5176642803838987
2033-05-09,2033,May,9,129,SSP585,9.738387343981504,1.6407683585502097,1.5106190767097352
2033-05-10,2033,May,10,130,SSP585,9.482035807981505,1.8849126785502095,1.5735594019393542
2033-05-11,2033,May,11,131,SSP585,8.722136611981504,0.9327498305502095,0.868627759367442
2033-05-12,2033,May,12,132,SSP585,9.390481687981504,1.7536851065502097,0.6546306535866723
2033-05-13,2033,May,13,133,SSP585,10.577633443981505,2.9652512945502094,1.7749684426742218
2033-05-14,2033,May,14,134,SSP585,11.337532639981506,3.7282022945502096,2.3666074998327566
2033-05-15,2033,May,15,135,SSP585,11.920427203981506,3.8868961025502093,2.4547239551542797
2033-05-16,2033,May,16,136,SSP585,13.308998023981506,3.923517750550209,2.1777865241438494
2033-05-17,2033,May,17,137,SSP585,13.791183055981504,4.903146834550209,2.0519058736846025
2033-05-18,2033,May,18,138,SSP585,13.925462431981504,6.368012754550209,3.2225959229558194
2033-05-19,2033,May,19,139,SSP585,12.631497535981504,5.70882309055021,2.303667174603137
2033-05-20,2033,May,20,140,SSP585,13.376137711981505,5.34871021855021,0.8434516292755794
2033-05-21,2033,May,21,141,SSP585,13.330360651981504,5.803429014550209,2.190374589189801
2033-05-22,2033,May,22,142,SSP585,14.572444879981505,6.2703550265502095,1.988965548454942
2033-05-23,2033,May,23,143,SSP585,14.450372719981505,6.203215338550209,1.3469742311126902
2033-05-24,2033,May,24,144,SSP585,13.400552143981505,6.789161706550209,2.3540194347868546
2033-05-25,2033,May,25,145,SSP585,13.989550315981505,6.709814802550209,1.0322726049644868
2033-05-26,2033,May,26,146,SSP585,14.432061895981505,5.8095326225502095,1.7497923125823591
2033-05-27,2033,May,27,147,SSP585,14.636532763981505,7.076031282550209,1.913437158179412
2033-05-28,2033,May,28,148,SSP585,14.020068355981504,7.1981034425502095,3.335888508369156
2033-05-29,2033,May,29,149,SSP585,13.574504971981504,5.959071018550209,2.9204823618535762
2033-05-30,2033,May,30,150,SSP585,14.599911115981504,6.566380014550209,1.6994400523986424
2033-05-31,2033,May,31,151,SSP585,15.622265455981506,7.726065534550209,3.348476573415107
2034-05-01,2034,May,1,121,SSP585,8.304039463981505,1.0822882265502096,2.605780735705381
2034-05-02,2034,May,2,122,SSP585,7.190131003981505,0.23083491055020966,1.7246161824905046
2034-05-03,2034,May,3,123,SSP585,8.233847971981504,1.1280652865502094,2.3414313697409024
2034-05-04,2034,May,4,124,SSP585,9.628522399981504,1.9490005625502096,4.292581451859602
2034-05-05,2034,May,5,125,SSP585,9.405740707981504,1.5278516105502098,2.8449539715780046
2034-05-06,2034,May,6,126,SSP585,9.195166231981505,1.5644732585502095,3.084127207450629
2034-05-07,2034,May,7,127,SSP585,8.807587123981504,0.6519838625502097,1.825320702857889
2034-05-08,2034,May,8,128,SSP585,9.521709259981504,1.1341688945502095,1.2966219709289735
2034-05-09,2034,May,9,129,SSP585,10.794311527981504,1.6316129465502096,1.8379087679038408
2034-05-10,2034,May,10,130,SSP585,10.278556651981505,1.5705768665502096,1.988965548454942
2034-05-11,2034,May,11,131,SSP585,9.350808235981505,2.12295339055021,1.107800995240066
2034-05-12,2034,May,12,132,SSP585,8.709929395981504,1.4210384705502095,1.825320702857889
2034-05-13,2034,May,13,133,SSP585,9.082249483981505,1.8299802065502095,2.580604605613518
2034-05-14,2034,May,14,134,SSP585,11.758681591981505,3.4962651905502096,3.2225959229558194
2034-05-15,2034,May,15,135,SSP585,13.189977667981506,4.567448394550209,1.5861474669853144
2034-05-16,2034,May,16,136,SSP585,13.336464259981504,4.89704322655021,2.5931926706594783
2034-05-17,2034,May,17,137,SSP585,12.027240343981505,3.7190468825502094,2.190374589189801
2034-05-18,2034,May,18,138,SSP585,12.344627959981505,4.72614220255021,2.479900085246142
2034-05-19,2034,May,19,139,SSP585,11.609143195981504,4.84211075455021,1.7372042475364071
2034-05-20,2034,May,20,140,SSP585,13.229651119981504,4.49115329455021,2.0896700688223677
2034-05-21,2034,May,21,141,SSP585,12.897004483981505,5.257156098550209,2.1400223290060842
2034-05-22,2034,May,22,142,SSP585,12.253073839981505,3.813652806550209,0.7175709788162932
2034-05-23,2034,May,23,143,SSP585,12.448389295981505,5.031322602550209,2.240726849373518
2034-05-24,2034,May,24,144,SSP585,12.442285687981505,5.455523358550209,2.630956865797235
2034-05-25,2034,May,25,145,SSP585,13.211340295981504,5.8064808185502095,1.271445840837111
2034-05-26,2034,May,26,146,SSP585,13.699628935981504,4.921457658550209,2.0393178086386508
2034-05-27,2034,May,27,147,SSP585,13.757613211981505,5.87667231055021,2.479900085246142
2034-05-28,2034,May,28,148,SSP585,14.468683543981506,6.346650126550209,3.1596555977262
2034-05-29,2034,May,29,149,SSP585,14.993593831981505,7.280502150550209,4.154112736354412
2034-05-30,2034,May,30,150,SSP585,13.974291295981505,6.245940594550209,2.4547239551542797
2034-05-31,2034,May,31,151,SSP585,15.195012895981504,6.4382042465502085,1.8504968329497433
2035-05-01,2035,May,1,121,SSP585,11.426034955981505,1.9459487585502095,1.6868519873526904
2035-05-02,2035,May,2,122,SSP585,11.050663063981505,1.8635500505502096,2.2659029794653724
2035-05-03,2035,May,3,123,SSP585,10.537959991981504,2.5502059505502093,2.3666074998327566
2035-05-04,2035,May,4,124,SSP585,9.323341999981505,0.9022317905502095,2.996010752129147
2035-05-05,2035,May,5,125,SSP585,9.024265207981506,1.9551041705502097,2.958246556991341
2035-05-06,2035,May,6,126,SSP585,9.057835051981504,2.6966925425502097,4.342933712043319
2035-05-07,2035,May,7,127,SSP585,9.677351263981505,3.004924746550209,3.23518398800173
2035-05-08,2035,May,8,128,SSP585,9.268409527981504,2.5044288905502095,1.7246161824905046
2035-05-09,2035,May,9,129,SSP585,9.552227299981505,1.8849126785502095,1.4476787514800664
2035-05-10,2035,May,10,130,SSP585,10.190054335981504,1.7170634585502096,2.303667174603137
2035-05-11,2035,May,11,131,SSP585,10.626462307981505,1.4057794505502097,1.4602668165260264
2035-05-12,2035,May,12,132,SSP585,11.776992415981505,3.120893298550209,1.825320702857889
2035-05-13,2035,May,13,133,SSP585,12.469751923981505,3.8868961025502093,2.2155507192816555
2035-05-14,2035,May,14,134,SSP585,13.174718647981505,4.677313338550209,1.9386132882712663
2035-05-15,2035,May,15,135,SSP585,13.214392099981504,5.5745437145502095,2.9834226870831952
2035-05-16,2035,May,16,136,SSP585,13.629437443981505,5.205275430550209,1.3092100359748757
2035-05-17,2035,May,17,137,SSP585,13.498209871981505,5.59285453855021,2.001553613500894
2035-05-18,2035,May,18,138,SSP585,12.695585419981505,4.7078313785502095,1.435090686434164
2035-05-19,2035,May,19,139,SSP585,12.451441099981505,4.469790666550209,1.1455651903778228
2035-05-20,2035,May,20,140,SSP585,11.920427203981506,4.521671334550209,2.6561329958890973
2035-05-21,2035,May,21,141,SSP585,12.835968403981505,4.8268517345502095,1.6364997271689818
2035-05-22,2035,May,22,142,SSP585,13.696577131981504,4.83295534255021,1.90084909313346
2035-05-23,2035,May,23,143,SSP585,14.468683543981506,5.678305050550209,1.6994400523986424
2035-05-24,2035,May,24,144,SSP585,14.682309823981505,7.1950516385502095,1.9386132882712663
2035-05-25,2035,May,25,145,SSP585,14.117726083981506,6.813576138550209,0.8182754991837236
2035-05-26,2035,May,26,146,SSP585,14.264212675981504,5.907190350550209,1.1959174505615398
2035-05-27,2035,May,27,147,SSP585,14.749449511981505,6.331391106550209,2.2029626542357037
2035-05-28,2035,May,28,148,SSP585,15.841995343981505,6.361909146550209,1.3343861660667302
2035-05-29,2035,May,29,149,SSP585,15.106510579981505,6.905130258550209,2.958246556991341
2035-05-30,2035,May,30,150,SSP585,16.836883447981506,7.372056270550209,1.7120281174445529
2035-05-31,2035,May,31,151,SSP585,17.007784471981505,7.22556967855021,2.80718977644024
2036-05-01,2036,May,1,122,SSP585,9.582745339981505,0.8015222585502098,1.397326491296399
2036-05-02,2036,May,2,123,SSP585,9.771957187981505,0.9602160665502095,1.2085055156074918
2036-05-03,2036,May,3,124,SSP585,8.697722179981504,1.1860495625502094,1.825320702857889
2036-05-04,2036,May,4,125,SSP585,9.417947923981504,1.9032235025502098,2.2029626542357037
2036-05-05,2036,May,5,126,SSP585,8.899141243981505,1.7475814985502096,2.7064852560728148
2036-05-06,2036,May,6,127,SSP585,8.114827615981504,1.8025139705502096,2.278491044511275
2036-05-07,2036,May,7,128,SSP585,7.666212427981504,0.7465897865502098,0.604278393402957
2036-05-08,2036,May,8,129,SSP585,7.953082003981505,2.0954871545502094,1.875672963041606
2036-05-09,2036,May,9,130,SSP585,7.934771179981505,1.6407683585502097,1.5861474669853144
2036-05-10,2036,May,10,131,SSP585,10.147329079981505,1.3477951745502097,1.0826248651482036
2036-05-11,2036,May,11,132,SSP585,12.002825911981505,2.4494964185502095,1.271445840837111
2036-05-12,2036,May,12,133,SSP585,12.097431835981505,2.547154146550209,3.0967152724965317
2036-05-13,2036,May,13,134,SSP585,13.299842611981505,4.48199788255021,1.7246161824905046
2036-05-14,2036,May,14,135,SSP585,13.510417087981505,4.845162558550209,2.0141416785467965
2036-05-15,2036,May,15,136,SSP585,14.743345903981504,4.37823654655021,3.549885614149925
2036-05-16,2036,May,16,137,SSP585,16.321128571981504,5.71187489455021,3.524709484058063
2036-05-17,2036,May,17,138,SSP585,17.425881619981503,6.331391106550209,4.2548172567218465
2036-05-18,2036,May,18,139,SSP585,16.665982423981504,6.28866585055021,3.5121214190121606
2036-05-19,2036,May,19,140,SSP585,14.340507775981505,5.391435474550209,3.1722436627721025
2036-05-20,2036,May,20,141,SSP585,13.568401363981504,4.95807930655021,2.630956865797235
2036-05-21,2036,May,21,142,SSP585,12.365990587981505,4.930613070550209,1.9386132882712663
2036-05-22,2036,May,22,143,SSP585,14.126881495981504,5.6325279905502095,1.0322726049644868
2036-05-23,2036,May,23,144,SSP585,13.598919403981505,6.026210706550209,2.2659029794653724
2036-05-24,2036,May,24,145,SSP585,12.753569695981504,5.64168340255021,3.0463630123128143
2036-05-25,2036,May,25,146,SSP585,12.616238515981506,6.346650126550209,2.542840410475762
2036-05-26,2036,May,26,147,SSP585,13.479899047981505,5.315140374550209,2.2281387843275664
2036-05-27,2036,May,27,148,SSP585,13.458536419981504,6.88987123855021,1.2840339058830217
2036-05-28,2036,May,28,149,SSP585,13.717939759981505,6.575535426550209,1.0952129301941143
2036-05-29,2036,May,29,150,SSP585,14.633480959981505,5.53181845855021,1.5861474669853144
2036-05-30,2036,May,30,151,SSP585,15.802321891981503,6.16659369055021,2.240726849373518
2036-05-31,2036,May,31,152,SSP585,16.128864919981506,7.00278798655021,1.8127326378119786
2037-05-01,2037,May,1,121,SSP585,11.334480835981505,1.5980431025502095,3.197419792863965
2037-05-02,2037,May,2,122,SSP585,11.923479007981504,2.69974434655021,2.3666074998327566
2037-05-03,2037,May,3,123,SSP585,11.651868451981505,3.172773966550209,2.555428475521664
2037-05-04,2037,May,4,124,SSP585,11.514537271981505,3.3314677745502097,2.9456584919454305
2037-05-05,2037,May,5,125,SSP585,11.697645511981504,3.1941365945502094,2.9330704268994787
2037-05-06,2037,May,6,126,SSP585,10.809570547981505,3.4749025625502092,2.643544930843187
2037-05-07,2037,May,7,127,SSP585,9.799423423981505,2.58377579455021,2.580604605613518
2037-05-08,2037,May,8,128,SSP585,10.272453043981505,2.13210880255021,1.7875565077201243
2037-05-09,2037,May,9,129,SSP585,10.785156115981504,2.364045906550209,1.9260252232253143
2037-05-10,2037,May,10,130,SSP585,10.040515939981505,3.4352291105502095,2.6938971910268625
2037-05-11,2037,May,11,131,SSP585,9.027317011981506,2.934733254550209,1.988965548454942
2037-05-12,2037,May,12,132,SSP585,10.266349435981505,4.31109685855021,2.2659029794653724
2037-05-13,2037,May,13,133,SSP585,10.608151483981505,3.3711412265502094,1.4602668165260264
2037-05-14,2037,May,14,134,SSP585,12.527736199981504,4.735297614550209,1.5106190767097352
2037-05-15,2037,May,15,135,SSP585,13.107578959981504,4.173765678550209,1.5106190767097352
2037-05-16,2037,May,16,136,SSP585,11.426034955981505,4.115781402550209,1.8379087679038408
2037-05-17,2037,May,17,137,SSP585,11.313118207981505,3.8289118265502093,3.348476573415107
2037-05-18,2037,May,18,138,SSP585,11.242926715981504,3.639699978550209,2.1526103940519867
2037-05-19,2037,May,19,139,SSP585,11.648816647981505,3.456591738550209,1.435090686434164
2037-05-20,2037,May,20,140,SSP585,11.996722303981505,6.010951686550209,2.4169597600164736
2037-05-21,2037,May,21,141,SSP585,11.206305067981505,5.544025674550209,2.46731202020019
2037-05-22,2037,May,22,142,SSP585,12.045551167981504,4.95197569855021,2.6687210609350496
2037-05-23,2037,May,23,143,SSP585,13.675214503981504,5.1106695065502095,1.913437158179412
2037-05-24,2037,May,24,144,SSP585,14.853210847981504,5.513507634550209,2.542840410475762
2037-05-25,2037,May,25,145,SSP585,15.048526303981506,7.21336246255021,2.7820136463483855
2037-05-26,2037,May,26,146,SSP585,14.429010091981505,7.295761170550209,2.3540194347868546
2037-05-27,2037,May,27,147,SSP585,13.855270939981505,6.065884158550209,2.3540194347868546
2037-05-28,2037,May,28,148,SSP585,14.419854679981505,5.76375556255021,1.4854429466178807
2037-05-29,2037,May,29,149,SSP585,14.926454143981505,6.603001662550209,1.988965548454942
2037-05-30,2037,May,30,150,SSP585,14.728086883981504,6.300873066550209,2.3791955648787084
2037-05-31,2037,May,31,151,SSP585,14.752501315981505,7.01499520255021,2.3666074998327566
2038-05-01,2038,May,1,121,SSP585,7.385446459981504,1.4424010985502098,2.719073321118717
2038-05-02,2038,May,2,122,SSP585,6.369195727981505,-0.43445836144979033,1.8127326378119786
2038-05-03,2038,May,3,123,SSP585,6.833069935981505,0.13622898655020954,1.9763774834090315
2038-05-04,2038,May,4,124,SSP585,8.575650019981504,1.5705768665502096,1.1329771253319205
2038-05-05,2038,May,5,125,SSP585,9.588848947981505,2.599034814550209,1.6994400523986424
2038-05-06,2038,May,6,126,SSP585,8.917452067981504,2.1717822545502097,2.8323659065321025
2038-05-07,2038,May,7,127,SSP585,7.437327127981504,1.3172771345502097,2.3162552396490397
2038-05-08,2038,May,8,128,SSP585,8.847260575981505,1.0639774025502098,2.2029626542357037
2038-05-09,2038,May,9,129,SSP585,9.707869303981505,2.02224385855021,1.6490877922149336
2038-05-10,2038,May,10,130,SSP585,10.742430859981505,2.602086618550209,2.1777865241438494
2038-05-11,2038,May,11,131,SSP585,10.699705603981505,3.7678757465502093,3.3610646384610177
2038-05-12,2038,May,12,132,SSP585,11.581676959981504,4.59796643455021,2.3288433046949915
2038-05-13,2038,May,13,133,SSP585,12.622342123981504,3.642751782550209,3.1722436627721025
2038-05-14,2038,May,14,134,SSP585,13.391396731981505,4.0700043425502095,3.8645872402981203
2038-05-15,2038,May,15,135,SSP585,13.516520695981505,4.25006077855021,3.0967152724965317
2038-05-16,2038,May,16,136,SSP585,13.601971207981505,4.463687058550209,2.1274342639601818
2038-05-17,2038,May,17,137,SSP585,13.226599315981504,5.58064732255021,4.015644020849221
2038-05-18,2038,May,18,138,SSP585,13.400552143981505,4.71393498655021,1.4225026213882614
2038-05-19,2038,May,19,139,SSP585,13.083164527981504,3.3650376185502093,1.1959174505615398
2038-05-20,2038,May,20,140,SSP585,13.479899047981505,4.49725690255021,0.7679232390000084
2038-05-21,2038,May,21,141,SSP585,13.498209871981505,5.431108926550209,1.4476787514800664
2038-05-22,2038,May,22,142,SSP585,14.947816771981504,5.70577128655021,2.568016540567616
2038-05-23,2038,May,23,143,SSP585,13.559245951981504,5.107617702550209,1.5357952068015976
2038-05-24,2038,May,24,144,SSP585,11.722059943981504,4.845162558550209,2.0519058736846025
2038-05-25,2038,May,25,145,SSP585,12.356835175981505,4.463687058550209,1.8127326378119786
2038-05-26,2038,May,26,146,SSP585,14.486994367981504,4.988597346550209,1.4980310116637832
2038-05-27,2038,May,27,147,SSP585,15.091251559981504,5.99569266655021,2.3666074998327566
2038-05-28,2038,May,28,148,SSP585,14.389336639981504,6.932596494550209,2.2281387843275664
2038-05-29,2038,May,29,149,SSP585,14.990542027981505,7.771842594550209,1.271445840837111
2038-05-30,2038,May,30,150,SSP585,15.390328351981506,8.199095154550209,1.7246161824905046
2038-05-31,2038,May,31,151,SSP585,15.600902827981503,8.60498508655021,1.8379087679038408
2039-05-01,2039,May,1,121,SSP585,8.645841511981505,0.5573779385502096,0.9315680845970613
2039-05-02,2039,May,2,122,SSP585,10.504390147981505,1.3172771345502097,2.1022581338683195
2039-05-03,2039,May,3,123,SSP585,10.977419767981505,1.8452392265502098,2.8449539715780046
2039-05-04,2039,May,4,124,SSP585,11.108647339981506,1.5797322785502097,1.472854881571929
2039-05-05,2039,May,5,125,SSP585,9.591900751981505,1.1860495625502094,1.3092100359748757
2039-05-06,2039,May,6,126,SSP585,7.614331759981505,0.3620624825502097,0.9693322797348676
2039-05-07,2039,May,7,127,SSP585,7.867631491981506,0.6641910785502094,2.2910791095572267
2039-05-08,2039,May,8,128,SSP585,8.413904407981505,1.9703631905502095,2.505076215337947
2039-05-09,2039,May,9,129,SSP585,10.626462307981505,2.702796150550209,2.3791955648787084
2039-05-10,2039,May,10,130,SSP585,10.022205115981505,1.5583696505502098,1.6490877922149336
2039-05-11,2039,May,11,131,SSP585,9.680403067981505,2.9255778425502097,1.9386132882712663
2039-05-12,2039,May,12,132,SSP585,8.056843339981505,1.4820745505502095,1.0322726049644868
2039-05-13,2039,May,13,133,SSP585,8.764861867981505,2.3976157505502096,1.4602668165260264
2039-05-14,2039,May,14,134,SSP585,10.348748143981505,4.78412647855021,2.5931926706594783
2039-05-15,2039,May,15,135,SSP585,11.758681591981505,3.349778598550209,1.8127326378119786
2039-05-16,2039,May,16,136,SSP585,12.069965599981504,3.8807924945502092,2.5931926706594783
2039-05-17,2039,May,17,137,SSP585,12.396508627981504,5.263259706550209,3.889763370389975
2039-05-18,2039,May,18,138,SSP585,12.613186711981506,5.29988135455021,2.857542036623907
2039-05-19,2039,May,19,139,SSP585,13.870529959981505,4.20733552255021,1.8630848979956953
2039-05-20,2039,May,20,140,SSP585,14.432061895981505,5.8095326225502095,2.391783629924611
2039-05-21,2039,May,21,141,SSP585,14.425958287981505,5.446367946550209,1.0952129301941143
2039-05-22,2039,May,22,142,SSP585,14.090259847981505,6.16659369055021,2.555428475521664
2039-05-23,2039,May,23,143,SSP585,12.790191343981505,5.721030306550209,1.7120281174445529
2039-05-24,2039,May,24,144,SSP585,12.002825911981505,5.101514094550209,1.3469742311126902
2039-05-25,2039,May,25,145,SSP585,12.127949875981505,4.49420509855021,1.1329771253319205
2039-05-26,2039,May,26,146,SSP585,13.434121987981504,5.779014582550209,1.7623803776282698
2039-05-27,2039,May,27,147,SSP585,15.481882471981503,6.810524334550209,3.1596555977262
2039-05-28,2039,May,28,148,SSP585,17.215307143981505,8.064815778550209,1.4476787514800664
2039-05-29,2039,May,29,149,SSP585,16.354698415981506,7.530750078550209,2.1526103940519867
2039-05-30,2039,May,30,150,SSP585,16.037310799981505,7.0821348905502095,3.37365270350697
2039-05-31,2039,May,31,151,SSP585,15.814529107981503,7.747428162550209,3.9023514354358855
2040-05-01,2040,May,1,122,SSP585,7.126043119981505,0.6367248425502094,2.479900085246142
2040-05-02,2040,May,2,123,SSP585,9.289772155981504,2.3274242585502094,2.9456584919454305
2040-05-03,2040,May,3,124,SSP585,9.124974739981505,1.0029413225502097,2.479900085246142
2040-05-04,2040,May,4,125,SSP585,9.149389171981504,1.8757572665502098,1.0700368001022516
2040-05-05,2040,May,5,126,SSP585,10.223624179981504,2.5227397145502097,2.2029626542357037
2040-05-06,2040,May,6,127,SSP585,9.802475227981505,1.5156443945502096,3.6883543296551156
2040-05-07,2040,May,7,128,SSP585,9.939806407981505,2.1565232345502094,1.5735594019393542
2040-05-08,2040,May,8,129,SSP585,11.661023863981505,2.949992274550209,1.9512013533171773
2040-05-09,2040,May,9,130,SSP585,12.750517891981504,3.8838442985502093,1.7749684426742218
2040-05-10,2040,May,10,131,SSP585,10.678342975981504,2.4586518305502096,1.661675857260836
2040-05-11,2040,May,11,132,SSP585,11.187994243981505,4.1859728945502095,2.3162552396490397
2040-05-12,2040,May,12,133,SSP585,12.039447559981504,4.573552002550209,3.486945288920306
2040-05-13,2040,May,13,134,SSP585,12.118794463981505,5.046581622550209,3.4114168986447266
2040-05-14,2040,May,14,135,SSP585,12.338524351981505,4.1859728945502095,2.3288433046949915
2040-05-15,2040,May,15,136,SSP585,12.662015575981505,3.7312540985502096,2.0393178086386508
2040-05-16,2040,May,16,137,SSP585,11.892960967981505,4.585759218550209,1.1581532554237748
2040-05-17,2040,May,17,138,SSP585,12.308006311981504,4.790230086550209,1.5483832718475
2040-05-18,2040,May,18,139,SSP585,12.137105287981505,4.332459486550209,1.2840339058830217
2040-05-19,2040,May,19,140,SSP585,13.391396731981505,4.219542738550209,1.2085055156074918
2040-05-20,2040,May,20,141,SSP585,14.981386615981505,5.3426066105502095,1.0826248651482036
2040-05-21,2040,May,21,142,SSP585,15.191961091981504,5.278518726550209,1.9260252232253143
2040-05-22,2040,May,22,143,SSP585,14.075000827981505,6.23068157455021,3.977879825711457
2040-05-23,2040,May,23,144,SSP585,13.724043367981505,5.4036426905502095,0.7175709788162932
2040-05-24,2040,May,24,145,SSP585,14.410699267981505,6.844094178550209,1.2966219709289735
2040-05-25,2040,May,25,146,SSP585,15.899979619981504,6.358857342550209,1.2085055156074918
2040-05-26,2040,May,26,147,SSP585,17.074924159981506,7.863396714550209,2.6183688007513326
2040-05-27,2040,May,27,148,SSP585,17.721906607981506,8.550052614550209,3.461769158828444
2040-05-28,2040,May,28,149,SSP585,16.336387591981506,7.0180470065502085,1.7623803776282698
2040-05-29,2040,May,29,150,SSP585,15.552073963981506,7.256087718550209,2.6561329958890973
2040-05-30,2040,May,30,151,SSP585,15.762648439981504,7.176740814550209,1.2336816456993542
2040-05-31,2040,May,31,152,SSP585,16.516444027981503,7.640615022550209,1.8630848979956953
2041-05-01,2041,May,1,121,SSP585,8.609219863981505,0.2338867145502097,2.794601711394288
2041-05-02,2041,May,2,122,SSP585,8.120931223981504,1.3630541945502095,2.442135890108328
2041-05-03,2041,May,3,123,SSP585,9.677351263981505,1.8757572665502098,2.907894296807624
2041-05-04,2041,May,4,124,SSP585,8.899141243981505,1.1677387385502096,1.875672963041606
2041-05-05,2041,May,5,125,SSP585,8.423059819981505,1.1158580705502097,1.7372042475364071
2041-05-06,2041,May,6,126,SSP585,9.094456699981505,1.1707905425502096,1.9512013533171773
2041-05-07,2041,May,7,127,SSP585,10.495234735981505,2.818764702550209,2.1274342639601818
2041-05-08,2041,May,8,128,SSP585,11.535899899981505,3.7831347665502095,1.0070964748726325
2041-05-09,2041,May,9,129,SSP585,13.202184883981504,4.49420509855021,2.4547239551542797
2041-05-10,2041,May,10,130,SSP585,11.166631615981505,3.120893298550209,1.258857775791159
2041-05-11,2041,May,11,131,SSP585,10.629514111981505,2.8706453705502097,1.875672963041606
2041-05-12,2041,May,12,132,SSP585,10.458613087981504,2.5776721865502097,0.604278393402957
2041-05-13,2041,May,13,133,SSP585,11.694593707981504,3.3314677745502097,1.4476787514800664
2041-05-14,2041,May,14,134,SSP585,11.676282883981505,4.390443762550209,1.9260252232253143
2041-05-15,2041,May,15,135,SSP585,11.480967427981504,4.637639886550209,2.7442494512105715
2041-05-16,2041,May,16,136,SSP585,12.106587247981505,6.065884158550209,2.7694255813024338
2041-05-17,2041,May,17,137,SSP585,10.937746315981505,5.1106695065502095,2.7820136463483855
2041-05-18,2041,May,18,138,SSP585,11.169683419981505,5.01606358255021,2.870130101669859
2041-05-19,2041,May,19,139,SSP585,12.668119183981505,5.434160730550209,3.310712378277301
2041-05-20,2041,May,20,140,SSP585,14.621273743981504,5.968226430550209,2.479900085246142
2041-05-21,2041,May,21,141,SSP585,16.220419039981504,6.306976674550209,3.0463630123128143
2041-05-22,2041,May,22,142,SSP585,15.961015699981505,6.39853079455021,3.0967152724965317
2041-05-23,2041,May,23,143,SSP585,15.414742783981504,7.33238281855021,4.0534082159870275
2041-05-24,2041,May,24,144,SSP585,15.222479131981505,6.85630139455021,2.2533149144194207
2041-05-25,2041,May,25,145,SSP585,14.657895391981505,5.717978502550209,2.542840410475762
2041-05-26,2041,May,26,146,SSP585,15.536814943981504,6.53586197455021,2.1777865241438494
2041-05-27,2041,May,27,147,SSP585,14.581600291981506,6.16354188655021,2.479900085246142
2041-05-28,2041,May,28,148,SSP585,14.047534591981504,6.471774090550209,1.6239116621230711
2041-05-29,2041,May,29,149,SSP585,14.270316283981504,6.322235694550209,2.303667174603137
2041-05-30,2041,May,30,150,SSP585,13.824752899981505,5.901086742550209,2.0141416785467965
2041-05-31,2041,May,31,151,SSP585,14.767760335981505,4.988597346550209,1.435090686434164
2042-05-01,2042,May,1,121,SSP585,9.787216207981505,-0.4619245974497903,0.8182754991837236
2042-05-02,2042,May,2,122,SSP585,8.883882223981505,0.7313307665502096,3.37365270350697
2042-05-03,2042,May,3,123,SSP585,7.733352115981505,0.2644047545502095,1.435090686434164
2042-05-04,2042,May,4,124,SSP585,7.571606503981505,0.7984704545502097,1.90084909313346
2042-05-05,2042,May,5,125,SSP585,8.429163427981505,1.5492142385502097,2.1274342639601818
2042-05-06,2042,May,6,126,SSP585,8.087361379981505,0.9815786945502094,2.9330704268994787
2042-05-07,2042,May,7,127,SSP585,8.893037635981505,1.9062753065502098,2.9834226870831952
2042-05-08,2042,May,8,128,SSP585,8.761810063981505,1.6163539265502098,2.6561329958890973
2042-05-09,2042,May,9,129,SSP585,8.670255943981505,1.1158580705502097,1.8630848979956953
2042-05-10,2042,May,10,130,SSP585,7.791336391981504,0.6519838625502097,2.11484619891423
2042-05-11,2042,May,11,131,SSP585,8.554287391981505,2.3335278665502095,2.0770820037764652
2042-05-12,2042,May,12,132,SSP585,9.781112599981505,3.1880329865502093,1.9763774834090315
2042-05-13,2042,May,13,133,SSP585,10.794311527981504,4.02727908655021,2.1400223290060842
2042-05-14,2042,May,14,134,SSP585,12.109639051981505,4.31720046655021,1.6364997271689818
2042-05-15,2042,May,15,135,SSP585,12.268332859981506,4.71393498655021,1.5232071417556459
2042-05-16,2042,May,16,136,SSP585,13.885788979981506,5.492145006550209,0.8938038894592963
2042-05-17,2042,May,17,137,SSP585,14.218435615981505,7.191999834550209,2.1777865241438494
2042-05-18,2042,May,18,138,SSP585,13.971239491981505,7.32322740655021,1.90084909313346
2042-05-19,2042,May,19,139,SSP585,13.229651119981504,5.095410486550209,2.442135890108328
2042-05-20,2042,May,20,140,SSP585,12.286643683981504,4.5918628265502095,1.888261028087558
2042-05-21,2042,May,21,141,SSP585,12.646756555981504,4.7688674585502095,1.0826248651482036
2042-05-22,2042,May,22,142,SSP585,12.954988759981505,5.888879526550209,1.560971336893452
2042-05-23,2042,May,23,143,SSP585,12.701689027981505,6.197111730550209,2.0896700688223677
2042-05-24,2042,May,24,144,SSP585,13.681318111981504,5.791221798550209,1.384738426250447
2042-05-25,2042,May,25,145,SSP585,14.053638199981505,6.252044202550209,1.7120281174445529
2042-05-26,2042,May,26,146,SSP585,12.875641855981504,5.666097834550209,1.3721503612045445
2042-05-27,2042,May,27,147,SSP585,13.012973035981505,5.965174626550209,3.524709484058063
2042-05-28,2042,May,28,148,SSP585,16.034258995981503,8.21740597855021,1.9386132882712663
2042-05-29,2042,May,29,149,SSP585,16.913178547981506,8.293701078550209,2.7820136463483855
2042-05-30,2042,May,30,150,SSP585,17.163426475981506,8.85218121055021,1.7497923125823591
2042-05-31,2042,May,31,151,SSP585,16.665982423981504,7.91527738255021,2.7442494512105715
2043-05-01,2043,May,1,121,SSP585,9.405740707981504,0.9449570465502097,2.391783629924611
2043-05-02,2043,May,2,122,SSP585,9.750594559981504,2.2297665305502097,3.0211868822210097
2043-05-03,2043,May,3,123,SSP585,8.014118083981504,1.5827840825502097,1.4225026213882614
2043-05-04,2043,May,4,124,SSP585,7.458689755981505,1.3905204305502095,2.580604605613518
2043-05-05,2043,May,5,125,SSP585,9.286720351981504,2.52884332255021,3.008598817175058
2043-05-06,2043,May,6,126,SSP585,9.686506675981505,1.4607119225502097,2.0141416785467965
2043-05-07,2043,May,7,127,SSP585,8.569546411981504,1.7140116545502095,2.958246556991341
2043-05-08,2043,May,8,128,SSP585,9.427103335981505,0.4292021705502098,1.5987355320312169
2043-05-09,2043,May,9,129,SSP585,9.655988635981505,1.5919394945502094,1.107800995240066
2043-05-10,2043,May,10,130,SSP585,10.708861015981505,2.3457350825502097,1.0070964748726325
2043-05-11,2043,May,11,131,SSP585,10.629514111981505,3.172773966550209,3.2225959229558194
2043-05-12,2043,May,12,132,SSP585,10.156484491981505,3.001872942550209,1.988965548454942
2043-05-13,2043,May,13,133,SSP585,10.138173667981505,3.5969747225502093,1.6239116621230711
2043-05-14,2043,May,14,134,SSP585,11.044559455981505,2.879800782550209,2.190374589189801
2043-05-15,2043,May,15,135,SSP585,12.713896243981505,3.584767506550209,2.996010752129147
2043-05-16,2043,May,16,136,SSP585,13.135045195981505,4.112729598550209,2.9456584919454305
2043-05-17,2043,May,17,137,SSP585,12.979403191981504,4.61322545455021,1.6113235970771191
2043-05-18,2043,May,18,138,SSP585,11.389413307981505,4.3568739185502094,1.8127326378119786
2043-05-19,2043,May,19,139,SSP585,11.685438295981506,3.5328868385502092,1.8127326378119786
2043-05-20,2043,May,20,140,SSP585,13.275428179981505,5.614217166550209,1.90084909313346
2043-05-21,2043,May,21,141,SSP585,13.388344927981505,4.8237999305502095,2.907894296807624
2043-05-22,2043,May,22,142,SSP585,12.457544707981505,4.179869286550209,1.6994400523986424
2043-05-23,2043,May,23,143,SSP585,13.205236687981504,4.13714403055021,3.1722436627721025
2043-05-24,2043,May,24,144,SSP585,15.127873207981505,6.129972042550209,1.8001445727660266
2043-05-25,2043,May,25,145,SSP585,16.080036055981505,5.99569266655021,1.9386132882712663
2043-05-26,2043,May,26,146,SSP585,16.638516187981505,5.382280062550209,2.0393178086386508
2043-05-27,2043,May,27,147,SSP585,17.990465359981506,6.54806919055021,2.240726849373518
2043-05-28,2043,May,28,148,SSP585,15.613110043981504,5.571491910550209,2.80718977644024
2043-05-29,2043,May,29,149,SSP585,15.027163675981505,5.614217166550209,1.397326491296399
2043-05-30,2043,May,30,150,SSP585,16.705655875981506,8.04040134655021,2.1274342639601818
2043-05-31,2043,May,31,151,SSP585,16.885712311981504,8.62634771455021,2.190374589189801
2044-05-01,2044,May,1,122,SSP585,8.142293851981504,1.4729191385502094,2.3288433046949915
2044-05-02,2044,May,2,123,SSP585,8.325402091981505,1.9306897385502098,2.5302523454298096
2044-05-03,2044,May,3,124,SSP585,8.514613939981505,0.8472993185502096,1.4602668165260264
2044-05-04,2044,May,4,125,SSP585,9.186010819981504,0.45361660255020975,1.6239116621230711
2044-05-05,2044,May,5,126,SSP585,10.513545559981505,1.7170634585502096,1.0826248651482036
2044-05-06,2044,May,6,127,SSP585,11.996722303981505,3.584767506550209,2.7568375162565233
2044-05-07,2044,May,7,128,SSP585,12.741362479981504,4.83905895055021,1.90084909313346
2044-05-08,2044,May,8,129,SSP585,12.811553971981505,4.84211075455021,3.084127207450629
2044-05-09,2044,May,9,130,SSP585,11.352791659981504,3.3864002465502097,3.033774947266912
2044-05-10,2044,May,10,131,SSP585,10.281608455981505,2.766884034550209,2.479900085246142
2044-05-11,2044,May,11,132,SSP585,10.190054335981504,2.06802091855021,1.9386132882712663
2044-05-12,2044,May,12,133,SSP585,11.303962795981505,3.4779543665502093,3.638002069471399
2044-05-13,2044,May,13,134,SSP585,12.503321767981504,3.51152421055021,1.674263922306788
2044-05-14,2044,May,14,135,SSP585,12.539943415981504,3.114789690550209,1.2462697107452567
2044-05-15,2044,May,15,136,SSP585,12.945833347981505,3.2521208705502094,2.3540194347868546
2044-05-16,2044,May,16,137,SSP585,13.577556775981504,3.285690714550209,2.794601711394288
2044-05-17,2044,May,17,138,SSP585,13.949876863981505,4.36908113455021,2.4547239551542797
2044-05-18,2044,May,18,139,SSP585,14.419854679981505,3.804497394550209,1.0448606700104388
2044-05-19,2044,May,19,140,SSP585,15.195012895981504,4.5308267465502094,1.4980310116637832
2044-05-20,2044,May,20,141,SSP585,15.933549463981503,6.6213124865502095,3.0463630123128143
2044-05-21,2044,May,21,142,SSP585,15.841995343981505,6.42294522655021,1.3092100359748757
2044-05-22,2044,May,22,143,SSP585,15.179753875981504,5.977381842550209,2.2659029794653724
2044-05-23,2044,May,23,144,SSP585,16.034258995981503,5.605061754550209,1.472854881571929
2044-05-24,2044,May,24,145,SSP585,15.930497659981505,6.181852710550209,1.8379087679038408
2044-05-25,2044,May,25,146,SSP585,16.327232179981504,6.578587230550209,3.084127207450629
2044-05-26,2044,May,26,147,SSP585,15.921342247981503,6.99668437855021,2.8197778414861423
2044-05-27,2044,May,27,148,SSP585,15.884720599981506,7.420885134550209,2.3288433046949915
2044-05-28,2044,May,28,149,SSP585,15.875565187981504,7.11265293055021,2.240726849373518
2044-05-29,2044,May,29,150,SSP585,15.252997171981505,7.872552126550209,1.472854881571929
2044-05-30,2044,May,30,151,SSP585,15.231634543981505,6.557224602550209,1.435090686434164
2044-05-31,2044,May,31,152,SSP585,15.637524475981504,6.258147810550209,1.5861474669853144
2045-05-01,2045,May,1,121,SSP585,8.169760087981505,1.9642595825502098,1.913437158179412
2045-05-02,2045,May,2,122,SSP585,8.227744363981504,1.7506333025502097,1.9260252232253143
2045-05-03,2045,May,3,123,SSP585,10.940798119981505,2.8950598025502092,1.2336816456993542
2045-05-04,2045,May,4,124,SSP585,12.500269963981506,3.9021551225502096,1.0952129301941143
2045-05-05,2045,May,5,125,SSP585,12.298850899981504,5.34871021855021,3.4995333539662083
2045-05-06,2045,May,6,126,SSP585,12.155416111981504,4.808540910550209,1.7623803776282698
2045-05-07,2045,May,7,127,SSP585,10.821777763981505,3.6519071945502093,2.5931926706594783
2045-05-08,2045,May,8,128,SSP585,10.968264355981505,3.5084724065502098,2.190374589189801
2045-05-09,2045,May,9,129,SSP585,11.941789831981504,4.857369774550209,3.8771753053440228
2045-05-10,2045,May,10,130,SSP585,12.051654775981504,5.977381842550209,3.4114168986447266
2045-05-11,2045,May,11,131,SSP585,12.097431835981505,4.445376234550209,2.3666074998327566
2045-05-12,2045,May,12,132,SSP585,13.769820427981506,4.8207481265502095,1.913437158179412
2045-05-13,2045,May,13,133,SSP585,14.148244123981504,5.65083881455021,1.4854429466178807
2045-05-14,2045,May,14,134,SSP585,14.352714991981506,5.046581622550209,2.0770820037764652
2045-05-15,2045,May,15,135,SSP585,13.629437443981505,4.77802287055021,2.1651984590979385
2045-05-16,2045,May,16,136,SSP585,12.295799095981504,3.9540357905502095,2.442135890108328
2045-05-17,2045,May,17,137,SSP585,11.242926715981504,4.402650978550209,1.560971336893452
2045-05-18,2045,May,18,138,SSP585,11.010989611981504,3.0262873745502095,1.258857775791159
2045-05-19,2045,May,19,139,SSP585,12.665067379981505,3.9631912025502096,1.2336816456993542
2045-05-20,2045,May,20,140,SSP585,14.319145147981505,5.12287672255021,3.801646915068452
2045-05-21,2045,May,21,141,SSP585,15.497141491981505,5.98958905855021,3.851999175252169
2045-05-22,2045,May,22,142,SSP585,15.124821403981505,6.267303222550209,1.0196845399185843
2045-05-23,2045,May,23,143,SSP585,14.490046171981504,6.929544690550209,3.914939500481788
2045-05-24,2045,May,24,144,SSP585,14.844055435981504,8.086178406550209,3.033774947266912
2045-05-25,2045,May,25,145,SSP585,14.032275571981504,7.80846424255021,2.2281387843275664
2045-05-26,2045,May,26,146,SSP585,14.532771427981505,6.557224602550209,1.1959174505615398
2045-05-27,2045,May,27,147,SSP585,15.277411603981506,6.98142535855021,2.0644939387305135
2045-05-28,2045,May,28,148,SSP585,16.046466211981503,7.10044571455021,2.568016540567616
2045-05-29,2045,May,29,149,SSP585,16.611049951981506,7.67113306255021,1.5735594019393542
2045-05-30,2045,May,30,150,SSP585,17.212255339981503,9.07801470655021,3.9527036956196024
2045-05-31,2045,May,31,151,SSP585,16.827728035981504,9.50221546255021,1.6113235970771191
2046-05-01,2046,May,1,121,SSP585,8.999850775981505,2.544102342550209,2.857542036623907
2046-05-02,2046,May,2,122,SSP585,7.827958039981505,1.1921531705502095,2.1526103940519867
2046-05-03,2046,May,3,123,SSP585,7.571606503981505,0.8991799865502095,1.825320702857889
2046-05-04,2046,May,4,124,SSP585,9.994738879981504,1.9642595825502098,1.6239116621230711
2046-05-05,2046,May,5,125,SSP585,11.078129299981505,2.6142938345502094,2.4295478250624254
2046-05-06,2046,May,6,126,SSP585,10.342644535981504,2.7424696025502096,2.4295478250624254
2046-05-07,2046,May,7,127,SSP585,9.601056163981506,2.5135843025502096,2.9708346220372928
2046-05-08,2046,May,8,128,SSP585,10.141225471981505,2.1534714305502094,2.001553613500894
2046-05-09,2046,May,9,129,SSP585,11.645764843981505,2.7302623865502094,2.6938971910268625
2046-05-10,2046,May,10,130,SSP585,10.669187563981504,2.653967286550209,2.442135890108328
2046-05-11,2046,May,11,131,SSP585,11.410775935981505,3.0110283545502092,1.5987355320312169
2046-05-12,2046,May,12,132,SSP585,11.416879543981505,4.048641714550209,2.80718977644024
2046-05-13,2046,May,13,133,SSP585,11.505381859981505,3.9662430065502097,1.7875565077201243
2046-05-14,2046,May,14,134,SSP585,11.047611259981505,3.1849811825502092,1.8630848979956953
2046-05-15,2046,May,15,135,SSP585,10.916383687981504,3.9509839865502094,1.7497923125823591
2046-05-16,2046,May,16,136,SSP585,11.960100655981504,4.6498471025502095,1.4980310116637832
2046-05-17,2046,May,17,137,SSP585,11.914323595981505,5.107617702550209,3.348476573415107
2046-05-18,2046,May,18,138,SSP585,10.632565915981505,4.042538106550209,3.524709484058063
2046-05-19,2046,May,19,139,SSP585,11.868546535981505,4.405702782550209,1.6994400523986424
2046-05-20,2046,May,20,140,SSP585,13.516520695981505,6.798317118550209,3.1344794676343457
2046-05-21,2046,May,21,141,SSP585,13.196081275981506,5.81258442655021,2.303667174603137
2046-05-22,2046,May,22,142,SSP585,11.966204263981504,5.254104294550209,2.3414313697409024
2046-05-23,2046,May,23,143,SSP585,12.774932323981504,5.614217166550209,2.0519058736846025
2046-05-24,2046,May,24,144,SSP585,13.757613211981505,5.71187489455021,2.442135890108328
2046-05-25,2046,May,25,145,SSP585,13.702680739981504,6.142179258550209,4.368109842135182
2046-05-26,2046,May,26,146,SSP585,12.967195975981504,6.560276406550209,3.4365930287365893
2046-05-27,2046,May,27,147,SSP585,14.618221939981504,7.137067362550209,0.99450840982673006
2046-05-28,2046,May,28,148,SSP585,13.782027643981504,7.716910122550209,2.391783629924611
2046-05-29,2046,May,29,149,SSP585,14.374077619981504,6.557224602550209,2.9834226870831952
2046-05-30,2046,May,30,150,SSP585,15.872513383981506,7.82677506655021,2.2281387843275664
2046-05-31,2046,May,31,151,SSP585,18.588618943981505,9.64259844655021,3.6128259393795448
2047-05-01,2047,May,1,121,SSP585,7.528881247981504,0.4292021705502098,1.888261028087558
2047-05-02,2047,May,2,122,SSP585,7.666212427981504,0.4566684065502098,1.271445840837111
2047-05-03,2047,May,3,123,SSP585,9.646833223981504,1.4546083145502096,1.2966219709289735
2047-05-04,2047,May,4,124,SSP585,10.602047875981505,2.8492827425502094,3.335888508369156
2047-05-05,2047,May,5,125,SSP585,11.480967427981504,3.926569554550209,1.9763774834090315
2047-05-06,2047,May,6,126,SSP585,10.840088587981505,4.152403050550209,3.0589510773587665
2047-05-07,2047,May,7,127,SSP585,8.661100531981505,2.4525482225502095,2.11484619891423
2047-05-08,2047,May,8,128,SSP585,8.279625031981505,3.0812198465502094,3.9527036956196024
2047-05-09,2047,May,9,129,SSP585,9.259254115981504,3.9723466145502098,4.519166622686324
2047-05-10,2047,May,10,130,SSP585,9.396585295981504,2.824868310550209,3.965291760665505
2047-05-11,2047,May,11,131,SSP585,9.930650995981505,2.934733254550209,1.0826248651482036
2047-05-12,2047,May,12,132,SSP585,9.604107967981506,3.2551726745502094,1.674263922306788
2047-05-13,2047,May,13,133,SSP585,11.438242171981505,4.387391958550209,1.2085055156074918
2047-05-14,2047,May,14,134,SSP585,11.929582615981504,5.06794425055021,2.4169597600164736
2047-05-15,2047,May,15,135,SSP585,11.822769475981504,4.961131110550209,2.4547239551542797
2047-05-16,2047,May,16,136,SSP585,12.872590051981504,5.843102466550209,1.435090686434164
2047-05-17,2047,May,17,137,SSP585,13.235754727981504,4.9977527585502095,1.6113235970771191
2047-05-18,2047,May,18,138,SSP585,13.464640027981504,5.13203213455021,1.6239116621230711
2047-05-19,2047,May,19,139,SSP585,14.087208043981505,6.020107098550209,3.977879825711457
2047-05-20,2047,May,20,140,SSP585,13.702680739981504,5.257156098550209,2.9456584919454305
2047-05-21,2047,May,21,141,SSP585,14.148244123981504,5.498248614550209,1.8379087679038408
2047-05-22,2047,May,22,142,SSP585,14.395440247981504,5.208327234550209,0.5665141982651944
2047-05-23,2047,May,23,143,SSP585,14.679258019981505,7.387315290550209,1.7246161824905046
2047-05-24,2047,May,24,144,SSP585,14.209280203981505,6.572483622550209,3.37365270350697
2047-05-25,2047,May,25,145,SSP585,14.810485591981505,6.004848078550209,1.8504968329497433
2047-05-26,2047,May,26,146,SSP585,15.933549463981503,7.13096375455021,2.7694255813024338
2047-05-27,2047,May,27,147,SSP585,16.543910263981505,7.161481794550209,1.6113235970771191
2047-05-28,2047,May,28,148,SSP585,17.026095295981506,8.49817194655021,2.303667174603137
2047-05-29,2047,May,29,149,SSP585,16.641567991981503,7.46666219455021,2.6687210609350496
2047-05-30,2047,May,30,150,SSP585,17.227514359981505,8.38220339455021,2.4924881502920444
2047-05-31,2047,May,31,151,SSP585,17.471658679981505,7.78710161455021,1.7120281174445529
2048-05-01,2048,May,1,122,SSP585,8.227744363981504,0.8472993185502096,0.8056874341378178
2048-05-02,2048,May,2,123,SSP585,7.776077371981504,0.3223890305502095,2.0141416785467965
2048-05-03,2048,May,3,124,SSP585,9.314186587981505,1.5980431025502095,2.0267297435927483
2048-05-04,2048,May,4,125,SSP585,9.530864671981504,0.8289884945502097,2.0393178086386508
2048-05-05,2048,May,5,126,SSP585,10.009997899981505,2.0527618985502096,1.7246161824905046
2048-05-06,2048,May,6,127,SSP585,10.220572375981504,3.6641144105502095,2.240726849373518
2048-05-07,2048,May,7,128,SSP585,10.702757407981505,2.69974434655021,2.895306231761722
2048-05-08,2048,May,8,129,SSP585,11.267341147981504,3.7159950785502094,2.2155507192816555
2048-05-09,2048,May,9,130,SSP585,11.209356871981505,4.158506658550209,2.7694255813024338
2048-05-10,2048,May,10,131,SSP585,10.199209747981504,4.6467952985502095,3.0589510773587665
2048-05-11,2048,May,11,132,SSP585,9.775008991981505,3.7709275505502093,1.560971336893452
2048-05-12,2048,May,12,133,SSP585,9.668195851981505,3.6000265265502094,3.071539142404677
2048-05-13,2048,May,13,134,SSP585,10.718016427981505,4.88788781455021,3.2225959229558194
2048-05-14,2048,May,14,135,SSP585,10.846192195981505,3.4321773065502095,2.907894296807624
2048-05-15,2048,May,15,136,SSP585,10.666135759981504,2.7394177985502095,0.8938038894592963
2048-05-16,2048,May,16,137,SSP585,10.650876739981504,3.343674990550209,3.3610646384610177
2048-05-17,2048,May,17,138,SSP585,11.526744487981505,4.909250442550209,2.3414313697409024
2048-05-18,2048,May,18,139,SSP585,11.041507651981505,5.202223626550209,3.0589510773587665
2048-05-19,2048,May,19,140,SSP585,11.593884175981504,5.12287672255021,1.9763774834090315
2048-05-20,2048,May,20,141,SSP585,11.841080299981504,4.854317970550209,1.4099145563423097
2048-05-21,2048,May,21,142,SSP585,13.156407823981505,6.2123707505502095,2.7442494512105715
2048-05-22,2048,May,22,143,SSP585,13.934617843981504,6.77390268655021,1.258857775791159
2048-05-23,2048,May,23,144,SSP585,14.865418063981505,7.191999834550209,0.9063919545051987
2048-05-24,2048,May,24,145,SSP585,15.643628083981504,6.364960950550209,0.6420425885407673
2048-05-25,2048,May,25,146,SSP585,16.192952803981505,7.173689010550209,3.3233004433232534
2048-05-26,2048,May,26,147,SSP585,15.353706703981505,6.957010926550209,1.321798101020828
2048-05-27,2048,May,27,148,SSP585,13.952928667981505,6.837990570550209,1.5357952068015976
2048-05-28,2048,May,28,149,SSP585,14.532771427981505,7.59178615855021,2.0393178086386508
2048-05-29,2048,May,29,150,SSP585,14.761656727981505,7.0821348905502095,3.4365930287365893
2048-05-30,2048,May,30,151,SSP585,15.945756679981503,7.11570473455021,0.9819203447807782
2048-05-31,2048,May,31,152,SSP585,17.081027767981503,7.954950834550209,2.6813091259809516
2049-05-01,2049,May,1,121,SSP585,7.708937683981505,-0.19641764944979045,0.8056874341378178
2049-05-02,2049,May,2,122,SSP585,7.596020935981505,1.0487183825502095,2.3666074998327566
2049-05-03,2049,May,3,123,SSP585,8.047687927981505,2.19009307855021,1.2462697107452567
2049-05-04,2049,May,4,124,SSP585,8.539028371981505,2.711951562550209,2.4924881502920444
2049-05-05,2049,May,5,125,SSP585,9.909288367981505,3.0354427865502096,0.8560396943215315
2049-05-06,2049,May,6,126,SSP585,9.952013623981506,2.6753299145502094,1.321798101020828
2049-05-07,2049,May,7,127,SSP585,9.411844315981504,4.268371602550209,2.6183688007513326
2049-05-08,2049,May,8,128,SSP585,9.665144047981505,4.01812367455021,2.1526103940519867
2049-05-09,2049,May,9,129,SSP585,10.144277275981505,4.875680598550209,3.1722436627721025
2049-05-10,2049,May,10,130,SSP585,11.047611259981505,4.72919400655021,3.8645872402981203
2049-05-11,2049,May,11,131,SSP585,12.732207067981506,5.482989594550209,3.147067532680248
2049-05-12,2049,May,12,132,SSP585,12.091328227981505,4.95197569855021,1.6364997271689818
2049-05-13,2049,May,13,133,SSP585,11.783096023981505,3.807549198550209,1.8379087679038408
2049-05-14,2049,May,14,134,SSP585,12.811553971981505,4.863473382550209,2.731661386164669
2049-05-15,2049,May,15,135,SSP585,13.531779715981505,4.167662070550209,1.661675857260836
2049-05-16,2049,May,16,136,SSP585,13.363930495981505,4.854317970550209,1.3721503612045445
2049-05-17,2049,May,17,137,SSP585,14.569393075981505,4.20733552255021,2.0644939387305135
2049-05-18,2049,May,18,138,SSP585,14.013964747981504,5.107617702550209,3.0211868822210097
2049-05-19,2049,May,19,139,SSP585,13.659955483981504,5.382280062550209,1.825320702857889
2049-05-20,2049,May,20,140,SSP585,14.514460603981505,5.53487026255021,1.1833293855156373
2049-05-21,2049,May,21,141,SSP585,15.729078595981505,5.9255011745502095,1.7372042475364071
2049-05-22,2049,May,22,142,SSP585,15.417794587981504,7.515491058550209,1.90084909313346
2049-05-23,2049,May,23,143,SSP585,13.684369915981504,7.600941570550209,2.8323659065321025
2049-05-24,2049,May,24,144,SSP585,13.104527155981504,5.724082110550209,0.8308635642296772
2049-05-25,2049,May,25,145,SSP585,13.186925863981505,4.695624162550209,1.674263922306788
2049-05-26,2049,May,26,146,SSP585,14.816589199981506,5.495196810550209,0.8308635642296772
2049-05-27,2049,May,27,147,SSP585,15.973222915981506,7.01194339855021,2.8449539715780046
2049-05-28,2049,May,28,148,SSP585,15.603954631981505,6.54196558255021,0.868627759367442
2049-05-29,2049,May,29,149,SSP585,15.799270087981505,6.831886962550209,2.3288433046949915
2049-05-30,2049,May,30,150,SSP585,16.611049951981506,7.610096982550209,2.7694255813024338
2049-05-31,2049,May,31,151,SSP585,16.717863091981506,7.47276580255021,1.875672963041606
2050-05-01,2050,May,1,121,SSP585,12.372094195981505,4.07610795055021,1.825320702857889
2050-05-02,2050,May,2,122,SSP585,12.625393927981504,3.529835034550209,2.0393178086386508
2050-05-03,2050,May,3,123,SSP585,13.193029471981506,3.700736058550209,2.3666074998327566
2050-05-04,2050,May,4,124,SSP585,12.314109919981505,4.7108831825502095,2.2910791095572267
2050-05-05,2050,May,5,125,SSP585,12.158467915981504,3.1269969065502092,1.2336816456993542
2050-05-06,2050,May,6,126,SSP585,11.807510455981504,3.8929997105502094,3.6505901345173513
2050-05-07,2050,May,7,127,SSP585,11.938738027981504,4.112729598550209,1.0700368001022516
2050-05-08,2050,May,8,128,SSP585,11.932634419981504,4.14019583455021,1.4225026213882614
2050-05-09,2050,May,9,129,SSP585,11.166631615981505,4.37213293855021,3.0589510773587665
2050-05-10,2050,May,10,130,SSP585,10.974367963981505,3.1392041225502094,3.92752756552774
2050-05-11,2050,May,11,131,SSP585,11.227667695981506,2.0893835465502093,2.0393178086386508
2050-05-12,2050,May,12,132,SSP585,11.969256067981505,3.752616726550209,3.033774947266912
2050-05-13,2050,May,13,133,SSP585,12.631497535981504,3.9387767705502092,2.3162552396490397
2050-05-14,2050,May,14,134,SSP585,13.470743635981504,3.9967610465502093,2.719073321118717
2050-05-15,2050,May,15,135,SSP585,13.693525327981504,5.70577128655021,1.4854429466178807
2050-05-16,2050,May,16,136,SSP585,13.434121987981504,5.5196112425502095,2.303667174603137
2050-05-17,2050,May,17,137,SSP585,14.151295927981504,6.11166121855021,2.9204823618535762
2050-05-18,2050,May,18,138,SSP585,13.965135883981505,5.223586254550209,3.2100078579098676
2050-05-19,2050,May,19,139,SSP585,13.052646487981505,4.817696322550209,1.2840339058830217
2050-05-20,2050,May,20,140,SSP585,12.204244975981505,5.07099605455021,2.2029626542357037
2050-05-21,2050,May,21,141,SSP585,13.266272767981505,5.99874447055021,2.1400223290060842
2050-05-22,2050,May,22,142,SSP585,14.355766795981504,6.8532495905502095,1.560971336893452
2050-05-23,2050,May,23,143,SSP585,14.471735347981504,7.09129030255021,1.1455651903778228
2050-05-24,2050,May,24,144,SSP585,15.225530935981505,6.352753734550209,1.0700368001022516
2050-05-25,2050,May,25,145,SSP585,16.696500463981504,8.10448923055021,4.859044378926333
2050-05-26,2050,May,26,146,SSP585,16.818572623981506,9.004771410550209,2.9834226870831952
2050-05-27,2050,May,27,147,SSP585,16.430993515981505,9.25807114255021,1.661675857260836
2050-05-28,2050,May,28,148,SSP585,16.189900999981504,8.28149386255021,2.2659029794653724
2050-05-29,2050,May,29,149,SSP585,16.846038859981505,8.57446704655021,3.700942394701068
2050-05-30,2050,May,30,150,SSP585,16.962007411981503,8.39441061055021,1.988965548454942
2050-05-31,2050,May,31,151,SSP585,17.398415383981504,7.47581760655021,2.2281387843275664
2051-05-01,2051,May,1,121,SSP585,7.412912695981505,0.3498552665502095,2.1022581338683195
2051-05-02,2051,May,2,122,SSP585,8.258262403981504,0.42615036655020977,2.2281387843275664
2051-05-03,2051,May,3,123,SSP585,8.093464987981505,0.6214658225502097,1.5357952068015976
2051-05-04,2051,May,4,124,SSP585,8.423059819981505,0.6947091185502094,2.3162552396490397
2051-05-05,2051,May,5,125,SSP585,9.988635271981504,3.0690126305502092,2.0519058736846025
2051-05-06,2051,May,6,126,SSP585,10.940798119981505,3.865533474550209,2.542840410475762
2051-05-07,2051,May,7,127,SSP585,10.876710235981506,3.9692948105502097,2.794601711394288
2051-05-08,2051,May,8,128,SSP585,10.284660259981505,2.2328183345502097,2.3162552396490397
2051-05-09,2051,May,9,129,SSP585,10.129018255981505,2.531895126550209,1.560971336893452
2051-05-10,2051,May,10,130,SSP585,10.840088587981505,2.888956194550209,3.247772053047682
2051-05-11,2051,May,11,131,SSP585,10.843140391981505,3.6641144105502095,1.5987355320312169
2051-05-12,2051,May,12,132,SSP585,10.660032151981504,2.2267147265502096,0.8938038894592963
2051-05-13,2051,May,13,133,SSP585,11.874650143981505,4.5308267465502094,2.605780735705381
2051-05-14,2051,May,14,134,SSP585,12.286643683981504,4.683416946550209,2.3162552396490397
2051-05-15,2051,May,15,135,SSP585,12.918367111981505,5.30293315855021,1.5483832718475
2051-05-16,2051,May,16,136,SSP585,13.089268135981504,4.393495566550209,1.2966219709289735
2051-05-17,2051,May,17,137,SSP585,13.370034103981505,4.851266166550209,1.7497923125823591
2051-05-18,2051,May,18,138,SSP585,11.886857359981505,4.2988896425502094,3.7135304597469783
2051-05-19,2051,May,19,139,SSP585,12.109639051981505,4.9947009545502095,1.825320702857889
2051-05-20,2051,May,20,140,SSP585,13.992602119981505,6.068935962550209,3.4240049636906376
2051-05-21,2051,May,21,141,SSP585,15.384224743981505,7.024150614550209,3.6128259393795448
2051-05-22,2051,May,22,142,SSP585,15.155339443981505,8.16857711455021,3.4114168986447266
2051-05-23,2051,May,23,143,SSP585,14.862366259981505,6.673193154550209,2.0644939387305135
2051-05-24,2051,May,24,144,SSP585,13.983446707981505,6.126920238550209,0.7175709788162932
2051-05-25,2051,May,25,145,SSP585,14.972231203981504,6.55112099455021,1.6239116621230711
2051-05-26,2051,May,26,146,SSP585,15.927445855981503,8.26623484255021,2.9834226870831952
2051-05-27,2051,May,27,147,SSP585,14.123829691981504,6.831886962550209,1.875672963041606
2051-05-28,2051,May,28,148,SSP585,13.382241319981505,4.985545542550209,2.580604605613518
2051-05-29,2051,May,29,149,SSP585,13.553142343981504,6.029262510550209,1.9260252232253143
2051-05-30,2051,May,30,150,SSP585,14.374077619981504,6.51449934655021,2.1400223290060842
2051-05-31,2051,May,31,151,SSP585,15.259100779981505,7.140119166550209,2.7442494512105715
2052-05-01,2052,May,1,122,SSP585,9.683454871981505,3.2612762825502095,3.6505901345173513
2052-05-02,2052,May,2,123,SSP585,9.240943291981505,1.7262188705502097,1.560971336893452
2052-05-03,2052,May,3,124,SSP585,8.813690731981504,2.12905699855021,1.2966219709289735
2052-05-04,2052,May,4,125,SSP585,7.9103567479815045,2.6265010505502095,2.9330704268994787
2052-05-05,2052,May,5,126,SSP585,8.938814695981504,3.172773966550209,4.229641126629983
2052-05-06,2052,May,6,127,SSP585,10.104603823981504,3.8228082185502092,2.0393178086386508
2052-05-07,2052,May,7,128,SSP585,10.370110771981505,2.7790912505502092,1.9637894183630795
2052-05-08,2052,May,8,129,SSP585,11.081181103981505,3.578663898550209,2.8197778414861423
2052-05-09,2052,May,9,130,SSP585,11.926530811981504,4.579655610550209,2.9834226870831952
2052-05-10,2052,May,10,131,SSP585,12.338524351981505,4.219542738550209,1.8379087679038408
2052-05-11,2052,May,11,132,SSP585,13.296790807981505,5.5745437145502095,2.0770820037764652
2052-05-12,2052,May,12,133,SSP585,13.650800071981505,5.1137213105502095,1.7497923125823591
2052-05-13,2052,May,13,134,SSP585,13.260169159981505,6.480929502550209,1.107800995240066
2052-05-14,2052,May,14,135,SSP585,11.599987783981504,6.41684161855021,2.3791955648787084
2052-05-15,2052,May,15,136,SSP585,12.610134907981505,5.803429014550209,2.0644939387305135
2052-05-16,2052,May,16,137,SSP585,12.774932323981504,4.503360510550209,1.2966219709289735
2052-05-17,2052,May,17,138,SSP585,12.735258871981504,6.804420726550209,2.6687210609350496
2052-05-18,2052,May,18,139,SSP585,13.293739003981505,6.606053466550209,1.8630848979956953
2052-05-19,2052,May,19,140,SSP585,13.006869427981504,5.785118190550209,3.6002378743336423
2052-05-20,2052,May,20,141,SSP585,13.791183055981504,5.87667231055021,1.1707413204696855
2052-05-21,2052,May,21,142,SSP585,15.100406971981505,7.060772262550209,1.8630848979956953
2052-05-22,2052,May,22,143,SSP585,14.636532763981505,6.87766402255021,1.7623803776282698
2052-05-23,2052,May,23,144,SSP585,15.326240467981505,7.881707538550209,1.5483832718475
2052-05-24,2052,May,24,145,SSP585,15.140080423981505,7.887811146550209,2.4043716949705627
2052-05-25,2052,May,25,146,SSP585,13.977343099981505,7.881707538550209,2.6183688007513326
2052-05-26,2052,May,26,147,SSP585,12.506373571981504,6.3832717745502094,2.9708346220372928
2052-05-27,2052,May,27,148,SSP585,13.632489247981505,7.076031282550209,2.4043716949705627
2052-05-28,2052,May,28,149,SSP585,15.402535567981504,8.72400544255021,2.2533149144194207
2052-05-29,2052,May,29,150,SSP585,16.159382959981503,8.24487221455021,2.0644939387305135
2052-05-30,2052,May,30,151,SSP585,16.150227547981505,7.304916582550209,2.479900085246142
2052-05-31,2052,May,31,152,SSP585,17.038302511981506,9.474749226550209,1.913437158179412
2053-05-01,2053,May,1,121,SSP585,10.266349435981505,1.7018044385502098,2.0644939387305135
2053-05-02,2053,May,2,122,SSP585,10.614255091981505,2.9805103145502096,2.4169597600164736
2053-05-03,2053,May,3,123,SSP585,10.586788855981505,3.230758242550209,1.9637894183630795
2053-05-04,2053,May,4,124,SSP585,12.228659407981505,2.7790912505502092,1.9386132882712663
2053-05-05,2053,May,5,125,SSP585,12.655911967981504,3.639699978550209,2.442135890108328
2053-05-06,2053,May,6,126,SSP585,11.972307871981505,3.282638910550209,4.431050167364843
2053-05-07,2053,May,7,127,SSP585,10.644773131981506,3.5389904465502093,2.442135890108328
2053-05-08,2053,May,8,128,SSP585,9.826889659981505,3.175825770550209,2.001553613500894
2053-05-09,2053,May,9,129,SSP585,9.509502043981504,3.5908711145502092,1.5483832718475
2053-05-10,2053,May,10,130,SSP585,9.713972911981505,2.8614899585502096,3.3610646384610177
2053-05-11,2053,May,11,131,SSP585,10.882813843981504,4.271423406550209,3.2729481831395364
2053-05-12,2053,May,12,132,SSP585,11.975359675981505,5.99874447055021,4.2799933868137
2053-05-13,2053,May,13,133,SSP585,13.910203411981504,7.01499520255021,3.335888508369156
2053-05-14,2053,May,14,134,SSP585,13.638592855981505,5.58980273455021,3.0211868822210097
2053-05-15,2053,May,15,135,SSP585,13.376137711981505,4.851266166550209,2.46731202020019
2053-05-16,2053,May,16,136,SSP585,12.625393927981504,5.06489244655021,1.3092100359748757
2053-05-17,2053,May,17,137,SSP585,14.801330179981505,6.078091374550209,1.2336816456993542
2053-05-18,2053,May,18,138,SSP585,15.762648439981504,6.5053439345502095,1.9260252232253143
2053-05-19,2053,May,19,139,SSP585,15.677197927981506,6.459566874550209,2.0519058736846025
2053-05-20,2053,May,20,140,SSP585,16.733122111981505,7.640615022550209,2.0519058736846025
2053-05-21,2053,May,21,141,SSP585,16.592739127981506,6.66403774255021,1.3721503612045445
2053-05-22,2053,May,22,142,SSP585,15.713819575981503,6.468722286550209,0.4406335478059057
2053-05-23,2053,May,23,143,SSP585,15.689405143981503,7.3110201905502095,2.0393178086386508
2053-05-24,2053,May,24,144,SSP585,14.673154411981505,8.077022994550209,5.840913452508683
2053-05-25,2053,May,25,145,SSP585,13.074009115981506,7.176740814550209,2.8827181667157697
2053-05-26,2053,May,26,146,SSP585,14.316093343981505,6.477877698550209,1.875672963041606
2053-05-27,2053,May,27,147,SSP585,14.483942563981504,6.43210063855021,1.5232071417556459
2053-05-28,2053,May,28,148,SSP585,14.163503143981504,5.482989594550209,2.907894296807624
2053-05-29,2053,May,29,149,SSP585,14.224539223981505,6.51144754255021,2.8197778414861423
2053-05-30,2053,May,30,150,SSP585,15.796218283981506,8.35168535455021,4.179288866446266
2053-05-31,2053,May,31,151,SSP585,16.345543003981504,7.11265293055021,2.0141416785467965
2054-05-01,2054,May,1,121,SSP585,7.2206490439815045,1.0853400305502097,0.5916903283570522
2054-05-02,2054,May,2,122,SSP585,8.993747167981505,3.2032920065502095,2.6687210609350496
2054-05-03,2054,May,3,123,SSP585,9.790268011981505,3.3223123625502096,3.449181093782492
2054-05-04,2054,May,4,124,SSP585,12.243918427981505,3.7892383745502096,2.907894296807624
2054-05-05,2054,May,5,125,SSP585,12.301902703981504,3.2429654585502092,1.2210935806534022
2054-05-06,2054,May,6,126,SSP585,12.759673303981504,3.581715702550209,2.8197778414861423
2054-05-07,2054,May,7,127,SSP585,12.021136735981505,4.500308706550209,2.7820136463483855
2054-05-08,2054,May,8,128,SSP585,10.882813843981504,4.09136697055021,2.2281387843275664
2054-05-09,2054,May,9,129,SSP585,10.980471571981505,3.877740690550209,2.2910791095572267
2054-05-10,2054,May,10,130,SSP585,11.889909163981505,3.575612094550209,2.630956865797235
2054-05-11,2054,May,11,131,SSP585,11.435190367981505,3.920465946550209,1.4099145563423097
2054-05-12,2054,May,12,132,SSP585,10.598996071981505,3.2124474185502097,1.7246161824905046
2054-05-13,2054,May,13,133,SSP585,10.229727787981505,3.68547703855021,2.4924881502920444
2054-05-14,2054,May,14,134,SSP585,10.760741683981506,3.9052069265502096,1.7497923125823591
2054-05-15,2054,May,15,135,SSP585,11.896012771981505,3.7098914705502093,1.7749684426742218
2054-05-16,2054,May,16,136,SSP585,12.878693659981504,4.0120200665502095,1.6239116621230711
2054-05-17,2054,May,17,137,SSP585,13.605023011981505,4.25921619055021,1.5232071417556459
2054-05-18,2054,May,18,138,SSP585,14.663998999981505,5.6935640705502095,2.3162552396490397
2054-05-19,2054,May,19,139,SSP585,14.850159043981504,6.53586197455021,1.913437158179412
2054-05-20,2054,May,20,140,SSP585,14.572444879981505,5.104565898550209,2.0770820037764652
2054-05-21,2054,May,21,141,SSP585,14.075000827981505,4.796333694550209,1.0700368001022516
2054-05-22,2054,May,22,142,SSP585,14.917298731981505,6.63046789855021,1.6113235970771191
2054-05-23,2054,May,23,143,SSP585,16.632412579981505,7.43919595855021,2.7820136463483855
2054-05-24,2054,May,24,144,SSP585,16.278403315981503,7.173689010550209,0.8938038894592963
2054-05-25,2054,May,25,145,SSP585,16.797209995981504,6.3283393025502095,0.9315680845970613
2054-05-26,2054,May,26,146,SSP585,16.797209995981504,6.7861099025502085,1.5357952068015976
2054-05-27,2054,May,27,147,SSP585,18.143055559981505,7.716910122550209,2.870130101669859
2054-05-28,2054,May,28,148,SSP585,17.233617967981505,8.74841987455021,0.8056874341378178
2054-05-29,2054,May,29,149,SSP585,16.986421843981503,9.14820619855021,3.4240049636906376
2054-05-30,2054,May,30,150,SSP585,16.723966699981506,8.68738379455021,2.391783629924611
2054-05-31,2054,May,31,151,SSP585,16.696500463981504,8.14721448655021,1.1959174505615398
2055-05-01,2055,May,1,121,SSP585,11.786147827981505,2.949992274550209,3.1093033375424834
2055-05-02,2055,May,2,122,SSP585,10.595944267981505,3.1514113385502096,3.147067532680248
2055-05-03,2055,May,3,123,SSP585,10.458613087981504,2.81571289855021,3.1848317278180542
2055-05-04,2055,May,4,124,SSP585,9.005954383981505,3.4810061705502093,4.405874037272988
2055-05-05,2055,May,5,125,SSP585,8.334557503981504,2.7851948585502093,3.738706589838833
2055-05-06,2055,May,6,126,SSP585,10.199209747981504,2.0954871545502094,1.3343861660667302
2055-05-07,2055,May,7,127,SSP585,9.713972911981505,2.315217042550209,1.4476787514800664
2055-05-08,2055,May,8,128,SSP585,9.729231931981504,2.373201318550209,3.2729481831395364
2055-05-09,2055,May,9,129,SSP585,11.191046047981505,4.231749954550209,2.442135890108328
2055-05-10,2055,May,10,130,SSP585,11.270392951981504,3.181929378550209,2.4295478250624254
2055-05-11,2055,May,11,131,SSP585,11.996722303981505,4.83905895055021,1.7120281174445529
2055-05-12,2055,May,12,132,SSP585,14.343559579981505,4.518619530550209,1.988965548454942
2055-05-13,2055,May,13,133,SSP585,14.599911115981504,5.138135742550209,3.486945288920306
2055-05-14,2055,May,14,134,SSP585,13.330360651981504,4.903146834550209,2.9708346220372928
2055-05-15,2055,May,15,135,SSP585,12.750517891981504,4.750556634550209,2.4295478250624254
2055-05-16,2055,May,16,136,SSP585,12.439233883981505,4.9977527585502095,2.6561329958890973
2055-05-17,2055,May,17,137,SSP585,13.818649291981504,5.263259706550209,2.996010752129147
2055-05-18,2055,May,18,138,SSP585,13.720991563981505,6.023158902550209,1.7246161824905046
2055-05-19,2055,May,19,139,SSP585,13.592815795981505,6.3863235785502095,2.2281387843275664
2055-05-20,2055,May,20,140,SSP585,14.847107239981504,5.330399394550209,0.8812158244133939
2055-05-21,2055,May,21,141,SSP585,16.357750219981504,6.715918410550209,1.6994400523986424
2055-05-22,2055,May,22,142,SSP585,16.482874183981505,6.97532175055021,1.2085055156074918
2055-05-23,2055,May,23,143,SSP585,16.638516187981505,7.512439254550209,2.7064852560728148
2055-05-24,2055,May,24,144,SSP585,16.342491199981506,7.35069364255021,2.391783629924611
2055-05-25,2055,May,25,145,SSP585,16.342491199981506,7.67723667055021,2.1400223290060842
2055-05-26,2055,May,26,146,SSP585,15.057681715981504,7.10044571455021,2.6183688007513326
2055-05-27,2055,May,27,147,SSP585,14.441217307981505,7.527698274550209,3.0463630123128143
2055-05-28,2055,May,28,148,SSP585,13.849167331981505,6.035366118550209,0.868627759367442
2055-05-29,2055,May,29,149,SSP585,14.511408799981504,5.684408658550209,0.3902812876221905
2055-05-30,2055,May,30,150,SSP585,16.150227547981505,8.675176578550209,2.719073321118717
2055-05-31,2055,May,31,151,SSP585,17.239721575981505,8.412721434550209,3.92752756552774
2056-05-01,2056,May,1,122,SSP585,8.709929395981504,2.7516250145502097,2.3791955648787084
2056-05-02,2056,May,2,123,SSP585,9.665144047981505,2.766884034550209,3.449181093782492
2056-05-03,2056,May,3,124,SSP585,10.263297631981505,3.877740690550209,4.607283078007806
2056-05-04,2056,May,4,125,SSP585,11.398568719981505,3.749564922550209,2.0770820037764652
2056-05-05,2056,May,5,126,SSP585,12.405664039981504,4.213439130550209,1.8127326378119786
2056-05-06,2056,May,6,127,SSP585,13.574504971981504,4.390443762550209,3.6505901345173513
2056-05-07,2056,May,7,128,SSP585,10.812622351981505,4.2988896425502094,3.3610646384610177
2056-05-08,2056,May,8,129,SSP585,11.145268987981504,4.170713874550209,1.888261028087558
2056-05-09,2056,May,9,130,SSP585,11.157476203981505,3.871637082550209,1.435090686434164
2056-05-10,2056,May,10,131,SSP585,10.174795315981505,3.5969747225502093,2.2659029794653724
2056-05-11,2056,May,11,132,SSP585,9.964220839981504,4.6528989065502095,1.8504968329497433
2056-05-12,2056,May,12,133,SSP585,9.930650995981505,4.750556634550209,1.6364997271689818
2056-05-13,2056,May,13,134,SSP585,11.377206091981504,6.358857342550209,2.505076215337947
2056-05-14,2056,May,14,135,SSP585,12.549098827981505,6.8501977865502095,4.481402427548518
2056-05-15,2056,May,15,136,SSP585,15.091251559981504,7.09434210655021,2.6183688007513326
2056-05-16,2056,May,16,137,SSP585,15.484934275981505,7.35374544655021,2.0896700688223677
2056-05-17,2056,May,17,138,SSP585,15.652783495981506,7.11875653855021,1.9637894183630795
2056-05-18,2056,May,18,139,SSP585,15.002749243981505,6.62436429055021,1.1707413204696855
2056-05-19,2056,May,19,140,SSP585,15.817580911981505,6.05672874655021,1.258857775791159
2056-05-20,2056,May,20,141,SSP585,15.799270087981505,6.40768620655021,1.5483832718475
2056-05-21,2056,May,21,142,SSP585,15.137028619981505,7.137067362550209,2.0141416785467965
2056-05-22,2056,May,22,143,SSP585,14.685361627981505,7.274398542550209,1.2085055156074918
2056-05-23,2056,May,23,144,SSP585,13.254065551981505,6.87461221855021,2.0644939387305135
2056-05-24,2056,May,24,145,SSP585,14.490046171981504,6.944803710550209,1.7875565077201243
2056-05-25,2056,May,25,146,SSP585,15.808425499981503,7.32627921055021,1.6364997271689818
2056-05-26,2056,May,26,147,SSP585,16.394371867981505,6.85935319855021,2.9204823618535762
2056-05-27,2056,May,27,148,SSP585,17.096286787981505,7.2011552465502096,3.638002069471399
2056-05-28,2056,May,28,149,SSP585,16.498133203981503,8.81861136655021,2.0393178086386508
2056-05-29,2056,May,29,150,SSP585,16.546962067981504,8.415773238550209,3.965291760665505
2056-05-30,2056,May,30,151,SSP585,17.694440371981504,9.346573458550209,2.1651984590979385
2056-05-31,2056,May,31,152,SSP585,17.547953779981505,8.62024410655021,1.875672963041606
2057-05-01,2057,May,1,121,SSP585,8.325402091981505,0.8778173585502096,2.5931926706594783
2057-05-02,2057,May,2,122,SSP585,9.005954383981505,1.3691578025502096,1.472854881571929
2057-05-03,2057,May,3,123,SSP585,8.551235587981505,2.1504196265502094,2.0141416785467965
2057-05-04,2057,May,4,124,SSP585,8.618375275981505,2.19009307855021,2.1022581338683195
2057-05-05,2057,May,5,125,SSP585,8.630582491981505,2.364045906550209,2.3540194347868546
2057-05-06,2057,May,6,126,SSP585,8.416956211981505,3.1422559265502095,3.260360118093584
2057-05-07,2057,May,7,127,SSP585,10.434198655981504,3.68547703855021,2.568016540567616
2057-05-08,2057,May,8,128,SSP585,11.664075667981505,3.987605634550209,1.4225026213882614
2057-05-09,2057,May,9,129,SSP585,11.630505823981505,3.4169182865502092,2.3791955648787084
2057-05-10,2057,May,10,130,SSP585,12.048602971981504,3.4260736985502094,1.258857775791159
2057-05-11,2057,May,11,131,SSP585,10.910280079981504,3.5573012705502096,1.9386132882712663
2057-05-12,2057,May,12,132,SSP585,11.401620523981505,3.1910847905502093,1.90084909313346
2057-05-13,2057,May,13,133,SSP585,11.200201459981505,3.1300487105502093,0.3776932225762856
2057-05-14,2057,May,14,134,SSP585,11.648816647981505,3.5664566825502098,1.4854429466178807
2057-05-15,2057,May,15,135,SSP585,13.400552143981505,6.51755115055021,3.5624736791958274
2057-05-16,2057,May,16,136,SSP585,13.611126619981505,6.1574382785502095,2.9456584919454305
2057-05-17,2057,May,17,137,SSP585,13.049594683981505,5.797325406550209,3.6883543296551156
2057-05-18,2057,May,18,138,SSP585,12.082172815981504,4.982493738550209,2.580604605613518
2057-05-19,2057,May,19,139,SSP585,12.686430007981505,5.1106695065502095,1.8001445727660266
2057-05-20,2057,May,20,140,SSP585,12.378197803981505,5.571491910550209,1.6113235970771191
2057-05-21,2057,May,21,141,SSP585,12.793243147981505,6.297821262550209,2.794601711394288
2057-05-22,2057,May,22,142,SSP585,13.290687199981505,5.425005318550209,2.240726849373518
2057-05-23,2057,May,23,143,SSP585,13.525676107981505,7.146222774550209,3.0211868822210097
2057-05-24,2057,May,24,144,SSP585,13.757613211981505,7.24388050255021,2.2659029794653724
2057-05-25,2057,May,25,145,SSP585,14.184865771981505,6.694555782550209,1.0322726049644868
2057-05-26,2057,May,26,146,SSP585,14.905091515981505,6.89597484655021,2.2281387843275664
2057-05-27,2057,May,27,147,SSP585,15.002749243981505,8.02819413055021,2.0896700688223677
2057-05-28,2057,May,28,148,SSP585,15.628369063981506,8.16247350655021,2.1651984590979385
2057-05-29,2057,May,29,149,SSP585,16.562221087981506,7.723013730550209,2.303667174603137
2057-05-30,2057,May,30,150,SSP585,16.440148927981504,8.95594254655021,1.397326491296399
2057-05-31,2057,May,31,151,SSP585,15.634472671981506,9.599873190550209,1.825320702857889
2058-05-01,2058,May,1,121,SSP585,10.248038611981505,2.30606163055021,2.1526103940519867
2058-05-02,2058,May,2,122,SSP585,9.274513135981504,1.7964103625502095,1.107800995240066
2058-05-03,2058,May,3,123,SSP585,8.322350287981505,1.5797322785502097,2.4169597600164736
2058-05-04,2058,May,4,124,SSP585,7.873735099981504,0.6825019025502097,2.4924881502920444
2058-05-05,2058,May,5,125,SSP585,7.599072739981505,0.8167812785502095,1.435090686434164
2058-05-06,2058,May,6,126,SSP585,8.792328103981506,1.8482910305502098,3.524709484058063
2058-05-07,2058,May,7,127,SSP585,10.598996071981505,2.7363659945502095,3.310712378277301
2058-05-08,2058,May,8,128,SSP585,11.947893439981504,4.3019414465502095,2.6813091259809516
2058-05-09,2058,May,9,129,SSP585,12.616238515981506,6.297821262550209,3.78905885002255
2058-05-10,2058,May,10,130,SSP585,10.852295803981505,5.367021042550209,1.397326491296399
2058-05-11,2058,May,11,131,SSP585,11.160528007981505,5.5165594385502095,1.5232071417556459
2058-05-12,2058,May,12,132,SSP585,12.131001679981505,6.28561404655021,4.4688143625026076
2058-05-13,2058,May,13,133,SSP585,12.591824083981505,5.30293315855021,3.121891402588394
2058-05-14,2058,May,14,134,SSP585,13.031283859981505,4.036434498550209,1.271445840837111
2058-05-15,2058,May,15,135,SSP585,13.324257043981504,4.869576990550209,1.3595622961585927
2058-05-16,2058,May,16,136,SSP585,12.729155263981506,4.31109685855021,1.6868519873526904
2058-05-17,2058,May,17,137,SSP585,12.756621499981504,3.74346131455021,1.6239116621230711
2058-05-18,2058,May,18,138,SSP585,13.186925863981505,4.527774942550209,1.1959174505615398
2058-05-19,2058,May,19,139,SSP585,14.456476327981505,5.971278234550209,2.2659029794653724
2058-05-20,2058,May,20,140,SSP585,15.384224743981505,7.68028847455021,1.988965548454942
2058-05-21,2058,May,21,141,SSP585,14.993593831981505,6.87766402255021,1.2085055156074918
2058-05-22,2058,May,22,142,SSP585,15.423898195981504,6.74948825455021,2.5931926706594783
2058-05-23,2058,May,23,143,SSP585,15.350654899981505,6.87461221855021,2.1651984590979385
2058-05-24,2058,May,24,144,SSP585,15.365913919981505,6.54806919055021,2.568016540567616
2058-05-25,2058,May,25,145,SSP585,15.753493027981506,7.610096982550209,2.2281387843275664
2058-05-26,2058,May,26,146,SSP585,16.492029595981506,7.973261658550209,4.758339858558949
2058-05-27,2058,May,27,147,SSP585,16.458459751981504,8.37304798255021,6.772430265907277
2058-05-28,2058,May,28,148,SSP585,14.789122963981505,7.67418486655021,3.4995333539662083
2058-05-29,2058,May,29,149,SSP585,14.895936103981505,8.28454566655021,2.719073321118717
2058-05-30,2058,May,30,150,SSP585,15.338447683981505,7.68028847455021,1.5861474669853144
2058-05-31,2058,May,31,151,SSP585,15.854202559981506,7.10044571455021,0.99450840982673006
2059-05-01,2059,May,1,121,SSP585,9.836045071981506,2.0497100945502096,2.3288433046949915
2059-05-02,2059,May,2,122,SSP585,11.294807383981505,3.3772448345502095,1.7875565077201243
2059-05-03,2059,May,3,123,SSP585,11.267341147981504,3.4352291105502095,2.996010752129147
2059-05-04,2059,May,4,124,SSP585,10.394525203981505,2.18093766655021,2.303667174603137
2059-05-05,2059,May,5,125,SSP585,11.432138563981505,3.456591738550209,2.3540194347868546
2059-05-06,2059,May,6,126,SSP585,13.492106263981505,4.02422728255021,2.8197778414861423
2059-05-07,2059,May,7,127,SSP585,13.702680739981504,5.199171822550209,1.4980310116637832
2059-05-08,2059,May,8,128,SSP585,13.400552143981505,4.13714403055021,1.6239116621230711
2059-05-09,2059,May,9,129,SSP585,12.948885151981505,3.291794322550209,0.9567442146889157
2059-05-10,2059,May,10,130,SSP585,13.934617843981504,3.8502744545502097,2.2155507192816555
2059-05-11,2059,May,11,131,SSP585,14.218435615981505,4.7078313785502095,3.3862407685528724
2059-05-12,2059,May,12,132,SSP585,13.745405995981505,5.254104294550209,2.9330704268994787
2059-05-13,2059,May,13,133,SSP585,13.324257043981504,4.286682426550209,2.1777865241438494
2059-05-14,2059,May,14,134,SSP585,13.946825059981505,4.9397684825502095,3.348476573415107
2059-05-15,2059,May,15,135,SSP585,13.235754727981504,3.8533262585502097,1.8504968329497433
2059-05-16,2059,May,16,136,SSP585,12.185934151981504,4.454531646550209,1.888261028087558
2059-05-17,2059,May,17,137,SSP585,12.454492903981505,4.36908113455021,3.3233004433232534
2059-05-18,2059,May,18,138,SSP585,13.965135883981505,5.742392934550209,2.8449539715780046
2059-05-19,2059,May,19,139,SSP585,13.934617843981504,6.929544690550209,2.240726849373518
2059-05-20,2059,May,20,140,SSP585,13.809493879981504,6.725073822550209,2.1777865241438494
2059-05-21,2059,May,21,141,SSP585,14.001757531981506,6.62741609455021,4.204464996538129
2059-05-22,2059,May,22,142,SSP585,14.383233031981504,6.841042374550209,1.3595622961585927
2059-05-23,2059,May,23,143,SSP585,15.191961091981504,5.486041398550209,0.9441561496430132
2059-05-24,2059,May,24,144,SSP585,16.369957435981505,7.80541243855021,2.391783629924611
2059-05-25,2059,May,25,145,SSP585,15.582592003981503,7.70775471055021,2.5176642803838987
2059-05-26,2059,May,26,146,SSP585,16.348594807981506,7.729117338550209,1.6239116621230711
2059-05-27,2059,May,27,147,SSP585,16.403527279981503,8.315063706550209,1.5735594019393542
2059-05-28,2059,May,28,148,SSP585,16.937592979981506,9.83791390255021,1.0952129301941143
2059-05-29,2059,May,29,149,SSP585,17.319068479981503,10.35977238655021,1.7497923125823591
2059-05-30,2059,May,30,150,SSP585,18.634396003981504,11.27531358655021,2.4295478250624254
2059-05-31,2059,May,31,151,SSP585,18.609981571981503,10.20413038255021,1.384738426250447
2060-05-01,2060,May,1,122,SSP585,9.832993267981506,2.3823567305502094,2.7694255813024338
2060-05-02,2060,May,2,123,SSP585,9.948961819981506,1.8391356185502097,1.6239116621230711
2060-05-03,2060,May,3,124,SSP585,10.721068231981505,2.657019090550209,2.4169597600164736
2060-05-04,2060,May,4,125,SSP585,10.309074691981504,2.8675935665502097,1.888261028087558
2060-05-05,2060,May,5,126,SSP585,11.715956335981504,3.6519071945502093,3.801646915068452
2060-05-06,2060,May,6,127,SSP585,11.798355043981505,3.1941365945502094,2.1651984590979385
2060-05-07,2060,May,7,128,SSP585,10.779052507981504,3.04765000255021,3.7764707849765973
2060-05-08,2060,May,8,129,SSP585,11.694593707981504,3.9448803785502093,2.9708346220372928
2060-05-09,2060,May,9,130,SSP585,12.103535443981505,3.0171319625502093,1.8127326378119786
2060-05-10,2060,May,10,131,SSP585,11.386361503981504,3.636648174550209,2.870130101669859
2060-05-11,2060,May,11,132,SSP585,12.173726935981504,4.399599174550209,3.23518398800173
2060-05-12,2060,May,12,133,SSP585,13.171666843981505,4.619329062550209,1.6364997271689818
2060-05-13,2060,May,13,134,SSP585,13.806442075981504,5.52266304655021,1.8127326378119786
2060-05-14,2060,May,14,135,SSP585,12.570461455981505,4.14019583455021,3.6631781995632617
2060-05-15,2060,May,15,136,SSP585,12.729155263981506,5.028270798550209,3.8771753053440228
2060-05-16,2060,May,16,137,SSP585,12.512477179981504,3.80144559055021,1.3595622961585927
2060-05-17,2060,May,17,138,SSP585,13.229651119981504,3.9723466145502098,0.8056874341378178
2060-05-18,2060,May,18,139,SSP585,13.763716819981505,5.64778701055021,3.6631781995632617
2060-05-19,2060,May,19,140,SSP585,13.901047999981504,6.04452153055021,1.8001445727660266
2060-05-20,2060,May,20,141,SSP585,14.010912943981504,5.498248614550209,1.1581532554237748
2060-05-21,2060,May,21,142,SSP585,14.767760335981505,4.857369774550209,1.5861474669853144
2060-05-22,2060,May,22,143,SSP585,15.607006435981504,6.23373337855021,2.3414313697409024
2060-05-23,2060,May,23,144,SSP585,15.204168307981504,7.44224776255021,3.2225959229558194
2060-05-24,2060,May,24,145,SSP585,13.882737175981505,7.55821631455021,2.2910791095572267
2060-05-25,2060,May,25,146,SSP585,14.065845415981505,6.496188522550209,1.6868519873526904
2060-05-26,2060,May,26,147,SSP585,14.609066527981504,7.00278798655021,1.5357952068015976
2060-05-27,2060,May,27,148,SSP585,16.479822379981506,6.929544690550209,1.6994400523986424
2060-05-28,2060,May,28,149,SSP585,15.756544831981504,7.863396714550209,2.1274342639601818
2060-05-29,2060,May,29,150,SSP585,16.046466211981503,8.84607760255021,2.8827181667157697
2060-05-30,2060,May,30,151,SSP585,16.049518015981505,9.25807114255021,2.9330704268994787
2060-05-31,2060,May,31,152,SSP585,15.838943539981504,8.02209052255021,2.4547239551542797
2061-05-01,2061,May,1,121,SSP585,9.442362355981505,2.708899758550209,2.2533149144194207
2061-05-02,2061,May,2,122,SSP585,10.989626983981506,2.431185594550209,1.2966219709289735
2061-05-03,2061,May,3,123,SSP585,12.158467915981504,3.004924746550209,2.542840410475762
2061-05-04,2061,May,4,124,SSP585,11.865494731981505,3.178877574550209,1.397326491296399
2061-05-05,2061,May,5,125,SSP585,11.905168183981505,4.103574186550209,1.4476787514800664
2061-05-06,2061,May,6,126,SSP585,9.442362355981505,2.30606163055021,1.8379087679038408
2061-05-07,2061,May,7,127,SSP585,8.188070911981505,2.5654649705502095,2.001553613500894
2061-05-08,2061,May,8,128,SSP585,8.658048727981505,2.69974434655021,1.7120281174445529
2061-05-09,2061,May,9,129,SSP585,7.553295679981504,1.7628405185502094,1.5735594019393542
2061-05-10,2061,May,10,130,SSP585,8.288780443981505,2.943888666550209,1.321798101020828
2061-05-11,2061,May,11,131,SSP585,9.796371619981505,3.7892383745502096,1.7497923125823591
2061-05-12,2061,May,12,132,SSP585,10.656980347981504,4.37823654655021,3.260360118093584
2061-05-13,2061,May,13,133,SSP585,11.834976691981504,4.677313338550209,2.4547239551542797
2061-05-14,2061,May,14,134,SSP585,12.228659407981505,4.698675966550209,2.7442494512105715
2061-05-15,2061,May,15,135,SSP585,14.078052631981505,4.7627638505502095,1.7623803776282698
2061-05-16,2061,May,16,136,SSP585,14.535823231981505,4.77497106655021,1.6239116621230711
2061-05-17,2061,May,17,137,SSP585,13.629437443981505,4.463687058550209,1.2085055156074918
2061-05-18,2061,May,18,138,SSP585,13.336464259981504,4.4728424705502094,1.888261028087558
2061-05-19,2061,May,19,139,SSP585,14.743345903981504,6.483981306550209,1.0574487350563495
2061-05-20,2061,May,20,140,SSP585,13.376137711981505,7.57042353055021,5.035277289569338
2061-05-21,2061,May,21,141,SSP585,14.102467063981505,7.143170970550209,3.4743572238743545
2061-05-22,2061,May,22,142,SSP585,15.671094319981506,7.390367094550209,2.895306231761722
2061-05-23,2061,May,23,143,SSP585,15.695508751981503,7.741324554550209,1.674263922306788
2061-05-24,2061,May,24,144,SSP585,15.695508751981503,7.09434210655021,2.2533149144194207
2061-05-25,2061,May,25,145,SSP585,16.913178547981506,6.944803710550209,1.0700368001022516
2061-05-26,2061,May,26,146,SSP585,17.428933423981505,8.876595642550209,1.8001445727660266
2061-05-27,2061,May,27,147,SSP585,18.057605047981504,10.08205822255021,2.46731202020019
2061-05-28,2061,May,28,148,SSP585,16.873505095981503,9.18482784655021,2.1526103940519867
2061-05-29,2061,May,29,149,SSP585,15.567332983981505,7.716910122550209,2.2659029794653724
2061-05-30,2061,May,30,150,SSP585,14.688413431981505,6.99058077055021,1.2210935806534022
2061-05-31,2061,May,31,151,SSP585,16.064777035981503,7.44224776255021,1.9512013533171773
2062-05-01,2062,May,1,121,SSP585,8.719084807981504,1.1372206985502096,3.5624736791958274
2062-05-02,2062,May,2,122,SSP585,9.308082979981505,2.0497100945502096,2.555428475521664
2062-05-03,2062,May,3,123,SSP585,10.888917451981504,3.2612762825502095,2.1022581338683195
2062-05-04,2062,May,4,124,SSP585,11.593884175981504,2.2938544145502098,1.321798101020828
2062-05-05,2062,May,5,125,SSP585,9.805527031981505,2.8950598025502092,1.6490877922149336
2062-05-06,2062,May,6,126,SSP585,10.284660259981505,3.8319636305502094,2.2155507192816555
2062-05-07,2062,May,7,127,SSP585,10.260245827981505,4.634588082550209,1.6239116621230711
2062-05-08,2062,May,8,128,SSP585,9.912340171981505,4.6528989065502095,1.2210935806534022
2062-05-09,2062,May,9,129,SSP585,10.513545559981505,4.7627638505502095,3.5750617442417796
2062-05-10,2062,May,10,130,SSP585,11.590832371981504,4.701727770550209,1.9637894183630795
2062-05-11,2062,May,11,131,SSP585,11.349739855981504,4.55524117855021,3.0463630123128143
2062-05-12,2062,May,12,132,SSP585,11.078129299981505,3.819756414550209,2.46731202020019
2062-05-13,2062,May,13,133,SSP585,11.358895267981504,4.527774942550209,1.0952129301941143
2062-05-14,2062,May,14,134,SSP585,12.188985955981504,3.7312540985502096,1.397326491296399
2062-05-15,2062,May,15,135,SSP585,14.340507775981505,5.431108926550209,1.825320702857889
2062-05-16,2062,May,16,136,SSP585,15.317085055981504,6.023158902550209,1.3721503612045445
2062-05-17,2062,May,17,137,SSP585,15.359810311981505,6.123868434550209,1.5861474669853144
2062-05-18,2062,May,18,138,SSP585,15.524607727981504,5.510455830550209,1.6113235970771191
2062-05-19,2062,May,19,139,SSP585,15.573436591981505,5.891931330550209,1.7246161824905046
2062-05-20,2062,May,20,140,SSP585,14.273368087981504,6.74338464655021,3.0589510773587665
2062-05-21,2062,May,21,141,SSP585,13.989550315981505,6.88071582655021,1.6490877922149336
2062-05-22,2062,May,22,142,SSP585,13.867478155981505,6.252044202550209,0.6798067836785298
2062-05-23,2062,May,23,143,SSP585,15.320136859981504,8.650762146550209,1.2966219709289735
2062-05-24,2062,May,24,144,SSP585,15.451364431981506,8.58362245855021,3.78905885002255
2062-05-25,2062,May,25,145,SSP585,14.596859311981504,6.728125626550209,2.6183688007513326
2062-05-26,2062,May,26,146,SSP585,15.387276547981505,6.374116362550209,1.6364997271689818
2062-05-27,2062,May,27,147,SSP585,15.860306167981506,6.9661663385502095,1.2966219709289735
2062-05-28,2062,May,28,148,SSP585,14.865418063981505,6.2734068305502095,0.9567442146889157
2062-05-29,2062,May,29,149,SSP585,16.162434763981505,7.10044571455021,1.7875565077201243
2062-05-30,2062,May,30,150,SSP585,16.363853827981504,8.25402762655021,2.1274342639601818
2062-05-31,2062,May,31,151,SSP585,16.189900999981504,9.578510562550209,4.242229191675935
2063-05-01,2063,May,1,121,SSP585,11.502330055981504,4.289734230550209,4.292581451859602
2063-05-02,2063,May,2,122,SSP585,11.270392951981504,3.7190468825502094,3.524709484058063
2063-05-03,2063,May,3,123,SSP585,10.791259723981504,3.0873234545502095,2.555428475521664
2063-05-04,2063,May,4,124,SSP585,11.694593707981504,3.7404095105502098,2.7064852560728148
2063-05-05,2063,May,5,125,SSP585,10.910280079981504,2.5746203825502096,0.868627759367442
2063-05-06,2063,May,6,126,SSP585,10.821777763981505,2.7943502705502095,1.9386132882712663
2063-05-07,2063,May,7,127,SSP585,11.087284711981505,4.8207481265502095,2.6938971910268625
2063-05-08,2063,May,8,128,SSP585,12.301902703981504,4.43011721455021,1.107800995240066
2063-05-09,2063,May,9,129,SSP585,12.176778739981504,3.3253641665502096,1.397326491296399
2063-05-10,2063,May,10,130,SSP585,13.385293123981505,4.906198638550209,5.135981809936763
2063-05-11,2063,May,11,131,SSP585,13.965135883981505,4.912302246550209,1.4602668165260264
2063-05-12,2063,May,12,132,SSP585,14.349663187981506,6.123868434550209,2.1400223290060842
2063-05-13,2063,May,13,133,SSP585,14.355766795981504,6.581639034550209,3.5121214190121606
2063-05-14,2063,May,14,134,SSP585,13.489054459981505,6.3283393025502095,1.6364997271689818
2063-05-15,2063,May,15,135,SSP585,13.598919403981505,6.181852710550209,2.3791955648787084
2063-05-16,2063,May,16,136,SSP585,14.520564211981505,5.797325406550209,1.435090686434164
2063-05-17,2063,May,17,137,SSP585,16.159382959981503,7.33238281855021,1.8001445727660266
2063-05-18,2063,May,18,138,SSP585,16.559169283981504,7.603993374550209,2.9834226870831952
2063-05-19,2063,May,19,139,SSP585,15.899979619981504,7.82067145855021,2.2029626542357037
2063-05-20,2063,May,20,140,SSP585,14.349663187981506,6.86850861055021,1.397326491296399
2063-05-21,2063,May,21,141,SSP585,15.533763139981506,6.358857342550209,1.913437158179412
2063-05-22,2063,May,22,142,SSP585,17.032198903981506,8.00377969855021,2.3666074998327566
2063-05-23,2063,May,23,143,SSP585,16.650723403981505,8.74231626655021,2.3791955648787084
2063-05-24,2063,May,24,144,SSP585,16.647671599981503,8.83387038655021,2.1274342639601818
2063-05-25,2063,May,25,145,SSP585,16.214315431981504,8.058712170550208,2.2155507192816555
2063-05-26,2063,May,26,146,SSP585,16.885712311981504,7.34459003455021,1.5735594019393542
2063-05-27,2063,May,27,147,SSP585,16.998629059981504,7.23777689455021,1.2336816456993542
2063-05-28,2063,May,28,148,SSP585,18.097278499981506,8.775886110550209,0.9567442146889157
2063-05-29,2063,May,29,149,SSP585,18.402458899981504,8.92542450655021,2.3791955648787084
2063-05-30,2063,May,30,150,SSP585,17.435037031981505,8.45544669055021,3.3233004433232534
2063-05-31,2063,May,31,151,SSP585,18.112537519981505,8.45849849455021,0.793099369091866
2064-05-01,2064,May,1,122,SSP585,9.665144047981505,2.025295662550209,2.001553613500894
2064-05-02,2064,May,2,123,SSP585,9.280616743981504,2.2663881785502094,3.398828833598775
2064-05-03,2064,May,3,124,SSP585,9.527812867981504,2.6783817185502095,2.0393178086386508
2064-05-04,2064,May,4,125,SSP585,8.865571399981505,2.0313992705502093,1.1203890602859685
2064-05-05,2064,May,5,126,SSP585,10.214468767981504,2.360994102550209,3.2729481831395364
2064-05-06,2064,May,6,127,SSP585,11.673231079981505,3.8807924945502092,3.4240049636906376
2064-05-07,2064,May,7,128,SSP585,11.542003507981505,3.575612094550209,1.8630848979956953
2064-05-08,2064,May,8,129,SSP585,12.472803727981505,3.700736058550209,1.8001445727660266
2064-05-09,2064,May,9,130,SSP585,11.978411479981505,5.040478014550209,1.913437158179412
2064-05-10,2064,May,10,131,SSP585,12.365990587981505,5.482989594550209,0.99450840982673006
2064-05-11,2064,May,11,132,SSP585,12.436182079981505,5.0557370345502095,1.6994400523986424
2064-05-12,2064,May,12,133,SSP585,13.147252411981505,4.973338326550209,2.630956865797235
2064-05-13,2064,May,13,134,SSP585,13.748457799981505,4.71393498655021,1.3469742311126902
2064-05-14,2064,May,14,135,SSP585,14.062793611981505,5.916345762550209,3.8268230451603062
2064-05-15,2064,May,15,136,SSP585,13.739302387981505,5.370072846550209,1.2210935806534022
2064-05-16,2064,May,16,137,SSP585,13.589763991981505,5.35786563055021,1.2336816456993542
2064-05-17,2064,May,17,138,SSP585,13.876633567981505,5.678305050550209,1.0574487350563495
2064-05-18,2064,May,18,139,SSP585,14.184865771981505,5.9834854505502095,1.825320702857889
2064-05-19,2064,May,19,140,SSP585,14.685361627981505,5.772910974550209,0.7049829137703875
2064-05-20,2064,May,20,141,SSP585,15.030215479981505,5.65083881455021,0.4658096778977633
2064-05-21,2064,May,21,142,SSP585,15.811477303981505,6.74338464655021,1.9637894183630795
2064-05-22,2064,May,22,143,SSP585,15.726026791981504,7.863396714550209,2.001553613500894
2064-05-23,2064,May,23,144,SSP585,16.269247903981505,7.67723667055021,0.5791022633110994
2064-05-24,2064,May,24,145,SSP585,16.684293247981504,7.81456785055021,1.258857775791159
2064-05-25,2064,May,25,146,SSP585,16.266196099981503,8.427980454550209,1.9637894183630795
2064-05-26,2064,May,26,147,SSP585,17.163426475981506,9.40150593055021,2.6687210609350496
2064-05-27,2064,May,27,148,SSP585,16.382164651981505,8.33947813855021,2.8449539715780046
2064-05-28,2064,May,28,149,SSP585,14.807433787981505,7.512439254550209,1.7120281174445529
2064-05-29,2064,May,29,150,SSP585,14.770812139981505,8.16857711455021,1.7623803776282698
2064-05-30,2064,May,30,151,SSP585,14.975283007981504,7.951899030550209,1.6364997271689818
2064-05-31,2064,May,31,152,SSP585,16.379112847981506,8.995615998550209,1.6994400523986424
2065-05-01,2065,May,1,121,SSP585,12.491114551981505,4.9977527585502095,1.3469742311126902
2065-05-02,2065,May,2,122,SSP585,11.285651971981505,4.14629944255021,2.3414313697409024
2065-05-03,2065,May,3,123,SSP585,11.535899899981505,3.929621358550209,2.0141416785467965
2065-05-04,2065,May,4,124,SSP585,11.737318963981505,4.234801758550209,2.857542036623907
2065-05-05,2065,May,5,125,SSP585,9.509502043981504,2.5044288905502095,3.7135304597469783
2065-05-06,2065,May,6,126,SSP585,8.151449263981505,2.2175593145502095,1.7497923125823591
2065-05-07,2065,May,7,127,SSP585,9.204321643981505,2.888956194550209,2.2029626542357037
2065-05-08,2065,May,8,128,SSP585,11.200201459981505,4.67120973055021,2.895306231761722
2065-05-09,2065,May,9,129,SSP585,9.823837855981505,4.289734230550209,2.9330704268994787
2065-05-10,2065,May,10,130,SSP585,9.356911843981505,3.9052069265502096,2.1651984590979385
2065-05-11,2065,May,11,131,SSP585,9.173803603981504,4.628484474550209,1.4099145563423097
2065-05-12,2065,May,12,132,SSP585,9.292823959981504,3.990657438550209,1.4854429466178807
2065-05-13,2065,May,13,133,SSP585,9.979479859981504,4.1310404225502095,0.8560396943215315
2065-05-14,2065,May,14,134,SSP585,11.572521547981506,5.153394762550209,1.3469742311126902
2065-05-15,2065,May,15,135,SSP585,13.150304215981505,6.28256224255021,1.9260252232253143
2065-05-16,2065,May,16,136,SSP585,13.778975839981504,6.120816630550209,1.875672963041606
2065-05-17,2065,May,17,137,SSP585,13.870529959981505,5.394487278550209,1.2966219709289735
2065-05-18,2065,May,18,138,SSP585,13.470743635981504,6.28866585055021,1.6239116621230711
2065-05-19,2065,May,19,139,SSP585,14.480890759981504,7.607045178550209,1.90084909313346
2065-05-20,2065,May,20,140,SSP585,14.825744611981504,8.24182041055021,2.479900085246142
2065-05-21,2065,May,21,141,SSP585,15.912186835981505,8.58057065455021,2.8827181667157697
2065-05-22,2065,May,22,142,SSP585,16.229574451981506,8.57751885055021,2.11484619891423
2065-05-23,2065,May,23,143,SSP585,16.492029595981506,8.15331809455021,4.342933712043319
2065-05-24,2065,May,24,144,SSP585,15.524607727981504,8.061763974550209,3.398828833598775
2065-05-25,2065,May,25,145,SSP585,16.305869551981505,7.024150614550209,1.384738426250447
2065-05-26,2065,May,26,146,SSP585,17.081027767981503,7.854241302550209,2.0896700688223677
2065-05-27,2065,May,27,147,SSP585,17.071872355981505,9.42897216655021,2.11484619891423
2065-05-28,2065,May,28,148,SSP585,16.131916723981504,9.03528945055021,2.2533149144194207
2065-05-29,2065,May,29,149,SSP585,15.484934275981505,6.841042374550209,1.5232071417556459
2065-05-30,2065,May,30,150,SSP585,15.918290443981505,7.43309235055021,2.5176642803838987
2065-05-31,2065,May,31,151,SSP585,16.714811287981505,7.646718630550209,2.001553613500894
2066-05-01,2066,May,1,121,SSP585,8.676359551981506,4.37213293855021,3.0967152724965317
2066-05-02,2066,May,2,122,SSP585,8.261314207981505,4.30804505455021,3.6002378743336423
2066-05-03,2066,May,3,123,SSP585,9.463724983981505,2.1443160185502093,1.90084909313346
2066-05-04,2066,May,4,124,SSP585,10.376214379981505,1.9215343265502096,2.442135890108328
2066-05-05,2066,May,5,125,SSP585,11.221564087981506,3.578663898550209,1.435090686434164
2066-05-06,2066,May,6,126,SSP585,12.317161723981505,3.9540357905502095,2.580604605613518
2066-05-07,2066,May,7,127,SSP585,12.317161723981505,4.463687058550209,4.556930817824089
2066-05-08,2066,May,8,128,SSP585,9.817734247981505,4.094418774550209,2.442135890108328
2066-05-09,2066,May,9,129,SSP585,10.800415135981504,2.711951562550209,0.9693322797348676
2066-05-10,2066,May,10,130,SSP585,12.283591879981504,4.54608576655021,2.2155507192816555
2066-05-11,2066,May,11,131,SSP585,11.975359675981505,4.8207481265502095,3.3233004433232534
2066-05-12,2066,May,12,132,SSP585,11.770888807981505,5.6355797945502095,2.6813091259809516
2066-05-13,2066,May,13,133,SSP585,12.787139539981505,5.730185718550209,3.1722436627721025
2066-05-14,2066,May,14,134,SSP585,13.690473523981504,5.098462290550209,1.90084909313346
2066-05-15,2066,May,15,135,SSP585,14.068897219981505,4.735297614550209,0.9063919545051987
2066-05-16,2066,May,16,136,SSP585,15.323188663981504,6.480929502550209,2.3666074998327566
2066-05-17,2066,May,17,137,SSP585,14.551082251981505,5.93465658655021,1.3343861660667302
2066-05-18,2066,May,18,138,SSP585,14.004809335981506,5.324295786550209,0.8434516292755794
2066-05-19,2066,May,19,139,SSP585,13.843063723981505,5.150342958550209,0.9441561496430132
2066-05-20,2066,May,20,140,SSP585,15.320136859981504,7.3140719945502095,2.3162552396490397
2066-05-21,2066,May,21,141,SSP585,16.580531911981506,8.073971190550209,2.2029626542357037
2066-05-22,2066,May,22,142,SSP585,16.293662335981505,7.759635378550209,2.1274342639601818
2066-05-23,2066,May,23,143,SSP585,16.150227547981505,6.569431818550209,0.3021648323007128
2066-05-24,2066,May,24,144,SSP585,17.856185983981504,7.646718630550209,1.1581532554237748
2066-05-25,2066,May,25,145,SSP585,19.177617115981505,9.340469850550209,1.5987355320312169
2066-05-26,2066,May,26,146,SSP585,19.256964019981506,9.06275568655021,3.6254140044254966
2066-05-27,2066,May,27,147,SSP585,17.740217431981506,8.95289074255021,2.568016540567616
2066-05-28,2066,May,28,148,SSP585,16.958955607981505,8.38525519855021,2.1651984590979385
2066-05-29,2066,May,29,149,SSP585,16.092243271981506,7.57957894255021,2.7694255813024338
2066-05-30,2066,May,30,150,SSP585,17.651715115981506,8.24487221455021,1.3721503612045445
2066-05-31,2066,May,31,151,SSP585,18.848022283981503,9.31605541855021,1.8630848979956953
2067-05-01,2067,May,1,121,SSP585,9.744490951981504,2.9713549025502095,2.001553613500894
2067-05-02,2067,May,2,122,SSP585,8.728240219981505,1.9947776225502094,1.7246161824905046
2067-05-03,2067,May,3,123,SSP585,9.030368815981504,3.465747150550209,2.46731202020019
2067-05-04,2067,May,4,124,SSP585,9.820786051981505,2.946940470550209,1.9260252232253143
2067-05-05,2067,May,5,125,SSP585,10.086292999981504,4.20123191455021,2.190374589189801
2067-05-06,2067,May,6,126,SSP585,9.857407699981504,4.9977527585502095,2.3162552396490397
2067-05-07,2067,May,7,127,SSP585,11.255133931981504,3.6580108025502094,1.8379087679038408
2067-05-08,2067,May,8,128,SSP585,11.218512283981505,4.61017365055021,1.9260252232253143
2067-05-09,2067,May,9,129,SSP585,11.807510455981504,6.42294522655021,1.825320702857889
2067-05-10,2067,May,10,130,SSP585,12.308006311981504,5.913293958550209,2.2910791095572267
2067-05-11,2067,May,11,131,SSP585,12.314109919981505,4.814644518550209,3.1093033375424834
2067-05-12,2067,May,12,132,SSP585,12.988558603981504,4.4179099985502095,2.1777865241438494
2067-05-13,2067,May,13,133,SSP585,13.663007287981504,6.801368922550209,2.8323659065321025
2067-05-14,2067,May,14,134,SSP585,13.507365283981505,7.878655734550209,3.851999175252169
2067-05-15,2067,May,15,135,SSP585,13.800338467981504,7.536853686550209,2.80718977644024
2067-05-16,2067,May,16,136,SSP585,13.992602119981505,6.41684161855021,3.524709484058063
2067-05-17,2067,May,17,137,SSP585,11.654920255981505,4.6498471025502095,3.121891402588394
2067-05-18,2067,May,18,138,SSP585,12.918367111981505,4.860421578550209,1.9763774834090315
2067-05-19,2067,May,19,139,SSP585,14.093311651981505,6.126920238550209,2.2155507192816555
2067-05-20,2067,May,20,140,SSP585,15.335395879981505,5.70882309055021,3.1093033375424834
2067-05-21,2067,May,21,141,SSP585,14.483942563981504,4.2409053665502094,2.1400223290060842
2067-05-22,2067,May,22,142,SSP585,14.392388443981504,4.7627638505502095,2.8449539715780046
2067-05-23,2067,May,23,143,SSP585,13.745405995981505,5.52266304655021,2.505076215337947
2067-05-24,2067,May,24,144,SSP585,13.370034103981505,4.2470089745502095,1.5357952068015976
2067-05-25,2067,May,25,145,SSP585,13.620282031981505,4.738349418550209,1.2840339058830217
2067-05-26,2067,May,26,146,SSP585,14.612118331981504,5.949915606550209,2.1274342639601818
2067-05-27,2067,May,27,147,SSP585,14.871521671981505,7.027202418550209,1.90084909313346
2067-05-28,2067,May,28,148,SSP585,15.011904655981505,6.120816630550209,1.825320702857889
2067-05-29,2067,May,29,149,SSP585,16.452356143981504,6.926492886550209,1.5861474669853144
2067-05-30,2067,May,30,150,SSP585,17.889755827981503,8.305908294550209,1.9260252232253143
2067-05-31,2067,May,31,151,SSP585,17.529642955981505,8.37915159055021,1.271445840837111
2068-05-01,2068,May,1,122,SSP585,10.006946095981505,3.2551726745502094,2.895306231761722
2068-05-02,2068,May,2,123,SSP585,10.867554823981505,2.2694399825502094,1.3092100359748757
2068-05-03,2068,May,3,124,SSP585,11.853287515981505,3.343674990550209,1.9763774834090315
2068-05-04,2068,May,4,125,SSP585,11.767837003981505,4.460635254550209,1.8001445727660266
2068-05-05,2068,May,5,126,SSP585,12.716948047981505,5.01606358255021,2.1777865241438494
2068-05-06,2068,May,6,127,SSP585,13.592815795981505,5.034374406550209,2.3540194347868546
2068-05-07,2068,May,7,128,SSP585,14.111622475981505,5.29988135455021,2.542840410475762
2068-05-08,2068,May,8,129,SSP585,13.708784347981505,6.029262510550209,0.7301590438622451
2068-05-09,2068,May,9,130,SSP585,13.540935127981506,5.614217166550209,2.870130101669859
2068-05-10,2068,May,10,131,SSP585,13.299842611981505,5.4036426905502095,2.0519058736846025
2068-05-11,2068,May,11,132,SSP585,12.195089563981504,4.158506658550209,1.4980310116637832
2068-05-12,2068,May,12,133,SSP585,13.202184883981504,5.565388302550209,1.875672963041606
2068-05-13,2068,May,13,134,SSP585,13.531779715981505,4.5308267465502094,2.1651984590979385
2068-05-14,2068,May,14,135,SSP585,13.470743635981504,4.89704322655021,2.9330704268994787
2068-05-15,2068,May,15,136,SSP585,12.207296779981505,5.34871021855021,2.9204823618535762
2068-05-16,2068,May,16,137,SSP585,12.323265331981505,4.78107467455021,2.568016540567616
2068-05-17,2068,May,17,138,SSP585,13.357826887981505,6.64267511455021,1.397326491296399
2068-05-18,2068,May,18,139,SSP585,13.327308847981504,6.10860941455021,1.5357952068015976
2068-05-19,2068,May,19,140,SSP585,14.203176595981505,8.26318303855021,3.8771753053440228
2068-05-20,2068,May,20,141,SSP585,13.156407823981505,7.35679725055021,1.2336816456993542
2068-05-21,2068,May,21,142,SSP585,13.818649291981504,6.39242718655021,1.6868519873526904
2068-05-22,2068,May,22,143,SSP585,14.364922207981504,6.76779907855021,3.1344794676343457
2068-05-23,2068,May,23,144,SSP585,15.335395879981505,7.0180470065502085,1.674263922306788
2068-05-24,2068,May,24,145,SSP585,16.321128571981504,8.293701078550209,3.37365270350697
2068-05-25,2068,May,25,146,SSP585,16.669034227981506,7.951899030550209,2.442135890108328
2068-05-26,2068,May,26,147,SSP585,16.852142467981505,8.14721448655021,2.2155507192816555
2068-05-27,2068,May,27,148,SSP585,16.043414407981505,7.57652713855021,2.1777865241438494
2068-05-28,2068,May,28,149,SSP585,15.106510579981505,7.295761170550209,3.1093033375424834
2068-05-29,2068,May,29,150,SSP585,15.884720599981506,8.60803689055021,2.0393178086386508
2068-05-30,2068,May,30,151,SSP585,16.583583715981504,9.27943377055021,2.870130101669859
2068-05-31,2068,May,31,152,SSP585,16.000689151981504,7.91222557855021,2.7442494512105715
2069-05-01,2069,May,1,121,SSP585,10.458613087981504,3.0995306705502097,2.0770820037764652
2069-05-02,2069,May,2,122,SSP585,10.238883199981505,3.581715702550209,2.580604605613518
2069-05-03,2069,May,3,123,SSP585,10.125966451981505,3.2185510265502097,1.1707413204696855
2069-05-04,2069,May,4,124,SSP585,11.615246803981504,4.20428371855021,1.435090686434164
2069-05-05,2069,May,5,125,SSP585,10.306022887981504,4.115781402550209,1.5987355320312169
2069-05-06,2069,May,6,126,SSP585,10.345696339981505,4.25006077855021,1.3092100359748757
2069-05-07,2069,May,7,127,SSP585,10.559322619981504,5.64473520655021,2.8827181667157697
2069-05-08,2069,May,8,128,SSP585,11.157476203981505,6.0994540025502095,3.700942394701068
2069-05-09,2069,May,9,129,SSP585,11.068973887981505,5.6905122665502095,4.204464996538129
2069-05-10,2069,May,10,130,SSP585,11.303962795981505,5.12592852655021,3.1722436627721025
2069-05-11,2069,May,11,131,SSP585,11.490122839981504,4.817696322550209,2.80718977644024
2069-05-12,2069,May,12,132,SSP585,13.028232055981505,5.836998858550209,1.1455651903778228
2069-05-13,2069,May,13,133,SSP585,14.084156239981505,6.52670656255021,2.1400223290060842
2069-05-14,2069,May,14,134,SSP585,14.663998999981505,7.869500322550209,1.2462697107452567
2069-05-15,2069,May,15,135,SSP585,14.474787151981504,7.35374544655021,2.391783629924611
2069-05-16,2069,May,16,136,SSP585,13.513468891981505,6.493136718550209,3.121891402588394
2069-05-17,2069,May,17,137,SSP585,14.267264479981504,6.197111730550209,1.9763774834090315
2069-05-18,2069,May,18,138,SSP585,14.828796415981504,6.1543864745502095,1.661675857260836
2069-05-19,2069,May,19,139,SSP585,14.673154411981505,5.861413290550209,1.4225026213882614
2069-05-20,2069,May,20,140,SSP585,15.454416235981505,6.294769458550209,3.5121214190121606
2069-05-21,2069,May,21,141,SSP585,15.762648439981504,6.957010926550209,2.303667174603137
2069-05-22,2069,May,22,142,SSP585,15.472727059981505,7.22251787455021,2.3162552396490397
2069-05-23,2069,May,23,143,SSP585,15.829788127981505,8.064815778550209,1.5232071417556459
2069-05-24,2069,May,24,144,SSP585,15.881668795981504,8.49512014255021,1.8127326378119786
2069-05-25,2069,May,25,145,SSP585,15.527659531981506,8.33642633455021,3.8771753053440228
2069-05-26,2069,May,26,146,SSP585,14.795226571981505,8.537845398550209,2.719073321118717
2069-05-27,2069,May,27,147,SSP585,15.524607727981504,8.15636989855021,1.3721503612045445
2069-05-28,2069,May,28,148,SSP585,16.080036055981505,8.656865754550209,2.5302523454298096
2069-05-29,2069,May,29,149,SSP585,16.299765943981505,9.340469850550209,2.3162552396490397
2069-05-30,2069,May,30,150,SSP585,16.943696587981506,8.876595642550209,2.2281387843275664
2069-05-31,2069,May,31,151,SSP585,17.038302511981506,9.685323702550209,2.479900085246142
2070-05-01,2070,May,1,121,SSP585,10.663083955981504,1.5827840825502097,1.913437158179412
2070-05-02,2070,May,2,122,SSP585,10.919435491981504,2.0924353505502093,4.330345646997417
2070-05-03,2070,May,3,123,SSP585,10.199209747981504,2.0985389585502094,2.505076215337947
2070-05-04,2070,May,4,124,SSP585,12.027240343981505,3.993709242550209,2.2533149144194207
2070-05-05,2070,May,5,125,SSP585,11.239874911981504,4.393495566550209,4.204464996538129
2070-05-06,2070,May,6,126,SSP585,11.102543731981505,5.373124650550209,1.6994400523986424
2070-05-07,2070,May,7,127,SSP585,11.584728763981504,3.8380672385502095,2.6813091259809516
2070-05-08,2070,May,8,128,SSP585,12.802398559981505,4.4179099985502095,2.1274342639601818
2070-05-09,2070,May,9,129,SSP585,13.818649291981504,5.1717055865502095,4.179288866446266
2070-05-10,2070,May,10,130,SSP585,14.575496683981505,5.35481382655021,2.0267297435927483
2070-05-11,2070,May,11,131,SSP585,15.478830667981505,5.87972411455021,1.8127326378119786
2070-05-12,2070,May,12,132,SSP585,15.738234007981504,6.071987766550209,1.4476787514800664
2070-05-13,2070,May,13,133,SSP585,14.673154411981505,6.142179258550209,2.542840410475762
2070-05-14,2070,May,14,134,SSP585,15.060733519981504,5.8064808185502095,0.9189800195511506
2070-05-15,2070,May,15,135,SSP585,14.404595659981505,6.477877698550209,2.7442494512105715
2070-05-16,2070,May,16,136,SSP585,14.801330179981505,7.54906090255021,2.7064852560728148
2070-05-17,2070,May,17,137,SSP585,14.374077619981504,7.12486014655021,2.5176642803838987
2070-05-18,2070,May,18,138,SSP585,14.944764967981504,7.054668654550209,2.240726849373518
2070-05-19,2070,May,19,139,SSP585,13.858322743981505,5.1106695065502095,1.258857775791159
2070-05-20,2070,May,20,140,SSP585,14.926454143981505,7.188948030550209,2.1274342639601818
2070-05-21,2070,May,21,141,SSP585,15.252997171981505,8.22656139055021,2.0896700688223677
2070-05-22,2070,May,22,142,SSP585,14.761656727981505,6.6152088785502094,1.8630848979956953
2070-05-23,2070,May,23,143,SSP585,14.828796415981504,5.8064808185502095,1.384738426250447
2070-05-24,2070,May,24,144,SSP585,15.091251559981504,6.2734068305502095,2.190374589189801
2070-05-25,2070,May,25,145,SSP585,16.055621623981505,6.64267511455021,1.6113235970771191
2070-05-26,2070,May,26,146,SSP585,17.532694759981506,8.00072789455021,1.2966219709289735
2070-05-27,2070,May,27,147,SSP585,18.616085179981503,8.01293511055021,0.6168664584489097
2070-05-28,2070,May,28,148,SSP585,18.497064823981503,9.99355590655021,2.3162552396490397
2070-05-29,2070,May,29,149,SSP585,19.717786423981504,10.31704713055021,1.0574487350563495
2070-05-30,2070,May,30,150,SSP585,19.357673551981506,11.01591024655021,2.4169597600164736
2070-05-31,2070,May,31,151,SSP585,17.712751195981504,9.85012111855021,2.3791955648787084
2071-05-01,2071,May,1,121,SSP585,9.936754603981505,2.5074806945502095,2.3666074998327566
2071-05-02,2071,May,2,122,SSP585,10.254142219981505,2.879800782550209,2.555428475521664
2071-05-03,2071,May,3,123,SSP585,10.678342975981504,2.8584381545502096,1.4225026213882614
2071-05-04,2071,May,4,124,SSP585,11.755629787981505,4.158506658550209,0.5665141982651944
2071-05-05,2071,May,5,125,SSP585,13.971239491981505,5.919397566550209,2.568016540567616
2071-05-06,2071,May,6,126,SSP585,15.005801047981505,6.300873066550209,1.3343861660667302
2071-05-07,2071,May,7,127,SSP585,15.121769599981505,7.967158050550209,2.958246556991341
2071-05-08,2071,May,8,128,SSP585,16.067828839981505,7.277450346550209,2.0770820037764652
2071-05-09,2071,May,9,129,SSP585,15.991533739981506,7.301864778550209,2.9456584919454305
2071-05-10,2071,May,10,130,SSP585,15.014956459981505,7.32627921055021,1.661675857260836
2071-05-11,2071,May,11,131,SSP585,15.301826035981504,7.57652713855021,2.505076215337947
2071-05-12,2071,May,12,132,SSP585,15.271307995981505,5.861413290550209,2.8827181667157697
2071-05-13,2071,May,13,133,SSP585,15.445260823981506,6.136075650550209,1.4980310116637832
2071-05-14,2071,May,14,134,SSP585,15.890824207981506,7.066875870550209,1.6490877922149336
2071-05-15,2071,May,15,135,SSP585,16.351646611981504,7.81761965455021,2.0267297435927483
2071-05-16,2071,May,16,136,SSP585,16.485925987981506,8.68433199055021,1.8379087679038408
2071-05-17,2071,May,17,137,SSP585,16.882660507981505,9.04444486255021,2.3666074998327566
2071-05-18,2071,May,18,138,SSP585,15.188909287981504,6.8532495905502095,3.147067532680248
2071-05-19,2071,May,19,139,SSP585,14.117726083981506,7.036357830550209,2.6687210609350496
2071-05-20,2071,May,20,140,SSP585,15.625317259981504,8.440187670550209,1.9637894183630795
2071-05-21,2071,May,21,141,SSP585,15.726026791981504,8.36084076655021,2.9834226870831952
2071-05-22,2071,May,22,142,SSP585,14.813537395981506,8.15636989855021,2.5176642803838987
2071-05-23,2071,May,23,143,SSP585,15.149235835981505,7.78710161455021,4.733163728467094
2071-05-24,2071,May,24,144,SSP585,15.195012895981504,6.65183052655021,1.1455651903778228
2071-05-25,2071,May,25,145,SSP585,16.272299707981503,7.47276580255021,2.6938971910268625
2071-05-26,2071,May,26,146,SSP585,15.069888931981504,7.390367094550209,2.3540194347868546
2071-05-27,2071,May,27,147,SSP585,13.547038735981504,6.807472530550209,4.128936606262558
2071-05-28,2071,May,28,148,SSP585,14.401543855981505,7.58568255055021,3.285536248185439
2071-05-29,2071,May,29,149,SSP585,16.156331155981505,8.061763974550209,1.107800995240066
2071-05-30,2071,May,30,150,SSP585,16.232626255981504,8.17162891855021,0.793099369091866
2071-05-31,2071,May,31,151,SSP585,17.380104559981504,9.706686330550209,1.9637894183630795
2072-05-01,2072,May,1,122,SSP585,10.736327251981505,3.3284159705502097,2.794601711394288
2072-05-02,2072,May,2,123,SSP585,10.873658431981506,3.932673162550209,2.9834226870831952
2072-05-03,2072,May,3,124,SSP585,11.725111747981504,3.9021551225502096,1.4980310116637832
2072-05-04,2072,May,4,125,SSP585,12.005877715981505,4.42706541055021,2.3666074998327566
2072-05-05,2072,May,5,126,SSP585,11.075077495981505,4.48504968655021,3.071539142404677
2072-05-06,2072,May,6,127,SSP585,11.065922083981505,3.7282022945502096,3.23518398800173
2072-05-07,2072,May,7,128,SSP585,11.435190367981505,3.9418285745502093,2.1777865241438494
2072-05-08,2072,May,8,129,SSP585,11.389413307981505,4.005916458550209,2.1651984590979385
2072-05-09,2072,May,9,130,SSP585,11.392465111981505,4.811592714550209,1.913437158179412
2072-05-10,2072,May,10,131,SSP585,11.880753751981505,6.41073801055021,1.9260252232253143
2072-05-11,2072,May,11,132,SSP585,11.966204263981504,4.30804505455021,3.2981243132313907
2072-05-12,2072,May,12,133,SSP585,12.314109919981505,4.689520554550209,2.7820136463483855
2072-05-13,2072,May,13,134,SSP585,12.723051655981505,5.5165594385502095,2.6561329958890973
2072-05-14,2072,May,14,135,SSP585,12.738310675981504,6.17574910255021,1.8001445727660266
2072-05-15,2072,May,15,136,SSP585,13.128941587981505,5.495196810550209,1.1581532554237748
2072-05-16,2072,May,16,137,SSP585,14.239798243981504,5.82479164255021,1.3343861660667302
2072-05-17,2072,May,17,138,SSP585,14.355766795981504,7.176740814550209,1.4099145563423097
2072-05-18,2072,May,18,139,SSP585,14.554134055981505,6.54806919055021,2.442135890108328
2072-05-19,2072,May,19,140,SSP585,14.883728887981505,6.3893753825502095,1.988965548454942
2072-05-20,2072,May,20,141,SSP585,15.140080423981505,6.54196558255021,1.674263922306788
2072-05-21,2072,May,21,142,SSP585,16.800261799981506,6.16049008255021,0.7427471089081508
2072-05-22,2072,May,22,143,SSP585,17.508280327981506,8.27844205855021,2.7442494512105715
2072-05-23,2072,May,23,144,SSP585,16.360802023981506,7.56737172655021,3.37365270350697
2072-05-24,2072,May,24,145,SSP585,14.749449511981505,6.606053466550209,1.0700368001022516
2072-05-25,2072,May,25,146,SSP585,15.637524475981504,6.068935962550209,1.674263922306788
2072-05-26,2072,May,26,147,SSP585,16.284506923981503,8.092282014550209,2.3666074998327566
2072-05-27,2072,May,27,148,SSP585,14.996645635981505,8.412721434550209,3.58764980928769
2072-05-28,2072,May,28,149,SSP585,15.091251559981504,8.02209052255021,1.5106190767097352
2072-05-29,2072,May,29,150,SSP585,16.513392223981505,9.44728299055021,1.1581532554237748
2072-05-30,2072,May,30,151,SSP585,16.098346879981506,9.66090927055021,1.7372042475364071
2072-05-31,2072,May,31,152,SSP585,16.537806655981505,10.24075203055021,2.0770820037764652
2073-05-01,2073,May,1,121,SSP585,13.827804703981505,4.89704322655021,3.008598817175058
2073-05-02,2073,May,2,122,SSP585,14.776915747981505,5.23274166655021,3.260360118093584
2073-05-03,2073,May,3,123,SSP585,15.057681715981504,5.23884527455021,1.3595622961585927
2073-05-04,2073,May,4,124,SSP585,12.497218159981506,4.167662070550209,3.4995333539662083
2073-05-05,2073,May,5,125,SSP585,13.925462431981504,5.41279810255021,1.4602668165260264
2073-05-06,2073,May,6,126,SSP585,15.875565187981504,6.41989342255021,1.4854429466178807
2073-05-07,2073,May,7,127,SSP585,14.972231203981504,5.397539082550209,4.204464996538129
2073-05-08,2073,May,8,128,SSP585,14.398492051981505,5.556232890550209,2.7820136463483855
2073-05-09,2073,May,9,129,SSP585,13.840011919981505,5.559284694550209,2.505076215337947
2073-05-10,2073,May,10,130,SSP585,13.421914771981506,6.74643645055021,2.542840410475762
2073-05-11,2073,May,11,131,SSP585,13.409707555981505,6.65793413455021,2.8323659065321025
2073-05-12,2073,May,12,132,SSP585,14.194021183981505,5.736289326550209,1.7120281174445529
2073-05-13,2073,May,13,133,SSP585,14.645688175981505,6.685400370550209,2.4295478250624254
2073-05-14,2073,May,14,134,SSP585,13.614178423981505,6.471774090550209,0.868627759367442
2073-05-15,2073,May,15,135,SSP585,15.039370891981505,8.061763974550209,3.7135304597469783
2073-05-16,2073,May,16,136,SSP585,14.749449511981505,7.622304198550209,4.0534082159870275
2073-05-17,2073,May,17,137,SSP585,16.131916723981504,7.384263486550209,1.0574487350563495
2073-05-18,2073,May,18,138,SSP585,16.125813115981504,7.985468874550209,1.8001445727660266
2073-05-19,2073,May,19,139,SSP585,16.400475475981505,8.61719230255021,2.568016540567616
2073-05-20,2073,May,20,140,SSP585,15.481882471981503,7.91832918655021,1.4854429466178807
2073-05-21,2073,May,21,141,SSP585,14.477838955981504,7.069927674550209,1.3595622961585927
2073-05-22,2073,May,22,142,SSP585,14.026171963981504,5.58064732255021,1.6239116621230711
2073-05-23,2073,May,23,143,SSP585,14.834900023981504,6.029262510550209,1.913437158179412
2073-05-24,2073,May,24,144,SSP585,17.996568967981506,8.211302370550209,1.9512013533171773
2073-05-25,2073,May,25,145,SSP585,18.210195247981506,8.97730517455021,1.7749684426742218
2073-05-26,2073,May,26,146,SSP585,17.493021307981504,8.092282014550209,2.8197778414861423
2073-05-27,2073,May,27,147,SSP585,19.375984375981506,9.76467060655021,2.1274342639601818
2073-05-28,2073,May,28,148,SSP585,18.902954755981504,11.22953652655021,2.731661386164669
2073-05-29,2073,May,29,149,SSP585,17.563212799981503,9.245863926550209,2.6813091259809516
2073-05-30,2073,May,30,150,SSP585,17.801253511981503,9.828758490550209,3.8142349801144038
2073-05-31,2073,May,31,151,SSP585,18.265127719981503,11.189863074550209,3.801646915068452
2074-05-01,2074,May,1,121,SSP585,12.570461455981505,5.626424382550209,2.3414313697409024
2074-05-02,2074,May,2,122,SSP585,13.174718647981505,4.750556634550209,3.033774947266912
2074-05-03,2074,May,3,123,SSP585,13.131993391981505,4.585759218550209,4.368109842135182
2074-05-04,2074,May,4,124,SSP585,12.808502167981505,3.7343059025502097,3.4743572238743545
2074-05-05,2074,May,5,125,SSP585,12.430078471981505,3.2490690665502093,1.5735594019393542
2074-05-06,2074,May,6,126,SSP585,12.185934151981504,4.4148581945502094,2.479900085246142
2074-05-07,2074,May,7,127,SSP585,13.208288491981504,4.918405854550209,2.555428475521664
2074-05-08,2074,May,8,128,SSP585,14.960023987981504,5.278518726550209,3.524709484058063
2074-05-09,2074,May,9,129,SSP585,13.876633567981505,5.553181086550209,4.5695188828700415
2074-05-10,2074,May,10,130,SSP585,12.866486443981504,4.67120973055021,1.384738426250447
2074-05-11,2074,May,11,131,SSP585,12.964144171981506,3.9723466145502098,0.99450840982673006
2074-05-12,2074,May,12,132,SSP585,11.758681591981505,4.219542738550209,1.472854881571929
2074-05-13,2074,May,13,133,SSP585,14.001757531981506,4.573552002550209,1.321798101020828
2074-05-14,2074,May,14,134,SSP585,15.210271915981505,6.795265314550209,1.6113235970771191
2074-05-15,2074,May,15,135,SSP585,15.005801047981505,7.5978897665502085,2.605780735705381
2074-05-16,2074,May,16,136,SSP585,15.207220111981504,7.613148786550209,1.9260252232253143
2074-05-17,2074,May,17,137,SSP585,16.318076767981506,7.22862148255021,2.2910791095572267
2074-05-18,2074,May,18,138,SSP585,17.853134179981506,8.26928664655021,2.6561329958890973
2074-05-19,2074,May,19,139,SSP585,17.874496807981505,9.53273350255021,2.1022581338683195
2074-05-20,2074,May,20,140,SSP585,17.190892711981505,10.10036904655021,1.5735594019393542
2074-05-21,2074,May,21,141,SSP585,16.461511555981506,10.176664146550209,3.8771753053440228
2074-05-22,2074,May,22,142,SSP585,16.919282155981506,10.58560588255021,3.1848317278180542
2074-05-23,2074,May,23,143,SSP585,17.035250707981504,10.173612342550209,1.3595622961585927
2074-05-24,2074,May,24,144,SSP585,16.745329327981505,8.73621265855021,1.8630848979956953
2074-05-25,2074,May,25,145,SSP585,17.251928791981506,9.248915730550209,1.2336816456993542
2074-05-26,2074,May,26,146,SSP585,18.176625403981504,9.251967534550209,1.560971336893452
2074-05-27,2074,May,27,147,SSP585,16.873505095981503,8.12280005455021,2.0519058736846025
2074-05-28,2074,May,28,148,SSP585,17.163426475981506,8.48596473055021,2.2029626542357037
2074-05-29,2074,May,29,149,SSP585,17.090183179981505,9.370987890550209,4.947160834247856
2074-05-30,2074,May,30,150,SSP585,17.166478279981504,9.78603323455021,2.794601711394288
2074-05-31,2074,May,31,151,SSP585,16.461511555981506,8.92847631055021,3.335888508369156
2075-05-01,2075,May,1,121,SSP585,14.560237663981505,6.813576138550209,3.3233004433232534
2075-05-02,2075,May,2,122,SSP585,14.017016551981504,6.337494714550209,1.9763774834090315
2075-05-03,2075,May,3,123,SSP585,13.119786175981504,6.026210706550209,1.913437158179412
2075-05-04,2075,May,4,124,SSP585,13.254065551981505,5.214430842550209,1.8504968329497433
2075-05-05,2075,May,5,125,SSP585,13.522624303981505,6.51755115055021,3.977879825711457
2075-05-06,2075,May,6,126,SSP585,11.963152459981504,4.561344786550209,1.3092100359748757
2075-05-07,2075,May,7,127,SSP585,12.649808359981504,4.509464118550209,0.9189800195511506
2075-05-08,2075,May,8,128,SSP585,14.441217307981505,6.841042374550209,2.542840410475762
2075-05-09,2075,May,9,129,SSP585,13.000765819981504,7.301864778550209,3.335888508369156
2075-05-10,2075,May,10,130,SSP585,13.269324571981505,5.482989594550209,1.5987355320312169
2075-05-11,2075,May,11,131,SSP585,14.221487419981505,5.64473520655021,2.630956865797235
2075-05-12,2075,May,12,132,SSP585,14.371025815981504,6.77390268655021,2.9204823618535762
2075-05-13,2075,May,13,133,SSP585,12.787139539981505,5.394487278550209,2.5176642803838987
2075-05-14,2075,May,14,134,SSP585,13.543986931981504,5.272415118550209,2.0267297435927483
2075-05-15,2075,May,15,135,SSP585,14.947816771981504,5.919397566550209,1.7623803776282698
2075-05-16,2075,May,16,136,SSP585,14.078052631981505,5.214430842550209,1.875672963041606
2075-05-17,2075,May,17,137,SSP585,14.001757531981506,6.023158902550209,1.8504968329497433
2075-05-18,2075,May,18,138,SSP585,14.392388443981504,5.913293958550209,1.5357952068015976
2075-05-19,2075,May,19,139,SSP585,14.956972183981504,7.866448518550209,2.895306231761722
2075-05-20,2075,May,20,140,SSP585,14.291678911981505,5.888879526550209,1.988965548454942
2075-05-21,2075,May,21,141,SSP585,14.432061895981505,6.181852710550209,2.11484619891423
2075-05-22,2075,May,22,142,SSP585,15.625317259981504,6.728125626550209,2.2281387843275664
2075-05-23,2075,May,23,143,SSP585,16.214315431981504,8.27539025455021,3.9023514354358855
2075-05-24,2075,May,24,144,SSP585,16.681241443981506,6.74033284255021,1.7497923125823591
2075-05-25,2075,May,25,145,SSP585,16.534754851981504,7.24082869855021,2.542840410475762
2075-05-26,2075,May,26,146,SSP585,16.635464383981503,8.17162891855021,1.9512013533171773
2075-05-27,2075,May,27,147,SSP585,16.614101755981505,7.55821631455021,2.1400223290060842
2075-05-28,2075,May,28,148,SSP585,17.297705851981505,7.747428162550209,1.5483832718475
2075-05-29,2075,May,29,149,SSP585,17.505228523981504,9.03528945055021,1.8127326378119786
2075-05-30,2075,May,30,150,SSP585,18.551997295981504,9.25807114255021,1.1455651903778228
2075-05-31,2075,May,31,151,SSP585,18.628292395981504,8.321167314550209,2.0896700688223677
2076-05-01,2076,May,1,122,SSP585,10.119862843981505,3.4810061705502093,1.9763774834090315
2076-05-02,2076,May,2,123,SSP585,9.918443779981505,3.227706438550209,1.0826248651482036
2076-05-03,2076,May,3,124,SSP585,11.935686223981504,4.83600714655021,1.9763774834090315
2076-05-04,2076,May,4,125,SSP585,12.665067379981505,4.95502750255021,2.7568375162565233
2076-05-05,2076,May,5,126,SSP585,12.167623327981504,3.1971883985502094,2.4043716949705627
2076-05-06,2076,May,6,127,SSP585,13.074009115981506,4.72003859455021,1.0448606700104388
2076-05-07,2076,May,7,128,SSP585,13.376137711981505,4.84211075455021,1.397326491296399
2076-05-08,2076,May,8,129,SSP585,14.966127595981504,5.327347590550209,2.0141416785467965
2076-05-09,2076,May,9,130,SSP585,15.622265455981506,6.331391106550209,1.1581532554237748
2076-05-10,2076,May,10,131,SSP585,15.756544831981504,6.346650126550209,2.1400223290060842
2076-05-11,2076,May,11,132,SSP585,15.942704875981505,7.512439254550209,2.1274342639601818
2076-05-12,2076,May,12,133,SSP585,16.080036055981505,8.11059283855021,2.9204823618535762
2076-05-13,2076,May,13,134,SSP585,17.081027767981503,8.766730698550209,3.121891402588394
2076-05-14,2076,May,14,135,SSP585,16.327232179981504,7.12791195055021,1.5357952068015976
2076-05-15,2076,May,15,136,SSP585,16.348594807981506,7.01499520255021,4.116348541216648
2076-05-16,2076,May,16,137,SSP585,17.642559703981505,8.324219118550209,2.278491044511275
2076-05-17,2076,May,17,138,SSP585,17.773787275981505,8.775886110550209,3.78905885002255
2076-05-18,2076,May,18,139,SSP585,17.676129547981503,8.51343096655021,4.317757581951465
2076-05-19,2076,May,19,140,SSP585,16.946748391981505,9.15430980655021,2.3791955648787084
2076-05-20,2076,May,20,141,SSP585,16.617153559981503,9.682271898550209,2.80718977644024
2076-05-21,2076,May,21,142,SSP585,16.614101755981505,10.34756517055021,2.9456584919454305
2076-05-22,2076,May,22,143,SSP585,15.735182203981505,9.685323702550209,2.605780735705381
2076-05-23,2076,May,23,144,SSP585,15.484934275981505,10.872475458550209,5.211510200212293
2076-05-24,2076,May,24,145,SSP585,16.629360775981503,10.43301568255021,2.8827181667157697
2076-05-25,2076,May,25,146,SSP585,15.930497659981505,10.039332966550209,1.7372042475364071
2076-05-26,2076,May,26,147,SSP585,15.967119307981505,9.016978626550209,0.7427471089081508
2076-05-27,2076,May,27,148,SSP585,16.171590175981503,8.96509795855021,1.6490877922149336
2076-05-28,2076,May,28,149,SSP585,17.419778011981506,9.20313867055021,1.7497923125823591
2076-05-29,2076,May,29,150,SSP585,18.719846515981505,10.31704713055021,3.335888508369156
2076-05-30,2076,May,30,151,SSP585,18.756468163981506,10.09121363455021,3.5624736791958274
2076-05-31,2076,May,31,152,SSP585,18.954835423981503,8.56531163455021,3.3233004433232534
2077-05-01,2077,May,1,121,SSP585,13.144200607981505,2.8065574865502096,0.41545741771404815
2077-05-02,2077,May,2,122,SSP585,13.128941587981505,5.12592852655021,1.4854429466178807
2077-05-03,2077,May,3,123,SSP585,12.143208895981505,4.4209618025502095,2.2029626542357037
2077-05-04,2077,May,4,124,SSP585,12.256125643981505,5.205275430550209,2.190374589189801
2077-05-05,2077,May,5,125,SSP585,11.322273619981505,5.12287672255021,2.568016540567616
2077-05-06,2077,May,6,126,SSP585,11.416879543981505,5.1686537825502095,1.5861474669853144
2077-05-07,2077,May,7,127,SSP585,12.539943415981504,6.145231062550209,2.240726849373518
2077-05-08,2077,May,8,128,SSP585,13.656903679981506,6.64267511455021,2.9708346220372928
2077-05-09,2077,May,9,129,SSP585,15.280463407981506,8.067867582550209,2.391783629924611
2077-05-10,2077,May,10,130,SSP585,15.106510579981505,8.51037916255021,2.1777865241438494
2077-05-11,2077,May,11,131,SSP585,14.877625279981505,6.700659390550209,2.46731202020019
2077-05-12,2077,May,12,132,SSP585,15.811477303981505,8.70874642255021,2.3288433046949915
2077-05-13,2077,May,13,133,SSP585,15.216375523981505,8.431032258550209,1.1329771253319205
2077-05-14,2077,May,14,134,SSP585,14.581600291981506,8.39135880655021,2.0896700688223677
2077-05-15,2077,May,15,135,SSP585,16.583583715981504,7.735220946550209,2.0141416785467965
2077-05-16,2077,May,16,136,SSP585,16.150227547981505,7.82372326255021,3.4995333539662083
2077-05-17,2077,May,17,137,SSP585,16.794158191981506,9.18787965055021,1.913437158179412
2077-05-18,2077,May,18,138,SSP585,16.403527279981503,6.9631145345502095,0.7553351739541027
2077-05-19,2077,May,19,139,SSP585,18.371940859981503,7.69554749455021,2.0393178086386508
2077-05-20,2077,May,20,140,SSP585,18.286490347981506,8.876595642550209,2.9330704268994787
2077-05-21,2077,May,21,141,SSP585,16.675137835981506,7.765738986550209,1.2336816456993542
2077-05-22,2077,May,22,142,SSP585,16.275351511981505,7.82677506655021,2.907894296807624
2077-05-23,2077,May,23,143,SSP585,16.266196099981503,8.38220339455021,1.988965548454942
2077-05-24,2077,May,24,144,SSP585,17.364845539981506,7.997676090550209,1.321798101020828
2077-05-25,2077,May,25,145,SSP585,17.560160995981505,9.41676495055021,2.3288433046949915
2077-05-26,2077,May,26,146,SSP585,17.737165627981504,8.80030054255021,2.555428475521664
2077-05-27,2077,May,27,147,SSP585,17.212255339981503,9.29774459455021,2.190374589189801
2077-05-28,2077,May,28,148,SSP585,15.753493027981506,8.97730517455021,2.240726849373518
2077-05-29,2077,May,29,149,SSP585,15.829788127981505,8.070919386550209,2.4043716949705627
2077-05-30,2077,May,30,150,SSP585,17.932481083981504,9.706686330550209,2.4295478250624254
2077-05-31,2077,May,31,151,SSP585,19.101322015981506,9.84401751055021,3.6128259393795448
2078-05-01,2078,May,1,121,SSP585,10.592892463981505,2.3854085345502094,2.719073321118717
2078-05-02,2078,May,2,122,SSP585,10.559322619981504,4.1310404225502095,3.348476573415107
2078-05-03,2078,May,3,123,SSP585,12.079121011981504,4.13714403055021,2.11484619891423
2078-05-04,2078,May,4,124,SSP585,13.711836151981505,5.455523358550209,2.5931926706594783
2078-05-05,2078,May,5,125,SSP585,12.600979495981505,4.82990353855021,2.4924881502920444
2078-05-06,2078,May,6,126,SSP585,12.253073839981505,3.7953419825502097,4.204464996538129
2078-05-07,2078,May,7,127,SSP585,12.948885151981505,4.30804505455021,2.2281387843275664
2078-05-08,2078,May,8,128,SSP585,12.079121011981504,4.845162558550209,4.7835159886508025
2078-05-09,2078,May,9,129,SSP585,11.764785199981505,5.01606358255021,2.9456584919454305
2078-05-10,2078,May,10,130,SSP585,11.984515087981505,4.115781402550209,2.0393178086386508
2078-05-11,2078,May,11,131,SSP585,13.470743635981504,5.23579347055021,0.8812158244133939
2078-05-12,2078,May,12,132,SSP585,13.293739003981505,4.8787324025502095,2.5302523454298096
2078-05-13,2078,May,13,133,SSP585,13.379189515981505,5.06184064255021,2.630956865797235
2078-05-14,2078,May,14,134,SSP585,13.778975839981504,5.36396923855021,2.907894296807624
2078-05-15,2078,May,15,135,SSP585,14.252005459981504,7.298812974550209,1.0700368001022516
2078-05-16,2078,May,16,136,SSP585,14.560237663981505,7.149274578550209,2.3540194347868546
2078-05-17,2078,May,17,137,SSP585,15.252997171981505,7.21946607055021,3.5372975491040144
2078-05-18,2078,May,18,138,SSP585,15.848098951981505,7.979365266550209,3.965291760665505
2078-05-19,2078,May,19,139,SSP585,15.268256191981505,8.03429773855021,3.6631781995632617
2078-05-20,2078,May,20,140,SSP585,14.148244123981504,8.13805907455021,3.4365930287365893
2078-05-21,2078,May,21,141,SSP585,13.782027643981504,6.64877872255021,1.674263922306788
2078-05-22,2078,May,22,142,SSP585,14.245901851981504,5.36396923855021,0.5287500031274313
2078-05-23,2078,May,23,143,SSP585,15.744337615981504,7.878655734550209,3.6631781995632617
2078-05-24,2078,May,24,144,SSP585,15.350654899981505,8.48901653455021,2.9204823618535762
2078-05-25,2078,May,25,145,SSP585,14.239798243981504,7.161481794550209,2.857542036623907
2078-05-26,2078,May,26,146,SSP585,15.658887103981506,7.655874042550209,1.8379087679038408
2078-05-27,2078,May,27,147,SSP585,17.282446831981506,7.6619776505502095,2.0644939387305135
2078-05-28,2078,May,28,148,SSP585,17.587627231981504,8.418825042550209,2.8449539715780046
2078-05-29,2078,May,29,149,SSP585,18.255972307981505,9.010875018550209,2.907894296807624
2078-05-30,2078,May,30,150,SSP585,19.180668919981503,9.15125800255021,1.988965548454942
2078-05-31,2078,May,31,151,SSP585,18.506220235981505,9.41981675455021,2.0141416785467965
2079-05-01,2079,May,1,121,SSP585,9.759749971981504,2.8553863505502095,1.90084909313346
2079-05-02,2079,May,2,122,SSP585,9.884873935981505,3.2521208705502094,3.197419792863965
2079-05-03,2079,May,3,123,SSP585,11.337532639981506,3.633596370550209,1.0196845399185843
2079-05-04,2079,May,4,124,SSP585,12.744414283981504,4.5888110225502095,1.1707413204696855
2079-05-05,2079,May,5,125,SSP585,13.150304215981505,4.8268517345502095,1.9637894183630795
2079-05-06,2079,May,6,126,SSP585,15.350654899981505,6.465670482550209,1.9637894183630795
2079-05-07,2079,May,7,127,SSP585,14.807433787981505,7.271346738550209,3.9527036956196024
2079-05-08,2079,May,8,128,SSP585,14.697568843981506,7.253035914550209,1.888261028087558
2079-05-09,2079,May,9,129,SSP585,14.471735347981504,5.64778701055021,3.348476573415107
2079-05-10,2079,May,10,130,SSP585,14.383233031981504,5.81258442655021,3.6128259393795448
2079-05-11,2079,May,11,131,SSP585,14.691465235981505,6.950907318550209,3.851999175252169
2079-05-12,2079,May,12,132,SSP585,14.529719623981505,7.033306026550209,4.984925029385621
2079-05-13,2079,May,13,133,SSP585,15.683301535981506,7.00583979055021,3.851999175252169
2079-05-14,2079,May,14,134,SSP585,15.225530935981505,7.530750078550209,2.0141416785467965
2079-05-15,2079,May,15,135,SSP585,15.579540199981505,7.887811146550209,3.348476573415107
2079-05-16,2079,May,16,136,SSP585,16.751432935981505,8.00072789455021,1.8630848979956953
2079-05-17,2079,May,17,137,SSP585,16.324180375981506,8.186887938550209,0.9315680845970613
2079-05-18,2079,May,18,138,SSP585,16.409630887981503,8.70264281455021,3.1093033375424834
2079-05-19,2079,May,19,139,SSP585,15.613110043981504,9.218397690550209,2.0267297435927483
2079-05-20,2079,May,20,140,SSP585,14.609066527981504,10.22244120655021,4.921984704156001
2079-05-21,2079,May,21,141,SSP585,17.248876987981504,9.26722655455021,1.7623803776282698
2079-05-22,2079,May,22,142,SSP585,17.447244247981505,7.994624286550209,2.555428475521664
2079-05-23,2079,May,23,143,SSP585,16.070880643981504,7.32933101455021,1.4854429466178807
2079-05-24,2079,May,24,144,SSP585,16.434045319981504,8.40356602255021,2.3791955648787084
2079-05-25,2079,May,25,145,SSP585,17.538798367981506,8.907113682550209,2.1526103940519867
2079-05-26,2079,May,26,146,SSP585,18.371940859981503,9.712789938550209,1.7623803776282698
2079-05-27,2079,May,27,147,SSP585,17.477762287981506,9.28858918255021,2.9456584919454305
2079-05-28,2079,May,28,148,SSP585,16.785002779981504,9.30079639855021,2.6938971910268625
2079-05-29,2079,May,29,149,SSP585,16.781950975981506,9.691427310550209,2.442135890108328
2079-05-30,2079,May,30,150,SSP585,16.134968527981506,9.18177604255021,2.7064852560728148
2079-05-31,2079,May,31,151,SSP585,16.028155387981506,7.988520678550209,3.0589510773587665
2080-05-01,2080,May,1,122,SSP585,13.373085907981505,5.397539082550209,2.3162552396490397
2080-05-02,2080,May,2,123,SSP585,12.454492903981505,4.8268517345502095,1.4476787514800664
2080-05-03,2080,May,3,124,SSP585,11.740370767981505,5.06489244655021,3.6002378743336423
2080-05-04,2080,May,4,125,SSP585,11.725111747981504,5.153394762550209,2.0519058736846025
2080-05-05,2080,May,5,126,SSP585,11.624402215981505,5.0526852305502095,2.958246556991341
2080-05-06,2080,May,6,127,SSP585,11.181890635981505,4.002864654550209,2.8323659065321025
2080-05-07,2080,May,7,128,SSP585,10.916383687981504,4.628484474550209,1.5483832718475
2080-05-08,2080,May,8,129,SSP585,11.999774107981505,4.6498471025502095,1.825320702857889
2080-05-09,2080,May,9,130,SSP585,13.171666843981505,5.449419750550209,2.4043716949705627
2080-05-10,2080,May,10,131,SSP585,12.927522523981505,5.852257878550209,1.913437158179412
2080-05-11,2080,May,11,132,SSP585,13.162511431981505,7.34153823055021,3.23518398800173
2080-05-12,2080,May,12,133,SSP585,14.465631739981506,7.90001836255021,1.988965548454942
2080-05-13,2080,May,13,134,SSP585,14.331352363981505,8.46460210255021,2.4169597600164736
2080-05-14,2080,May,14,135,SSP585,14.007861139981504,7.484973018550209,1.1959174505615398
2080-05-15,2080,May,15,136,SSP585,14.258109067981504,7.765738986550209,2.001553613500894
2080-05-16,2080,May,16,137,SSP585,14.377129423981504,6.932596494550209,0.9819203447807782
2080-05-17,2080,May,17,138,SSP585,15.039370891981505,7.32322740655021,1.6364997271689818
2080-05-18,2080,May,18,139,SSP585,14.291678911981505,6.322235694550209,2.001553613500894
2080-05-19,2080,May,19,140,SSP585,14.361870403981504,7.292709366550209,3.197419792863965
2080-05-20,2080,May,20,141,SSP585,13.714887955981505,7.32933101455021,3.5121214190121606
2080-05-21,2080,May,21,142,SSP585,12.011981323981505,6.87461221855021,3.524709484058063
2080-05-22,2080,May,22,143,SSP585,12.692533615981505,6.575535426550209,1.90084909313346
2080-05-23,2080,May,23,144,SSP585,13.366982299981505,6.087246786550209,1.875672963041606
2080-05-24,2080,May,24,145,SSP585,13.666059091981504,5.836998858550209,1.9637894183630795
2080-05-25,2080,May,25,146,SSP585,15.616161847981505,8.073971190550209,2.303667174603137
2080-05-26,2080,May,26,147,SSP585,16.553065675981504,8.28149386255021,2.4547239551542797
2080-05-27,2080,May,27,148,SSP585,17.395363579981506,9.361832478550209,2.2155507192816555
2080-05-28,2080,May,28,149,SSP585,17.224462555981503,9.44117938255021,1.560971336893452
2080-05-29,2080,May,29,150,SSP585,17.670025939981503,9.08411831455021,1.472854881571929
2080-05-30,2080,May,30,151,SSP585,18.274283131981505,9.39845412655021,1.0826248651482036
2080-05-31,2080,May,31,152,SSP585,18.136951951981505,9.95998606255021,2.731661386164669
2081-05-01,2081,May,1,121,SSP585,11.236823107981504,4.448428038550209,2.8827181667157697
2081-05-02,2081,May,2,122,SSP585,12.561306043981505,3.816704610550209,2.505076215337947
2081-05-03,2081,May,3,123,SSP585,13.736250583981505,5.87972411455021,3.1093033375424834
2081-05-04,2081,May,4,124,SSP585,13.296790807981505,5.376176454550209,2.391783629924611
2081-05-05,2081,May,5,125,SSP585,13.983446707981505,5.843102466550209,2.46731202020019
2081-05-06,2081,May,6,126,SSP585,14.697568843981506,7.1950516385502095,2.3791955648787084
2081-05-07,2081,May,7,127,SSP585,13.113682567981504,5.47993779055021,1.8127326378119786
2081-05-08,2081,May,8,128,SSP585,14.691465235981505,6.194059926550209,1.2085055156074918
2081-05-09,2081,May,9,129,SSP585,15.710767771981505,6.834938766550209,1.384738426250447
2081-05-10,2081,May,10,130,SSP585,14.828796415981504,6.694555782550209,2.190374589189801
2081-05-11,2081,May,11,131,SSP585,14.526667819981505,6.804420726550209,2.6687210609350496
2081-05-12,2081,May,12,132,SSP585,15.588695611981503,6.477877698550209,2.9834226870831952
2081-05-13,2081,May,13,133,SSP585,15.796218283981506,8.45849849455021,4.4688143625026076
2081-05-14,2081,May,14,134,SSP585,14.935609555981504,7.631459610550209,1.7120281174445529
2081-05-15,2081,May,15,135,SSP585,15.399483763981504,7.8939147545502095,1.90084909313346
2081-05-16,2081,May,16,136,SSP585,16.373009239981506,7.503283842550209,1.5861474669853144
2081-05-17,2081,May,17,137,SSP585,17.895859435981503,7.878655734550209,1.0448606700104388
2081-05-18,2081,May,18,138,SSP585,17.883652219981506,8.318115510550209,2.555428475521664
2081-05-19,2081,May,19,139,SSP585,17.859237787981506,7.970209854550209,2.3414313697409024
2081-05-20,2081,May,20,140,SSP585,18.402458899981504,8.56836343855021,2.0267297435927483
2081-05-21,2081,May,21,141,SSP585,16.937592979981506,8.12890366255021,3.1093033375424834
2081-05-22,2081,May,22,142,SSP585,17.413674403981506,9.14820619855021,2.542840410475762
2081-05-23,2081,May,23,143,SSP585,16.952851999981505,8.22350958655021,1.7749684426742218
2081-05-24,2081,May,24,144,SSP585,17.270239615981506,8.766730698550209,2.240726849373518
2081-05-25,2081,May,25,145,SSP585,17.554057387981505,9.020030430550209,2.731661386164669
2081-05-26,2081,May,26,146,SSP585,18.497064823981503,10.36892779855021,2.8449539715780046
2081-05-27,2081,May,27,147,SSP585,19.131840055981506,10.76566231855021,2.6687210609350496
2081-05-28,2081,May,28,148,SSP585,18.814452439981505,10.179715950550209,2.895306231761722
2081-05-29,2081,May,29,149,SSP585,17.831771551981504,8.67822838255021,2.505076215337947
2081-05-30,2081,May,30,150,SSP585,19.211186959981504,9.08411831455021,2.0770820037764652
2081-05-31,2081,May,31,151,SSP585,19.894791055981504,10.99759942255021,3.348476573415107
2082-05-01,2082,May,1,121,SSP585,12.802398559981505,4.460635254550209,2.0644939387305135
2082-05-02,2082,May,2,122,SSP585,12.433130275981505,3.0415463945502097,1.5232071417556459
2082-05-03,2082,May,3,123,SSP585,12.887849071981504,4.097470578550209,1.8127326378119786
2082-05-04,2082,May,4,124,SSP585,14.255057263981504,5.428057122550209,2.4043716949705627
2082-05-05,2082,May,5,125,SSP585,14.450372719981505,5.35786563055021,3.6631781995632617
2082-05-06,2082,May,6,126,SSP585,13.751509603981505,5.23274166655021,1.4476787514800664
2082-05-07,2082,May,7,127,SSP585,12.958040563981505,4.811592714550209,2.4043716949705627
2082-05-08,2082,May,8,128,SSP585,12.854279227981504,6.245940594550209,4.091172411124793
2082-05-09,2082,May,9,129,SSP585,12.542995219981504,6.075039570550209,1.5735594019393542
2082-05-10,2082,May,10,130,SSP585,13.376137711981505,6.7342292345502095,2.3288433046949915
2082-05-11,2082,May,11,131,SSP585,13.324257043981504,6.66403774255021,1.2840339058830217
2082-05-12,2082,May,12,132,SSP585,12.890900875981504,8.086178406550209,2.3288433046949915
2082-05-13,2082,May,13,133,SSP585,13.650800071981505,7.295761170550209,1.2210935806534022
2082-05-14,2082,May,14,134,SSP585,14.233694635981506,7.188948030550209,1.9512013533171773
2082-05-15,2082,May,15,135,SSP585,14.764708531981505,7.31712379855021,2.1777865241438494
2082-05-16,2082,May,16,136,SSP585,15.426949999981506,8.559208026550209,1.9763774834090315
2082-05-17,2082,May,17,137,SSP585,15.173650267981504,7.3659526625502085,2.555428475521664
2082-05-18,2082,May,18,138,SSP585,15.024111871981505,7.46666219455021,1.2966219709289735
2082-05-19,2082,May,19,139,SSP585,15.936601267981505,8.01903871855021,2.80718977644024
2082-05-20,2082,May,20,140,SSP585,15.256048975981505,8.070919386550209,3.6254140044254966
2082-05-21,2082,May,21,141,SSP585,15.365913919981505,8.11974825055021,2.505076215337947
2082-05-22,2082,May,22,142,SSP585,15.475778863981503,8.431032258550209,0.9567442146889157
2082-05-23,2082,May,23,143,SSP585,16.055621623981505,6.703711194550209,1.5987355320312169
2082-05-24,2082,May,24,144,SSP585,17.282446831981506,8.63245132255021,1.8379087679038408
2082-05-25,2082,May,25,145,SSP585,17.593730839981504,9.120739962550209,3.3862407685528724
2082-05-26,2082,May,26,146,SSP585,17.309913067981505,9.54494071855021,1.90084909313346
2082-05-27,2082,May,27,147,SSP585,16.952851999981505,10.274321874550209,3.033774947266912
2082-05-28,2082,May,28,148,SSP585,17.450296051981503,11.03422107055021,2.907894296807624
2082-05-29,2082,May,29,149,SSP585,17.721906607981506,9.477801030550209,2.4169597600164736
2082-05-30,2082,May,30,150,SSP585,17.795149903981503,9.31910722255021,1.6490877922149336
2082-05-31,2082,May,31,151,SSP585,18.710691103981503,8.58057065455021,1.321798101020828
2083-05-01,2083,May,1,121,SSP585,11.093388319981505,4.576603806550209,1.2336816456993542
2083-05-02,2083,May,2,122,SSP585,12.561306043981505,4.13409222655021,2.3666074998327566
2083-05-03,2083,May,3,123,SSP585,13.257117355981505,5.65389061855021,2.7568375162565233
2083-05-04,2083,May,4,124,SSP585,12.646756555981504,5.13203213455021,3.2100078579098676
2083-05-05,2083,May,5,125,SSP585,11.569469743981506,4.912302246550209,3.285536248185439
2083-05-06,2083,May,6,126,SSP585,11.593884175981504,4.38128835055021,3.37365270350697
2083-05-07,2083,May,7,127,SSP585,11.966204263981504,5.01606358255021,1.913437158179412
2083-05-08,2083,May,8,128,SSP585,11.880753751981505,4.564396590550209,2.0141416785467965
2083-05-09,2083,May,9,129,SSP585,13.339516063981504,6.294769458550209,2.3288433046949915
2083-05-10,2083,May,10,130,SSP585,13.510417087981505,7.0851866945502096,1.3721503612045445
2083-05-11,2083,May,11,131,SSP585,13.385293123981505,6.11166121855021,0.8938038894592963
2083-05-12,2083,May,12,132,SSP585,13.110630763981504,5.81868803455021,4.305169516905555
2083-05-13,2083,May,13,133,SSP585,14.056690003981505,5.663046030550209,2.46731202020019
2083-05-14,2083,May,14,134,SSP585,14.337455971981505,5.449419750550209,1.5735594019393542
2083-05-15,2083,May,15,135,SSP585,15.143132227981505,6.026210706550209,1.888261028087558
2083-05-16,2083,May,16,136,SSP585,16.229574451981506,6.606053466550209,1.825320702857889
2083-05-17,2083,May,17,137,SSP585,15.744337615981504,7.44835137055021,1.875672963041606
2083-05-18,2083,May,18,138,SSP585,15.561229375981505,7.90917377455021,1.888261028087558
2083-05-19,2083,May,19,139,SSP585,16.275351511981505,8.24487221455021,4.166700801400364
2083-05-20,2083,May,20,140,SSP585,16.089191467981504,8.33337453055021,3.7261185247929305
2083-05-21,2083,May,21,141,SSP585,15.469675255981503,8.16247350655021,2.555428475521664
2083-05-22,2083,May,22,142,SSP585,15.854202559981506,8.11974825055021,2.80718977644024
2083-05-23,2083,May,23,143,SSP585,15.237738151981505,8.13500727055021,1.8127326378119786
2083-05-24,2083,May,24,144,SSP585,15.710767771981505,8.93457991855021,1.397326491296399
2083-05-25,2083,May,25,145,SSP585,16.836883447981506,9.07801470655021,0.7175709788162932
2083-05-26,2083,May,26,146,SSP585,17.789046295981503,9.85012111855021,1.4476787514800664
2083-05-27,2083,May,27,147,SSP585,17.981309947981504,9.90810539455021,2.240726849373518
2083-05-28,2083,May,28,148,SSP585,17.691388567981505,10.43606748655021,3.700942394701068
2083-05-29,2083,May,29,149,SSP585,17.493021307981504,9.32521083055021,2.1274342639601818
2083-05-30,2083,May,30,150,SSP585,18.262075915981505,10.21328579455021,3.1848317278180542
2083-05-31,2083,May,31,151,SSP585,18.417717919981506,10.179715950550209,4.07858434607889
2084-05-01,2084,May,1,122,SSP585,13.959032275981505,3.3864002465502097,1.6113235970771191
2084-05-02,2084,May,2,123,SSP585,13.934617843981504,4.5918628265502095,0.4406335478059057
2084-05-03,2084,May,3,124,SSP585,14.248953655981504,4.72003859455021,1.107800995240066
2084-05-04,2084,May,4,125,SSP585,14.911195123981505,6.465670482550209,2.0770820037764652
2084-05-05,2084,May,5,126,SSP585,14.407647463981505,5.836998858550209,2.9834226870831952
2084-05-06,2084,May,6,127,SSP585,14.291678911981505,5.736289326550209,2.643544930843187
2084-05-07,2084,May,7,128,SSP585,15.423898195981504,6.16964549455021,2.0896700688223677
2084-05-08,2084,May,8,129,SSP585,15.323188663981504,6.22762977055021,1.90084909313346
2084-05-09,2084,May,9,130,SSP585,15.750441223981504,5.9224493705502095,0.8812158244133939
2084-05-10,2084,May,10,131,SSP585,15.903031423981506,7.32627921055021,1.7749684426742218
2084-05-11,2084,May,11,132,SSP585,16.687345051981506,6.953959122550209,1.1329771253319205
2084-05-12,2084,May,12,133,SSP585,17.163426475981506,7.67113306255021,2.0267297435927483
2084-05-13,2084,May,13,134,SSP585,15.619213651981504,6.252044202550209,2.857542036623907
2084-05-14,2084,May,14,135,SSP585,15.503245099981505,6.239836986550209,3.0211868822210097
2084-05-15,2084,May,15,136,SSP585,14.895936103981505,7.00278798655021,4.4688143625026076
2084-05-16,2084,May,16,137,SSP585,15.680249731981505,7.146222774550209,2.2029626542357037
2084-05-17,2084,May,17,138,SSP585,16.107502291981504,6.960062730550209,3.1848317278180542
2084-05-18,2084,May,18,139,SSP585,16.437097123981506,7.066875870550209,2.6183688007513326
2084-05-19,2084,May,19,140,SSP585,18.512323843981505,7.964106246550209,2.0770820037764652
2084-05-20,2084,May,20,141,SSP585,18.228506071981506,7.729117338550209,1.2966219709289735
2084-05-21,2084,May,21,142,SSP585,18.466546783981503,9.709738134550209,2.3540194347868546
2084-05-22,2084,May,22,143,SSP585,17.773787275981505,8.769782502550209,2.643544930843187
2084-05-23,2084,May,23,144,SSP585,17.895859435981503,8.82166317055021,3.0589510773587665
2084-05-24,2084,May,24,145,SSP585,17.914170259981503,8.989512390550209,0.99450840982673006
2084-05-25,2084,May,25,146,SSP585,18.335319211981506,9.03223764655021,1.888261028087558
2084-05-26,2084,May,26,147,SSP585,18.677121259981504,8.73926446255021,1.6364997271689818
2084-05-27,2084,May,27,148,SSP585,18.548945491981506,10.262114658550209,2.80718977644024
2084-05-28,2084,May,28,149,SSP585,18.921265579981505,11.01285844255021,3.071539142404677
2084-05-29,2084,May,29,150,SSP585,20.056536667981504,11.38517853055021,1.258857775791159
2084-05-30,2084,May,30,151,SSP585,20.474633815981505,11.900933406550209,2.4043716949705627
2084-05-31,2084,May,31,152,SSP585,20.059588471981506,11.61101202655021,1.1833293855156373
2085-05-01,2085,May,1,121,SSP585,10.751586271981505,4.527774942550209,2.80718977644024
2085-05-02,2085,May,2,122,SSP585,11.249030323981504,4.5888110225502095,1.7623803776282698
2085-05-03,2085,May,3,123,SSP585,12.567409651981505,5.919397566550209,2.6183688007513326
2085-05-04,2085,May,4,124,SSP585,12.567409651981505,4.72003859455021,1.90084909313346
2085-05-05,2085,May,5,125,SSP585,11.737318963981505,4.985545542550209,3.2100078579098676
2085-05-06,2085,May,6,126,SSP585,12.954988759981505,5.605061754550209,3.675766264609213
2085-05-07,2085,May,7,127,SSP585,13.382241319981505,6.026210706550209,3.23518398800173
2085-05-08,2085,May,8,128,SSP585,13.376137711981505,5.196120018550209,2.5931926706594783
2085-05-09,2085,May,9,129,SSP585,14.615170135981504,6.16354188655021,2.870130101669859
2085-05-10,2085,May,10,130,SSP585,16.305869551981505,6.87156041455021,4.833868248834478
2085-05-11,2085,May,11,131,SSP585,14.944764967981504,5.8064808185502095,3.461769158828444
2085-05-12,2085,May,12,132,SSP585,14.056690003981505,5.220534450550209,3.335888508369156
2085-05-13,2085,May,13,133,SSP585,14.474787151981504,6.75254005855021,3.260360118093584
2085-05-14,2085,May,14,134,SSP585,13.074009115981506,5.736289326550209,1.384738426250447
2085-05-15,2085,May,15,135,SSP585,14.270316283981504,5.76680736655021,0.9819203447807782
2085-05-16,2085,May,16,136,SSP585,14.895936103981505,6.706762998550209,1.4225026213882614
2085-05-17,2085,May,17,137,SSP585,16.809417211981504,7.643666826550209,3.2981243132313907
2085-05-18,2085,May,18,138,SSP585,16.229574451981506,8.293701078550209,5.249274395350099
2085-05-19,2085,May,19,139,SSP585,17.483865895981506,8.93152811455021,1.4980310116637832
2085-05-20,2085,May,20,140,SSP585,18.661862239981506,9.007823214550209,1.7372042475364071
2085-05-21,2085,May,21,141,SSP585,18.063708655981504,8.00988330655021,3.9401156305736507
2085-05-22,2085,May,22,142,SSP585,18.515375647981504,8.47375751455021,2.2281387843275664
2085-05-23,2085,May,23,143,SSP585,18.640499611981504,9.63649483855021,1.8630848979956953
2085-05-24,2085,May,24,144,SSP585,17.996568967981506,9.801292254550209,2.46731202020019
2085-05-25,2085,May,25,145,SSP585,17.404518991981504,9.87148374655021,1.7120281174445529
2085-05-26,2085,May,26,146,SSP585,17.279395027981504,9.255019338550209,1.8127326378119786
2085-05-27,2085,May,27,147,SSP585,17.831771551981504,10.11867987055021,2.1651984590979385
2085-05-28,2085,May,28,148,SSP585,17.377052755981506,10.23464842255021,2.1526103940519867
2085-05-29,2085,May,29,149,SSP585,17.102390395981505,9.15430980655021,1.271445840837111
2085-05-30,2085,May,30,150,SSP585,17.947740103981506,10.14309430255021,2.442135890108328
2085-05-31,2085,May,31,151,SSP585,18.036242419981505,10.58865768655021,2.643544930843187
2086-05-01,2086,May,1,121,SSP585,12.628445731981504,5.156446566550209,2.7442494512105715
2086-05-02,2086,May,2,122,SSP585,12.478907335981505,6.54196558255021,2.8827181667157697
2086-05-03,2086,May,3,123,SSP585,11.310066403981505,5.846154270550209,2.3414313697409024
2086-05-04,2086,May,4,124,SSP585,12.665067379981505,5.034374406550209,1.1581532554237748
2086-05-05,2086,May,5,125,SSP585,14.703672451981504,5.99264086255021,2.542840410475762
2086-05-06,2086,May,6,126,SSP585,16.321128571981504,7.82372326255021,2.8449539715780046
2086-05-07,2086,May,7,127,SSP585,16.809417211981504,6.74948825455021,2.6938971910268625
2086-05-08,2086,May,8,128,SSP585,14.981386615981505,6.844094178550209,1.435090686434164
2086-05-09,2086,May,9,129,SSP585,14.096363455981505,6.682348566550209,4.368109842135182
2086-05-10,2086,May,10,130,SSP585,13.763716819981505,6.0994540025502095,4.003055955803311
2086-05-11,2086,May,11,131,SSP585,14.416802875981505,6.697607586550209,2.4547239551542797
2086-05-12,2086,May,12,132,SSP585,14.950868575981504,6.087246786550209,2.240726849373518
2086-05-13,2086,May,13,133,SSP585,14.947816771981504,7.21336246255021,2.7820136463483855
2086-05-14,2086,May,14,134,SSP585,15.616161847981505,7.2499841105502085,1.4476787514800664
2086-05-15,2086,May,15,135,SSP585,15.811477303981505,7.631459610550209,2.505076215337947
2086-05-16,2086,May,16,136,SSP585,14.212332007981505,6.474825894550209,2.2281387843275664
2086-05-17,2086,May,17,137,SSP585,16.266196099981503,7.372056270550209,3.2225959229558194
2086-05-18,2086,May,18,138,SSP585,18.710691103981503,10.384186818550209,3.977879825711457
2086-05-19,2086,May,19,139,SSP585,19.015871503981504,9.03528945055021,2.1651984590979385
2086-05-20,2086,May,20,140,SSP585,18.020983399981503,9.86538013855021,3.0967152724965317
2086-05-21,2086,May,21,141,SSP585,16.788054583981506,8.33337453055021,3.675766264609213
2086-05-22,2086,May,22,142,SSP585,16.202108215981504,9.26417475055021,2.4295478250624254
2086-05-23,2086,May,23,143,SSP585,17.175633691981506,8.763678894550209,1.6113235970771191
2086-05-24,2086,May,24,144,SSP585,17.728010215981506,9.66701287855021,2.190374589189801
2086-05-25,2086,May,25,145,SSP585,17.499124915981504,9.90810539455021,3.763882719930687
2086-05-26,2086,May,26,146,SSP585,17.703595783981505,9.75246339055021,1.7497923125823591
2086-05-27,2086,May,27,147,SSP585,17.773787275981505,9.49000824655021,2.907894296807624
2086-05-28,2086,May,28,148,SSP585,17.993517163981505,9.917260806550209,4.342933712043319
2086-05-29,2086,May,29,149,SSP585,18.841918675981503,10.741247886550209,2.4043716949705627
2086-05-30,2086,May,30,150,SSP585,19.382087983981506,11.60796022255021,2.0393178086386508
2086-05-31,2086,May,31,151,SSP585,18.814452439981505,11.336349666550209,2.605780735705381
2087-05-01,2087,May,1,121,SSP585,12.668119183981505,5.2296898625502095,3.4240049636906376
2087-05-02,2087,May,2,122,SSP585,12.747466087981504,4.31109685855021,1.5483832718475
2087-05-03,2087,May,3,123,SSP585,12.427026667981504,4.579655610550209,1.913437158179412
2087-05-04,2087,May,4,124,SSP585,11.648816647981505,3.868585278550209,2.568016540567616
2087-05-05,2087,May,5,125,SSP585,10.660032151981504,3.1392041225502094,2.4547239551542797
2087-05-06,2087,May,6,126,SSP585,12.686430007981505,5.437212534550209,3.260360118093584
2087-05-07,2087,May,7,127,SSP585,12.384301411981506,4.927561266550209,2.630956865797235
2087-05-08,2087,May,8,128,SSP585,12.015033127981505,4.4209618025502095,2.3540194347868546
2087-05-09,2087,May,9,129,SSP585,12.735258871981504,5.254104294550209,2.794601711394288
2087-05-10,2087,May,10,130,SSP585,13.104527155981504,5.35786563055021,1.5987355320312169
2087-05-11,2087,May,11,131,SSP585,13.711836151981505,7.91832918655021,1.9512013533171773
2087-05-12,2087,May,12,132,SSP585,14.151295927981504,7.848137694550209,3.449181093782492
2087-05-13,2087,May,13,133,SSP585,15.961015699981505,7.23167328655021,2.580604605613518
2087-05-14,2087,May,14,134,SSP585,16.690396855981504,8.095333818550209,2.8449539715780046
2087-05-15,2087,May,15,135,SSP585,15.762648439981504,9.09937733455021,3.9527036956196024
2087-05-16,2087,May,16,136,SSP585,14.807433787981505,8.36084076655021,3.675766264609213
2087-05-17,2087,May,17,137,SSP585,15.750441223981504,9.03223764655021,4.07858434607889
2087-05-18,2087,May,18,138,SSP585,15.231634543981505,8.440187670550209,1.321798101020828
2087-05-19,2087,May,19,139,SSP585,14.880677083981505,7.00889159455021,2.9330704268994787
2087-05-20,2087,May,20,140,SSP585,16.214315431981504,7.503283842550209,1.9260252232253143
2087-05-21,2087,May,21,141,SSP585,16.989473647981505,7.884759342550209,1.4854429466178807
2087-05-22,2087,May,22,142,SSP585,16.574428303981506,7.652822238550209,2.0770820037764652
2087-05-23,2087,May,23,143,SSP585,17.584575427981505,10.53372521455021,2.8827181667157697
2087-05-24,2087,May,24,144,SSP585,17.346534715981505,10.24380383455021,2.4043716949705627
2087-05-25,2087,May,25,145,SSP585,17.959947319981506,10.295684502550209,1.5357952068015976
2087-05-26,2087,May,26,146,SSP585,18.548945491981506,10.854164634550209,3.1344794676343457
2087-05-27,2087,May,27,147,SSP585,19.238653195981506,11.318038842550209,3.7135304597469783
2087-05-28,2087,May,28,148,SSP585,20.456322991981505,11.87957077855021,3.0463630123128143
2087-05-29,2087,May,29,149,SSP585,19.382087983981506,12.17559576655021,2.6183688007513326
2087-05-30,2087,May,30,150,SSP585,19.452279475981506,11.672048106550209,2.2910791095572267
2087-05-31,2087,May,31,151,SSP585,19.516367359981505,11.00980663855021,1.271445840837111
2088-05-01,2088,May,1,122,SSP585,10.977419767981505,5.098462290550209,1.6490877922149336
2088-05-02,2088,May,2,123,SSP585,12.445337491981505,5.315140374550209,3.033774947266912
2088-05-03,2088,May,3,124,SSP585,12.594875887981505,6.05672874655021,1.9260252232253143
2088-05-04,2088,May,4,125,SSP585,13.223547511981504,6.209318946550209,2.7694255813024338
2088-05-05,2088,May,5,126,SSP585,12.970247779981504,4.802437302550209,1.2210935806534022
2088-05-06,2088,May,6,127,SSP585,14.142140515981504,6.569431818550209,1.2336816456993542
2088-05-07,2088,May,7,128,SSP585,14.258109067981504,6.447359658550209,1.6239116621230711
2088-05-08,2088,May,8,129,SSP585,15.292670623981504,5.9804336465502095,1.6994400523986424
2088-05-09,2088,May,9,130,SSP585,15.805373695981505,6.310028478550209,1.661675857260836
2088-05-10,2088,May,10,131,SSP585,16.067828839981505,6.728125626550209,2.9456584919454305
2088-05-11,2088,May,11,132,SSP585,16.940644783981504,7.170637206550209,1.7246161824905046
2088-05-12,2088,May,12,133,SSP585,16.559169283981504,7.405626114550209,2.6687210609350496
2088-05-13,2088,May,13,134,SSP585,15.750441223981504,5.63863159855021,1.560971336893452
2088-05-14,2088,May,14,135,SSP585,16.192952803981505,6.355805538550209,1.3092100359748757
2088-05-15,2088,May,15,136,SSP585,16.620205363981505,7.47276580255021,1.9260252232253143
2088-05-16,2088,May,16,137,SSP585,14.132985103981504,7.967158050550209,2.731661386164669
2088-05-17,2088,May,17,138,SSP585,14.081104435981505,7.66808125855021,4.14152467130851
2088-05-18,2088,May,18,139,SSP585,14.108570671981505,7.92443279455021,2.580604605613518
2088-05-19,2088,May,19,140,SSP585,15.176702071981504,8.05566036655021,2.80718977644024
2088-05-20,2088,May,20,141,SSP585,14.960023987981504,8.662969362550209,1.7120281174445529
2088-05-21,2088,May,21,142,SSP585,14.773863943981505,7.533801882550209,1.4854429466178807
2088-05-22,2088,May,22,143,SSP585,16.104450487981506,7.509387450550209,2.001553613500894
2088-05-23,2088,May,23,144,SSP585,16.809417211981504,8.791145130550209,4.544342752778179
2088-05-24,2088,May,24,145,SSP585,16.366905631981506,9.453386598550209,2.1651984590979385
2088-05-25,2088,May,25,146,SSP585,16.006792759981504,8.647710342550209,2.0519058736846025
2088-05-26,2088,May,26,147,SSP585,17.123753023981504,8.56531163455021,1.7623803776282698
2088-05-27,2088,May,27,148,SSP585,17.761580059981505,9.477801030550209,1.6364997271689818
2088-05-28,2088,May,28,149,SSP585,16.821624427981504,9.120739962550209,1.5106190767097352
2088-05-29,2088,May,29,150,SSP585,17.026095295981506,8.84302579855021,0.9567442146889157
2088-05-30,2088,May,30,151,SSP585,17.767683667981505,9.950830650550209,2.391783629924611
2088-05-31,2088,May,31,152,SSP585,17.782942687981503,9.73415256655021,1.7120281174445529
2089-05-01,2089,May,1,121,SSP585,12.646756555981504,5.333451198550209,2.6938971910268625
2089-05-02,2089,May,2,122,SSP585,13.138096999981505,5.431108926550209,2.3162552396490397
2089-05-03,2089,May,3,123,SSP585,13.635541051981505,5.263259706550209,0.9063919545051987
2089-05-04,2089,May,4,124,SSP585,12.890900875981504,5.99569266655021,2.8197778414861423
2089-05-05,2089,May,5,125,SSP585,13.360878691981505,5.687460462550209,2.278491044511275
2089-05-06,2089,May,6,126,SSP585,13.611126619981505,7.00583979055021,2.7820136463483855
2089-05-07,2089,May,7,127,SSP585,13.891892587981504,7.292709366550209,2.1022581338683195
2089-05-08,2089,May,8,128,SSP585,13.720991563981505,7.417833330550209,2.6813091259809516
2089-05-09,2089,May,9,129,SSP585,11.734267159981504,6.41684161855021,3.4995333539662083
2089-05-10,2089,May,10,130,SSP585,12.198141367981505,6.40158259855021,2.996010752129147
2089-05-11,2089,May,11,131,SSP585,14.496149779981504,7.22862148255021,2.870130101669859
2089-05-12,2089,May,12,132,SSP585,15.280463407981506,7.43919595855021,3.1848317278180542
2089-05-13,2089,May,13,133,SSP585,15.140080423981505,8.522586378550209,4.972336964339718
2089-05-14,2089,May,14,134,SSP585,14.587703899981504,8.45849849455021,2.7694255813024338
2089-05-15,2089,May,15,135,SSP585,14.020068355981504,7.423936938550209,1.4980310116637832
2089-05-16,2089,May,16,136,SSP585,13.550090539981504,6.023158902550209,3.37365270350697
2089-05-17,2089,May,17,137,SSP585,14.969179399981504,7.988520678550209,2.3162552396490397
2089-05-18,2089,May,18,138,SSP585,14.538875035981505,6.75864366655021,2.857542036623907
2089-05-19,2089,May,19,139,SSP585,16.144123939981505,9.05970388255021,3.486945288920306
2089-05-20,2089,May,20,140,SSP585,18.310904779981506,10.24380383455021,3.1093033375424834
2089-05-21,2089,May,21,141,SSP585,18.799193419981506,10.265166462550209,4.4688143625026076
2089-05-22,2089,May,22,142,SSP585,18.912110167981506,9.709738134550209,1.1581532554237748
2089-05-23,2089,May,23,143,SSP585,19.186772527981503,11.220381114550209,3.008598817175058
2089-05-24,2089,May,24,144,SSP585,19.812392347981504,10.90604530255021,2.3540194347868546
2089-05-25,2089,May,25,145,SSP585,19.580455243981504,10.41775666255021,2.996010752129147
2089-05-26,2089,May,26,146,SSP585,19.516367359981505,10.31704713055021,1.825320702857889
2089-05-27,2089,May,27,147,SSP585,18.863281303981505,10.71378165055021,2.3540194347868546
2089-05-28,2089,May,28,148,SSP585,19.699475599981504,10.164456930550209,1.6994400523986424
2089-05-29,2089,May,29,149,SSP585,19.726941835981506,11.302779822550209,2.3666074998327566
2089-05-30,2089,May,30,150,SSP585,20.141987179981506,10.985392206550209,2.7442494512105715
2089-05-31,2089,May,31,151,SSP585,20.450219383981505,11.71477336255021,3.9023514354358855
2090-05-01,2090,May,1,121,SSP585,13.080112723981506,5.162550174550209,2.0896700688223677
2090-05-02,2090,May,2,122,SSP585,13.421914771981506,5.93160478255021,2.6813091259809516
2090-05-03,2090,May,3,123,SSP585,12.329368939981505,6.197111730550209,3.23518398800173
2090-05-04,2090,May,4,124,SSP585,11.563366135981505,5.47993779055021,2.7064852560728148
2090-05-05,2090,May,5,125,SSP585,12.750517891981504,5.791221798550209,1.6994400523986424
2090-05-06,2090,May,6,126,SSP585,12.637601143981504,5.501300418550209,2.9456584919454305
2090-05-07,2090,May,7,127,SSP585,13.473795439981505,6.236785182550209,4.116348541216648
2090-05-08,2090,May,8,128,SSP585,12.863434639981504,6.480929502550209,1.661675857260836
2090-05-09,2090,May,9,129,SSP585,13.211340295981504,6.0964021985502095,1.7246161824905046
2090-05-10,2090,May,10,130,SSP585,14.343559579981505,7.866448518550209,3.0589510773587665
2090-05-11,2090,May,11,131,SSP585,14.172658555981505,7.46361039055021,1.0448606700104388
2090-05-12,2090,May,12,132,SSP585,14.245901851981504,7.262191326550209,1.3092100359748757
2090-05-13,2090,May,13,133,SSP585,14.798278375981505,7.82677506655021,1.825320702857889
2090-05-14,2090,May,14,134,SSP585,15.793166479981505,9.139050786550209,2.0519058736846025
2090-05-15,2090,May,15,135,SSP585,15.933549463981503,7.384263486550209,0.9441561496430132
2090-05-16,2090,May,16,136,SSP585,16.147175743981506,7.0821348905502095,0.6798067836785298
2090-05-17,2090,May,17,137,SSP585,16.675137835981506,7.301864778550209,0.604278393402957
2090-05-18,2090,May,18,138,SSP585,17.453347855981505,8.324219118550209,1.5735594019393542
2090-05-19,2090,May,19,139,SSP585,17.850082375981504,9.914209002550209,1.6113235970771191
2090-05-20,2090,May,20,140,SSP585,18.118641127981505,9.28553737855021,1.2840339058830217
2090-05-21,2090,May,21,141,SSP585,18.246816895981503,8.199095154550209,1.7875565077201243
2090-05-22,2090,May,22,142,SSP585,18.439080547981504,9.88369096255021,2.4924881502920444
2090-05-23,2090,May,23,143,SSP585,17.737165627981504,9.810447666550209,1.258857775791159
2090-05-24,2090,May,24,144,SSP585,16.284506923981503,9.87758735455021,3.6505901345173513
2090-05-25,2090,May,25,145,SSP585,17.123753023981504,9.64870205455021,3.549885614149925
2090-05-26,2090,May,26,146,SSP585,17.419778011981506,8.92542450655021,1.3721503612045445
2090-05-27,2090,May,27,147,SSP585,18.646603219981504,10.23159661855021,1.472854881571929
2090-05-28,2090,May,28,148,SSP585,17.886704023981505,9.486956442550209,2.580604605613518
2090-05-29,2090,May,29,149,SSP585,17.352638323981505,10.55813964655021,2.7064852560728148
2090-05-30,2090,May,30,150,SSP585,16.891815919981504,10.036281162550209,2.46731202020019
2090-05-31,2090,May,31,151,SSP585,16.058673427981503,8.81861136655021,2.0141416785467965
2091-05-01,2091,May,1,121,SSP585,10.977419767981505,4.051693518550209,1.9386132882712663
2091-05-02,2091,May,2,122,SSP585,12.082172815981504,4.509464118550209,2.2910791095572267
2091-05-03,2091,May,3,123,SSP585,12.704740831981505,5.07099605455021,1.0700368001022516
2091-05-04,2091,May,4,124,SSP585,14.294730715981505,6.129972042550209,2.0770820037764652
2091-05-05,2091,May,5,125,SSP585,14.685361627981505,7.09434210655021,2.442135890108328
2091-05-06,2091,May,6,126,SSP585,15.188909287981504,7.24388050255021,2.8449539715780046
2091-05-07,2091,May,7,127,SSP585,14.001757531981506,6.465670482550209,1.825320702857889
2091-05-08,2091,May,8,128,SSP585,13.870529959981505,6.203215338550209,1.9386132882712663
2091-05-09,2091,May,9,129,SSP585,14.801330179981505,6.306976674550209,1.7623803776282698
2091-05-10,2091,May,10,130,SSP585,15.399483763981504,6.98142535855021,1.1329771253319205
2091-05-11,2091,May,11,131,SSP585,14.618221939981504,7.640615022550209,2.11484619891423
2091-05-12,2091,May,12,132,SSP585,16.366905631981506,7.6619776505502095,2.5931926706594783
2091-05-13,2091,May,13,133,SSP585,15.161443051981506,7.6619776505502095,4.091172411124793
2091-05-14,2091,May,14,134,SSP585,13.101475351981504,6.960062730550209,2.2533149144194207
2091-05-15,2091,May,15,135,SSP585,14.920350535981505,8.57141524255021,1.3721503612045445
2091-05-16,2091,May,16,136,SSP585,14.676206215981505,7.958002638550209,1.5735594019393542
2091-05-17,2091,May,17,137,SSP585,15.362862115981505,7.143170970550209,4.2548172567218465
2091-05-18,2091,May,18,138,SSP585,15.701612359981503,7.78099800655021,3.675766264609213
2091-05-19,2091,May,19,139,SSP585,17.093234983981503,8.86438842655021,1.1455651903778228
2091-05-20,2091,May,20,140,SSP585,16.830779839981506,8.788093326550209,2.0519058736846025
2091-05-21,2091,May,21,141,SSP585,16.492029595981506,9.05054847055021,1.472854881571929
2091-05-22,2091,May,22,142,SSP585,17.627300683981506,9.61818401455021,0.9063919545051987
2091-05-23,2091,May,23,143,SSP585,18.625240591981505,8.68433199055021,0.4406335478059057
2091-05-24,2091,May,24,144,SSP585,19.531626379981503,11.28141719455021,3.524709484058063
2091-05-25,2091,May,25,145,SSP585,20.517359071981506,10.65274557055021,3.398828833598775
2091-05-26,2091,May,26,146,SSP585,19.522470967981505,9.76772241055021,1.9763774834090315
2091-05-27,2091,May,27,147,SSP585,17.837875159981504,10.36282419055021,2.1651984590979385
2091-05-28,2091,May,28,148,SSP585,16.900971331981506,9.27333016255021,1.1581532554237748
2091-05-29,2091,May,29,149,SSP585,16.363853827981504,7.054668654550209,0.99450840982673006
2091-05-30,2091,May,30,150,SSP585,17.920273867981503,9.07191109855021,1.397326491296399
2091-05-31,2091,May,31,151,SSP585,18.667965847981506,10.610020314550209,4.06599628103293
2092-05-01,2092,May,1,122,SSP585,11.554210723981505,4.43316901855021,1.321798101020828
2092-05-02,2092,May,2,123,SSP585,12.365990587981505,4.07915975455021,2.3162552396490397
2092-05-03,2092,May,3,124,SSP585,13.284583591981505,5.394487278550209,2.7568375162565233
2092-05-04,2092,May,4,125,SSP585,13.241858335981505,4.561344786550209,2.9456584919454305
2092-05-05,2092,May,5,126,SSP585,12.469751923981505,4.78412647855021,2.9834226870831952
2092-05-06,2092,May,6,127,SSP585,12.701689027981505,6.471774090550209,2.555428475521664
2092-05-07,2092,May,7,128,SSP585,13.763716819981505,6.248992398550209,2.4924881502920444
2092-05-08,2092,May,8,129,SSP585,14.004809335981506,5.901086742550209,2.794601711394288
2092-05-09,2092,May,9,130,SSP585,14.291678911981505,6.245940594550209,1.9260252232253143
2092-05-10,2092,May,10,131,SSP585,14.544978643981505,6.493136718550209,3.071539142404677
2092-05-11,2092,May,11,132,SSP585,15.814529107981503,6.75559186255021,2.870130101669859
2092-05-12,2092,May,12,133,SSP585,16.290610531981503,6.63657150655021,0.9567442146889157
2092-05-13,2092,May,13,134,SSP585,15.457468039981503,7.23472509055021,3.449181093782492
2092-05-14,2092,May,14,135,SSP585,15.988481935981504,7.857293106550209,2.907894296807624
2092-05-15,2092,May,15,136,SSP585,16.266196099981503,7.23777689455021,2.1777865241438494
2092-05-16,2092,May,16,137,SSP585,15.985430131981506,8.37915159055021,3.285536248185439
2092-05-17,2092,May,17,138,SSP585,16.229574451981506,8.16857711455021,3.449181093782492
2092-05-18,2092,May,18,139,SSP585,17.502176719981506,9.52662989455021,3.4240049636906376
2092-05-19,2092,May,19,140,SSP585,18.207143443981504,8.39441061055021,6.243731533978311
2092-05-20,2092,May,20,141,SSP585,17.969102731981504,7.961054442550209,2.001553613500894
2092-05-21,2092,May,21,142,SSP585,17.642559703981505,7.90917377455021,2.2155507192816555
2092-05-22,2092,May,22,143,SSP585,18.133900147981503,7.732169142550209,2.479900085246142
2092-05-23,2092,May,23,144,SSP585,18.277334935981504,9.114636354550209,1.7749684426742218
2092-05-24,2092,May,24,145,SSP585,19.565196223981506,10.21938940255021,2.4169597600164736
2092-05-25,2092,May,25,146,SSP585,20.209126867981503,11.13798240655021,4.368109842135182
2092-05-26,2092,May,26,147,SSP585,19.366828963981504,10.11257626255021,1.472854881571929
2092-05-27,2092,May,27,148,SSP585,20.007707803981504,10.738196082550209,1.5735594019393542
2092-05-28,2092,May,28,149,SSP585,20.953767043981504,10.500155370550209,1.888261028087558
2092-05-29,2092,May,29,150,SSP585,21.289465483981505,10.970133186550209,1.9763774834090315
2092-05-30,2092,May,30,151,SSP585,20.297629183981506,11.00065122655021,1.6113235970771191
2092-05-31,2092,May,31,152,SSP585,19.717786423981504,10.57645047055021,1.5106190767097352
2093-05-01,2093,May,1,121,SSP585,9.192114427981505,5.568440106550209,3.638002069471399
2093-05-02,2093,May,2,122,SSP585,9.686506675981505,5.76680736655021,2.719073321118717
2093-05-03,2093,May,3,123,SSP585,11.798355043981505,5.391435474550209,1.9637894183630795
2093-05-04,2093,May,4,124,SSP585,13.180822255981505,6.450411462550209,3.7261185247929305
2093-05-05,2093,May,5,125,SSP585,13.757613211981505,5.30598496255021,1.7497923125823591
2093-05-06,2093,May,6,126,SSP585,15.512400511981504,6.377168166550209,1.560971336893452
2093-05-07,2093,May,7,127,SSP585,14.694517039981505,7.298812974550209,2.0393178086386508
2093-05-08,2093,May,8,128,SSP585,14.505305191981504,7.506335646550209,2.0896700688223677
2093-05-09,2093,May,9,129,SSP585,15.784011067981506,8.675176578550209,2.0519058736846025
2093-05-10,2093,May,10,130,SSP585,15.784011067981506,7.652822238550209,1.5106190767097352
2093-05-11,2093,May,11,131,SSP585,16.134968527981506,8.04040134655021,4.431050167364843
2093-05-12,2093,May,12,132,SSP585,14.828796415981504,7.34153823055021,2.3288433046949915
2093-05-13,2093,May,13,133,SSP585,14.984438419981505,7.646718630550209,1.674263922306788
2093-05-14,2093,May,14,134,SSP585,16.546962067981504,8.28454566655021,1.3469742311126902
2093-05-15,2093,May,15,135,SSP585,17.358741931981506,9.61513221055021,3.1848317278180542
2093-05-16,2093,May,16,136,SSP585,16.727018503981505,8.415773238550209,0.5916903283570522
2093-05-17,2093,May,17,137,SSP585,17.868393199981504,8.96509795855021,2.907894296807624
2093-05-18,2093,May,18,138,SSP585,18.948731815981503,8.656865754550209,2.0644939387305135
2093-05-19,2093,May,19,139,SSP585,17.792098099981505,8.48901653455021,2.7442494512105715
2093-05-20,2093,May,20,140,SSP585,16.986421843981503,9.17872423855021,3.0463630123128143
2093-05-21,2093,May,21,141,SSP585,16.345543003981504,8.666021166550209,1.674263922306788
2093-05-22,2093,May,22,142,SSP585,15.445260823981506,8.666021166550209,1.4476787514800664
2093-05-23,2093,May,23,143,SSP585,15.658887103981506,8.412721434550209,1.9386132882712663
2093-05-24,2093,May,24,144,SSP585,17.425881619981503,9.08106651055021,2.0267297435927483
2093-05-25,2093,May,25,145,SSP585,16.458459751981504,7.91527738255021,1.5106190767097352
2093-05-26,2093,May,26,146,SSP585,17.740217431981506,9.108532746550209,1.8127326378119786
2093-05-27,2093,May,27,147,SSP585,19.394295199981503,10.741247886550209,3.23518398800173
2093-05-28,2093,May,28,148,SSP585,19.806288739981504,11.57744218255021,2.9834226870831952
2093-05-29,2093,May,29,149,SSP585,20.770658803981505,12.599796522550209,2.794601711394288
2093-05-30,2093,May,30,150,SSP585,20.682156487981505,12.77069754655021,1.8504968329497433
2093-05-31,2093,May,31,151,SSP585,20.557032523981505,11.22953652655021,0.99450840982673006
2094-05-01,2094,May,1,121,SSP585,14.761656727981505,6.78305809855021,2.4924881502920444
2094-05-02,2094,May,2,122,SSP585,14.261160871981504,5.104565898550209,2.240726849373518
2094-05-03,2094,May,3,123,SSP585,13.907151607981504,5.35481382655021,4.355521777089272
2094-05-04,2094,May,4,124,SSP585,14.734190491981504,5.946863802550209,1.258857775791159
2094-05-05,2094,May,5,125,SSP585,15.616161847981505,5.666097834550209,1.3469742311126902
2094-05-06,2094,May,6,126,SSP585,16.492029595981506,5.836998858550209,1.888261028087558
2094-05-07,2094,May,7,127,SSP585,15.854202559981506,5.898034938550209,2.643544930843187
2094-05-08,2094,May,8,128,SSP585,15.408639175981504,6.209318946550209,1.8379087679038408
2094-05-09,2094,May,9,129,SSP585,15.079044343981504,5.70882309055021,1.107800995240066
2094-05-10,2094,May,10,130,SSP585,15.762648439981504,6.54501738655021,2.719073321118717
2094-05-11,2094,May,11,131,SSP585,15.234686347981505,6.66403774255021,1.3595622961585927
2094-05-12,2094,May,12,132,SSP585,16.379112847981506,7.58263074655021,2.6561329958890973
2094-05-13,2094,May,13,133,SSP585,17.517435739981504,8.49206833855021,3.78905885002255
2094-05-14,2094,May,14,134,SSP585,18.109485715981506,8.51648277055021,2.5931926706594783
2094-05-15,2094,May,15,135,SSP585,17.184789103981505,8.69959101055021,1.0448606700104388
2094-05-16,2094,May,16,136,SSP585,16.208211823981504,8.760627090550209,3.1848317278180542
2094-05-17,2094,May,17,137,SSP585,16.260092491981506,8.772834306550209,1.9260252232253143
2094-05-18,2094,May,18,138,SSP585,15.866409775981506,8.10143742655021,2.3162552396490397
2094-05-19,2094,May,19,139,SSP585,15.545970355981506,8.092282014550209,2.7568375162565233
2094-05-20,2094,May,20,140,SSP585,15.826736323981503,9.920312610550209,2.80718977644024
2094-05-21,2094,May,21,141,SSP585,16.153279351981503,9.239760318550209,2.6561329958890973
2094-05-22,2094,May,22,142,SSP585,17.660870527981505,9.74025617455021,1.560971336893452
2094-05-23,2094,May,23,143,SSP585,18.164418187981504,10.44522289855021,2.0141416785467965
2094-05-24,2094,May,24,144,SSP585,18.185780815981506,9.66396107455021,1.0952129301941143
2094-05-25,2094,May,25,145,SSP585,17.374000951981504,9.804344058550209,2.46731202020019
2094-05-26,2094,May,26,146,SSP585,18.234609679981503,9.718893546550209,2.630956865797235
2094-05-27,2094,May,27,147,SSP585,18.704587495981503,9.715841742550209,2.5176642803838987
2094-05-28,2094,May,28,148,SSP585,18.295645759981504,10.23159661855021,1.1707413204696855
2094-05-29,2094,May,29,149,SSP585,18.716794711981503,9.67616829055021,1.5987355320312169
2094-05-30,2094,May,30,150,SSP585,19.440072259981505,9.49611185455021,1.1455651903778228
2094-05-31,2094,May,31,151,SSP585,19.958878939981506,9.361832478550209,2.9708346220372928
2095-05-01,2095,May,1,121,SSP585,10.244986807981505,3.340623186550209,1.560971336893452
2095-05-02,2095,May,2,122,SSP585,10.498286539981505,3.755668530550209,2.0644939387305135
2095-05-03,2095,May,3,123,SSP585,11.172735223981505,4.3629775265502095,3.335888508369156
2095-05-04,2095,May,4,124,SSP585,11.700697315981504,4.31414866255021,3.084127207450629
2095-05-05,2095,May,5,125,SSP585,13.730146975981505,5.043529818550209,1.888261028087558
2095-05-06,2095,May,6,126,SSP585,14.557185859981505,6.11166121855021,2.1274342639601818
2095-05-07,2095,May,7,127,SSP585,14.935609555981504,5.58980273455021,3.4240049636906376
2095-05-08,2095,May,8,128,SSP585,15.472727059981505,5.214430842550209,0.9189800195511506
2095-05-09,2095,May,9,129,SSP585,16.101398683981504,6.8501977865502095,2.580604605613518
2095-05-10,2095,May,10,130,SSP585,15.872513383981506,6.87156041455021,2.9330704268994787
2095-05-11,2095,May,11,131,SSP585,16.919282155981506,7.3659526625502085,1.1833293855156373
2095-05-12,2095,May,12,132,SSP585,17.108494003981505,8.28454566655021,2.3666074998327566
2095-05-13,2095,May,13,133,SSP585,17.297705851981505,9.31910722255021,1.7120281174445529
2095-05-14,2095,May,14,134,SSP585,16.516444027981503,7.842034086550209,3.449181093782492
2095-05-15,2095,May,15,135,SSP585,17.218358947981503,8.45849849455021,1.8504968329497433
2095-05-16,2095,May,16,136,SSP585,15.576488395981503,8.68128018655021,2.4924881502920444
2095-05-17,2095,May,17,137,SSP585,14.682309823981505,7.35679725055021,1.2336816456993542
2095-05-18,2095,May,18,138,SSP585,15.430001803981504,7.759635378550209,1.5735594019393542
2095-05-19,2095,May,19,139,SSP585,14.258109067981504,7.32627921055021,2.9330704268994787
2095-05-20,2095,May,20,140,SSP585,14.468683543981506,8.62634771455021,2.643544930843187
2095-05-21,2095,May,21,141,SSP585,15.970171111981504,8.95899435055021,2.0267297435927483
2095-05-22,2095,May,22,142,SSP585,17.187840907981506,9.718893546550209,1.8379087679038408
2095-05-23,2095,May,23,143,SSP585,17.328223891981505,10.274321874550209,2.731661386164669
2095-05-24,2095,May,24,144,SSP585,17.618145271981504,10.47879274255021,1.8001445727660266
2095-05-25,2095,May,25,145,SSP585,17.132908435981506,10.46963733055021,1.6239116621230711
2095-05-26,2095,May,26,146,SSP585,17.969102731981504,10.14309430255021,1.1833293855156373
2095-05-27,2095,May,27,147,SSP585,18.826659655981505,10.606968510550209,2.6938971910268625
2095-05-28,2095,May,28,148,SSP585,19.034182327981505,11.26005456655021,1.5232071417556459
2095-05-29,2095,May,29,149,SSP585,19.235601391981504,10.732092474550209,1.384738426250447
2095-05-30,2095,May,30,150,SSP585,19.366828963981504,10.99759942255021,3.147067532680248
2095-05-31,2095,May,31,151,SSP585,18.649655023981506,10.841957418550209,2.505076215337947
2096-05-01,2096,May,1,122,SSP585,12.124898071981505,4.61322545455021,1.875672963041606
2096-05-02,2096,May,2,123,SSP585,12.665067379981505,5.745444738550209,2.2281387843275664
2096-05-03,2096,May,3,124,SSP585,13.049594683981505,5.901086742550209,2.4169597600164736
2096-05-04,2096,May,4,125,SSP585,13.009921231981505,5.92855297855021,3.4995333539662083
2096-05-05,2096,May,5,126,SSP585,12.271384663981504,5.547077478550209,3.763882719930687
2096-05-06,2096,May,6,127,SSP585,11.502330055981504,5.34871021855021,3.7135304597469783
2096-05-07,2096,May,7,128,SSP585,13.022128447981505,5.59285453855021,1.7875565077201243
2096-05-08,2096,May,8,129,SSP585,14.578548487981505,6.9631145345502095,2.605780735705381
2096-05-09,2096,May,9,130,SSP585,14.349663187981506,7.616200590550209,2.0267297435927483
2096-05-10,2096,May,10,131,SSP585,14.346611383981505,8.47070571055021,4.091172411124793
2096-05-11,2096,May,11,132,SSP585,13.858322743981505,8.50732735855021,1.2966219709289735
2096-05-12,2096,May,12,133,SSP585,15.594799219981503,8.22961319455021,2.8323659065321025
2096-05-13,2096,May,13,134,SSP585,16.745329327981505,9.41066134255021,1.7875565077201243
2096-05-14,2096,May,14,135,SSP585,15.320136859981504,7.649770434550209,2.5931926706594783
2096-05-15,2096,May,15,136,SSP585,14.194021183981505,7.375108074550209,2.1526103940519867
2096-05-16,2096,May,16,137,SSP585,13.373085907981505,6.40463440255021,2.2281387843275664
2096-05-17,2096,May,17,138,SSP585,12.726103459981505,7.5978897665502085,0.793099369091866
2096-05-18,2096,May,18,139,SSP585,12.793243147981505,7.8939147545502095,2.0267297435927483
2096-05-19,2096,May,19,140,SSP585,14.505305191981504,8.785041522550209,3.398828833598775
2096-05-20,2096,May,20,141,SSP585,16.412682691981505,9.62733942655021,2.6561329958890973
2096-05-21,2096,May,21,142,SSP585,16.327232179981504,8.26013123455021,4.003055955803311
2096-05-22,2096,May,22,143,SSP585,16.617153559981503,9.248915730550209,2.9456584919454305
2096-05-23,2096,May,23,144,SSP585,16.046466211981503,8.71790183455021,1.397326491296399
2096-05-24,2096,May,24,145,SSP585,16.681241443981506,9.73720437055021,3.5750617442417796
2096-05-25,2096,May,25,146,SSP585,17.453347855981505,9.718893546550209,1.6364997271689818
2096-05-26,2096,May,26,147,SSP585,18.359733643981503,10.93045973455021,2.958246556991341
2096-05-27,2096,May,27,148,SSP585,18.368889055981505,10.55203603855021,3.6505901345173513
2096-05-28,2096,May,28,149,SSP585,18.283438543981504,10.20107857855021,1.9260252232253143
2096-05-29,2096,May,29,150,SSP585,18.793089811981506,10.411653054550209,1.4602668165260264
2096-05-30,2096,May,30,151,SSP585,18.384148075981503,10.506258978550209,1.2085055156074918
2096-05-31,2096,May,31,152,SSP585,18.036242419981505,10.32009893455021,2.442135890108328
2097-05-01,2097,May,1,121,SSP585,12.344627959981505,4.54608576655021,1.0826248651482036
2097-05-02,2097,May,2,122,SSP585,14.172658555981505,6.05978055055021,2.895306231761722
2097-05-03,2097,May,3,123,SSP585,15.350654899981505,7.756583574550209,4.871632443972285
2097-05-04,2097,May,4,124,SSP585,14.355766795981504,6.6701413505502085,3.285536248185439
2097-05-05,2097,May,5,125,SSP585,13.766768623981505,5.9804336465502095,3.260360118093584
2097-05-06,2097,May,6,126,SSP585,13.641644659981505,6.43210063855021,1.6868519873526904
2097-05-07,2097,May,7,127,SSP585,14.535823231981505,6.673193154550209,1.7120281174445529
2097-05-08,2097,May,8,128,SSP585,13.968187687981505,6.3283393025502095,0.9819203447807782
2097-05-09,2097,May,9,129,SSP585,15.994585543981504,7.80846424255021,2.5302523454298096
2097-05-10,2097,May,10,130,SSP585,15.594799219981503,7.56431992255021,3.486945288920306
2097-05-11,2097,May,11,131,SSP585,15.942704875981505,8.94678713455021,3.8645872402981203
2097-05-12,2097,May,12,132,SSP585,16.141072135981506,9.41371314655021,2.2533149144194207
2097-05-13,2097,May,13,133,SSP585,16.617153559981503,9.79213684255021,2.240726849373518
2097-05-14,2097,May,14,134,SSP585,16.855194271981503,8.83387038655021,3.1596555977262
2097-05-15,2097,May,15,135,SSP585,16.632412579981505,8.879647446550209,2.0896700688223677
2097-05-16,2097,May,16,136,SSP585,15.619213651981504,8.757575286550209,1.9763774834090315
2097-05-17,2097,May,17,137,SSP585,16.965059215981505,8.873543838550209,2.7442494512105715
2097-05-18,2097,May,18,138,SSP585,15.967119307981505,8.83387038655021,3.6505901345173513
2097-05-19,2097,May,19,139,SSP585,17.758528255981506,9.83791390255021,3.9023514354358855
2097-05-20,2097,May,20,140,SSP585,19.095218407981505,9.79213684255021,1.5987355320312169
2097-05-21,2097,May,21,141,SSP585,19.803236935981506,9.20313867055021,0.9441561496430132
2097-05-22,2097,May,22,142,SSP585,20.624172211981506,8.96509795855021,1.5987355320312169
2097-05-23,2097,May,23,143,SSP585,20.471582011981504,9.352677066550209,1.397326491296399
2097-05-24,2097,May,24,144,SSP585,21.139927087981505,9.703634526550209,1.1455651903778228
2097-05-25,2097,May,25,145,SSP585,19.830703171981504,11.00065122655021,3.23518398800173
2097-05-26,2097,May,26,146,SSP585,20.404442323981506,10.87857906655021,4.758339858558949
2097-05-27,2097,May,27,147,SSP585,21.118564459981506,10.92740793055021,2.4043716949705627
2097-05-28,2097,May,28,148,SSP585,20.953767043981504,9.97524508255021,0.8434516292755794
2097-05-29,2097,May,29,149,SSP585,20.889679159981505,9.54188891455021,0.604278393402957
2097-05-30,2097,May,30,150,SSP585,20.956818847981506,11.49809527855021,1.913437158179412
2097-05-31,2097,May,31,151,SSP585,20.926300807981505,11.96196948655021,1.4602668165260264
2098-05-01,2098,May,1,121,SSP585,11.950945243981504,3.9601393985502096,2.3288433046949915
2098-05-02,2098,May,2,122,SSP585,13.272376375981505,4.2439571705502095,2.0644939387305135
2098-05-03,2098,May,3,123,SSP585,13.739302387981505,3.865533474550209,2.11484619891423
2098-05-04,2098,May,4,124,SSP585,14.233694635981506,5.080151466550209,3.1344794676343457
2098-05-05,2098,May,5,125,SSP585,13.525676107981505,5.614217166550209,1.258857775791159
2098-05-06,2098,May,6,126,SSP585,12.698637223981505,5.34871021855021,2.505076215337947
2098-05-07,2098,May,7,127,SSP585,12.878693659981504,5.165601978550209,1.4980310116637832
2098-05-08,2098,May,8,128,SSP585,14.425958287981505,5.968226430550209,1.7623803776282698
2098-05-09,2098,May,9,129,SSP585,14.902039711981505,7.11875653855021,5.702444737003444
2098-05-10,2098,May,10,130,SSP585,15.683301535981506,6.496188522550209,3.1344794676343457
2098-05-11,2098,May,11,131,SSP585,16.650723403981505,7.4300405465502095,2.5302523454298096
2098-05-12,2098,May,12,132,SSP585,16.049518015981505,6.88376763055021,1.2840339058830217
2098-05-13,2098,May,13,133,SSP585,15.893876011981504,7.21031065855021,2.605780735705381
2098-05-14,2098,May,14,134,SSP585,17.181737299981506,8.556156222550209,2.8197778414861423
2098-05-15,2098,May,15,135,SSP585,16.748381131981503,8.15026629055021,2.8827181667157697
2098-05-16,2098,May,16,136,SSP585,17.184789103981505,8.14721448655021,2.7820136463483855
2098-05-17,2098,May,17,137,SSP585,17.267187811981504,7.90307016655021,2.6813091259809516
2098-05-18,2098,May,18,138,SSP585,16.260092491981506,8.04955675855021,1.5861474669853144
2098-05-19,2098,May,19,139,SSP585,16.095295075981504,9.17262063055021,2.1651984590979385
2098-05-20,2098,May,20,140,SSP585,18.054553243981506,10.619175726550209,1.988965548454942
2098-05-21,2098,May,21,141,SSP585,18.405510703981506,9.21229408255021,1.321798101020828
2098-05-22,2098,May,22,142,SSP585,18.695432083981505,10.66800459055021,2.11484619891423
2098-05-23,2098,May,23,143,SSP585,19.140995467981504,10.07595461455021,2.9708346220372928
2098-05-24,2098,May,24,144,SSP585,18.484857607981503,9.459490206550209,2.240726849373518
2098-05-25,2098,May,25,145,SSP585,17.868393199981504,9.44423118655021,1.4476787514800664
2098-05-26,2098,May,26,146,SSP585,17.496073111981506,9.30384820255021,2.907894296807624
2098-05-27,2098,May,27,147,SSP585,18.417717919981506,10.24990744255021,1.5735594019393542
2098-05-28,2098,May,28,148,SSP585,19.339362727981506,11.195966682550209,2.542840410475762
2098-05-29,2098,May,29,149,SSP585,18.680173063981506,12.05352360655021,2.0141416785467965
2098-05-30,2098,May,30,150,SSP585,17.975206339981504,11.092205346550209,1.6364997271689818
2098-05-31,2098,May,31,151,SSP585,19.134891859981504,11.327194254550209,3.2981243132313907
2099-05-01,2099,May,1,121,SSP585,10.144277275981505,5.440264338550209,1.6490877922149336
2099-05-02,2099,May,2,122,SSP585,12.188985955981504,6.65488233055021,1.2336816456993542
2099-05-03,2099,May,3,123,SSP585,12.448389295981505,6.3863235785502095,1.5106190767097352
2099-05-04,2099,May,4,124,SSP585,12.933626131981505,6.795265314550209,3.37365270350697
2099-05-05,2099,May,5,125,SSP585,13.043491075981505,6.40158259855021,1.9763774834090315
2099-05-06,2099,May,6,126,SSP585,12.738310675981504,5.434160730550209,3.524709484058063
2099-05-07,2099,May,7,127,SSP585,11.520640879981505,6.380219970550209,2.3791955648787084
2099-05-08,2099,May,8,128,SSP585,12.662015575981505,5.81868803455021,2.4924881502920444
2099-05-09,2099,May,9,129,SSP585,15.140080423981505,7.32322740655021,1.8630848979956953
2099-05-10,2099,May,10,130,SSP585,15.753493027981506,7.619252394550209,2.8449539715780046
2099-05-11,2099,May,11,131,SSP585,16.684293247981504,8.24792401855021,2.907894296807624
2099-05-12,2099,May,12,132,SSP585,17.111545807981503,8.064815778550209,2.6813091259809516
2099-05-13,2099,May,13,133,SSP585,17.059665139981504,8.098385622550209,1.435090686434164
2099-05-14,2099,May,14,134,SSP585,16.040362603981503,8.24487221455021,2.580604605613518
2099-05-15,2099,May,15,135,SSP585,14.609066527981504,6.572483622550209,1.4225026213882614
2099-05-16,2099,May,16,136,SSP585,14.441217307981505,7.33543462255021,2.4295478250624254
2099-05-17,2099,May,17,137,SSP585,15.231634543981505,7.866448518550209,1.560971336893452
2099-05-18,2099,May,18,138,SSP585,15.436105411981504,9.17567243455021,2.2155507192816555
2099-05-19,2099,May,19,139,SSP585,15.658887103981506,8.00072789455021,1.3595622961585927
2099-05-20,2099,May,20,140,SSP585,17.096286787981505,9.242812122550209,2.479900085246142
2099-05-21,2099,May,21,141,SSP585,17.962999123981504,10.18887136255021,3.0463630123128143
2099-05-22,2099,May,22,142,SSP585,18.158314579981504,10.045436574550209,1.8379087679038408
2099-05-23,2099,May,23,143,SSP585,18.329215603981506,9.06580749055021,1.2462697107452567
2099-05-24,2099,May,24,144,SSP585,18.518427451981506,10.06985100655021,2.2533149144194207
2099-05-25,2099,May,25,145,SSP585,18.649655023981506,10.988444010550209,1.2336816456993542
2099-05-26,2099,May,26,146,SSP585,18.033190615981503,11.02811746255021,1.3595622961585927
2099-05-27,2099,May,27,147,SSP585,19.803236935981506,10.622227530550209,1.2336816456993542
2099-05-28,2099,May,28,148,SSP585,20.184712435981506,10.59781309855021,2.6813091259809516
2099-05-29,2099,May,29,149,SSP585,21.048372967981503,11.04948009055021,2.0644939387305135
2099-05-30,2099,May,30,150,SSP585,22.168385035981505,12.035212782550209,4.368109842135182
2099-05-31,2099,May,31,151,SSP585,21.783857731981506,11.64153006655021,2.630956865797235
2100-05-01,2100,May,1,121,SSP585,12.387353215981504,4.277527014550209,2.0141416785467965
2100-05-02,2100,May,2,122,SSP585,13.962084079981505,6.2154225545502095,2.4924881502920444
2100-05-03,2100,May,3,123,SSP585,12.991610407981504,6.23068157455021,2.11484619891423
2100-05-04,2100,May,4,124,SSP585,12.216452191981505,6.11166121855021,1.6113235970771191
2100-05-05,2100,May,5,125,SSP585,13.443277399981504,7.21946607055021,1.90084909313346
2100-05-06,2100,May,6,126,SSP585,14.084156239981505,6.575535426550209,1.7372042475364071
2100-05-07,2100,May,7,127,SSP585,14.789122963981505,7.735220946550209,3.5624736791958274
2100-05-08,2100,May,8,128,SSP585,14.541926839981505,8.33642633455021,1.6364997271689818
2100-05-09,2100,May,9,129,SSP585,15.094303363981505,7.54906090255021,0.5413380681733362
2100-05-10,2100,May,10,130,SSP585,14.273368087981504,7.420885134550209,2.442135890108328
2100-05-11,2100,May,11,131,SSP585,14.789122963981505,8.91932089855021,3.4114168986447266
2100-05-12,2100,May,12,132,SSP585,15.469675255981503,7.857293106550209,3.3233004433232534
2100-05-13,2100,May,13,133,SSP585,15.805373695981505,6.456515070550209,1.7497923125823591
2100-05-14,2100,May,14,134,SSP585,16.806365407981506,7.408677918550209,2.0770820037764652
2100-05-15,2100,May,15,135,SSP585,18.619136983981505,8.772834306550209,2.6813091259809516
2100-05-16,2100,May,16,136,SSP585,16.971162823981505,8.180784330550209,3.8142349801144038
2100-05-17,2100,May,17,137,SSP585,16.519495831981505,9.28553737855021,0.7679232390000084
2100-05-18,2100,May,18,138,SSP585,16.220419039981504,8.986460586550209,2.7568375162565233
2100-05-19,2100,May,19,139,SSP585,17.285498635981504,10.00271131855021,2.1777865241438494
2100-05-20,2100,May,20,140,SSP585,16.846038859981505,9.72499715455021,2.4043716949705627
2100-05-21,2100,May,21,141,SSP585,16.165486567981503,10.46353372255021,2.568016540567616
2100-05-22,2100,May,22,142,SSP585,17.074924159981506,9.41981675455021,2.2155507192816555
2100-05-23,2100,May,23,143,SSP585,18.197988031981506,9.50221546255021,1.7497923125823591
2100-05-24,2100,May,24,144,SSP585,18.991457071981504,8.653813950550209,3.1848317278180542
2100-05-25,2100,May,25,145,SSP585,19.705579207981504,9.18177604255021,1.0700368001022516
2100-05-26,2100,May,26,146,SSP585,19.711682815981504,9.242812122550209,0.6798067836785298
2100-05-27,2100,May,27,147,SSP585,19.644543127981503,10.643590158550209,2.9834226870831952
2100-05-28,2100,May,28,148,SSP585,19.604869675981504,10.07900641855021,3.7764707849765973
2100-05-29,2100,May,29,149,SSP585,19.140995467981504,10.051540182550209,1.1581532554237748
2100-05-30,2100,May,30,150,SSP585,19.385139787981505,10.70462623855021,3.1344794676343457
2100-05-31,2100,May,31,151,SSP585,20.315940007981506,10.71683345455021,1.7623803776282698
